6.300024540000000343e+03 1.003325715232096238e+00
6.300057300000000396e+03 9.835132661582116631e-01
6.300090070000000196e+03 9.909865798018739902e-01
6.300122830000000249e+03 1.007938170952912715e+00
6.300155590000000302e+03 1.000358541436350501e+00
6.300188360000000102e+03 9.886026063068285019e-01
6.300221120000000155e+03 1.001901396899376628e+00
6.300253889999999956e+03 9.980506954402841302e-01
6.300286650000000009e+03 9.881743866718497582e-01
6.300319419999999809e+03 9.828520413044410375e-01
6.300352179999999862e+03 9.933711119693015013e-01
6.300384949999999662e+03 9.865784611194906573e-01
6.300417709999999715e+03 9.785926313783970265e-01
6.300450480000000425e+03 9.750455601047440801e-01
6.300483239999999569e+03 9.897597967556559517e-01
6.300516010000000279e+03 1.002860945523967651e+00
6.300548770000000331e+03 1.004729241512837490e+00
6.300581540000000132e+03 9.980777746452786925e-01
6.300614309999999932e+03 1.000678793660221277e+00
6.300647069999999985e+03 9.858829511723432582e-01
6.300679839999999786e+03 9.826623610235973860e-01
6.300712609999999586e+03 9.882173308929740330e-01
6.300745369999999639e+03 1.002702059581996430e+00
6.300778140000000349e+03 9.887954015260338458e-01
6.300810910000000149e+03 9.924993423082567601e-01
6.300843679999999949e+03 9.978176828974927304e-01
6.300876440000000002e+03 1.034655054753708781e+00
6.300909209999999803e+03 1.032219975733785100e+00
6.300941979999999603e+03 1.022384883424562796e+00
6.300974750000000313e+03 9.988023223587297883e-01
6.301007520000000113e+03 1.006617398019515219e+00
6.301040280000000166e+03 1.003890964916596573e+00
6.301073049999999967e+03 9.937217242276287221e-01
6.301105819999999767e+03 9.962780526632256661e-01
6.301138589999999567e+03 1.000353992956931393e+00
6.301171360000000277e+03 9.802982679070662009e-01
6.301204130000000077e+03 9.939937683176387484e-01
6.301236899999999878e+03 1.006484210132716495e+00
6.301269669999999678e+03 1.003811976869185774e+00
6.301302440000000388e+03 1.006114737131517112e+00
6.301335210000000188e+03 1.000337981827714273e+00
6.301367979999999989e+03 1.000752681857010939e+00
6.301400749999999789e+03 1.001103448657973738e+00
6.301433519999999589e+03 9.976692300827435522e-01
6.301466290000000299e+03 9.806674996279913792e-01
6.301499060000000100e+03 9.950745934067700693e-01
6.301531829999999900e+03 1.003849978395486175e+00
6.301564599999999700e+03 1.003796498081434896e+00
6.301597370000000410e+03 9.900254587136603224e-01
6.301630149999999958e+03 1.002640346217023692e+00
6.301662919999999758e+03 9.881842397752961249e-01
6.301695689999999558e+03 9.942251276497030554e-01
6.301728460000000268e+03 9.919106501951575616e-01
6.301761230000000069e+03 9.973047353095959577e-01
6.301794009999999616e+03 9.994864542395275331e-01
6.301826780000000326e+03 1.002566571062057044e+00
6.301859550000000127e+03 1.002184124027856393e+00
6.301892329999999674e+03 1.004656179484325396e+00
6.301925100000000384e+03 9.949230403435064263e-01
6.301957870000000185e+03 9.865104839659127878e-01
6.301990639999999985e+03 1.002097216438591953e+00
6.302023420000000442e+03 9.954072926528025889e-01
6.302056190000000242e+03 9.931127846962067851e-01
6.302088969999999790e+03 1.005852919783878363e+00
6.302121739999999591e+03 9.908343222497970615e-01
6.302154510000000300e+03 1.000565924177596600e+00
6.302187289999999848e+03 9.950863824490828735e-01
6.302220059999999648e+03 9.918454151762686744e-01
6.302252840000000106e+03 1.003058292806957352e+00
6.302285609999999906e+03 9.857367908995179340e-01
6.302318390000000363e+03 9.918871946180283228e-01
6.302351160000000164e+03 1.011235198218938924e+00
6.302383939999999711e+03 9.998572442863651322e-01
6.302416720000000169e+03 9.970674086038268102e-01
6.302449489999999969e+03 1.001535730510833000e+00
6.302482270000000426e+03 9.868841985311197496e-01
6.302515040000000226e+03 9.674424003575627928e-01
6.302547819999999774e+03 9.116329568652009607e-01
6.302580600000000231e+03 7.871085054396130820e-01
6.302613370000000032e+03 7.650173944267308901e-01
6.302646149999999579e+03 8.741217858094615378e-01
6.302678930000000037e+03 9.549801037343124133e-01
6.302711699999999837e+03 9.749755391990161391e-01
6.302744480000000294e+03 1.000771167673528028e+00
6.302777259999999842e+03 9.991354821996999425e-01
6.302810040000000299e+03 1.002492258455422558e+00
6.302842810000000100e+03 9.883124829557464741e-01
6.302875589999999647e+03 9.956977628122100077e-01
6.302908370000000104e+03 9.970928648575158038e-01
6.302941149999999652e+03 1.013010783829560779e+00
6.302973930000000109e+03 1.002023560497995236e+00
6.303006709999999657e+03 1.000880916574652835e+00
6.303039490000000114e+03 9.986607052177965960e-01
6.303072259999999915e+03 1.017244897157640438e+00
6.303105040000000372e+03 1.001627023471155953e+00
6.303137819999999920e+03 9.792876312517411197e-01
6.303170600000000377e+03 9.947748170718230254e-01
6.303203379999999925e+03 1.003667541137734487e+00
6.303236160000000382e+03 1.005500100242359807e+00
6.303268939999999930e+03 9.840479343197244821e-01
6.303301720000000387e+03 9.410821293164021162e-01
6.303334499999999935e+03 8.206160613289941175e-01
6.303367280000000392e+03 7.361908032632464849e-01
6.303400059999999939e+03 8.261174591823750024e-01
6.303432850000000144e+03 9.465701494772708058e-01
6.303465629999999692e+03 1.001395174010750955e+00
6.303498410000000149e+03 9.941197947132326407e-01
6.303531189999999697e+03 9.846906645688161541e-01
6.303563970000000154e+03 1.003282260112962510e+00
6.303596749999999702e+03 9.962727749733286675e-01
6.303629530000000159e+03 1.004848210982733026e+00
6.303662320000000364e+03 9.984820918664498723e-01
6.303695099999999911e+03 9.992691915016719273e-01
6.303727880000000368e+03 1.016346392157135847e+00
6.303760659999999916e+03 1.004057764132988195e+00
6.303793450000000121e+03 1.010373401131087645e+00
6.303826229999999669e+03 1.018753834067586572e+00
6.303859010000000126e+03 1.007310063814898626e+00
6.303891800000000330e+03 1.005758447217581564e+00
6.303924579999999878e+03 9.957541164472079043e-01
6.303957360000000335e+03 1.019407977023458312e+00
6.303990149999999630e+03 1.008295085896628418e+00
6.304022930000000088e+03 1.006711513222241061e+00
6.304055720000000292e+03 1.011201703597559565e+00
6.304088499999999840e+03 1.020118174534328626e+00
6.304121280000000297e+03 1.012292396267159500e+00
6.304154069999999592e+03 1.003591504550735980e+00
6.304186850000000049e+03 1.004329853706361186e+00
6.304219640000000254e+03 1.011590649086272053e+00
6.304252419999999802e+03 1.024706583660659698e+00
6.304285210000000006e+03 1.021789547255917530e+00
6.304318000000000211e+03 1.013772474852133954e+00
6.304350779999999759e+03 1.017618596104494122e+00
6.304383569999999963e+03 1.005698958817926592e+00
6.304416350000000421e+03 9.887847880977720383e-01
6.304449139999999716e+03 1.012547730342756580e+00
6.304481929999999920e+03 1.016015943208321781e+00
6.304514710000000377e+03 1.004523531621033250e+00
6.304547499999999673e+03 1.019571062367547576e+00
6.304580289999999877e+03 1.009548720586964654e+00
6.304613070000000334e+03 1.001486239693425873e+00
6.304645859999999630e+03 1.006584180670636153e+00
6.304678649999999834e+03 1.010381095947835650e+00
6.304711440000000039e+03 1.012170587213298445e+00
6.304744219999999586e+03 1.006132241734931210e+00
6.304777009999999791e+03 1.023046843214503454e+00
6.304809799999999996e+03 1.000631577977190378e+00
6.304842590000000200e+03 1.008562309088779863e+00
6.304875380000000405e+03 1.005775954294711116e+00
6.304908159999999953e+03 1.019421325045821058e+00
6.304940950000000157e+03 1.003575085070858242e+00
6.304973740000000362e+03 9.835881527287192450e-01
6.305006529999999657e+03 1.005500033431525386e+00
6.305039319999999861e+03 1.008677611363284043e+00
6.305072110000000066e+03 1.011092528958144054e+00
6.305104900000000271e+03 1.004117388701241564e+00
6.305137689999999566e+03 1.001018920925799138e+00
6.305170479999999770e+03 1.006306813216106599e+00
6.305203269999999975e+03 1.003609714814057252e+00
6.305236060000000180e+03 9.987221022502292822e-01
6.305268850000000384e+03 1.000783804964525903e+00
6.305301639999999679e+03 1.016004704496253686e+00
6.305334429999999884e+03 9.959523342139314783e-01
6.305367220000000088e+03 1.008998039979252637e+00
6.305400010000000293e+03 1.003549425883877300e+00
6.305432810000000245e+03 9.977722174631470375e-01
6.305465600000000450e+03 9.977273508140209746e-01
6.305498389999999745e+03 1.002711897584890544e+00
6.305531179999999949e+03 9.954191127232133729e-01
6.305563970000000154e+03 9.986053192311398208e-01
6.305596770000000106e+03 1.005553456066808016e+00
6.305629560000000311e+03 9.908023890517385635e-01
6.305662349999999606e+03 1.009501407851163490e+00
6.305695139999999810e+03 9.937131329749701036e-01
6.305727939999999762e+03 9.991890600460197058e-01
6.305760729999999967e+03 9.940404114150764858e-01
6.305793520000000171e+03 9.883649243195715695e-01
6.305826320000000123e+03 9.764392172581312090e-01
6.305859110000000328e+03 9.808055905932101526e-01
6.305891899999999623e+03 1.007051725009552978e+00
6.305924699999999575e+03 9.909352574345542397e-01
6.305957489999999780e+03 9.811967282411423463e-01
6.305990279999999984e+03 9.732143272629357744e-01
6.306023079999999936e+03 9.868881801386032437e-01
6.306055870000000141e+03 9.929787520849748805e-01
6.306088670000000093e+03 9.905680669895567947e-01
6.306121460000000297e+03 1.024676866369433226e+00
6.306154260000000249e+03 1.047490568365147201e+00
6.306187050000000454e+03 1.006421115332274852e+00
6.306219850000000406e+03 9.960839060654973487e-01
6.306252650000000358e+03 9.859382744221968364e-01
6.306285439999999653e+03 9.903605245641232679e-01
6.306318239999999605e+03 9.889236923880461161e-01
6.306351029999999810e+03 9.445495253501962063e-01
6.306383829999999762e+03 8.485611535872631395e-01
6.306416629999999714e+03 7.913033913705879163e-01
6.306449419999999918e+03 8.843223099696282397e-01
6.306482219999999870e+03 9.639068477223470266e-01
6.306515019999999822e+03 9.878221210530536700e-01
6.306547810000000027e+03 9.954054019823498356e-01
6.306580609999999979e+03 9.855471367742648647e-01
6.306613409999999931e+03 9.950222467353959654e-01
6.306646209999999883e+03 1.003794905410444915e+00
6.306679000000000087e+03 9.982710839335257047e-01
6.306711800000000039e+03 9.963233780948436147e-01
6.306744599999999991e+03 9.786902543339853766e-01
6.306777399999999943e+03 9.846850374686182406e-01
6.306810199999999895e+03 1.000377074602178062e+00
6.306842999999999847e+03 9.997899737974723644e-01
6.306875790000000052e+03 9.897311667485074738e-01
6.306908590000000004e+03 9.916509990358859383e-01
6.306941389999999956e+03 9.913445786429944118e-01
6.306974189999999908e+03 9.816500736293458651e-01
6.307006989999999860e+03 1.005470236300516795e+00
6.307039789999999812e+03 9.988305569319132493e-01
6.307072589999999764e+03 9.789974118319041407e-01
6.307105389999999716e+03 9.532068449863728699e-01
6.307138189999999668e+03 8.525061894699572651e-01
6.307170989999999620e+03 7.848041941888387329e-01
6.307203789999999572e+03 8.660452603229267243e-01
6.307236590000000433e+03 9.573503628177453262e-01
6.307269390000000385e+03 9.795938395894533413e-01
6.307302190000000337e+03 9.863069186307314995e-01
6.307335000000000036e+03 9.919827467179939129e-01
6.307367799999999988e+03 1.004775927877604058e+00
6.307400599999999940e+03 9.972468653314109366e-01
6.307433399999999892e+03 9.812417115781381094e-01
6.307466199999999844e+03 9.719589630116430845e-01
6.307498999999999796e+03 9.833948428864448532e-01
6.307531810000000405e+03 1.011577833752915989e+00
6.307564610000000357e+03 9.931449944575400091e-01
6.307597410000000309e+03 9.994420270156987307e-01
6.307630210000000261e+03 1.006397489139870816e+00
6.307663019999999960e+03 1.000292196257270394e+00
6.307695819999999912e+03 9.949281735050251596e-01
6.307728619999999864e+03 1.000704642335752848e+00
6.307761429999999564e+03 1.004317155089367475e+00
6.307794230000000425e+03 1.000536573206312507e+00
6.307827040000000125e+03 9.959225252574259724e-01
6.307859840000000077e+03 9.769985075173996947e-01
6.307892640000000029e+03 9.972734362173643063e-01
6.307925449999999728e+03 9.933449661767076444e-01
6.307958249999999680e+03 1.000664897682724597e+00
6.307991060000000289e+03 1.008784874337887549e+00
6.308023860000000241e+03 9.856001238146737675e-01
6.308056669999999940e+03 9.785234272320291193e-01
6.308089469999999892e+03 9.822769323644404693e-01
6.308122279999999591e+03 9.952923500348100916e-01
6.308155080000000453e+03 9.836935889711816428e-01
6.308187890000000152e+03 9.794143051204702299e-01
6.308220690000000104e+03 9.806663435513865990e-01
6.308253499999999804e+03 9.936192020655750801e-01
6.308286310000000412e+03 9.863817179406989544e-01
6.308319110000000364e+03 9.993857302017505884e-01
6.308351920000000064e+03 1.012394008252346156e+00
6.308384729999999763e+03 1.025390734961368233e+00
6.308417529999999715e+03 1.038391814221264253e+00
6.308450340000000324e+03 9.961184520597990977e-01
6.308483150000000023e+03 1.005268249402214487e+00
6.308515949999999975e+03 1.004454832655261365e+00
6.308548759999999675e+03 9.896811147892160543e-01
6.308581570000000283e+03 9.891314760096791003e-01
6.308614379999999983e+03 9.796393101195269848e-01
6.308647189999999682e+03 9.912480894718108670e-01
6.308679989999999634e+03 9.909281458865735193e-01
6.308712800000000243e+03 9.880667055055740722e-01
6.308745609999999942e+03 9.928058825644530128e-01
6.308778419999999642e+03 9.891296925255897987e-01
6.308811230000000251e+03 9.850034104596744333e-01
6.308844039999999950e+03 9.999173873250589706e-01
6.308876849999999649e+03 1.009890080966654002e+00
6.308909660000000258e+03 9.949957885514412181e-01
6.308942469999999958e+03 9.869002234141249774e-01
6.308975279999999657e+03 9.784984646414985887e-01
6.309008090000000266e+03 9.845859193424884026e-01
6.309040899999999965e+03 9.948219290683015803e-01
6.309073709999999664e+03 9.948693719523790113e-01
6.309106520000000273e+03 9.875473535097913924e-01
6.309139329999999973e+03 9.844872874868093593e-01
6.309172139999999672e+03 9.853649808422383360e-01
6.309204950000000281e+03 9.878557322562934173e-01
6.309237759999999980e+03 9.884645826019512471e-01
6.309270569999999680e+03 1.003061176603048832e+00
6.309303380000000288e+03 9.939758643022573725e-01
6.309336189999999988e+03 9.939758643022573725e-01
6.309369010000000344e+03 9.853096308108147960e-01
6.309401820000000043e+03 9.856654524413941409e-01
6.309434629999999743e+03 9.913032484992395643e-01
6.309467440000000352e+03 9.880613180872946932e-01
6.309500259999999798e+03 9.906074195327733145e-01
6.309533070000000407e+03 9.673445920402333753e-01
6.309565880000000107e+03 9.766908402034496506e-01
6.309598689999999806e+03 9.821388647249861270e-01
6.309631510000000162e+03 9.764773472251020436e-01
6.309664319999999861e+03 9.811979141907875013e-01
6.309697129999999561e+03 9.892790187786105749e-01
6.309729949999999917e+03 9.984671239949027832e-01
6.309762759999999616e+03 1.009687366079170090e+00
6.309795579999999973e+03 9.720256232691876219e-01
6.309828389999999672e+03 9.632724111569368475e-01
6.309861200000000281e+03 9.984513097002104542e-01
6.309894019999999728e+03 9.971070946513552746e-01
6.309926830000000336e+03 9.960870726436945599e-01
6.309959649999999783e+03 9.797983491105088927e-01
6.309992460000000392e+03 9.595165161674886756e-01
6.310025279999999839e+03 9.698827863383655545e-01
6.310058090000000448e+03 9.769596832132205755e-01
6.310090909999999894e+03 9.858947597144340769e-01
6.310123730000000251e+03 1.004729584693098587e+00
6.310156539999999950e+03 1.005053777734292941e+00
6.310189360000000306e+03 9.883855111284892692e-01
6.310222170000000006e+03 9.775685335588785163e-01
6.310254990000000362e+03 9.797350919317391327e-01
6.310287809999999808e+03 9.880138752032175953e-01
6.310320620000000417e+03 9.883064396550272912e-01
6.310353439999999864e+03 9.694795218237090006e-01
6.310386260000000220e+03 9.851277664218520691e-01
6.310419069999999920e+03 9.703730294738305284e-01
6.310451890000000276e+03 9.043957920170818676e-01
6.310484709999999723e+03 8.382208758766780399e-01
6.310517530000000079e+03 8.681336142873781192e-01
6.310550350000000435e+03 9.384044327531168017e-01
6.310583160000000134e+03 9.712428156819131742e-01
6.310615979999999581e+03 9.890971543896479590e-01
6.310648799999999937e+03 9.906311409748118635e-01
6.310681620000000294e+03 9.886148184015292051e-01
6.310714439999999740e+03 9.903306693756561696e-01
6.310747260000000097e+03 9.933828282512918717e-01
6.310780080000000453e+03 9.913585985306629933e-01
6.310812899999999900e+03 9.958261367812698550e-01
6.310845709999999599e+03 1.001463932839115056e+00
6.310878529999999955e+03 9.964033585375429158e-01
6.310911350000000311e+03 9.901092692499623427e-01
6.310944169999999758e+03 9.901171763973085627e-01
6.310976990000000114e+03 9.752042965023627330e-01
6.311009820000000218e+03 9.826370150077969878e-01
6.311042639999999665e+03 9.948614648050325693e-01
6.311075460000000021e+03 9.947507647421856003e-01
6.311108280000000377e+03 9.972336090088945726e-01
6.311141099999999824e+03 9.992578387295234510e-01
6.311173920000000180e+03 9.650831478992181189e-01
6.311206739999999627e+03 8.846753665356423824e-01
6.311239559999999983e+03 8.162548205489159603e-01
6.311272380000000339e+03 8.662754346610194167e-01
6.311305210000000443e+03 9.426821994674147165e-01
6.311338029999999890e+03 9.908762625425444615e-01
6.311370850000000246e+03 9.995820317707180269e-01
6.311403669999999693e+03 9.867566387751707246e-01
6.311436499999999796e+03 9.782959911147295351e-01
6.311469320000000153e+03 9.837123870468810205e-01
6.311502139999999599e+03 9.941735429859125395e-01
6.311534959999999955e+03 1.003820262748284620e+00
6.311567790000000059e+03 9.983564239320560363e-01
6.311600610000000415e+03 9.957786938971926460e-01
6.311633429999999862e+03 1.008303615293584032e+00
6.311666259999999966e+03 9.856180095573169320e-01
6.311699080000000322e+03 9.814272214638274372e-01
6.311731910000000425e+03 9.861556955768590038e-01
6.311764729999999872e+03 9.744531175044730542e-01
6.311797550000000228e+03 9.957945081918850860e-01
6.311830380000000332e+03 9.959921868755400309e-01
6.311863199999999779e+03 9.988308527728283481e-01
6.311896029999999882e+03 1.012075324577724533e+00
6.311928850000000239e+03 1.014020482824891323e+00
6.311961680000000342e+03 1.006303107014993703e+00
6.311994510000000446e+03 9.989099242462903261e-01
6.312027329999999893e+03 9.950275148993031893e-01
6.312060159999999996e+03 9.928372350844036909e-01
6.312092980000000352e+03 9.919200059922437251e-01
6.312125809999999547e+03 9.925525777799402150e-01
6.312158629999999903e+03 9.977712950284365334e-01
6.312191460000000006e+03 9.842737945084617524e-01
6.312224290000000110e+03 9.912478984678160243e-01
6.312257109999999557e+03 1.005354249333448857e+00
6.312289939999999660e+03 1.010549245139906516e+00
6.312322769999999764e+03 9.954070579719207501e-01
6.312355599999999868e+03 9.885278397807210071e-01
6.312388420000000224e+03 1.009987837678325784e+00
6.312421250000000327e+03 9.894529760202273039e-01
6.312454080000000431e+03 9.912399913204698043e-01
6.312486909999999625e+03 9.911308255797299793e-01
6.312519739999999729e+03 9.858845863522134323e-01
6.312552560000000085e+03 9.913088044561343404e-01
6.312585390000000189e+03 1.004339873700991648e+00
6.312618220000000292e+03 9.962596161986645438e-01
6.312651050000000396e+03 9.829907743701389311e-01
6.312683879999999590e+03 9.941595136424554724e-01
6.312716709999999694e+03 9.844565572903588579e-01
6.312749539999999797e+03 9.972778293356989732e-01
6.312782369999999901e+03 9.885539654372292873e-01
6.312815200000000004e+03 9.935122550798605179e-01
6.312848030000000108e+03 9.950326118677076392e-01
6.312880860000000212e+03 1.000446165698819945e+00
6.312913690000000315e+03 1.004672528817070143e+00
6.312946520000000419e+03 9.943232537057413722e-01
6.312979349999999613e+03 9.848978435011439547e-01
6.313012179999999717e+03 9.948919093814886372e-01
6.313045009999999820e+03 1.008532728119809541e+00
6.313077839999999924e+03 9.865232371523590116e-01
6.313110670000000027e+03 1.012132467573881422e+00
6.313143500000000131e+03 1.020202814214841380e+00
6.313176339999999982e+03 1.013781395029943244e+00
6.313209170000000086e+03 1.004796157473042184e+00
6.313242000000000189e+03 1.004228942229530963e+00
6.313274830000000293e+03 1.017915938895083583e+00
6.313307660000000396e+03 1.011051359521518256e+00
6.313340500000000247e+03 1.003178562551169328e+00
6.313373330000000351e+03 9.918280923883497913e-01
6.313406160000000455e+03 1.000408571479167730e+00
6.313438989999999649e+03 1.015499760489026349e+00
6.313471830000000409e+03 9.998302654788639998e-01
6.313504659999999603e+03 9.881393108343822229e-01
6.313537489999999707e+03 1.001737177926505851e+00
6.313570329999999558e+03 1.013214622386152675e+00
6.313603159999999662e+03 1.020586895456416343e+00
6.313636000000000422e+03 1.013199576459240525e+00
6.313668829999999616e+03 9.958408794302888722e-01
6.313701670000000377e+03 1.031730206862982557e+00
6.313734499999999571e+03 1.028503099777359653e+00
6.313767329999999674e+03 1.013979248405571187e+00
6.313800170000000435e+03 1.013467606387584263e+00
6.313832999999999629e+03 1.025093901907156102e+00
6.313865840000000389e+03 1.031154988764653391e+00
6.313898669999999584e+03 1.017362511277132509e+00
6.313931510000000344e+03 1.022780535341998975e+00
6.313964350000000195e+03 1.020633575370933244e+00
6.313997180000000299e+03 1.015192556846262306e+00
6.314030020000000150e+03 1.011791691660987036e+00
6.314062850000000253e+03 1.014407511131578010e+00
6.314095690000000104e+03 1.030254614527468693e+00
6.314128529999999955e+03 1.035727327721717828e+00
6.314161360000000059e+03 1.021508283293663721e+00
6.314194199999999910e+03 1.014488446742004335e+00
6.314227039999999761e+03 1.015461073772900402e+00
6.314259879999999612e+03 1.018505086279142491e+00
6.314292709999999715e+03 1.021310898009180290e+00
6.314325549999999566e+03 1.034751079310073596e+00
6.314358390000000327e+03 1.044024329858679767e+00
6.314391230000000178e+03 1.027973840967913333e+00
6.314424060000000281e+03 1.020716756747614307e+00
6.314456900000000132e+03 1.034449534995820708e+00
6.314489739999999983e+03 1.039436953048988199e+00
6.314522579999999834e+03 1.033679826212382968e+00
6.314555419999999685e+03 1.005656983357851475e+00
6.314588260000000446e+03 1.029656841078512963e+00
6.314621100000000297e+03 1.031374825934366690e+00
6.314653940000000148e+03 1.027657502754300012e+00
6.314686779999999999e+03 1.018965385582400351e+00
6.314719610000000102e+03 1.012138181198692033e+00
6.314752449999999953e+03 1.021639824125371021e+00
6.314785289999999804e+03 1.014495462194780373e+00
6.314818129999999655e+03 9.555430092654008112e-01
6.314850970000000416e+03 9.217903987056933479e-01
6.314883820000000014e+03 9.799497805506517389e-01
6.314916659999999865e+03 1.036536116476557634e+00
6.314949499999999716e+03 1.046885061195803157e+00
6.314982339999999567e+03 1.042993624153511156e+00
6.315015180000000328e+03 1.041593294278058579e+00
6.315048020000000179e+03 1.034045070784574305e+00
6.315080860000000030e+03 1.022586323810174669e+00
6.315113699999999881e+03 1.019108142389600236e+00
6.315146550000000389e+03 1.025363117493675702e+00
6.315179390000000240e+03 1.047093633806413848e+00
6.315212230000000091e+03 1.065943973993171090e+00
6.315245069999999942e+03 1.038439433415082158e+00
6.315277909999999792e+03 1.026736034908418471e+00
6.315310760000000300e+03 1.038264791085582450e+00
6.315343600000000151e+03 1.054321979083173488e+00
6.315376440000000002e+03 1.050026797327249017e+00
6.315409289999999601e+03 1.031693615547018883e+00
6.315442130000000361e+03 1.030896607875684934e+00
6.315474970000000212e+03 1.028973448758749631e+00
6.315507819999999811e+03 1.038954348655235282e+00
6.315540659999999662e+03 9.862755561316237651e-01
6.315573510000000169e+03 9.197126409329765551e-01
6.315606350000000020e+03 9.503692312848474044e-01
6.315639189999999871e+03 1.015465067932707743e+00
6.315672040000000379e+03 1.044033066873886861e+00
6.315704880000000230e+03 1.051950790044983597e+00
6.315737729999999829e+03 1.057203843484199712e+00
6.315770569999999680e+03 1.054122806263204870e+00
6.315803420000000187e+03 1.045634071415802113e+00
6.315836260000000038e+03 1.061036310207687849e+00
6.315869109999999637e+03 1.059477745329819420e+00
6.315901960000000145e+03 1.062819290325762944e+00
6.315934799999999996e+03 1.055956435599721743e+00
6.315967649999999594e+03 1.054223628883532271e+00
6.316000490000000354e+03 1.062425215052538841e+00
6.316033339999999953e+03 1.061445537016681318e+00
6.316066189999999551e+03 1.058666212323002398e+00
6.316099030000000312e+03 1.069887799498309811e+00
6.316131879999999910e+03 1.075210652066599160e+00
6.316164730000000418e+03 1.082919528917771768e+00
6.316197580000000016e+03 1.069049409920035387e+00
6.316230419999999867e+03 1.064692666377889729e+00
6.316263270000000375e+03 1.072702535812136704e+00
6.316296119999999974e+03 1.070303867079564597e+00
6.316328969999999572e+03 1.061785716292453330e+00
6.316361810000000332e+03 1.066616557578657698e+00
6.316394659999999931e+03 1.074831868186780115e+00
6.316427510000000439e+03 1.074121677100656536e+00
6.316460360000000037e+03 1.084912577330468197e+00
6.316493209999999635e+03 1.080120253049157375e+00
6.316526060000000143e+03 1.086820809864936122e+00
6.316558909999999742e+03 1.073833307384956637e+00
6.316591760000000249e+03 1.069913297110644645e+00
6.316624609999999848e+03 1.063805987180671986e+00
6.316657460000000356e+03 1.058879794468090330e+00
6.316690309999999954e+03 1.079671191785329887e+00
6.316723159999999552e+03 1.063847888671096920e+00
6.316756010000000060e+03 1.060459415720391929e+00
6.316788859999999659e+03 1.064314325031227026e+00
6.316821710000000166e+03 1.037952464451870949e+00
6.316854559999999765e+03 1.035935617214210458e+00
6.316887410000000273e+03 1.008521374124930370e+00
6.316920259999999871e+03 9.852446013375451006e-01
6.316953110000000379e+03 1.006176855954816540e+00
6.316985959999999977e+03 1.040135156627280288e+00
6.317018809999999576e+03 1.052254380021125257e+00
6.317051669999999831e+03 1.042266373284771674e+00
6.317084520000000339e+03 1.059368921637665384e+00
6.317117369999999937e+03 1.043193096279928733e+00
6.317150220000000445e+03 1.046374059485357666e+00
6.317183070000000043e+03 1.043232376447232657e+00
6.317215930000000299e+03 1.048671212177196166e+00
6.317248779999999897e+03 1.045775207925533357e+00
6.317281630000000405e+03 1.032350301701633111e+00
6.317314489999999751e+03 1.041140190032191493e+00
6.317347340000000258e+03 1.056259589107359620e+00
6.317380189999999857e+03 1.039452536802593752e+00
6.317413050000000112e+03 1.067761348282862510e+00
6.317445899999999710e+03 1.044831207173182896e+00
6.317478750000000218e+03 1.037412432289534836e+00
6.317511609999999564e+03 1.048648940744893787e+00
6.317544460000000072e+03 1.047385222564717777e+00
6.317577320000000327e+03 1.048909788885355576e+00
6.317610169999999925e+03 1.047218380586651731e+00
6.317643030000000181e+03 1.033645771934434299e+00
6.317675879999999779e+03 1.041633800983361224e+00
6.317708740000000034e+03 1.028869713628692839e+00
6.317741589999999633e+03 1.086486657205603334e+00
6.317774449999999888e+03 1.121037670505690365e+00
6.317807300000000396e+03 1.073369004543378358e+00
6.317840159999999742e+03 1.022296587684036417e+00
6.317873019999999997e+03 1.010104316312116390e+00
6.317905869999999595e+03 1.028308043519628345e+00
6.317938729999999850e+03 1.040896160239677126e+00
6.317971590000000106e+03 1.035095126713281521e+00
6.318004439999999704e+03 1.033475643872268757e+00
6.318037299999999959e+03 1.004963225296392482e+00
6.318070160000000214e+03 1.021098478082041128e+00
6.318103009999999813e+03 1.041406282898014402e+00
6.318135870000000068e+03 1.042423679423711391e+00
6.318168730000000323e+03 1.026479795013966578e+00
6.318201589999999669e+03 1.028827706338689474e+00
6.318234440000000177e+03 1.035712611115181758e+00
6.318267300000000432e+03 1.029223813638100893e+00
6.318300159999999778e+03 1.040756194217277164e+00
6.318333020000000033e+03 1.071282589709535937e+00
6.318365880000000288e+03 1.060027146412926058e+00
6.318398739999999634e+03 1.032905759033132087e+00
6.318431599999999889e+03 1.048791646917984322e+00
6.318464450000000397e+03 1.059016242348050918e+00
6.318497309999999743e+03 1.054047912604294757e+00
6.318530169999999998e+03 1.046847250461977685e+00
6.318563030000000253e+03 1.047199295749579484e+00
6.318595889999999599e+03 1.051541215181620137e+00
6.318628749999999854e+03 1.053333922342907458e+00
6.318661610000000110e+03 1.052981286761838664e+00
6.318694470000000365e+03 1.048140298797456849e+00
6.318727329999999711e+03 1.037528850409768166e+00
6.318760189999999966e+03 1.044949741411470789e+00
6.318793050000000221e+03 1.045380931200643460e+00
6.318825920000000224e+03 1.035767477035739459e+00
6.318858779999999570e+03 1.047834216774884863e+00
6.318891639999999825e+03 1.061206482990951105e+00
6.318924500000000080e+03 1.055273725879767532e+00
6.318957360000000335e+03 1.045051386416111949e+00
6.318990219999999681e+03 1.039783994019394475e+00
6.319023089999999684e+03 1.073123604007818255e+00
6.319055949999999939e+03 1.062869852536733939e+00
6.319088810000000194e+03 1.049664507374642231e+00
6.319121670000000449e+03 1.046906174284077062e+00
6.319154540000000452e+03 1.047922856092464716e+00
6.319187399999999798e+03 1.046446684102763314e+00
6.319220260000000053e+03 1.047787798104377943e+00
6.319253120000000308e+03 1.053497065681266553e+00
6.319285990000000311e+03 1.053025850078901371e+00
6.319318849999999657e+03 1.048313230690313791e+00
6.319351719999999659e+03 1.057875766129932504e+00
6.319384579999999914e+03 1.036554248078702667e+00
6.319417440000000170e+03 1.010786632103690685e+00
6.319450310000000172e+03 9.847034959209020055e-01
6.319483170000000428e+03 9.996706609099890173e-01
6.319516040000000430e+03 1.024535414072701878e+00
6.319548899999999776e+03 1.041946068681623094e+00
6.319581769999999779e+03 1.054703853411124159e+00
6.319614630000000034e+03 1.058694937722697516e+00
6.319647500000000036e+03 1.055913535167365858e+00
6.319680360000000292e+03 1.048369554172969176e+00
6.319713230000000294e+03 1.064939484299697758e+00
6.319746089999999640e+03 1.057957310521269179e+00
6.319778959999999643e+03 1.054005307942888825e+00
6.319811829999999645e+03 1.055527758882311540e+00
6.319844689999999900e+03 1.048071524338995308e+00
6.319877559999999903e+03 1.046722504935199582e+00
6.319910420000000158e+03 1.057397332390400457e+00
6.319943290000000161e+03 1.056301313760446225e+00
6.319976160000000164e+03 1.050522566748826492e+00
6.320009030000000166e+03 1.067508829945752691e+00
6.320041890000000421e+03 1.039495697391163986e+00
6.320074760000000424e+03 1.037617051532962797e+00
6.320107630000000427e+03 1.052198105117856164e+00
6.320140500000000429e+03 1.017946406312885799e+00
6.320173359999999775e+03 9.834903848169816998e-01
6.320206229999999778e+03 9.821665856320026533e-01
6.320239099999999780e+03 1.021684266639233840e+00
6.320271969999999783e+03 1.061690776963263083e+00
6.320304839999999786e+03 1.055746951953745905e+00
6.320337709999999788e+03 1.045129477436267162e+00
6.320370579999999791e+03 1.056766280302144478e+00
6.320403440000000046e+03 1.042416566465935723e+00
6.320436310000000049e+03 1.043551195493885864e+00
6.320469180000000051e+03 1.033622746278725524e+00
6.320502050000000054e+03 1.040213788903146197e+00
6.320534920000000056e+03 1.011869183655030868e+00
6.320567790000000059e+03 9.994906274019653702e-01
6.320600660000000062e+03 1.041577416382840404e+00
6.320633530000000064e+03 1.066860093035503887e+00
6.320666400000000067e+03 1.062688566902130871e+00
6.320699279999999817e+03 1.079557076511629576e+00
6.320732149999999820e+03 1.075132455745813509e+00
6.320765019999999822e+03 1.076985729765809419e+00
6.320797889999999825e+03 1.065121495057861800e+00
6.320830759999999827e+03 1.067718067999983589e+00
6.320863629999999830e+03 1.068772871280960990e+00
6.320896499999999833e+03 1.067550749204157379e+00
6.320929379999999583e+03 1.069925760971207618e+00
6.320962249999999585e+03 1.071193911354863859e+00
6.320995119999999588e+03 1.067639720878091669e+00
6.321027989999999591e+03 1.065318884697653568e+00
6.321060859999999593e+03 1.093021688413863490e+00
6.321093740000000253e+03 1.063539062060469220e+00
6.321126610000000255e+03 1.066380267088131051e+00
6.321159480000000258e+03 1.058771427130353215e+00
6.321192360000000008e+03 1.076678567560692912e+00
6.321225230000000010e+03 1.077503751923893693e+00
6.321258100000000013e+03 1.059777774528157135e+00
6.321290979999999763e+03 1.054943953512114785e+00
6.321323849999999766e+03 1.059895334580803095e+00
6.321356730000000425e+03 1.069723124750776133e+00
6.321389600000000428e+03 1.070010919468127097e+00
6.321422480000000178e+03 1.068725913804484229e+00
6.321455350000000180e+03 1.067101122357891674e+00
6.321488220000000183e+03 1.064559629835680310e+00
6.321521099999999933e+03 1.068143037606306800e+00
6.321553969999999936e+03 1.066091597708545446e+00
6.321586849999999686e+03 1.043335214526449617e+00
6.321619730000000345e+03 1.049668901799478027e+00
6.321652600000000348e+03 1.071317156972374285e+00
6.321685480000000098e+03 1.051517410714687628e+00
6.321718350000000100e+03 1.050304104347022705e+00
6.321751229999999850e+03 1.042603359880309499e+00
6.321784109999999600e+03 1.051591451118297993e+00
6.321816979999999603e+03 1.053333418958007472e+00
6.321849860000000263e+03 1.064359540698649242e+00
6.321882740000000013e+03 1.044617506992492784e+00
6.321915610000000015e+03 1.026061409000257330e+00
6.321948489999999765e+03 1.032046571335402119e+00
6.321981370000000425e+03 1.050925717315772889e+00
6.322014250000000175e+03 1.049349191956498117e+00
6.322047120000000177e+03 1.029103701366583579e+00
6.322079999999999927e+03 1.056656474274971114e+00
6.322112879999999677e+03 1.046049930824017649e+00
6.322145760000000337e+03 1.050477703177354893e+00
6.322178640000000087e+03 1.037659694481649630e+00
6.322211510000000089e+03 1.035886114176435724e+00
6.322244389999999839e+03 1.032603760995020936e+00
6.322277269999999589e+03 1.039859475307627790e+00
6.322310150000000249e+03 1.037548792410361242e+00
6.322343029999999999e+03 1.035878033413942134e+00
6.322375909999999749e+03 1.053409938467599671e+00
6.322408790000000408e+03 1.044227083464528194e+00
6.322441670000000158e+03 1.031434849647889562e+00
6.322474549999999908e+03 1.030072380600691506e+00
6.322507429999999658e+03 1.047642548978354737e+00
6.322540310000000318e+03 1.041335486915894615e+00
6.322573190000000068e+03 1.038108943761228309e+00
6.322606069999999818e+03 1.036801737308835625e+00
6.322638949999999568e+03 1.028820900328112131e+00
6.322671830000000227e+03 1.024868193156014629e+00
6.322704709999999977e+03 1.032027482765481619e+00
6.322737600000000384e+03 1.035229898388313918e+00
6.322770480000000134e+03 1.026641613586043444e+00
6.322803359999999884e+03 1.025176834176659391e+00
6.322836239999999634e+03 1.018279014995912890e+00
6.322869120000000294e+03 1.039730937682415313e+00
6.322902000000000044e+03 1.033922840304153379e+00
6.322934890000000451e+03 1.034376874536687252e+00
6.322967770000000201e+03 1.021225506927154969e+00
6.323000649999999951e+03 1.017463208353009518e+00
6.323033540000000357e+03 1.029769481661226838e+00
6.323066420000000107e+03 1.034037279270910492e+00
6.323099299999999857e+03 1.025434866179907978e+00
6.323132179999999607e+03 1.008858241872342854e+00
6.323165070000000014e+03 1.025656240823729748e+00
6.323197949999999764e+03 1.018491422103896982e+00
6.323230840000000171e+03 1.026382886970704345e+00
6.323263719999999921e+03 1.023860576748142792e+00
6.323296599999999671e+03 1.032043752295320749e+00
6.323329490000000078e+03 1.029845106170285796e+00
6.323362369999999828e+03 1.019373084255492445e+00
6.323395260000000235e+03 1.006904178898048841e+00
6.323428139999999985e+03 1.006253413251693818e+00
6.323461030000000392e+03 1.026703531917565027e+00
6.323493910000000142e+03 1.022965888260367162e+00
6.323526799999999639e+03 9.992413442790589739e-01
6.323559680000000299e+03 1.025294904034033561e+00
6.323592569999999796e+03 1.015250610491545968e+00
6.323625460000000203e+03 1.017204550511152883e+00
6.323658339999999953e+03 1.024667855578602182e+00
6.323691230000000360e+03 1.020330803512451645e+00
6.323724119999999857e+03 1.006688223265147064e+00
6.323756999999999607e+03 1.005650842757994212e+00
6.323789890000000014e+03 1.020264459705458648e+00
6.323822780000000421e+03 1.019534658008355299e+00
6.323855660000000171e+03 9.975904756684995656e-01
6.323888549999999668e+03 1.006765741113847978e+00
6.323921440000000075e+03 1.023067101302199244e+00
6.323954329999999572e+03 1.012275237510149140e+00
6.323987210000000232e+03 1.024630043657380973e+00
6.324020099999999729e+03 1.009537687071584644e+00
6.324052990000000136e+03 9.965450094400128966e-01
6.324085879999999634e+03 1.007715720484998023e+00
6.324118770000000040e+03 1.005092428969587059e+00
6.324151660000000447e+03 9.918007258162003792e-01
6.324184540000000197e+03 9.936676868007514596e-01
6.324217429999999695e+03 9.863341196724761950e-01
6.324250320000000102e+03 1.002656429202545496e+00
6.324283209999999599e+03 9.985816679121084505e-01
6.324316100000000006e+03 9.529496005557483995e-01
6.324348990000000413e+03 9.321491284121048437e-01
6.324381879999999910e+03 9.383248703149612568e-01
6.324414770000000317e+03 9.544966339451013138e-01
6.324447659999999814e+03 9.643166880339857361e-01
6.324480550000000221e+03 9.569137965378160526e-01
6.324513439999999719e+03 9.573925526084765547e-01
6.324546330000000125e+03 9.761582325191910936e-01
6.324579219999999623e+03 9.847937803583584060e-01
6.324612110000000030e+03 1.009948150764705233e+00
6.324645010000000184e+03 9.935914691968642520e-01
6.324677899999999681e+03 9.937933819417826831e-01
6.324710790000000088e+03 1.007642133579580657e+00
6.324743679999999586e+03 1.002069607980430987e+00
6.324776569999999992e+03 9.929082325726551472e-01
6.324809460000000399e+03 9.900417502469784914e-01
6.324842359999999644e+03 9.917897044067687240e-01
6.324875250000000051e+03 9.966453111348458904e-01
6.324908139999999548e+03 1.003519919030702257e+00
6.324941039999999703e+03 1.009771162223367824e+00
6.324973930000000109e+03 1.007535603333180596e+00
6.325006819999999607e+03 9.995583969179996364e-01
6.325039710000000014e+03 9.970549655136976552e-01
6.325072610000000168e+03 9.583280355389570682e-01
6.325105499999999665e+03 9.738935590442341361e-01
6.325138399999999820e+03 9.784727365084332495e-01
6.325171290000000226e+03 9.907881493231128767e-01
6.325204179999999724e+03 9.930640962627906854e-01
6.325237079999999878e+03 9.861291702305760021e-01
6.325269970000000285e+03 9.905263971408693191e-01
6.325302870000000439e+03 9.857839924535957143e-01
6.325335759999999937e+03 9.941001469654032752e-01
6.325368660000000091e+03 9.936317094166016162e-01
6.325401549999999588e+03 9.748854258362679159e-01
6.325434449999999742e+03 9.853618072728085320e-01
6.325467340000000149e+03 1.006703171308550582e+00
6.325500240000000304e+03 9.910485230786902910e-01
6.325533129999999801e+03 9.880019339795096389e-01
6.325566029999999955e+03 1.005210575043776089e+00
6.325598930000000109e+03 9.953991080380429901e-01
6.325631819999999607e+03 9.786263286705416675e-01
6.325664719999999761e+03 9.827073267987016525e-01
6.325697619999999915e+03 9.776823390378593936e-01
6.325730510000000322e+03 9.982006888282873858e-01
6.325763409999999567e+03 1.000302312626735413e+00
6.325796309999999721e+03 9.930935792815444030e-01
6.325829209999999875e+03 9.949606038155661691e-01
6.325862100000000282e+03 9.908011858671763594e-01
6.325895000000000437e+03 9.903388227875471461e-01
6.325927899999999681e+03 9.833347701971474342e-01
6.325960799999999836e+03 9.849532587879790135e-01
6.325993699999999990e+03 1.003088348979988664e+00
6.326026590000000397e+03 9.999978418997961249e-01
6.326059489999999641e+03 9.788765763878863879e-01
6.326092389999999796e+03 9.949004485286635502e-01
6.326125289999999950e+03 1.004218320685020815e+00
6.326158190000000104e+03 9.878877193187273198e-01
6.326191090000000258e+03 9.775891556870944799e-01
6.326223990000000413e+03 9.965443884092969329e-01
6.326256889999999657e+03 9.961098956818598138e-01
6.326289789999999812e+03 9.953927981510111156e-01
6.326322689999999966e+03 1.007524457776876048e+00
6.326355590000000120e+03 1.004021445573134219e+00
6.326388490000000274e+03 9.951877433161749886e-01
6.326421390000000429e+03 9.929630674168449245e-01
6.326454289999999673e+03 9.812931413198644481e-01
6.326487189999999828e+03 1.002151203099387766e+00
6.326520089999999982e+03 1.002949655512042071e+00
6.326552990000000136e+03 9.785094313593548643e-01
6.326585890000000290e+03 9.812382949953837308e-01
6.326618790000000445e+03 9.912637414199308994e-01
6.326651700000000346e+03 9.952348554458845253e-01
6.326684599999999591e+03 9.912337631482315281e-01
6.326717499999999745e+03 9.810813184141493615e-01
6.326750399999999900e+03 9.780607142881631022e-01
6.326783309999999801e+03 9.948538309198173835e-01
6.326816209999999955e+03 1.008600681737881422e+00
6.326849110000000110e+03 9.945650108013838198e-01
6.326882010000000264e+03 9.885269868127930515e-01
6.326914920000000166e+03 9.875648472768731034e-01
6.326947820000000320e+03 9.953812637901269245e-01
6.326980719999999565e+03 9.888076006058316159e-01
6.327013630000000376e+03 9.856286919210345276e-01
6.327046529999999620e+03 9.943977296550097211e-01
6.327079429999999775e+03 9.934199191974507626e-01
6.327112339999999676e+03 1.002033466208013479e+00
6.327145239999999831e+03 1.006591169866238644e+00
6.327178149999999732e+03 9.883941892881505931e-01
6.327211049999999886e+03 9.882492307674972665e-01
6.327243959999999788e+03 1.005433972310417978e+00
6.327276859999999942e+03 9.996383972727370670e-01
6.327309769999999844e+03 1.004403822609012176e+00
6.327342669999999998e+03 9.818113028216884919e-01
6.327375579999999900e+03 1.000094494087099939e+00
6.327408480000000054e+03 9.934024528970504253e-01
6.327441389999999956e+03 9.895912299378762933e-01
6.327474290000000110e+03 1.000510740837738721e+00
6.327507200000000012e+03 1.003937629423742317e+00
6.327540109999999913e+03 9.970490966846943248e-01
6.327573010000000068e+03 9.935655424850519113e-01
6.327605919999999969e+03 9.969538660206068714e-01
6.327638829999999871e+03 9.997216713560730383e-01
6.327671730000000025e+03 9.947001933275824159e-01
6.327704639999999927e+03 1.012234197576685979e+00
6.327737549999999828e+03 9.853357758613465744e-01
6.327770459999999730e+03 9.774142617884726825e-01
6.327803359999999884e+03 9.960406771047547458e-01
6.327836269999999786e+03 9.990938780178005851e-01
6.327869179999999687e+03 9.969064325954211103e-01
6.327902089999999589e+03 9.981937264669299426e-01
6.327935000000000400e+03 1.003788469868317712e+00
6.327967899999999645e+03 1.003499106856633682e+00
6.328000809999999547e+03 9.910626102603736776e-01
6.328033720000000358e+03 9.929561006546628876e-01
6.328066630000000259e+03 9.875304054609062021e-01
6.328099540000000161e+03 9.841682334211325767e-01
6.328132450000000063e+03 1.003532561645043231e+00
6.328165359999999964e+03 1.006876940736888937e+00
6.328198269999999866e+03 1.011454448591962096e+00
6.328231179999999767e+03 1.002312083793414077e+00
6.328264089999999669e+03 9.864297433154319839e-01
6.328296999999999571e+03 9.905292571794459544e-01
6.328329910000000382e+03 1.004982088538649121e+00
6.328362820000000283e+03 9.983855624348618729e-01
6.328395730000000185e+03 9.861372382935215120e-01
6.328428640000000087e+03 9.933349800401083396e-01
6.328461549999999988e+03 9.850883840115997048e-01
6.328494459999999890e+03 1.001505621695596870e+00
6.328527380000000448e+03 9.956383078125645714e-01
6.328560290000000350e+03 9.982230280938859668e-01
6.328593200000000252e+03 9.997298864734607271e-01
6.328626110000000153e+03 9.949333516193458182e-01
6.328659020000000055e+03 9.855055362182605361e-01
6.328691939999999704e+03 9.924577846308842988e-01
6.328724849999999606e+03 9.912320918952501891e-01
6.328757760000000417e+03 9.957667415210795792e-01
6.328790670000000318e+03 1.012698471577289316e+00
6.328823589999999967e+03 9.896817504408972344e-01
6.328856499999999869e+03 9.989402184818145791e-01
6.328889409999999771e+03 1.009343062929376922e+00
6.328922330000000329e+03 9.965237299223167478e-01
6.328955240000000231e+03 9.963468515842645035e-01
6.328988150000000132e+03 9.959646607811551977e-01
6.329021069999999781e+03 1.006709930797015540e+00
6.329053979999999683e+03 1.006587072815894546e+00
6.329086900000000242e+03 9.977714562998158954e-01
6.329119810000000143e+03 9.918080104394060292e-01
6.329152729999999792e+03 9.919475739401897307e-01
6.329185639999999694e+03 9.944863837149552355e-01
6.329218560000000252e+03 9.921319366725560585e-01
6.329251470000000154e+03 9.900542969458402398e-01
6.329284389999999803e+03 9.906042527308144274e-01
6.329317299999999705e+03 9.893556063304598247e-01
6.329350220000000263e+03 9.866008035655691177e-01
6.329383130000000165e+03 1.002434303067523125e+00
6.329416049999999814e+03 9.957359774514328299e-01
6.329448970000000372e+03 9.949130133449264335e-01
6.329481880000000274e+03 9.729637644062181234e-01
6.329514799999999923e+03 9.701261713719795399e-01
6.329547719999999572e+03 9.903569778002702106e-01
6.329580630000000383e+03 9.974781871088687080e-01
6.329613550000000032e+03 1.008844264589549899e+00
6.329646469999999681e+03 1.013519034912542915e+00
6.329679390000000240e+03 9.934118449674789186e-01
6.329712300000000141e+03 9.979299251065845144e-01
6.329745219999999790e+03 9.954224150228476731e-01
6.329778140000000349e+03 9.898053856239393822e-01
6.329811059999999998e+03 9.820720213230150764e-01
6.329843969999999899e+03 9.885493089836675518e-01
6.329876889999999548e+03 9.832580539505342276e-01
6.329909810000000107e+03 9.949353884736711340e-01
6.329942729999999756e+03 1.004319893388984752e+00
6.329975650000000314e+03 9.903662807072399765e-01
6.330008569999999963e+03 9.820803127508588304e-01
6.330041489999999612e+03 9.883008288666516039e-01
6.330074410000000171e+03 1.002054094677579110e+00
6.330107329999999820e+03 1.000487429572408438e+00
6.330140250000000378e+03 9.826140040167129497e-01
6.330173170000000027e+03 9.987860987329089113e-01
6.330206089999999676e+03 9.670804554637335571e-01
6.330239010000000235e+03 9.606684511476879518e-01
6.330271929999999884e+03 9.744041647726076061e-01
6.330304850000000442e+03 9.812970557895299706e-01
6.330337770000000091e+03 9.929599863677804894e-01
6.330370689999999740e+03 9.953544311175598347e-01
6.330403610000000299e+03 9.799852344101364077e-01
6.330436529999999948e+03 9.760030205024733396e-01
6.330469460000000254e+03 9.860247077840392782e-01
6.330502379999999903e+03 9.894586408647032538e-01
6.330535299999999552e+03 9.836731021078398696e-01
6.330568220000000110e+03 9.899344181868988679e-01
6.330601139999999759e+03 9.716655117288667265e-01
6.330634070000000065e+03 9.710983912282953323e-01
6.330666989999999714e+03 9.846463442503943231e-01
6.330699910000000273e+03 9.858212870623991320e-01
6.330732829999999922e+03 9.913452932982660393e-01
6.330765760000000228e+03 9.961928013820168237e-01
6.330798679999999877e+03 1.001435215739682860e+00
6.330831600000000435e+03 9.999801202583672444e-01
6.330864529999999831e+03 9.865292963019006711e-01
6.330897450000000390e+03 9.912836069307170428e-01
6.330930370000000039e+03 1.000674001196993901e+00
6.330963300000000345e+03 1.000134660943146292e+00
6.330996219999999994e+03 9.944429402160840370e-01
6.331029150000000300e+03 9.883255229249477969e-01
6.331062069999999949e+03 1.001876863547967567e+00
6.331095000000000255e+03 1.009413269386016943e+00
6.331127919999999904e+03 9.860157249013614678e-01
6.331160850000000210e+03 9.885856708252150904e-01
6.331193769999999859e+03 1.001742847962981298e+00
6.331226700000000164e+03 1.000079478055210913e+00
6.331259619999999813e+03 1.002617890900244335e+00
6.331292550000000119e+03 1.012598110346866198e+00
6.331325480000000425e+03 1.016224414411199595e+00
6.331358400000000074e+03 1.000678606552796390e+00
6.331391330000000380e+03 9.856609777646331283e-01
6.331424250000000029e+03 1.001222552162446489e+00
6.331457180000000335e+03 1.003658482501313731e+00
6.331490109999999731e+03 9.922277414289587538e-01
6.331523040000000037e+03 1.010989923327031415e+00
6.331555959999999686e+03 1.007332086183877484e+00
6.331588889999999992e+03 9.942143253946370551e-01
6.331621820000000298e+03 9.969261701731818581e-01
6.331654749999999694e+03 9.969025203640666799e-01
6.331687670000000253e+03 1.001230435432151289e+00
6.331720599999999649e+03 1.010619409650892919e+00
6.331753529999999955e+03 9.994566997485099247e-01
6.331786460000000261e+03 9.958619287629970618e-01
6.331819389999999657e+03 9.875371959544405609e-01
6.331852319999999963e+03 9.974701157828315123e-01
6.331885239999999612e+03 1.001932046435902945e+00
6.331918169999999918e+03 1.005250902981738470e+00
6.331951100000000224e+03 1.000781089058962126e+00
6.331984029999999620e+03 9.913211654128751826e-01
6.332016959999999926e+03 9.940566600005353859e-01
6.332049890000000232e+03 9.930712512874014797e-01
6.332082819999999629e+03 9.955229481656785451e-01
6.332115749999999935e+03 1.005511050882005764e+00
6.332148680000000240e+03 1.004951338732945620e+00
6.332181609999999637e+03 9.960638015877826268e-01
6.332214539999999943e+03 9.936183198081262047e-01
6.332247470000000249e+03 1.008148609436271270e+00
6.332280399999999645e+03 9.991068811156090801e-01
6.332313339999999698e+03 1.008054199305592924e+00
6.332346270000000004e+03 1.003323981227392414e+00
6.332379200000000310e+03 1.004155701019719737e+00
6.332412129999999706e+03 9.949307724950978704e-01
6.332445060000000012e+03 1.002078322843511504e+00
6.332477990000000318e+03 9.909747703777624928e-01
6.332510930000000371e+03 9.911150470410320379e-01
6.332543859999999768e+03 9.980632908334339248e-01
6.332576790000000074e+03 9.840141220571619884e-01
6.332609720000000380e+03 9.710312158305055563e-01
6.332642660000000433e+03 9.620012839990145226e-01
6.332675589999999829e+03 9.668888425244899221e-01
6.332708520000000135e+03 9.548106122346045055e-01
6.332741460000000188e+03 9.829742129538030504e-01
6.332774389999999585e+03 9.806781392799953645e-01
6.332807319999999891e+03 9.962045224211069083e-01
6.332840259999999944e+03 9.951333616488172717e-01
6.332873190000000250e+03 1.002401094340733323e+00
6.332906130000000303e+03 1.004386111462882258e+00
6.332939059999999699e+03 1.005577056661975499e+00
6.332971990000000005e+03 1.003491816464892938e+00
6.333004930000000058e+03 9.955711618291832599e-01
6.333037860000000364e+03 9.889722162345798706e-01
6.333070800000000418e+03 9.826028461993463470e-01
6.333103729999999814e+03 9.859315999510850359e-01
6.333136669999999867e+03 9.928546890766701827e-01
6.333169609999999921e+03 9.806635897189907025e-01
6.333202540000000226e+03 9.960611336763498525e-01
6.333235480000000280e+03 1.005859511005083640e+00
6.333268409999999676e+03 9.964334845948537023e-01
6.333301349999999729e+03 9.917089426949073916e-01
6.333334289999999783e+03 1.003090313471059147e+00
6.333367220000000088e+03 9.986551176995409618e-01
6.333400160000000142e+03 9.882706422693675608e-01
6.333433100000000195e+03 9.826715770767461278e-01
6.333466029999999591e+03 9.847239788461993326e-01
6.333498969999999645e+03 9.978245812628407929e-01
6.333531909999999698e+03 1.001495328884899783e+00
6.333564849999999751e+03 9.940648689997765297e-01
6.333597780000000057e+03 9.953854359668452556e-01
6.333630720000000110e+03 9.999395320184236713e-01
6.333663660000000164e+03 9.967723868156131983e-01
6.333696600000000217e+03 9.937707438187869391e-01
6.333729540000000270e+03 1.001414176467207762e+00
6.333762480000000323e+03 9.882010134962954107e-01
6.333795409999999720e+03 9.831448816488380649e-01
6.333828349999999773e+03 9.780044332044823818e-01
6.333861289999999826e+03 9.872641975058644714e-01
6.333894229999999880e+03 1.001165535592175582e+00
6.333927169999999933e+03 1.004624663007430030e+00
6.333960109999999986e+03 1.003853664012485769e+00
6.333993050000000039e+03 9.984561846306678756e-01
6.334025990000000093e+03 1.008024575377383769e+00
6.334058930000000146e+03 1.013472300678319282e+00
6.334091870000000199e+03 9.978118863904412716e-01
6.334124810000000252e+03 9.853122063430581612e-01
6.334157750000000306e+03 1.006612479316796316e+00
6.334190690000000359e+03 9.992215646937482321e-01
6.334223630000000412e+03 9.984838239133270177e-01
6.334256580000000213e+03 1.003822182703588028e+00
6.334289520000000266e+03 9.918095028467133201e-01
6.334322460000000319e+03 9.924221304636456908e-01
6.334355400000000373e+03 1.005685965469055532e+00
6.334388340000000426e+03 1.000878298774974917e+00
6.334421279999999570e+03 9.963260251243927224e-01
6.334454230000000280e+03 1.000553636302986771e+00
6.334487170000000333e+03 9.908672475145748892e-01
6.334520110000000386e+03 1.002325535839555970e+00
6.334553060000000187e+03 1.001016889039421542e+00
6.334586000000000240e+03 1.003050375537468675e+00
6.334618940000000293e+03 1.001083327943110390e+00
6.334651880000000347e+03 9.955198060200384225e-01
6.334684830000000147e+03 9.983684056454159572e-01
6.334717770000000201e+03 9.978954202708233412e-01
6.334750720000000001e+03 9.929850909998325648e-01
6.334783660000000054e+03 1.000689228782020379e+00
6.334816600000000108e+03 9.994477975277168413e-01
6.334849549999999908e+03 9.949200819146299946e-01
6.334882489999999962e+03 9.994701465885583724e-01
6.334915439999999762e+03 9.945706891806858074e-01
6.334948379999999815e+03 9.965558198714484783e-01
6.334981329999999616e+03 1.000444826332495873e+00
6.335014269999999669e+03 9.979300872194054595e-01
6.335047220000000380e+03 1.030674594633142593e+00
6.335080160000000433e+03 1.005257148766586006e+00
6.335113110000000233e+03 9.951139505869235347e-01
6.335146050000000287e+03 9.911217571002721716e-01
6.335179000000000087e+03 1.001216755158547800e+00
6.335211949999999888e+03 1.003926022972083665e+00
6.335244889999999941e+03 9.922089726607568050e-01
6.335277839999999742e+03 9.876251995936633499e-01
6.335310790000000452e+03 9.965167352801631573e-01
6.335343729999999596e+03 1.002815820904688682e+00
6.335376680000000306e+03 9.999377365248655058e-01
6.335409630000000107e+03 1.002433287941713047e+00
6.335442579999999907e+03 1.003997510467380172e+00
6.335475519999999960e+03 9.791840784362991768e-01
6.335508469999999761e+03 1.014682895728388656e+00
6.335541419999999562e+03 1.009288781092097631e+00
6.335574370000000272e+03 9.934182573580493392e-01
6.335607310000000325e+03 9.897093484408301389e-01
6.335640260000000126e+03 9.908210989251579059e-01
6.335673209999999926e+03 9.866921242900569267e-01
6.335706159999999727e+03 9.837202074852058331e-01
6.335739110000000437e+03 9.981434897570221620e-01
6.335772060000000238e+03 1.003101273275502692e+00
6.335805010000000038e+03 9.948210732623095076e-01
6.335837959999999839e+03 9.912957797978290131e-01
6.335870909999999640e+03 9.922264896523997901e-01
6.335903860000000350e+03 9.954424037417379800e-01
6.335936810000000150e+03 9.873719436900308954e-01
6.335969759999999951e+03 9.965528697427440408e-01
6.336002709999999752e+03 1.005987943228790593e+00
6.336035659999999552e+03 1.000203777436736940e+00
6.336068610000000263e+03 9.829491692023972771e-01
6.336101560000000063e+03 9.937765795554454051e-01
6.336134509999999864e+03 9.918306793462114967e-01
6.336167459999999664e+03 9.961172615734288360e-01
6.336200410000000375e+03 1.004016220231041645e+00
6.336233360000000175e+03 9.944381948730648402e-01
6.336266319999999723e+03 9.952528656302283006e-01
6.336299270000000433e+03 1.004557125426470687e+00
6.336332220000000234e+03 1.003076417424285882e+00
6.336365170000000035e+03 1.001237268119808288e+00
6.336398119999999835e+03 9.923412868069816373e-01
6.336431080000000293e+03 9.887564899834931920e-01
6.336464030000000093e+03 9.957107023926993206e-01
6.336496979999999894e+03 9.810168643340426708e-01
6.336529940000000352e+03 1.005422530850716978e+00
6.336562890000000152e+03 1.009028848975364490e+00
6.336595839999999953e+03 1.001431283007903961e+00
6.336628800000000410e+03 9.868511060911419053e-01
6.336661750000000211e+03 9.897244510591605149e-01
6.336694700000000012e+03 9.838543678840638851e-01
6.336727659999999560e+03 9.828467334115494891e-01
6.336760610000000270e+03 9.920802486691477906e-01
6.336793569999999818e+03 9.914860997090685357e-01
6.336826519999999618e+03 9.860356166701298442e-01
6.336859480000000076e+03 9.942186563862651649e-01
6.336892429999999877e+03 1.009341014737523246e+00
6.336925390000000334e+03 1.009698931039484382e+00
6.336958340000000135e+03 1.002969547309670029e+00
6.336991299999999683e+03 9.969255236711774826e-01
6.337024250000000393e+03 9.987643086133709547e-01
6.337057209999999941e+03 9.908477056923645776e-01
6.337090159999999742e+03 1.004571627725920235e+00
6.337123120000000199e+03 1.012884587297641747e+00
6.337156079999999747e+03 9.972222981991796242e-01
6.337189029999999548e+03 9.917061006420901936e-01
6.337221990000000005e+03 9.950507845502383208e-01
6.337254949999999553e+03 1.005627520911287265e+00
6.337287900000000263e+03 1.006071249824328273e+00
6.337320859999999811e+03 9.965908066744318949e-01
6.337353820000000269e+03 9.977518912374059301e-01
6.337386779999999817e+03 9.923663727856322225e-01
6.337419729999999618e+03 9.793249338936022008e-01
6.337452690000000075e+03 9.854407077270675996e-01
6.337485649999999623e+03 9.963569752278599312e-01
6.337518610000000081e+03 9.982208452471064142e-01
6.337551569999999629e+03 9.952065562488481287e-01
6.337584520000000339e+03 9.974442751683049169e-01
6.337617479999999887e+03 9.915188854586427514e-01
6.337650440000000344e+03 9.925494479944926285e-01
6.337683399999999892e+03 9.981815838151727460e-01
6.337716360000000350e+03 9.873688671781898352e-01
6.337749319999999898e+03 1.002896543228904758e+00
6.337782280000000355e+03 1.011497567701611811e+00
6.337815239999999903e+03 1.001392000612330246e+00
6.337848200000000361e+03 1.007681700599988739e+00
6.337881159999999909e+03 1.003523511760865627e+00
6.337914120000000366e+03 9.894501431657664048e-01
6.337947079999999914e+03 9.901849645563334246e-01
6.337980040000000372e+03 9.764073965180918302e-01
6.338012999999999920e+03 9.889152619813602607e-01
6.338045960000000377e+03 1.001139087760510415e+00
6.338078919999999925e+03 9.862030955697503876e-01
6.338111890000000130e+03 9.930885237427664602e-01
6.338144849999999678e+03 9.831123507007432094e-01
6.338177810000000136e+03 9.977446357343647820e-01
6.338210769999999684e+03 1.004464880011996186e+00
6.338243730000000141e+03 9.971037308198726912e-01
6.338276689999999689e+03 1.005670230531230169e+00
6.338309659999999894e+03 1.004468009278660645e+00
6.338342620000000352e+03 9.957599076025771545e-01
6.338375579999999900e+03 9.980793979867513821e-01
6.338408540000000357e+03 9.976305056222845025e-01
6.338441509999999653e+03 9.967347944714355368e-01
6.338474470000000110e+03 9.916845324141646545e-01
6.338507429999999658e+03 1.002907795018373127e+00
6.338540399999999863e+03 9.990257205285058006e-01
6.338573360000000321e+03 1.003866668996731715e+00
6.338606329999999616e+03 1.005995344772143252e+00
6.338639290000000074e+03 9.960971103797476855e-01
6.338672249999999622e+03 9.933926620097469629e-01
6.338705219999999827e+03 1.019169863565788203e+00
6.338738180000000284e+03 1.008333612317210637e+00
6.338771149999999579e+03 9.902401092649836256e-01
6.338804110000000037e+03 9.887355844851188902e-01
6.338837080000000242e+03 9.920700411631006022e-01
6.338870039999999790e+03 9.952080684364249530e-01
6.338903009999999995e+03 1.002447141646241047e+00
6.338935970000000452e+03 1.010310786888681811e+00
6.338968939999999748e+03 1.011019605823048728e+00
6.339001900000000205e+03 1.005961126129172989e+00
6.339034870000000410e+03 9.881892089425948766e-01
6.339067839999999705e+03 9.843000708530802445e-01
6.339100800000000163e+03 9.971365120285821115e-01
6.339133770000000368e+03 9.942953519157149422e-01
6.339166739999999663e+03 9.871924724600591450e-01
6.339199700000000121e+03 9.945190386871997079e-01
6.339232670000000326e+03 1.002062869634926745e+00
6.339265639999999621e+03 9.981122419546483160e-01
6.339298609999999826e+03 9.921456224650025968e-01
6.339331570000000283e+03 1.004564702141192534e+00
6.339364539999999579e+03 1.010048542261005933e+00
6.339397509999999784e+03 1.003762184458726781e+00
6.339430479999999989e+03 9.972193725692967137e-01
6.339463450000000194e+03 9.945845106507844591e-01
6.339496409999999742e+03 9.972625039076240538e-01
6.339529379999999946e+03 9.916208987548643661e-01
6.339562350000000151e+03 9.921038787813102333e-01
6.339595320000000356e+03 9.948827424575740208e-01
6.339628289999999652e+03 1.005563313438849526e+00
6.339661259999999857e+03 1.001695658883384743e+00
6.339694230000000061e+03 1.004261737853509251e+00
6.339727200000000266e+03 9.951962866834707100e-01
6.339760169999999562e+03 9.958849816284762735e-01
6.339793139999999767e+03 9.994834185526261239e-01
6.339826109999999971e+03 9.888442221803567245e-01
6.339859080000000176e+03 9.978286059107176476e-01
6.339892050000000381e+03 1.007726258882131853e+00
6.339925019999999677e+03 1.000732333754066339e+00
6.339957989999999882e+03 9.985779550315818653e-01
6.339990960000000086e+03 9.992570526723650870e-01
6.340023930000000291e+03 1.000420104953706257e+00
6.340056910000000244e+03 1.004994256878981584e+00
6.340089880000000448e+03 9.945189806269009170e-01
6.340122849999999744e+03 9.943316433466848903e-01
6.340155819999999949e+03 1.004213684878081381e+00
6.340188790000000154e+03 1.001692437315173656e+00
6.340221760000000359e+03 1.001825134555326624e+00
6.340254740000000311e+03 9.869630436581875443e-01
6.340287709999999606e+03 9.885710219800416532e-01
6.340320679999999811e+03 9.872752724585472928e-01
6.340353659999999763e+03 9.904365890621930069e-01
6.340386629999999968e+03 9.934339855456497670e-01
6.340419600000000173e+03 1.000544996473850201e+00
6.340452580000000125e+03 1.000693305154021440e+00
6.340485550000000330e+03 1.005259651359287298e+00
6.340518519999999626e+03 1.009037619843644373e+00
6.340551499999999578e+03 1.000810390954156359e+00
6.340584469999999783e+03 9.944721463068471046e-01
6.340617449999999735e+03 9.993351098724549963e-01
6.340650419999999940e+03 1.002082723315623536e+00
6.340683390000000145e+03 9.883134332197447414e-01
6.340716370000000097e+03 1.000336214067149010e+00
6.340749340000000302e+03 9.952133354703768253e-01
6.340782320000000254e+03 9.886136660481216198e-01
6.340815289999999550e+03 9.868540403276900852e-01
6.340848270000000412e+03 9.846801520910555272e-01
6.340881250000000364e+03 1.008772703141219917e+00
6.340914219999999659e+03 1.003710460754344558e+00
6.340947199999999611e+03 9.887412306004332851e-01
6.340980169999999816e+03 9.926764104028091840e-01
6.341013149999999769e+03 1.002363527578704616e+00
6.341046129999999721e+03 1.001666898838246667e+00
6.341079099999999926e+03 1.007160058956183768e+00
6.341112079999999878e+03 1.013905073654325584e+00
6.341145059999999830e+03 1.010637571162086301e+00
6.341178039999999783e+03 9.976513947970594431e-01
6.341211009999999987e+03 9.860776177430788936e-01
6.341243989999999940e+03 9.995561570836071219e-01
6.341276969999999892e+03 9.990698562875879318e-01
6.341309949999999844e+03 1.017613249843692058e+00
6.341342920000000049e+03 1.010229421822269158e+00
6.341375900000000001e+03 1.005386579280047821e+00
6.341408879999999954e+03 1.008601486144448778e+00
6.341441859999999906e+03 1.015275703755137204e+00
6.341474839999999858e+03 9.993192450528475268e-01
6.341507819999999811e+03 1.011394266679606968e+00
6.341540799999999763e+03 1.010572245102250744e+00
6.341573779999999715e+03 1.000066427819680692e+00
6.341606749999999920e+03 9.977789173004791845e-01
6.341639729999999872e+03 1.001300806726852510e+00
6.341672709999999825e+03 1.009122595835167946e+00
6.341705689999999777e+03 1.000319382322446105e+00
6.341738669999999729e+03 9.911617977174558280e-01
6.341771649999999681e+03 9.983975253840947639e-01
6.341804640000000290e+03 9.894179690567443952e-01
6.341837620000000243e+03 9.869082208334787332e-01
6.341870600000000195e+03 9.916069946003615021e-01
6.341903580000000147e+03 1.009425572982260766e+00
6.341936560000000100e+03 1.001642445691819594e+00
6.341969540000000052e+03 1.005223439850357225e+00
6.342002520000000004e+03 1.005238311418572117e+00
6.342035499999999956e+03 9.990515977418245042e-01
6.342068489999999656e+03 1.020362095110745271e+00
6.342101469999999608e+03 1.005659389135971304e+00
6.342134449999999561e+03 9.970080887538179670e-01
6.342167430000000422e+03 1.003814625269916938e+00
6.342200410000000375e+03 1.004570684385539314e+00
6.342233400000000074e+03 9.961952749652296379e-01
6.342266380000000026e+03 9.982291828554515911e-01
6.342299359999999979e+03 1.007659899621039745e+00
6.342332349999999678e+03 1.009379839962485814e+00
6.342365329999999631e+03 1.005263981553143671e+00
6.342398309999999583e+03 1.005854425874650904e+00
6.342431300000000192e+03 1.014241336838240137e+00
6.342464280000000144e+03 1.010180483199491164e+00
6.342497269999999844e+03 1.008253122312594563e+00
6.342530249999999796e+03 1.005478748370872699e+00
6.342563229999999749e+03 1.011292672051419927e+00
6.342596220000000358e+03 1.028337640689144239e+00
6.342629200000000310e+03 1.006496981993165063e+00
6.342662190000000010e+03 9.994641311545162665e-01
6.342695169999999962e+03 1.011002997046773544e+00
6.342728159999999662e+03 1.023733623509262225e+00
6.342761139999999614e+03 1.013728523769793943e+00
6.342794130000000223e+03 1.016640101683828235e+00
6.342827119999999923e+03 1.009513479882284681e+00
6.342860099999999875e+03 9.974700089124400870e-01
6.342893089999999575e+03 9.991896931528547743e-01
6.342926070000000436e+03 9.988468981547191650e-01
6.342959060000000136e+03 9.767899963428229304e-01
6.342992049999999836e+03 9.568823286377596826e-01
6.343025029999999788e+03 9.687181982109690503e-01
6.343058020000000397e+03 9.787580319385804639e-01
6.343091010000000097e+03 9.972036180963547158e-01
6.343123999999999796e+03 1.007203592135806458e+00
6.343156979999999749e+03 1.016489749651958263e+00
6.343189970000000358e+03 1.006541379700154781e+00
6.343222960000000057e+03 1.001642892307260668e+00
6.343255949999999757e+03 1.019428294198199580e+00
6.343288940000000366e+03 1.025671550982423241e+00
6.343321920000000318e+03 1.013042077046871103e+00
6.343354910000000018e+03 1.016705695927797359e+00
6.343387899999999718e+03 1.016347044896614982e+00
6.343420890000000327e+03 1.018269955440287866e+00
6.343453880000000026e+03 1.021533502027555329e+00
6.343486869999999726e+03 1.018070091720488124e+00
6.343519860000000335e+03 1.018605209433165015e+00
6.343552850000000035e+03 1.014616654095550130e+00
6.343585839999999735e+03 1.006104608153417956e+00
6.343618830000000344e+03 1.005213030238642613e+00
6.343651820000000043e+03 1.009393727795584894e+00
6.343684809999999743e+03 1.016937476226643655e+00
6.343717800000000352e+03 1.005399834480379395e+00
6.343750790000000052e+03 1.009729308207071519e+00
6.343783779999999751e+03 1.010656441759342883e+00
6.343816770000000361e+03 1.012383140616296417e+00
6.343849760000000060e+03 1.007619089018455316e+00
6.343882749999999760e+03 1.008209140454745967e+00
6.343915740000000369e+03 1.024727625327538361e+00
6.343948739999999816e+03 1.013990507581163047e+00
6.343981730000000425e+03 1.019048447603370322e+00
6.344014720000000125e+03 1.007645427561471019e+00
6.344047709999999825e+03 1.008917378246634078e+00
6.344080700000000434e+03 1.023984662166948389e+00
6.344113699999999881e+03 1.033870505415891206e+00
6.344146689999999580e+03 1.027523451966701140e+00
6.344179680000000189e+03 1.025079873643277795e+00
6.344212679999999636e+03 1.028303126355894159e+00
6.344245670000000246e+03 1.023320172200636202e+00
6.344278659999999945e+03 1.020688645428799113e+00
6.344311660000000302e+03 1.025095295658843719e+00
6.344344650000000001e+03 1.031884411567202786e+00
6.344377639999999701e+03 1.023727559021092137e+00
6.344410640000000058e+03 1.029889528758286987e+00
6.344443629999999757e+03 1.024060546368234181e+00
6.344476630000000114e+03 1.031821096581568176e+00
6.344509619999999813e+03 1.034001564303465237e+00
6.344542620000000170e+03 1.022444055177714750e+00
6.344575609999999870e+03 1.008285077569998300e+00
6.344608610000000226e+03 1.013388818139439929e+00
6.344641599999999926e+03 1.025075073973195749e+00
6.344674600000000282e+03 1.028423102375090714e+00
6.344707589999999982e+03 1.031112797834392136e+00
6.344740590000000338e+03 1.027846927498366147e+00
6.344773580000000038e+03 1.027167050526104131e+00
6.344806580000000395e+03 1.032199602125208671e+00
6.344839579999999842e+03 1.027711455604889856e+00
6.344872570000000451e+03 1.016077230907131979e+00
6.344905569999999898e+03 1.019229174199930421e+00
6.344938570000000254e+03 1.027607336788182613e+00
6.344971559999999954e+03 1.028768844607356625e+00
6.345004560000000311e+03 1.032954753502730583e+00
6.345037559999999758e+03 1.026476812236251090e+00
6.345070550000000367e+03 1.038121675096389529e+00
6.345103549999999814e+03 1.031361778058855316e+00
6.345136550000000170e+03 1.040420738943565793e+00
6.345169549999999617e+03 1.028615380726815243e+00
6.345202549999999974e+03 1.033600093158303368e+00
6.345235539999999673e+03 1.037989246952071731e+00
6.345268540000000030e+03 1.020363374676598767e+00
6.345301540000000386e+03 1.039167843536026981e+00
6.345334539999999834e+03 1.048155460663326988e+00
6.345367540000000190e+03 1.043229351154260076e+00
6.345400539999999637e+03 1.029153186989760549e+00
6.345433539999999994e+03 1.029335206475974429e+00
6.345466540000000350e+03 1.047253065875966005e+00
6.345499539999999797e+03 1.045734913842760072e+00
6.345532540000000154e+03 1.043221929924759150e+00
6.345565539999999601e+03 1.050422600563934772e+00
6.345598539999999957e+03 1.039551348538892750e+00
6.345631540000000314e+03 1.037947214985009081e+00
6.345664539999999761e+03 1.046878808339528399e+00
6.345697540000000117e+03 1.037010681101944165e+00
6.345730539999999564e+03 1.039699136734657081e+00
6.345763539999999921e+03 1.027074188078888728e+00
6.345796540000000277e+03 1.031313599605797604e+00
6.345829539999999724e+03 1.046777150493483299e+00
6.345862549999999828e+03 1.043442063929842067e+00
6.345895550000000185e+03 1.028475830367771016e+00
6.345928549999999632e+03 1.038025349001079789e+00
6.345961549999999988e+03 1.031839570604045964e+00
6.345994550000000345e+03 1.039571724073707015e+00
6.346027560000000449e+03 1.028694680262332684e+00
6.346060559999999896e+03 1.021232667182820908e+00
6.346093560000000252e+03 1.026615095270171585e+00
6.346126559999999699e+03 1.037330799715214580e+00
6.346159569999999803e+03 1.023384366242346522e+00
6.346192570000000160e+03 1.017426480870592842e+00
6.346225569999999607e+03 1.042786656954254765e+00
6.346258579999999711e+03 1.048160598368659269e+00
6.346291580000000067e+03 1.042602012659986865e+00
6.346324590000000171e+03 1.040285654729177445e+00
6.346357589999999618e+03 1.026825832694502338e+00
6.346390589999999975e+03 1.036271775707993781e+00
6.346423600000000079e+03 1.037659565503502801e+00
6.346456600000000435e+03 1.037175785709657960e+00
6.346489609999999630e+03 1.044921966406586966e+00
6.346522609999999986e+03 1.032261695763727616e+00
6.346555620000000090e+03 1.041706927077491018e+00
6.346588620000000446e+03 1.036188251458393994e+00
6.346621629999999641e+03 1.030990756891807747e+00
6.346654639999999745e+03 1.021071872435976635e+00
6.346687640000000101e+03 1.016266222768806626e+00
6.346720650000000205e+03 1.032867522258921644e+00
6.346753649999999652e+03 1.030755277297344286e+00
6.346786659999999756e+03 1.020602039595195798e+00
6.346819669999999860e+03 1.019695761072921814e+00
6.346852670000000217e+03 1.031277459142959430e+00
6.346885680000000320e+03 1.029666421911793028e+00
6.346918690000000424e+03 1.024195620440877086e+00
6.346951689999999871e+03 1.018231735599925747e+00
6.346984699999999975e+03 1.021882035857453408e+00
6.347017710000000079e+03 1.036617972771807228e+00
6.347050720000000183e+03 1.029792988842565205e+00
6.347083730000000287e+03 1.011311256386475899e+00
6.347116729999999734e+03 1.017834551324608761e+00
6.347149739999999838e+03 1.033571797385077984e+00
6.347182749999999942e+03 1.025651247432942670e+00
6.347215760000000046e+03 1.017480405370218888e+00
6.347248770000000150e+03 1.024519922243736891e+00
6.347281780000000253e+03 1.024232178838560658e+00
6.347314790000000357e+03 1.031075716863958158e+00
6.347347799999999552e+03 1.031515883855782967e+00
6.347380799999999908e+03 1.019846510716527543e+00
6.347413810000000012e+03 1.008420103898531206e+00
6.347446820000000116e+03 1.017509991171609451e+00
6.347479830000000220e+03 1.024971527443404362e+00
6.347512840000000324e+03 1.018257565792783925e+00
6.347545850000000428e+03 1.004311427232486231e+00
6.347578870000000279e+03 9.976683634196552575e-01
6.347611880000000383e+03 9.757471465179601289e-01
6.347644889999999577e+03 9.814242068653973305e-01
6.347677899999999681e+03 1.002973877229920374e+00
6.347710909999999785e+03 1.016516253822094207e+00
6.347743919999999889e+03 1.027342437963088440e+00
6.347776929999999993e+03 1.028659145198552505e+00
6.347809940000000097e+03 1.021515494294666704e+00
6.347842959999999948e+03 1.015992071169501632e+00
6.347875970000000052e+03 1.006250492043271327e+00
6.347908980000000156e+03 9.925491830057421305e-01
6.347941990000000260e+03 1.003695681255550642e+00
6.347975010000000111e+03 1.018692199159966227e+00
6.348008020000000215e+03 1.016080369795586913e+00
6.348041030000000319e+03 1.025199259710008359e+00
6.348074040000000423e+03 1.031289418908923894e+00
6.348107060000000274e+03 1.042630280361770634e+00
6.348140070000000378e+03 1.023999809938290984e+00
6.348173079999999572e+03 1.016599044189508305e+00
6.348206100000000333e+03 1.013674444246820849e+00
6.348239110000000437e+03 1.029889924351586439e+00
6.348272130000000288e+03 1.037740131411981181e+00
6.348305140000000392e+03 1.028399026012012385e+00
6.348338160000000244e+03 1.028252194648034967e+00
6.348371170000000347e+03 1.038918967336801114e+00
6.348404180000000451e+03 1.029499977436903801e+00
6.348437200000000303e+03 1.027357918019693006e+00
6.348470210000000407e+03 1.029581870724632253e+00
6.348503230000000258e+03 1.034685057330827940e+00
6.348536250000000109e+03 1.033325421947859590e+00
6.348569260000000213e+03 1.032935999400364402e+00
6.348602280000000064e+03 1.034612083116439596e+00
6.348635290000000168e+03 1.027572458915032572e+00
6.348668310000000019e+03 1.029976169429455357e+00
6.348701329999999871e+03 1.026903331426899824e+00
6.348734339999999975e+03 1.031927844130236860e+00
6.348767359999999826e+03 1.040973413684318505e+00
6.348800379999999677e+03 1.040560451141011589e+00
6.348833389999999781e+03 1.056693420453245214e+00
6.348866409999999632e+03 1.034970342335328475e+00
6.348899430000000393e+03 1.035582279325518940e+00
6.348932450000000244e+03 1.013867890815534745e+00
6.348965460000000348e+03 1.047491927716496907e+00
6.348998480000000200e+03 1.040961635186929968e+00
6.349031500000000051e+03 1.024582992767804290e+00
6.349064519999999902e+03 1.022644927964331041e+00
6.349097539999999753e+03 1.033113064223763811e+00
6.349130549999999857e+03 1.027177805529347676e+00
6.349163569999999709e+03 1.038466918101983438e+00
6.349196589999999560e+03 1.042614266075949203e+00
6.349229610000000321e+03 1.032760358737252471e+00
6.349262630000000172e+03 1.030399965047041455e+00
6.349295650000000023e+03 1.034985267141036891e+00
6.349328669999999875e+03 1.034087537389552836e+00
6.349361689999999726e+03 1.044922003914613207e+00
6.349394709999999577e+03 1.044775013812187847e+00
6.349427730000000338e+03 1.033482763328395393e+00
6.349460750000000189e+03 1.040539194347105401e+00
6.349493770000000040e+03 1.032305325895584991e+00
6.349526789999999892e+03 1.024830308045287852e+00
6.349559809999999743e+03 1.045987506218927221e+00
6.349592829999999594e+03 1.049062647489559241e+00
6.349625850000000355e+03 1.033055422149530500e+00
6.349658879999999954e+03 1.025533868384760794e+00
6.349691899999999805e+03 1.035702261560143222e+00
6.349724919999999656e+03 1.028642275685767160e+00
6.349757940000000417e+03 1.039342126978930247e+00
6.349790960000000268e+03 1.026706562344790186e+00
6.349823980000000120e+03 1.049996317592726047e+00
6.349857009999999718e+03 1.039065677326278525e+00
6.349890029999999570e+03 1.036643242802263165e+00
6.349923050000000330e+03 1.030991352282218942e+00
6.349956070000000182e+03 1.033354660974898476e+00
6.349989099999999780e+03 1.028211226603102268e+00
6.350022119999999632e+03 1.051084660587858322e+00
6.350055140000000392e+03 1.043814296244280238e+00
6.350088169999999991e+03 1.034120189831363001e+00
6.350121189999999842e+03 1.037382486817805649e+00
6.350154220000000350e+03 1.049073497270650579e+00
6.350187240000000202e+03 1.051170501254371503e+00
6.350220260000000053e+03 1.034307055493239424e+00
6.350253289999999652e+03 1.030469869117552673e+00
6.350286310000000412e+03 1.033990006972285602e+00
6.350319340000000011e+03 1.037322404436821000e+00
6.350352359999999862e+03 1.047253361203772437e+00
6.350385390000000370e+03 1.042149659573110787e+00
6.350418410000000222e+03 1.039203891830766224e+00
6.350451439999999820e+03 1.042379680733722669e+00
6.350484459999999672e+03 1.032358808008876805e+00
6.350517490000000180e+03 1.022799448752224283e+00
6.350550519999999779e+03 1.030791014478591450e+00
6.350583539999999630e+03 1.040564774668409020e+00
6.350616570000000138e+03 1.037212753249706632e+00
6.350649599999999737e+03 1.021853364664260910e+00
6.350682619999999588e+03 1.032385124535791121e+00
6.350715650000000096e+03 1.026570947137221745e+00
6.350748679999999695e+03 1.049609621164213635e+00
6.350781699999999546e+03 1.030827077211315723e+00
6.350814730000000054e+03 1.026443634752201461e+00
6.350847759999999653e+03 1.037256024329483495e+00
6.350880790000000161e+03 1.040353119163044182e+00
6.350913810000000012e+03 1.036313656243344150e+00
6.350946839999999611e+03 1.036987593250733530e+00
6.350979870000000119e+03 1.024256547472705448e+00
6.351012899999999718e+03 1.036561135362699781e+00
6.351045930000000226e+03 1.029504922808110789e+00
6.351078959999999825e+03 1.016203922594837827e+00
6.351111979999999676e+03 1.020027890599022324e+00
6.351145010000000184e+03 1.012761157825721181e+00
6.351178039999999783e+03 1.015834760313267138e+00
6.351211070000000291e+03 1.016430744053880453e+00
6.351244099999999889e+03 1.005944379691518398e+00
6.351277130000000398e+03 9.955364503623467254e-01
6.351310159999999996e+03 9.774776635401407621e-01
6.351343189999999595e+03 9.815987636598834110e-01
6.351376220000000103e+03 9.887285464682890046e-01
6.351409249999999702e+03 1.011112905944265394e+00
6.351442280000000210e+03 1.030120654838336369e+00
6.351475309999999808e+03 1.029770800253109408e+00
6.351508340000000317e+03 1.015612507264144648e+00
6.351541379999999663e+03 1.016333442269215626e+00
6.351574410000000171e+03 1.018796977345872490e+00
6.351607439999999769e+03 1.024706558575691817e+00
6.351640470000000278e+03 1.015643957430992339e+00
6.351673499999999876e+03 1.010051061553716156e+00
6.351706530000000384e+03 1.017070110131082838e+00
6.351739569999999730e+03 1.012563472361750483e+00
6.351772600000000239e+03 1.022887531760811930e+00
6.351805629999999837e+03 1.015544573524276295e+00
6.351838660000000345e+03 1.007951777749244826e+00
6.351871699999999691e+03 1.011938751310855977e+00
6.351904730000000200e+03 1.029505259073720813e+00
6.351937759999999798e+03 1.019623294911258249e+00
6.351970800000000054e+03 1.014132587886203307e+00
6.352003829999999653e+03 1.020064719521147412e+00
6.352036860000000161e+03 1.032207987853596576e+00
6.352069900000000416e+03 1.023451563352480331e+00
6.352102930000000015e+03 1.015171955160269368e+00
6.352135970000000270e+03 1.002837806759301120e+00
6.352168999999999869e+03 9.965743303341858539e-01
6.352202030000000377e+03 1.001084358363213633e+00
6.352235069999999723e+03 9.972819508338154337e-01
6.352268100000000231e+03 1.012018040562620680e+00
6.352301139999999577e+03 1.020308738186138209e+00
6.352334170000000086e+03 1.010811276412825421e+00
6.352367210000000341e+03 1.017281594470721862e+00
6.352400249999999687e+03 1.023259595649553377e+00
6.352433280000000195e+03 1.015090464342126353e+00
6.352466320000000451e+03 1.002070551711005120e+00
6.352499350000000049e+03 1.007197068768157511e+00
6.352532390000000305e+03 1.005964981883744391e+00
6.352565429999999651e+03 1.008560452310791167e+00
6.352598460000000159e+03 1.036050053552917571e+00
6.352631500000000415e+03 1.020867068088568086e+00
6.352664539999999761e+03 1.019877003683717698e+00
6.352697570000000269e+03 1.022542450080049514e+00
6.352730609999999615e+03 9.970032020582983989e-01
6.352763649999999870e+03 9.990908918769323410e-01
6.352796690000000126e+03 1.010488690082647523e+00
6.352829719999999725e+03 1.006398092347694062e+00
6.352862759999999980e+03 9.963951796065755317e-01
6.352895800000000236e+03 1.001364739096588741e+00
6.352928839999999582e+03 1.005568773357747414e+00
6.352961879999999837e+03 1.012029789703594362e+00
6.352994920000000093e+03 1.007220929616282401e+00
6.353027949999999691e+03 1.019008043211830028e+00
6.353060989999999947e+03 1.018057211591117728e+00
6.353094030000000203e+03 9.996441446714620094e-01
6.353127069999999549e+03 9.985530273885612207e-01
6.353160109999999804e+03 9.999609436528799078e-01
6.353193150000000060e+03 9.911074234537740058e-01
6.353226190000000315e+03 1.002839136319408464e+00
6.353259229999999661e+03 1.005629144583943368e+00
6.353292269999999917e+03 9.928011391279241149e-01
6.353325310000000172e+03 1.002361492888322880e+00
6.353358350000000428e+03 1.003566217031152785e+00
6.353391389999999774e+03 9.908871197828744704e-01
6.353424430000000029e+03 9.901085936481353045e-01
6.353457480000000032e+03 9.982160957123550338e-01
6.353490520000000288e+03 9.992021772678356673e-01
6.353523559999999634e+03 1.006395780308425358e+00
6.353556599999999889e+03 9.964815738973612502e-01
6.353589640000000145e+03 1.001402884642745406e+00
6.353622680000000400e+03 9.962986911944006208e-01
6.353655730000000403e+03 9.934042429765729265e-01
6.353688769999999749e+03 1.012066971628702294e+00
6.353721810000000005e+03 1.005096822179699645e+00
6.353754850000000260e+03 9.958782986487370037e-01
6.353787900000000263e+03 1.003250740690655229e+00
6.353820939999999609e+03 9.866389816671724544e-01
6.353853979999999865e+03 1.000530357077449084e+00
6.353887029999999868e+03 1.006629885346199682e+00
6.353920070000000123e+03 9.951713560673565162e-01
6.353953110000000379e+03 1.009452402044071384e+00
6.353986160000000382e+03 1.004793835355864307e+00
6.354019199999999728e+03 9.980978578613691754e-01
6.354052249999999731e+03 9.985762857027562500e-01
6.354085289999999986e+03 1.003652707712461511e+00
6.354118330000000242e+03 9.962778622345865864e-01
6.354151380000000245e+03 9.961396017046575402e-01
6.354184419999999591e+03 9.882654615898155415e-01
6.354217469999999594e+03 1.001358546517515657e+00
6.354250509999999849e+03 1.003546395600282581e+00
6.354283559999999852e+03 9.988650527626867781e-01
6.354316600000000108e+03 9.926148889901201811e-01
6.354349650000000111e+03 9.903464868879292560e-01
6.354382700000000114e+03 1.003283414659518868e+00
6.354415740000000369e+03 9.976857322500508607e-01
6.354448790000000372e+03 9.896242412403151167e-01
6.354481840000000375e+03 9.927898168694416769e-01
6.354514879999999721e+03 9.966331254214508828e-01
6.354547929999999724e+03 1.006043383588166584e+00
6.354580979999999727e+03 1.000137182882042008e+00
6.354614019999999982e+03 9.943261768100067899e-01
6.354647069999999985e+03 9.897483437870211453e-01
6.354680119999999988e+03 9.902379419871336630e-01
6.354713169999999991e+03 1.005768066376222958e+00
6.354746210000000247e+03 1.016291545154589304e+00
6.354779260000000249e+03 1.011300295768633672e+00
6.354812310000000252e+03 9.947968862501808118e-01
6.354845360000000255e+03 9.822546873431727832e-01
6.354878410000000258e+03 9.825969330277740665e-01
6.354911449999999604e+03 9.932877392452075238e-01
6.354944499999999607e+03 1.003679757899847536e+00
6.354977549999999610e+03 1.008004715940036711e+00
6.355010599999999613e+03 9.881059114001913279e-01
6.355043649999999616e+03 1.012666455977174085e+00
6.355076699999999619e+03 1.034193358161755727e+00
6.355109749999999622e+03 1.054430669362345308e+00
6.355142799999999625e+03 9.901003855892470673e-01
6.355175849999999627e+03 9.967416225616470005e-01
6.355208899999999630e+03 9.969336812182725271e-01
6.355241949999999633e+03 9.950805332822831861e-01
6.355274999999999636e+03 1.000272220496922770e+00
6.355308049999999639e+03 1.005423635459422149e+00
6.355341099999999642e+03 1.001354756996746476e+00
6.355374149999999645e+03 9.975978588791923896e-01
6.355407210000000305e+03 1.002700882615175537e+00
6.355440260000000308e+03 1.008222148070597068e+00
6.355473310000000311e+03 9.898680597695904693e-01
6.355506360000000313e+03 9.861069697695974412e-01
6.355539410000000316e+03 9.860361317295280870e-01
6.355572460000000319e+03 1.001496850527388460e+00
6.355605520000000070e+03 1.017054300718003734e+00
6.355638570000000072e+03 1.009650410659254760e+00
6.355671620000000075e+03 9.952699130953464035e-01
6.355704670000000078e+03 9.875992986262913664e-01
6.355737729999999829e+03 9.908963493896201236e-01
6.355770779999999831e+03 9.934321219357944432e-01
6.355803829999999834e+03 9.978369967926029593e-01
6.355836889999999585e+03 9.857328957849917916e-01
6.355869939999999588e+03 9.708863454052886199e-01
6.355902989999999591e+03 9.756104442629555118e-01
6.355936050000000250e+03 9.676394957819185461e-01
6.355969100000000253e+03 9.729520046622606166e-01
6.356002160000000003e+03 9.776118605795525163e-01
6.356035210000000006e+03 1.008694125657080276e+00
6.356068269999999757e+03 1.063491018640877472e+00
6.356101319999999760e+03 1.052964211673450112e+00
6.356134380000000419e+03 1.028695228811128182e+00
6.356167430000000422e+03 9.802855256309612741e-01
6.356200490000000173e+03 9.861335066115962666e-01
6.356233540000000175e+03 9.894473784170150221e-01
6.356266599999999926e+03 9.978789971547635806e-01
6.356299649999999929e+03 9.920151818265807719e-01
6.356332709999999679e+03 9.945914191648068670e-01
6.356365770000000339e+03 1.011038329524906132e+00
6.356398820000000342e+03 9.766157009937233013e-01
6.356431880000000092e+03 9.885799361818323749e-01
6.356464939999999842e+03 1.003434817229297504e+00
6.356497989999999845e+03 1.000527160407671756e+00
6.356531049999999595e+03 9.961771991692014439e-01
6.356564110000000255e+03 1.003852212641635600e+00
6.356597160000000258e+03 9.892396006859699442e-01
6.356630220000000008e+03 9.829603777695935518e-01
6.356663279999999759e+03 9.943284291875246206e-01
6.356696340000000419e+03 1.002338730702506675e+00
6.356729400000000169e+03 9.991712271871515672e-01
6.356762450000000172e+03 1.000393131516187584e+00
6.356795509999999922e+03 9.982547646984875067e-01
6.356828569999999672e+03 9.917021071764265949e-01
6.356861630000000332e+03 1.001210215014605831e+00
6.356894690000000082e+03 9.966162010463276433e-01
6.356927749999999833e+03 9.887604810331744876e-01
6.356960809999999583e+03 9.908265033324362703e-01
6.356993870000000243e+03 9.960536439480657256e-01
6.357026929999999993e+03 9.944869821738446802e-01
6.357059989999999743e+03 1.003000582108583671e+00
6.357093050000000403e+03 1.004502820590744916e+00
6.357126110000000153e+03 9.960005902236838127e-01
6.357159169999999904e+03 9.932398608595360834e-01
6.357192229999999654e+03 9.987566200314543785e-01
6.357225290000000314e+03 1.013041299803571382e+00
6.357258350000000064e+03 1.001343027241537342e+00
6.357291409999999814e+03 9.788508310867536366e-01
6.357324469999999565e+03 9.885938899049373507e-01
6.357357530000000224e+03 9.992768370099501807e-01
6.357390589999999975e+03 9.867592242199256791e-01
6.357423660000000382e+03 9.825145975324993675e-01
6.357456720000000132e+03 9.860796260677886504e-01
6.357489779999999882e+03 9.905605504187294796e-01
6.357522839999999633e+03 9.895422282368462330e-01
6.357555900000000292e+03 9.913786995176266936e-01
6.357588969999999790e+03 9.905775439398928350e-01
6.357622030000000450e+03 1.001244562880176270e+00
6.357655090000000200e+03 1.011696094611942431e+00
6.357688159999999698e+03 1.004749998755857465e+00
6.357721220000000358e+03 9.864479021677928783e-01
6.357754280000000108e+03 9.815554119730799387e-01
6.357787349999999606e+03 1.003691575768942634e+00
6.357820410000000265e+03 9.969287632691861134e-01
6.357853470000000016e+03 9.920669757571970448e-01
6.357886540000000423e+03 9.879032079220071427e-01
6.357919600000000173e+03 9.901760937241409488e-01
6.357952669999999671e+03 9.944374543975420533e-01
6.357985730000000331e+03 9.905990045582317993e-01
6.358018799999999828e+03 9.788839986787880587e-01
6.358051859999999579e+03 9.955351774741084681e-01
6.358084929999999986e+03 1.000303376296709068e+00
6.358117989999999736e+03 1.001079006286073936e+00
6.358151060000000143e+03 1.006392361146774661e+00
6.358184119999999893e+03 9.960568712985250484e-01
6.358217190000000301e+03 9.887659448314548571e-01
6.358250259999999798e+03 9.890590401488182914e-01
6.358283319999999549e+03 1.008635549596801351e+00
6.358316389999999956e+03 1.001779133124560239e+00
6.358349449999999706e+03 9.850255710785122965e-01
6.358382520000000113e+03 9.965990903749679664e-01
6.358415589999999611e+03 9.785827375630643532e-01
6.358448650000000271e+03 9.690777161781256588e-01
6.358481719999999768e+03 9.820214553410830938e-01
6.358514790000000175e+03 9.905189258553261933e-01
6.358547859999999673e+03 9.886657554161012440e-01
6.358580920000000333e+03 9.934315986318109637e-01
6.358613989999999831e+03 9.948922053569172474e-01
6.358647060000000238e+03 9.903471822293246074e-01
6.358680129999999735e+03 9.987166709538130016e-01
6.358713200000000143e+03 9.989642653742734080e-01
6.358746269999999640e+03 9.909167160242112748e-01
6.358779330000000300e+03 9.863931464229054313e-01
6.358812399999999798e+03 9.866200003172014288e-01
6.358845470000000205e+03 9.934489692241521563e-01
6.358878539999999703e+03 9.971260376921066149e-01
6.358911610000000110e+03 9.892061831521037352e-01
6.358944679999999607e+03 9.856758705927664010e-01
6.358977750000000015e+03 9.966306318803339614e-01
6.359010820000000422e+03 9.980585501430107032e-01
6.359043889999999919e+03 9.949485327538453161e-01
6.359076960000000327e+03 9.922665168462386776e-01
6.359110029999999824e+03 9.810062565431763026e-01
6.359143100000000231e+03 9.752802073704149866e-01
6.359176169999999729e+03 9.789886992159413381e-01
6.359209240000000136e+03 9.924592270085497159e-01
6.359242320000000291e+03 9.957867423070736468e-01
6.359275389999999788e+03 1.001761246030234531e+00
6.359308460000000196e+03 1.000246758943570846e+00
6.359341529999999693e+03 9.910871471409145039e-01
6.359374600000000100e+03 1.004481341820311791e+00
6.359407669999999598e+03 1.006859568997973353e+00
6.359440749999999753e+03 9.944295917986538669e-01
6.359473820000000160e+03 9.911785869156244377e-01
6.359506889999999657e+03 9.852958080892026960e-01
6.359539960000000065e+03 9.858129736348416605e-01
6.359573040000000219e+03 9.820788758044867173e-01
6.359606109999999717e+03 9.795515201640104808e-01
6.359639180000000124e+03 9.966695117201681553e-01
6.359672260000000279e+03 9.861064797809274696e-01
6.359705329999999776e+03 9.833843851107347822e-01
6.359738400000000183e+03 9.848593730558919956e-01
6.359771480000000338e+03 9.921592020981143678e-01
6.359804549999999836e+03 1.005899390933443938e+00
6.359837629999999990e+03 9.999690489618376921e-01
6.359870700000000397e+03 1.006358433300812871e+00
6.359903779999999642e+03 9.884970647151801737e-01
6.359936850000000049e+03 1.005314449406267796e+00
6.359969930000000204e+03 9.752095904868526288e-01
6.360002999999999702e+03 9.967314261907781470e-01
6.360036079999999856e+03 9.951616924084876192e-01
6.360069150000000263e+03 1.008724908213506355e+00
6.360102230000000418e+03 1.008089979408843151e+00
6.360135299999999916e+03 1.011442874603313724e+00
6.360168380000000070e+03 1.006827831945933616e+00
6.360201460000000225e+03 9.947662559305661123e-01
6.360234529999999722e+03 1.009834083149109940e+00
6.360267609999999877e+03 1.014355680537708082e+00
6.360300680000000284e+03 1.000034588203382091e+00
6.360333760000000439e+03 1.011691511130465626e+00
6.360366839999999684e+03 1.011469402423914143e+00
6.360399919999999838e+03 1.012789699452079750e+00
6.360432990000000245e+03 1.012629918368817661e+00
6.360466070000000400e+03 9.966481001246244587e-01
6.360499149999999645e+03 1.005018517863728311e+00
6.360532229999999799e+03 1.009423857290677295e+00
6.360565300000000207e+03 1.013735871004999511e+00
6.360598380000000361e+03 9.932263563399917894e-01
6.360631459999999606e+03 9.938452895608388404e-01
6.360664539999999761e+03 1.006953483308695052e+00
6.360697619999999915e+03 1.001846087534153718e+00
6.360730700000000070e+03 9.987720679473344187e-01
6.360763780000000224e+03 9.927994508023147979e-01
6.360796860000000379e+03 9.973221076828715503e-01
6.360829939999999624e+03 9.926972345037152756e-01
6.360863010000000031e+03 9.943369947057795200e-01
6.360896090000000186e+03 1.012379424183180054e+00
6.360929170000000340e+03 1.011697507161694709e+00
6.360962249999999585e+03 1.005124428015256921e+00
6.360995329999999740e+03 1.005276160190354373e+00
6.361028419999999642e+03 1.004718758604684403e+00
6.361061499999999796e+03 1.009382610276617243e+00
6.361094579999999951e+03 1.003837672865349306e+00
6.361127660000000105e+03 1.002508673658749849e+00
6.361160740000000260e+03 1.009954996240128633e+00
6.361193820000000414e+03 1.002702962913464724e+00
6.361226899999999659e+03 1.016501442118121767e+00
6.361259979999999814e+03 1.015437574670341014e+00
6.361293069999999716e+03 9.924335588588170110e-01
6.361326149999999870e+03 9.928656663436555840e-01
6.361359230000000025e+03 1.006353242793239122e+00
6.361392310000000180e+03 1.009381185204432541e+00
6.361425390000000334e+03 9.938191258252213611e-01
6.361458480000000236e+03 9.923727644551584293e-01
6.361491560000000391e+03 1.002322482003308091e+00
6.361524639999999636e+03 1.006956358956310638e+00
6.361557730000000447e+03 1.008308641743733025e+00
6.361590809999999692e+03 1.001795466719115124e+00
6.361623889999999847e+03 1.010420893527944175e+00
6.361656979999999749e+03 1.020044499377452674e+00
6.361690059999999903e+03 1.010483019301430474e+00
6.361723149999999805e+03 1.006144460602946822e+00
6.361756229999999960e+03 1.000347860366380681e+00
6.361789310000000114e+03 9.771186401294238433e-01
6.361822400000000016e+03 9.601958158581865854e-01
6.361855480000000171e+03 9.618436983669714779e-01
6.361888570000000072e+03 9.737287045555115261e-01
6.361921650000000227e+03 9.947442606709796520e-01
6.361954740000000129e+03 9.851262559091374937e-01
6.361987820000000283e+03 1.002852443642733959e+00
6.362020910000000185e+03 1.005709887423713145e+00
6.362054000000000087e+03 9.867190189725802973e-01
6.362087080000000242e+03 1.003736676450948329e+00
6.362120170000000144e+03 1.002079411717647695e+00
6.362153250000000298e+03 9.915948698658829663e-01
6.362186340000000200e+03 9.931968878784203092e-01
6.362219430000000102e+03 9.836085934844142065e-01
6.362252510000000257e+03 9.889331869488477977e-01
6.362285600000000159e+03 9.937866463079249035e-01
6.362318690000000061e+03 9.995951827833134962e-01
6.362351779999999962e+03 9.973160660050318649e-01
6.362384860000000117e+03 9.889970420337974577e-01
6.362417950000000019e+03 9.911201737234205389e-01
6.362451039999999921e+03 1.003644282535494758e+00
6.362484129999999823e+03 1.007806865708763766e+00
6.362517209999999977e+03 9.974269857012719731e-01
6.362550299999999879e+03 9.880408769951670722e-01
6.362583389999999781e+03 9.896325016948378517e-01
6.362616479999999683e+03 9.955575173972315284e-01
6.362649569999999585e+03 9.889859911961469408e-01
6.362682660000000396e+03 9.895426966140576930e-01
6.362715750000000298e+03 1.001392151136239361e+00
6.362748840000000200e+03 9.995019689519903938e-01
6.362781930000000102e+03 9.950335446685877328e-01
6.362815020000000004e+03 9.968247492134638676e-01
6.362848109999999906e+03 9.971403588694277564e-01
6.362881199999999808e+03 9.957941546893668283e-01
6.362914289999999710e+03 9.928173664149596567e-01
6.362947379999999612e+03 9.895690102341609951e-01
6.362980470000000423e+03 9.903895219733988009e-01
6.363013560000000325e+03 9.815589150215214831e-01
6.363046650000000227e+03 1.003730827418510163e+00
6.363079740000000129e+03 9.917793180839046263e-01
6.363112830000000031e+03 9.922269934753733533e-01
6.363145919999999933e+03 9.912461956023458365e-01
6.363179019999999582e+03 9.891708693284382292e-01
6.363212110000000393e+03 9.906432705902489255e-01
6.363245200000000295e+03 9.859521580336864099e-01
6.363278290000000197e+03 9.922604332410073225e-01
6.363311380000000099e+03 1.002573451202174892e+00
6.363344479999999749e+03 9.870625974051193685e-01
6.363377569999999650e+03 9.958072824039528870e-01
6.363410659999999552e+03 9.874535188585302770e-01
6.363443750000000364e+03 9.976721692046292000e-01
6.363476850000000013e+03 9.915462034259316937e-01
6.363509939999999915e+03 1.000972462741795743e+00
6.363543029999999817e+03 1.004903920631526670e+00
6.363576130000000376e+03 9.958451088755200242e-01
6.363609220000000278e+03 1.006845459418509892e+00
6.363642319999999927e+03 1.009488259496743146e+00
6.363675409999999829e+03 9.926478849847599761e-01
6.363708510000000388e+03 9.830708789421196414e-01
6.363741600000000290e+03 9.868004218620203272e-01
6.363774690000000192e+03 1.011608938760235166e+00
6.363807789999999841e+03 1.004669987235592199e+00
6.363840879999999743e+03 9.991666998641033359e-01
6.363873980000000302e+03 9.949825477512331817e-01
6.363907079999999951e+03 9.965467795466417256e-01
6.363940169999999853e+03 9.874295857860266867e-01
6.363973270000000412e+03 9.946253273608868239e-01
6.364006360000000313e+03 1.001712000980776507e+00
6.364039459999999963e+03 9.998630785483637595e-01
6.364072559999999612e+03 1.009089713198285221e+00
6.364105650000000423e+03 1.005231965115380932e+00
6.364138750000000073e+03 9.977527066373812481e-01
6.364171849999999722e+03 9.995800940249208733e-01
6.364204939999999624e+03 1.007145958569187982e+00
6.364238040000000183e+03 1.010872777888786045e+00
6.364271139999999832e+03 1.006922561180893183e+00
6.364304229999999734e+03 1.001243466477828248e+00
6.364337330000000293e+03 9.992865709531102425e-01
6.364370429999999942e+03 9.949882397410202417e-01
6.364403529999999591e+03 1.004948472471001386e+00
6.364436630000000150e+03 1.008364487662406717e+00
6.364469720000000052e+03 9.896074189790206033e-01
6.364502819999999701e+03 9.978147592378275865e-01
6.364535920000000260e+03 1.004052478216030275e+00
6.364569019999999909e+03 1.000035196502162771e+00
6.364602119999999559e+03 9.923241087387725257e-01
6.364635220000000118e+03 1.000556950214448459e+00
6.364668319999999767e+03 1.000271399678721362e+00
6.364701420000000326e+03 1.003860545490223410e+00
6.364734519999999975e+03 9.983289067403556816e-01
6.364767619999999624e+03 1.002955901963163310e+00
6.364800720000000183e+03 1.005459367578816376e+00
6.364833819999999832e+03 1.002454375302823886e+00
6.364866920000000391e+03 1.004593418940731953e+00
6.364900020000000040e+03 9.945557991480614701e-01
6.364933119999999690e+03 1.003565085695442116e+00
6.364966220000000249e+03 1.007376385162726429e+00
6.364999319999999898e+03 1.005224230750379588e+00
6.365032419999999547e+03 1.004063559623561197e+00
6.365065520000000106e+03 9.960893917845747847e-01
6.365098630000000412e+03 9.954328149037559026e-01
6.365131730000000061e+03 9.880024338421385943e-01
6.365164829999999711e+03 9.965893992497434350e-01
6.365197930000000270e+03 1.000314052893078509e+00
6.365231029999999919e+03 1.004030399319263189e+00
6.365264140000000225e+03 9.922598721520334841e-01
6.365297239999999874e+03 1.003250628022199775e+00
6.365330340000000433e+03 1.005201616400691833e+00
6.365363449999999830e+03 1.001008705877897365e+00
6.365396550000000389e+03 1.004908281147813387e+00
6.365429650000000038e+03 9.896475532611289649e-01
6.365462760000000344e+03 1.013240968839806966e+00
6.365495859999999993e+03 1.008587439378770600e+00
6.365528959999999643e+03 1.004862452829795583e+00
6.365562069999999949e+03 1.011016766664955879e+00
6.365595169999999598e+03 1.008552857193965480e+00
6.365628279999999904e+03 1.005570728511805845e+00
6.365661379999999554e+03 1.010347712214400895e+00
6.365694489999999860e+03 9.967755753659980344e-01
6.365727590000000419e+03 9.979632772737960789e-01
6.365760699999999815e+03 9.922819443067559808e-01
6.365793800000000374e+03 9.976698971893667167e-01
6.365826909999999771e+03 9.949048993986672196e-01
6.365860010000000329e+03 9.986063884424012382e-01
6.365893119999999726e+03 1.003235900490203170e+00
6.365926220000000285e+03 1.008151421836610107e+00
6.365959329999999682e+03 9.972652565164825678e-01
6.365992439999999988e+03 1.013573334086554922e+00
6.366025539999999637e+03 1.000003733171777487e+00
6.366058649999999943e+03 1.005707804269231120e+00
6.366091760000000249e+03 1.012680011348834563e+00
6.366124859999999899e+03 1.021569919898146939e+00
6.366157970000000205e+03 1.006129673061493257e+00
6.366191079999999602e+03 1.009103293549503233e+00
6.366224180000000160e+03 1.012246938338376090e+00
6.366257289999999557e+03 9.983157136760444361e-01
6.366290399999999863e+03 1.015108146423168600e+00
6.366323510000000169e+03 1.002337323859193496e+00
6.366356619999999566e+03 9.992560415944483632e-01
6.366389720000000125e+03 1.012730242361983946e+00
6.366422830000000431e+03 1.014999692057815484e+00
6.366455939999999828e+03 1.003126786791189495e+00
6.366489050000000134e+03 1.011945416039278012e+00
6.366522160000000440e+03 1.015892582893640927e+00
6.366555269999999837e+03 1.014705685256187762e+00
6.366588380000000143e+03 1.020407733289866892e+00
6.366621490000000449e+03 1.012764990089033867e+00
6.366654599999999846e+03 1.004202507467623740e+00
6.366687710000000152e+03 1.014172055928775240e+00
6.366720819999999549e+03 1.016564785123297510e+00
6.366753929999999855e+03 1.029108110701973278e+00
6.366787040000000161e+03 1.024194890831394256e+00
6.366820149999999558e+03 1.007770969752595835e+00
6.366853259999999864e+03 1.010627466605629188e+00
6.366886370000000170e+03 1.017039802482812005e+00
6.366919479999999567e+03 1.012977507307762259e+00
6.366952589999999873e+03 1.001378591092958237e+00
6.366985700000000179e+03 1.015141851477799451e+00
6.367018820000000233e+03 1.006882575031755600e+00
6.367051929999999629e+03 1.021016224912812520e+00
6.367085039999999935e+03 1.013298218043816146e+00
6.367118150000000242e+03 1.014755171900747044e+00
6.367151259999999638e+03 1.026445453528672225e+00
6.367184379999999692e+03 1.029131004961600482e+00
6.367217489999999998e+03 1.015307643767610735e+00
6.367250600000000304e+03 1.021734001467986319e+00
6.367283720000000358e+03 1.020941640936968264e+00
6.367316829999999754e+03 1.008409870994411373e+00
6.367349940000000061e+03 1.027819463166224967e+00
6.367383060000000114e+03 1.014144274304473514e+00
6.367416170000000420e+03 1.030801861871598391e+00
6.367449279999999817e+03 1.014538326272811597e+00
6.367482399999999870e+03 1.013591640496796176e+00
6.367515510000000177e+03 1.030912851556839982e+00
6.367548630000000230e+03 1.016218895508661513e+00
6.367581739999999627e+03 1.028439427451974808e+00
6.367614849999999933e+03 1.011466597701196735e+00
6.367647969999999987e+03 1.008580601677405042e+00
6.367681080000000293e+03 1.004110731371974818e+00
6.367714200000000346e+03 1.012853570353014154e+00
6.367747320000000400e+03 1.005339547530616162e+00
6.367780429999999797e+03 1.007900963736232169e+00
6.367813549999999850e+03 9.987107385603891663e-01
6.367846660000000156e+03 9.968683381426112211e-01
6.367879780000000210e+03 9.892470313244143831e-01
6.367912900000000263e+03 1.004517411383482495e+00
6.367946009999999660e+03 1.007403074194786807e+00
6.367979129999999714e+03 9.917707060198861502e-01
6.368012240000000020e+03 1.004768929250209331e+00
6.368045360000000073e+03 1.014050848753585754e+00
6.368078480000000127e+03 1.000875802510293955e+00
6.368111600000000180e+03 1.004819560252379951e+00
6.368144709999999577e+03 1.026622720867188310e+00
6.368177829999999631e+03 1.020199463373241633e+00
6.368210949999999684e+03 1.014147223299572298e+00
6.368244069999999738e+03 1.011756520833188677e+00
6.368277189999999791e+03 1.028637609620934423e+00
6.368310300000000097e+03 1.024632415810063035e+00
6.368343420000000151e+03 1.045389979351263987e+00
6.368376540000000205e+03 1.025836832473758786e+00
6.368409660000000258e+03 1.022573375136605955e+00
6.368442780000000312e+03 1.022028676132378244e+00
6.368475900000000365e+03 1.026913438566454895e+00
6.368509020000000419e+03 1.030894412297070684e+00
6.368542139999999563e+03 1.028426571300871784e+00
6.368575259999999616e+03 1.016343935740784854e+00
6.368608379999999670e+03 1.027313885924013848e+00
6.368641499999999724e+03 1.025464055058584067e+00
6.368674619999999777e+03 1.029074003455805020e+00
6.368707739999999831e+03 1.030359428040113823e+00
6.368740859999999884e+03 1.028100375457149385e+00
6.368773979999999938e+03 1.020042248371573201e+00
6.368807099999999991e+03 1.019551764326683374e+00
6.368840220000000045e+03 1.030589683302785886e+00
6.368873340000000098e+03 1.022338932903901432e+00
6.368906460000000152e+03 1.024110782587346336e+00
6.368939589999999953e+03 1.021373388527636594e+00
6.368972710000000006e+03 1.004568379600533579e+00
6.369005830000000060e+03 1.001074821586983132e+00
6.369038950000000114e+03 9.937441889578936260e-01
6.369072070000000167e+03 9.933855313527496511e-01
6.369105199999999968e+03 1.013632751167186763e+00
6.369138320000000022e+03 1.012926314537443861e+00
6.369171440000000075e+03 1.009124124218344187e+00
6.369204560000000129e+03 1.014972083890925303e+00
6.369237689999999930e+03 1.009232309708509190e+00
6.369270809999999983e+03 1.021217213327963558e+00
6.369303930000000037e+03 1.031364404052678818e+00
6.369337059999999838e+03 1.013628674546112274e+00
6.369370179999999891e+03 9.991820354512940261e-01
6.369403309999999692e+03 1.023192600724354362e+00
6.369436429999999746e+03 1.034141753011203591e+00
6.369469549999999799e+03 1.035001981792343706e+00
6.369502679999999600e+03 1.032720669416600456e+00
6.369535799999999654e+03 1.020088898667833144e+00
6.369568930000000364e+03 1.022423551771660222e+00
6.369602050000000418e+03 1.021755727308538253e+00
6.369635180000000219e+03 1.014103050628407443e+00
6.369668300000000272e+03 1.016923920605769194e+00
6.369701430000000073e+03 1.024043489571787369e+00
6.369734559999999874e+03 1.030298410330710901e+00
6.369767679999999928e+03 1.028835596730643065e+00
6.369800809999999728e+03 1.020689603892330100e+00
6.369833929999999782e+03 1.027461289642689124e+00
6.369867059999999583e+03 1.031902159049329359e+00
6.369900190000000293e+03 1.028216949496812527e+00
6.369933310000000347e+03 1.031268623189059985e+00
6.369966440000000148e+03 1.040038189255537704e+00
6.369999569999999949e+03 1.035488790500824985e+00
6.370032699999999750e+03 1.029211108485099890e+00
6.370065819999999803e+03 1.020742277278517740e+00
6.370098949999999604e+03 1.023292254687366620e+00
6.370132080000000315e+03 1.021019707717048419e+00
6.370165210000000116e+03 1.065898112158969901e+00
6.370198330000000169e+03 1.054937092172287594e+00
6.370231459999999970e+03 1.030867947674249718e+00
6.370264589999999771e+03 1.022523492306162574e+00
6.370297719999999572e+03 1.020505776472267145e+00
6.370330850000000282e+03 1.021713007968750864e+00
6.370363980000000083e+03 1.013037465594029074e+00
6.370397109999999884e+03 1.024096474060638640e+00
6.370430239999999685e+03 1.010615046248370952e+00
6.370463370000000396e+03 1.021095098336075591e+00
6.370496500000000196e+03 1.020273351668121720e+00
6.370529629999999997e+03 1.036731262106409979e+00
6.370562759999999798e+03 1.026390207757093664e+00
6.370595889999999599e+03 1.028306814882393283e+00
6.370629020000000310e+03 1.028348925298972816e+00
6.370662150000000111e+03 1.023068698027809420e+00
6.370695279999999912e+03 1.016446543289186044e+00
6.370728409999999712e+03 1.008366839259986714e+00
6.370761540000000423e+03 1.030322213866855963e+00
6.370794670000000224e+03 1.036264682910158497e+00
6.370827800000000025e+03 1.017140339892769418e+00
6.370860929999999826e+03 1.021077545021862987e+00
6.370894070000000283e+03 1.021999006087542794e+00
6.370927200000000084e+03 1.034157338536312087e+00
6.370960329999999885e+03 1.027381737906589709e+00
6.370993459999999686e+03 1.025842884688926260e+00
6.371026590000000397e+03 1.016769550428274771e+00
6.371059729999999945e+03 1.023282036675755347e+00
6.371092859999999746e+03 1.034498368646496580e+00
6.371125989999999547e+03 1.024862450650537937e+00
6.371159130000000005e+03 1.033148015300486167e+00
6.371192259999999806e+03 1.028794647846670740e+00
6.371225389999999607e+03 1.039092407095513648e+00
6.371258530000000064e+03 1.023296132910067824e+00
6.371291659999999865e+03 1.020153787893326225e+00
6.371324789999999666e+03 1.024699022072169230e+00
6.371357930000000124e+03 1.016938208055938597e+00
6.371391059999999925e+03 1.021922817237060910e+00
6.371424200000000383e+03 1.008048202548743388e+00
6.371457330000000184e+03 1.014104481640175193e+00
6.371490469999999732e+03 1.019196792037571297e+00
6.371523600000000442e+03 1.018283050321803218e+00
6.371556739999999991e+03 1.014755795750246214e+00
6.371589869999999792e+03 1.017164931755345059e+00
6.371623010000000249e+03 1.025988082032244453e+00
6.371656140000000050e+03 1.023995003466220632e+00
6.371689279999999599e+03 1.009891194607589027e+00
6.371722420000000056e+03 1.009702358662360355e+00
6.371755549999999857e+03 1.031198057288367442e+00
6.371788690000000315e+03 1.020039577550299947e+00
6.371821829999999864e+03 1.008873814610780295e+00
6.371854959999999664e+03 1.005000478975097922e+00
6.371888100000000122e+03 1.009313281250571848e+00
6.371921239999999671e+03 1.009047398423892128e+00
6.371954370000000381e+03 1.017568424250834935e+00
6.371987509999999929e+03 1.024516758245231474e+00
6.372020650000000387e+03 1.032505340948900452e+00
6.372053789999999935e+03 1.023444938657366299e+00
6.372086919999999736e+03 1.013644994901373719e+00
6.372120060000000194e+03 1.011090061179451327e+00
6.372153199999999742e+03 9.961656186018000847e-01
6.372186340000000200e+03 9.873994561721174401e-01
6.372219479999999749e+03 9.999116224822603982e-01
6.372252620000000206e+03 1.013301850788951963e+00
6.372285759999999755e+03 1.024325724907587887e+00
6.372318900000000212e+03 1.026194230373409289e+00
6.372352030000000013e+03 1.020387455670687116e+00
6.372385169999999562e+03 1.028420678810491040e+00
6.372418310000000019e+03 1.015825315186929201e+00
6.372451449999999568e+03 1.012176631494936752e+00
6.372484590000000026e+03 1.024802001433082088e+00
6.372517729999999574e+03 1.025953690940298202e+00
6.372550870000000032e+03 1.027829621482910571e+00
6.372584009999999580e+03 1.041031847906469299e+00
6.372617159999999785e+03 1.048046558832576247e+00
6.372650300000000243e+03 1.027732372799841087e+00
6.372683439999999791e+03 1.022550739009526088e+00
6.372716580000000249e+03 1.019665221168253533e+00
6.372749719999999797e+03 1.014961603575541549e+00
6.372782860000000255e+03 1.005289000327781457e+00
6.372815999999999804e+03 1.008967771012826864e+00
6.372849150000000009e+03 1.023000354079709240e+00
6.372882289999999557e+03 1.025731093384030013e+00
6.372915430000000015e+03 1.025249350581029395e+00
6.372948569999999563e+03 1.026123424166639930e+00
6.372981719999999768e+03 1.028676767343816190e+00
6.373014860000000226e+03 1.030860270168493686e+00
6.373047999999999774e+03 1.028714627486400746e+00
6.373081140000000232e+03 1.028525580571616027e+00
6.373114290000000437e+03 1.035076366473717258e+00
6.373147429999999986e+03 1.041819471810037090e+00
6.373180570000000444e+03 1.039365689042614171e+00
6.373213719999999739e+03 1.031651374306614022e+00
6.373246860000000197e+03 1.026764021885475220e+00
6.373280010000000402e+03 1.032328370530374739e+00
6.373313149999999951e+03 1.029936569579684047e+00
6.373346300000000156e+03 1.038866261793339962e+00
6.373379439999999704e+03 1.029019383691978096e+00
6.373412589999999909e+03 1.019103562498977489e+00
6.373445730000000367e+03 1.024382588883449463e+00
6.373478879999999663e+03 1.028128899115432038e+00
6.373512020000000120e+03 1.032190809726230007e+00
6.373545170000000326e+03 1.026280077579756034e+00
6.373578309999999874e+03 1.020916319801746575e+00
6.373611460000000079e+03 1.016345908286229394e+00
6.373644599999999627e+03 1.030726160949743564e+00
6.373677749999999833e+03 1.032531479182311474e+00
6.373710900000000038e+03 1.014640063386684776e+00
6.373744039999999586e+03 1.017454309097148180e+00
6.373777189999999791e+03 1.025334865756829528e+00
6.373810339999999997e+03 1.035440302690946002e+00
6.373843480000000454e+03 1.039439705527237745e+00
6.373876629999999750e+03 1.038357416944497569e+00
6.373909779999999955e+03 1.035750738619056532e+00
6.373942930000000160e+03 1.044161428011439963e+00
6.373976069999999709e+03 1.035272480263500716e+00
6.374009219999999914e+03 1.031041582396011291e+00
6.374042370000000119e+03 1.029451451688905061e+00
6.374075520000000324e+03 1.025836698752882636e+00
6.374108669999999620e+03 1.018180493234152495e+00
6.374141819999999825e+03 1.013665412311022473e+00
6.374174960000000283e+03 1.015739974811858293e+00
6.374208109999999579e+03 1.021447827117226037e+00
6.374241259999999784e+03 1.049340178862683048e+00
6.374274409999999989e+03 1.027182099489496903e+00
6.374307560000000194e+03 1.019680690302301018e+00
6.374340710000000399e+03 1.034324530564389777e+00
6.374373859999999695e+03 1.038153394906063953e+00
6.374407009999999900e+03 1.036055463102796947e+00
6.374440160000000105e+03 1.046341765773431298e+00
6.374473310000000311e+03 1.040164530492111883e+00
6.374506459999999606e+03 1.033317933996873217e+00
6.374539609999999811e+03 1.036238282404475131e+00
6.374572760000000017e+03 1.018663495621731085e+00
6.374605919999999969e+03 1.035829431131991107e+00
6.374639070000000174e+03 1.020163910027173104e+00
6.374672220000000380e+03 1.018412949815351132e+00
6.374705369999999675e+03 1.027012679321146926e+00
6.374738519999999880e+03 1.023591735375465994e+00
6.374771670000000086e+03 1.031044433800182070e+00
6.374804830000000038e+03 1.016049969749964976e+00
6.374837980000000243e+03 1.016453866938628048e+00
6.374871130000000448e+03 1.018473677439075908e+00
6.374904279999999744e+03 1.013037196318051780e+00
6.374937439999999697e+03 1.015664862989417383e+00
6.374970589999999902e+03 1.029557123884556891e+00
6.375003740000000107e+03 1.033130782623371768e+00
6.375036900000000060e+03 1.016976456556748953e+00
6.375070050000000265e+03 1.023735542965917178e+00
6.375103199999999561e+03 1.020977050368295336e+00
6.375136360000000423e+03 1.007062752163970121e+00
6.375169509999999718e+03 1.009844060008830535e+00
6.375202659999999923e+03 1.011979013532685601e+00
6.375235819999999876e+03 1.016275694040153166e+00
6.375268970000000081e+03 1.014363851317265253e+00
6.375302130000000034e+03 1.006428459935280406e+00
6.375335280000000239e+03 1.010194200028420308e+00
6.375368440000000192e+03 1.016844554669935841e+00
6.375401590000000397e+03 1.015309781869398131e+00
6.375434750000000349e+03 1.009544235963128811e+00
6.375467899999999645e+03 1.020094207145601617e+00
6.375501059999999597e+03 1.019051749804462004e+00
6.375534219999999550e+03 1.028531948930214046e+00
6.375567369999999755e+03 1.015913179903585872e+00
6.375600529999999708e+03 1.017616790894695145e+00
6.375633679999999913e+03 1.023112268437336159e+00
6.375666839999999866e+03 1.006271745603716017e+00
6.375699999999999818e+03 1.011951813801515998e+00
6.375733159999999771e+03 1.006302685064095925e+00
6.375766309999999976e+03 1.028618061506202386e+00
6.375799469999999928e+03 1.009417639167978109e+00
6.375832629999999881e+03 1.002446088311139905e+00
6.375865780000000086e+03 1.003926677255886135e+00
6.375898940000000039e+03 1.002823242403256598e+00
6.375932099999999991e+03 1.018592183486751734e+00
6.375965259999999944e+03 1.014981548945511403e+00
6.375998419999999896e+03 1.014846897170499140e+00
6.376031579999999849e+03 1.006776400365942958e+00
6.376064730000000054e+03 1.000620934386582839e+00
6.376097890000000007e+03 1.028660835879760427e+00
6.376131049999999959e+03 1.027164921277222476e+00
6.376164209999999912e+03 9.995104310195346287e-01
6.376197369999999864e+03 1.004896823963618457e+00
6.376230529999999817e+03 9.963507253055627899e-01
6.376263689999999769e+03 9.781632544317904188e-01
6.376296849999999722e+03 9.868789131016399985e-01
6.376330009999999675e+03 9.825392329115270051e-01
6.376363169999999627e+03 9.625155547714594473e-01
6.376396329999999580e+03 9.603368783343391168e-01
6.376429490000000442e+03 9.680450820985085914e-01
6.376462650000000394e+03 9.594316306158423568e-01
6.376495810000000347e+03 9.480970500685562685e-01
6.376528970000000299e+03 9.606712877674865592e-01
6.376562130000000252e+03 9.567708673463815039e-01
6.376595299999999952e+03 9.693982675192985843e-01
6.376628459999999905e+03 9.701793013260696652e-01
6.376661619999999857e+03 9.641880587057001240e-01
6.376694779999999810e+03 9.549224442600218188e-01
6.376727939999999762e+03 9.655426942262244072e-01
6.376761110000000372e+03 9.569384450892265415e-01
6.376794270000000324e+03 9.675736257344358382e-01
6.376827430000000277e+03 9.765251091320915622e-01
6.376860590000000229e+03 9.745388992816377272e-01
6.376893759999999929e+03 9.873636366433290457e-01
6.376926919999999882e+03 9.719270925726597454e-01
6.376960079999999834e+03 9.803936144580169820e-01
6.376993250000000444e+03 9.774928974108941793e-01
6.377026410000000396e+03 9.804946776168322886e-01
6.377059570000000349e+03 9.642985983768493918e-01
6.377092740000000049e+03 9.872433447837025700e-01
6.377125900000000001e+03 1.004838496458367203e+00
6.377159069999999701e+03 1.013026768400578925e+00
6.377192229999999654e+03 9.990982775932476523e-01
6.377225400000000263e+03 9.893353181824066089e-01
6.377258560000000216e+03 9.893549384380138090e-01
6.377291729999999916e+03 9.872229696113560271e-01
6.377324889999999868e+03 9.881954549081357619e-01
6.377358059999999568e+03 9.892677886879001070e-01
6.377391220000000430e+03 9.939745180115091561e-01
6.377424390000000130e+03 9.900984372508603304e-01
6.377457550000000083e+03 9.829723916842844078e-01
6.377490719999999783e+03 9.942559121778455911e-01
6.377523890000000392e+03 9.904261462751059453e-01
6.377557050000000345e+03 9.940490955094936076e-01
6.377590220000000045e+03 9.888442382878396275e-01
6.377623389999999745e+03 9.702869359167980434e-01
6.377656549999999697e+03 9.796797070240328420e-01
6.377689720000000307e+03 9.924908153808438271e-01
6.377722890000000007e+03 9.875552648100484054e-01
6.377756049999999959e+03 9.936361529781279067e-01
6.377789219999999659e+03 9.823093162645042398e-01
6.377822390000000269e+03 1.005712723872851377e+00
6.377855559999999969e+03 9.852601791263783104e-01
6.377888729999999669e+03 9.892973385879788584e-01
6.377921889999999621e+03 9.942945315191998867e-01
6.377955060000000231e+03 9.946136148872852800e-01
6.377988229999999930e+03 9.995260184815332183e-01
6.378021399999999630e+03 9.950289959017796226e-01
6.378054570000000240e+03 9.915460185164719498e-01
6.378087739999999940e+03 9.837235667294876862e-01
6.378120909999999640e+03 1.000694305056649913e+00
6.378154080000000249e+03 9.939625974916362905e-01
6.378187249999999949e+03 1.000149380278636091e+00
6.378220419999999649e+03 1.001051994260009792e+00
6.378253590000000258e+03 9.884915509552556490e-01
6.378286759999999958e+03 9.877124662039480363e-01
6.378319929999999658e+03 1.006386087305150445e+00
6.378353100000000268e+03 9.975738801950966295e-01
6.378386269999999968e+03 9.888695196023601364e-01
6.378419439999999668e+03 9.968678819649233747e-01
6.378452610000000277e+03 1.006655174212921278e+00
6.378485779999999977e+03 9.971371664489060427e-01
6.378518949999999677e+03 9.950526211228641893e-01
6.378552130000000034e+03 9.954713980912756055e-01
6.378585299999999734e+03 1.010080090865949076e+00
6.378618470000000343e+03 9.981286930690668191e-01
6.378651640000000043e+03 9.936563547598655788e-01
6.378684809999999743e+03 1.013500709559931101e+00
6.378717990000000100e+03 9.987628269641666279e-01
6.378751159999999800e+03 1.012571578347638557e+00
6.378784330000000409e+03 9.936883446438378176e-01
6.378817500000000109e+03 9.891858053702768938e-01
6.378850679999999556e+03 9.846757541244193224e-01
6.378883850000000166e+03 1.007496778817017269e+00
6.378917019999999866e+03 1.012828564374561591e+00
6.378950200000000223e+03 1.006798289386961143e+00
6.378983369999999923e+03 9.993941053783175210e-01
6.379016550000000279e+03 9.919364604652139983e-01
6.379049719999999979e+03 1.010901582243421748e+00
6.379082900000000336e+03 1.009408521254629543e+00
6.379116070000000036e+03 1.008591028196831552e+00
6.379149239999999736e+03 1.003881807624714684e+00
6.379182420000000093e+03 9.987505853177520709e-01
6.379215589999999793e+03 9.927214996111131118e-01
6.379248770000000150e+03 1.001222576483303595e+00
6.379281939999999850e+03 9.976882003530369580e-01
6.379315120000000206e+03 9.918513556981579660e-01
6.379348299999999654e+03 9.830597893349873884e-01
6.379381470000000263e+03 9.803011376530436083e-01
6.379414649999999710e+03 9.740812114372084940e-01
6.379447820000000320e+03 9.707242052318482139e-01
6.379480999999999767e+03 9.659168225498745430e-01
6.379514180000000124e+03 9.594826392723443398e-01
6.379547349999999824e+03 9.300641674008427451e-01
6.379580530000000181e+03 9.351881906318135762e-01
6.379613709999999628e+03 9.042518375970941547e-01
6.379646889999999985e+03 8.890480850474270502e-01
6.379680059999999685e+03 8.708675113883977970e-01
6.379713240000000042e+03 8.634459748639369270e-01
6.379746420000000398e+03 8.417828359449152087e-01
6.379779599999999846e+03 8.458797317754530587e-01
6.379812769999999546e+03 8.403927279623073510e-01
6.379845949999999903e+03 8.381669492594420179e-01
6.379879130000000259e+03 8.322582888711695936e-01
6.379912309999999707e+03 8.391479174301269550e-01
6.379945490000000063e+03 8.373903149903078047e-01
6.379978670000000420e+03 8.290191625310944223e-01
6.380011849999999868e+03 8.272694913959547369e-01
6.380045030000000224e+03 8.518736117047508438e-01
6.380078209999999672e+03 8.822307769804930144e-01
6.380111390000000029e+03 9.093109196550090978e-01
6.380144570000000385e+03 9.370804854188149458e-01
6.380177749999999833e+03 9.585966955459893635e-01
6.380210930000000189e+03 9.713667045231331176e-01
6.380244109999999637e+03 9.905954161626882026e-01
6.380277289999999994e+03 9.990992021593922967e-01
6.380310470000000350e+03 1.010118737833195279e+00
6.380343649999999798e+03 1.007146302815334016e+00
6.380376830000000155e+03 1.003897836824274359e+00
6.380410009999999602e+03 1.023154788095924417e+00
6.380443189999999959e+03 1.011108226711364466e+00
6.380476370000000315e+03 1.009547319954195777e+00
6.380509560000000420e+03 1.008515702148031545e+00
6.380542739999999867e+03 1.008473550712648770e+00
6.380575920000000224e+03 1.013501130769683289e+00
6.380609099999999671e+03 1.022700805490519560e+00
6.380642280000000028e+03 1.031838775036201694e+00
6.380675470000000132e+03 1.014118323494889617e+00
6.380708649999999579e+03 1.013723286266985379e+00
6.380741829999999936e+03 9.999534230219301323e-01
6.380775020000000040e+03 1.012917913169268047e+00
6.380808200000000397e+03 1.021733112897639018e+00
6.380841379999999845e+03 1.019842579558467133e+00
6.380874569999999949e+03 1.038940736435236101e+00
6.380907750000000306e+03 1.035309236850316505e+00
6.380940940000000410e+03 1.011096455472990652e+00
6.380974119999999857e+03 1.021567150253835710e+00
6.381007300000000214e+03 1.020366910082237233e+00
6.381040490000000318e+03 1.036212118727294795e+00
6.381073669999999765e+03 1.032872384468024762e+00
6.381106859999999870e+03 1.022494043361567462e+00
6.381140040000000226e+03 1.021316878650061932e+00
6.381173230000000331e+03 1.020975474126252225e+00
6.381206409999999778e+03 1.029704176487531875e+00
6.381239599999999882e+03 1.035289121970004667e+00
6.381272780000000239e+03 1.044668893732950909e+00
6.381305970000000343e+03 1.042234093861004407e+00
6.381339160000000447e+03 1.029848346043385376e+00
6.381372339999999895e+03 1.035471202283869241e+00
6.381405529999999999e+03 1.035980517160742798e+00
6.381438720000000103e+03 1.059411166346228450e+00
6.381471899999999550e+03 1.043706721601353360e+00
6.381505089999999655e+03 1.042682708481488030e+00
6.381538279999999759e+03 1.044763289351689828e+00
6.381571460000000116e+03 1.042850111965056836e+00
6.381604650000000220e+03 1.025514463144608701e+00
6.381637840000000324e+03 1.044006298801396726e+00
6.381671030000000428e+03 1.049681575332313432e+00
6.381704219999999623e+03 1.037351924846980467e+00
6.381737399999999980e+03 1.045012274423263499e+00
6.381770590000000084e+03 1.060842737984513562e+00
6.381803780000000188e+03 1.061290140328542853e+00
6.381836970000000292e+03 1.049811937994347133e+00
6.381870160000000396e+03 1.046120911045878232e+00
6.381903349999999591e+03 1.035486468543337812e+00
6.381936539999999695e+03 1.073134516074475187e+00
6.381969729999999799e+03 1.055495363013312149e+00
6.382002919999999904e+03 1.053275906563992725e+00
6.382036100000000260e+03 1.064613072227108992e+00
6.382069290000000365e+03 1.062922290696492578e+00
6.382102479999999559e+03 1.065906062137246035e+00
6.382135680000000320e+03 1.072958741274926853e+00
6.382168870000000425e+03 1.074202752242903625e+00
6.382202059999999619e+03 1.064665352920790342e+00
6.382235249999999724e+03 1.065648948491285664e+00
6.382268439999999828e+03 1.060816768174851932e+00
6.382301629999999932e+03 1.064344257908246716e+00
6.382334820000000036e+03 1.077449212598583284e+00
6.382368010000000140e+03 1.047830727924169869e+00
6.382401200000000244e+03 1.040386582283001626e+00
6.382434400000000096e+03 1.058532600814061198e+00
6.382467590000000200e+03 1.057792345120981636e+00
6.382500780000000304e+03 1.057098085619619710e+00
6.382533970000000409e+03 1.062555801783236165e+00
6.382567159999999603e+03 1.066680286186542537e+00
6.382600360000000364e+03 1.056118631054294488e+00
6.382633549999999559e+03 1.047648773131750088e+00
6.382666739999999663e+03 1.044717869020569623e+00
6.382699940000000424e+03 1.055476349086521992e+00
6.382733129999999619e+03 1.052683293754866023e+00
6.382766319999999723e+03 1.064360443576327420e+00
6.382799519999999575e+03 1.035377626202589996e+00
6.382832709999999679e+03 1.046449529198465900e+00
6.382865899999999783e+03 1.056395028438863015e+00
6.382899099999999635e+03 1.054774134666724317e+00
6.382932289999999739e+03 1.050258031037258233e+00
6.382965489999999591e+03 1.066713307118581477e+00
6.382998679999999695e+03 1.060473834380377678e+00
6.383031879999999546e+03 1.053813345655542966e+00
6.383065069999999650e+03 1.039509550325710574e+00
6.383098270000000412e+03 1.040562060634775854e+00
6.383131459999999606e+03 1.040932922239073077e+00
6.383164660000000367e+03 1.041924098066741911e+00
6.383197849999999562e+03 1.047226866359290742e+00
6.383231050000000323e+03 1.065081146771620357e+00
6.383264250000000175e+03 1.049576451129154320e+00
6.383297440000000279e+03 1.036691339733468276e+00
6.383330640000000130e+03 1.056574100550422557e+00
6.383363839999999982e+03 1.038551105518903839e+00
6.383397030000000086e+03 1.060224921995407632e+00
6.383430229999999938e+03 1.057218478531121164e+00
6.383463429999999789e+03 1.063538546344332092e+00
6.383496619999999893e+03 1.043487688155769533e+00
6.383529819999999745e+03 1.060803013740890588e+00
6.383563019999999597e+03 1.057337384983212170e+00
6.383596220000000358e+03 1.057041703469268290e+00
6.383629409999999552e+03 1.066959696660686685e+00
6.383662610000000313e+03 1.057751945962181139e+00
6.383695810000000165e+03 1.066276128940873980e+00
6.383729010000000017e+03 1.072013212211299304e+00
6.383762209999999868e+03 1.057186506957735084e+00
6.383795409999999720e+03 1.053262065248557811e+00
6.383828609999999571e+03 1.051328213783736532e+00
6.383861810000000332e+03 1.046707390593950571e+00
6.383895010000000184e+03 1.066078308186479306e+00
6.383928200000000288e+03 1.075986783154022186e+00
6.383961400000000140e+03 1.067446413887354284e+00
6.383994599999999991e+03 1.081488083277625023e+00
6.384027799999999843e+03 1.069648769193955795e+00
6.384060999999999694e+03 1.077512660115363508e+00
6.384094210000000203e+03 1.064870153824578614e+00
6.384127410000000054e+03 1.058902628659491363e+00
6.384160609999999906e+03 1.059295881131098405e+00
6.384193809999999758e+03 1.044312336902370353e+00
6.384227009999999609e+03 1.048234254194966297e+00
6.384260210000000370e+03 1.067532221817182547e+00
6.384293410000000222e+03 1.070228988350104604e+00
6.384326610000000073e+03 1.064315613731415588e+00
6.384359809999999925e+03 1.059037680732516140e+00
6.384393020000000433e+03 1.048701257293157552e+00
6.384426220000000285e+03 1.059793443546968472e+00
6.384459420000000136e+03 1.063523227555879913e+00
6.384492619999999988e+03 1.065408583301297174e+00
6.384525829999999587e+03 1.062143730519592877e+00
6.384559030000000348e+03 1.047522916056691455e+00
6.384592230000000200e+03 1.051941348558056211e+00
6.384625439999999799e+03 1.040887136760080933e+00
6.384658639999999650e+03 1.041877468382391703e+00
6.384691840000000411e+03 1.058714583882984339e+00
6.384725050000000010e+03 1.066422663339144261e+00
6.384758249999999862e+03 1.072699629484667128e+00
6.384791449999999713e+03 1.052571590947394720e+00
6.384824660000000222e+03 1.043301351796324994e+00
6.384857860000000073e+03 1.053159089594256637e+00
6.384891069999999672e+03 1.061172580233101348e+00
6.384924270000000433e+03 1.047602985079402194e+00
6.384957480000000032e+03 1.058584715183143343e+00
6.384990679999999884e+03 1.059934095930572751e+00
6.385023890000000392e+03 1.057068091481040417e+00
6.385057090000000244e+03 1.067857769686767488e+00
6.385090299999999843e+03 1.050777961984014519e+00
6.385123499999999694e+03 1.043123469813485027e+00
6.385156710000000203e+03 1.059298212287675067e+00
6.385189919999999802e+03 1.066422866905221589e+00
6.385223119999999653e+03 1.064268470533914268e+00
6.385256330000000162e+03 1.040787877310679344e+00
6.385289539999999761e+03 1.037417825135909855e+00
6.385322739999999612e+03 1.065057028830148855e+00
6.385355950000000121e+03 1.040399828472388988e+00
6.385389159999999720e+03 1.049680972927789835e+00
6.385422359999999571e+03 1.038631835122327374e+00
6.385455570000000080e+03 1.042627589959786327e+00
6.385488779999999679e+03 1.061093766338772060e+00
6.385521990000000187e+03 1.034855809408417260e+00
6.385555190000000039e+03 1.043447865417397535e+00
6.385588399999999638e+03 1.044146998730737463e+00
6.385621610000000146e+03 1.060042115071349267e+00
6.385654819999999745e+03 1.058393103571486416e+00
6.385688030000000253e+03 1.049196145881816422e+00
6.385721239999999852e+03 1.046622081363472123e+00
6.385754450000000361e+03 1.062730066359507619e+00
6.385787659999999960e+03 1.061761711048314627e+00
6.385820869999999559e+03 1.047549055461511891e+00
6.385854070000000320e+03 1.053279540427322081e+00
6.385887279999999919e+03 1.043273189675770318e+00
6.385920490000000427e+03 1.071208711274803438e+00
6.385953700000000026e+03 1.087689067419006950e+00
6.385986909999999625e+03 1.080320545532047261e+00
6.386020129999999881e+03 1.076568843702176981e+00
6.386053340000000389e+03 1.068482103307865749e+00
6.386086549999999988e+03 1.050158093838220230e+00
6.386119759999999587e+03 1.050780432826951216e+00
6.386152970000000096e+03 1.046119778379270393e+00
6.386186179999999695e+03 1.056145831467647067e+00
6.386219390000000203e+03 1.064703644073804023e+00
6.386252599999999802e+03 1.052115163613104309e+00
6.386285820000000058e+03 1.049121401388861230e+00
6.386319029999999657e+03 1.053283173328031674e+00
6.386352240000000165e+03 1.075440009353250792e+00
6.386385449999999764e+03 1.077246654975013707e+00
6.386418660000000273e+03 1.082286745578640907e+00
6.386451879999999619e+03 1.073895964342686415e+00
6.386485090000000127e+03 1.073195320905326877e+00
6.386518299999999726e+03 1.075399350082614225e+00
6.386551519999999982e+03 1.070716351345615491e+00
6.386584729999999581e+03 1.075847810625714551e+00
6.386617940000000090e+03 1.067182790382785962e+00
6.386651160000000345e+03 1.057623834671435503e+00
6.386684369999999944e+03 1.054875232920123640e+00
6.386717580000000453e+03 1.071753797967365696e+00
6.386750799999999799e+03 1.075233902574648015e+00
6.386784010000000308e+03 1.062671963798069052e+00
6.386817229999999654e+03 1.055315039216036865e+00
6.386850440000000162e+03 1.059467790997499881e+00
6.386883660000000418e+03 1.062405267523738983e+00
6.386916870000000017e+03 1.064975819571025939e+00
6.386950090000000273e+03 1.064810459296025247e+00
6.386983299999999872e+03 1.054382201161910171e+00
6.387016520000000128e+03 1.043129035244684699e+00
6.387049729999999727e+03 1.068960454349981104e+00
6.387082949999999983e+03 1.053772145398154780e+00
6.387116170000000238e+03 1.083239590722074874e+00
6.387149379999999837e+03 1.075257108864020372e+00
6.387182600000000093e+03 1.056088628150873454e+00
6.387215820000000349e+03 1.064221334313203426e+00
6.387249029999999948e+03 1.071559113929226648e+00
6.387282250000000204e+03 1.061331150878125795e+00
6.387315469999999550e+03 1.063763607350312057e+00
6.387348680000000058e+03 1.045475785966412996e+00
6.387381900000000314e+03 1.047511168195043751e+00
6.387415119999999661e+03 1.062923937391734075e+00
6.387448339999999916e+03 1.050366980469178202e+00
6.387481560000000172e+03 1.054716956459406774e+00
6.387514769999999771e+03 1.058532011215085333e+00
6.387547990000000027e+03 1.049413544857874303e+00
6.387581210000000283e+03 1.047827651745540711e+00
6.387614429999999629e+03 1.059266368172969486e+00
6.387647649999999885e+03 1.061820625583253630e+00
6.387680870000000141e+03 1.056422855032305375e+00
6.387714090000000397e+03 1.038582012226480611e+00
6.387747309999999743e+03 1.030725303677238358e+00
6.387780529999999999e+03 1.053231171347384310e+00
6.387813750000000255e+03 1.055472136534265859e+00
6.387846969999999601e+03 1.043956942790891018e+00
6.387880189999999857e+03 1.060893271155466611e+00
6.387913410000000113e+03 1.046476072860381468e+00
6.387946630000000368e+03 1.059050650726169884e+00
6.387979849999999715e+03 1.055830522789410475e+00
6.388013069999999971e+03 1.049311204230533257e+00
6.388046290000000226e+03 1.052453130813264082e+00
6.388079509999999573e+03 1.058649741858520121e+00
6.388112729999999829e+03 1.058774811608739652e+00
6.388145950000000084e+03 1.042038000169607237e+00
6.388179170000000340e+03 1.046936238810948439e+00
6.388212400000000343e+03 1.052338290519604369e+00
6.388245619999999690e+03 1.044277371710780500e+00
6.388278839999999946e+03 1.046403370600981653e+00
6.388312060000000201e+03 1.045803238127282153e+00
6.388345290000000205e+03 1.038376670297209925e+00
6.388378509999999551e+03 1.044946642212047250e+00
6.388411729999999807e+03 1.049722008110608673e+00
6.388444950000000063e+03 1.042715741628348347e+00
6.388478180000000066e+03 1.064784860151513080e+00
6.388511400000000322e+03 1.046264797490286336e+00
6.388544619999999668e+03 1.062057061574725569e+00
6.388577849999999671e+03 1.045652596262386824e+00
6.388611069999999927e+03 1.048083554833684650e+00
6.388644299999999930e+03 1.042330175245697044e+00
6.388677520000000186e+03 1.043211319853417418e+00
6.388710750000000189e+03 1.034160248257123271e+00
6.388743970000000445e+03 1.046538497556745329e+00
6.388777189999999791e+03 1.032205000788397831e+00
6.388810419999999795e+03 1.027215848792637276e+00
6.388843640000000050e+03 1.030784253392735383e+00
6.388876870000000054e+03 1.032321995068294251e+00
6.388910100000000057e+03 1.037119139150916469e+00
6.388943320000000313e+03 1.043870220380465952e+00
6.388976550000000316e+03 1.028133902932167443e+00
6.389009769999999662e+03 1.036579416721208124e+00
6.389042999999999665e+03 1.037483379313209220e+00
6.389076229999999669e+03 1.030281406564595104e+00
6.389109449999999924e+03 1.029620791118126988e+00
6.389142679999999928e+03 1.032593210803865125e+00
6.389175909999999931e+03 1.032405769772160919e+00
6.389209130000000187e+03 1.031088791220832634e+00
6.389242360000000190e+03 1.030206877963680601e+00
6.389275590000000193e+03 1.033652233866656056e+00
6.389308810000000449e+03 1.022002032237674385e+00
6.389342040000000452e+03 1.031903679379606142e+00
6.389375269999999546e+03 1.032952555600212374e+00
6.389408499999999549e+03 1.028224549628405704e+00
6.389441729999999552e+03 1.029052154218007553e+00
6.389474949999999808e+03 1.039632078852399388e+00
6.389508179999999811e+03 1.028921668401466594e+00
6.389541409999999814e+03 1.039211224611425122e+00
6.389574639999999818e+03 1.017055461701902086e+00
6.389607869999999821e+03 1.021545774956291064e+00
6.389641099999999824e+03 1.024723520244766428e+00
6.389674329999999827e+03 1.034272260032159219e+00
6.389707559999999830e+03 1.018634229267315394e+00
6.389740789999999834e+03 1.019698397818729285e+00
6.389774019999999837e+03 1.023631272508841672e+00
6.389807249999999840e+03 1.013609642291611435e+00
6.389840479999999843e+03 1.017702699860600690e+00
6.389873709999999846e+03 1.031332117472371745e+00
6.389906939999999850e+03 1.024919459079322026e+00
6.389940169999999853e+03 1.010008422542165940e+00
6.389973399999999856e+03 1.030571772798284602e+00
6.390006629999999859e+03 1.021016494920090834e+00
6.390039859999999862e+03 1.016603181057790239e+00
6.390073099999999613e+03 1.015172711754908086e+00
6.390106329999999616e+03 1.018853197791989018e+00
6.390139559999999619e+03 1.006117963890019729e+00
6.390172789999999623e+03 9.998440544648909967e-01
6.390206019999999626e+03 1.016491829834487604e+00
6.390239260000000286e+03 1.006251590579664290e+00
6.390272490000000289e+03 9.971787488747307915e-01
6.390305720000000292e+03 1.012445082459216827e+00
6.390338950000000295e+03 1.019168382963016928e+00
6.390372190000000046e+03 1.014969489891462517e+00
6.390405420000000049e+03 1.009153857615955108e+00
6.390438650000000052e+03 1.018584338937445821e+00
6.390471889999999803e+03 1.023728299692784338e+00
6.390505119999999806e+03 1.010210095038700073e+00
6.390538359999999557e+03 1.004692413493911030e+00
6.390571589999999560e+03 1.001195884913530731e+00
6.390604819999999563e+03 1.013554024506699847e+00
6.390638060000000223e+03 1.009424505559277208e+00
6.390671290000000226e+03 1.006080600833302974e+00
6.390704529999999977e+03 1.025011214814412375e+00
6.390737759999999980e+03 1.013042743416878944e+00
6.390770999999999731e+03 1.014739289849650117e+00
6.390804229999999734e+03 1.019188465962676649e+00
6.390837470000000394e+03 1.014121430048745109e+00
6.390870700000000397e+03 9.983416260427465660e-01
6.390903940000000148e+03 1.022081452012143510e+00
6.390937179999999898e+03 1.007148418711813154e+00
6.390970409999999902e+03 1.011993789441348879e+00
6.391003649999999652e+03 1.009481512161825245e+00
6.391036890000000312e+03 9.990783181877893604e-01
6.391070120000000315e+03 1.012912288391042193e+00
6.391103360000000066e+03 1.004186675854769284e+00
6.391136599999999817e+03 1.010830840112429962e+00
6.391169829999999820e+03 1.012435566304304979e+00
6.391203069999999570e+03 1.006264311687355972e+00
6.391236310000000231e+03 1.005353368309665374e+00
6.391269549999999981e+03 1.011791183052536791e+00
6.391302779999999984e+03 1.009530902044810663e+00
6.391336019999999735e+03 9.994038996175079737e-01
6.391369260000000395e+03 1.014554236788236086e+00
6.391402500000000146e+03 1.024459665516707974e+00
6.391435739999999896e+03 1.004370429742103221e+00
6.391468979999999647e+03 1.001294911398464382e+00
6.391502209999999650e+03 9.838288974235103179e-01
6.391535450000000310e+03 9.966610080627326118e-01
6.391568690000000061e+03 9.997823827632863480e-01
6.391601929999999811e+03 9.893446048563486750e-01
6.391635169999999562e+03 9.998055746932306143e-01
6.391668410000000222e+03 1.007972099085042261e+00
6.391701649999999972e+03 1.007107092096443335e+00
6.391734889999999723e+03 1.002042869068662689e+00
6.391768130000000383e+03 1.004584592478928062e+00
6.391801370000000134e+03 9.924865610548733175e-01
6.391834609999999884e+03 1.006992882284700963e+00
6.391867849999999635e+03 9.947352306058236948e-01
6.391901100000000042e+03 1.006771939074298849e+00
6.391934339999999793e+03 1.003956278191784124e+00
6.391967580000000453e+03 1.008646554919878868e+00
6.392000820000000203e+03 9.912996454460323292e-01
6.392034059999999954e+03 9.954261155048031995e-01
6.392067299999999705e+03 9.936624004849047287e-01
6.392100550000000112e+03 9.848277971691714594e-01
6.392133789999999863e+03 9.835596108591597719e-01
6.392167029999999613e+03 9.965928414547882142e-01
6.392200270000000273e+03 1.023880963810648970e+00
6.392233519999999771e+03 9.936294994950234383e-01
6.392266760000000431e+03 9.906165289039189359e-01
6.392300000000000182e+03 1.006604694724023252e+00
6.392333239999999932e+03 1.008185578539072313e+00
6.392366490000000340e+03 1.018550419110592298e+00
6.392399730000000091e+03 1.003812699969633071e+00
6.392432979999999588e+03 9.921989603712446648e-01
6.392466220000000249e+03 9.991735226820842586e-01
6.392499459999999999e+03 1.004967057828347388e+00
6.392532710000000407e+03 9.970104440423690484e-01
6.392565950000000157e+03 9.888103751095365102e-01
6.392599199999999655e+03 1.001852459450182753e+00
6.392632440000000315e+03 1.007809292376407706e+00
6.392665689999999813e+03 9.973200865715331487e-01
6.392698929999999564e+03 9.897407403290854333e-01
6.392732179999999971e+03 1.004663292378286332e+00
6.392765419999999722e+03 1.003231214897301271e+00
6.392798670000000129e+03 9.966116652644499974e-01
6.392831909999999880e+03 9.966116652644499974e-01
6.392865160000000287e+03 9.980970647793016015e-01
6.392898409999999785e+03 9.995748468607436044e-01
6.392931650000000445e+03 1.001060246375595097e+00
6.392964899999999943e+03 1.002545645890446480e+00
6.392998150000000351e+03 1.005257452184226796e+00
6.393031390000000101e+03 9.955528420205304041e-01
6.393064639999999599e+03 1.000618435237844439e+00
6.393097890000000007e+03 1.001494440079936377e+00
6.393131140000000414e+03 9.983865272488624543e-01
6.393164380000000165e+03 9.922925805212665651e-01
6.393197629999999663e+03 1.018466081716290939e+00
6.393230880000000070e+03 1.008152076879834880e+00
6.393264129999999568e+03 9.965659606639931667e-01
6.393297370000000228e+03 1.003345476398443736e+00
6.393330619999999726e+03 9.962231761605657709e-01
6.393363870000000134e+03 9.940293553386313485e-01
6.393397119999999632e+03 9.996662560616574877e-01
6.393430370000000039e+03 9.932828468645008568e-01
6.393463620000000446e+03 1.006148691893137714e+00
6.393496869999999944e+03 9.889485272544982220e-01
6.393530120000000352e+03 9.921021446860291970e-01
6.393563369999999850e+03 9.997881349962094433e-01
6.393596620000000257e+03 9.828241107932642606e-01
6.393629869999999755e+03 9.867470889991541982e-01
6.393663120000000163e+03 9.833420962651100439e-01
6.393696369999999661e+03 9.990949485559453835e-01
6.393729620000000068e+03 1.004465239109639363e+00
6.393762869999999566e+03 9.930847935958539985e-01
6.393796119999999974e+03 1.003254067197529631e+00
6.393829370000000381e+03 9.948596555802662333e-01
6.393862619999999879e+03 1.000420381969197470e+00
6.393895870000000286e+03 1.003436885599357620e+00
6.393929130000000441e+03 9.999785708314468113e-01
6.393962379999999939e+03 1.017460580506237777e+00
6.393995630000000347e+03 1.010810561139748653e+00
6.394028879999999845e+03 9.919878831848866207e-01
6.394062130000000252e+03 1.007070401335686594e+00
6.394095390000000407e+03 1.005478357753102125e+00
6.394128639999999905e+03 1.005645941288111134e+00
6.394161890000000312e+03 1.017201587770314886e+00
6.394195139999999810e+03 1.019502052659982283e+00
6.394228399999999965e+03 1.000968837174681214e+00
6.394261650000000373e+03 1.004526178576915285e+00
6.394294899999999870e+03 9.934885175665572055e-01
6.394328160000000025e+03 1.006811408599763924e+00
6.394361410000000433e+03 9.883162802815101955e-01
6.394394669999999678e+03 9.901901689002459150e-01
6.394427920000000086e+03 9.819557233845818134e-01
6.394461169999999584e+03 1.009462275426268096e+00
6.394494429999999738e+03 1.002888430393873875e+00
6.394527680000000146e+03 9.969163626008297197e-01
6.394560940000000301e+03 1.011909232608341425e+00
6.394594189999999799e+03 9.848687111374034853e-01
6.394627449999999953e+03 9.978410690786806425e-01
6.394660700000000361e+03 1.014527266833331831e+00
6.394693959999999606e+03 1.000236570228986377e+00
6.394727219999999761e+03 9.942890378397940543e-01
6.394760470000000169e+03 9.991036930555455831e-01
6.394793730000000323e+03 9.868881668047869704e-01
6.394826979999999821e+03 9.918402946047145674e-01
6.394860239999999976e+03 1.003511318652007267e+00
6.394893500000000131e+03 1.008184083944977827e+00
6.394926749999999629e+03 1.011431576748427652e+00
6.394960009999999784e+03 1.007700504596377611e+00
6.394993269999999939e+03 1.000627405392122693e+00
6.395026520000000346e+03 9.768905897075847999e-01
6.395059779999999591e+03 9.971129808564257457e-01
6.395093039999999746e+03 9.958436054093768863e-01
6.395126299999999901e+03 1.004563738727766165e+00
6.395159560000000056e+03 9.881418450697433409e-01
6.395192809999999554e+03 9.965136627596185015e-01
6.395226069999999709e+03 9.952841324609513762e-01
6.395259329999999864e+03 9.957260928210908135e-01
6.395292590000000018e+03 1.003220637411334826e+00
6.395325850000000173e+03 9.906641287817307129e-01
6.395359110000000328e+03 9.978382375939773841e-01
6.395392369999999573e+03 1.012508149658458922e+00
6.395425629999999728e+03 1.006279065440164322e+00
6.395458880000000136e+03 1.001339807396576020e+00
6.395492140000000290e+03 9.961408765181819502e-01
6.395525400000000445e+03 1.003765961898396286e+00
6.395558659999999691e+03 1.014444688042967169e+00
6.395591919999999845e+03 1.017413733173773815e+00
6.395625189999999748e+03 1.006581016962858843e+00
6.395658449999999903e+03 9.983816682043151758e-01
6.395691710000000057e+03 9.951060041066562833e-01
6.395724970000000212e+03 9.976092599652079951e-01
6.395758230000000367e+03 1.008533127164026322e+00
6.395791489999999612e+03 1.004005438395953576e+00
6.395824749999999767e+03 9.977064278891509819e-01
6.395858009999999922e+03 1.004660809968864976e+00
6.395891270000000077e+03 9.989342244916434854e-01
6.395924539999999979e+03 9.938793359600327504e-01
6.395957800000000134e+03 9.847167280251271082e-01
6.395991060000000289e+03 9.924959062549809641e-01
6.396024320000000444e+03 9.998477458529713147e-01
6.396057590000000346e+03 9.887912937219189846e-01
6.396090849999999591e+03 9.888362835155839470e-01
6.396124109999999746e+03 9.907672286270400308e-01
6.396157369999999901e+03 9.883688716870697721e-01
6.396190639999999803e+03 9.932396015824135338e-01
6.396223899999999958e+03 9.864659109757539790e-01
6.396257169999999860e+03 9.882900362417977869e-01
6.396290430000000015e+03 1.000819881476325390e+00
6.396323690000000170e+03 1.005561259840195065e+00
6.396356960000000072e+03 9.959772278197912554e-01
6.396390220000000227e+03 1.004429932385483726e+00
6.396423490000000129e+03 1.009897038184464968e+00
6.396456750000000284e+03 1.017861453616593082e+00
6.396490020000000186e+03 9.824956466056469218e-01
6.396523280000000341e+03 1.008711799992562774e+00
6.396556550000000243e+03 9.941248090572818441e-01
6.396589810000000398e+03 1.020907037132044559e+00
6.396623080000000300e+03 1.000782889293228006e+00
6.396656339999999545e+03 1.001523053202918678e+00
6.396689610000000357e+03 1.011802279293486206e+00
6.396722880000000259e+03 1.007769223827082339e+00
6.396756140000000414e+03 1.005225370621072090e+00
6.396789410000000316e+03 1.003147345554525005e+00
6.396822669999999562e+03 9.927211558916338996e-01
6.396855940000000373e+03 9.973336850640258655e-01
6.396889210000000276e+03 9.943770824571872557e-01
6.396922480000000178e+03 9.977294808607238830e-01
6.396955740000000333e+03 1.004450433250826835e+00
6.396989010000000235e+03 9.901508645249704754e-01
6.397022280000000137e+03 9.827407644314517521e-01
6.397055550000000039e+03 9.880563005103141228e-01
6.397088810000000194e+03 9.829604684446192620e-01
6.397122080000000096e+03 9.913164018036330072e-01
6.397155349999999999e+03 9.820725488049817375e-01
6.397188619999999901e+03 9.738902483854304792e-01
6.397221889999999803e+03 9.897480370837983266e-01
6.397255159999999705e+03 9.871116959236881927e-01
6.397288429999999607e+03 9.881116078200508079e-01
6.397321689999999762e+03 9.767738154605721812e-01
6.397354959999999664e+03 9.802793851910572842e-01
6.397388229999999567e+03 9.874979439955705596e-01
6.397421500000000378e+03 9.823478842821121715e-01
6.397454770000000281e+03 9.763114446321528028e-01
6.397488040000000183e+03 9.892449966694100150e-01
6.397521310000000085e+03 1.005830909738069545e+00
6.397554579999999987e+03 9.925133971784643183e-01
6.397587849999999889e+03 1.000466242453053489e+00
6.397621130000000448e+03 1.004988755366310382e+00
6.397654400000000351e+03 9.957277930866841320e-01
6.397687670000000253e+03 9.869097199066908521e-01
6.397720940000000155e+03 9.867102131128945297e-01
6.397754210000000057e+03 9.901401343929235876e-01
6.397787479999999960e+03 9.924087201756566223e-01
6.397820749999999862e+03 9.916973288836412603e-01
6.397854030000000421e+03 9.820303774928801355e-01
6.397887300000000323e+03 9.941180926073935886e-01
6.397920570000000225e+03 9.888523775469770793e-01
6.397953840000000127e+03 9.950106767834123733e-01
6.397987119999999777e+03 9.822253961993516747e-01
6.398020389999999679e+03 9.840508736755045893e-01
6.398053659999999581e+03 9.956427778002199247e-01
6.398086930000000393e+03 9.874498018267213739e-01
6.398120210000000043e+03 9.900778652413887437e-01
6.398153479999999945e+03 1.000004354761130143e+00
6.398186759999999595e+03 9.982841720674078267e-01
6.398220030000000406e+03 9.992846570518383320e-01
6.398253300000000309e+03 1.002883652078706778e+00
6.398286579999999958e+03 9.940633655377678624e-01
6.398319849999999860e+03 9.960344700849119715e-01
6.398353130000000419e+03 9.995800794602442974e-01
6.398386400000000322e+03 1.004157598319003419e+00
6.398419679999999971e+03 1.003774851405332846e+00
6.398452949999999873e+03 1.010752549741040562e+00
6.398486230000000432e+03 1.000838601505029235e+00
6.398519500000000335e+03 9.931027519938528947e-01
6.398552779999999984e+03 9.904649597128672989e-01
6.398586049999999886e+03 1.006546529151471692e+00
6.398619330000000446e+03 9.937655061614689700e-01
6.398652610000000095e+03 1.002624082611504486e+00
6.398685879999999997e+03 1.006116794640617318e+00
6.398719159999999647e+03 1.013515777301297049e+00
6.398752429999999549e+03 1.011115020050887825e+00
6.398785710000000108e+03 1.008637753169517870e+00
6.398818989999999758e+03 1.011802048975694923e+00
6.398852270000000317e+03 1.004852626243721403e+00
6.398885540000000219e+03 1.001687130048679819e+00
6.398918819999999869e+03 1.012335749528833873e+00
6.398952100000000428e+03 9.986814172532040290e-01
6.398985380000000077e+03 1.003642386056674995e+00
6.399018649999999980e+03 1.025850984716759839e+00
6.399051929999999629e+03 1.004703880667235261e+00
6.399085210000000188e+03 9.895042688424146027e-01
6.399118489999999838e+03 9.924393364579758847e-01
6.399151770000000397e+03 1.006040117785280907e+00
6.399185050000000047e+03 1.020887550257827625e+00
6.399218329999999696e+03 1.005358514307818973e+00
6.399251610000000255e+03 1.007124156034130413e+00
6.399284880000000157e+03 9.980171490623919173e-01
6.399318159999999807e+03 9.867077825881381825e-01
6.399351440000000366e+03 1.018362548844183868e+00
6.399384720000000016e+03 1.012933226770510453e+00
6.399417999999999665e+03 1.017803590458779439e+00
6.399451280000000224e+03 1.014438688287546464e+00
6.399484559999999874e+03 1.000047101748056777e+00
6.399517850000000180e+03 1.012006118404443988e+00
6.399551129999999830e+03 9.931406061488896597e-01
6.399584410000000389e+03 1.000816040975482935e+00
6.399617690000000039e+03 1.013234570176497096e+00
6.399650969999999688e+03 1.013388316934504596e+00
6.399684250000000247e+03 9.948445067006329579e-01
6.399717529999999897e+03 9.967274156256803463e-01
6.399750809999999547e+03 9.991907989022399406e-01
6.399784099999999853e+03 9.969844764819197902e-01
6.399817380000000412e+03 1.002366275757724079e+00
6.399850660000000062e+03 1.006180745068249616e+00
6.399883939999999711e+03 9.884200547326229547e-01
6.399917230000000018e+03 9.973149933526960220e-01
6.399950509999999667e+03 9.921768924910951970e-01
6.399983790000000226e+03 1.006446524175515611e+00
6.400017079999999623e+03 1.010533635885644488e+00
6.400050360000000182e+03 1.018392145115376346e+00
6.400083639999999832e+03 9.911882246747752978e-01
6.400116930000000139e+03 9.851141450071484451e-01
6.400150209999999788e+03 1.004118080390832501e+00
6.400183490000000347e+03 1.011836766385807440e+00
6.400216779999999744e+03 1.000900708399511396e+00
6.400250060000000303e+03 1.004321669085527668e+00
6.400283349999999700e+03 1.010031166246126544e+00
6.400316630000000259e+03 1.011993241613795558e+00
6.400349919999999656e+03 1.011368578857105183e+00
6.400383200000000215e+03 9.954488341614809999e-01
6.400416489999999612e+03 1.007617726673563086e+00
6.400449770000000171e+03 1.008191148894224343e+00
6.400483059999999568e+03 9.961504899358066822e-01
6.400516349999999875e+03 9.866438616213346613e-01
6.400549630000000434e+03 1.001416612211003310e+00
6.400582919999999831e+03 9.890751501703710646e-01
6.400616200000000390e+03 1.007343924304219929e+00
6.400649489999999787e+03 1.014906958382535862e+00
6.400682780000000093e+03 1.000631819089587093e+00
6.400716059999999743e+03 9.945445902761119727e-01
6.400749350000000049e+03 9.943719503186146946e-01
6.400782640000000356e+03 9.985196969085652352e-01
6.400815929999999753e+03 9.983771807802016562e-01
6.400849210000000312e+03 1.002386636692323973e+00
6.400882499999999709e+03 9.925086660396301719e-01
6.400915790000000015e+03 9.829601289048661705e-01
6.400949080000000322e+03 9.783790604121979095e-01
6.400982369999999719e+03 9.864249484813608637e-01
6.401015650000000278e+03 9.937154705809974065e-01
6.401048939999999675e+03 9.928273675392966791e-01
6.401082229999999981e+03 9.891454554158558565e-01
6.401115520000000288e+03 9.916073747809999173e-01
6.401148809999999685e+03 9.819131671762270086e-01
6.401182099999999991e+03 9.900301462681256881e-01
6.401215390000000298e+03 9.961364925515501234e-01
6.401248679999999695e+03 1.003672212652973128e+00
6.401281970000000001e+03 9.962859985742027469e-01
6.401315260000000308e+03 9.927888354873085630e-01
6.401348549999999705e+03 9.882045294948081926e-01
6.401381840000000011e+03 1.002652313927834493e+00
6.401415130000000318e+03 1.000174708499397491e+00
6.401448419999999714e+03 9.987546670098437218e-01
6.401481710000000021e+03 9.990534468430350978e-01
6.401515000000000327e+03 1.005503361892153169e+00
6.401548289999999724e+03 9.949627367932508681e-01
6.401581580000000031e+03 1.002738413886189006e+00
6.401614870000000337e+03 9.951038331620595256e-01
6.401648170000000391e+03 1.008322028452987240e+00
6.401681459999999788e+03 1.010326788642903484e+00
6.401714750000000095e+03 9.962390177187504525e-01
6.401748040000000401e+03 1.010292046977690372e+00
6.401781339999999545e+03 9.912113042811401264e-01
6.401814629999999852e+03 9.954053813827841157e-01
6.401847920000000158e+03 9.998652066985059816e-01
6.401881209999999555e+03 1.005852402194530093e+00
6.401914509999999609e+03 1.010129192428291356e+00
6.401947799999999916e+03 9.884068108208634573e-01
6.401981090000000222e+03 9.851755399070578623e-01
6.402014390000000276e+03 1.010183492995582855e+00
6.402047679999999673e+03 1.013775686353074468e+00
6.402080969999999979e+03 1.020574349039049755e+00
6.402114270000000033e+03 1.000002506201733032e+00
6.402147560000000340e+03 1.003146379013535316e+00
6.402180860000000393e+03 9.851521740780249115e-01
6.402214149999999790e+03 1.004061835802539493e+00
6.402247449999999844e+03 1.020105976462325925e+00
6.402280740000000151e+03 1.019055060155571235e+00
6.402314040000000205e+03 1.000477685155654495e+00
6.402347329999999602e+03 9.953783436288118347e-01
6.402380629999999655e+03 9.912288977927231626e-01
6.402413919999999962e+03 9.824839259900067789e-01
6.402447220000000016e+03 1.000834881705603419e+00
6.402480520000000070e+03 1.005398134316815018e+00
6.402513810000000376e+03 1.000937489110069967e+00
6.402547110000000430e+03 9.853498760887943186e-01
6.402580399999999827e+03 9.933613919083329469e-01
6.402613699999999881e+03 1.002314149487606443e+00
6.402646999999999935e+03 1.004628601358205087e+00
6.402680299999999988e+03 1.031115913083660685e+00
6.402713590000000295e+03 9.993998399650850795e-01
6.402746890000000349e+03 1.003612642377838204e+00
6.402780190000000403e+03 1.018539851109908412e+00
6.402813489999999547e+03 1.003965614625458525e+00
6.402846779999999853e+03 9.936672912981608929e-01
6.402880079999999907e+03 9.874925897440309797e-01
6.402913379999999961e+03 9.908471223209975864e-01
6.402946680000000015e+03 9.919009253175536944e-01
6.402979980000000069e+03 9.974340637984151492e-01
6.403013280000000123e+03 9.986622019228494906e-01
6.403046580000000176e+03 1.003018049581516413e+00
6.403079869999999573e+03 1.018312942701968815e+00
6.403113169999999627e+03 9.943753586970082159e-01
6.403146469999999681e+03 9.836020873294580857e-01
6.403179769999999735e+03 1.009257481303748705e+00
6.403213069999999789e+03 1.002674379269862248e+00
6.403246369999999843e+03 9.908771972679769613e-01
6.403279669999999896e+03 1.000416289794455071e+00
6.403312969999999950e+03 9.958757550331600594e-01
6.403346270000000004e+03 1.002006377802663550e+00
6.403379570000000058e+03 1.006854018189369926e+00
6.403412879999999859e+03 1.002108801202370225e+00
6.403446179999999913e+03 1.003882667412883567e+00
6.403479479999999967e+03 1.005679185027702927e+00
6.403512780000000021e+03 1.000926885618846462e+00
6.403546080000000075e+03 9.984090958495251966e-01
6.403579380000000128e+03 9.826517353918381437e-01
6.403612680000000182e+03 1.005152568293766091e+00
6.403645989999999983e+03 9.949422505359807323e-01
6.403679290000000037e+03 9.914017349435766402e-01
6.403712590000000091e+03 9.992195778956659558e-01
6.403745890000000145e+03 1.015352642860892773e+00
6.403779199999999946e+03 9.977304250343997927e-01
6.403812500000000000e+03 9.991064246047619557e-01
6.403845800000000054e+03 1.003699134615614108e+00
6.403879109999999855e+03 9.973821824232685929e-01
6.403912409999999909e+03 1.004994133079582852e+00
6.403945709999999963e+03 1.010527144877297223e+00
6.403979019999999764e+03 9.984222385805169298e-01
6.404012319999999818e+03 9.892460004585063027e-01
6.404045629999999619e+03 1.005892185469851485e+00
6.404078929999999673e+03 1.032990732115357080e+00
6.404112229999999727e+03 1.008620605212187105e+00
6.404145540000000437e+03 1.022929116158096008e+00
6.404178839999999582e+03 1.009482843138023389e+00
6.404212150000000292e+03 9.986236012361630054e-01
6.404245450000000346e+03 9.974962116457067873e-01
6.404278760000000148e+03 9.945333550692732061e-01
6.404312069999999949e+03 1.004904316224884964e+00
6.404345370000000003e+03 1.001129901721273141e+00
6.404378679999999804e+03 1.036225069682575439e+00
6.404411979999999858e+03 1.023220294741173708e+00
6.404445289999999659e+03 9.888595560335713408e-01
6.404478600000000370e+03 9.988883203431185853e-01
6.404511900000000423e+03 1.023780688127144289e+00
6.404545210000000225e+03 1.002920669922565455e+00
6.404578520000000026e+03 9.829487413870906520e-01
6.404611820000000080e+03 9.955247878489390523e-01
6.404645129999999881e+03 1.006803620520001719e+00
6.404678439999999682e+03 1.016102860998200574e+00
6.404711750000000393e+03 9.777137393407673294e-01
6.404745050000000447e+03 1.016373062262639904e+00
6.404778360000000248e+03 1.011818401263262723e+00
6.404811670000000049e+03 1.018258267059889421e+00
6.404844979999999850e+03 1.023780434259760286e+00
6.404878289999999652e+03 1.004403082937268765e+00
6.404911600000000362e+03 1.027757820101818709e+00
6.404944900000000416e+03 1.008221955434549288e+00
6.404978210000000217e+03 9.979742625392215016e-01
6.405011520000000019e+03 1.017923679162309858e+00
6.405044829999999820e+03 1.021019191710215601e+00
6.405078139999999621e+03 9.961024447144789518e-01
6.405111450000000332e+03 9.907606834854560951e-01
6.405144760000000133e+03 1.008912000160034905e+00
6.405178069999999934e+03 1.016335988907622889e+00
6.405211379999999735e+03 1.020265076776154523e+00
6.405244690000000446e+03 1.010973905881248802e+00
6.405278000000000247e+03 9.994621137209035444e-01
6.405311310000000049e+03 9.956975730161953253e-01
6.405344619999999850e+03 1.013755652403006691e+00
6.405377929999999651e+03 1.035451277612799759e+00
6.405411250000000109e+03 1.006044535063989720e+00
6.405444559999999910e+03 1.017696710479950362e+00
6.405477869999999712e+03 1.018343317486409605e+00
6.405511180000000422e+03 1.015010860797676218e+00
6.405544490000000224e+03 1.010875166896442412e+00
6.405577809999999772e+03 1.002055924056673097e+00
6.405611119999999573e+03 1.014540666348505926e+00
6.405644430000000284e+03 1.033883463093662192e+00
6.405677740000000085e+03 1.014386384398928920e+00
6.405711059999999634e+03 9.985200424321032386e-01
6.405744370000000345e+03 1.009715586217543093e+00
6.405777680000000146e+03 1.001920448942968278e+00
6.405810999999999694e+03 9.961337226203677009e-01
6.405844310000000405e+03 1.001910655935661421e+00
6.405877620000000206e+03 1.000928271520573398e+00
6.405910939999999755e+03 1.018919478637696940e+00
6.405944249999999556e+03 9.931822507084306917e-01
6.405977560000000267e+03 1.005740192455619963e+00
6.406010879999999815e+03 9.951200575038383622e-01
6.406044189999999617e+03 1.004510400155294247e+00
6.406077510000000075e+03 9.905418834978058085e-01
6.406110819999999876e+03 9.903478086905661559e-01
6.406144140000000334e+03 1.020231401746711564e+00
6.406177450000000135e+03 1.013203110502579163e+00
6.406210769999999684e+03 1.010084276948611359e+00
6.406244080000000395e+03 1.001480706973840951e+00
6.406277399999999943e+03 9.991425228927645064e-01
6.406310720000000401e+03 1.011485713329273839e+00
6.406344030000000203e+03 1.014275926291876795e+00
6.406377349999999751e+03 9.945525947649578313e-01
6.406410670000000209e+03 9.934949157780152973e-01
6.406443980000000010e+03 1.000353028552445123e+00
6.406477299999999559e+03 1.006150399756875480e+00
6.406510620000000017e+03 1.007281603222984545e+00
6.406543929999999818e+03 1.009465611790773654e+00
6.406577250000000276e+03 1.001795404290476865e+00
6.406610569999999825e+03 9.911564500666018018e-01
6.406643890000000283e+03 9.945070347067263006e-01
6.406677200000000084e+03 1.003484834640409273e+00
6.406710519999999633e+03 1.016839845960584521e+00
6.406743840000000091e+03 9.936325683360903716e-01
6.406777159999999640e+03 9.986308925931105529e-01
6.406810480000000098e+03 1.005508639440769514e+00
6.406843799999999646e+03 1.000122639374990907e+00
6.406877110000000357e+03 1.008259282076629626e+00
6.406910429999999906e+03 1.001902777754311247e+00
6.406943750000000364e+03 1.001061625966336077e+00
6.406977069999999912e+03 9.995610382291052476e-01
6.407010390000000370e+03 9.989393354436315597e-01
6.407043709999999919e+03 1.004888848371350951e+00
6.407077030000000377e+03 1.007936208450563420e+00
6.407110349999999926e+03 1.003646018840467224e+00
6.407143670000000384e+03 9.924182556077854045e-01
6.407176989999999932e+03 9.861926771477468323e-01
6.407210310000000391e+03 9.994986577681270745e-01
6.407243629999999939e+03 1.025394898288412238e+00
6.407276950000000397e+03 1.005663777923281543e+00
6.407310279999999693e+03 9.839726171951844735e-01
6.407343600000000151e+03 9.884386705510536109e-01
6.407376919999999700e+03 1.010913883297086757e+00
6.407410240000000158e+03 1.001818589161354689e+00
6.407443559999999707e+03 1.003950463556654071e+00
6.407476880000000165e+03 1.001552907957685257e+00
6.407510210000000370e+03 1.007623422058911755e+00
6.407543529999999919e+03 1.004853919638831083e+00
6.407576850000000377e+03 9.862674895089730276e-01
6.407610169999999925e+03 9.927860386019612404e-01
6.407643500000000131e+03 1.005469379144019904e+00
6.407676819999999680e+03 9.964586667283140686e-01
6.407710140000000138e+03 1.001150020923861295e+00
6.407743470000000343e+03 1.006844410023792991e+00
6.407776789999999892e+03 1.006677718821999523e+00
6.407810110000000350e+03 1.012616497298106655e+00
6.407843439999999646e+03 1.006382250920091037e+00
6.407876760000000104e+03 1.005805340440980578e+00
6.407910090000000309e+03 1.001688715483345149e+00
6.407943409999999858e+03 1.003291494316349119e+00
6.407976740000000063e+03 9.771728645632915544e-01
6.408010059999999612e+03 1.003534775361348164e+00
6.408043389999999818e+03 9.977221593107595821e-01
6.408076710000000276e+03 1.011270720441769022e+00
6.408110039999999572e+03 1.007015698595018272e+00
6.408143360000000030e+03 9.966189510463391299e-01
6.408176690000000235e+03 9.908950291090485862e-01
6.408210009999999784e+03 1.009510143352322364e+00
6.408243339999999989e+03 1.002098667285527878e+00
6.408276670000000195e+03 1.005957701513077840e+00
6.408309989999999743e+03 9.928201516644996616e-01
6.408343319999999949e+03 1.016905659720225952e+00
6.408376640000000407e+03 1.014085039932134391e+00
6.408409969999999703e+03 1.000202420705569972e+00
6.408443299999999908e+03 1.014518396611167272e+00
6.408476630000000114e+03 1.002506053578323897e+00
6.408509949999999662e+03 9.910791221996128053e-01
6.408543279999999868e+03 9.935804265399960089e-01
6.408576610000000073e+03 1.001342833018814327e+00
6.408609940000000279e+03 1.002042285904271246e+00
6.408643259999999827e+03 1.009713459398029922e+00
6.408676590000000033e+03 1.013370381549167698e+00
6.408709920000000238e+03 9.981648840392395305e-01
6.408743250000000444e+03 9.929493983933340706e-01
6.408776579999999740e+03 9.723915657599111473e-01
6.408809909999999945e+03 9.981572812904845327e-01
6.408843240000000151e+03 9.925236444630560761e-01
6.408876570000000356e+03 1.004300302284495627e+00
6.408909899999999652e+03 9.926985076844202505e-01
6.408943229999999858e+03 9.994953650713582771e-01
6.408976560000000063e+03 1.001586120978973371e+00
6.409009890000000269e+03 1.003387972433899877e+00
6.409043219999999565e+03 1.023900188574792924e+00
6.409076549999999770e+03 1.016168193090994487e+00
6.409109879999999976e+03 9.961121418753993151e-01
6.409143210000000181e+03 1.017004495454040702e+00
6.409176540000000386e+03 9.923715894879570065e-01
6.409209869999999682e+03 9.975186503950677075e-01
6.409243199999999888e+03 9.890415855332825856e-01
6.409276530000000093e+03 1.003471602670204632e+00
6.409309860000000299e+03 1.005250645878866145e+00
6.409343189999999595e+03 9.952758395123529889e-01
6.409376529999999548e+03 1.002939410257357000e+00
6.409409859999999753e+03 1.019475388799403692e+00
6.409443189999999959e+03 9.896726136799445239e-01
6.409476520000000164e+03 1.016784015740146652e+00
6.409509860000000117e+03 1.007592292495395059e+00
6.409543190000000322e+03 9.951541955322735777e-01
6.409576519999999618e+03 1.004976946923687331e+00
6.409609849999999824e+03 1.002521259075833893e+00
6.409643189999999777e+03 1.017559496113153106e+00
6.409676519999999982e+03 1.011142776163963308e+00
6.409709859999999935e+03 1.008960787271288462e+00
6.409743190000000141e+03 1.000232831700589742e+00
6.409776520000000346e+03 9.975110476463124876e-01
6.409809860000000299e+03 9.965378958056771985e-01
6.409843189999999595e+03 1.011074351425168549e+00
6.409876529999999548e+03 1.013507231026756994e+00
6.409909859999999753e+03 9.795229440920674158e-01
6.409943199999999706e+03 1.022204775602435944e+00
6.409976529999999912e+03 1.011697776823075712e+00
6.410009869999999864e+03 1.026789233101679466e+00
6.410043200000000070e+03 1.008899965281248701e+00
6.410076540000000023e+03 9.888819278094282961e-01
6.410109870000000228e+03 9.868063773993230869e-01
6.410143210000000181e+03 9.973057734299285437e-01
6.410176540000000386e+03 9.994649540763382856e-01
6.410209880000000339e+03 1.007523867756600078e+00
6.410243220000000292e+03 9.954811137287370437e-01
6.410276549999999588e+03 1.002513656327078895e+00
6.410309890000000451e+03 9.995637898101529251e-01
6.410343230000000403e+03 1.010815857967499731e+00
6.410376559999999699e+03 9.985982407182724119e-01
6.410409899999999652e+03 9.885702151104747148e-01
6.410443239999999605e+03 1.020433335142529208e+00
6.410476579999999558e+03 9.980280345616500126e-01
6.410509909999999763e+03 9.905393270380103976e-01
6.410543249999999716e+03 1.001221189038735027e+00
6.410576589999999669e+03 9.851641836682507591e-01
6.410609929999999622e+03 9.858332255586876869e-01
6.410643269999999575e+03 9.972905679324184369e-01
6.410676610000000437e+03 9.940746052090687623e-01
6.410709950000000390e+03 1.005868672075392212e+00
6.410743279999999686e+03 1.004791082130331858e+00
6.410776619999999639e+03 9.926762769188043345e-01
6.410809959999999592e+03 9.982505306016682400e-01
6.410843300000000454e+03 1.001293091426518345e+00
6.410876640000000407e+03 9.875013293925279934e-01
6.410909980000000360e+03 1.002209371957978101e+00
6.410943320000000313e+03 1.000007785734761345e+00
6.410976660000000265e+03 9.918796947437212852e-01
6.411010000000000218e+03 1.010786198638316424e+00
6.411043340000000171e+03 1.005819009668488251e+00
6.411076680000000124e+03 1.018363445454784522e+00
6.411110020000000077e+03 1.012416470656982259e+00
6.411143369999999777e+03 1.014597922945965180e+00
6.411176709999999730e+03 1.003957999898064779e+00
6.411210049999999683e+03 9.935245467927171781e-01
6.411243389999999636e+03 1.011024817752268268e+00
6.411276729999999588e+03 1.011914836178193999e+00
6.411310070000000451e+03 9.913608771640275430e-01
6.411343420000000151e+03 1.007111427282298743e+00
6.411376760000000104e+03 9.996194838666915272e-01
6.411410100000000057e+03 1.007008712272085216e+00
6.411443440000000010e+03 1.027408671761077974e+00
6.411476789999999710e+03 1.008226825621652223e+00
6.411510129999999663e+03 9.938295017158947919e-01
6.411543469999999616e+03 1.026795202050676314e+00
6.411576820000000225e+03 1.017544161628098465e+00
6.411610160000000178e+03 1.015883284249117668e+00
6.411643500000000131e+03 1.001261605654345743e+00
6.411676849999999831e+03 1.015422812700545130e+00
6.411710189999999784e+03 1.017191917037285398e+00
6.411743540000000394e+03 9.850396656652199434e-01
6.411776880000000347e+03 1.018476239370591063e+00
6.411810220000000299e+03 1.001651715650762942e+00
6.411843570000000000e+03 1.012667860978182732e+00
6.411876909999999953e+03 1.016272112075385481e+00
6.411910259999999653e+03 1.014111714138012932e+00
6.411943599999999606e+03 1.005710062492635171e+00
6.411976950000000215e+03 9.950420602976534079e-01
6.412010299999999916e+03 1.011431289566804281e+00
6.412043639999999868e+03 1.013419379595502212e+00
6.412076989999999569e+03 1.010676075833097487e+00
6.412110330000000431e+03 9.983729974743850155e-01
6.412143680000000131e+03 1.018495069047085311e+00
6.412177029999999831e+03 1.004479906211923179e+00
6.412210369999999784e+03 1.016776474179581724e+00
6.412243720000000394e+03 1.021279768012194555e+00
6.412277070000000094e+03 1.002363641739379974e+00
6.412310410000000047e+03 1.005624453216306557e+00
6.412343759999999747e+03 1.019978872314497353e+00
6.412377110000000357e+03 1.017009442097784211e+00
6.412410460000000057e+03 1.018238010955087480e+00
6.412443800000000010e+03 1.025194203090652234e+00
6.412477149999999710e+03 1.021391666350903948e+00
6.412510500000000320e+03 1.012521682072597740e+00
6.412543850000000020e+03 1.021158484936515398e+00
6.412577199999999721e+03 1.028657987201878399e+00
6.412610550000000330e+03 1.027507093884744149e+00
6.412643890000000283e+03 1.002712180236530859e+00
6.412677239999999983e+03 9.984052445227304950e-01
6.412710589999999684e+03 1.014355082857515855e+00
6.412743940000000293e+03 1.011668337157228148e+00
6.412777289999999994e+03 1.019665212626004402e+00
6.412810639999999694e+03 1.017531147990198725e+00
6.412843990000000304e+03 1.020106164217948752e+00
6.412877340000000004e+03 1.011114005687700379e+00
6.412910689999999704e+03 1.021788384400089011e+00
6.412944040000000314e+03 1.022969929664974575e+00
6.412977390000000014e+03 1.010475180377679250e+00
6.413010739999999714e+03 1.008993406210236143e+00
6.413044100000000071e+03 1.002653520630928163e+00
6.413077449999999772e+03 1.026385455514544631e+00
6.413110800000000381e+03 1.012206460153977083e+00
6.413144150000000081e+03 1.016830667518330067e+00
6.413177499999999782e+03 1.007269082180674902e+00
6.413210850000000391e+03 1.002436839361575016e+00
6.413244200000000092e+03 1.017552647677596012e+00
6.413277560000000449e+03 1.028876912685110945e+00
6.413310910000000149e+03 1.002647234028591905e+00
6.413344259999999849e+03 1.011414735402579979e+00
6.413377609999999549e+03 1.018880342222272750e+00
6.413410969999999907e+03 1.039238061588320772e+00
6.413444319999999607e+03 1.029203665686710734e+00
6.413477670000000217e+03 9.871650926474800913e-01
6.413511029999999664e+03 1.013841417384749866e+00
6.413544380000000274e+03 1.016957434061624310e+00
6.413577729999999974e+03 1.018130260333580006e+00
6.413611090000000331e+03 1.011577656284768034e+00
6.413644440000000031e+03 1.020551014325645989e+00
6.413677800000000389e+03 1.025577914073634300e+00
6.413711150000000089e+03 1.006503411287137384e+00
6.413744510000000446e+03 1.009973838269408786e+00
6.413777860000000146e+03 1.036725319432932890e+00
6.413811219999999594e+03 1.018069406385598619e+00
6.413844570000000203e+03 1.017760668599738905e+00
6.413877929999999651e+03 1.018947837590698624e+00
6.413911280000000261e+03 1.005312972682442130e+00
6.413944639999999708e+03 1.031527163819192738e+00
6.413977990000000318e+03 1.025507183539025036e+00
6.414011349999999766e+03 1.016950168953435485e+00
6.414044710000000123e+03 1.028400844183891882e+00
6.414078059999999823e+03 1.018462768816717823e+00
6.414111420000000180e+03 1.014046129456299905e+00
6.414144769999999880e+03 1.015089469141123191e+00
6.414178130000000237e+03 1.022822404268956875e+00
6.414211489999999685e+03 1.032638126564163095e+00
6.414244850000000042e+03 1.036881013894947579e+00
6.414278199999999742e+03 1.023254828923644943e+00
6.414311560000000100e+03 1.028562117464541847e+00
6.414344919999999547e+03 1.032706311765374751e+00
6.414378279999999904e+03 1.016916925357240542e+00
6.414411629999999604e+03 1.014193556151216757e+00
6.414444989999999962e+03 1.025039206749793541e+00
6.414478350000000319e+03 1.006846247886576950e+00
6.414511709999999766e+03 1.022225831489831815e+00
6.414545070000000123e+03 1.007015744531535528e+00
6.414578429999999571e+03 1.022898781581404570e+00
6.414611789999999928e+03 1.023412475790276721e+00
6.414645150000000285e+03 1.016842692849591279e+00
6.414678509999999733e+03 1.021905189642829503e+00
6.414711870000000090e+03 1.034192809527133772e+00
6.414745230000000447e+03 1.035339161825312493e+00
6.414778589999999895e+03 1.025957310006574863e+00
6.414811950000000252e+03 1.021825289283937677e+00
6.414845309999999699e+03 1.030731500336498740e+00
6.414878670000000056e+03 1.014935173902757892e+00
6.414912030000000414e+03 1.021292281338805230e+00
6.414945389999999861e+03 1.029375010276896152e+00
6.414978750000000218e+03 9.991152813623572770e-01
6.415012109999999666e+03 1.008751257693958570e+00
6.415045470000000023e+03 1.017443765860182703e+00
6.415078830000000380e+03 1.021416889110618342e+00
6.415112189999999828e+03 1.029692910077061541e+00
6.415145559999999932e+03 1.038593324125970163e+00
6.415178920000000289e+03 1.033167325659998248e+00
6.415212279999999737e+03 1.048923352621066174e+00
6.415245640000000094e+03 1.041086297847303221e+00
6.415279010000000198e+03 1.017255221985118752e+00
6.415312369999999646e+03 1.040912010590496761e+00
6.415345730000000003e+03 1.032866094930638967e+00
6.415379090000000360e+03 1.018667034532063198e+00
6.415412459999999555e+03 1.035140881140739211e+00
6.415445819999999912e+03 1.039531751832424300e+00
6.415479190000000017e+03 1.028603568202817842e+00
6.415512550000000374e+03 1.023611033592149777e+00
6.415545909999999822e+03 1.034003374533746911e+00
6.415579279999999926e+03 1.040343344382018476e+00
6.415612640000000283e+03 1.040192312725565227e+00
6.415646010000000388e+03 1.030540023794012328e+00
6.415679369999999835e+03 1.037368329340587092e+00
6.415712739999999940e+03 1.027386270568153348e+00
6.415746100000000297e+03 1.033754725358494220e+00
6.415779470000000401e+03 1.022712939714319980e+00
6.415812829999999849e+03 1.038345694511307871e+00
6.415846199999999953e+03 1.024129180983347043e+00
6.415879560000000311e+03 1.013413804206982682e+00
6.415912930000000415e+03 1.022196522881105851e+00
6.415946289999999863e+03 1.021602846152162236e+00
6.415979659999999967e+03 1.013726192530358894e+00
6.416013030000000072e+03 1.003224938508024078e+00
6.416046390000000429e+03 1.036568018124420787e+00
6.416079759999999624e+03 1.029579565543185193e+00
6.416113129999999728e+03 1.028271006163452572e+00
6.416146490000000085e+03 1.037635408175821894e+00
6.416179860000000190e+03 1.021886481544274750e+00
6.416213230000000294e+03 1.026978498000550299e+00
6.416246600000000399e+03 1.019120659218391900e+00
6.416279959999999846e+03 1.025189726869715878e+00
6.416313329999999951e+03 1.027009818622473425e+00
6.416346700000000055e+03 1.023604400336749265e+00
6.416380070000000160e+03 1.023544886496446482e+00
6.416413440000000264e+03 1.016524275614419937e+00
6.416446810000000369e+03 1.014225197071413120e+00
6.416480179999999564e+03 1.031288685194323484e+00
6.416513539999999921e+03 1.027260300698232376e+00
6.416546910000000025e+03 1.024818177759276638e+00
6.416580280000000130e+03 1.025780638526073485e+00
6.416613650000000234e+03 1.025953957134118300e+00
6.416647020000000339e+03 1.018057273119784556e+00
6.416680390000000443e+03 1.026082636065855924e+00
6.416713759999999638e+03 1.000937211107062019e+00
6.416747129999999743e+03 1.020990112798761285e+00
6.416780499999999847e+03 1.011255385083125402e+00
6.416813869999999952e+03 1.006577163759508009e+00
6.416847240000000056e+03 1.025086005887843266e+00
6.416880619999999908e+03 1.033137780577104925e+00
6.416913990000000013e+03 1.033310515853953726e+00
6.416947360000000117e+03 1.012696865958077286e+00
6.416980730000000221e+03 1.013043623410977423e+00
6.417014100000000326e+03 1.018195802216361301e+00
6.417047470000000430e+03 1.012490665836320636e+00
6.417080839999999625e+03 1.016073126965887141e+00
6.417114220000000387e+03 1.005226513739331917e+00
6.417147589999999582e+03 1.029369497692665947e+00
6.417180959999999686e+03 1.025526632490701751e+00
6.417214329999999791e+03 1.019244951012775680e+00
6.417247709999999643e+03 1.006779864195410212e+00
6.417281079999999747e+03 1.016117332896078862e+00
6.417314449999999852e+03 1.019285190792079021e+00
6.417347829999999703e+03 1.017207574678430371e+00
6.417381199999999808e+03 1.000259020369523855e+00
6.417414569999999912e+03 9.979128436981682393e-01
6.417447949999999764e+03 1.006625141493684872e+00
6.417481319999999869e+03 1.016709126225209925e+00
6.417514699999999721e+03 1.013281694089875673e+00
6.417548069999999825e+03 1.013807391922806778e+00
6.417581439999999930e+03 1.016950586246757604e+00
6.417614819999999781e+03 1.002581560756872436e+00
6.417648189999999886e+03 1.010314590663032641e+00
6.417681569999999738e+03 1.004188974878217566e+00
6.417714939999999842e+03 1.009671415613637935e+00
6.417748319999999694e+03 1.034594687926943424e+00
6.417781699999999546e+03 1.027868904963659125e+00
6.417815069999999650e+03 1.004958598272309933e+00
6.417848450000000412e+03 1.014652404070209402e+00
6.417881819999999607e+03 1.026009005023997167e+00
6.417915200000000368e+03 1.026233652411050468e+00
6.417948580000000220e+03 1.020957124770070390e+00
6.417981950000000325e+03 1.017517405427737387e+00
6.418015330000000176e+03 1.016183866171492145e+00
6.418048710000000028e+03 1.021444576990654385e+00
6.418082080000000133e+03 1.022583589657370284e+00
6.418115459999999985e+03 1.025565532435398275e+00
6.418148839999999836e+03 1.020785593414357262e+00
6.418182219999999688e+03 1.020486076316724944e+00
6.418215589999999793e+03 1.033595145396580373e+00
6.418248969999999645e+03 1.010044922233566567e+00
6.418282350000000406e+03 1.013281362335868296e+00
6.418315730000000258e+03 1.005807653950448133e+00
6.418349110000000110e+03 1.015364512945879705e+00
6.418382489999999962e+03 1.029068646830068046e+00
6.418415869999999813e+03 1.014961153097822200e+00
6.418449239999999918e+03 1.010753804810063494e+00
6.418482619999999770e+03 1.022374190210578737e+00
6.418515999999999622e+03 1.023631927824743881e+00
6.418549380000000383e+03 1.018653775889348134e+00
6.418582760000000235e+03 1.014312536167678802e+00
6.418616140000000087e+03 1.019589935131194336e+00
6.418649519999999939e+03 1.033900290486880369e+00
6.418682899999999790e+03 1.020563267237448946e+00
6.418716279999999642e+03 1.014135177081419537e+00
6.418749660000000404e+03 1.035072919252847168e+00
6.418783050000000003e+03 1.031330886141002878e+00
6.418816429999999855e+03 1.033485119271822850e+00
6.418849809999999707e+03 1.034629076040787243e+00
6.418883189999999558e+03 1.024012852081835900e+00
6.418916570000000320e+03 1.035166114184763675e+00
6.418949950000000172e+03 1.023025342448550257e+00
6.418983330000000024e+03 1.028201114409791783e+00
6.419016719999999623e+03 1.026398309678598020e+00
6.419050100000000384e+03 1.012241323992247644e+00
6.419083480000000236e+03 1.019705046106363922e+00
6.419116860000000088e+03 1.028438959286813059e+00
6.419150249999999687e+03 1.016340787869378426e+00
6.419183630000000448e+03 1.016094489855285721e+00
6.419217010000000300e+03 1.018599397305093746e+00
6.419250399999999900e+03 1.017642788483171357e+00
6.419283779999999751e+03 1.005384079987059920e+00
6.419317159999999603e+03 1.021276096054662741e+00
6.419350550000000112e+03 1.028623165902860848e+00
6.419383929999999964e+03 1.034369948735153422e+00
6.419417309999999816e+03 1.031021257057946450e+00
6.419450700000000325e+03 1.018250071767714982e+00
6.419484080000000176e+03 1.022016301501432078e+00
6.419517469999999776e+03 1.027851646156158205e+00
6.419550849999999627e+03 1.024997356181737151e+00
6.419584240000000136e+03 1.029285321835921696e+00
6.419617619999999988e+03 1.030913382614435880e+00
6.419651009999999587e+03 1.013643057688240701e+00
6.419684390000000349e+03 1.010155575601244138e+00
6.419717779999999948e+03 1.036408668992401028e+00
6.419751159999999800e+03 1.054839176417759816e+00
6.419784550000000309e+03 1.045943067324613951e+00
6.419817939999999908e+03 1.029752701885538135e+00
6.419851319999999760e+03 1.025757572995325884e+00
6.419884710000000268e+03 1.038614138353164851e+00
6.419918099999999868e+03 1.029370545719214380e+00
6.419951479999999719e+03 1.015342989340010993e+00
6.419984870000000228e+03 1.024301122348624249e+00
6.420018259999999827e+03 1.027839049152165840e+00
6.420051650000000336e+03 1.030309196707956731e+00
6.420085030000000188e+03 1.014561254238875998e+00
6.420118419999999787e+03 1.008449779260730317e+00
6.420151810000000296e+03 1.020823141379481935e+00
6.420185199999999895e+03 1.036201974124529634e+00
6.420218590000000404e+03 1.041341901950416871e+00
6.420251970000000256e+03 1.034200704081482902e+00
6.420285359999999855e+03 1.030156450854057049e+00
6.420318750000000364e+03 1.025142952523659279e+00
6.420352139999999963e+03 1.026187086110771807e+00
6.420385529999999562e+03 1.015199977923051389e+00
6.420418920000000071e+03 1.020712177431442713e+00
6.420452309999999670e+03 1.019869558138280619e+00
6.420485700000000179e+03 1.033322825100587705e+00
6.420519089999999778e+03 1.035797799957923093e+00
6.420552480000000287e+03 1.026998388619746683e+00
6.420585869999999886e+03 1.020459270042393563e+00
6.420619260000000395e+03 1.021309322150354193e+00
6.420652649999999994e+03 1.044263106377874006e+00
6.420686039999999593e+03 1.031179150123067378e+00
6.420719430000000102e+03 1.029777240590082688e+00
6.420752819999999701e+03 1.045347031509546998e+00
6.420786210000000210e+03 1.036260368732309978e+00
6.420819599999999809e+03 1.029880147168801052e+00
6.420853000000000065e+03 1.034350836980616695e+00
6.420886389999999665e+03 1.022375501764974937e+00
6.420919780000000173e+03 1.025482582649259733e+00
6.420953169999999773e+03 1.038572955412615739e+00
6.420986560000000281e+03 1.025675894995647486e+00
6.421019959999999628e+03 1.018494306804927030e+00
6.421053350000000137e+03 1.023358804524385546e+00
6.421086739999999736e+03 1.033771847521022025e+00
6.421120130000000245e+03 1.023381038798223841e+00
6.421153529999999591e+03 1.010913694505626514e+00
6.421186920000000100e+03 1.019329681764935769e+00
6.421220309999999699e+03 1.031601912355047945e+00
6.421253709999999955e+03 1.012851949649813621e+00
6.421287099999999555e+03 1.018228334466508844e+00
6.421320499999999811e+03 1.026053449151933306e+00
6.421353890000000320e+03 1.018742558670275411e+00
6.421387279999999919e+03 1.012519475801295865e+00
6.421420680000000175e+03 1.015333824922874495e+00
6.421454069999999774e+03 1.015766001294986065e+00
6.421487470000000030e+03 1.033978739645789791e+00
6.421520859999999630e+03 1.017917669038577166e+00
6.421554259999999886e+03 1.014755212446786681e+00
6.421587650000000394e+03 1.013899977352305859e+00
6.421621049999999741e+03 1.016155072832550577e+00
6.421654449999999997e+03 1.010657106986775355e+00
6.421687839999999596e+03 1.005955938344219591e+00
6.421721239999999852e+03 1.019169199742602006e+00
6.421754630000000361e+03 1.006612703211409166e+00
6.421788029999999708e+03 1.021787909135477790e+00
6.421821429999999964e+03 1.022799483068871806e+00
6.421854819999999563e+03 1.020642632819925399e+00
6.421888219999999819e+03 1.019318973805513950e+00
6.421921620000000075e+03 1.022732460710350511e+00
6.421955020000000331e+03 1.017676020990110564e+00
6.421988409999999931e+03 1.002262745094770757e+00
6.422021810000000187e+03 1.021304874773828031e+00
6.422055210000000443e+03 1.018197342194495647e+00
6.422088609999999790e+03 1.021951746923021931e+00
6.422122010000000046e+03 1.014020264721875009e+00
6.422155399999999645e+03 1.029057721899886868e+00
6.422188799999999901e+03 1.019670045535310265e+00
6.422222200000000157e+03 9.930339289057125152e-01
6.422255600000000413e+03 1.008523109902623949e+00
6.422288999999999760e+03 1.009259677225860630e+00
6.422322400000000016e+03 1.009260318380169386e+00
6.422355800000000272e+03 9.962331182892941728e-01
6.422389199999999619e+03 1.008766757581393003e+00
6.422422599999999875e+03 1.023164552217599166e+00
6.422456000000000131e+03 1.013838163803814085e+00
6.422489400000000387e+03 1.008799204420772977e+00
6.422522799999999734e+03 1.018106574369036954e+00
6.422556199999999990e+03 1.020177433836714664e+00
6.422589600000000246e+03 1.011617467408442606e+00
6.422622999999999593e+03 1.017410142694292752e+00
6.422656399999999849e+03 1.008479373016269331e+00
6.422689800000000105e+03 1.007475012553290528e+00
6.422723200000000361e+03 1.021861401470187447e+00
6.422756599999999708e+03 1.024941927485169213e+00
6.422790009999999711e+03 1.009267873213319122e+00
6.422823409999999967e+03 9.930600385895639315e-01
6.422856810000000223e+03 1.007125728495344763e+00
6.422890209999999570e+03 1.013904868895734168e+00
6.422923609999999826e+03 1.006342909174048561e+00
6.422957019999999829e+03 1.005145770228752511e+00
6.422990420000000086e+03 1.016729025351673421e+00
6.423023820000000342e+03 1.003910168671988012e+00
6.423057219999999688e+03 9.893767849480852306e-01
6.423090629999999692e+03 1.005095393029206363e+00
6.423124029999999948e+03 1.021562978552528422e+00
6.423157439999999951e+03 1.003815388808696696e+00
6.423190840000000208e+03 1.004407953476490700e+00
6.423224239999999554e+03 1.004161514677744726e+00
6.423257649999999558e+03 1.001145835009276563e+00
6.423291049999999814e+03 9.940842584064827347e-01
6.423324459999999817e+03 9.972679460613411706e-01
6.423357860000000073e+03 1.003168470038366289e+00
6.423391270000000077e+03 1.002432158495031755e+00
6.423424670000000333e+03 1.014574987057356603e+00
6.423458080000000336e+03 1.007603153645587390e+00
6.423491479999999683e+03 1.028637396636371992e+00
6.423524889999999687e+03 1.030349783537062969e+00
6.423558289999999943e+03 1.017032151759475145e+00
6.423591699999999946e+03 1.004880582610995443e+00
6.423625100000000202e+03 1.001932713337421177e+00
6.423658510000000206e+03 1.009278629362019064e+00
6.423691920000000209e+03 1.011748319777499017e+00
6.423725319999999556e+03 1.001839581930673795e+00
6.423758729999999559e+03 9.859428599444127750e-01
6.423792139999999563e+03 1.002282096786281773e+00
6.423825539999999819e+03 1.003497669068433185e+00
6.423858949999999822e+03 1.007992847252008550e+00
6.423892359999999826e+03 1.007093490929231061e+00
6.423925769999999829e+03 1.003738284682877957e+00
6.423959170000000086e+03 1.004478818058357037e+00
6.423992580000000089e+03 9.999887638478692775e-01
6.424025990000000093e+03 9.934216776114312974e-01
6.424059400000000096e+03 9.971076903304404437e-01
6.424092810000000100e+03 9.947103002397416072e-01
6.424126210000000356e+03 1.010940358163434860e+00
6.424159620000000359e+03 1.015419216680227166e+00
6.424193030000000363e+03 1.004602260815718129e+00
6.424226440000000366e+03 9.961299323169127140e-01
6.424259850000000370e+03 1.005949330193166125e+00
6.424293260000000373e+03 1.018163851849829493e+00
6.424326670000000377e+03 9.885908178274221969e-01
6.424360080000000380e+03 9.817368682221514486e-01
6.424393490000000384e+03 1.001159782535738341e+00
6.424426900000000387e+03 1.010369375199816622e+00
6.424460310000000391e+03 9.996071672125238505e-01
6.424493720000000394e+03 1.009060957319015461e+00
6.424527130000000398e+03 1.017602053096128500e+00
6.424560540000000401e+03 9.969560396780424716e-01
6.424593950000000405e+03 9.947970496064160173e-01
6.424627360000000408e+03 1.009914748368051951e+00
6.424660780000000159e+03 9.966187508864960964e-01
6.424694190000000162e+03 1.004120897668926204e+00
6.424727600000000166e+03 9.933912052219147082e-01
6.424761010000000169e+03 1.001916107324818395e+00
6.424794420000000173e+03 1.020589813362571263e+00
6.424827839999999924e+03 1.012722191126611548e+00
6.424861249999999927e+03 9.902287749724227872e-01
6.424894659999999931e+03 9.895976714480712033e-01
6.424928069999999934e+03 1.012672628917603346e+00
6.424961489999999685e+03 1.004168747898483982e+00
6.424994899999999689e+03 9.992974325527212986e-01
6.425028309999999692e+03 1.009673060086841323e+00
6.425061730000000352e+03 1.026348105925921406e+00
6.425095140000000356e+03 1.008135644718633150e+00
6.425128550000000359e+03 9.914362339543444369e-01
6.425161970000000110e+03 1.014965618046226536e+00
6.425195380000000114e+03 1.003069311940517405e+00
6.425228799999999865e+03 9.970652395004980795e-01
6.425262209999999868e+03 1.004126207991359543e+00
6.425295629999999619e+03 9.990191136676632722e-01
6.425329039999999623e+03 9.980990015660351489e-01
6.425362460000000283e+03 9.905916402104886220e-01
6.425395870000000286e+03 9.921392271394855467e-01
6.425429290000000037e+03 1.001362769077057235e+00
6.425462700000000041e+03 9.915740115489984907e-01
6.425496119999999792e+03 9.784889053060280562e-01
6.425529529999999795e+03 9.493204677717557161e-01
6.425562949999999546e+03 9.777171514262237295e-01
6.425596370000000206e+03 9.918513348787353356e-01
6.425629780000000210e+03 1.001939912843090141e+00
6.425663199999999961e+03 1.006716522266435154e+00
6.425696619999999712e+03 1.000848272179612586e+00
6.425730029999999715e+03 9.893138394065648100e-01
6.425763450000000375e+03 9.925349193834920314e-01
6.425796870000000126e+03 1.026234794966868868e+00
6.425830280000000130e+03 1.010693690879872042e+00
6.425863699999999881e+03 9.932723272030618000e-01
6.425897119999999632e+03 9.919677494169154564e-01
6.425930540000000292e+03 1.003253259807868503e+00
6.425963960000000043e+03 1.002777887656114419e+00
6.425997370000000046e+03 9.907056528914062188e-01
6.426030789999999797e+03 9.920523773475148355e-01
6.426064209999999548e+03 1.002566372078036672e+00
6.426097630000000208e+03 9.867040270153523140e-01
6.426131049999999959e+03 9.764478791120343448e-01
6.426164469999999710e+03 9.749738458766642468e-01
6.426197890000000370e+03 9.836286504718124712e-01
6.426231310000000121e+03 9.867448582209669139e-01
6.426264729999999872e+03 9.836788700324589074e-01
6.426298149999999623e+03 9.788066497360944362e-01
6.426331570000000283e+03 9.749341544904794876e-01
6.426364990000000034e+03 9.766510956898587503e-01
6.426398409999999785e+03 9.811069226821561573e-01
6.426431830000000446e+03 9.716458641681385844e-01
6.426465250000000196e+03 9.743842545900074370e-01
6.426498669999999947e+03 9.784326286949205365e-01
6.426532089999999698e+03 9.783653708347115341e-01
6.426565510000000359e+03 9.984821077925528643e-01
6.426598930000000109e+03 1.014105007070526199e+00
6.426632359999999608e+03 9.959928125966854839e-01
6.426665780000000268e+03 9.874880509233867620e-01
6.426699200000000019e+03 1.021566991165793858e+00
6.426732619999999770e+03 1.006112995965919854e+00
6.426766040000000430e+03 1.003965450995832676e+00
6.426799469999999928e+03 9.979922630067998846e-01
6.426832889999999679e+03 1.009712151786141154e+00
6.426866310000000340e+03 1.008793008033359362e+00
6.426899739999999838e+03 9.963680794897222803e-01
6.426933159999999589e+03 9.939769998890455316e-01
6.426966580000000249e+03 1.000642189154613337e+00
6.427000009999999747e+03 1.022592388372593808e+00
6.427033430000000408e+03 1.009199396838689200e+00
6.427066850000000159e+03 1.008998055620577317e+00
6.427100279999999657e+03 1.012769377530680970e+00
6.427133700000000317e+03 1.018781963218253761e+00
6.427167129999999815e+03 1.022737685150644671e+00
6.427200549999999566e+03 1.004967621097953678e+00
6.427233979999999974e+03 9.877386242369462499e-01
6.427267399999999725e+03 1.000652393113844463e+00
6.427300830000000133e+03 1.000954312626374687e+00
6.427334249999999884e+03 9.983568821029109586e-01
6.427367680000000291e+03 1.000655787006135666e+00
6.427401100000000042e+03 1.003553620534434643e+00
6.427434530000000450e+03 1.013025946638606456e+00
6.427467950000000201e+03 1.003691288400653248e+00
6.427501379999999699e+03 1.006463033023447862e+00
6.427534810000000107e+03 1.020105118410085998e+00
6.427568229999999858e+03 1.007332581479731148e+00
6.427601660000000265e+03 1.006820821251382059e+00
6.427635089999999764e+03 1.012150527116341792e+00
6.427668510000000424e+03 9.952018137030971268e-01
6.427701939999999922e+03 1.000553730553025433e+00
6.427735370000000330e+03 1.012322905727262468e+00
6.427768799999999828e+03 1.007988730511616637e+00
6.427802219999999579e+03 1.009842839444726081e+00
6.427835649999999987e+03 1.009301540918052353e+00
6.427869080000000395e+03 1.003082741903655650e+00
6.427902509999999893e+03 1.030226201028350941e+00
6.427935940000000301e+03 1.010146829283401049e+00
6.427969360000000052e+03 9.930254819179985537e-01
6.428002789999999550e+03 9.928321966717794655e-01
6.428036219999999958e+03 1.002639596980037240e+00
6.428069650000000365e+03 1.002327766735000569e+00
6.428103079999999864e+03 9.974852578105393164e-01
6.428136510000000271e+03 1.013906368446290118e+00
6.428169939999999769e+03 1.025226973102875361e+00
6.428203370000000177e+03 9.993586891688120977e-01
6.428236799999999675e+03 1.015253522968084576e+00
6.428270230000000083e+03 1.002223371760126103e+00
6.428303659999999581e+03 9.966575769076703173e-01
6.428337089999999989e+03 1.005301993965047380e+00
6.428370520000000397e+03 9.953250959666121167e-01
6.428403949999999895e+03 9.930555105330998167e-01
6.428437380000000303e+03 1.008844152414918538e+00
6.428470809999999801e+03 1.015965091861964931e+00
6.428504249999999956e+03 1.011648514759853068e+00
6.428537680000000364e+03 1.009984526498359791e+00
6.428571109999999862e+03 1.019032995005346942e+00
6.428604540000000270e+03 1.022702730428330264e+00
6.428637969999999768e+03 1.005414258356988721e+00
6.428671409999999923e+03 1.009490471310749982e+00
6.428704840000000331e+03 1.009909917397383561e+00
6.428738269999999829e+03 1.010927659507439236e+00
6.428771700000000237e+03 1.016643128840153176e+00
6.428805140000000392e+03 1.008176666096695984e+00
6.428838569999999891e+03 1.013012932761391038e+00
6.428872000000000298e+03 1.024584730902852625e+00
6.428905440000000453e+03 1.035668358999039640e+00
6.428938869999999952e+03 1.021508279924919105e+00
6.428972300000000359e+03 9.995430295648657371e-01
6.429005739999999605e+03 1.014215449757928544e+00
6.429039170000000013e+03 1.035570072022829358e+00
6.429072610000000168e+03 1.030841627073302069e+00
6.429106039999999666e+03 1.021335916902185392e+00
6.429139470000000074e+03 1.021836052820815244e+00
6.429172910000000229e+03 1.023436323851328433e+00
6.429206339999999727e+03 1.023242315135262537e+00
6.429239779999999882e+03 1.013560804513622182e+00
6.429273220000000038e+03 1.017324414691986423e+00
6.429306650000000445e+03 1.019744129457831106e+00
6.429340089999999691e+03 1.019956291532804427e+00
6.429373520000000099e+03 1.017547711816338740e+00
6.429406960000000254e+03 1.016549258735172989e+00
6.429440389999999752e+03 1.020304823731682964e+00
6.429473829999999907e+03 1.011880379420257547e+00
6.429507270000000062e+03 1.028044064776607147e+00
6.429540699999999561e+03 1.010415526627119753e+00
6.429574139999999716e+03 1.029139465245154872e+00
6.429607579999999871e+03 1.023978086800072518e+00
6.429641020000000026e+03 1.026005672053629025e+00
6.429674450000000434e+03 1.031103351387803402e+00
6.429707889999999679e+03 1.028060474043643868e+00
6.429741329999999834e+03 1.036146607956045740e+00
6.429774769999999990e+03 1.039774947254721971e+00
6.429808210000000145e+03 1.042930781070250834e+00
6.429841639999999643e+03 1.041408033721356707e+00
6.429875079999999798e+03 1.046024653903699475e+00
6.429908519999999953e+03 1.041675846206982392e+00
6.429941960000000108e+03 1.039120280056154977e+00
6.429975400000000263e+03 1.031289413055875404e+00
6.430008840000000419e+03 1.028608898161422758e+00
6.430042279999999664e+03 1.042491728810561957e+00
6.430075719999999819e+03 1.050574924618867811e+00
6.430109159999999974e+03 1.042353670477824457e+00
6.430142600000000130e+03 1.035659988397856779e+00
6.430176040000000285e+03 1.032057639622388612e+00
6.430209480000000440e+03 1.035898574307635878e+00
6.430242919999999685e+03 1.049350778562141651e+00
6.430276359999999841e+03 1.062042403121417289e+00
6.430309799999999996e+03 1.058432309269609073e+00
6.430343240000000151e+03 1.043685037756972855e+00
6.430376680000000306e+03 1.040636272938242568e+00
6.430410119999999552e+03 1.051504900458660519e+00
6.430443559999999707e+03 1.050830858221317055e+00
6.430476999999999862e+03 1.058601063535067777e+00
6.430510449999999764e+03 1.041820653309935008e+00
6.430543889999999919e+03 1.046699893373790768e+00
6.430577330000000075e+03 1.045893347252632166e+00
6.430610770000000230e+03 1.038118474500210109e+00
6.430644220000000132e+03 1.044936655234916190e+00
6.430677660000000287e+03 1.052742472799499840e+00
6.430711100000000442e+03 1.041421569049489904e+00
6.430744539999999688e+03 1.035196129665246323e+00
6.430777989999999591e+03 1.040413660928318107e+00
6.430811429999999746e+03 1.049029639505064671e+00
6.430844869999999901e+03 1.044905661718616763e+00
6.430878319999999803e+03 1.042477517322089930e+00
6.430911759999999958e+03 1.047753165927848507e+00
6.430945209999999861e+03 1.033405091173233536e+00
6.430978650000000016e+03 1.020200483956866355e+00
6.431012090000000171e+03 1.038891946073122297e+00
6.431045540000000074e+03 1.056225984715193356e+00
6.431078980000000229e+03 1.060173659836421090e+00
6.431112430000000131e+03 1.057885608803507793e+00
6.431145870000000286e+03 1.044328506645112231e+00
6.431179320000000189e+03 1.043043415878068148e+00
6.431212770000000091e+03 1.037631285813148008e+00
6.431246210000000247e+03 1.030900335429300485e+00
6.431279660000000149e+03 1.037847397371808977e+00
6.431313100000000304e+03 1.052878024158053094e+00
6.431346550000000207e+03 1.051165469040270306e+00
6.431380000000000109e+03 1.033249205435407436e+00
6.431413440000000264e+03 1.043275378526913100e+00
6.431446890000000167e+03 1.038991752779995004e+00
6.431480340000000069e+03 1.038827124480865116e+00
6.431513780000000224e+03 1.042957950096758513e+00
6.431547230000000127e+03 1.052857330538933267e+00
6.431580680000000029e+03 1.037147165380113201e+00
6.431614120000000185e+03 1.030617422545478723e+00
6.431647570000000087e+03 1.045010080001508523e+00
6.431681019999999990e+03 1.033412213729013818e+00
6.431714469999999892e+03 1.029977088784955974e+00
6.431747919999999795e+03 1.050696022287652909e+00
6.431781359999999950e+03 1.028860326456292773e+00
6.431814809999999852e+03 1.023009686448655753e+00
6.431848259999999755e+03 1.031338077233487915e+00
6.431881709999999657e+03 1.023705314680855905e+00
6.431915159999999560e+03 1.020249027923969543e+00
6.431948610000000372e+03 1.036103624182709737e+00
6.431982060000000274e+03 1.038752451788029330e+00
6.432015510000000177e+03 1.021244728092881582e+00
6.432048960000000079e+03 1.029196061495164294e+00
6.432082409999999982e+03 1.041499003231105336e+00
6.432115859999999884e+03 1.034331487613239675e+00
6.432149309999999787e+03 1.035801801674213651e+00
6.432182759999999689e+03 1.036646146771870169e+00
6.432216209999999592e+03 1.037041293890877292e+00
6.432249660000000404e+03 1.036663320320943216e+00
6.432283110000000306e+03 1.034886476801839317e+00
6.432316560000000209e+03 1.030046997046069945e+00
6.432350010000000111e+03 1.024633568060297595e+00
6.432383469999999761e+03 1.033222827178134740e+00
6.432416919999999664e+03 1.036371278536171614e+00
6.432450369999999566e+03 1.033151870707067266e+00
6.432483820000000378e+03 1.031898111131528406e+00
6.432517270000000281e+03 1.037946550460217665e+00
6.432550729999999930e+03 1.024113132416202054e+00
6.432584179999999833e+03 1.018229976538595594e+00
6.432617629999999735e+03 1.033905590012306197e+00
6.432651079999999638e+03 1.043868798298036138e+00
6.432684540000000197e+03 1.040679283141411338e+00
6.432717990000000100e+03 1.019090846842890086e+00
6.432751440000000002e+03 1.030378287622071731e+00
6.432784899999999652e+03 1.026519795036735960e+00
6.432818349999999555e+03 1.033405647706592489e+00
6.432851810000000114e+03 1.029856366690334646e+00
6.432885260000000017e+03 1.014592551853976232e+00
6.432918709999999919e+03 1.012287628828153041e+00
6.432952169999999569e+03 1.021998559893372516e+00
6.432985620000000381e+03 1.025491528438749578e+00
6.433019080000000031e+03 1.028520743013027650e+00
6.433052529999999933e+03 1.033028615428413177e+00
6.433085989999999583e+03 1.013463571880936387e+00
6.433119440000000395e+03 1.003581466745924855e+00
6.433152900000000045e+03 1.017344419456255533e+00
6.433186359999999695e+03 1.021292978969468024e+00
6.433219809999999597e+03 1.022931440800702863e+00
6.433253270000000157e+03 1.023584084548378348e+00
6.433286720000000059e+03 1.013453090612899121e+00
6.433320179999999709e+03 1.008743770449541444e+00
6.433353640000000269e+03 1.019157340247956123e+00
6.433387090000000171e+03 1.012609362617943987e+00
6.433420549999999821e+03 1.020249376521666473e+00
6.433454010000000380e+03 9.940059478315362851e-01
6.433487470000000030e+03 9.918646513855822189e-01
6.433520919999999933e+03 9.910840263364860681e-01
6.433554379999999583e+03 9.709256679480451346e-01
6.433587840000000142e+03 9.803454006908449703e-01
6.433621299999999792e+03 1.009516165147177125e+00
6.433654749999999694e+03 1.012691176907881685e+00
6.433688210000000254e+03 1.014204186062429347e+00
6.433721669999999904e+03 1.014871522960164141e+00
6.433755129999999554e+03 1.019707763789911015e+00
6.433788590000000113e+03 1.026352400224188610e+00
6.433822049999999763e+03 1.016792413412721530e+00
6.433855510000000322e+03 1.025870229159572267e+00
6.433888969999999972e+03 1.018200240226657227e+00
6.433922429999999622e+03 1.013662464625863624e+00
6.433955890000000181e+03 1.024298010842924933e+00
6.433989349999999831e+03 1.022965386522507014e+00
6.434022810000000391e+03 1.019581962984724255e+00
6.434056270000000040e+03 1.027996464506759633e+00
6.434089729999999690e+03 1.033646707144798338e+00
6.434123190000000250e+03 1.002869255789683001e+00
6.434156649999999900e+03 1.017442732042351139e+00
6.434190109999999549e+03 1.022710593728524797e+00
6.434223570000000109e+03 1.009119384007351572e+00
6.434257029999999759e+03 1.022361110783839733e+00
6.434290490000000318e+03 1.035286015751869959e+00
6.434323949999999968e+03 1.026325413686255406e+00
6.434357420000000275e+03 1.035075405447140495e+00
6.434390879999999925e+03 1.037284843010252366e+00
6.434424339999999575e+03 1.032204811872117656e+00
6.434457800000000134e+03 1.014486718568040846e+00
6.434491259999999784e+03 1.019356440284023169e+00
6.434524730000000091e+03 1.030037678751815955e+00
6.434558189999999740e+03 1.020785276697411925e+00
6.434591650000000300e+03 1.015552246153545113e+00
6.434625119999999697e+03 1.028370525050966044e+00
6.434658580000000256e+03 1.034781844979587806e+00
6.434692039999999906e+03 1.025963866629912680e+00
6.434725510000000213e+03 1.026791831702776214e+00
6.434758969999999863e+03 1.042304130238864257e+00
6.434792440000000170e+03 1.029005886878414433e+00
6.434825899999999820e+03 1.043496152420540612e+00
6.434859360000000379e+03 1.024359278147077168e+00
6.434892829999999776e+03 1.040214948868561029e+00
6.434926290000000336e+03 1.044832214832169592e+00
6.434959759999999733e+03 1.032997493006500678e+00
6.434993220000000292e+03 1.029418479471417180e+00
6.435026689999999689e+03 1.033756567966672923e+00
6.435060150000000249e+03 1.051739235153057228e+00
6.435093619999999646e+03 1.037041749502481069e+00
6.435127089999999953e+03 1.042532114535472676e+00
6.435160549999999603e+03 1.020323778444393481e+00
6.435194019999999909e+03 1.010063740187072012e+00
6.435227479999999559e+03 1.027324788721245330e+00
6.435260949999999866e+03 1.038909033306413932e+00
6.435294420000000173e+03 1.036395444335072469e+00
6.435327879999999823e+03 1.033970123553393572e+00
6.435361350000000130e+03 1.030957598221546867e+00
6.435394820000000436e+03 1.036006306887559125e+00
6.435428289999999834e+03 1.059202520681680415e+00
6.435461750000000393e+03 1.028263872702359194e+00
6.435495219999999790e+03 1.047876541449710652e+00
6.435528690000000097e+03 1.042111299225083387e+00
6.435562160000000404e+03 1.054925083881949055e+00
6.435595629999999801e+03 1.050356435491742957e+00
6.435629090000000360e+03 1.038330640400925819e+00
6.435662559999999758e+03 1.048090016038899286e+00
6.435696030000000064e+03 1.050318418024943190e+00
6.435729500000000371e+03 1.040370749876480039e+00
6.435762969999999768e+03 1.059141573375088630e+00
6.435796440000000075e+03 1.045965142225073086e+00
6.435829910000000382e+03 1.049829853634751009e+00
6.435863379999999779e+03 1.046554045427791735e+00
6.435896850000000086e+03 1.048018911922937502e+00
6.435930320000000393e+03 1.037067844655769511e+00
6.435963789999999790e+03 1.037828488979000374e+00
6.435997260000000097e+03 1.055810243034513540e+00
6.436030730000000403e+03 1.061031339871190804e+00
6.436064199999999801e+03 1.052685876902366591e+00
6.436097670000000107e+03 1.054575822365967808e+00
6.436131140000000414e+03 1.053589697580126661e+00
6.436164609999999811e+03 1.050138605330741548e+00
6.436198080000000118e+03 1.055813917497176346e+00
6.436231560000000172e+03 1.039488380066847295e+00
6.436265029999999570e+03 1.041143697559891557e+00
6.436298499999999876e+03 1.047236886304251158e+00
6.436331970000000183e+03 1.047894268118956917e+00
6.436365439999999580e+03 1.050282679538929509e+00
6.436398919999999634e+03 1.051284654329106116e+00
6.436432389999999941e+03 1.049169375670698567e+00
6.436465860000000248e+03 1.051484184448455705e+00
6.436499329999999645e+03 1.045929316886576199e+00
6.436532809999999699e+03 1.049681521135295448e+00
6.436566280000000006e+03 1.035905981128501185e+00
6.436599750000000313e+03 1.044183021326643868e+00
6.436633230000000367e+03 1.041767677387106517e+00
6.436666699999999764e+03 1.051290642799552533e+00
6.436700179999999818e+03 1.053047587599884594e+00
6.436733650000000125e+03 1.038790107832662235e+00
6.436767120000000432e+03 1.030824652223377269e+00
6.436800599999999577e+03 1.033241953788157197e+00
6.436834069999999883e+03 1.037374779323384066e+00
6.436867549999999937e+03 1.015729199297255914e+00
6.436901020000000244e+03 1.041270120590714443e+00
6.436934500000000298e+03 1.024105122852779104e+00
6.436967969999999696e+03 1.027343340429631047e+00
6.437001449999999750e+03 1.033667603268696000e+00
6.437034929999999804e+03 1.030740332761467259e+00
6.437068400000000111e+03 1.031881577903940084e+00
6.437101880000000165e+03 1.039539196697389922e+00
6.437135349999999562e+03 1.031737662214164741e+00
6.437168829999999616e+03 1.011205005252824973e+00
6.437202309999999670e+03 1.017997682234932144e+00
6.437235779999999977e+03 1.030726599456836645e+00
6.437269260000000031e+03 1.038324447882849277e+00
6.437302740000000085e+03 1.038688359091585633e+00
6.437336220000000139e+03 1.024571092108587989e+00
6.437369690000000446e+03 1.023000742099474447e+00
6.437403169999999591e+03 1.023394401989028868e+00
6.437436649999999645e+03 1.027100224186024535e+00
6.437470129999999699e+03 1.032982122703217653e+00
6.437503600000000006e+03 1.025615736556694912e+00
6.437537080000000060e+03 1.019414813024366095e+00
6.437570560000000114e+03 1.031985909349067976e+00
6.437604040000000168e+03 1.040035646833177507e+00
6.437637520000000222e+03 1.030567233281130868e+00
6.437671000000000276e+03 1.011406740109116908e+00
6.437704480000000331e+03 1.000562487421861046e+00
6.437737960000000385e+03 1.007234946113906071e+00
6.437771440000000439e+03 1.014851998151423462e+00
6.437804919999999584e+03 1.011795511173098516e+00
6.437838399999999638e+03 1.010013787826411713e+00
6.437871879999999692e+03 1.022698903400275361e+00
6.437905359999999746e+03 1.038115355225836867e+00
6.437938839999999800e+03 1.032180010338548781e+00
6.437972319999999854e+03 1.016496448547870468e+00
6.438005799999999908e+03 1.013081595791807121e+00
6.438039279999999962e+03 1.015980071437539323e+00
6.438072760000000017e+03 1.015136020247552784e+00
6.438106240000000071e+03 1.011919253696432097e+00
6.438139720000000125e+03 1.005656261865691237e+00
6.438173200000000179e+03 1.014544747233532052e+00
6.438206689999999981e+03 1.015143402543043916e+00
6.438240170000000035e+03 1.003235272846725978e+00
6.438273650000000089e+03 1.026159736488038599e+00
6.438307130000000143e+03 1.016887922165182978e+00
6.438340619999999944e+03 1.011035940117054777e+00
6.438374099999999999e+03 1.009203862500953841e+00
6.438407580000000053e+03 1.005600133838251642e+00
6.438441060000000107e+03 1.014947672490650987e+00
6.438474549999999908e+03 1.013855043762517338e+00
6.438508029999999962e+03 1.006474041681010290e+00
6.438541510000000017e+03 1.012204397722533233e+00
6.438574999999999818e+03 1.009318500895966420e+00
6.438608479999999872e+03 9.987614402514001233e-01
6.438641969999999674e+03 1.015222273790325591e+00
6.438675449999999728e+03 1.009079362846070360e+00
6.438708929999999782e+03 1.003924936061843409e+00
6.438742419999999584e+03 9.997296171004301790e-01
6.438775899999999638e+03 9.975911665652725802e-01
6.438809390000000349e+03 1.004015652717026752e+00
6.438842870000000403e+03 1.012130309782246274e+00
6.438876360000000204e+03 9.980703240643133967e-01
6.438909850000000006e+03 1.006133431141085666e+00
6.438943330000000060e+03 1.024404312903387071e+00
6.438976819999999861e+03 1.006262064343327101e+00
6.439010299999999916e+03 9.997920303312701762e-01
6.439043789999999717e+03 1.007290682181390506e+00
6.439077280000000428e+03 1.012586502204203320e+00
6.439110759999999573e+03 1.010989743351432990e+00
6.439144250000000284e+03 9.927189878572763027e-01
6.439177740000000085e+03 9.990390328587333002e-01
6.439211220000000139e+03 1.014540225017180441e+00
6.439244709999999941e+03 1.003652612779769360e+00
6.439278199999999742e+03 9.946311218728388637e-01
6.439311679999999797e+03 9.995970159074860639e-01
6.439345169999999598e+03 9.966257563679177256e-01
6.439378660000000309e+03 9.986507119663723397e-01
6.439412150000000111e+03 1.009277527706129662e+00
6.439445639999999912e+03 1.011426316588462049e+00
6.439479129999999714e+03 1.012060941853695217e+00
6.439512609999999768e+03 1.003874925086199577e+00
6.439546099999999569e+03 9.998362776541104280e-01
6.439579590000000280e+03 1.000697917708523121e+00
6.439613080000000082e+03 9.975664601303233514e-01
6.439646569999999883e+03 1.004241987818082604e+00
6.439680059999999685e+03 1.005527557538065553e+00
6.439713550000000396e+03 9.962244073868553595e-01
6.439747040000000197e+03 9.952067460921844022e-01
6.439780529999999999e+03 9.861604065147711040e-01
6.439814019999999800e+03 1.002640554673922324e+00
6.439847509999999602e+03 9.917300572021685579e-01
6.439881000000000313e+03 9.877661321545021522e-01
6.439914490000000114e+03 9.747949837640794701e-01
6.439947979999999916e+03 9.907909344397142215e-01
6.439981469999999717e+03 9.740188674825992488e-01
6.440014960000000428e+03 9.789310181316664972e-01
6.440048459999999977e+03 9.809625773784133029e-01
6.440081949999999779e+03 9.761663539939446910e-01
6.440115439999999580e+03 1.007042797521493060e+00
6.440148930000000291e+03 9.886061901322058532e-01
6.440182420000000093e+03 9.711209413400848645e-01
6.440215919999999642e+03 9.766681740326608185e-01
6.440249410000000353e+03 9.774934505561916342e-01
6.440282900000000154e+03 9.804455357620841527e-01
6.440316389999999956e+03 9.926793253190890898e-01
6.440349890000000414e+03 9.838570089502739480e-01
6.440383380000000216e+03 9.807209615742276121e-01
6.440416870000000017e+03 9.922155220736975645e-01
6.440450369999999566e+03 1.011207046354996919e+00
6.440483860000000277e+03 1.015794428072224642e+00
6.440517350000000079e+03 9.977948827561216039e-01
6.440550849999999627e+03 1.009411724651460451e+00
6.440584340000000338e+03 1.000744236904682838e+00
6.440617839999999887e+03 1.012389504171469667e+00
6.440651329999999689e+03 9.961384792870902061e-01
6.440684830000000147e+03 9.982413927940561038e-01
6.440718319999999949e+03 1.000680257661819894e+00
6.440751820000000407e+03 9.994369089840694498e-01
6.440785310000000209e+03 1.004885430129823787e+00
6.440818809999999758e+03 1.007784087665739348e+00
6.440852299999999559e+03 9.991406850897955882e-01
6.440885800000000017e+03 9.984088695880163344e-01
6.440919289999999819e+03 1.016953810678250081e+00
6.440952790000000277e+03 1.024840598461935315e+00
6.440986289999999826e+03 1.009894282745737559e+00
6.441019779999999628e+03 9.952629569884032801e-01
6.441053280000000086e+03 1.003010915176959506e+00
6.441086779999999635e+03 1.003615643543355196e+00
6.441120270000000346e+03 1.022719370533907268e+00
6.441153769999999895e+03 1.024959327937530862e+00
6.441187270000000353e+03 1.017157851122699963e+00
6.441220769999999902e+03 1.023947322990547804e+00
6.441254259999999704e+03 1.018986964022011943e+00
6.441287760000000162e+03 1.002248624763129037e+00
6.441321259999999711e+03 1.013608899585136669e+00
6.441354760000000169e+03 1.019959551048073676e+00
6.441388259999999718e+03 1.026433938414164304e+00
6.441421750000000429e+03 1.013997833681099081e+00
6.441455249999999978e+03 1.010002408045162170e+00
6.441488750000000437e+03 1.029260124207610039e+00
6.441522249999999985e+03 1.020869557490227342e+00
6.441555750000000444e+03 1.016750182970797001e+00
6.441589249999999993e+03 1.028822645105375022e+00
6.441622750000000451e+03 1.023009711744536476e+00
6.441656250000000000e+03 1.010941344680065468e+00
6.441689749999999549e+03 1.023823112448639883e+00
6.441723250000000007e+03 1.036820879930004935e+00
6.441756749999999556e+03 1.010549405664415978e+00
6.441790250000000015e+03 1.003956953177971068e+00
6.441823749999999563e+03 1.004532052026634759e+00
6.441857250000000022e+03 1.019367991606920043e+00
6.441890749999999571e+03 1.013819498813612219e+00
6.441924250000000029e+03 1.011774314437669631e+00
6.441957749999999578e+03 1.012195853923662181e+00
6.441991259999999784e+03 1.014179003472909235e+00
6.442024760000000242e+03 1.011083201109473695e+00
6.442058259999999791e+03 1.010775026978213864e+00
6.442091760000000249e+03 1.027738250521765595e+00
6.442125259999999798e+03 1.008721321729586062e+00
6.442158770000000004e+03 1.004422167002115618e+00
6.442192269999999553e+03 1.013985815696428761e+00
6.442225770000000011e+03 1.007286438544177543e+00
6.442259269999999560e+03 1.006934663128106422e+00
6.442292779999999766e+03 1.003861715594000392e+00
6.442326280000000224e+03 9.920420467892512306e-01
6.442359779999999773e+03 1.002997949423654278e+00
6.442393289999999979e+03 1.024581598272345628e+00
6.442426790000000437e+03 1.021778393240882155e+00
6.442460299999999734e+03 1.017480021409940427e+00
6.442493800000000192e+03 1.024998304659653359e+00
6.442527299999999741e+03 1.005959253725689395e+00
6.442560809999999947e+03 1.022696553752630688e+00
6.442594310000000405e+03 1.022052679384835905e+00
6.442627819999999701e+03 1.019738698482861805e+00
6.442661320000000160e+03 1.020422270656631492e+00
6.442694830000000366e+03 1.014345433616697933e+00
6.442728329999999914e+03 1.012987227426305870e+00
6.442761840000000120e+03 1.020029803668358381e+00
6.442795339999999669e+03 1.010198134046198737e+00
6.442828849999999875e+03 9.941908700667726473e-01
6.442862360000000081e+03 1.000759420276716272e+00
6.442895859999999630e+03 1.012482592130902637e+00
6.442929369999999835e+03 1.019648058521271494e+00
6.442962880000000041e+03 1.021549024313880949e+00
6.442996379999999590e+03 1.022006320104139165e+00
6.443029889999999796e+03 1.009756235723667350e+00
6.443063400000000001e+03 1.026347240064069632e+00
6.443096899999999550e+03 1.027649993984468546e+00
6.443130409999999756e+03 1.025242133934805233e+00
6.443163919999999962e+03 1.016492459689042338e+00
6.443197430000000168e+03 1.004849432613307281e+00
6.443230929999999717e+03 1.006517141824209149e+00
6.443264439999999922e+03 1.019314956146308848e+00
6.443297950000000128e+03 1.021346548847853919e+00
6.443331460000000334e+03 1.006818549850035938e+00
6.443364969999999630e+03 1.032974592276205472e+00
6.443398479999999836e+03 1.008710286201861317e+00
6.443431990000000042e+03 1.022825177877397129e+00
6.443465500000000247e+03 1.026175410512722541e+00
6.443498999999999796e+03 9.997637638660326065e-01
6.443532510000000002e+03 1.003486141193392189e+00
6.443566020000000208e+03 1.020638123841601796e+00
6.443599530000000414e+03 1.019834584596133853e+00
6.443633039999999710e+03 1.014600904582176000e+00
6.443666549999999916e+03 1.011531567376140694e+00
6.443700060000000121e+03 1.005562568906881005e+00
6.443733580000000075e+03 1.008198490036029460e+00
6.443767090000000280e+03 1.010710404144596675e+00
6.443800599999999577e+03 1.000239609401326613e+00
6.443834109999999782e+03 1.025437608883493334e+00
6.443867619999999988e+03 1.013896117535334263e+00
6.443901130000000194e+03 1.019896931152711961e+00
6.443934640000000400e+03 1.035410929969705629e+00
6.443968149999999696e+03 1.028903623602223982e+00
6.444001669999999649e+03 1.009671467574364545e+00
6.444035179999999855e+03 1.010864350674753220e+00
6.444068690000000061e+03 1.017534433291946705e+00
6.444102200000000266e+03 1.006490917647210992e+00
6.444135720000000219e+03 9.970285128823467291e-01
6.444169230000000425e+03 9.832406280185245206e-01
6.444202739999999721e+03 9.975867242177053340e-01
6.444236259999999675e+03 1.014888629445415580e+00
6.444269769999999880e+03 1.013182753766482369e+00
6.444303280000000086e+03 1.006867443407397866e+00
6.444336800000000039e+03 1.012436454980691236e+00
6.444370310000000245e+03 1.013694424415767292e+00
6.444403820000000451e+03 1.023078343283745806e+00
6.444437340000000404e+03 1.021219564253466716e+00
6.444470849999999700e+03 1.011664952922370686e+00
6.444504369999999653e+03 1.015653052935276524e+00
6.444537879999999859e+03 1.010329162979812789e+00
6.444571399999999812e+03 1.003826183952750473e+00
6.444604910000000018e+03 1.012072998482450581e+00
6.444638429999999971e+03 1.030496504876021069e+00
6.444671940000000177e+03 1.017405468654060119e+00
6.444705460000000130e+03 1.010240642721800031e+00
6.444738970000000336e+03 1.005230895833814753e+00
6.444772490000000289e+03 1.017610840998318000e+00
6.444806010000000242e+03 1.019814378626314078e+00
6.444839520000000448e+03 1.013582010206181216e+00
6.444873040000000401e+03 1.008143344830984001e+00
6.444906560000000354e+03 1.002843294164372345e+00
6.444940069999999650e+03 1.008969774918115681e+00
6.444973589999999604e+03 1.013181861031359876e+00
6.445007109999999557e+03 9.947391749432599184e-01
6.445040619999999763e+03 1.008237113912048288e+00
6.445074139999999716e+03 1.015024876222540451e+00
6.445107659999999669e+03 1.004144337311173141e+00
6.445141179999999622e+03 1.015763408413294266e+00
6.445174699999999575e+03 1.014088005780910073e+00
6.445208209999999781e+03 9.974385845231061865e-01
6.445241729999999734e+03 1.000638653681091395e+00
6.445275249999999687e+03 1.008422165667672843e+00
6.445308769999999640e+03 1.010705005349082697e+00
6.445342289999999593e+03 1.011045234892919309e+00
6.445375809999999547e+03 1.010025027954421395e+00
6.445409330000000409e+03 1.020826317483875201e+00
6.445442850000000362e+03 1.008734074853827156e+00
6.445476370000000315e+03 9.955296035608569571e-01
6.445509890000000269e+03 9.973541527119264005e-01
6.445543410000000222e+03 1.003848397279257565e+00
6.445576930000000175e+03 1.000828350543514933e+00
6.445610450000000128e+03 9.865492665094466318e-01
6.445643970000000081e+03 9.818934660447319329e-01
6.445677490000000034e+03 9.826853930207409826e-01
6.445711009999999987e+03 9.757536282449280618e-01
6.445744529999999941e+03 9.767202343251850660e-01
6.445778049999999894e+03 9.800648206154509712e-01
6.445811569999999847e+03 9.708794277212936530e-01
6.445845089999999800e+03 9.687191994122171801e-01
6.445878620000000410e+03 9.573968449578257323e-01
6.445912140000000363e+03 9.827448828227199895e-01
6.445945660000000316e+03 9.772252038839545074e-01
6.445979180000000270e+03 9.795875836718274110e-01
6.446012700000000223e+03 9.857451459378245850e-01
6.446046229999999923e+03 9.928184094459663322e-01
6.446079749999999876e+03 9.968813479810509914e-01
6.446113269999999829e+03 9.994536734860689497e-01
6.446146800000000439e+03 1.005042822753902998e+00
6.446180320000000393e+03 1.003362007731874117e+00
6.446213840000000346e+03 9.967817116998654026e-01
6.446247370000000046e+03 1.006077718648164421e+00
6.446280889999999999e+03 1.017960921362399018e+00
6.446314409999999953e+03 1.006692439895795932e+00
6.446347939999999653e+03 9.978014436418982669e-01
6.446381459999999606e+03 1.006165953287509351e+00
6.446414990000000216e+03 9.989471737410036134e-01
6.446448510000000169e+03 1.016221537898036598e+00
6.446482039999999870e+03 1.006895275948320734e+00
6.446515559999999823e+03 9.980201711167174805e-01
6.446549090000000433e+03 1.012778525850778655e+00
6.446582610000000386e+03 1.023095868204508152e+00
6.446616140000000087e+03 1.003589808234967462e+00
6.446649660000000040e+03 9.909808862377633698e-01
6.446683189999999740e+03 1.005766723273858743e+00
6.446716720000000350e+03 1.007756072194214703e+00
6.446750240000000304e+03 1.007950639091338862e+00
6.446783770000000004e+03 9.956991275364718286e-01
6.446817289999999957e+03 1.002716286714441685e+00
6.446850819999999658e+03 1.003978965569644499e+00
6.446884350000000268e+03 9.960513603918317305e-01
6.446917879999999968e+03 1.009439057584354593e+00
6.446951399999999921e+03 1.003836431913529115e+00
6.446984929999999622e+03 1.005287795313863253e+00
6.447018460000000232e+03 1.009441316055858850e+00
6.447051989999999932e+03 9.976213112996661359e-01
6.447085509999999886e+03 9.946201173302539056e-01
6.447119039999999586e+03 1.007998149932001652e+00
6.447152570000000196e+03 1.010589490873374796e+00
6.447186099999999897e+03 1.002387862070947211e+00
6.447219629999999597e+03 1.001021003698125078e+00
6.447253160000000207e+03 1.000445846896441893e+00
6.447286689999999908e+03 1.010684338723205178e+00
6.447320209999999861e+03 1.014589655067308360e+00
6.447353739999999561e+03 1.011152952835379537e+00
6.447387270000000171e+03 1.018020769397577574e+00
6.447420799999999872e+03 1.010169210943923312e+00
6.447454329999999572e+03 1.007647871671295325e+00
6.447487860000000182e+03 1.009563161151821875e+00
6.447521389999999883e+03 1.000783196103610884e+00
6.447554919999999584e+03 1.001043169029144808e+00
6.447588459999999941e+03 1.011532942099430787e+00
6.447621989999999641e+03 1.010718073895842117e+00
6.447655520000000251e+03 1.007594606282948169e+00
6.447689049999999952e+03 9.969575582331222652e-01
6.447722579999999653e+03 1.008948896608794055e+00
6.447756110000000263e+03 1.004961918312188951e+00
6.447789639999999963e+03 1.006978391390869421e+00
6.447823169999999664e+03 1.006229139636624748e+00
6.447856710000000021e+03 1.003672538556226845e+00
6.447890239999999721e+03 1.004346070848368688e+00
6.447923770000000331e+03 9.941541327223605284e-01
6.447957300000000032e+03 1.010011472033983448e+00
6.447990840000000389e+03 1.042509730600743145e+00
6.448024370000000090e+03 1.055875321149768897e+00
6.448057899999999790e+03 1.062962574992431852e+00
6.448091440000000148e+03 1.028081971240924153e+00
6.448124969999999848e+03 1.000961030012844644e+00
6.448158499999999549e+03 9.967798216682669521e-01
6.448192039999999906e+03 1.003309260796562796e+00
6.448225569999999607e+03 1.006246517925910799e+00
6.448259100000000217e+03 1.001978459168060720e+00
6.448292639999999665e+03 1.002013285798974085e+00
6.448326170000000275e+03 9.936897978291137079e-01
6.448359709999999723e+03 1.013800197696579808e+00
6.448393240000000333e+03 1.004976259371245462e+00
6.448426779999999781e+03 9.862282471179020238e-01
6.448460310000000391e+03 9.958033619982845641e-01
6.448493849999999838e+03 9.764546548223272948e-01
6.448527380000000448e+03 9.507089604636024260e-01
6.448560919999999896e+03 9.616480144218674253e-01
6.448594460000000254e+03 9.878699970320679036e-01
6.448627989999999954e+03 9.946800221393653496e-01
6.448661530000000312e+03 1.004144325302148033e+00
6.448695060000000012e+03 9.985724661044572681e-01
6.448728600000000370e+03 1.008202890872832880e+00
6.448762139999999818e+03 1.001057419372706425e+00
6.448795670000000428e+03 9.901701530078648172e-01
6.448829209999999875e+03 9.932077239385823653e-01
6.448862750000000233e+03 1.000502010084828530e+00
6.448896289999999681e+03 9.994055913391221013e-01
6.448929820000000291e+03 9.942121405579307236e-01
6.448963359999999739e+03 9.947982807106540148e-01
6.448996900000000096e+03 1.005898447316221578e+00
6.449030440000000453e+03 1.013140483284259652e+00
6.449063979999999901e+03 9.863910949752396906e-01
6.449097509999999602e+03 1.012027598599068101e+00
6.449131049999999959e+03 9.873026744269557398e-01
6.449164590000000317e+03 9.881426668327579765e-01
6.449198129999999765e+03 9.926437345709140381e-01
6.449231670000000122e+03 9.984059478203146654e-01
6.449265209999999570e+03 1.003769098564410767e+00
6.449298749999999927e+03 1.003629860774241100e+00
6.449332290000000285e+03 9.964012326163734778e-01
6.449365829999999733e+03 9.979946554188815488e-01
6.449399370000000090e+03 9.960000067807901480e-01
6.449432910000000447e+03 9.841913985042576307e-01
6.449466449999999895e+03 9.910253460527396197e-01
6.449499990000000253e+03 9.942494874448171149e-01
6.449533529999999701e+03 9.916681432090064252e-01
6.449567070000000058e+03 9.938919372873060709e-01
6.449600610000000415e+03 9.839476945729677126e-01
6.449634149999999863e+03 9.694240201357101627e-01
6.449667690000000221e+03 9.561983823650143099e-01
6.449701240000000325e+03 9.805971178062636850e-01
6.449734779999999773e+03 9.700747886860325853e-01
6.449768320000000131e+03 9.649368854643622928e-01
6.449801859999999579e+03 9.758414769795542565e-01
6.449835399999999936e+03 9.849267676473512090e-01
6.449868950000000041e+03 9.884108408044715022e-01
6.449902490000000398e+03 9.784912182071771047e-01
6.449936029999999846e+03 9.745130254194299679e-01
6.449969579999999951e+03 9.901826681804276609e-01
6.450003120000000308e+03 9.944847926581176223e-01
6.450036659999999756e+03 9.804369673783096539e-01
6.450070209999999861e+03 9.895491543394836498e-01
6.450103750000000218e+03 9.965673353424443492e-01
6.450137289999999666e+03 9.817963674590772793e-01
6.450170839999999771e+03 9.773987955262476435e-01
6.450204380000000128e+03 9.690684683110728503e-01
6.450237930000000233e+03 9.745436655203433274e-01
6.450271469999999681e+03 9.862327855343192562e-01
6.450305019999999786e+03 9.917723114236304260e-01
6.450338560000000143e+03 9.885773302209702740e-01
6.450372110000000248e+03 9.893439364081145770e-01
6.450405649999999696e+03 9.963529641342375731e-01
6.450439199999999801e+03 9.927598372169215146e-01
6.450472740000000158e+03 9.971686758683999674e-01
6.450506290000000263e+03 1.005885735363349687e+00
6.450539829999999711e+03 1.023682429237689817e+00
6.450573379999999815e+03 1.018836262108400836e+00
6.450606929999999920e+03 1.024742550901225568e+00
6.450640470000000278e+03 1.013691723831879665e+00
6.450674020000000382e+03 1.017107225015448035e+00
6.450707569999999578e+03 1.002929674663491699e+00
6.450741109999999935e+03 1.005925405520610605e+00
6.450774660000000040e+03 1.009188803752272268e+00
6.450808210000000145e+03 9.975754594827498378e-01
6.450841760000000249e+03 9.993549232576891539e-01
6.450875299999999697e+03 1.006259326576901980e+00
6.450908849999999802e+03 1.007618583734732232e+00
6.450942399999999907e+03 1.019429886044217026e+00
6.450975950000000012e+03 1.009432088547275397e+00
6.451009500000000116e+03 9.825416948314468213e-01
6.451043039999999564e+03 1.009877465262161378e+00
6.451076589999999669e+03 1.011272593570368805e+00
6.451110139999999774e+03 1.003982976389394155e+00
6.451143689999999879e+03 1.011667149925023157e+00
6.451177239999999983e+03 1.000115500848797634e+00
6.451210790000000088e+03 9.911118214107512703e-01
6.451244340000000193e+03 9.976957624960145488e-01
6.451277890000000298e+03 1.002991274793659127e+00
6.451311440000000403e+03 9.939159686349220424e-01
6.451344989999999598e+03 9.981042151926495798e-01
6.451378539999999703e+03 1.012892157693300321e+00
6.451412089999999807e+03 1.005242719673260066e+00
6.451445639999999912e+03 9.995037915286621999e-01
6.451479190000000017e+03 9.974404911535081908e-01
6.451512740000000122e+03 9.850390970667980417e-01
6.451546290000000226e+03 1.008151945256706261e+00
6.451579850000000079e+03 9.979646176324163953e-01
6.451613400000000183e+03 9.991568803080418393e-01
6.451646950000000288e+03 1.002700024797321232e+00
6.451680500000000393e+03 1.006018716301282589e+00
6.451714049999999588e+03 1.005214244731116979e+00
6.451747610000000350e+03 1.009675470959390031e+00
6.451781160000000455e+03 1.022280599389077116e+00
6.451814709999999650e+03 1.020665655739050992e+00
6.451848259999999755e+03 1.017119762236615710e+00
6.451881819999999607e+03 1.019735882944717398e+00
6.451915369999999712e+03 1.010925373066261734e+00
6.451948919999999816e+03 1.007481341749749237e+00
6.451982479999999669e+03 1.007364005478549096e+00
6.452016029999999773e+03 1.005807658287662720e+00
6.452049579999999878e+03 1.001583139571642356e+00
6.452083139999999730e+03 9.941411381599618569e-01
6.452116689999999835e+03 9.959114252501818365e-01
6.452150249999999687e+03 1.009807002091587247e+00
6.452183799999999792e+03 1.022328008178311043e+00
6.452217349999999897e+03 1.012269037861626142e+00
6.452250909999999749e+03 1.010026036175206254e+00
6.452284459999999854e+03 1.010082172802030831e+00
6.452318019999999706e+03 1.013897542822167486e+00
6.452351579999999558e+03 1.023416441277221756e+00
6.452385129999999663e+03 1.019561342428487061e+00
6.452418690000000424e+03 1.009909081509443141e+00
6.452452239999999620e+03 1.008671321966505552e+00
6.452485800000000381e+03 1.005012173531900643e+00
6.452519360000000233e+03 1.012636161531110135e+00
6.452552910000000338e+03 1.027906693186131593e+00
6.452586470000000190e+03 1.025721717855203607e+00
6.452620030000000042e+03 1.017740542740330545e+00
6.452653580000000147e+03 1.023382996764657493e+00
6.452687139999999999e+03 1.022361889555546188e+00
6.452720699999999852e+03 1.012003961012633457e+00
6.452754249999999956e+03 1.024193258418701902e+00
6.452787809999999808e+03 1.019927632427739317e+00
6.452821369999999661e+03 1.011521748214606164e+00
6.452854930000000422e+03 1.018998712230527071e+00
6.452888490000000274e+03 1.019054537185944742e+00
6.452922040000000379e+03 1.018503436385700622e+00
6.452955600000000231e+03 1.031925813286654892e+00
6.452989160000000084e+03 1.035030165257108559e+00
6.453022719999999936e+03 1.030700093189079070e+00
6.453056279999999788e+03 1.035205847190062256e+00
6.453089839999999640e+03 1.021368878130280766e+00
6.453123400000000402e+03 1.022132577537056441e+00
6.453156960000000254e+03 1.029238765202692418e+00
6.453190520000000106e+03 1.028615243972185622e+00
6.453224079999999958e+03 1.032845889162182562e+00
6.453257639999999810e+03 1.028914076843608694e+00
6.453291199999999662e+03 1.023205652618582873e+00
6.453324760000000424e+03 1.028570048822117666e+00
6.453358320000000276e+03 1.032244047893762451e+00
6.453391880000000128e+03 1.030876650855784726e+00
6.453425439999999981e+03 1.030924866859226130e+00
6.453458999999999833e+03 1.037537763492503817e+00
6.453492559999999685e+03 1.041355478900143350e+00
6.453526120000000446e+03 1.040868986820619346e+00
6.453559690000000046e+03 1.056211424280398825e+00
6.453593249999999898e+03 1.037556477972119806e+00
6.453626809999999750e+03 1.042875652607805126e+00
6.453660369999999602e+03 1.033428456322445621e+00
6.453693930000000364e+03 1.031758141716122568e+00
6.453727499999999964e+03 1.038968671914451747e+00
6.453761059999999816e+03 1.052698349557156465e+00
6.453794619999999668e+03 1.048645106451189468e+00
6.453828190000000177e+03 1.048144077833151666e+00
6.453861750000000029e+03 1.052436670870059876e+00
6.453895309999999881e+03 1.046514074829826280e+00
6.453928880000000390e+03 1.041631337055672013e+00
6.453962440000000242e+03 1.052788620212994797e+00
6.453996000000000095e+03 1.066024119894985800e+00
6.454029569999999694e+03 1.059199550610098184e+00
6.454063129999999546e+03 1.052360968283075904e+00
6.454096700000000055e+03 1.069160822673757449e+00
6.454130259999999907e+03 1.061882085322840785e+00
6.454163830000000416e+03 1.054033613805010372e+00
6.454197390000000269e+03 1.056231780393450892e+00
6.454230959999999868e+03 1.079459692672811721e+00
6.454264519999999720e+03 1.068385579067261171e+00
6.454298090000000229e+03 1.078225278829314293e+00
6.454331650000000081e+03 1.076785487121737050e+00
6.454365219999999681e+03 1.067985481583660246e+00
6.454398790000000190e+03 1.061588854750238564e+00
6.454432350000000042e+03 1.070352463787237252e+00
6.454465919999999642e+03 1.075053309426280856e+00
6.454499480000000403e+03 1.076297848147820257e+00
6.454533050000000003e+03 1.067217808800668521e+00
6.454566619999999602e+03 1.061471492733379485e+00
6.454600180000000364e+03 1.081935605908591613e+00
6.454633749999999964e+03 1.083143704835671794e+00
6.454667319999999563e+03 1.080506665218696760e+00
6.454700890000000072e+03 1.062425064977413625e+00
6.454734459999999672e+03 1.029571168385586599e+00
6.454768020000000433e+03 1.021901079429131221e+00
6.454801590000000033e+03 1.043249880277195452e+00
6.454835159999999632e+03 1.057478241984782574e+00
6.454868730000000141e+03 1.066108689963926048e+00
6.454902299999999741e+03 1.076404698126840920e+00
6.454935870000000250e+03 1.067364013771065601e+00
6.454969430000000102e+03 1.076541504073781574e+00
6.455002999999999702e+03 1.075679570723993894e+00
6.455036570000000211e+03 1.068947442624040178e+00
6.455070139999999810e+03 1.072866941006191066e+00
6.455103710000000319e+03 1.058700589951650839e+00
6.455137279999999919e+03 1.052870955429795474e+00
6.455170850000000428e+03 1.070728931035810572e+00
6.455204420000000027e+03 1.061373343657614710e+00
6.455237989999999627e+03 1.062833767183815947e+00
6.455271560000000136e+03 1.070105425596097337e+00
6.455305129999999735e+03 1.049128411174644393e+00
6.455338709999999992e+03 1.048952474316342309e+00
6.455372279999999591e+03 1.022808211811065515e+00
6.455405850000000100e+03 1.042328642147631212e+00
6.455439419999999700e+03 1.043594733975611089e+00
6.455472990000000209e+03 1.041861900900658444e+00
6.455506559999999808e+03 1.053075731983381225e+00
6.455540130000000318e+03 1.060446842783240529e+00
6.455573709999999664e+03 1.052673246613588631e+00
6.455607280000000173e+03 1.045678583137906736e+00
6.455640849999999773e+03 1.055910697791483610e+00
6.455674420000000282e+03 1.051979530794578510e+00
6.455707999999999629e+03 1.033951222856856589e+00
6.455741570000000138e+03 1.041098156689001852e+00
6.455775139999999737e+03 1.047336600496767911e+00
6.455808719999999994e+03 1.049791197724757374e+00
6.455842289999999593e+03 1.061801305610609925e+00
6.455875860000000102e+03 1.051486020906637231e+00
6.455909440000000359e+03 1.043289895874952133e+00
6.455943009999999958e+03 1.045189487688298335e+00
6.455976590000000215e+03 1.045093031516127091e+00
6.456010159999999814e+03 1.051719119540158953e+00
6.456043740000000071e+03 1.028141164817429010e+00
6.456077309999999670e+03 1.034198181685960893e+00
6.456110880000000179e+03 1.033885939944233945e+00
6.456144460000000436e+03 1.020461678634912550e+00
6.456178039999999783e+03 1.020272333075281201e+00
6.456211610000000292e+03 1.021048340939401999e+00
6.456245189999999639e+03 1.022220499399716376e+00
6.456278760000000148e+03 1.029112207382270272e+00
6.456312340000000404e+03 1.028800166714663566e+00
6.456345910000000003e+03 1.023798932772031156e+00
6.456379490000000260e+03 1.019619121089290648e+00
6.456413069999999607e+03 1.021957978086347918e+00
6.456446640000000116e+03 1.018505931547637688e+00
6.456480220000000372e+03 1.035890148145063971e+00
6.456513799999999719e+03 1.017731362192898947e+00
6.456547379999999976e+03 1.031391221324698515e+00
6.456580949999999575e+03 1.018966136806466416e+00
6.456614529999999831e+03 1.027519366261302913e+00
6.456648110000000088e+03 1.035107125166195186e+00
6.456681690000000344e+03 1.018844950748946543e+00
6.456715259999999944e+03 1.028751151306893208e+00
6.456748840000000200e+03 1.031024221184514644e+00
6.456782419999999547e+03 1.015822084756046406e+00
6.456815999999999804e+03 1.014804981415373231e+00
6.456849580000000060e+03 1.025833272676848207e+00
6.456883160000000316e+03 1.041151872761407748e+00
6.456916739999999663e+03 1.031825982446018752e+00
6.456950319999999920e+03 1.006180096727659956e+00
6.456983890000000429e+03 1.030683797617118147e+00
6.457017469999999776e+03 1.037210722732226920e+00
6.457051050000000032e+03 1.031334176863074825e+00
6.457084630000000288e+03 1.012349848971398902e+00
6.457118209999999635e+03 1.030516065007748283e+00
6.457151799999999639e+03 1.037452476528462952e+00
6.457185379999999896e+03 1.030583355611815577e+00
6.457218960000000152e+03 1.031782989108089188e+00
6.457252540000000408e+03 1.033191269826601699e+00
6.457286119999999755e+03 1.039781315126110606e+00
6.457319700000000012e+03 1.027486569550362772e+00
6.457353280000000268e+03 1.028930835324054716e+00
6.457386859999999615e+03 1.039097003779332118e+00
6.457420439999999871e+03 1.025400144729184060e+00
6.457454029999999875e+03 1.020576681362375338e+00
6.457487610000000132e+03 1.026475125381444364e+00
6.457521190000000388e+03 1.013089294625445280e+00
6.457554769999999735e+03 1.012209659737063117e+00
6.457588359999999739e+03 1.028504670820216571e+00
6.457621939999999995e+03 1.033934498366960719e+00
6.457655520000000251e+03 1.028672788430152085e+00
6.457689099999999598e+03 1.021627183634999270e+00
6.457722689999999602e+03 1.001229581583721551e+00
6.457756269999999859e+03 1.016702360543995320e+00
6.457789859999999862e+03 1.027102599458225018e+00
6.457823440000000119e+03 1.039976796177697338e+00
6.457857020000000375e+03 1.033564925871716778e+00
6.457890610000000379e+03 1.036475694076074872e+00
6.457924189999999726e+03 1.033955667516979648e+00
6.457957779999999730e+03 1.040922912917973786e+00
6.457991359999999986e+03 1.033317841499746592e+00
6.458024949999999990e+03 1.023814470268877397e+00
6.458058530000000246e+03 1.024876754452908711e+00
6.458092120000000250e+03 1.030419456376416854e+00
6.458125699999999597e+03 1.040578828858305771e+00
6.458159289999999601e+03 1.041424760567485563e+00
6.458192869999999857e+03 1.038545635755374175e+00
6.458226459999999861e+03 1.047085874162174468e+00
6.458260049999999865e+03 1.059738685441252715e+00
6.458293630000000121e+03 1.060569565190899510e+00
6.458327220000000125e+03 1.055856679309997270e+00
6.458360800000000381e+03 1.042027087352495496e+00
6.458394390000000385e+03 1.051342435341285464e+00
6.458427980000000389e+03 1.042949164562375408e+00
6.458461570000000393e+03 1.050639115283901415e+00
6.458495149999999740e+03 1.053885688718638969e+00
6.458528739999999743e+03 1.060338341033459253e+00
6.458562329999999747e+03 1.052837218285933130e+00
6.458595919999999751e+03 1.058067460252685832e+00
6.458629500000000007e+03 1.062255088625631450e+00
6.458663090000000011e+03 1.064343526485051150e+00
6.458696680000000015e+03 1.066453401987217831e+00
6.458730270000000019e+03 1.054259673449618351e+00
6.458763860000000022e+03 1.052387873127618168e+00
6.458797450000000026e+03 1.065638145030029627e+00
6.458831040000000030e+03 1.057096554085743323e+00
6.458864630000000034e+03 1.053083168418719406e+00
6.458898210000000290e+03 1.070615438810202047e+00
6.458931800000000294e+03 1.057597358613459937e+00
6.458965390000000298e+03 1.062947886130856334e+00
6.458998980000000302e+03 1.057655710494134205e+00
6.459032570000000305e+03 1.066857462248591348e+00
6.459066160000000309e+03 1.052310552846871028e+00
6.459099750000000313e+03 1.076902805913995342e+00
6.459133350000000064e+03 1.051320186210798813e+00
6.459166940000000068e+03 1.049808394966816660e+00
6.459200530000000072e+03 1.050373056357752466e+00
6.459234120000000075e+03 1.058811813447767092e+00
6.459267710000000079e+03 1.054871670644190296e+00
6.459301300000000083e+03 1.052203332016881321e+00
6.459334890000000087e+03 1.046690379447930974e+00
6.459368489999999838e+03 1.044281047206260915e+00
6.459402079999999842e+03 1.041965253114802037e+00
6.459435669999999845e+03 1.006837083632535546e+00
6.459469259999999849e+03 9.598305021694027994e-01
6.459502849999999853e+03 9.605844734423315545e-01
6.459536449999999604e+03 1.006307867726508043e+00
6.459570039999999608e+03 1.029648595515075149e+00
6.459603629999999612e+03 1.060320780779133276e+00
6.459637230000000272e+03 1.060949530803922958e+00
6.459670820000000276e+03 1.066662831565567515e+00
6.459704410000000280e+03 1.058508519050789909e+00
6.459738010000000031e+03 1.069305811888949131e+00
6.459771600000000035e+03 1.067657860617488907e+00
6.459805199999999786e+03 1.068587885818156336e+00
6.459838789999999790e+03 1.058725533362893989e+00
6.459872379999999794e+03 1.063102330101436843e+00
6.459905980000000454e+03 1.062897953784707417e+00
6.459939569999999549e+03 1.060252441137568891e+00
6.459973170000000209e+03 1.061986671417086470e+00
6.460006760000000213e+03 1.055866494752844664e+00
6.460040359999999964e+03 1.055561852034931913e+00
6.460073959999999715e+03 1.051954882491233034e+00
6.460107549999999719e+03 1.043574241191621121e+00
6.460141150000000380e+03 1.047491000749021017e+00
6.460174740000000384e+03 1.051335749982081014e+00
6.460208340000000135e+03 1.051052824182268530e+00
6.460241939999999886e+03 1.026113727750061377e+00
6.460275529999999890e+03 1.002066180133195150e+00
6.460309129999999641e+03 9.792546023785819731e-01
6.460342730000000302e+03 1.008479683328320720e+00
6.460376320000000305e+03 1.034265198195847502e+00
6.460409920000000056e+03 1.054271787178702402e+00
6.460443519999999808e+03 1.047458097762828055e+00
6.460477119999999559e+03 1.038448835912893164e+00
6.460510709999999563e+03 1.036745497061681176e+00
6.460544310000000223e+03 1.029660264348355225e+00
6.460577909999999974e+03 1.010756970873217808e+00
6.460611509999999726e+03 9.952345008775943525e-01
6.460645110000000386e+03 1.004668778913157201e+00
6.460678710000000137e+03 1.024570985701957371e+00
6.460712300000000141e+03 1.025530261397725518e+00
6.460745899999999892e+03 1.038370749764525369e+00
6.460779499999999643e+03 1.034056307537748243e+00
6.460813100000000304e+03 1.004187434363852383e+00
6.460846700000000055e+03 1.004637842699819261e+00
6.460880299999999806e+03 1.015511786150644635e+00
6.460913899999999558e+03 1.022540022115299374e+00
6.460947500000000218e+03 1.011670229010133593e+00
6.460981099999999969e+03 1.021244633676389180e+00
6.461014699999999721e+03 1.021543828294797063e+00
6.461048300000000381e+03 1.010997820746289078e+00
6.461081900000000132e+03 1.013621204005503929e+00
6.461115499999999884e+03 1.027426058606852211e+00
6.461149110000000292e+03 1.040061021221680093e+00
6.461182710000000043e+03 1.028805710748468272e+00
6.461216309999999794e+03 1.031327838407726905e+00
6.461249910000000455e+03 1.025911024850214792e+00
6.461283510000000206e+03 1.026504027240279671e+00
6.461317109999999957e+03 1.011421159910824263e+00
6.461350720000000365e+03 1.019759014397614960e+00
6.461384320000000116e+03 1.033918887498032069e+00
6.461417919999999867e+03 1.025828265352209501e+00
6.461451519999999618e+03 1.019451796048476133e+00
6.461485130000000026e+03 1.023895130735647641e+00
6.461518729999999778e+03 1.016493834087488946e+00
6.461552330000000438e+03 1.010727629419819085e+00
6.461585939999999937e+03 1.009048255672674088e+00
6.461619539999999688e+03 1.012279804813022599e+00
6.461653140000000349e+03 1.039949782123063660e+00
6.461686749999999847e+03 1.019050561716517311e+00
6.461720349999999598e+03 1.023958928690495762e+00
6.461753960000000006e+03 1.013412338101019161e+00
6.461787559999999758e+03 1.027495607175202608e+00
6.461821170000000166e+03 1.029478815346371201e+00
6.461854769999999917e+03 1.012503719776445710e+00
6.461888380000000325e+03 1.009083083127732205e+00
6.461921980000000076e+03 1.016836213213427875e+00
6.461955589999999575e+03 1.017307285128933758e+00
6.461989190000000235e+03 1.019398011102671475e+00
6.462022799999999734e+03 1.018708007734294929e+00
6.462056400000000394e+03 1.009332542289411050e+00
6.462090009999999893e+03 1.019126813007905863e+00
6.462123609999999644e+03 1.019031653388195346e+00
6.462157220000000052e+03 1.021079010030231604e+00
6.462190829999999551e+03 1.023391363297592394e+00
6.462224430000000211e+03 1.005504926327208226e+00
6.462258039999999710e+03 1.001741714031283426e+00
6.462291650000000118e+03 1.000529381041556087e+00
6.462325259999999616e+03 9.978627195227456337e-01
6.462358860000000277e+03 1.008493212501323066e+00
6.462392469999999776e+03 9.861896510513022962e-01
6.462426080000000184e+03 9.699552490328771093e-01
6.462459689999999682e+03 9.438359496430789308e-01
6.462493290000000343e+03 9.564152499769289495e-01
6.462526899999999841e+03 9.882271005299269051e-01
6.462560510000000249e+03 9.891142339225510449e-01
6.462594119999999748e+03 9.898294063710535440e-01
6.462627730000000156e+03 9.802303924993208684e-01
6.462661339999999655e+03 9.792268170316372755e-01
6.462694950000000063e+03 9.843397938726171637e-01
6.462728559999999561e+03 9.961703750441783800e-01
6.462762169999999969e+03 9.997714079015220801e-01
6.462795780000000377e+03 9.987960114415074253e-01
6.462829389999999876e+03 9.983935782029355055e-01
6.462863000000000284e+03 1.014254007555553061e+00
6.462896609999999782e+03 1.002766097641516474e+00
6.462930220000000190e+03 9.942290709477710209e-01
6.462963829999999689e+03 1.006085505579161543e+00
6.462997440000000097e+03 1.015098615776072632e+00
6.463031049999999595e+03 1.008860353081113326e+00
6.463064660000000003e+03 1.005185673694168669e+00
6.463098270000000412e+03 1.003007568340626765e+00
6.463131879999999910e+03 9.956462112338393400e-01
6.463165490000000318e+03 1.005782267178905176e+00
6.463199109999999564e+03 9.997456639276571799e-01
6.463232719999999972e+03 1.007454179976496889e+00
6.463266330000000380e+03 1.008111102781843904e+00
6.463299939999999879e+03 1.004945458143653436e+00
6.463333560000000034e+03 9.995609911293116268e-01
6.463367170000000442e+03 9.991587284968524996e-01
6.463400779999999941e+03 1.003881364795382369e+00
6.463434390000000349e+03 9.907029819598334175e-01
6.463468009999999595e+03 9.929277112751889733e-01
6.463501620000000003e+03 9.986234610130141354e-01
6.463535230000000411e+03 1.003839363664125184e+00
6.463568849999999657e+03 9.860107873019164915e-01
6.463602460000000065e+03 9.939247013662754204e-01
6.463636080000000220e+03 9.911969505185497242e-01
6.463669689999999719e+03 9.896787238523689911e-01
6.463703300000000127e+03 9.975560354169635824e-01
6.463736920000000282e+03 9.985993670598577454e-01
6.463770529999999781e+03 9.922369305364662218e-01
6.463804149999999936e+03 9.782261037320175712e-01
6.463837760000000344e+03 9.702619757382453525e-01
6.463871379999999590e+03 9.825530876370632827e-01
6.463904989999999998e+03 9.871381598467117158e-01
6.463938610000000153e+03 9.780154922641511872e-01
6.463972230000000309e+03 9.785369505708567672e-01
6.464005839999999807e+03 9.724769139977866850e-01
6.464039459999999963e+03 9.492200766758142061e-01
6.464073070000000371e+03 9.059853552195288318e-01
6.464106689999999617e+03 9.071741568078423024e-01
6.464140309999999772e+03 9.367027332109584270e-01
6.464173920000000180e+03 9.687401407999138847e-01
6.464207540000000336e+03 9.744973867408508461e-01
6.464241159999999581e+03 9.897739572532080476e-01
6.464274779999999737e+03 9.840225693878150715e-01
6.464308390000000145e+03 9.800022811237364406e-01
6.464342010000000300e+03 9.670140882817125361e-01
6.464375629999999546e+03 9.769040360238995246e-01
6.464409249999999702e+03 9.615782760709168375e-01
6.464442869999999857e+03 9.692295360551338446e-01
6.464476480000000265e+03 9.746850600499974426e-01
6.464510100000000421e+03 9.783240077504498089e-01
6.464543719999999666e+03 9.805827220225071805e-01
6.464577339999999822e+03 9.903060266575559600e-01
6.464610959999999977e+03 9.992923067528967085e-01
6.464644580000000133e+03 9.843265815184637502e-01
6.464678200000000288e+03 9.731366789776274562e-01
6.464711820000000444e+03 9.858045347294734917e-01
6.464745439999999689e+03 9.986146103604935931e-01
6.464779059999999845e+03 9.941237426949279810e-01
6.464812680000000000e+03 9.851724075672535497e-01
6.464846300000000156e+03 9.848568805896967815e-01
6.464879920000000311e+03 9.808100184499075613e-01
6.464913539999999557e+03 9.951265427316905443e-01
6.464947159999999712e+03 9.792000404620005982e-01
6.464980779999999868e+03 9.359637294829084020e-01
6.465014400000000023e+03 8.838101484940688035e-01
6.465048029999999926e+03 8.808818705381096237e-01
6.465081650000000081e+03 9.226433416792794162e-01
6.465115270000000237e+03 9.607503485064671223e-01
6.465148890000000392e+03 9.769011087028671714e-01
6.465182509999999638e+03 9.910999710492718329e-01
6.465216140000000451e+03 9.930067803636257739e-01
6.465249759999999696e+03 9.875104073201942390e-01
6.465283379999999852e+03 9.941261773195724238e-01
6.465317000000000007e+03 9.919598561064169040e-01
6.465350629999999910e+03 9.905010292746900813e-01
6.465384250000000065e+03 1.001838937921199379e+00
6.465417870000000221e+03 9.982466219768874049e-01
6.465451500000000124e+03 9.978965279691657253e-01
6.465485120000000279e+03 9.963818355275939620e-01
6.465518740000000435e+03 9.908160552823838119e-01
6.465552370000000337e+03 1.000111408426181070e+00
6.465585989999999583e+03 1.006648878162210936e+00
6.465619620000000396e+03 9.964247041816003403e-01
6.465653239999999641e+03 9.957959639228348703e-01
6.465686870000000454e+03 1.001999512118994629e+00
6.465720489999999700e+03 9.984604297322763333e-01
6.465754119999999602e+03 9.994658713057973376e-01
6.465787739999999758e+03 9.940098774100089019e-01
6.465821369999999661e+03 1.000877021076054918e+00
6.465854989999999816e+03 1.003491848101921935e+00
6.465888619999999719e+03 9.881304847334695385e-01
6.465922239999999874e+03 9.742954319855534617e-01
6.465955869999999777e+03 9.766932118539213281e-01
6.465989499999999680e+03 9.887847602482051634e-01
6.466023119999999835e+03 9.996417679054498961e-01
6.466056749999999738e+03 9.927846688590725721e-01
6.466090379999999641e+03 9.979128246966398885e-01
6.466123999999999796e+03 9.786211611784212394e-01
6.466157629999999699e+03 9.832477062377733557e-01
6.466191259999999602e+03 9.957507737539064152e-01
6.466224890000000414e+03 1.006868091876313764e+00
6.466258509999999660e+03 9.950436510320340711e-01
6.466292139999999563e+03 1.012624181639953269e+00
6.466325770000000375e+03 1.003404782495184611e+00
6.466359400000000278e+03 9.964408839526267547e-01
6.466393030000000181e+03 1.010686311798171033e+00
6.466426650000000336e+03 9.967952299586815279e-01
6.466460280000000239e+03 9.876523703407148469e-01
6.466493910000000142e+03 9.981173745906725125e-01
6.466527540000000045e+03 1.000606578024080262e+00
6.466561169999999947e+03 9.977697432149614798e-01
6.466594799999999850e+03 1.001291954074229995e+00
6.466628429999999753e+03 1.004564011496453135e+00
6.466662059999999656e+03 9.947988962191940399e-01
6.466695689999999558e+03 9.840345332865171324e-01
6.466729320000000371e+03 9.713667419858668106e-01
6.466762950000000274e+03 9.768894984783313973e-01
6.466796580000000176e+03 9.831310390474921057e-01
6.466830210000000079e+03 9.680548171487770581e-01
6.466863839999999982e+03 9.392749197546553797e-01
6.466897469999999885e+03 9.557349416995374325e-01
6.466931099999999788e+03 9.621492067986693320e-01
6.466964740000000347e+03 9.841006405052996620e-01
6.466998370000000250e+03 9.821909592641688835e-01
6.467032000000000153e+03 9.985057222307142100e-01
6.467065630000000056e+03 9.943135150239831299e-01
6.467099259999999958e+03 1.008090911910871190e+00
6.467132899999999609e+03 1.002074314677520173e+00
6.467166530000000421e+03 9.940949964248785298e-01
6.467200160000000324e+03 1.005793551796129615e+00
6.467233790000000226e+03 9.860351925860696420e-01
6.467267429999999877e+03 9.553197240723749761e-01
6.467301059999999779e+03 9.462818170449044386e-01
6.467334689999999682e+03 9.289104682536167834e-01
6.467368330000000242e+03 9.428800655883949888e-01
6.467401960000000145e+03 9.789119996336564933e-01
6.467435590000000047e+03 9.997076651116580948e-01
6.467469229999999698e+03 9.932946843397639780e-01
6.467502859999999600e+03 9.897428151110102545e-01
6.467536500000000160e+03 9.917794412786370417e-01
6.467570130000000063e+03 9.962625621238927476e-01
6.467603769999999713e+03 1.005416397203634959e+00
6.467637399999999616e+03 9.894584537518104073e-01
6.467671040000000175e+03 9.849828971094013452e-01
6.467704670000000078e+03 9.955925186629370760e-01
6.467738309999999728e+03 9.953781367733924856e-01
6.467771939999999631e+03 1.015760958912543144e+00
6.467805580000000191e+03 1.008391916928318421e+00
6.467839210000000094e+03 1.004146354216197023e+00
6.467872849999999744e+03 1.011408411861651535e+00
6.467906490000000304e+03 1.005635267288708556e+00
6.467940120000000206e+03 9.974475417485116902e-01
6.467973759999999857e+03 9.951943559547513640e-01
6.468007400000000416e+03 9.886319036794297688e-01
6.468041030000000319e+03 1.006907276556144204e+00
6.468074669999999969e+03 1.003205813249094414e+00
6.468108309999999619e+03 9.978024435647535606e-01
6.468141940000000432e+03 9.730065536322460851e-01
6.468175580000000082e+03 9.409016737459849899e-01
6.468209219999999732e+03 9.428508230314622818e-01
6.468242860000000292e+03 9.729239976642399812e-01
6.468276499999999942e+03 9.950926545209439755e-01
6.468310139999999592e+03 1.003266348575328371e+00
6.468343770000000404e+03 1.007827858068824911e+00
6.468377410000000054e+03 1.005680933166401392e+00
6.468411049999999705e+03 9.895933335248442431e-01
6.468444690000000264e+03 9.792966060053311939e-01
6.468478329999999914e+03 9.625597992044527818e-01
6.468511969999999565e+03 9.440362218196188815e-01
6.468545610000000124e+03 9.486445512599429586e-01
6.468579249999999774e+03 9.644444251932904333e-01
6.468612890000000334e+03 9.734102014237905331e-01
6.468646529999999984e+03 9.856854656385858338e-01
6.468680169999999634e+03 9.969163992410189357e-01
6.468713810000000194e+03 9.982110590789013971e-01
6.468747449999999844e+03 9.989642311286153209e-01
6.468781090000000404e+03 9.986916659402331753e-01
6.468814730000000054e+03 1.001150313604407538e+00
6.468848369999999704e+03 9.988328559059687084e-01
6.468882010000000264e+03 1.000656096555047725e+00
6.468915659999999662e+03 1.002082253233311571e+00
6.468949300000000221e+03 9.894193811039065922e-01
6.468982939999999871e+03 9.868753243985487478e-01
6.469016580000000431e+03 9.908093822498545977e-01
6.469050220000000081e+03 9.901161690647591884e-01
6.469083870000000388e+03 9.948616006582550186e-01
6.469117510000000038e+03 9.964399463788031763e-01
6.469151149999999689e+03 1.011510290722575700e+00
6.469184790000000248e+03 1.016339471672902173e+00
6.469218439999999646e+03 1.004006457498595184e+00
6.469252080000000205e+03 1.007395794317144100e+00
6.469285719999999856e+03 1.003244426119458854e+00
6.469319370000000163e+03 1.007242531741367353e+00
6.469353009999999813e+03 1.005626470544738860e+00
6.469386660000000120e+03 9.995160149654557236e-01
6.469420299999999770e+03 9.967361030911732200e-01
6.469453940000000330e+03 9.958454869913789809e-01
6.469487589999999727e+03 9.986015667552214925e-01
6.469521230000000287e+03 1.004373680165357996e+00
6.469554879999999685e+03 1.007236519373216455e+00
6.469588520000000244e+03 1.009888944846601966e+00
6.469622169999999642e+03 1.014457037771790082e+00
6.469655810000000201e+03 1.006420996807866119e+00
6.469689459999999599e+03 9.919596508672269275e-01
6.469723109999999906e+03 9.939403330217158050e-01
6.469756749999999556e+03 9.998887175967230423e-01
6.469790399999999863e+03 1.000039476450498954e+00
6.469824040000000423e+03 9.977477854241463273e-01
6.469857689999999820e+03 1.003953562206039596e+00
6.469891340000000127e+03 1.004190454376034047e+00
6.469924979999999778e+03 9.696534079636925929e-01
6.469958630000000085e+03 9.337164688552618275e-01
6.469992280000000392e+03 9.321782056981913200e-01
6.470025929999999789e+03 9.722538812474584846e-01
6.470059570000000349e+03 1.001793028428362042e+00
6.470093219999999747e+03 9.974675861646354891e-01
6.470126870000000054e+03 9.996467540433133792e-01
6.470160520000000361e+03 9.995808204209446490e-01
6.470194160000000011e+03 9.763432411532735333e-01
6.470227810000000318e+03 8.989088597478962495e-01
6.470261459999999715e+03 8.714256335623480343e-01
6.470295110000000022e+03 9.210777921636997823e-01
6.470328760000000329e+03 9.725280808703581359e-01
6.470362409999999727e+03 9.987889438346054805e-01
6.470396060000000034e+03 9.838829401463973223e-01
6.470429710000000341e+03 9.929325945148269605e-01
6.470463359999999739e+03 9.982672662795287755e-01
6.470497010000000046e+03 1.009295196161612118e+00
6.470530660000000353e+03 9.793461385385106022e-01
6.470564309999999750e+03 9.567695679040618684e-01
6.470597960000000057e+03 9.252995922700913978e-01
6.470631610000000364e+03 9.309347179167206665e-01
6.470665259999999762e+03 9.561485813126893163e-01
6.470698910000000069e+03 9.705733505449333220e-01
6.470732560000000376e+03 9.901296520594314865e-01
6.470766209999999774e+03 9.992465776721840554e-01
6.470799860000000081e+03 9.965239309307061255e-01
6.470833510000000388e+03 1.006782526371969189e+00
6.470867159999999785e+03 1.016304338974208576e+00
6.470900819999999840e+03 1.016466816716916188e+00
6.470934470000000147e+03 1.006489051000234225e+00
6.470968120000000454e+03 1.003443375747788524e+00
6.471001769999999851e+03 1.009759132324800968e+00
6.471035429999999906e+03 1.004872078145347070e+00
6.471069080000000213e+03 9.999359136469210263e-01
6.471102729999999610e+03 1.004135222171721020e+00
6.471136379999999917e+03 1.014273625512917221e+00
6.471170039999999972e+03 1.012415647681106812e+00
6.471203690000000279e+03 1.011500011468821514e+00
6.471237350000000333e+03 1.024803974256109695e+00
6.471270999999999731e+03 1.011947942020081204e+00
6.471304650000000038e+03 9.982398231850141412e-01
6.471338310000000092e+03 1.003075247801787473e+00
6.471371960000000399e+03 1.012321255088513672e+00
6.471405620000000454e+03 1.011226661257109471e+00
6.471439269999999851e+03 9.951261051176915062e-01
6.471472929999999906e+03 9.905287969306518780e-01
6.471506580000000213e+03 9.987859025429144388e-01
6.471540240000000267e+03 9.945162967428209377e-01
6.471573889999999665e+03 1.001916906079932890e+00
6.471607549999999719e+03 1.006026730177782103e+00
6.471641200000000026e+03 9.890046543328938622e-01
6.471674860000000081e+03 9.930876239110952852e-01
6.471708510000000388e+03 1.019433499356754202e+00
6.471742170000000442e+03 1.002755260040077090e+00
6.471775829999999587e+03 9.856317416889930350e-01
6.471809479999999894e+03 9.900747730112142708e-01
6.471843139999999948e+03 9.973826308296808163e-01
6.471876800000000003e+03 1.017955763489333920e+00
6.471910450000000310e+03 9.942914621336229608e-01
6.471944110000000364e+03 1.012677935446719246e+00
6.471977770000000419e+03 1.019851571659558198e+00
6.472011429999999564e+03 1.011163369299334480e+00
6.472045079999999871e+03 9.973579391099359759e-01
6.472078739999999925e+03 1.010136344639263717e+00
6.472112399999999980e+03 1.005205687202788578e+00
6.472146060000000034e+03 1.006430541551296631e+00
6.472179720000000088e+03 9.979480880366540241e-01
6.472213380000000143e+03 1.005953071444142699e+00
6.472247030000000450e+03 1.004514711700593699e+00
6.472280689999999595e+03 1.007953339686498362e+00
6.472314349999999649e+03 1.009289322181361248e+00
6.472348009999999704e+03 1.004462312991567741e+00
6.472381669999999758e+03 1.008752080029577947e+00
6.472415329999999813e+03 1.010759863943865744e+00
6.472448989999999867e+03 1.000012841239965811e+00
6.472482649999999921e+03 9.978645267205857872e-01
6.472516309999999976e+03 1.002777667749045865e+00
6.472549970000000030e+03 1.008971251944179803e+00
6.472583630000000085e+03 1.014431517468640020e+00
6.472617290000000139e+03 1.011648452363344441e+00
6.472650950000000194e+03 1.006913247648502541e+00
6.472684619999999995e+03 1.008445029332165177e+00
6.472718280000000050e+03 1.012050713211413822e+00
6.472751940000000104e+03 1.000118921387123105e+00
6.472785600000000159e+03 9.857505374894953709e-01
6.472819260000000213e+03 9.923870383265398498e-01
6.472852920000000267e+03 1.000643286892145323e+00
6.472886590000000069e+03 1.009618581351645394e+00
6.472920250000000124e+03 1.011303323124688403e+00
6.472953910000000178e+03 9.921473268381341137e-01
6.472987570000000233e+03 9.905924696135073315e-01
6.473021240000000034e+03 9.501379445644618782e-01
6.473054900000000089e+03 9.009056758190665537e-01
6.473088560000000143e+03 8.611332836846523620e-01
6.473122229999999945e+03 8.964237575815990899e-01
6.473155889999999999e+03 9.255637498155921961e-01
6.473189550000000054e+03 9.393366174821589087e-01
6.473223219999999856e+03 9.369156269288513306e-01
6.473256879999999910e+03 9.368892270512032550e-01
6.473290549999999712e+03 9.720583612689880360e-01
6.473324209999999766e+03 9.965646007160245956e-01
6.473357879999999568e+03 1.000777441668061707e+00
6.473391539999999623e+03 1.000670580151030720e+00
6.473425210000000334e+03 9.961769040436612155e-01
6.473458870000000388e+03 1.004449537840379492e+00
6.473492540000000190e+03 1.012985104306269202e+00
6.473526200000000244e+03 9.962997382696645587e-01
6.473559870000000046e+03 1.010363295744527656e+00
6.473593530000000101e+03 9.905597992443804234e-01
6.473627199999999903e+03 1.001110335957993147e+00
6.473660869999999704e+03 9.954449811632630762e-01
6.473694529999999759e+03 9.664801152981116195e-01
6.473728199999999561e+03 9.382475332348065855e-01
6.473761870000000272e+03 8.636119219186143559e-01
6.473795530000000326e+03 8.322871067771510090e-01
6.473829200000000128e+03 8.737846961939604862e-01
6.473862869999999930e+03 9.379690250547094710e-01
6.473896529999999984e+03 9.692310263623379329e-01
6.473930199999999786e+03 9.897949400831699274e-01
6.473963869999999588e+03 9.987832819246146299e-01
6.473997540000000299e+03 1.005346582929611765e+00
6.474031210000000101e+03 1.002548393073579680e+00
6.474064870000000155e+03 9.975582429134205453e-01
6.474098539999999957e+03 1.007142687797615288e+00
6.474132209999999759e+03 1.006250966879526976e+00
6.474165879999999561e+03 9.993313282047751045e-01
6.474199550000000272e+03 1.004051713860336426e+00
6.474233220000000074e+03 9.928356036689924835e-01
6.474266889999999876e+03 9.817604692943890932e-01
6.474300559999999678e+03 1.005948119865301082e+00
6.474334230000000389e+03 1.003962526949885747e+00
6.474367900000000191e+03 9.903083472680461741e-01
6.474401569999999992e+03 9.979717415723894369e-01
6.474435239999999794e+03 9.900827492226993432e-01
6.474468909999999596e+03 9.896993318643489967e-01
6.474502580000000307e+03 9.885588435171619448e-01
6.474536250000000109e+03 9.888507525547362009e-01
6.474569919999999911e+03 9.999018540480595352e-01
6.474603589999999713e+03 9.923842444445303279e-01
6.474637260000000424e+03 9.951695905843209733e-01
6.474670930000000226e+03 9.915926228766109851e-01
6.474704609999999775e+03 9.607592600820434869e-01
6.474738279999999577e+03 9.458074539333900521e-01
6.474771950000000288e+03 9.616231324682579240e-01
6.474805620000000090e+03 9.683126918687821050e-01
6.474839289999999892e+03 9.771812560477599607e-01
6.474872970000000350e+03 9.791971704520022746e-01
6.474906640000000152e+03 9.966467559104678076e-01
6.474940309999999954e+03 1.003846406549382175e+00
6.474973979999999756e+03 9.888545476069530160e-01
6.475007660000000214e+03 9.875154794992282437e-01
6.475041330000000016e+03 9.978050907750383169e-01
6.475074999999999818e+03 9.910967819317911820e-01
6.475108680000000277e+03 9.919081380865456543e-01
6.475142350000000079e+03 9.853573096686829569e-01
6.475176029999999628e+03 9.763934475381712552e-01
6.475209700000000339e+03 9.836341916817005204e-01
6.475243379999999888e+03 9.851861193239570547e-01
6.475277049999999690e+03 9.877843895147880859e-01
6.475310720000000401e+03 9.921478215026872105e-01
6.475344399999999951e+03 9.716897366185565099e-01
6.475378069999999752e+03 9.948518089160115485e-01
6.475411750000000211e+03 9.988869439947051232e-01
6.475445429999999760e+03 9.868082492891456781e-01
6.475479099999999562e+03 9.893274852335172120e-01
6.475512780000000021e+03 9.754141615863221038e-01
6.475546449999999822e+03 9.745249497876367073e-01
6.475580130000000281e+03 9.601509364881175568e-01
6.475613809999999830e+03 9.104842246818924956e-01
6.475647479999999632e+03 8.163292045189195489e-01
6.475681160000000091e+03 7.771891685406285832e-01
6.475714839999999640e+03 8.432873622914740519e-01
6.475748510000000351e+03 8.652842843827114327e-01
6.475782189999999900e+03 7.958764282982904170e-01
6.475815870000000359e+03 7.413781403534341896e-01
6.475849549999999908e+03 7.913684389108529560e-01
6.475883219999999710e+03 8.829028597091909125e-01
6.475916900000000169e+03 9.519453346730205601e-01
6.475950579999999718e+03 9.781069072071028048e-01
6.475984260000000177e+03 9.874242420758360117e-01
6.476017939999999726e+03 9.882205825505108177e-01
6.476051610000000437e+03 9.871038195926173930e-01
6.476085289999999986e+03 9.781006091318471540e-01
6.476118970000000445e+03 9.673986319858197680e-01
6.476152649999999994e+03 9.812581930870775127e-01
6.476186330000000453e+03 9.744393214300499650e-01
6.476220010000000002e+03 9.782578342098120494e-01
6.476253689999999551e+03 9.589690136813248111e-01
6.476287370000000010e+03 9.606905527487737961e-01
6.476321049999999559e+03 9.529424486853055321e-01
6.476354730000000018e+03 8.901008800483145578e-01
6.476388409999999567e+03 7.707584064357158038e-01
6.476422090000000026e+03 6.579019565511559087e-01
6.476455769999999575e+03 6.653439080669707462e-01
6.476489450000000033e+03 7.950516441822349512e-01
6.476523129999999583e+03 9.146201088066642226e-01
6.476556819999999789e+03 9.583315323947830811e-01
6.476590500000000247e+03 9.682749500057348246e-01
6.476624179999999797e+03 9.732927326426479286e-01
6.476657860000000255e+03 9.797028842774028190e-01
6.476691539999999804e+03 9.877255046227718660e-01
6.476725220000000263e+03 9.794402412742347908e-01
6.476758909999999560e+03 9.859984889084916215e-01
6.476792590000000018e+03 9.917320104046957185e-01
6.476826269999999568e+03 9.900762467263388711e-01
6.476859950000000026e+03 9.892802464369480075e-01
6.476893640000000232e+03 9.824601213013461898e-01
6.476927319999999781e+03 9.875889887746519546e-01
6.476961000000000240e+03 9.911546697459989730e-01
6.476994690000000446e+03 9.971847914557481207e-01
6.477028369999999995e+03 1.001559461043378008e+00
6.477062060000000201e+03 9.971338067469918132e-01
6.477095739999999751e+03 9.963235377936628945e-01
6.477129420000000209e+03 9.770982917865289608e-01
6.477163110000000415e+03 9.620361929674708934e-01
6.477196789999999964e+03 9.533025952925973101e-01
6.477230480000000171e+03 9.543121870729236456e-01
6.477264159999999720e+03 9.774826733795961564e-01
6.477297849999999926e+03 9.776745955852917946e-01
6.477331530000000384e+03 9.860953944934808257e-01
6.477365219999999681e+03 9.857686502951024110e-01
6.477398900000000140e+03 9.788466344209850734e-01
6.477432590000000346e+03 9.954159956403417775e-01
6.477466279999999642e+03 9.879546438563809874e-01
6.477499960000000101e+03 9.765898071131924318e-01
6.477533650000000307e+03 9.879754716022761674e-01
6.477567339999999604e+03 9.681438963697754918e-01
6.477601020000000062e+03 9.253038876697280424e-01
6.477634710000000268e+03 8.982233952473920313e-01
6.477668399999999565e+03 9.326612342840170378e-01
6.477702080000000024e+03 9.613407589594461511e-01
6.477735770000000230e+03 9.505482137626936057e-01
6.477769460000000436e+03 9.759319290171097894e-01
6.477803149999999732e+03 9.987590007955512439e-01
6.477836830000000191e+03 9.819351863809299141e-01
6.477870520000000397e+03 9.788062855690868869e-01
6.477904209999999694e+03 9.611475998488659966e-01
6.477937899999999900e+03 9.376020537428512158e-01
6.477971590000000106e+03 9.273529646977402008e-01
6.478005280000000312e+03 9.568727848359876997e-01
6.478038969999999608e+03 9.678901353722838552e-01
6.478072650000000067e+03 9.733667412429883870e-01
6.478106340000000273e+03 9.719627374786874441e-01
6.478140029999999570e+03 9.636151972388526943e-01
6.478173719999999776e+03 9.823609491538669580e-01
6.478207409999999982e+03 9.918429403934743149e-01
6.478241100000000188e+03 9.946153798647422439e-01
6.478274790000000394e+03 9.964444264403744533e-01
6.478308479999999690e+03 9.903455017395300652e-01
6.478342169999999896e+03 9.950959678753337201e-01
6.478375860000000102e+03 9.906355243804021438e-01
6.478409560000000056e+03 9.867355760109989271e-01
6.478443250000000262e+03 9.917337256640496035e-01
6.478476939999999558e+03 9.946754782994700061e-01
6.478510629999999765e+03 1.007867995207183842e+00
6.478544319999999971e+03 1.002571472068304104e+00
6.478578010000000177e+03 1.008206045600762435e+00
6.478611700000000383e+03 1.012450823686792845e+00
6.478645400000000336e+03 1.004461338149889027e+00
6.478679089999999633e+03 1.010669201009975371e+00
6.478712779999999839e+03 1.004934285210469902e+00
6.478746470000000045e+03 1.010879368368108322e+00
6.478780169999999998e+03 1.003904742249422055e+00
6.478813860000000204e+03 9.853939707031136308e-01
6.478847550000000410e+03 9.860811994229884414e-01
6.478881250000000364e+03 9.947753662504086325e-01
6.478914939999999660e+03 9.941229618580668115e-01
6.478948629999999866e+03 9.928754540567190645e-01
6.478982329999999820e+03 1.005046898680684420e+00
6.479016020000000026e+03 9.940718383552155091e-01
6.479049719999999979e+03 1.009614312575333184e+00
6.479083410000000185e+03 1.007020388531231436e+00
6.479117110000000139e+03 1.009243594513655973e+00
6.479150800000000345e+03 1.002902793846526697e+00
6.479184500000000298e+03 9.930563990780919559e-01
6.479218189999999595e+03 1.004466304739018545e+00
6.479251889999999548e+03 1.004380348735824491e+00
6.479285579999999754e+03 9.874175983573537652e-01
6.479319279999999708e+03 1.006481750633175354e+00
6.479352969999999914e+03 1.002047654396989840e+00
6.479386669999999867e+03 1.021229905861571474e+00
6.479420360000000073e+03 1.007406220693110255e+00
6.479454060000000027e+03 9.990358110998083241e-01
6.479487759999999980e+03 1.004862194623829641e+00
6.479521450000000186e+03 1.011296969469396734e+00
6.479555150000000140e+03 1.009957640818994307e+00
6.479588850000000093e+03 9.890367658538317119e-01
6.479622550000000047e+03 9.909478267425321230e-01
6.479656240000000253e+03 9.878611002457355905e-01
6.479689940000000206e+03 9.796144038480957272e-01
6.479723640000000159e+03 9.595973895413331123e-01
6.479757340000000113e+03 9.106477139454565162e-01
6.479791030000000319e+03 8.746471737868035667e-01
6.479824730000000272e+03 8.851120301165749105e-01
6.479858430000000226e+03 9.278823345381521648e-01
6.479892130000000179e+03 9.830330971384413363e-01
6.479925830000000133e+03 9.940438663657681362e-01
6.479959530000000086e+03 9.883966644875843421e-01
6.479993230000000040e+03 9.827004206284267740e-01
6.480026929999999993e+03 9.874550899405953874e-01
6.480060629999999946e+03 9.430937862583672615e-01
6.480094320000000153e+03 9.292854260195025917e-01
6.480128020000000106e+03 9.308582535161881166e-01
6.480161720000000059e+03 9.659627201582906553e-01
6.480195420000000013e+03 9.836269683825921151e-01
6.480229129999999714e+03 1.002244613452221822e+00
6.480262829999999667e+03 9.963870545270194778e-01
6.480296529999999620e+03 1.005319626741934202e+00
6.480330229999999574e+03 1.002298588123988532e+00
6.480363930000000437e+03 9.881883184635428252e-01
6.480397630000000390e+03 1.002409998927839441e+00
6.480431330000000344e+03 9.978054012889769897e-01
6.480465030000000297e+03 1.002125388519653493e+00
6.480498730000000251e+03 9.954069247314178970e-01
6.480532439999999951e+03 9.785140718833645890e-01
6.480566139999999905e+03 9.599611125932334676e-01
6.480599839999999858e+03 9.232745859975745040e-01
6.480633539999999812e+03 8.083835925402504952e-01
6.480667250000000422e+03 6.936085588062063101e-01
6.480700950000000375e+03 7.213751918030524291e-01
6.480734650000000329e+03 8.578609588109376016e-01
6.480768360000000030e+03 9.312890565347040628e-01
6.480802059999999983e+03 9.592185388607822327e-01
6.480835759999999937e+03 9.723237940781441768e-01
6.480869469999999637e+03 9.793142586294031338e-01
6.480903169999999591e+03 9.890251172013780900e-01
6.480936870000000454e+03 9.957951866626920667e-01
6.480970580000000155e+03 9.966638108159144860e-01
6.481004280000000108e+03 1.008973163531055484e+00
6.481037989999999809e+03 1.006922772681589473e+00
6.481071689999999762e+03 1.004632328847395284e+00
6.481105400000000373e+03 9.964210440136688218e-01
6.481139100000000326e+03 9.965758652247341809e-01
6.481172810000000027e+03 9.924421729274776061e-01
6.481206509999999980e+03 1.000693354184067907e+00
6.481240219999999681e+03 9.930205548298490781e-01
6.481273919999999634e+03 1.004117846684551507e+00
6.481307630000000245e+03 9.979572222225222555e-01
6.481341339999999946e+03 9.988606583156790508e-01
6.481375039999999899e+03 1.002518686547222648e+00
6.481408749999999600e+03 1.014221051028015408e+00
6.481442460000000210e+03 1.004141303096900417e+00
6.481476160000000164e+03 9.873249946491976514e-01
6.481509869999999864e+03 9.923882154533164579e-01
6.481543579999999565e+03 9.806582767027925973e-01
6.481577280000000428e+03 9.669239264147028168e-01
6.481610990000000129e+03 9.846479076890741755e-01
6.481644699999999830e+03 9.887006778000596574e-01
6.481678410000000440e+03 1.003139066221452991e+00
6.481712120000000141e+03 9.896885107730697406e-01
6.481745820000000094e+03 1.002487733257571012e+00
6.481779529999999795e+03 1.004710606421888031e+00
6.481813240000000405e+03 9.967326526301850675e-01
6.481846950000000106e+03 1.003593318061705819e+00
6.481880659999999807e+03 9.969219517313590018e-01
6.481914370000000417e+03 1.014814217618732251e+00
6.481948080000000118e+03 9.948102954415274368e-01
6.481981789999999819e+03 9.914996557296313906e-01
6.482015500000000429e+03 1.003122836991832134e+00
6.482049210000000130e+03 9.857190316630732863e-01
6.482082919999999831e+03 1.000460577579296961e+00
6.482116630000000441e+03 1.006154389122066339e+00
6.482150340000000142e+03 1.006054553728553902e+00
6.482184049999999843e+03 9.985107367578349713e-01
6.482217760000000453e+03 9.851114134806745470e-01
6.482251470000000154e+03 9.478239780067060360e-01
6.482285179999999855e+03 9.411302474985473454e-01
6.482318889999999556e+03 9.630015668232528858e-01
6.482352600000000166e+03 9.824231257245318316e-01
6.482386309999999867e+03 9.927714505913564080e-01
6.482420030000000224e+03 1.007259442725043641e+00
6.482453739999999925e+03 1.005212837481276544e+00
6.482487449999999626e+03 1.001657028637598534e+00
6.482521160000000236e+03 1.007474795440320481e+00
6.482554869999999937e+03 1.002466366243166540e+00
6.482588590000000295e+03 9.955260351800829799e-01
6.482622299999999996e+03 9.860546608273773606e-01
6.482656009999999696e+03 9.933035836471397761e-01
6.482689730000000054e+03 1.002794199513857620e+00
6.482723439999999755e+03 1.020033114280798570e+00
6.482757150000000365e+03 1.002799444794471029e+00
6.482790869999999813e+03 1.015172055539049989e+00
6.482824580000000424e+03 9.987649468885363424e-01
6.482858290000000125e+03 9.901352198717101594e-01
6.482892009999999573e+03 1.007659984453712188e+00
6.482925720000000183e+03 9.978181507379081383e-01
6.482959439999999631e+03 1.002589571210926955e+00
6.482993150000000242e+03 1.006606391034090109e+00
6.483026869999999690e+03 1.002686447614712817e+00
6.483060580000000300e+03 1.016901391816232403e+00
6.483094299999999748e+03 1.016434720099028688e+00
6.483128010000000359e+03 1.015897627511977541e+00
6.483161729999999807e+03 1.015353521110865520e+00
6.483195440000000417e+03 1.014809474548666435e+00
6.483229159999999865e+03 1.014272508379665760e+00
6.483262880000000223e+03 9.936609885395074615e-01
6.483296589999999924e+03 9.955558236128873029e-01
6.483330310000000281e+03 9.866918748233844960e-01
6.483364029999999730e+03 1.009997444163470259e+00
6.483397740000000340e+03 1.017837292619272027e+00
6.483431459999999788e+03 1.006782635510365953e+00
6.483465180000000146e+03 9.923124103523014439e-01
6.483498899999999594e+03 9.979824217406506603e-01
6.483532610000000204e+03 9.962348733521646515e-01
6.483566329999999653e+03 9.806963650422174661e-01
6.483600050000000010e+03 9.887396886142593155e-01
6.483633770000000368e+03 1.001015075525878650e+00
6.483667480000000069e+03 9.899856140414117212e-01
6.483701200000000426e+03 9.829570866777371796e-01
6.483734919999999875e+03 9.628100196563249558e-01
6.483768640000000232e+03 9.337358843107588235e-01
6.483802359999999680e+03 8.531850190360665831e-01
6.483836080000000038e+03 7.401537456990339159e-01
6.483869800000000396e+03 6.982295271872197562e-01
6.483903519999999844e+03 7.826564802821669442e-01
6.483937240000000202e+03 8.833740616570664450e-01
6.483970959999999650e+03 9.386197886621255870e-01
6.484004680000000008e+03 9.558543846406244437e-01
6.484038400000000365e+03 9.716374184131341130e-01
6.484072119999999813e+03 9.817950003416252569e-01
6.484105840000000171e+03 9.954217443338833071e-01
6.484139559999999619e+03 9.917260348283430949e-01
6.484173279999999977e+03 9.922323336236319458e-01
6.484207000000000335e+03 9.864046548575831075e-01
6.484240719999999783e+03 9.767209813527462092e-01
6.484274440000000141e+03 9.477001929775650257e-01
6.484308159999999589e+03 9.260283165354585844e-01
6.484341889999999694e+03 8.951967783195204920e-01
6.484375610000000052e+03 8.666124489714888135e-01
6.484409330000000409e+03 8.724712513898235100e-01
6.484443049999999857e+03 8.987608906380365470e-01
6.484476779999999962e+03 8.978779939346340777e-01
6.484510500000000320e+03 8.607650352155241658e-01
6.484544219999999768e+03 8.378582831033880574e-01
6.484577940000000126e+03 8.604518414692962081e-01
6.484611670000000231e+03 8.992218133390962320e-01
6.484645389999999679e+03 9.378688881880065109e-01
6.484679110000000037e+03 9.651113881127965088e-01
6.484712840000000142e+03 9.804865825982489458e-01
6.484746559999999590e+03 9.775187600944023059e-01
6.484780289999999695e+03 9.853461611844587242e-01
6.484814010000000053e+03 9.987846440814023286e-01
6.484847730000000411e+03 9.961398877778526728e-01
6.484881459999999606e+03 9.943180496736517826e-01
6.484915179999999964e+03 9.928127917004127001e-01
6.484948910000000069e+03 9.867234062932770389e-01
6.484982630000000427e+03 9.925094889597455561e-01
6.485016359999999622e+03 9.988715580696850838e-01
6.485050079999999980e+03 9.880514239507744989e-01
6.485083810000000085e+03 9.862233734806289398e-01
6.485117540000000190e+03 9.879805447845172450e-01
6.485151259999999638e+03 9.870172631507493355e-01
6.485184989999999743e+03 9.930829860544656551e-01
6.485218710000000101e+03 9.732266042787526272e-01
6.485252440000000206e+03 9.420211631281332210e-01
6.485286170000000311e+03 9.361895859400031217e-01
6.485319889999999759e+03 9.578509871720206625e-01
6.485353619999999864e+03 9.801781202192356712e-01
6.485387349999999969e+03 9.862636547191274694e-01
6.485421080000000075e+03 1.003387801223546871e+00
6.485454800000000432e+03 1.000990820463387720e+00
6.485488529999999628e+03 9.935281305884560155e-01
6.485522259999999733e+03 9.976096601370416650e-01
6.485555989999999838e+03 1.004529186703755794e+00
6.485589719999999943e+03 1.010576980186791207e+00
6.485623440000000301e+03 9.956616383465651809e-01
6.485657170000000406e+03 9.971853813820225065e-01
6.485690899999999601e+03 1.004651641128822215e+00
6.485724629999999706e+03 9.918597422754559245e-01
6.485758359999999811e+03 9.949778555030142080e-01
6.485792089999999916e+03 1.002710141164090629e+00
6.485825820000000022e+03 1.004858319089494634e+00
6.485859550000000127e+03 1.005657916116143191e+00
6.485893280000000232e+03 9.979952158428216924e-01
6.485927010000000337e+03 9.975731595921771833e-01
6.485960740000000442e+03 1.009193858130698507e+00
6.485994469999999637e+03 1.001152821671433157e+00
6.486028199999999742e+03 9.959842243242061910e-01
6.486061929999999847e+03 9.956184955962621430e-01
6.486095659999999953e+03 9.774691434630081721e-01
6.486129390000000058e+03 9.440447716892101937e-01
6.486163120000000163e+03 9.251059106439847302e-01
6.486196850000000268e+03 9.329495308237432116e-01
6.486230590000000120e+03 9.636061073944848232e-01
6.486264320000000225e+03 9.689134413899611609e-01
6.486298050000000330e+03 9.584627107946519509e-01
6.486331780000000435e+03 9.817235890602630244e-01
6.486365509999999631e+03 9.799198462760633221e-01
6.486399250000000393e+03 9.932893257889279237e-01
6.486432979999999588e+03 1.013661409503721744e+00
6.486466709999999694e+03 1.002740830374490244e+00
6.486500439999999799e+03 9.959613201311386943e-01
6.486534179999999651e+03 9.951467196522184588e-01
6.486567909999999756e+03 1.008996833539822058e+00
6.486601639999999861e+03 1.003101977466596351e+00
6.486635379999999714e+03 9.888165165997803152e-01
6.486669109999999819e+03 9.996553982292868401e-01
6.486702849999999671e+03 9.907941890293224807e-01
6.486736579999999776e+03 9.894889779618374348e-01
6.486770309999999881e+03 1.011900797017241338e+00
6.486804049999999734e+03 1.000332619891125541e+00
6.486837779999999839e+03 9.979540008203133805e-01
6.486871519999999691e+03 1.003403042676562107e+00
6.486905249999999796e+03 9.989064006057076783e-01
6.486938989999999649e+03 1.015036129132978804e+00
6.486972719999999754e+03 1.016801946517881472e+00
6.487006459999999606e+03 1.016141219701418130e+00
6.487040200000000368e+03 9.956355773897618278e-01
6.487073929999999564e+03 9.901655565899767364e-01
6.487107670000000326e+03 9.961812490933903419e-01
6.487141400000000431e+03 1.016408659003744885e+00
6.487175140000000283e+03 9.999239138873355914e-01
6.487208880000000136e+03 1.000497991165150369e+00
6.487242610000000241e+03 9.976578922256111870e-01
6.487276350000000093e+03 1.004078568627109869e+00
6.487310089999999946e+03 9.733880051165006986e-01
6.487343829999999798e+03 9.213136246707499533e-01
6.487377559999999903e+03 8.515871634555512992e-01
6.487411299999999756e+03 8.314136517372577861e-01
6.487445039999999608e+03 8.983185885768121270e-01
6.487478780000000370e+03 1.003967511058403206e+00
6.487512520000000222e+03 1.055462410476976975e+00
6.487546250000000327e+03 1.016558657981854852e+00
6.487579990000000180e+03 9.980922404569898543e-01
6.487613730000000032e+03 1.014537519686740996e+00
6.487647469999999885e+03 1.016000533309298737e+00
6.487681209999999737e+03 1.002146888422627891e+00
6.487714949999999590e+03 1.005663167603781494e+00
6.487748690000000352e+03 1.016577531875757501e+00
6.487782430000000204e+03 1.021585115591390203e+00
6.487816170000000056e+03 1.011173280489538140e+00
6.487849909999999909e+03 1.011305084176581381e+00
6.487883649999999761e+03 1.023247048767897738e+00
6.487917389999999614e+03 1.002007451032590923e+00
6.487951130000000376e+03 9.896020284876232420e-01
6.487984870000000228e+03 9.883549561485105439e-01
6.488018610000000081e+03 9.894051868095133928e-01
6.488052349999999933e+03 1.008923153063524314e+00
6.488086089999999786e+03 1.012899686329172599e+00
6.488119829999999638e+03 1.000118305639568606e+00
6.488153580000000147e+03 9.858885007595596939e-01
6.488187320000000000e+03 9.719470154662245287e-01
6.488221059999999852e+03 1.003574745235722654e+00
6.488254799999999705e+03 1.014335155321380855e+00
6.488288539999999557e+03 1.007451500307992021e+00
6.488322290000000066e+03 1.009088575281889888e+00
6.488356029999999919e+03 9.984603879482230049e-01
6.488389769999999771e+03 1.022470832782981232e+00
6.488423520000000281e+03 1.010225958601988161e+00
6.488457260000000133e+03 1.013493588607147888e+00
6.488490999999999985e+03 1.012617265107268683e+00
6.488524749999999585e+03 1.012370927221341255e+00
6.488558490000000347e+03 1.001990289192060235e+00
6.488592230000000200e+03 9.845490030073063004e-01
6.488625979999999799e+03 9.514261188452782791e-01
6.488659719999999652e+03 9.384461847998473161e-01
6.488693470000000161e+03 9.815745167200132792e-01
6.488727210000000014e+03 1.015350707114503370e+00
6.488760949999999866e+03 1.023276895814640985e+00
6.488794700000000375e+03 1.021952686055763282e+00
6.488828440000000228e+03 1.008769614403972614e+00
6.488862189999999828e+03 1.010538438914120318e+00
6.488895940000000337e+03 1.015105453722521256e+00
6.488929680000000189e+03 1.018063112882917842e+00
6.488963429999999789e+03 1.031359493719215203e+00
6.488997169999999642e+03 1.019053209760907075e+00
6.489030920000000151e+03 1.009867583003383640e+00
6.489064669999999751e+03 1.012321353458996986e+00
6.489098409999999603e+03 1.009983996780156490e+00
6.489132160000000113e+03 1.026970583758394895e+00
6.489165909999999712e+03 1.042452123236737194e+00
6.489199649999999565e+03 1.025239324847972977e+00
6.489233400000000074e+03 1.027405205472561533e+00
6.489267149999999674e+03 1.024760017853465932e+00
6.489300890000000436e+03 1.016276529630057990e+00
6.489334640000000036e+03 1.022889404978547301e+00
6.489368389999999636e+03 1.025180865529176089e+00
6.489402140000000145e+03 1.028863411892619206e+00
6.489435889999999745e+03 1.019339517633235825e+00
6.489469629999999597e+03 1.009082420214158837e+00
6.489503380000000107e+03 1.017274035214146055e+00
6.489537129999999706e+03 1.003564746502008997e+00
6.489570880000000216e+03 1.016599877573233002e+00
6.489604629999999815e+03 1.019415139098965417e+00
6.489638380000000325e+03 1.005253214761426594e+00
6.489672129999999925e+03 9.816154520758961777e-01
6.489705880000000434e+03 9.468118070308871870e-01
6.489739630000000034e+03 8.918846126859192314e-01
6.489773379999999634e+03 9.071783239524570108e-01
6.489807130000000143e+03 9.545096958429020173e-01
6.489840879999999743e+03 9.947097905901246540e-01
6.489874630000000252e+03 9.969800249094115108e-01
6.489908379999999852e+03 1.002953113245789396e+00
6.489942130000000361e+03 1.020670139597678938e+00
6.489975879999999961e+03 1.019487747912654285e+00
6.490009629999999561e+03 1.014113864904028439e+00
6.490043389999999818e+03 1.014845920370148757e+00
6.490077140000000327e+03 1.015368364401626478e+00
6.490110889999999927e+03 1.011238692787788995e+00
6.490144640000000436e+03 1.011244371631923267e+00
6.490178390000000036e+03 1.010991623690686403e+00
6.490212139999999636e+03 1.008692527879929690e+00
6.490245899999999892e+03 1.014872067522519794e+00
6.490279650000000402e+03 9.994717702623550082e-01
6.490313400000000001e+03 1.008409592423756607e+00
6.490347160000000258e+03 1.020747360170443541e+00
6.490380909999999858e+03 1.019844879559332007e+00
6.490414660000000367e+03 1.015472220381205215e+00
6.490448419999999714e+03 1.007476208236279813e+00
6.490482170000000224e+03 1.015245817172959031e+00
6.490515919999999824e+03 1.007501845033662580e+00
6.490549680000000080e+03 1.020136681533127643e+00
6.490583429999999680e+03 1.029210185107211073e+00
6.490617189999999937e+03 1.021571305190164258e+00
6.490650940000000446e+03 1.021283365759051209e+00
6.490684699999999793e+03 1.026802814599377500e+00
6.490718450000000303e+03 1.025432819469513257e+00
6.490752209999999650e+03 1.025347142353836949e+00
6.490785960000000159e+03 1.030028228398774504e+00
6.490819720000000416e+03 1.024617516836731079e+00
6.490853470000000016e+03 1.019486421524864461e+00
6.490887230000000272e+03 1.017147044175024551e+00
6.490920979999999872e+03 1.037821104891826218e+00
6.490954740000000129e+03 1.037518613996499584e+00
6.490988500000000386e+03 1.031090046356564649e+00
6.491022249999999985e+03 1.035113646511961472e+00
6.491056010000000242e+03 1.029634567366978448e+00
6.491089769999999589e+03 1.038255349745917933e+00
6.491123520000000099e+03 1.020903216209114284e+00
6.491157280000000355e+03 1.014811570741621205e+00
6.491191039999999703e+03 1.015828531617315234e+00
6.491224799999999959e+03 1.015073691407996082e+00
6.491258549999999559e+03 1.014549101993278413e+00
6.491292309999999816e+03 9.927588135053727614e-01
6.491326070000000072e+03 9.436518174521757452e-01
6.491359830000000329e+03 8.337003204094534103e-01
6.491393589999999676e+03 7.078022353933013378e-01
6.491427340000000186e+03 6.824025638361718160e-01
6.491461100000000442e+03 8.166766850245092968e-01
6.491494859999999790e+03 9.269317483230741228e-01
6.491528620000000046e+03 9.796327461223933719e-01
6.491562380000000303e+03 9.882644570418683827e-01
6.491596139999999650e+03 1.012965843627128049e+00
6.491629899999999907e+03 1.021379273616068950e+00
6.491663660000000164e+03 1.023078542533649715e+00
6.491697420000000420e+03 1.026736541892533161e+00
6.491731179999999767e+03 1.016355058973184677e+00
6.491764940000000024e+03 1.024160475906304324e+00
6.491798700000000281e+03 1.015738613327693995e+00
6.491832459999999628e+03 1.019612368459763996e+00
6.491866219999999885e+03 1.032128097408417933e+00
6.491899980000000141e+03 1.041862006828542242e+00
6.491933740000000398e+03 1.039239038809417703e+00
6.491967510000000402e+03 1.026985526410682859e+00
6.492001269999999749e+03 1.026920823496848101e+00
6.492035030000000006e+03 1.029211348648414681e+00
6.492068790000000263e+03 1.025140061618378784e+00
6.492102549999999610e+03 1.027430467361791111e+00
6.492136319999999614e+03 1.026738693501277666e+00
6.492170079999999871e+03 1.037577253372757635e+00
6.492203840000000127e+03 1.033311238440494551e+00
6.492237600000000384e+03 1.033511005742508981e+00
6.492271370000000388e+03 1.040641947187301408e+00
6.492305129999999735e+03 1.020215836394034570e+00
6.492338889999999992e+03 1.010699346893103812e+00
6.492372659999999996e+03 1.020616406413777710e+00
6.492406420000000253e+03 1.025343822545557559e+00
6.492440179999999600e+03 1.026170687827587136e+00
6.492473949999999604e+03 1.020444107762099373e+00
6.492507709999999861e+03 1.028325598804270324e+00
6.492541479999999865e+03 1.014270878741917459e+00
6.492575240000000122e+03 1.019937611777437469e+00
6.492609010000000126e+03 1.028061811035588580e+00
6.492642770000000382e+03 1.016926312219874617e+00
6.492676540000000386e+03 1.019333757822276532e+00
6.492710299999999734e+03 1.016568114790665112e+00
6.492744069999999738e+03 1.018230449464584852e+00
6.492777829999999994e+03 1.027063084833153228e+00
6.492811599999999999e+03 1.025835897160603638e+00
6.492845360000000255e+03 1.022555335307154367e+00
6.492879130000000259e+03 1.024760065542460019e+00
6.492912900000000263e+03 1.019064558886893845e+00
6.492946659999999611e+03 1.013696675030451244e+00
6.492980429999999615e+03 1.021163111661874012e+00
6.493014199999999619e+03 1.026311396566868428e+00
6.493047959999999875e+03 1.012370143793783539e+00
6.493081729999999880e+03 1.008165585418688837e+00
6.493115499999999884e+03 1.022833153800661199e+00
6.493149269999999888e+03 1.029246904704100185e+00
6.493183030000000144e+03 1.037003020901616557e+00
6.493216800000000148e+03 1.035240292009349083e+00
6.493250570000000153e+03 1.027716960181943140e+00
6.493284340000000157e+03 1.018969813447114348e+00
6.493318110000000161e+03 1.020394309885339634e+00
6.493351880000000165e+03 1.015669101524327544e+00
6.493385640000000421e+03 9.931224055163340170e-01
6.493419410000000425e+03 9.778257168323738480e-01
6.493453180000000430e+03 9.367805004255390644e-01
6.493486950000000434e+03 8.380440876991331889e-01
6.493520720000000438e+03 7.688124987621511863e-01
6.493554490000000442e+03 7.698368901954869559e-01
6.493588260000000446e+03 8.839825919369106444e-01
6.493622030000000450e+03 9.410039500821020253e-01
6.493655800000000454e+03 9.925407981523535206e-01
6.493689569999999549e+03 1.010967258579709815e+00
6.493723339999999553e+03 1.008907772171227846e+00
6.493757109999999557e+03 1.019662820195545994e+00
6.493790879999999561e+03 9.873380652090500975e-01
6.493824649999999565e+03 9.481818552044881665e-01
6.493858430000000226e+03 9.443247853441689710e-01
6.493892200000000230e+03 9.621507370952432359e-01
6.493925970000000234e+03 9.955117957395928086e-01
6.493959740000000238e+03 1.009955762201930174e+00
6.493993510000000242e+03 1.026386461978112230e+00
6.494027280000000246e+03 1.027169912707355248e+00
6.494061059999999998e+03 1.023637131081862162e+00
6.494094830000000002e+03 1.030216957753350870e+00
6.494128600000000006e+03 1.034523661181852017e+00
6.494162379999999757e+03 1.028920084631220533e+00
6.494196149999999761e+03 1.026437163387942553e+00
6.494229919999999765e+03 1.020737136742556839e+00
6.494263689999999769e+03 1.024084610336365442e+00
6.494297470000000430e+03 1.023763106616404572e+00
6.494331240000000435e+03 1.027165750386065612e+00
6.494365020000000186e+03 1.033069251371289798e+00
6.494398790000000190e+03 1.037096473184570211e+00
6.494432560000000194e+03 1.027680762874405573e+00
6.494466339999999946e+03 1.027199398625155080e+00
6.494500109999999950e+03 1.032573974081808954e+00
6.494533889999999701e+03 1.029341752071909921e+00
6.494567659999999705e+03 1.037424677539436901e+00
6.494601440000000366e+03 1.030830854928678653e+00
6.494635210000000370e+03 1.029766066643310385e+00
6.494668990000000122e+03 1.036201963319306696e+00
6.494702760000000126e+03 1.022768505942830419e+00
6.494736539999999877e+03 1.035079129034096823e+00
6.494770319999999629e+03 1.021376028114975298e+00
6.494804089999999633e+03 1.015326201211116830e+00
6.494837870000000294e+03 1.028086900051355279e+00
6.494871650000000045e+03 1.025557509696571667e+00
6.494905420000000049e+03 1.020876035846676855e+00
6.494939199999999801e+03 1.016680932298062112e+00
6.494972979999999552e+03 9.986014857571857695e-01
6.495006749999999556e+03 9.781355218431535548e-01
6.495040530000000217e+03 9.695347526688684603e-01
6.495074309999999969e+03 9.873747534600727516e-01
6.495108089999999720e+03 1.003415474741157221e+00
6.495141859999999724e+03 1.013541220078953753e+00
6.495175640000000385e+03 1.009465666112918880e+00
6.495209420000000136e+03 1.008555228378670732e+00
6.495243199999999888e+03 1.013793698923805886e+00
6.495276979999999639e+03 1.022813857904662616e+00
6.495310760000000300e+03 1.021583756616569749e+00
6.495344540000000052e+03 1.024815604402552704e+00
6.495378310000000056e+03 1.039253369054783382e+00
6.495412089999999807e+03 1.028926332302018354e+00
6.495445869999999559e+03 1.026079574940157224e+00
6.495479650000000220e+03 1.017502332698448919e+00
6.495513429999999971e+03 1.021836750764749446e+00
6.495547209999999723e+03 1.018727038604033908e+00
6.495580990000000384e+03 1.014403608346309493e+00
6.495614770000000135e+03 1.025036171989976097e+00
6.495648549999999886e+03 1.027878196341878381e+00
6.495682329999999638e+03 1.023416205145064595e+00
6.495716120000000046e+03 1.012476484051216596e+00
6.495749899999999798e+03 1.012225416127178423e+00
6.495783679999999549e+03 1.035672200628847017e+00
6.495817460000000210e+03 1.030510203530887514e+00
6.495851239999999962e+03 1.018885518489520026e+00
6.495885019999999713e+03 1.014078326526469009e+00
6.495918800000000374e+03 1.019658818635736930e+00
6.495952589999999873e+03 1.030106352615721033e+00
6.495986369999999624e+03 1.027504151870616722e+00
6.496020150000000285e+03 1.019528932219279760e+00
6.496053930000000037e+03 1.016788743119830363e+00
6.496087720000000445e+03 1.021321096483357671e+00
6.496121500000000196e+03 1.019066327064592326e+00
6.496155279999999948e+03 1.020312426951500040e+00
6.496189070000000356e+03 1.024282582453748258e+00
6.496222850000000108e+03 1.014084536391968605e+00
6.496256629999999859e+03 1.004143808668647164e+00
6.496290420000000267e+03 1.003768496840208080e+00
6.496324200000000019e+03 1.004613008790472550e+00
6.496357990000000427e+03 1.006871211515290909e+00
6.496391770000000179e+03 9.601620252669732514e-01
6.496425559999999678e+03 8.602021873326108903e-01
6.496459340000000338e+03 7.385826492664898657e-01
6.496493129999999837e+03 6.820376134357422071e-01
6.496526909999999589e+03 7.646969695051739624e-01
6.496560699999999997e+03 8.910681708843561921e-01
6.496594479999999749e+03 9.602986261299198967e-01
6.496628270000000157e+03 9.967957116383718841e-01
6.496662049999999908e+03 9.919664372673770991e-01
6.496695840000000317e+03 1.003292093167919230e+00
6.496729620000000068e+03 1.017172876927977088e+00
6.496763409999999567e+03 1.003941202078569628e+00
6.496797199999999975e+03 9.999436053151086190e-01
6.496830979999999727e+03 1.006093176336595230e+00
6.496864770000000135e+03 1.013828235074288209e+00
6.496898559999999634e+03 1.035794677045369205e+00
6.496932350000000042e+03 1.012467970686467433e+00
6.496966129999999794e+03 1.009592719334865718e+00
6.496999920000000202e+03 1.014140962022415104e+00
6.497033709999999701e+03 1.013924837347478736e+00
6.497067500000000109e+03 1.014615787853959450e+00
6.497101279999999861e+03 1.012156361446160391e+00
6.497135070000000269e+03 1.019943926995292571e+00
6.497168859999999768e+03 1.128830573628639478e+00
6.497202650000000176e+03 1.195228925709710621e+00
6.497236439999999675e+03 1.040235935789744826e+00
6.497270230000000083e+03 1.007068446691368635e+00
6.497304019999999582e+03 1.012861028579350453e+00
6.497337809999999990e+03 1.015863654191527354e+00
6.497371600000000399e+03 1.017128739714837637e+00
6.497405389999999898e+03 1.019175809352764306e+00
6.497439180000000306e+03 1.011893373663004914e+00
6.497472969999999805e+03 1.011961206979912209e+00
6.497506760000000213e+03 1.009696899340048359e+00
6.497540549999999712e+03 1.013723053817236375e+00
6.497574340000000120e+03 1.006559718782133572e+00
6.497608129999999619e+03 1.005022465266630416e+00
6.497641920000000027e+03 1.014140770391547930e+00
6.497675710000000436e+03 1.006113476411061081e+00
6.497709499999999935e+03 1.011218219191369005e+00
6.497743290000000343e+03 9.882829444779469563e-01
6.497777079999999842e+03 9.938999375055642682e-01
6.497810879999999997e+03 1.000962229417896809e+00
6.497844670000000406e+03 1.009248306286299135e+00
6.497878459999999905e+03 1.002046390199361259e+00
6.497912250000000313e+03 9.871674763277321629e-01
6.497946039999999812e+03 1.005869289756564866e+00
6.497979839999999967e+03 9.850366330421606031e-01
6.498013630000000376e+03 9.739571516853979816e-01
6.498047419999999875e+03 9.447113490496524824e-01
6.498081220000000030e+03 9.462134314596700735e-01
6.498115010000000439e+03 9.594432485913186870e-01
6.498148799999999937e+03 9.419775336360941553e-01
6.498182600000000093e+03 9.105807300192285680e-01
6.498216389999999592e+03 9.045130459125569899e-01
6.498250189999999748e+03 9.168228362783171770e-01
6.498283980000000156e+03 9.443621275052366260e-01
6.498317769999999655e+03 9.644051246001634770e-01
6.498351569999999811e+03 9.943112001248637366e-01
6.498385360000000219e+03 9.876191156821235717e-01
6.498419160000000375e+03 9.814874876635103496e-01
6.498452949999999873e+03 9.958230537120339454e-01
6.498486750000000029e+03 9.927811654726718116e-01
6.498520540000000437e+03 9.914397744254357381e-01
6.498554339999999684e+03 1.005047409732777952e+00
6.498588139999999839e+03 9.829952811409818914e-01
6.498621930000000248e+03 9.946540013091846877e-01
6.498655730000000403e+03 9.975220326487248546e-01
6.498689519999999902e+03 1.005524876723875360e+00
6.498723320000000058e+03 9.895675650058075590e-01
6.498757120000000214e+03 9.983513429155796981e-01
6.498790909999999712e+03 9.971903085419828727e-01
6.498824709999999868e+03 9.938661565556725641e-01
6.498858510000000024e+03 9.912400073772983378e-01
6.498892310000000180e+03 1.009298238438065543e+00
6.498926099999999678e+03 1.012670766856609061e+00
6.498959899999999834e+03 1.001495811010738368e+00
6.498993699999999990e+03 1.002843440194377544e+00
6.499027500000000146e+03 1.001530365605190598e+00
6.499061300000000301e+03 1.006043195640659693e+00
6.499095089999999800e+03 9.943706536346758051e-01
6.499128889999999956e+03 1.000818540959473424e+00
6.499162690000000111e+03 1.005766758885041190e+00
6.499196490000000267e+03 9.908919870887086256e-01
6.499230290000000423e+03 1.002639559674725733e+00
6.499264089999999669e+03 9.933878824247327488e-01
6.499297889999999825e+03 1.005582180483499677e+00
6.499331689999999981e+03 1.008096200436189083e+00
6.499365490000000136e+03 9.977482540210353967e-01
6.499399290000000292e+03 1.001864890848636058e+00
6.499433090000000448e+03 1.005635482332602804e+00
6.499466889999999694e+03 9.986466189879793509e-01
6.499500689999999850e+03 1.000642266796557545e+00
6.499534490000000005e+03 9.925366147810238404e-01
6.499568290000000161e+03 9.845428758049320495e-01
6.499602090000000317e+03 9.948781089428033741e-01
6.499635889999999563e+03 1.003596324106936333e+00
6.499669700000000375e+03 1.000296934162338891e+00
6.499703499999999622e+03 9.970602732944914282e-01
6.499737299999999777e+03 9.976816008037404648e-01
6.499771099999999933e+03 9.927345719909578259e-01
6.499804900000000089e+03 9.839455131448759939e-01
6.499838709999999992e+03 9.814703097302415191e-01
6.499872510000000148e+03 9.965511785481016016e-01
6.499906310000000303e+03 9.855845452041659405e-01
6.499940109999999549e+03 1.020573514978306173e+00
6.499973920000000362e+03 9.914765041524853384e-01
6.500007719999999608e+03 9.988348900402024277e-01
6.500041519999999764e+03 9.923537234701420573e-01
6.500075329999999667e+03 9.957671079347825138e-01
6.500109129999999823e+03 9.970221637187562935e-01
6.500142939999999726e+03 9.850415802196760273e-01
6.500176739999999882e+03 9.929988550943849024e-01
6.500210540000000037e+03 9.987386859083547952e-01
6.500244349999999940e+03 9.922071394407332434e-01
6.500278150000000096e+03 9.922629911912506095e-01
6.500311959999999999e+03 9.938237048083981007e-01
6.500345760000000155e+03 9.896822024132275741e-01
6.500379570000000058e+03 9.899378464980951309e-01
6.500413370000000214e+03 1.005120387526577508e+00
6.500447180000000117e+03 1.000363794741242041e+00
6.500480980000000272e+03 9.943403075341926689e-01
6.500514790000000175e+03 9.644187817590829104e-01
6.500548600000000079e+03 9.995003755234314058e-01
6.500582400000000234e+03 9.845655540222395530e-01
6.500616210000000137e+03 9.880368084828708986e-01
6.500650020000000040e+03 1.012445164542121079e+00
6.500683820000000196e+03 1.004056356202050582e+00
6.500717630000000099e+03 9.924589797357693532e-01
6.500751440000000002e+03 9.924459047078708629e-01
6.500785240000000158e+03 9.907915469770851580e-01
6.500819050000000061e+03 9.954396366945628127e-01
6.500852859999999964e+03 1.000824257277596274e+00
6.500886669999999867e+03 1.001300876551875829e+00
6.500920470000000023e+03 9.899522179684632217e-01
6.500954279999999926e+03 9.986265284363708972e-01
6.500988089999999829e+03 1.000829747868315467e+00
6.501021899999999732e+03 9.986196000733773559e-01
6.501055709999999635e+03 9.980029757669525159e-01
6.501089520000000448e+03 1.008310420457228407e+00
6.501123330000000351e+03 9.894955878098969926e-01
6.501157140000000254e+03 9.856249406163348770e-01
6.501190940000000410e+03 1.001803697782682745e+00
6.501224750000000313e+03 9.972054266578890269e-01
6.501258560000000216e+03 1.018820491398088945e+00
6.501292370000000119e+03 9.938134581125318556e-01
6.501326180000000022e+03 1.006252265716988781e+00
6.501359989999999925e+03 9.929077717718652885e-01
6.501393799999999828e+03 1.002817788602018201e+00
6.501427620000000388e+03 1.017035911244622115e+00
6.501461430000000291e+03 9.926258438821941033e-01
6.501495240000000194e+03 1.006793304610199336e+00
6.501529050000000097e+03 1.015285667294211214e+00
6.501562860000000001e+03 1.011064898327310724e+00
6.501596669999999904e+03 1.007993041541492607e+00
6.501630479999999807e+03 9.941984140900710365e-01
6.501664289999999710e+03 9.912054714443451209e-01
6.501698110000000270e+03 1.012364554994279464e+00
6.501731920000000173e+03 1.005195629936156632e+00
6.501765730000000076e+03 9.983029664833465988e-01
6.501799539999999979e+03 1.004274000404702383e+00
6.501833359999999630e+03 9.907009557038426451e-01
6.501867170000000442e+03 1.003949187216850891e+00
6.501900980000000345e+03 9.895817102728065029e-01
6.501934799999999996e+03 1.002088702517008878e+00
6.501968609999999899e+03 9.872621933103219449e-01
6.502002419999999802e+03 9.928031368568858150e-01
6.502036240000000362e+03 9.782380611351403354e-01
6.502070050000000265e+03 9.598795828621590198e-01
6.502103860000000168e+03 9.678041195548799935e-01
6.502137679999999818e+03 9.780870723605183947e-01
6.502171489999999721e+03 9.878009591485760188e-01
6.502205310000000281e+03 9.908178219555751065e-01
6.502239120000000185e+03 9.899629121931678988e-01
6.502272939999999835e+03 1.005679477315576609e+00
6.502306749999999738e+03 1.002635931216302234e+00
6.502340570000000298e+03 9.999105225345877868e-01
6.502374380000000201e+03 9.822290275001108739e-01
6.502408199999999852e+03 9.927523482348510342e-01
6.502442020000000412e+03 9.870378327061465340e-01
6.502475830000000315e+03 9.864869633782307190e-01
6.502509649999999965e+03 9.989662536149567229e-01
6.502543459999999868e+03 9.934512722041615174e-01
6.502577280000000428e+03 9.914805792632855885e-01
6.502611100000000079e+03 1.001909376799806184e+00
6.502644909999999982e+03 1.010611317519203745e+00
6.502678729999999632e+03 9.988677755735023700e-01
6.502712550000000192e+03 9.982923941077296304e-01
6.502746369999999843e+03 9.838682911540655995e-01
6.502780179999999746e+03 1.001884826637666315e+00
6.502814000000000306e+03 9.991720951010933938e-01
6.502847819999999956e+03 9.942429570135059569e-01
6.502881639999999607e+03 1.005572569722348542e+00
6.502915460000000166e+03 1.007387474093827340e+00
6.502949270000000070e+03 9.966022932677294222e-01
6.502983089999999720e+03 9.842532209245349328e-01
6.503016910000000280e+03 1.005619959833329302e+00
6.503050729999999930e+03 1.006197161782273586e+00
6.503084549999999581e+03 9.893206995950591942e-01
6.503118370000000141e+03 9.886550671946799929e-01
6.503152189999999791e+03 9.926955726705074534e-01
6.503186010000000351e+03 9.901198849432725213e-01
6.503219830000000002e+03 9.944143938348418699e-01
6.503253649999999652e+03 9.960859274058028179e-01
6.503287470000000212e+03 9.959935185443530292e-01
6.503321289999999863e+03 9.832220823790807085e-01
6.503355110000000423e+03 9.907907518770474598e-01
6.503388930000000073e+03 1.000182057652805545e+00
6.503422749999999724e+03 9.922832051946872678e-01
6.503456570000000283e+03 1.003181472607204361e+00
6.503490399999999681e+03 9.934213936726963290e-01
6.503524220000000241e+03 9.822526707300600624e-01
6.503558039999999892e+03 9.995642724019417891e-01
6.503591860000000452e+03 1.003936554320155272e+00
6.503625680000000102e+03 9.897395585529057405e-01
6.503659499999999753e+03 1.002868349449178798e+00
6.503693330000000060e+03 1.006214421793134806e+00
6.503727149999999710e+03 1.004437608763122158e+00
6.503760970000000270e+03 9.997033302494049423e-01
6.503794799999999668e+03 9.941603069708928597e-01
6.503828620000000228e+03 1.005353541574214971e+00
6.503862439999999879e+03 1.004557990678999646e+00
6.503896270000000186e+03 1.010713320655986180e+00
6.503930089999999836e+03 1.024909829823023477e+00
6.503963910000000396e+03 9.947070017875150327e-01
6.503997739999999794e+03 1.007701047243592329e+00
6.504031560000000354e+03 1.002575137738566990e+00
6.504065389999999752e+03 1.010600128667548114e+00
6.504099210000000312e+03 9.989245808846389796e-01
6.504133029999999962e+03 1.007057129416179864e+00
6.504166860000000270e+03 9.814272076099045394e-01
6.504200679999999920e+03 9.685992550469022522e-01
6.504234510000000228e+03 9.625440591849216965e-01
6.504268339999999625e+03 9.693219461093619538e-01
6.504302160000000185e+03 9.891855066917225603e-01
6.504335989999999583e+03 1.013013225075391599e+00
6.504369810000000143e+03 1.012668015686479350e+00
6.504403640000000451e+03 9.977517944751060908e-01
6.504437460000000101e+03 9.965405169098399130e-01
6.504471290000000408e+03 1.001592954125157364e+00
6.504505119999999806e+03 9.963702802892573374e-01
6.504538940000000366e+03 1.011903812810661440e+00
6.504572769999999764e+03 1.013725920820559345e+00
6.504606600000000071e+03 9.987641815540924117e-01
6.504640430000000379e+03 9.947063586343888320e-01
6.504674250000000029e+03 1.006480218831933060e+00
6.504708080000000336e+03 1.009301249961908509e+00
6.504741909999999734e+03 9.928543697303323645e-01
6.504775740000000042e+03 9.884097469071384534e-01
6.504809570000000349e+03 9.422732411869456648e-01
6.504843389999999999e+03 9.105926897181135793e-01
6.504877220000000307e+03 9.434332735822614779e-01
6.504911049999999705e+03 9.919327299504434592e-01
6.504944880000000012e+03 1.012502184147503037e+00
6.504978710000000319e+03 9.931273952139668681e-01
6.505012539999999717e+03 9.931741636740840651e-01
6.505046370000000024e+03 1.004659758962387794e+00
6.505080200000000332e+03 1.016943363805650202e+00
6.505114029999999730e+03 1.005427323499260561e+00
6.505147860000000037e+03 1.008664813477128330e+00
6.505181690000000344e+03 9.954059460997770614e-01
6.505215519999999742e+03 9.913603594408731956e-01
6.505249350000000049e+03 1.000323092471023578e+00
6.505283180000000357e+03 9.981515630540133133e-01
6.505317009999999755e+03 1.008157324022973977e+00
6.505350840000000062e+03 1.007102955869876082e+00
6.505384670000000369e+03 9.932287307750838901e-01
6.505418499999999767e+03 9.960754114411526361e-01
6.505452330000000075e+03 9.946266279692350665e-01
6.505486170000000129e+03 9.965183226500359259e-01
6.505520000000000437e+03 1.014862415695715336e+00
6.505553829999999834e+03 1.007056103493806809e+00
6.505587660000000142e+03 1.010782982589721435e+00
6.505621500000000196e+03 9.949024391992143945e-01
6.505655329999999594e+03 1.004443886012087894e+00
6.505689159999999902e+03 9.994964194531688051e-01
6.505722990000000209e+03 9.858381151716336666e-01
6.505756830000000264e+03 9.872275748704476550e-01
6.505790659999999662e+03 9.954432867445694999e-01
6.505824489999999969e+03 9.995181896544287348e-01
6.505858330000000024e+03 1.003834794622084692e+00
6.505892160000000331e+03 9.935436227157666833e-01
6.505925989999999729e+03 9.704852579198954832e-01
6.505959829999999783e+03 9.807650809938135428e-01
6.505993660000000091e+03 1.000634472200552905e+00
6.506027500000000146e+03 9.902862223106345674e-01
6.506061330000000453e+03 9.971975232124188349e-01
6.506095169999999598e+03 9.964201942699686398e-01
6.506128999999999905e+03 1.008129511171839576e+00
6.506162839999999960e+03 1.001310466561334822e+00
6.506196670000000267e+03 9.984041111908384947e-01
6.506230510000000322e+03 9.944818928653956780e-01
6.506264339999999720e+03 9.921089421576776424e-01
6.506298179999999775e+03 9.947787972042118065e-01
6.506332019999999829e+03 1.001295121608986038e+00
6.506365850000000137e+03 1.004274563259372588e+00
6.506399690000000192e+03 1.013874402224704596e+00
6.506433530000000246e+03 9.859125022508120617e-01
6.506467359999999644e+03 1.005330741991067978e+00
6.506501199999999699e+03 9.922649295662223645e-01
6.506535039999999753e+03 1.005335073533810464e+00
6.506568870000000061e+03 9.843267944646590939e-01
6.506602710000000116e+03 1.004791014851890818e+00
6.506636550000000170e+03 1.013161667331348825e+00
6.506670390000000225e+03 1.004693839274217071e+00
6.506704230000000280e+03 1.005174367129696877e+00
6.506738059999999678e+03 1.003634832318496928e+00
6.506771899999999732e+03 1.002109324207485441e+00
6.506805739999999787e+03 9.856914598715719178e-01
6.506839579999999842e+03 1.004732718916369949e+00
6.506873419999999896e+03 1.007706042197477725e+00
6.506907259999999951e+03 1.006064001017261900e+00
6.506941100000000006e+03 1.004532161783686428e+00
6.506974940000000061e+03 9.991764007278397530e-01
6.507008780000000115e+03 1.011609136878402815e+00
6.507042620000000170e+03 1.010749907393612146e+00
6.507076460000000225e+03 9.834863710810171078e-01
6.507110300000000279e+03 1.006918190708983030e+00
6.507144140000000334e+03 1.006080296059849610e+00
6.507177980000000389e+03 9.928163308913923180e-01
6.507211820000000444e+03 9.860660237681607709e-01
6.507245659999999589e+03 9.933049000576913423e-01
6.507279499999999643e+03 9.875917038797331626e-01
6.507313339999999698e+03 1.005628729022811640e+00
6.507347179999999753e+03 9.918634373176767882e-01
6.507381019999999808e+03 9.992798128667825797e-01
6.507414869999999610e+03 1.002176257268582837e+00
6.507448709999999664e+03 1.004324581237389546e+00
6.507482549999999719e+03 1.015576080903230594e+00
6.507516389999999774e+03 9.915510318096689701e-01
6.507550229999999829e+03 1.002937251858359247e+00
6.507584079999999631e+03 9.950065222865249748e-01
6.507617919999999685e+03 1.005558608856546243e+00
6.507651759999999740e+03 1.003515570365296705e+00
6.507685610000000452e+03 9.946871332455033965e-01
6.507719449999999597e+03 9.951849395242574614e-01
6.507753289999999652e+03 1.001139137382999866e+00
6.507787140000000363e+03 9.888512820564195893e-01
6.507820980000000418e+03 1.013654438403408964e+00
6.507854819999999563e+03 1.012616828459664386e+00
6.507888670000000275e+03 9.953886658400022958e-01
6.507922510000000329e+03 9.811668306567433717e-01
6.507956360000000132e+03 1.000452095087013937e+00
6.507990200000000186e+03 1.003412209945563127e+00
6.508024049999999988e+03 9.907202685327424208e-01
6.508057890000000043e+03 1.004103001028029629e+00
6.508091739999999845e+03 9.905144174890018194e-01
6.508125579999999900e+03 1.004890256253645253e+00
6.508159429999999702e+03 9.986932096588999608e-01
6.508193269999999757e+03 9.953217476603024583e-01
6.508227119999999559e+03 9.919021830660320616e-01
6.508260970000000270e+03 9.841469862619652842e-01
6.508294810000000325e+03 9.738648166965012676e-01
6.508328660000000127e+03 9.707782737940311435e-01
6.508362509999999929e+03 9.834441810676772810e-01
6.508396349999999984e+03 9.927175078508183592e-01
6.508430199999999786e+03 1.001199599781836591e+00
6.508464049999999588e+03 1.004977172953350317e+00
6.508497889999999643e+03 9.900215839837661624e-01
6.508531740000000354e+03 9.837521902776888982e-01
6.508565590000000157e+03 9.890389478492748188e-01
6.508599439999999959e+03 1.000296140038612114e+00
6.508633289999999761e+03 9.957818725633454937e-01
6.508667129999999815e+03 9.948398875309470979e-01
6.508700979999999618e+03 1.010150130521822343e+00
6.508734830000000329e+03 1.006066093124940775e+00
6.508768680000000131e+03 9.993170850878714262e-01
6.508802529999999933e+03 1.006970475894268580e+00
6.508836379999999735e+03 1.000610329063003512e+00
6.508870230000000447e+03 9.934159069128800645e-01
6.508904080000000249e+03 1.002566681644682545e+00
6.508937930000000051e+03 1.006845776284764904e+00
6.508971779999999853e+03 9.941353765330216419e-01
6.509005629999999655e+03 9.927076114818360608e-01
6.509039480000000367e+03 9.861261899587132618e-01
6.509073330000000169e+03 9.836931149653703743e-01
6.509107179999999971e+03 9.842332756521063875e-01
6.509141029999999773e+03 9.417209658948695328e-01
6.509174879999999575e+03 9.168351635863614124e-01
6.509208730000000287e+03 8.454514116975250237e-01
6.509242580000000089e+03 8.647659085622113606e-01
6.509276429999999891e+03 9.161968001733151734e-01
6.509310279999999693e+03 9.721523476864415425e-01
6.509344140000000152e+03 9.865183897830402948e-01
6.509377989999999954e+03 9.947655956935361754e-01
6.509411839999999756e+03 9.963733517302596487e-01
6.509445689999999558e+03 9.944729051628853345e-01
6.509479550000000017e+03 9.910061010302554374e-01
6.509513399999999820e+03 9.941254552069458406e-01
6.509547249999999622e+03 9.931958876184460161e-01
6.509581100000000333e+03 9.796733411398066416e-01
6.509614959999999883e+03 1.006864605364993004e+00
6.509648809999999685e+03 1.005395091663654039e+00
6.509682660000000396e+03 9.964753179175647180e-01
6.509716519999999946e+03 9.955935435092652108e-01
6.509750369999999748e+03 9.917901713075056858e-01
6.509784230000000207e+03 1.001544466820585511e+00
6.509818080000000009e+03 9.870319177612972839e-01
6.509851929999999811e+03 1.007367560861077704e+00
6.509885790000000270e+03 1.005223976686872245e+00
6.509919640000000072e+03 9.999695524416942760e-01
6.509953499999999622e+03 9.888890946522026493e-01
6.509987350000000333e+03 9.926947092254464478e-01
6.510021209999999883e+03 1.021123783902750048e+00
6.510055070000000342e+03 9.996190379738982834e-01
6.510088920000000144e+03 1.001523450136746707e+00
6.510122779999999693e+03 1.010240280814105995e+00
6.510156630000000405e+03 9.981858098635125742e-01
6.510190489999999954e+03 9.948550523130981205e-01
6.510224350000000413e+03 9.856948640242290116e-01
6.510258200000000215e+03 9.957756305401879171e-01
6.510292059999999765e+03 1.009130268447606893e+00
6.510325920000000224e+03 1.028934655056151781e+00
6.510359770000000026e+03 1.016345199789954190e+00
6.510393629999999575e+03 9.957226690247619194e-01
6.510427490000000034e+03 1.011255414112699258e+00
6.510461339999999836e+03 1.001836233255404274e+00
6.510495200000000295e+03 1.016625589150183639e+00
6.510529059999999845e+03 1.011519766422944056e+00
6.510562920000000304e+03 9.978086147388277594e-01
6.510596779999999853e+03 1.005064455742161966e+00
6.510630640000000312e+03 1.016373516659402343e+00
6.510664490000000114e+03 1.021756518351991216e+00
6.510698349999999664e+03 1.019690014318267890e+00
6.510732210000000123e+03 1.000166509088439071e+00
6.510766069999999672e+03 1.011361114097387492e+00
6.510799930000000131e+03 1.008499702222823480e+00
6.510833789999999681e+03 1.009876486190602440e+00
6.510867650000000140e+03 1.017193104684642524e+00
6.510901509999999689e+03 1.003778275175182255e+00
6.510935370000000148e+03 9.989897513203758184e-01
6.510969229999999698e+03 9.962617755399847397e-01
6.511003090000000157e+03 1.000796660772994562e+00
6.511036949999999706e+03 9.961748096436293665e-01
6.511070810000000165e+03 9.910324423659118143e-01
6.511104669999999714e+03 1.012666017444572519e+00
6.511138530000000173e+03 1.018109534678279138e+00
6.511172389999999723e+03 9.996575175192184970e-01
6.511206259999999929e+03 1.009861729581940315e+00
6.511240120000000388e+03 1.018047214927362276e+00
6.511273979999999938e+03 9.984698679487261641e-01
6.511307840000000397e+03 1.001285620467588844e+00
6.511341699999999946e+03 1.008317432295273930e+00
6.511375570000000153e+03 1.008423433638685696e+00
6.511409429999999702e+03 1.014883908112654831e+00
6.511443290000000161e+03 9.972987528099783727e-01
6.511477149999999710e+03 1.007117156308100059e+00
6.511511019999999917e+03 1.013815405753352383e+00
6.511544880000000376e+03 1.012084484087900416e+00
6.511578739999999925e+03 1.010970542972094099e+00
6.511612610000000132e+03 1.001848877823729778e+00
6.511646469999999681e+03 9.853318573713860662e-01
6.511680339999999887e+03 1.007602759056186459e+00
6.511714200000000346e+03 1.019048945314353860e+00
6.511748059999999896e+03 1.001686508168672107e+00
6.511781930000000102e+03 9.979454326700022415e-01
6.511815789999999652e+03 9.982920741867690184e-01
6.511849659999999858e+03 9.978309105760205799e-01
6.511883520000000317e+03 1.004515121970845026e+00
6.511917389999999614e+03 1.001589764616342748e+00
6.511951250000000073e+03 9.957227952689614581e-01
6.511985120000000279e+03 1.005835548386414979e+00
6.512018979999999829e+03 1.003136778437264676e+00
6.512052850000000035e+03 9.957380262440121976e-01
6.512086720000000241e+03 1.012366477134986509e+00
6.512120579999999791e+03 1.004605323191858801e+00
6.512154449999999997e+03 1.004971639261525995e+00
6.512188320000000203e+03 1.011569818868352622e+00
6.512222179999999753e+03 1.025787926220632418e+00
6.512256049999999959e+03 1.017507435032722229e+00
6.512289920000000166e+03 1.016724180995153271e+00
6.512323779999999715e+03 1.038628863873504837e+00
6.512357649999999921e+03 1.008249755553975779e+00
6.512391520000000128e+03 1.009901702834218096e+00
6.512425390000000334e+03 9.971363950391912701e-01
6.512459249999999884e+03 9.993699072336392764e-01
6.512493120000000090e+03 1.012367614075039501e+00
6.512526990000000296e+03 9.898856906337646366e-01
6.512560859999999593e+03 9.635140640545377666e-01
6.512594729999999799e+03 9.227974476321626485e-01
6.512628600000000006e+03 8.988090813880874608e-01
6.512662470000000212e+03 9.474807044730131356e-01
6.512696340000000419e+03 9.683750480789150572e-01
6.512730199999999968e+03 9.959072423816639485e-01
6.512764070000000174e+03 1.007554978013215807e+00
6.512797940000000381e+03 9.921822701163389713e-01
6.512831809999999678e+03 9.445614449576617000e-01
6.512865679999999884e+03 9.307434771750247027e-01
6.512899550000000090e+03 9.323013129754083028e-01
6.512933430000000044e+03 9.671237497608680123e-01
6.512967300000000250e+03 9.937682977948374408e-01
6.513001169999999547e+03 1.019283335128604140e+00
6.513035039999999753e+03 1.011056658987849577e+00
6.513068909999999960e+03 1.024060988953342743e+00
6.513102780000000166e+03 1.032956627461082633e+00
6.513136650000000373e+03 1.025031020636612444e+00
6.513170519999999669e+03 1.015253690219357852e+00
6.513204399999999623e+03 1.027607031477629329e+00
6.513238269999999829e+03 1.028881255875680356e+00
6.513272140000000036e+03 1.033647617466929791e+00
6.513306010000000242e+03 1.033698318640327241e+00
6.513339880000000448e+03 1.040493844170783611e+00
6.513373760000000402e+03 1.044200225697369255e+00
6.513407629999999699e+03 1.053290993924309582e+00
6.513441499999999905e+03 1.048694624054657520e+00
6.513475379999999859e+03 1.037976301078325836e+00
6.513509250000000065e+03 1.046062035208132457e+00
6.513543120000000272e+03 1.045763896133455439e+00
6.513577000000000226e+03 1.049380625810262702e+00
6.513610870000000432e+03 1.057567760253078859e+00
6.513644750000000386e+03 1.059209522417527305e+00
6.513678619999999682e+03 1.070538397551672904e+00
6.513712489999999889e+03 1.056296697573182009e+00
6.513746369999999843e+03 1.052821793671393502e+00
6.513780240000000049e+03 1.097949499231522408e+00
6.513814120000000003e+03 1.066098532094081675e+00
6.513847990000000209e+03 1.054911952335480629e+00
6.513881870000000163e+03 1.068322148477017342e+00
6.513915740000000369e+03 1.063303802512166829e+00
6.513949620000000323e+03 1.080278162006078180e+00
6.513983500000000276e+03 1.078251172116935219e+00
6.514017369999999573e+03 1.070303113948893881e+00
6.514051250000000437e+03 1.072121456534269379e+00
6.514085130000000390e+03 1.078911284248103231e+00
6.514118999999999687e+03 1.082777938092665426e+00
6.514152879999999641e+03 1.085824904082367981e+00
6.514186759999999595e+03 1.079769302828108568e+00
6.514220629999999801e+03 1.040910984327555022e+00
6.514254509999999755e+03 1.056386048136031208e+00
6.514288389999999708e+03 1.061556912964102928e+00
6.514322269999999662e+03 1.062036857176580584e+00
6.514356139999999868e+03 1.082254971415225864e+00
6.514390019999999822e+03 1.083198513428813126e+00
6.514423899999999776e+03 1.080271062296469742e+00
6.514457779999999730e+03 1.097052878509544360e+00
6.514491659999999683e+03 1.082253667957588039e+00
6.514525539999999637e+03 1.069271182932705733e+00
6.514559409999999843e+03 1.070371987738517827e+00
6.514593289999999797e+03 1.085227136184676144e+00
6.514627169999999751e+03 1.066634925219617225e+00
6.514661049999999705e+03 1.058439230796525798e+00
6.514694929999999658e+03 1.074337677318368822e+00
6.514728809999999612e+03 1.089457090264014161e+00
6.514762689999999566e+03 1.069345030382146566e+00
6.514796570000000429e+03 1.072636343263967618e+00
6.514830450000000383e+03 1.047196020669625582e+00
6.514864330000000336e+03 1.019675806734259726e+00
6.514898210000000290e+03 1.009442845753424134e+00
6.514932090000000244e+03 9.928096389368223917e-01
6.514965970000000198e+03 1.009218004069362573e+00
6.514999859999999899e+03 1.044417388102000910e+00
6.515033739999999852e+03 1.065142367612217145e+00
6.515067619999999806e+03 1.056567598249761986e+00
6.515101499999999760e+03 1.053554025590867749e+00
6.515135379999999714e+03 1.050990934180439540e+00
6.515169259999999667e+03 1.055045827719948148e+00
6.515203150000000278e+03 1.040195876942347164e+00
6.515237030000000232e+03 1.020571369160692354e+00
6.515270910000000185e+03 9.619950791681152191e-01
6.515304790000000139e+03 8.411131094413024645e-01
6.515338679999999840e+03 7.147949085288919369e-01
6.515372559999999794e+03 7.087842211271977444e-01
6.515406439999999748e+03 8.362279523556900296e-01
6.515440330000000358e+03 9.692911728089612655e-01
6.515474210000000312e+03 1.011065618080159600e+00
6.515508100000000013e+03 1.043384395203275750e+00
6.515541979999999967e+03 1.040877103178797558e+00
6.515575859999999921e+03 1.046772239199736942e+00
6.515609749999999622e+03 1.052291919090301064e+00
6.515643629999999575e+03 1.062107633382613603e+00
6.515677520000000186e+03 1.054574163245027840e+00
6.515711400000000140e+03 1.035482605974407777e+00
6.515745289999999841e+03 1.051966909422201057e+00
6.515779169999999795e+03 1.057587889160859662e+00
6.515813060000000405e+03 1.060624275402773264e+00
6.515846940000000359e+03 1.052396523487171720e+00
6.515880830000000060e+03 1.049507889887639545e+00
6.515914719999999761e+03 1.052755602045669425e+00
6.515948599999999715e+03 1.052866956815977639e+00
6.515982490000000325e+03 1.040870316538541118e+00
6.516016370000000279e+03 1.043633972791359055e+00
6.516050259999999980e+03 1.042913892303725998e+00
6.516084149999999681e+03 1.041294019601147980e+00
6.516118029999999635e+03 1.037833736599731438e+00
6.516151920000000246e+03 1.043064723441188058e+00
6.516185809999999947e+03 1.031799901094075045e+00
6.516219699999999648e+03 1.030201008486629766e+00
6.516253579999999602e+03 1.042786125060674918e+00
6.516287470000000212e+03 1.026110665488953577e+00
6.516321359999999913e+03 1.003540810315474818e+00
6.516355249999999614e+03 1.016105136519739549e+00
6.516389140000000225e+03 1.005020363575036990e+00
6.516423029999999926e+03 9.739414098662450003e-01
6.516456909999999880e+03 9.179635326308444032e-01
6.516490799999999581e+03 8.889197984165221333e-01
6.516524690000000192e+03 9.517749275084046445e-01
6.516558579999999893e+03 1.002783432381421758e+00
6.516592469999999594e+03 1.012094918621002870e+00
6.516626360000000204e+03 1.016854329213201291e+00
6.516660249999999905e+03 1.021163765412764768e+00
6.516694139999999607e+03 1.023245014857387281e+00
6.516728030000000217e+03 1.023071027400356936e+00
6.516761919999999918e+03 1.023891721998153592e+00
6.516795809999999619e+03 1.037336138840048161e+00
6.516829700000000230e+03 1.033135608837733477e+00
6.516863589999999931e+03 1.033029465642491207e+00
6.516897479999999632e+03 1.035614067121923387e+00
6.516931379999999990e+03 1.013737366123468542e+00
6.516965269999999691e+03 9.998928535022241215e-01
6.516999160000000302e+03 9.921657949090968431e-01
6.517033050000000003e+03 9.664985745703634779e-01
6.517066939999999704e+03 8.725325291749469470e-01
6.517100830000000315e+03 8.156158894719328645e-01
6.517134729999999763e+03 7.519057465769436455e-01
6.517168620000000374e+03 6.913730819836003683e-01
6.517202510000000075e+03 6.828190927899637774e-01
6.517236410000000433e+03 6.806533363709188489e-01
6.517270300000000134e+03 7.010687904439364404e-01
6.517304189999999835e+03 8.235578222831735351e-01
6.517338080000000446e+03 9.363361738833677617e-01
6.517371979999999894e+03 1.002083951983885557e+00
6.517405869999999595e+03 1.009577541403583911e+00
6.517439769999999953e+03 1.025826663321472321e+00
6.517473659999999654e+03 1.015113157055224535e+00
6.517507550000000265e+03 1.009343118721006904e+00
6.517541449999999713e+03 1.018578445430022184e+00
6.517575340000000324e+03 1.019003823815912479e+00
6.517609239999999772e+03 1.015296907662777359e+00
6.517643130000000383e+03 1.004837212930397961e+00
6.517677029999999831e+03 9.001315475389639609e-01
6.517710920000000442e+03 8.480303663645943901e-01
6.517744819999999891e+03 8.884919331755909422e-01
6.517778709999999592e+03 9.555582567881710787e-01
6.517812609999999950e+03 1.010824955880962772e+00
6.517846510000000308e+03 1.027013704275459238e+00
6.517880400000000009e+03 1.037103279102542075e+00
6.517914300000000367e+03 1.052752596540640351e+00
6.517948199999999815e+03 1.060982841284201728e+00
6.517982090000000426e+03 1.050416038259085694e+00
6.518015989999999874e+03 1.037672196177830797e+00
6.518049890000000232e+03 1.055197788646941692e+00
6.518083779999999933e+03 1.061229024931573006e+00
6.518117680000000291e+03 1.050874423137541758e+00
6.518151579999999740e+03 1.041296146803820433e+00
6.518185480000000098e+03 1.046667241305260898e+00
6.518219369999999799e+03 1.057113789225424538e+00
6.518253270000000157e+03 1.058354191662713051e+00
6.518287169999999605e+03 1.065227873724599705e+00
6.518321069999999963e+03 1.061766832660897109e+00
6.518354970000000321e+03 1.058598536260695999e+00
6.518388869999999770e+03 1.070723467878016200e+00
6.518422770000000128e+03 1.055316950499610718e+00
6.518456659999999829e+03 1.060686334882094739e+00
6.518490560000000187e+03 1.054505018342838607e+00
6.518524459999999635e+03 1.050902082587832798e+00
6.518558359999999993e+03 1.030308152834562785e+00
6.518592260000000351e+03 9.838213143189045162e-01
6.518626159999999800e+03 9.158036821244188719e-01
6.518660060000000158e+03 9.309837838440155888e-01
6.518693959999999606e+03 9.970556407027757473e-01
6.518727859999999964e+03 1.025398918116485314e+00
6.518761770000000070e+03 1.062506571913765185e+00
6.518795670000000428e+03 1.068737772511890283e+00
6.518829569999999876e+03 1.068297517948011865e+00
6.518863470000000234e+03 1.062866031563986846e+00
6.518897369999999682e+03 1.078820477913473130e+00
6.518931270000000040e+03 1.046448711873625648e+00
6.518965170000000398e+03 1.071989935590769161e+00
6.518999079999999594e+03 1.072127576825117945e+00
6.519032979999999952e+03 1.081165181071938930e+00
6.519066880000000310e+03 1.090548981512286408e+00
6.519100779999999759e+03 1.071058374936134650e+00
6.519134689999999864e+03 1.077688536830783805e+00
6.519168590000000222e+03 1.067954959370539747e+00
6.519202489999999671e+03 1.087806990757860470e+00
6.519236390000000029e+03 1.082363122091533070e+00
6.519270300000000134e+03 1.053155096455659967e+00
6.519304199999999582e+03 1.065270321137255838e+00
6.519338109999999688e+03 1.047844135628984485e+00
6.519372010000000046e+03 1.061528897714800079e+00
6.519405910000000404e+03 1.082118382519049682e+00
6.519439819999999600e+03 1.083044069282320665e+00
6.519473719999999958e+03 1.078947178220401426e+00
6.519507630000000063e+03 1.067218409664034473e+00
6.519541530000000421e+03 1.075688008629365644e+00
6.519575439999999617e+03 1.069097651070218813e+00
6.519609339999999975e+03 1.057907099735974077e+00
6.519643250000000080e+03 1.054511497078461479e+00
6.519677150000000438e+03 1.056735705783030221e+00
6.519711059999999634e+03 1.062581482041028424e+00
6.519744959999999992e+03 1.041472141030287624e+00
6.519778870000000097e+03 1.026146221510051859e+00
6.519812780000000203e+03 1.035002284176792298e+00
6.519846679999999651e+03 1.052669816343219988e+00
6.519880589999999756e+03 1.049213942610628614e+00
6.519914499999999862e+03 1.046913210682463902e+00
6.519948400000000220e+03 1.041704999540359999e+00
6.519982310000000325e+03 1.023813970733930656e+00
6.520016220000000430e+03 9.833505093651645490e-01
6.520050119999999879e+03 9.034770474729140188e-01
6.520084029999999984e+03 8.603569123022080101e-01
6.520117940000000090e+03 9.084694146162608508e-01
6.520151850000000195e+03 9.469475453040528956e-01
6.520185760000000300e+03 9.784478819807987948e-01
6.520219659999999749e+03 1.024474168510319361e+00
6.520253569999999854e+03 1.046740378772684776e+00
6.520287479999999960e+03 1.034844130528312034e+00
6.520321390000000065e+03 1.048639972952780886e+00
6.520355300000000170e+03 1.044194182895049616e+00
6.520389210000000276e+03 1.063102430225944417e+00
6.520423120000000381e+03 1.043744191844925506e+00
6.520457029999999577e+03 1.040188500267447802e+00
6.520490939999999682e+03 1.058266749149904484e+00
6.520524849999999788e+03 1.046447352940315989e+00
6.520558759999999893e+03 1.057048712756279985e+00
6.520592669999999998e+03 1.049976018903209463e+00
6.520626580000000104e+03 1.033799127492499359e+00
6.520660490000000209e+03 1.038337133204934259e+00
6.520694400000000314e+03 1.028006912786037397e+00
6.520728310000000420e+03 1.018098221233480594e+00
6.520762219999999616e+03 1.038677776481051307e+00
6.520796129999999721e+03 1.027723945892026869e+00
6.520830049999999574e+03 1.018596792328071876e+00
6.520863959999999679e+03 1.017052390421518959e+00
6.520897869999999784e+03 1.008082236392111808e+00
6.520931779999999890e+03 1.022163272246769949e+00
6.520965689999999995e+03 1.005272627686734976e+00
6.520999609999999848e+03 1.003246914425406366e+00
6.521033519999999953e+03 1.010186926009159603e+00
6.521067430000000058e+03 1.002473881947626877e+00
6.521101340000000164e+03 1.013614383338302671e+00
6.521135260000000017e+03 1.006892500460737860e+00
6.521169170000000122e+03 1.016471381602923163e+00
6.521203080000000227e+03 9.922217095387978469e-01
6.521237000000000080e+03 9.948450542111568762e-01
6.521270910000000185e+03 9.956700804467899513e-01
6.521304830000000038e+03 1.026662670274606892e+00
6.521338740000000143e+03 1.013047919888273585e+00
6.521372650000000249e+03 9.897111823107350714e-01
6.521406570000000102e+03 9.996142200103574904e-01
6.521440480000000207e+03 1.012108358062661972e+00
6.521474400000000060e+03 1.013088745949845659e+00
6.521508310000000165e+03 1.010534560142679394e+00
6.521542230000000018e+03 9.986526425712759503e-01
6.521576140000000123e+03 1.005643719474418774e+00
6.521610059999999976e+03 1.000729320872667305e+00
6.521643970000000081e+03 1.012224024015672130e+00
6.521677889999999934e+03 1.011182869514756666e+00
6.521711809999999787e+03 1.022052531178594181e+00
6.521745719999999892e+03 1.015415437346978589e+00
6.521779639999999745e+03 1.021421278462759652e+00
6.521813559999999597e+03 1.015401781326076946e+00
6.521847469999999703e+03 1.004567383946928016e+00
6.521881389999999556e+03 1.008558794365002731e+00
6.521915310000000318e+03 1.006649916490372831e+00
6.521949220000000423e+03 1.023342708123373024e+00
6.521983140000000276e+03 1.008210050539634306e+00
6.522017060000000129e+03 9.974724256184619442e-01
6.522050979999999981e+03 1.018686803034646093e+00
6.522084899999999834e+03 1.013801204869537287e+00
6.522118809999999939e+03 1.005735883352321780e+00
6.522152729999999792e+03 1.015279311014206431e+00
6.522186649999999645e+03 1.020794825356241775e+00
6.522220570000000407e+03 1.000180551042664012e+00
6.522254490000000260e+03 1.003763994974167462e+00
6.522288410000000113e+03 1.008269224365444305e+00
6.522322329999999965e+03 9.993920104274004457e-01
6.522356249999999818e+03 9.853971766547051647e-01
6.522390169999999671e+03 1.011377815712675154e+00
6.522424090000000433e+03 1.005022950185632258e+00
6.522458010000000286e+03 9.953063805715496315e-01
6.522491930000000139e+03 9.745622703754384109e-01
6.522525849999999991e+03 9.732451341541770162e-01
6.522559769999999844e+03 9.919293307127495796e-01
6.522593689999999697e+03 9.950646243328096219e-01
6.522627609999999549e+03 9.805514301607234362e-01
6.522661530000000312e+03 1.004885886358393376e+00
6.522695450000000164e+03 1.005336826072303680e+00
6.522729370000000017e+03 1.002392577343721003e+00
6.522763289999999870e+03 9.922992293590251478e-01
6.522797220000000380e+03 9.687825078566286718e-01
6.522831140000000232e+03 9.467715166612638011e-01
6.522865060000000085e+03 9.765640163252617967e-01
6.522898979999999938e+03 9.926880362480536846e-01
6.522932899999999790e+03 1.015457897311249802e+00
6.522966830000000300e+03 1.010826894762400174e+00
6.523000750000000153e+03 9.933979426462956619e-01
6.523034670000000006e+03 1.004140218482152846e+00
6.523068599999999606e+03 1.013289777471887199e+00
6.523102520000000368e+03 1.003361725587100572e+00
6.523136440000000221e+03 1.011691073504333849e+00
6.523170369999999821e+03 1.001980429638840375e+00
6.523204289999999673e+03 1.014075615721107271e+00
6.523238210000000436e+03 1.009818331825123927e+00
6.523272140000000036e+03 1.028259324019737075e+00
6.523306059999999889e+03 9.948969760688092245e-01
6.523339990000000398e+03 9.886899905805522915e-01
6.523373910000000251e+03 1.017553454002665170e+00
6.523407839999999851e+03 9.920642990739966249e-01
6.523441759999999704e+03 9.927726806144103744e-01
6.523475690000000213e+03 9.962034702844614342e-01
6.523509610000000066e+03 1.006243616308579503e+00
6.523543539999999666e+03 1.000728140968798252e+00
6.523577460000000428e+03 1.007368165712833274e+00
6.523611390000000029e+03 9.981489923530084685e-01
6.523645319999999629e+03 9.828700870505716614e-01
6.523679240000000391e+03 9.976962685573355083e-01
6.523713169999999991e+03 9.948495988615807528e-01
6.523747099999999591e+03 9.985029329230904471e-01
6.523781020000000353e+03 9.959204666985485010e-01
6.523814949999999953e+03 9.767848806802098549e-01
6.523848879999999554e+03 9.776491683222554574e-01
6.523882800000000316e+03 9.843490191663614164e-01
6.523916729999999916e+03 9.471608718255658532e-01
6.523950660000000425e+03 9.578755044365917515e-01
6.523984590000000026e+03 9.815187314130240370e-01
6.524018519999999626e+03 9.909794167137666587e-01
6.524052440000000388e+03 1.005671846285045579e+00
6.524086369999999988e+03 9.982435189907689077e-01
6.524120299999999588e+03 9.929815329028092163e-01
6.524154230000000098e+03 9.873205381938441327e-01
6.524188159999999698e+03 9.846445780420186589e-01
6.524222090000000208e+03 9.799452031886816128e-01
6.524256019999999808e+03 9.641743044946928798e-01
6.524289950000000317e+03 9.580952765542994909e-01
6.524323879999999917e+03 9.731708844375667189e-01
6.524357810000000427e+03 9.529286251568465094e-01
6.524391740000000027e+03 9.440557968241712894e-01
6.524425669999999627e+03 8.547151991960457718e-01
6.524459600000000137e+03 7.659280466219968719e-01
6.524493529999999737e+03 7.972324735911172633e-01
6.524527460000000247e+03 8.859308402106185198e-01
6.524561389999999847e+03 9.380616129829748573e-01
6.524595320000000356e+03 9.789922275307845201e-01
6.524629249999999956e+03 9.924935662454684726e-01
6.524663179999999556e+03 9.884114208731588080e-01
6.524697119999999813e+03 9.807508453465481058e-01
6.524731050000000323e+03 9.831364104790925040e-01
6.524764979999999923e+03 1.008764856958047185e+00
6.524798910000000433e+03 1.012718768063109120e+00
6.524832840000000033e+03 9.986392106231960497e-01
6.524866780000000290e+03 9.998943636021024872e-01
6.524900709999999890e+03 9.829820272232980827e-01
6.524934640000000400e+03 1.006158227628475732e+00
6.524968570000000000e+03 1.004660371144335818e+00
6.525002510000000257e+03 1.009283234782541783e+00
6.525036439999999857e+03 1.001833992500832382e+00
6.525070370000000366e+03 9.965086950530949172e-01
6.525104309999999714e+03 9.970806328939973984e-01
6.525138240000000224e+03 9.960566365495592267e-01
6.525172179999999571e+03 9.898123348850567105e-01
6.525206110000000081e+03 1.010818949546039791e+00
6.525240050000000338e+03 1.012742732127716483e+00
6.525273979999999938e+03 1.012739377025015264e+00
6.525307910000000447e+03 9.909510820548211862e-01
6.525341849999999795e+03 9.862155977754408775e-01
6.525375780000000304e+03 1.008023714912459790e+00
6.525409719999999652e+03 9.906860560228455403e-01
6.525443659999999909e+03 1.004555896256602798e+00
6.525477590000000419e+03 1.002301609255252357e+00
6.525511529999999766e+03 1.006821060896738063e+00
6.525545460000000276e+03 1.022838821512545016e+00
6.525579399999999623e+03 1.017785669700785656e+00
6.525613339999999880e+03 1.005141921553921236e+00
6.525647270000000390e+03 1.006152687713327110e+00
6.525681209999999737e+03 9.992349863558629419e-01
6.525715149999999994e+03 9.999146753912516727e-01
6.525749079999999594e+03 9.914363321192218859e-01
6.525783019999999851e+03 1.011972596332910479e+00
6.525816960000000108e+03 9.982702515104788787e-01
6.525850900000000365e+03 1.013452691797540162e+00
6.525884829999999965e+03 1.001616303360562732e+00
6.525918770000000222e+03 1.013682451878494595e+00
6.525952709999999570e+03 1.002745499503113757e+00
6.525986649999999827e+03 1.006695430089294740e+00
6.526020590000000084e+03 9.948471420920623753e-01
6.526054530000000341e+03 1.001905222094703785e+00
6.526088459999999941e+03 9.937401685847072619e-01
6.526122400000000198e+03 1.000183022157020041e+00
6.526156339999999545e+03 1.007436237727841410e+00
6.526190279999999802e+03 9.847057311423356163e-01
6.526224220000000059e+03 9.947829140819789417e-01
6.526258160000000316e+03 9.907199578777323712e-01
6.526292099999999664e+03 1.002660853808219565e+00
6.526326039999999921e+03 1.004468195651478268e+00
6.526359980000000178e+03 9.799646166228640487e-01
6.526393920000000435e+03 9.898918242849299443e-01
6.526427859999999782e+03 9.760421838701709429e-01
6.526461800000000039e+03 9.901431418464647916e-01
6.526495740000000296e+03 9.869592254500315631e-01
6.526529690000000301e+03 1.009082764326349135e+00
6.526563629999999648e+03 9.884533880337751377e-01
6.526597569999999905e+03 9.980273671493564702e-01
6.526631510000000162e+03 1.007519731169966626e+00
6.526665450000000419e+03 9.904647001406350348e-01
6.526699389999999767e+03 9.909482241794426161e-01
6.526733339999999771e+03 9.883321780085467800e-01
6.526767280000000028e+03 9.936573451020392911e-01
6.526801220000000285e+03 1.017780843842111649e+00
6.526835159999999632e+03 1.014846884389133175e+00
6.526869109999999637e+03 9.905903264356687998e-01
6.526903049999999894e+03 1.003355250366378515e+00
6.526936990000000151e+03 9.895586965763917275e-01
6.526970940000000155e+03 1.004476566280324557e+00
6.527004880000000412e+03 9.946369943665268609e-01
6.527038819999999760e+03 1.002019741528057839e+00
6.527072769999999764e+03 1.008139643237759842e+00
6.527106710000000021e+03 1.007771891999710956e+00
6.527140660000000025e+03 1.009760031139430581e+00
6.527174600000000282e+03 1.014765382482309741e+00
6.527208550000000287e+03 1.006662002829072922e+00
6.527242489999999634e+03 1.003574187729487921e+00
6.527276439999999639e+03 9.923735837034385332e-01
6.527310379999999896e+03 9.918983815312124586e-01
6.527344329999999900e+03 9.838843980782652210e-01
6.527378270000000157e+03 1.002083818305657070e+00
6.527412220000000161e+03 1.014471468488781669e+00
6.527446160000000418e+03 9.934261003117361710e-01
6.527480110000000423e+03 9.951576366271746021e-01
6.527514060000000427e+03 1.011161382985631185e+00
6.527547999999999774e+03 9.989847952305829226e-01
6.527581949999999779e+03 1.001950844633269666e+00
6.527615899999999783e+03 1.010625128456578592e+00
6.527649840000000040e+03 1.009164411622942126e+00
6.527683790000000045e+03 9.995195074478229191e-01
6.527717740000000049e+03 9.984370299350723288e-01
6.527751680000000306e+03 1.001692769255224214e+00
6.527785630000000310e+03 9.985660955609665379e-01
6.527819580000000315e+03 1.001855358653263028e+00
6.527853530000000319e+03 1.016828698966517397e+00
6.527887480000000323e+03 1.007583308171560610e+00
6.527921430000000328e+03 1.001664107750861676e+00
6.527955369999999675e+03 1.005593716119137948e+00
6.527989319999999680e+03 9.977862436613685881e-01
6.528023269999999684e+03 9.998945452162755210e-01
6.528057219999999688e+03 1.000437902676607704e+00
6.528091169999999693e+03 1.006194882242735344e+00
6.528125119999999697e+03 1.003089243909036421e+00
6.528159069999999701e+03 1.010504896364444294e+00
6.528193019999999706e+03 9.639268732538254225e-01
6.528226969999999710e+03 1.008529084992844327e+00
6.528260919999999714e+03 9.890568089648037464e-01
6.528294869999999719e+03 9.915155282331770126e-01
6.528328819999999723e+03 1.008816076524750915e+00
6.528362769999999728e+03 9.986172846562230143e-01
6.528396719999999732e+03 9.968005082992205113e-01
6.528430669999999736e+03 1.003432421080399095e+00
6.528464619999999741e+03 1.000860451589528743e+00
6.528498569999999745e+03 9.888157357034883521e-01
6.528532530000000406e+03 9.974496795172372865e-01
6.528566480000000411e+03 9.996513671019539027e-01
6.528600430000000415e+03 1.002843948610981695e+00
6.528634380000000419e+03 1.001836402969199291e+00
6.528668330000000424e+03 1.011857632633523796e+00
6.528702290000000175e+03 1.000953983047951468e+00
6.528736240000000180e+03 9.968592685684871668e-01
6.528770190000000184e+03 1.007324630696762258e+00
6.528804149999999936e+03 1.007618001799467145e+00
6.528838099999999940e+03 9.929412490622646636e-01
6.528872049999999945e+03 1.015713132737056323e+00
6.528906009999999696e+03 9.991633278781960614e-01
6.528939959999999701e+03 9.948672130319748952e-01
6.528973909999999705e+03 9.919596824801010237e-01
6.529007870000000366e+03 1.002874518867105991e+00
6.529041820000000371e+03 1.011740039854527096e+00
6.529075780000000123e+03 9.982387899622089389e-01
6.529109730000000127e+03 1.006268326931162527e+00
6.529143689999999879e+03 1.003293497043883820e+00
6.529177639999999883e+03 1.002347064710609859e+00
6.529211599999999635e+03 1.015530348864533083e+00
6.529245549999999639e+03 1.001047290911852850e+00
6.529279510000000300e+03 9.999258234440860926e-01
6.529313460000000305e+03 1.020209260900413639e+00
6.529347420000000056e+03 1.010207614264312825e+00
6.529381370000000061e+03 1.010810662117426206e+00
6.529415329999999813e+03 1.002278524353052980e+00
6.529449289999999564e+03 9.982402280716635712e-01
6.529483239999999569e+03 1.014606816971166614e+00
6.529517200000000230e+03 9.969814286543984272e-01
6.529551159999999982e+03 9.970930435754310484e-01
6.529585109999999986e+03 1.003354465427684472e+00
6.529619069999999738e+03 1.002711493519539809e+00
6.529653030000000399e+03 9.916421329126361428e-01
6.529686990000000151e+03 1.013340263148514664e+00
6.529720940000000155e+03 1.009039945903096536e+00
6.529754899999999907e+03 1.015131694245244409e+00
6.529788859999999659e+03 1.017532510671963264e+00
6.529822820000000320e+03 1.012249221190443249e+00
6.529856780000000072e+03 1.004777630028519608e+00
6.529890730000000076e+03 1.019171816801023533e+00
6.529924689999999828e+03 1.014313182253743229e+00
6.529958649999999579e+03 1.006572855769433783e+00
6.529992610000000241e+03 1.019881610068248401e+00
6.530026569999999992e+03 1.017144348853497693e+00
6.530060529999999744e+03 9.979517993400722764e-01
6.530094490000000405e+03 1.003503433074490303e+00
6.530128450000000157e+03 1.018062949659960470e+00
6.530162409999999909e+03 1.020725451806309581e+00
6.530196369999999661e+03 1.011377559903203105e+00
6.530230330000000322e+03 1.000125073252178476e+00
6.530264290000000074e+03 9.962243762289075821e-01
6.530298249999999825e+03 1.004689843839880137e+00
6.530332209999999577e+03 1.008624580299436246e+00
6.530366170000000238e+03 1.009422347979533896e+00
6.530400139999999737e+03 1.005972806768550720e+00
6.530434100000000399e+03 9.933628826040880044e-01
6.530468060000000150e+03 1.003186747683571856e+00
6.530502019999999902e+03 1.006878646922183762e+00
6.530535979999999654e+03 9.953466559601574781e-01
6.530569940000000315e+03 1.001299842028645415e+00
6.530603909999999814e+03 1.001135294610230986e+00
6.530637869999999566e+03 1.001233219358929505e+00
6.530671830000000227e+03 1.039453052889659057e+00
6.530705789999999979e+03 1.019927552567768014e+00
6.530739760000000388e+03 1.010698540456780092e+00
6.530773720000000139e+03 1.011744924442235405e+00
6.530807679999999891e+03 1.003801874908442526e+00
6.530841650000000300e+03 1.024730726549419213e+00
6.530875610000000052e+03 1.021914628330925279e+00
6.530909579999999551e+03 1.023216205617065278e+00
6.530943540000000212e+03 9.993289568932296474e-01
6.530977499999999964e+03 1.000173666104051895e+00
6.531011470000000372e+03 9.977084528879539560e-01
6.531045430000000124e+03 1.006390304871086494e+00
6.531079399999999623e+03 1.018939631929087097e+00
6.531113360000000284e+03 1.005543101478503010e+00
6.531147329999999783e+03 9.972595484417354772e-01
6.531181290000000445e+03 9.606248980881679778e-01
6.531215259999999944e+03 9.526862172277568153e-01
6.531249219999999696e+03 9.562225010367366718e-01
6.531283190000000104e+03 9.829825983067403961e-01
6.531317159999999603e+03 1.015747015628413852e+00
6.531351120000000265e+03 1.016685111414754594e+00
6.531385089999999764e+03 1.005437166250292114e+00
6.531419060000000172e+03 1.020188555068291203e+00
6.531453019999999924e+03 1.015686111028290206e+00
6.531486990000000333e+03 9.986897145681786769e-01
6.531520959999999832e+03 1.009687796127132220e+00
6.531554919999999584e+03 1.018795743829236988e+00
6.531588889999999992e+03 1.012854946124517097e+00
6.531622860000000401e+03 1.009052654575822938e+00
6.531656829999999900e+03 1.003267144654687915e+00
6.531690800000000309e+03 1.007136701942394019e+00
6.531724760000000060e+03 1.002676062988892225e+00
6.531758729999999559e+03 1.005631086618449022e+00
6.531792699999999968e+03 1.010387628220206446e+00
6.531826670000000377e+03 1.031573773490559676e+00
6.531860639999999876e+03 1.012666621695050395e+00
6.531894610000000284e+03 1.011930539693760345e+00
6.531928579999999783e+03 1.013695062427162563e+00
6.531962550000000192e+03 1.012797672003131311e+00
6.531996519999999691e+03 1.017882502101904008e+00
6.532030480000000352e+03 1.025635407406765287e+00
6.532064449999999852e+03 1.014662760377684991e+00
6.532098430000000008e+03 1.001311549665529155e+00
6.532132400000000416e+03 1.014998653126325312e+00
6.532166369999999915e+03 1.031050566104246613e+00
6.532200340000000324e+03 1.036765650768291191e+00
6.532234309999999823e+03 1.022629128709290569e+00
6.532268280000000232e+03 1.029795628322180745e+00
6.532302249999999731e+03 1.019342570403777737e+00
6.532336220000000139e+03 1.010926153970451047e+00
6.532370189999999639e+03 9.979410975025899688e-01
6.532404160000000047e+03 1.026225694251560183e+00
6.532438140000000203e+03 1.025637366399405392e+00
6.532472109999999702e+03 1.028065790481770714e+00
6.532506080000000111e+03 9.995686993544889987e-01
6.532540049999999610e+03 1.022911900358394854e+00
6.532574029999999766e+03 1.010036293689757336e+00
6.532608000000000175e+03 1.011255667409084680e+00
6.532641969999999674e+03 1.022390326584526665e+00
6.532675940000000082e+03 1.012001380895165337e+00
6.532709920000000238e+03 1.018010027828849529e+00
6.532743889999999737e+03 1.015998082812948233e+00
6.532777860000000146e+03 1.009385167666706717e+00
6.532811840000000302e+03 9.979970509952712510e-01
6.532845809999999801e+03 9.985583104300901347e-01
6.532879789999999957e+03 9.767340382930975728e-01
6.532913760000000366e+03 8.847343618043800317e-01
6.532947739999999612e+03 8.123237860443047742e-01
6.532981710000000021e+03 7.509178853220006555e-01
6.533015690000000177e+03 8.243162047372439849e-01
6.533049659999999676e+03 9.368000031024396046e-01
6.533083639999999832e+03 9.780632782701612626e-01
6.533117610000000241e+03 1.004410272269899096e+00
6.533151590000000397e+03 1.006408129595072420e+00
6.533185559999999896e+03 1.018383644498284557e+00
6.533219540000000052e+03 1.004340470010047559e+00
6.533253509999999551e+03 1.015261215945545858e+00
6.533287489999999707e+03 1.020951162924746525e+00
6.533321469999999863e+03 1.016946169399430833e+00
6.533355440000000272e+03 1.037103354026080559e+00
6.533389420000000428e+03 1.036078827846193429e+00
6.533423399999999674e+03 1.019426239566143311e+00
6.533457370000000083e+03 1.026028178058245421e+00
6.533491350000000239e+03 1.028253026133802095e+00
6.533525330000000395e+03 1.020724463845810837e+00
6.533559309999999641e+03 1.023680979202864494e+00
6.533593289999999797e+03 1.029442979959279025e+00
6.533627260000000206e+03 1.015417936773093999e+00
6.533661240000000362e+03 1.022589299196544177e+00
6.533695219999999608e+03 1.023276916027369143e+00
6.533729199999999764e+03 1.035595189679947570e+00
6.533763179999999920e+03 1.037570910203665209e+00
6.533797160000000076e+03 1.028835903450796563e+00
6.533831140000000232e+03 1.014102045091569204e+00
6.533865109999999731e+03 1.010850753440722283e+00
6.533899089999999887e+03 1.022785072818693575e+00
6.533933070000000043e+03 1.037020246905270504e+00
6.533967050000000199e+03 1.025240261637533123e+00
6.534001030000000355e+03 1.035079655073194660e+00
6.534035009999999602e+03 1.028460041263002722e+00
6.534068989999999758e+03 1.028872175764886876e+00
6.534102979999999661e+03 1.034886380537178185e+00
6.534136959999999817e+03 1.017056782434863749e+00
6.534170939999999973e+03 1.020595477289583330e+00
6.534204920000000129e+03 1.024516345894377789e+00
6.534238900000000285e+03 1.021916507149483788e+00
6.534272880000000441e+03 1.017854456389930107e+00
6.534306859999999688e+03 1.009801443926647169e+00
6.534340839999999844e+03 1.009918897504795243e+00
6.534374829999999747e+03 1.022713521040819362e+00
6.534408809999999903e+03 1.024453750529588758e+00
6.534442790000000059e+03 1.017937429134965654e+00
6.534476770000000215e+03 1.016102916535302381e+00
6.534510760000000118e+03 1.014798334186310269e+00
6.534544740000000274e+03 1.008256057651272020e+00
6.534578720000000430e+03 9.618854219038426301e-01
6.534612699999999677e+03 9.040836411448162080e-01
6.534646689999999580e+03 9.012737265201942183e-01
6.534680669999999736e+03 9.367334502023313414e-01
6.534714659999999640e+03 1.001567871823815681e+00
6.534748639999999796e+03 1.012373786411146837e+00
6.534782619999999952e+03 1.005980459875109645e+00
6.534816609999999855e+03 1.025200246791605485e+00
6.534850590000000011e+03 1.002816194944558204e+00
6.534884579999999914e+03 9.922468089901141930e-01
6.534918560000000070e+03 1.016211944120683608e+00
6.534952549999999974e+03 1.020023097349608054e+00
6.534986530000000130e+03 1.029854140473419166e+00
6.535020520000000033e+03 1.022911914065217198e+00
6.535054500000000189e+03 1.027721358247641659e+00
6.535088490000000093e+03 1.032108198342572170e+00
6.535122470000000249e+03 1.032922029751808468e+00
6.535156460000000152e+03 1.029573298016454252e+00
6.535190450000000055e+03 1.031298715666654875e+00
6.535224430000000211e+03 1.022233001692106402e+00
6.535258420000000115e+03 1.002229652208763255e+00
6.535292410000000018e+03 9.906855560151028861e-01
6.535326390000000174e+03 1.010587512126749354e+00
6.535360380000000077e+03 1.038986040085481566e+00
6.535394369999999981e+03 1.034404748523877648e+00
6.535428350000000137e+03 1.034125979779473292e+00
6.535462340000000040e+03 1.042505052431734969e+00
6.535496329999999944e+03 1.028884537850683456e+00
6.535530319999999847e+03 1.019935230227875911e+00
6.535564309999999750e+03 1.034076415876024946e+00
6.535598289999999906e+03 1.019968256355783476e+00
6.535632279999999810e+03 1.004145700051598977e+00
6.535666269999999713e+03 1.012798864440220381e+00
6.535700259999999616e+03 1.034415456156467794e+00
6.535734250000000429e+03 1.045204347463640548e+00
6.535768240000000333e+03 1.043518475222958930e+00
6.535802230000000236e+03 1.034249307175989063e+00
6.535836220000000139e+03 1.040924106099313518e+00
6.535870210000000043e+03 1.045816649343902283e+00
6.535904199999999946e+03 1.038839133244501944e+00
6.535938189999999850e+03 1.035037034196089278e+00
6.535972179999999753e+03 1.043110920426586263e+00
6.536006169999999656e+03 1.047587544765925971e+00
6.536040159999999560e+03 1.041662348780211911e+00
6.536074150000000373e+03 1.036842596076878786e+00
6.536108140000000276e+03 1.046810807399396248e+00
6.536142130000000179e+03 1.039111427742469118e+00
6.536176120000000083e+03 1.038236666665766084e+00
6.536210109999999986e+03 1.047808839379163803e+00
6.536244109999999637e+03 1.039781979351989349e+00
6.536278100000000450e+03 1.029940903869886126e+00
6.536312090000000353e+03 1.034543946816833371e+00
6.536346080000000256e+03 1.046190824767623706e+00
6.536380070000000160e+03 1.050739543882392102e+00
6.536414069999999811e+03 1.038435352935828115e+00
6.536448059999999714e+03 1.035391535726652101e+00
6.536482049999999617e+03 1.037871376816671409e+00
6.536516050000000178e+03 1.038054702093136328e+00
6.536550040000000081e+03 1.027975012234251251e+00
6.536584029999999984e+03 1.027328509163656811e+00
6.536618029999999635e+03 1.025664498010608661e+00
6.536652020000000448e+03 1.028552601243467146e+00
6.536686010000000351e+03 1.048965235042623956e+00
6.536720010000000002e+03 1.045185510058505685e+00
6.536753999999999905e+03 1.048862610631601466e+00
6.536787999999999556e+03 1.038610663943217771e+00
6.536821990000000369e+03 1.035688314648490316e+00
6.536855990000000020e+03 1.036561022260993115e+00
6.536889979999999923e+03 1.019831801958466455e+00
6.536923979999999574e+03 1.013363221364018019e+00
6.536957970000000387e+03 1.033068751029192933e+00
6.536991970000000038e+03 1.044039863290775250e+00
6.537025959999999941e+03 1.048820291607764466e+00
6.537059959999999592e+03 1.049752678041248721e+00
6.537093960000000152e+03 1.040968897757232892e+00
6.537127950000000055e+03 1.032935079268583412e+00
6.537161949999999706e+03 1.032241908696765353e+00
6.537195939999999609e+03 1.031274459915222153e+00
6.537229940000000170e+03 1.029216469062889550e+00
6.537263939999999820e+03 1.005916133373006671e+00
6.537297940000000381e+03 9.936696292910111028e-01
6.537331930000000284e+03 9.574731519423210768e-01
6.537365929999999935e+03 9.565883426866752526e-01
6.537399929999999586e+03 9.936745757632371445e-01
6.537433930000000146e+03 1.027969061010072904e+00
6.537467920000000049e+03 1.026085529205643887e+00
6.537501919999999700e+03 1.027881131524440272e+00
6.537535920000000260e+03 1.049810361213840526e+00
6.537569919999999911e+03 1.060340657160700362e+00
6.537603919999999562e+03 1.053894786074603296e+00
6.537637920000000122e+03 1.042392905105848699e+00
6.537671919999999773e+03 1.030617494357277897e+00
6.537705920000000333e+03 1.043507955576050694e+00
6.537739919999999984e+03 1.046305828697154050e+00
6.537773909999999887e+03 1.035460931777333338e+00
6.537807910000000447e+03 1.038218753712208287e+00
6.537841910000000098e+03 1.039899779223341314e+00
6.537875909999999749e+03 1.056666482917678396e+00
6.537909920000000056e+03 1.063234871522150682e+00
6.537943919999999707e+03 1.041358250103282090e+00
6.537977920000000267e+03 1.044175663671606191e+00
6.538011919999999918e+03 1.045849575801483633e+00
6.538045919999999569e+03 1.041552822621800489e+00
6.538079920000000129e+03 1.038419648153620534e+00
6.538113919999999780e+03 1.050489637480879868e+00
6.538147920000000340e+03 1.058307015235031345e+00
6.538181919999999991e+03 1.062139567584952538e+00
6.538215930000000299e+03 1.054801298446800040e+00
6.538249929999999949e+03 1.042082234576274580e+00
6.538283929999999600e+03 1.056269329500576504e+00
6.538317930000000160e+03 1.057601530947587021e+00
6.538351939999999558e+03 1.081579626743736977e+00
6.538385940000000119e+03 1.061448750572999478e+00
6.538419939999999769e+03 1.065447506139939771e+00
6.538453940000000330e+03 1.067146873025298870e+00
6.538487949999999728e+03 1.060264670395023590e+00
6.538521950000000288e+03 1.053235856366524281e+00
6.538555959999999686e+03 1.057254420227267788e+00
6.538589960000000247e+03 1.061747231959810023e+00
6.538623959999999897e+03 1.069393956458585926e+00
6.538657970000000205e+03 1.049020973145739388e+00
6.538691969999999856e+03 1.062334115979617577e+00
6.538725980000000163e+03 1.058500475481865655e+00
6.538759979999999814e+03 1.064469257886518694e+00
6.538793990000000122e+03 1.073237262787433366e+00
6.538827989999999772e+03 1.063557430886663990e+00
6.538862000000000080e+03 1.059343381824320085e+00
6.538895999999999731e+03 1.073903189441420825e+00
6.538930010000000038e+03 1.083371354977849199e+00
6.538964009999999689e+03 1.064413021991759356e+00
6.538998019999999997e+03 1.064114162660604102e+00
6.539032030000000304e+03 1.065378488120486855e+00
6.539066029999999955e+03 1.057284064333061435e+00
6.539100040000000263e+03 1.060605897256786445e+00
6.539134049999999661e+03 1.073432611044597973e+00
6.539168050000000221e+03 1.073467507748601335e+00
6.539202059999999619e+03 1.076334377309156931e+00
6.539236069999999927e+03 1.072502029658111589e+00
6.539270069999999578e+03 1.074286799464547304e+00
6.539304079999999885e+03 1.054953680092426183e+00
6.539338090000000193e+03 1.054641833872631329e+00
6.539372099999999591e+03 1.059732682814185090e+00
6.539406109999999899e+03 1.058419010498716339e+00
6.539440109999999549e+03 1.070414318763363459e+00
6.539474119999999857e+03 1.069581195774832461e+00
6.539508130000000165e+03 1.068414251192414399e+00
6.539542139999999563e+03 1.081670179193734871e+00
6.539576149999999870e+03 1.077304649627547128e+00
6.539610160000000178e+03 1.065361180923927620e+00
6.539644169999999576e+03 1.056870238898836911e+00
6.539678179999999884e+03 1.058841767506379039e+00
6.539712190000000192e+03 1.078004475905149029e+00
6.539746199999999590e+03 1.067851582697167512e+00
6.539780209999999897e+03 1.056510994080630983e+00
6.539814220000000205e+03 1.062975002667699398e+00
6.539848229999999603e+03 1.074738925390754440e+00
6.539882239999999911e+03 1.084986869678290944e+00
6.539916250000000218e+03 1.079694707526033470e+00
6.539950259999999616e+03 1.065064753489712412e+00
6.539984269999999924e+03 1.061882685410762139e+00
6.540018280000000232e+03 1.087267440145654351e+00
6.540052289999999630e+03 1.065717368649574448e+00
6.540086309999999685e+03 1.060046134550586050e+00
6.540120319999999992e+03 1.062924451556921612e+00
6.540154330000000300e+03 1.068932541422684679e+00
6.540188339999999698e+03 1.065056886079961407e+00
6.540222350000000006e+03 1.062242508921112494e+00
6.540256370000000061e+03 1.066688578516884700e+00
6.540290380000000368e+03 1.072375545566413235e+00
6.540324389999999767e+03 1.094870613753807120e+00
6.540358400000000074e+03 1.068782127090394773e+00
6.540392420000000129e+03 1.068616937863200667e+00
6.540426430000000437e+03 1.092724754394919451e+00
6.540460439999999835e+03 1.086787705203525300e+00
6.540494459999999890e+03 1.074105938066298060e+00
6.540528470000000198e+03 1.077836760882089351e+00
6.540562490000000253e+03 1.077537901757580352e+00
6.540596499999999651e+03 1.080454529577122846e+00
6.540630519999999706e+03 1.063311637685509181e+00
6.540664530000000013e+03 1.095913050783732912e+00
6.540698550000000068e+03 1.098148474409449848e+00
6.540732560000000376e+03 1.084781975453327885e+00
6.540766580000000431e+03 1.081441403150118719e+00
6.540800589999999829e+03 1.089526560495853502e+00
6.540834609999999884e+03 1.084885455689465816e+00
6.540868620000000192e+03 1.067946088589583065e+00
6.540902640000000247e+03 1.095251828752670020e+00
6.540936649999999645e+03 1.091811414484191278e+00
6.540970669999999700e+03 1.087770993897414495e+00
6.541004689999999755e+03 1.078956022333939835e+00
6.541038700000000063e+03 1.078490550970454764e+00
6.541072720000000118e+03 1.072663779421134889e+00
6.541106740000000173e+03 1.066423931048245732e+00
6.541140749999999571e+03 1.076674205454865474e+00
6.541174769999999626e+03 1.063106792065242834e+00
6.541208789999999681e+03 1.066275646369792662e+00
6.541242809999999736e+03 1.074704825683199694e+00
6.541276820000000043e+03 1.084646950174751101e+00
6.541310840000000098e+03 1.085594798329800215e+00
6.541344860000000153e+03 1.093815985527230028e+00
6.541378880000000208e+03 1.096790129122032775e+00
6.541412900000000263e+03 1.084444874918915280e+00
6.541446920000000318e+03 1.092252064321240557e+00
6.541480940000000373e+03 1.103478413611360232e+00
6.541514949999999772e+03 1.115650640701313812e+00
6.541548969999999827e+03 1.098353798218659083e+00
6.541582989999999882e+03 1.101427257825649653e+00
6.541617009999999937e+03 1.103780699814051136e+00
6.541651029999999992e+03 1.105347538835113941e+00
6.541685050000000047e+03 1.117404594575042154e+00
6.541719070000000102e+03 1.109094076391753392e+00
6.541753090000000157e+03 1.071154350106371167e+00
6.541787110000000212e+03 1.084704117339972296e+00
6.541821130000000267e+03 1.108662178184508740e+00
6.541855160000000069e+03 1.089550945492541834e+00
6.541889180000000124e+03 1.078143930973667119e+00
6.541923200000000179e+03 1.078405139689781134e+00
6.541957220000000234e+03 1.082131178283164852e+00
6.541991240000000289e+03 1.089321738457518896e+00
6.542025260000000344e+03 1.089009594284441995e+00
6.542059280000000399e+03 1.102322427001856786e+00
6.542093310000000201e+03 1.104241801359550301e+00
6.542127330000000256e+03 1.087886722432956255e+00
6.542161350000000311e+03 1.090059575838675521e+00
6.542195370000000366e+03 1.089374396335551776e+00
6.542229400000000169e+03 1.091213988078266972e+00
6.542263420000000224e+03 1.104271253978758915e+00
6.542297440000000279e+03 1.101653969418382673e+00
6.542331470000000081e+03 1.082470946482452234e+00
6.542365490000000136e+03 1.112725478247210908e+00
6.542399510000000191e+03 1.103520846633077479e+00
6.542433539999999994e+03 1.118853658391206318e+00
6.542467560000000049e+03 1.105420163465713479e+00
6.542501589999999851e+03 1.087218893195108560e+00
6.542535609999999906e+03 1.092747599890949939e+00
6.542569629999999961e+03 1.098695534122898776e+00
6.542603659999999763e+03 1.093408679859760202e+00
6.542637679999999818e+03 1.103065423747123797e+00
6.542671709999999621e+03 1.097212737019576112e+00
6.542705729999999676e+03 1.080726273415118621e+00
6.542739760000000388e+03 1.080234786138111858e+00
6.542773790000000190e+03 1.093952404495586839e+00
6.542807810000000245e+03 1.094059804154756232e+00
6.542841840000000047e+03 1.069066418170063981e+00
6.542875860000000102e+03 1.029314110086976930e+00
6.542909889999999905e+03 9.862353323610139055e-01
6.542943919999999707e+03 9.621061745428913792e-01
6.542977939999999762e+03 1.007506667622499297e+00
6.543011969999999565e+03 1.067842864045170481e+00
6.543046000000000276e+03 1.091549521759274111e+00
6.543080020000000331e+03 1.098400151445972694e+00
6.543114050000000134e+03 1.094207314034394640e+00
6.543148079999999936e+03 1.085401941635631751e+00
6.543182109999999739e+03 1.093164014580658705e+00
6.543216129999999794e+03 1.112107479818865485e+00
6.543250159999999596e+03 1.124394151176796752e+00
6.543284190000000308e+03 1.103748856892531771e+00
6.543318220000000110e+03 1.106750950161768721e+00
6.543352249999999913e+03 1.107117457840790964e+00
6.543386279999999715e+03 1.104562454700269480e+00
6.543420310000000427e+03 1.109680443791992932e+00
6.543454340000000229e+03 1.112182919619464583e+00
6.543488360000000284e+03 1.098914610471233289e+00
6.543522390000000087e+03 1.086605265985143953e+00
6.543556419999999889e+03 1.107519508046364232e+00
6.543590449999999691e+03 1.077298905230338777e+00
6.543624480000000403e+03 1.085909875944890857e+00
6.543658510000000206e+03 1.098013316593786648e+00
6.543692540000000008e+03 1.097648133723024388e+00
6.543726579999999558e+03 1.101334579801477309e+00
6.543760610000000270e+03 1.110243189811898290e+00
6.543794640000000072e+03 1.110828985643820266e+00
6.543828669999999875e+03 1.109924629318178368e+00
6.543862699999999677e+03 1.120195876442298122e+00
6.543896730000000389e+03 1.124093979596165305e+00
6.543930760000000191e+03 1.121626156782407735e+00
6.543964789999999994e+03 1.098638534879912143e+00
6.543998830000000453e+03 1.104798371017629011e+00
6.544032860000000255e+03 1.124000713736762913e+00
6.544066890000000058e+03 1.122264788447698836e+00
6.544100919999999860e+03 1.126813909604503117e+00
6.544134960000000319e+03 1.117496381855081156e+00
6.544168990000000122e+03 1.100950496089640351e+00
6.544203019999999924e+03 1.118507524204788606e+00
6.544237060000000383e+03 1.107708132254336952e+00
6.544271090000000186e+03 1.106219038531463639e+00
6.544305119999999988e+03 1.105122356578476017e+00
6.544339160000000447e+03 1.089703018349394759e+00
6.544373190000000250e+03 1.085554926547521948e+00
6.544407220000000052e+03 1.084306027670174588e+00
6.544441259999999602e+03 1.020033551635851632e+00
6.544475290000000314e+03 9.242240839893424154e-01
6.544509329999999864e+03 7.838961403942538153e-01
6.544543359999999666e+03 7.555184717720015986e-01
6.544577400000000125e+03 8.515726706910726751e-01
6.544611429999999928e+03 9.796701401993603842e-01
6.544645470000000387e+03 1.056773048785878411e+00
6.544679500000000189e+03 1.089240844797392471e+00
6.544713539999999739e+03 1.115564705285397640e+00
6.544747580000000198e+03 1.103095153238325077e+00
6.544781610000000001e+03 1.125781256940923569e+00
6.544815649999999550e+03 1.131962500133803395e+00
6.544849680000000262e+03 1.114754694178686334e+00
6.544883719999999812e+03 1.109311682689546830e+00
6.544917760000000271e+03 1.119314320158224296e+00
6.544951790000000074e+03 1.112436009989546726e+00
6.544985829999999623e+03 1.101338130871656329e+00
6.545019870000000083e+03 1.128472008192785481e+00
6.545053909999999632e+03 1.147443945455965952e+00
6.545087940000000344e+03 1.141475985842364871e+00
6.545121979999999894e+03 1.138438739411945066e+00
6.545156020000000353e+03 1.143687530174207545e+00
6.545190059999999903e+03 1.145348014605851894e+00
6.545224100000000362e+03 1.136470636475598317e+00
6.545258139999999912e+03 1.128417645108256595e+00
6.545292169999999714e+03 1.134244135636933049e+00
6.545326210000000174e+03 1.147212195286674286e+00
6.545360249999999724e+03 1.149184572078487676e+00
6.545394290000000183e+03 1.140421329090881564e+00
6.545428329999999733e+03 1.146412841563428930e+00
6.545462370000000192e+03 1.144120348419876976e+00
6.545496409999999742e+03 1.138320662655325499e+00
6.545530450000000201e+03 1.143640815951066925e+00
6.545564489999999751e+03 1.144643176261778805e+00
6.545598530000000210e+03 1.132029218106608504e+00
6.545632569999999760e+03 1.129817192144533688e+00
6.545666610000000219e+03 1.133449979559380427e+00
6.545700649999999769e+03 1.127379337798547931e+00
6.545734690000000228e+03 1.138602978859754700e+00
6.545768729999999778e+03 1.156812388181848839e+00
6.545802779999999984e+03 1.150057571501092779e+00
6.545836820000000444e+03 1.132837417520935031e+00
6.545870859999999993e+03 1.131416045858570696e+00
6.545904900000000453e+03 1.146210394216568229e+00
6.545938940000000002e+03 1.159722325639990226e+00
6.545972990000000209e+03 1.150392134086701601e+00
6.546007029999999759e+03 1.157037671671683920e+00
6.546041070000000218e+03 1.164864651479710966e+00
6.546075109999999768e+03 1.148643523538336320e+00
6.546109159999999974e+03 1.151125777936275574e+00
6.546143200000000434e+03 1.159695798876064110e+00
6.546177239999999983e+03 1.161832375239388870e+00
6.546211290000000190e+03 1.160696013785864400e+00
6.546245329999999740e+03 1.153326322708489782e+00
6.546279370000000199e+03 1.164882432356567188e+00
6.546313420000000406e+03 1.143487047632680165e+00
6.546347459999999955e+03 1.102737238185358404e+00
6.546381510000000162e+03 1.078006263374814644e+00
6.546415549999999712e+03 1.083390483842913143e+00
6.546449599999999919e+03 1.116577474890133370e+00
6.546483640000000378e+03 1.142680863927928225e+00
6.546517689999999675e+03 1.149277215091552673e+00
6.546551730000000134e+03 1.153576929612996516e+00
6.546585780000000341e+03 1.141955695805910720e+00
6.546619819999999891e+03 1.144510055238852075e+00
6.546653870000000097e+03 1.145657423586004864e+00
6.546687909999999647e+03 1.160527558183393371e+00
6.546721959999999854e+03 1.161282884828304773e+00
6.546756010000000060e+03 1.160001098188172541e+00
6.546790049999999610e+03 1.158314649790463502e+00
6.546824099999999817e+03 1.163780832289983636e+00
6.546858150000000023e+03 1.179689889354522903e+00
6.546892189999999573e+03 1.168124062101281835e+00
6.546926239999999780e+03 1.164360988782134232e+00
6.546960289999999986e+03 1.183492851987610450e+00
6.546994340000000193e+03 1.161903908376259231e+00
6.547028379999999743e+03 1.165378875441766438e+00
6.547062429999999949e+03 1.181079421617797331e+00
6.547096480000000156e+03 1.176832280200814873e+00
6.547130530000000363e+03 1.173978371432327084e+00
6.547164579999999660e+03 1.184563190143486544e+00
6.547198629999999866e+03 1.177742775055344415e+00
6.547232670000000326e+03 1.178172268187618776e+00
6.547266719999999623e+03 1.184975521500135631e+00
6.547300769999999829e+03 1.185497617030884410e+00
6.547334820000000036e+03 1.171031203867477277e+00
6.547368870000000243e+03 1.174843090006351787e+00
6.547402920000000449e+03 1.182116486772188502e+00
6.547436969999999747e+03 1.185748770129280816e+00
6.547471019999999953e+03 1.191887464993456769e+00
6.547505070000000160e+03 1.184478479939675699e+00
6.547539120000000366e+03 1.183336127726028808e+00
6.547573169999999664e+03 1.205520639871182853e+00
6.547607219999999870e+03 1.187940717865383800e+00
6.547641270000000077e+03 1.193945835154006652e+00
6.547675330000000031e+03 1.192862998906649485e+00
6.547709380000000237e+03 1.190905088224820885e+00
6.547743430000000444e+03 1.187932946194369510e+00
6.547777479999999741e+03 1.188123262313040218e+00
6.547811529999999948e+03 1.202738983628946157e+00
6.547845580000000155e+03 1.198063068607092108e+00
6.547879640000000109e+03 1.205001314897043097e+00
6.547913690000000315e+03 1.197707256994261726e+00
6.547947739999999612e+03 1.177434940308855316e+00
6.547981789999999819e+03 1.182742617752578607e+00
6.548015849999999773e+03 1.203347747807549606e+00
6.548049899999999980e+03 1.206957589556569621e+00
6.548083950000000186e+03 1.198219698927541321e+00
6.548118010000000140e+03 1.195606184509484748e+00
6.548152060000000347e+03 1.187717448473214477e+00
6.548186109999999644e+03 1.173632770501161771e+00
6.548220169999999598e+03 1.189827578381442708e+00
6.548254219999999805e+03 1.146459917093588077e+00
6.548288279999999759e+03 1.065005184839383334e+00
6.548322329999999965e+03 1.018880564497436358e+00
6.548356389999999919e+03 1.065048312744726555e+00
6.548390440000000126e+03 1.147649718443680245e+00
6.548424500000000080e+03 1.191670803296990266e+00
6.548458550000000287e+03 1.199659238305313069e+00
6.548492610000000241e+03 1.184292609698304188e+00
6.548526660000000447e+03 1.212779214188339783e+00
6.548560720000000401e+03 1.219832180012903500e+00
6.548594769999999698e+03 1.202074764833802600e+00
6.548628829999999653e+03 1.207941821365892121e+00
6.548662889999999607e+03 1.207283462690379672e+00
6.548696939999999813e+03 1.209281473507505478e+00
6.548730999999999767e+03 1.220201943501047603e+00
6.548765059999999721e+03 1.214694623948975094e+00
6.548799109999999928e+03 1.218745571639220815e+00
6.548833169999999882e+03 1.231658456070984453e+00
6.548867229999999836e+03 1.215534196671590905e+00
6.548901280000000042e+03 1.216253358327079814e+00
6.548935339999999997e+03 1.221005795607527977e+00
6.548969399999999951e+03 1.225009589985973424e+00
6.549003459999999905e+03 1.225033037338774999e+00
6.549037519999999859e+03 1.211600000394538412e+00
6.549071570000000065e+03 1.204253466977383669e+00
6.549105630000000019e+03 1.212753549231659012e+00
6.549139689999999973e+03 1.175543543856711004e+00
6.549173749999999927e+03 1.123013576026325344e+00
6.549207809999999881e+03 1.000592182440094291e+00
6.549241869999999835e+03 9.067481140782533977e-01
6.549275929999999789e+03 9.401238855057362231e-01
6.549309989999999743e+03 1.060732317366815947e+00
6.549344049999999697e+03 1.162167208055873813e+00
6.549378109999999651e+03 1.199345799987343364e+00
6.549412169999999605e+03 1.208174776777706905e+00
6.549446229999999559e+03 1.225993111743315600e+00
6.549480290000000423e+03 1.235707827297005235e+00
6.549514350000000377e+03 1.230349254628125610e+00
6.549548410000000331e+03 1.245272700563003099e+00
6.549582470000000285e+03 1.242038912026544040e+00
6.549616530000000239e+03 1.218134289500213407e+00
6.549650590000000193e+03 1.216092870643900481e+00
6.549684659999999894e+03 1.221894571340000013e+00
6.549718719999999848e+03 1.219065574996138546e+00
6.549752779999999802e+03 1.231273257548178401e+00
6.549786839999999756e+03 1.233281900626924887e+00
6.549820899999999710e+03 1.222074693155859260e+00
6.549854970000000321e+03 1.241395113481498225e+00
6.549889030000000275e+03 1.253488201472318764e+00
6.549923090000000229e+03 1.250758032119349661e+00
6.549957150000000183e+03 1.253751739204226778e+00
6.549991219999999885e+03 1.266921923169260999e+00
6.550025279999999839e+03 1.268829851067168946e+00
6.550059339999999793e+03 1.263995527706833988e+00
6.550093410000000404e+03 1.278408095922543231e+00
6.550127470000000358e+03 1.286719839599919757e+00
6.550161540000000059e+03 1.263109647783651424e+00
6.550195600000000013e+03 1.246248818471368036e+00
6.550229669999999714e+03 1.263332852375214532e+00
6.550263729999999669e+03 1.291225218156756505e+00
6.550297789999999623e+03 1.293502422958964004e+00
6.550331860000000233e+03 1.285341223762263008e+00
6.550365920000000187e+03 1.284873379282974737e+00
6.550399989999999889e+03 1.281052011971591575e+00
6.550434059999999590e+03 1.280994395846082101e+00
6.550468120000000454e+03 1.297187603337840445e+00
6.550502190000000155e+03 1.282830282693709911e+00
6.550536250000000109e+03 1.292898198873656535e+00
6.550570319999999811e+03 1.302767105264949654e+00
6.550604390000000421e+03 1.293536201998101820e+00
6.550638450000000375e+03 1.297307230536467237e+00
6.550672520000000077e+03 1.299193344440746412e+00
6.550706589999999778e+03 1.292899411017411460e+00
6.550740649999999732e+03 1.305841698877951762e+00
6.550774720000000343e+03 1.304692334315465052e+00
6.550808790000000045e+03 1.288381408524654770e+00
6.550842859999999746e+03 1.300443285688755557e+00
6.550876919999999700e+03 1.310401927690710844e+00
6.550910990000000311e+03 1.316822791136559534e+00
6.550945060000000012e+03 1.316764146204395303e+00
6.550979129999999714e+03 1.324718233293081582e+00
6.551013200000000325e+03 1.321578648346940277e+00
6.551047260000000279e+03 1.306143222875002508e+00
6.551081329999999980e+03 1.317726127001578096e+00
6.551115399999999681e+03 1.338159651227175617e+00
6.551149470000000292e+03 1.332699864189548000e+00
6.551183539999999994e+03 1.323380162790736891e+00
6.551217609999999695e+03 1.316348000939086216e+00
6.551251680000000306e+03 1.316818153855364715e+00
6.551285750000000007e+03 1.327083423340306600e+00
6.551319819999999709e+03 1.332463878514039690e+00
6.551353890000000320e+03 1.334235491924440575e+00
6.551387960000000021e+03 1.334202791742793215e+00
6.551422029999999722e+03 1.326206694080063420e+00
6.551456100000000333e+03 1.332101999018461935e+00
6.551490170000000035e+03 1.338730471348395845e+00
6.551524239999999736e+03 1.337838596602373364e+00
6.551558320000000094e+03 1.323149568988075897e+00
6.551592389999999796e+03 1.339775103976837967e+00
6.551626460000000407e+03 1.346356317010772408e+00
6.551660530000000108e+03 1.346832027119702735e+00
6.551694599999999809e+03 1.351813732958444092e+00
6.551728670000000420e+03 1.339617261626952827e+00
6.551762749999999869e+03 1.333142885338975958e+00
6.551796819999999570e+03 1.367252564725760067e+00
6.551830890000000181e+03 1.349791499625906832e+00
6.551864969999999630e+03 1.353101029718541071e+00
6.551899040000000241e+03 1.367131761043199223e+00
6.551933109999999942e+03 1.360650933718982492e+00
6.551967190000000301e+03 1.358146997191102878e+00
6.552001260000000002e+03 1.378431580100402565e+00
6.552035329999999703e+03 1.383609042289603241e+00
6.552069410000000062e+03 1.367564538611075076e+00
6.552103479999999763e+03 1.387662119632995905e+00
6.552137560000000121e+03 1.461691209477144815e+00
6.552171629999999823e+03 1.606468346490452781e+00
6.552205700000000434e+03 1.562437378929787624e+00
6.552239779999999882e+03 1.455446832358634257e+00
6.552273849999999584e+03 1.539562378760987782e+00
6.552307929999999942e+03 1.531916332381654255e+00
6.552342010000000300e+03 1.430232043412858589e+00
6.552376080000000002e+03 1.395668503040779163e+00
6.552410160000000360e+03 1.395594393420868773e+00
6.552444230000000061e+03 1.393123486034179459e+00
6.552478310000000420e+03 1.409377684275666454e+00
6.552512380000000121e+03 1.406041601600719559e+00
6.552546459999999570e+03 1.394459541916194256e+00
6.552580539999999928e+03 1.389632026977637436e+00
6.552614609999999630e+03 1.366775232047637623e+00
6.552648689999999988e+03 1.359037498431995949e+00
6.552682770000000346e+03 1.360588437212379986e+00
6.552716849999999795e+03 1.375209738114913982e+00
6.552750920000000406e+03 1.402055325307188571e+00
6.552784999999999854e+03 1.410245316573112362e+00
6.552819080000000213e+03 1.416910074113852724e+00
6.552853159999999662e+03 1.415779293724055643e+00
6.552887240000000020e+03 1.442990129465541171e+00
6.552921309999999721e+03 1.425206675032513415e+00
6.552955390000000079e+03 1.426148112389368450e+00
6.552989470000000438e+03 1.446109786619369952e+00
6.553023549999999886e+03 1.436161393559612920e+00
6.553057630000000245e+03 1.430364543589322190e+00
6.553091709999999694e+03 1.436426621820868332e+00
6.553125790000000052e+03 1.403046668827538923e+00
6.553159870000000410e+03 1.358912776370200692e+00
6.553193949999999859e+03 1.257163205514523430e+00
6.553228030000000217e+03 1.075269759674968961e+00
6.553262109999999666e+03 1.027599612156504305e+00
6.553296190000000024e+03 1.144649778460897771e+00
6.553330270000000382e+03 1.299959968678435329e+00
6.553364349999999831e+03 1.376948110949325788e+00
6.553398430000000189e+03 1.391481159577143911e+00
6.553432509999999638e+03 1.407748406483274373e+00
6.553466589999999997e+03 1.436852394054792370e+00
6.553500670000000355e+03 1.462372621640953163e+00
6.553534759999999551e+03 1.474157257889413319e+00
6.553568839999999909e+03 1.477214196408134228e+00
6.553602920000000267e+03 1.476240682543386251e+00
6.553636999999999716e+03 1.490523766397205296e+00
6.553671080000000075e+03 1.492142068806436628e+00
6.553705170000000180e+03 1.495567459909715957e+00
6.553739249999999629e+03 1.507837113517918937e+00
6.553773329999999987e+03 1.510450642279580924e+00
6.553807410000000345e+03 1.509357612272791638e+00
6.553841500000000451e+03 1.518902098794760791e+00
6.553875579999999900e+03 1.514293942051538222e+00
6.553909670000000006e+03 1.523732210834619183e+00
6.553943750000000364e+03 1.558795196759608093e+00
6.553977829999999813e+03 1.545132633205341666e+00
6.554011919999999918e+03 1.539568123774553765e+00
6.554046000000000276e+03 1.536390863154667885e+00
6.554080090000000382e+03 1.535996222714590909e+00
6.554114169999999831e+03 1.545847578080851825e+00
6.554148250000000189e+03 1.558526788756941395e+00
6.554182340000000295e+03 1.560043471324864983e+00
6.554216419999999744e+03 1.542032501126239019e+00
6.554250509999999849e+03 1.554143736700737577e+00
6.554284599999999955e+03 1.536648186119535575e+00
6.554318680000000313e+03 1.518889992806393030e+00
6.554352770000000419e+03 1.459003840859494527e+00
6.554386849999999868e+03 1.386168471668105528e+00
6.554420939999999973e+03 1.380056910001852710e+00
6.554455030000000079e+03 1.449910937630355612e+00
6.554489110000000437e+03 1.518528325967505088e+00
6.554523199999999633e+03 1.536852675540487434e+00
6.554557289999999739e+03 1.545111854290046605e+00
6.554591370000000097e+03 1.584188057704583708e+00
6.554625460000000203e+03 1.582698195615193315e+00
6.554659550000000309e+03 1.602639688822393271e+00
6.554693640000000414e+03 1.598691306783166510e+00
6.554727719999999863e+03 1.623349463552138161e+00
6.554761809999999969e+03 1.628309843595246331e+00
6.554795900000000074e+03 1.639918642666592818e+00
6.554829990000000180e+03 1.649180999757104971e+00
6.554864080000000286e+03 1.639703643394100352e+00
6.554898170000000391e+03 1.659033186939963711e+00
6.554932249999999840e+03 1.657791901564710679e+00
6.554966339999999946e+03 1.689954054360046865e+00
6.555000430000000051e+03 1.673908134335872822e+00
6.555034520000000157e+03 1.688892875479073741e+00
6.555068610000000263e+03 1.682617721545611289e+00
6.555102700000000368e+03 1.693213942306399211e+00
6.555136789999999564e+03 1.711681566768935125e+00
6.555170879999999670e+03 1.706908195367961900e+00
6.555204969999999776e+03 1.697965481123078879e+00
6.555239059999999881e+03 1.705036019924544011e+00
6.555273149999999987e+03 1.713634256642784681e+00
6.555307240000000093e+03 1.731380639582773329e+00
6.555341330000000198e+03 1.731086080486319290e+00
6.555375430000000051e+03 1.725522631725159739e+00
6.555409520000000157e+03 1.744465738993410175e+00
6.555443610000000263e+03 1.762452802735150703e+00
6.555477700000000368e+03 1.766240396992260653e+00
6.555511789999999564e+03 1.759688783019971003e+00
6.555545879999999670e+03 1.776290933543811734e+00
6.555579980000000432e+03 1.805673489625963635e+00
6.555614069999999629e+03 1.805969446115720300e+00
6.555648159999999734e+03 1.807285993181682038e+00
6.555682249999999840e+03 1.802380229386450816e+00
6.555716349999999693e+03 1.777063778190534737e+00
6.555750439999999799e+03 1.818016661719477511e+00
6.555784529999999904e+03 1.823421236364389797e+00
6.555818629999999757e+03 1.834744134718399700e+00
6.555852719999999863e+03 1.862485401361554826e+00
6.555886809999999969e+03 1.867585366187822116e+00
6.555920909999999822e+03 1.858926502470975128e+00
6.555954999999999927e+03 1.863920947016064034e+00
6.555989099999999780e+03 1.868901916899458282e+00
6.556023189999999886e+03 1.873448169259640750e+00
6.556057289999999739e+03 1.874393649217209523e+00
6.556091379999999845e+03 1.915950363194140360e+00
6.556125479999999698e+03 1.939661195738443755e+00
6.556159569999999803e+03 1.941519516452698824e+00
6.556193669999999656e+03 1.937625502842337477e+00
6.556227759999999762e+03 1.941385764410432868e+00
6.556261859999999615e+03 1.960703479954032602e+00
6.556295949999999721e+03 1.979730518727919275e+00
6.556330049999999574e+03 1.983416808400499720e+00
6.556364150000000336e+03 1.986504055363088828e+00
6.556398240000000442e+03 1.993513005902552093e+00
6.556432340000000295e+03 2.020827783626931051e+00
6.556466440000000148e+03 2.011280197433892969e+00
6.556500530000000253e+03 2.009352522768013127e+00
6.556534630000000107e+03 2.020307687847890943e+00
6.556568729999999960e+03 2.023853862548482319e+00
6.556602829999999813e+03 2.041202898419251621e+00
6.556636919999999918e+03 2.082143094665741323e+00
6.556671019999999771e+03 2.101055148392500627e+00
6.556705119999999624e+03 2.093026820104173513e+00
6.556739220000000387e+03 2.118548719731155217e+00
6.556773320000000240e+03 2.150963064883595788e+00
6.556807410000000345e+03 2.141638131613009755e+00
6.556841510000000198e+03 2.145114134736140432e+00
6.556875610000000052e+03 2.164139407285047501e+00
6.556909709999999905e+03 2.191003845882917744e+00
6.556943809999999758e+03 2.205284475556044121e+00
6.556977909999999611e+03 2.203318997125725875e+00
6.557012010000000373e+03 2.224385725502321609e+00
6.557046110000000226e+03 2.253948244619575103e+00
6.557080210000000079e+03 2.250541267960774139e+00
6.557114309999999932e+03 2.260102876792343896e+00
6.557148409999999785e+03 2.284736271145493269e+00
6.557182509999999638e+03 2.296735965026801551e+00
6.557216610000000401e+03 2.306117833499322423e+00
6.557250710000000254e+03 2.333910519704147646e+00
6.557284810000000107e+03 2.365534972555833448e+00
6.557318919999999707e+03 2.358482794638103286e+00
6.557353019999999560e+03 2.374633907869383442e+00
6.557387120000000323e+03 2.391796579917001786e+00
6.557421220000000176e+03 2.395118871702966334e+00
6.557455320000000029e+03 2.424974969682819559e+00
6.557489419999999882e+03 2.426172646622377638e+00
6.557523530000000392e+03 2.473769140181933057e+00
6.557557630000000245e+03 2.455322942477437209e+00
6.557591730000000098e+03 2.473315069515527931e+00
6.557625839999999698e+03 2.484745899387277301e+00
6.557659939999999551e+03 2.508053805956871773e+00
6.557694040000000314e+03 2.483436737230675373e+00
6.557728140000000167e+03 2.428559993035535935e+00
6.557762249999999767e+03 2.296543888654236643e+00
6.557796349999999620e+03 2.152659215412922045e+00
6.557830460000000130e+03 2.219073979645679540e+00
6.557864559999999983e+03 2.451408597650220234e+00
6.557898659999999836e+03 2.605327718443549045e+00
6.557932770000000346e+03 2.636243120626426517e+00
6.557966870000000199e+03 2.677874750141686189e+00
6.558000979999999799e+03 2.714838329762670366e+00
6.558035079999999653e+03 2.740201854378491397e+00
6.558069190000000162e+03 2.749406119744692845e+00
6.558103290000000015e+03 2.785221077540188883e+00
6.558137399999999616e+03 2.831270712888060981e+00
6.558171510000000126e+03 2.847764512661277614e+00
6.558205609999999979e+03 2.854579625979162483e+00
6.558239719999999579e+03 2.881511343304792305e+00
6.558273820000000342e+03 2.932926798933862766e+00
6.558307929999999942e+03 2.954001203916583496e+00
6.558342040000000452e+03 2.950183218378901184e+00
6.558376140000000305e+03 2.985418946667078188e+00
6.558410249999999905e+03 3.009012430353043666e+00
6.558444360000000415e+03 3.027697679917005669e+00
6.558478460000000268e+03 3.060346597548202485e+00
6.558512569999999869e+03 3.104218897891467766e+00
6.558546680000000379e+03 3.115077028902526468e+00
6.558580789999999979e+03 3.109015426358613610e+00
6.558614899999999579e+03 3.146675889946048965e+00
6.558649000000000342e+03 3.164381842438378278e+00
6.558683109999999942e+03 3.183544691588660935e+00
6.558717220000000452e+03 3.107738102990953877e+00
6.558751330000000053e+03 3.063943564642008344e+00
6.558785439999999653e+03 3.081183595081391058e+00
6.558819550000000163e+03 3.164404063157448377e+00
6.558853659999999763e+03 3.311064524792025843e+00
6.558887770000000273e+03 3.377279948664724252e+00
6.558921879999999874e+03 3.401856183098828978e+00
6.558955990000000384e+03 3.467198372620833524e+00
6.558990099999999984e+03 3.483011937466723662e+00
6.559024209999999584e+03 3.509670732796069892e+00
6.559058320000000094e+03 3.561597721251389626e+00
6.559092429999999695e+03 3.620014536456371612e+00
6.559126540000000205e+03 3.641894296742010706e+00
6.559160649999999805e+03 3.679646221989941512e+00
6.559194760000000315e+03 3.663343770488870721e+00
6.559228869999999915e+03 3.661549413414131315e+00
6.559262980000000425e+03 3.668426369354196304e+00
6.559297090000000026e+03 3.722228470454774563e+00
6.559331210000000283e+03 3.794451803347455243e+00
6.559365319999999883e+03 3.812075351763767106e+00
6.559399430000000393e+03 3.868657942088017609e+00
6.559433539999999994e+03 3.932082596097269178e+00
6.559467649999999594e+03 3.967105561761790966e+00
6.559501769999999851e+03 3.983796602233167672e+00
6.559535880000000361e+03 4.018560060396359823e+00
6.559569989999999962e+03 4.065140353086501790e+00
6.559604110000000219e+03 4.108180855419242050e+00
6.559638219999999819e+03 4.139072592580824939e+00
6.559672330000000329e+03 4.186675468200363959e+00
6.559706449999999677e+03 4.229905477196759911e+00
6.559740560000000187e+03 4.227885350856162461e+00
6.559774669999999787e+03 4.234749262425829386e+00
6.559808790000000045e+03 4.299087518511185202e+00
6.559842899999999645e+03 4.342820954673352496e+00
6.559877019999999902e+03 4.391373880053406786e+00
6.559911130000000412e+03 4.392085038385507012e+00
6.559945249999999760e+03 4.408403022873927490e+00
6.559979360000000270e+03 4.432513473664180026e+00
6.560013479999999618e+03 4.479601788474292690e+00
6.560047590000000127e+03 4.538455492160476723e+00
6.560081710000000385e+03 4.578565186315993074e+00
6.560115819999999985e+03 4.597295749187882308e+00
6.560149940000000242e+03 4.630068267283191652e+00
6.560184059999999590e+03 4.682515671698211257e+00
6.560218170000000100e+03 4.695338677534786065e+00
6.560252290000000357e+03 4.717782286819149462e+00
6.560286409999999705e+03 4.790415704273353725e+00
6.560320520000000215e+03 4.793882479238203764e+00
6.560354639999999563e+03 4.817508225735020133e+00
6.560388759999999820e+03 4.860045235474647285e+00
6.560422870000000330e+03 4.895969744667446832e+00
6.560456989999999678e+03 4.939846234039248607e+00
6.560491109999999935e+03 4.965891107864487175e+00
6.560525230000000192e+03 4.950231839312469795e+00
6.560559350000000450e+03 4.941595845395113429e+00
6.560593460000000050e+03 4.971729761528899338e+00
6.560627580000000307e+03 5.012634101411351573e+00
6.560661699999999655e+03 4.995414911000948699e+00
6.560695819999999912e+03 4.993741136854533913e+00
6.560729940000000170e+03 5.019090731683147233e+00
6.560764060000000427e+03 5.006337276851810181e+00
6.560798179999999775e+03 5.035002092183607836e+00
6.560832300000000032e+03 5.066484003676214876e+00
6.560866420000000289e+03 5.080842160551728881e+00
6.560900539999999637e+03 5.066534879092844612e+00
6.560934659999999894e+03 5.058632389416853670e+00
6.560968780000000152e+03 5.105434394569350331e+00
6.561002900000000409e+03 5.099038724825128099e+00
6.561037019999999757e+03 5.060914850089591077e+00
6.561071140000000014e+03 4.909429608437331005e+00
6.561105260000000271e+03 4.739222602844895604e+00
6.561139379999999619e+03 4.794651594423572583e+00
6.561173499999999876e+03 5.018538281961569147e+00
6.561207620000000134e+03 5.242628124057667982e+00
6.561241750000000138e+03 5.301241888429649940e+00
6.561275870000000396e+03 5.262143539277045257e+00
6.561309989999999743e+03 5.262114099693805613e+00
6.561344110000000001e+03 5.301811934600044296e+00
6.561378230000000258e+03 5.334555541438232851e+00
6.561412360000000263e+03 5.352627195048614617e+00
6.561446479999999610e+03 5.397521056876835033e+00
6.561480599999999868e+03 5.410158543501588646e+00
6.561514729999999872e+03 5.449459659861439320e+00
6.561548850000000130e+03 5.467578294172693809e+00
6.561582970000000387e+03 5.497481243958276309e+00
6.561617100000000391e+03 5.512243316903711943e+00
6.561651219999999739e+03 5.497205498457304884e+00
6.561685339999999997e+03 5.447398529948324075e+00
6.561719470000000001e+03 5.360834123406318596e+00
6.561753590000000258e+03 5.356531135834096347e+00
6.561787720000000263e+03 5.524694314503434178e+00
6.561821839999999611e+03 5.680691407245891611e+00
6.561855969999999616e+03 5.738200480649237711e+00
6.561890089999999873e+03 5.790021407298526768e+00
6.561924219999999877e+03 5.864643409462972024e+00
6.561958340000000135e+03 5.909685980747737766e+00
6.561992470000000139e+03 5.962106332646643914e+00
6.562026590000000397e+03 5.964289512747061650e+00
6.562060720000000401e+03 5.983138162832712048e+00
6.562094850000000406e+03 6.020242083819907108e+00
6.562128969999999754e+03 6.040777432571021066e+00
6.562163099999999758e+03 6.058646568438899038e+00
6.562197229999999763e+03 6.069030726608774629e+00
6.562231350000000020e+03 6.090944356061267051e+00
6.562265480000000025e+03 6.119194380221245844e+00
6.562299610000000030e+03 6.075353202526982521e+00
6.562333730000000287e+03 6.047469330670455889e+00
6.562367860000000292e+03 6.087030786566114848e+00
6.562401990000000296e+03 6.075304850082059893e+00
6.562436120000000301e+03 6.079185937533790884e+00
6.562470250000000306e+03 6.072239562749707886e+00
6.562504369999999653e+03 6.054780930343460099e+00
6.562538499999999658e+03 6.049805933373065159e+00
6.562572629999999663e+03 6.031190368786727873e+00
6.562606759999999667e+03 6.010703929186369088e+00
6.562640889999999672e+03 6.008937772880871719e+00
6.562675019999999677e+03 5.977222058126782755e+00
6.562709149999999681e+03 5.978421756429183276e+00
6.562743279999999686e+03 5.926721698225698276e+00
6.562777409999999691e+03 5.955310989543360911e+00
6.562811539999999695e+03 5.915165103581326633e+00
6.562845669999999700e+03 5.862915187759149660e+00
6.562879799999999705e+03 5.874856420364356957e+00
6.562913929999999709e+03 5.850407969123478047e+00
6.562948059999999714e+03 5.807816061030284693e+00
6.562982189999999719e+03 5.796352750642574492e+00
6.563016319999999723e+03 5.718262424203489402e+00
6.563050449999999728e+03 5.600860735977066795e+00
6.563084579999999733e+03 5.588638987350638132e+00
6.563118709999999737e+03 5.620965546813894598e+00
6.563152839999999742e+03 5.624020117155517973e+00
6.563186980000000403e+03 5.667308223802859146e+00
6.563221110000000408e+03 5.659992375369646389e+00
6.563255240000000413e+03 5.658767270604120547e+00
6.563289370000000417e+03 5.642300537907082081e+00
6.563323500000000422e+03 5.628307382767996359e+00
6.563357640000000174e+03 5.616924903857885454e+00
6.563391770000000179e+03 5.615171385048938646e+00
6.563425900000000183e+03 5.617120026149461154e+00
6.563460039999999935e+03 5.590335884653961251e+00
6.563494169999999940e+03 5.579132482508142310e+00
6.563528299999999945e+03 5.569152745545511429e+00
6.563562439999999697e+03 5.547604331101615216e+00
6.563596569999999701e+03 5.535003645219667590e+00
6.563630710000000363e+03 5.549987644169036116e+00
6.563664840000000368e+03 5.573511272117946724e+00
6.563698970000000372e+03 5.589984258477084467e+00
6.563733110000000124e+03 5.583746224103818712e+00
6.563767240000000129e+03 5.549260867556633059e+00
6.563801379999999881e+03 5.534066455159726949e+00
6.563835509999999886e+03 5.535153706800284290e+00
6.563869649999999638e+03 5.511630857635282155e+00
6.563903779999999642e+03 5.499374513033751910e+00
6.563937920000000304e+03 5.507608530084437959e+00
6.563972060000000056e+03 5.520039257857138892e+00
6.564006190000000061e+03 5.498036342600187254e+00
6.564040329999999813e+03 5.483722529946894575e+00
6.564074459999999817e+03 5.383708099880733400e+00
6.564108599999999569e+03 5.210714772280684137e+00
6.564142740000000231e+03 5.105778878989077896e+00
6.564176870000000235e+03 5.166321578281446669e+00
6.564211009999999987e+03 5.349881259852762305e+00
6.564245149999999740e+03 5.480703061577187007e+00
6.564279290000000401e+03 5.515451625728563734e+00
6.564313420000000406e+03 5.525649844167524805e+00
6.564347560000000158e+03 5.497947577704048072e+00
6.564381699999999910e+03 5.537554926667754174e+00
6.564415839999999662e+03 5.517970649489949864e+00
6.564449980000000323e+03 5.491604175349792172e+00
6.564484120000000075e+03 5.487065536858289683e+00
6.564518250000000080e+03 5.481795331821330386e+00
6.564552389999999832e+03 5.491195200401513432e+00
6.564586529999999584e+03 5.464773777832113488e+00
6.564620670000000246e+03 5.366845185081659864e+00
6.564654809999999998e+03 5.201362138335380081e+00
6.564688949999999750e+03 5.115161829243233704e+00
6.564723090000000411e+03 5.162177761853918412e+00
6.564757230000000163e+03 5.080360934540133933e+00
6.564791369999999915e+03 4.727562308089923171e+00
6.564825509999999667e+03 4.419730709394536383e+00
6.564859650000000329e+03 4.559989917917437019e+00
6.564893790000000081e+03 4.971164596516038259e+00
6.564927929999999833e+03 5.220300173655899378e+00
6.564962069999999585e+03 5.316660358152854648e+00
6.564996210000000247e+03 5.339543443186562932e+00
6.565030359999999746e+03 5.332764386420421943e+00
6.565064500000000407e+03 5.343562246966409468e+00
6.565098640000000159e+03 5.344627710323639036e+00
6.565132779999999912e+03 5.306969645918326428e+00
6.565166919999999664e+03 5.289945227471742228e+00
6.565201070000000072e+03 5.298888280222847413e+00
6.565235209999999825e+03 5.268732003910833406e+00
6.565269349999999577e+03 5.247569895474245349e+00
6.565303490000000238e+03 5.165031257525037667e+00
6.565337639999999737e+03 5.148901505980319371e+00
6.565371780000000399e+03 5.096101028613738926e+00
6.565405920000000151e+03 5.066901868247607688e+00
6.565440069999999650e+03 5.043234839520584600e+00
6.565474210000000312e+03 5.065581152823997790e+00
6.565508350000000064e+03 5.042157163204220360e+00
6.565542499999999563e+03 5.022031596962185596e+00
6.565576640000000225e+03 5.050128375889698873e+00
6.565610789999999724e+03 5.029592453771706495e+00
6.565644930000000386e+03 4.972270579705788229e+00
6.565679079999999885e+03 4.957260940725420895e+00
6.565713219999999637e+03 4.970453001010066707e+00
6.565747370000000046e+03 4.970980378965808910e+00
6.565781509999999798e+03 4.921826373234537755e+00
6.565815660000000207e+03 4.907041887635207544e+00
6.565849799999999959e+03 4.886605753473502567e+00
6.565883950000000368e+03 4.864806625035444476e+00
6.565918090000000120e+03 4.820132317598373461e+00
6.565952239999999620e+03 4.835884079417559711e+00
6.565986390000000029e+03 4.860439084443068047e+00
6.566020529999999781e+03 4.854763129580492276e+00
6.566054680000000189e+03 4.849563866282113445e+00
6.566088829999999689e+03 4.833414504821162971e+00
6.566122970000000350e+03 4.830200013592142128e+00
6.566157119999999850e+03 4.811716034973606781e+00
6.566191270000000259e+03 4.771392974678928312e+00
6.566225419999999758e+03 4.787286035960947927e+00
6.566259560000000420e+03 4.837133862489804592e+00
6.566293709999999919e+03 4.861473597400403079e+00
6.566327860000000328e+03 4.866616736240723107e+00
6.566362009999999827e+03 4.860244109721414851e+00
6.566396160000000236e+03 4.873346451003819801e+00
6.566430309999999736e+03 4.890362405965388071e+00
6.566464450000000397e+03 4.886122959849592995e+00
6.566498599999999897e+03 4.879424328600220129e+00
6.566532750000000306e+03 4.893052977980286933e+00
6.566566899999999805e+03 4.903791054341954947e+00
6.566601050000000214e+03 4.899108104541096687e+00
6.566635199999999713e+03 4.940613528879879368e+00
6.566669350000000122e+03 4.918755689606579828e+00
6.566703499999999622e+03 4.919584176252852714e+00
6.566737650000000031e+03 4.924965146149489215e+00
6.566771800000000439e+03 4.889361168494068544e+00
6.566805949999999939e+03 4.886107747875596985e+00
6.566840100000000348e+03 4.853128693578047326e+00
6.566874249999999847e+03 4.823347092056638807e+00
6.566908410000000003e+03 4.804001267134150766e+00
6.566942560000000412e+03 4.768542945221443397e+00
6.566976709999999912e+03 4.754286204219096312e+00
6.567010860000000321e+03 4.738191447852191374e+00
6.567045009999999820e+03 4.689716622195646778e+00
6.567079160000000229e+03 4.699908220395222713e+00
6.567113320000000385e+03 4.637777557513639515e+00
6.567147469999999885e+03 4.583754879095081947e+00
6.567181620000000294e+03 4.521826853772460630e+00
6.567215769999999793e+03 4.495310336840336873e+00
6.567249929999999949e+03 4.489474867602520014e+00
6.567284080000000358e+03 4.502226048321074536e+00
6.567318229999999858e+03 4.475112669861885273e+00
6.567352390000000014e+03 4.443607140579318937e+00
6.567386540000000423e+03 4.412331637312061794e+00
6.567420689999999922e+03 4.386891970316941780e+00
6.567454850000000079e+03 4.360489045296034760e+00
6.567488999999999578e+03 4.299802636898453656e+00
6.567523159999999734e+03 4.266527421603538706e+00
6.567557310000000143e+03 4.223471125043117169e+00
6.567591470000000299e+03 4.243128709020782097e+00
6.567625619999999799e+03 4.225219394121269900e+00
6.567659779999999955e+03 4.157376891729760437e+00
6.567693930000000364e+03 4.121360560373448223e+00
6.567728089999999611e+03 4.093707273223592402e+00
6.567762240000000020e+03 4.053784961602232784e+00
6.567796400000000176e+03 4.010743602493367810e+00
6.567830549999999675e+03 3.969509764579543631e+00
6.567864709999999832e+03 3.933158766395332240e+00
6.567898869999999988e+03 3.904746123048547624e+00
6.567933020000000397e+03 3.854247268034774798e+00
6.567967179999999644e+03 3.789847425680584081e+00
6.568001339999999800e+03 3.779410428639313313e+00
6.568035490000000209e+03 3.759312274005611965e+00
6.568069650000000365e+03 3.702028518164008464e+00
6.568103809999999612e+03 3.687308346273733939e+00
6.568137969999999768e+03 3.612011009091351088e+00
6.568172120000000177e+03 3.586265675640021300e+00
6.568206280000000334e+03 3.552463884937484551e+00
6.568240439999999580e+03 3.526304864171260878e+00
6.568274599999999737e+03 3.469806515975924377e+00
6.568308759999999893e+03 3.435034040390533949e+00
6.568342910000000302e+03 3.416345026569799437e+00
6.568377069999999549e+03 3.377140684046549879e+00
6.568411229999999705e+03 3.334792869571222784e+00
6.568445389999999861e+03 3.304268179489885604e+00
6.568479550000000017e+03 3.302348474539989365e+00
6.568513710000000174e+03 3.257232261092643189e+00
6.568547870000000330e+03 3.261923910872418730e+00
6.568582029999999577e+03 3.225368270347240607e+00
6.568616189999999733e+03 3.178877732823392144e+00
6.568650349999999889e+03 3.162239178540469098e+00
6.568684510000000046e+03 3.133685670617119001e+00
6.568718670000000202e+03 3.104065980795450486e+00
6.568752830000000358e+03 3.069545191433178832e+00
6.568786989999999605e+03 3.053282875039804889e+00
6.568821149999999761e+03 3.038870536819120893e+00
6.568855319999999665e+03 3.008521343385504476e+00
6.568889479999999821e+03 2.968089493696253633e+00
6.568923639999999978e+03 2.927256370408118702e+00
6.568957800000000134e+03 2.924059454037558403e+00
6.568991960000000290e+03 2.926174661477936034e+00
6.569026120000000446e+03 2.880112653205946227e+00
6.569060290000000350e+03 2.861971898167283257e+00
6.569094449999999597e+03 2.869959989152014224e+00
6.569128609999999753e+03 2.823832038364150865e+00
6.569162769999999909e+03 2.772681992840058118e+00
6.569196939999999813e+03 2.745857505823409817e+00
6.569231099999999969e+03 2.716086297031542252e+00
6.569265260000000126e+03 2.703928043646554702e+00
6.569299430000000029e+03 2.662178493029702331e+00
6.569333590000000186e+03 2.598903479641999859e+00
6.569367760000000089e+03 2.563172477527932092e+00
6.569401920000000246e+03 2.526337308726569031e+00
6.569436080000000402e+03 2.482905914935802816e+00
6.569470250000000306e+03 2.455699168981400060e+00
6.569504409999999552e+03 2.462433951661998410e+00
6.569538580000000366e+03 2.491980805305350710e+00
6.569572739999999612e+03 2.524037473774613627e+00
6.569606910000000425e+03 2.495492394768672462e+00
6.569641069999999672e+03 2.501529080758442714e+00
6.569675239999999576e+03 2.456422190630942914e+00
6.569709410000000389e+03 2.423900048857666079e+00
6.569743569999999636e+03 2.425228262460722206e+00
6.569777740000000449e+03 2.428670624571798164e+00
6.569811899999999696e+03 2.424475720657508493e+00
6.569846069999999600e+03 2.401279949094142996e+00
6.569880240000000413e+03 2.384187034789777115e+00
6.569914399999999659e+03 2.383974615683755349e+00
6.569948569999999563e+03 2.336618096437049985e+00
6.569982740000000376e+03 2.286044733413757246e+00
6.570016899999999623e+03 2.283831938720858545e+00
6.570051070000000436e+03 2.254881883320849933e+00
6.570085240000000340e+03 2.238303494248978343e+00
6.570119410000000244e+03 2.246875034689788997e+00
6.570153580000000147e+03 2.244273419239152467e+00
6.570187740000000304e+03 2.243466830854679461e+00
6.570221910000000207e+03 2.222618286477070271e+00
6.570256080000000111e+03 2.213235260088596945e+00
6.570290250000000015e+03 2.203995835096745903e+00
6.570324419999999918e+03 2.188046524435383944e+00
6.570358589999999822e+03 2.177013773111241779e+00
6.570392759999999726e+03 2.159830799898514453e+00
6.570426929999999629e+03 2.139144365896816780e+00
6.570461100000000442e+03 2.126618632139609222e+00
6.570495270000000346e+03 2.120386984402954145e+00
6.570529440000000250e+03 2.101881407409566638e+00
6.570563610000000153e+03 2.068840614814117185e+00
6.570597780000000057e+03 2.079454855389232470e+00
6.570631949999999961e+03 2.066445128249194241e+00
6.570666119999999864e+03 2.036749481815486540e+00
6.570700289999999768e+03 2.036540781705307168e+00
6.570734459999999672e+03 2.036852100133691668e+00
6.570768629999999575e+03 2.023266633081739041e+00
6.570802800000000389e+03 2.032853394365387256e+00
6.570836970000000292e+03 2.027815693252663198e+00
6.570871149999999943e+03 1.995370616260279562e+00
6.570905319999999847e+03 1.987539668799120030e+00
6.570939489999999751e+03 1.982750683531842473e+00
6.570973659999999654e+03 1.959447015099659906e+00
6.571007829999999558e+03 1.952378126593753649e+00
6.571042010000000118e+03 1.931844988370359451e+00
6.571076180000000022e+03 1.939170806745303066e+00
6.571110349999999926e+03 1.916572897067012393e+00
6.571144529999999577e+03 1.917374912000749498e+00
6.571178700000000390e+03 1.882037105906736452e+00
6.571212870000000294e+03 1.856674917720993356e+00
6.571247049999999945e+03 1.841573341323033297e+00
6.571281219999999848e+03 1.837303255069885566e+00
6.571315389999999752e+03 1.834514703264177760e+00
6.571349570000000313e+03 1.835578829893256048e+00
6.571383740000000216e+03 1.845854936795331636e+00
6.571417919999999867e+03 1.844716425120408010e+00
6.571452089999999771e+03 1.831794042361919450e+00
6.571486270000000331e+03 1.824751208193824636e+00
6.571520440000000235e+03 1.804697835907443704e+00
6.571554619999999886e+03 1.787308788347791833e+00
6.571588789999999790e+03 1.786302065144591555e+00
6.571622970000000350e+03 1.771278804585853184e+00
6.571657140000000254e+03 1.758821950079379359e+00
6.571691319999999905e+03 1.773202294991976791e+00
6.571725499999999556e+03 1.768494157970405434e+00
6.571759670000000369e+03 1.783665720644209474e+00
6.571793850000000020e+03 1.762169972171660159e+00
6.571828029999999671e+03 1.760391377796265422e+00
6.571862199999999575e+03 1.747592835746136997e+00
6.571896380000000136e+03 1.723333707166830875e+00
6.571930559999999787e+03 1.728478439165648917e+00
6.571964740000000347e+03 1.727960727215503534e+00
6.571998910000000251e+03 1.722878412673883197e+00
6.572033089999999902e+03 1.718497612752614812e+00
6.572067269999999553e+03 1.702293823914565962e+00
6.572101450000000114e+03 1.698102159529918165e+00
6.572135629999999765e+03 1.687002885534995444e+00
6.572169799999999668e+03 1.684045432209394955e+00
6.572203980000000229e+03 1.665117899619456221e+00
6.572238159999999880e+03 1.667484496757202450e+00
6.572272340000000440e+03 1.680964557133686643e+00
6.572306520000000091e+03 1.676871613099509384e+00
6.572340699999999742e+03 1.651169661114924470e+00
6.572374880000000303e+03 1.648758994834283342e+00
6.572409059999999954e+03 1.649879482962315791e+00
6.572443239999999605e+03 1.632287370836698281e+00
6.572477420000000166e+03 1.622666563132560302e+00
6.572511599999999817e+03 1.614402780413165317e+00
6.572545780000000377e+03 1.591945668578381490e+00
6.572579960000000028e+03 1.576881848963782584e+00
6.572614139999999679e+03 1.550987586073871105e+00
6.572648320000000240e+03 1.456020410682083099e+00
6.572682499999999891e+03 1.331253262590441633e+00
6.572716680000000451e+03 1.268789100498987521e+00
6.572750869999999850e+03 1.326666161757958484e+00
6.572785050000000410e+03 1.435294981339504394e+00
6.572819230000000061e+03 1.499970377630722718e+00
6.572853409999999712e+03 1.545819210449358660e+00
6.572887590000000273e+03 1.561728834724800175e+00
6.572921779999999671e+03 1.560178287026144694e+00
6.572955960000000232e+03 1.562689219067786794e+00
6.572990139999999883e+03 1.564655044174254162e+00
6.573024320000000444e+03 1.564136063614839811e+00
6.573058509999999842e+03 1.562559676984549339e+00
6.573092690000000403e+03 1.552498308948233596e+00
6.573126870000000054e+03 1.542748894978736685e+00
6.573161060000000361e+03 1.551597381011455390e+00
6.573195240000000013e+03 1.539039902556768258e+00
6.573229430000000320e+03 1.517434728777260711e+00
6.573263609999999971e+03 1.537990653010790520e+00
6.573297789999999623e+03 1.507066480686719334e+00
6.573331979999999930e+03 1.538070045999163415e+00
6.573366159999999581e+03 1.522550878814694419e+00
6.573400349999999889e+03 1.512117133335702190e+00
6.573434530000000450e+03 1.508986326798141597e+00
6.573468719999999848e+03 1.506523643991288131e+00
6.573502900000000409e+03 1.497407700781532958e+00
6.573537089999999807e+03 1.493875533964436730e+00
6.573571280000000115e+03 1.499953504349448741e+00
6.573605459999999766e+03 1.487849307186766001e+00
6.573639650000000074e+03 1.473820034119360134e+00
6.573673829999999725e+03 1.477615747509596122e+00
6.573708020000000033e+03 1.465377081383726354e+00
6.573742210000000341e+03 1.474035427798907616e+00
6.573776389999999992e+03 1.473130407528631558e+00
6.573810580000000300e+03 1.457605995236658014e+00
6.573844769999999698e+03 1.482166441999541506e+00
6.573878960000000006e+03 1.475400853053110195e+00
6.573913139999999657e+03 1.478579907457985065e+00
6.573947329999999965e+03 1.453787353832143525e+00
6.573981520000000273e+03 1.451450504257997709e+00
6.574015709999999672e+03 1.452082541849380348e+00
6.574049899999999980e+03 1.436937835469662028e+00
6.574084079999999631e+03 1.433985936531929406e+00
6.574118269999999939e+03 1.430690680978360829e+00
6.574152460000000247e+03 1.424485540315848509e+00
6.574186649999999645e+03 1.428125475695058100e+00
6.574220839999999953e+03 1.420514421963208873e+00
6.574255030000000261e+03 1.417777277180680029e+00
6.574289219999999659e+03 1.426847738692672785e+00
6.574323409999999967e+03 1.434848424907603670e+00
6.574357600000000275e+03 1.429642180184436562e+00
6.574391789999999673e+03 1.417405520242742467e+00
6.574425979999999981e+03 1.427220110397890540e+00
6.574460170000000289e+03 1.428811585281752672e+00
6.574494359999999688e+03 1.417735818959664273e+00
6.574528549999999996e+03 1.403110108310825943e+00
6.574562740000000304e+03 1.408343332902450395e+00
6.574596929999999702e+03 1.411114311396391097e+00
6.574631120000000010e+03 1.402236590452631715e+00
6.574665320000000065e+03 1.400485635486073743e+00
6.574699510000000373e+03 1.401714781229554063e+00
6.574733699999999772e+03 1.389657384222046987e+00
6.574767890000000079e+03 1.377671942490217960e+00
6.574802080000000387e+03 1.374425572424517794e+00
6.574836280000000443e+03 1.370823117353382026e+00
6.574870469999999841e+03 1.378484898148725657e+00
6.574904660000000149e+03 1.368334190709807219e+00
6.574938849999999547e+03 1.396067572555300451e+00
6.574973049999999603e+03 1.385346979766095776e+00
6.575007239999999911e+03 1.370138775095288031e+00
6.575041430000000219e+03 1.381698232215606836e+00
6.575075630000000274e+03 1.359159980051429129e+00
6.575109819999999672e+03 1.362999716035373510e+00
6.575144019999999728e+03 1.358984080675856632e+00
6.575178210000000036e+03 1.368081791086467547e+00
6.575212400000000343e+03 1.370321506611589690e+00
6.575246600000000399e+03 1.340314432941460909e+00
6.575280789999999797e+03 1.330181016021514839e+00
6.575314989999999852e+03 1.336144665252857244e+00
6.575349180000000160e+03 1.314487047631119898e+00
6.575383380000000216e+03 1.275537337145952188e+00
6.575417569999999614e+03 1.187242835560147647e+00
6.575451769999999669e+03 1.039741274225325363e+00
6.575485959999999977e+03 9.566572727148001665e-01
6.575520160000000033e+03 1.021237384237859480e+00
6.575554360000000088e+03 1.148613589760368203e+00
6.575588550000000396e+03 1.245279303598738618e+00
6.575622750000000451e+03 1.302317149194642809e+00
6.575656949999999597e+03 1.313082829446225785e+00
6.575691139999999905e+03 1.312306908118523019e+00
6.575725339999999960e+03 1.313518110375893944e+00
6.575759540000000015e+03 1.323635289090256739e+00
6.575793730000000323e+03 1.324425409340926230e+00
6.575827930000000379e+03 1.316652960062691280e+00
6.575862130000000434e+03 1.317495000398510197e+00
6.575896329999999580e+03 1.319301270476541887e+00
6.575930529999999635e+03 1.321579854010480393e+00
6.575964719999999943e+03 1.321858687212992489e+00
6.575998919999999998e+03 1.323923518253870446e+00
6.576033120000000054e+03 1.334096290379888750e+00
6.576067320000000109e+03 1.302467551393136524e+00
6.576101520000000164e+03 1.313222704595391699e+00
6.576135720000000219e+03 1.304165004162055164e+00
6.576169920000000275e+03 1.302684396020701962e+00
6.576204120000000330e+03 1.302142020942958167e+00
6.576238320000000385e+03 1.301851999246788960e+00
6.576272520000000441e+03 1.280044081652105259e+00
6.576306719999999586e+03 1.285738929664309360e+00
6.576340919999999642e+03 1.310582375729723248e+00
6.576375119999999697e+03 1.308830139090513933e+00
6.576409319999999752e+03 1.294476668871195058e+00
6.576443519999999808e+03 1.298003435067872857e+00
6.576477719999999863e+03 1.283754604930987808e+00
6.576511919999999918e+03 1.269842951066083581e+00
6.576546119999999974e+03 1.288583116081643443e+00
6.576580320000000029e+03 1.283727218086045507e+00
6.576614520000000084e+03 1.259125607891822485e+00
6.576648729999999887e+03 1.268577047347582587e+00
6.576682929999999942e+03 1.274736064131101188e+00
6.576717129999999997e+03 1.281457368465504842e+00
6.576751330000000053e+03 1.278768819574833460e+00
6.576785539999999855e+03 1.285185667788301789e+00
6.576819739999999911e+03 1.285730472318207918e+00
6.576853939999999966e+03 1.256465029544019174e+00
6.576888140000000021e+03 1.278077634187563261e+00
6.576922349999999824e+03 1.271412940558241278e+00
6.576956549999999879e+03 1.259284989284556566e+00
6.576990749999999935e+03 1.257619203270737840e+00
6.577024959999999737e+03 1.259102196009327823e+00
6.577059159999999792e+03 1.243846447686072443e+00
6.577093369999999595e+03 1.247954589673792247e+00
6.577127569999999650e+03 1.250446272614557319e+00
6.577161769999999706e+03 1.243667373583661195e+00
6.577195980000000418e+03 1.253729017852234451e+00
6.577230179999999564e+03 1.251578902437167073e+00
6.577264390000000276e+03 1.249170333673788047e+00
6.577298590000000331e+03 1.254227825991651724e+00
6.577332800000000134e+03 1.248186661355965121e+00
6.577367009999999937e+03 1.260069459835717609e+00
6.577401209999999992e+03 1.262747655247838274e+00
6.577435419999999795e+03 1.243075786070138466e+00
6.577469619999999850e+03 1.262228651400239432e+00
6.577503829999999653e+03 1.250397397121330467e+00
6.577538040000000365e+03 1.238592678102356626e+00
6.577572240000000420e+03 1.249413852985121975e+00
6.577606450000000223e+03 1.257462060506605139e+00
6.577640660000000025e+03 1.253380398078757008e+00
6.577674860000000081e+03 1.249292520405361762e+00
6.577709069999999883e+03 1.245211330363492630e+00
6.577743279999999686e+03 1.241123914845778664e+00
6.577777490000000398e+03 1.244751617708659941e+00
6.577811690000000453e+03 1.242958184268534438e+00
6.577845900000000256e+03 1.248310711671288820e+00
6.577880110000000059e+03 1.240844673276062959e+00
6.577914319999999861e+03 1.237559092879897182e+00
6.577948529999999664e+03 1.250444186192188889e+00
6.577982740000000376e+03 1.244451671746112709e+00
6.578016940000000432e+03 1.232567932903717578e+00
6.578051150000000234e+03 1.240742799956709108e+00
6.578085360000000037e+03 1.240881335196919011e+00
6.578119569999999840e+03 1.231072221653271903e+00
6.578153779999999642e+03 1.227509838004036791e+00
6.578187990000000354e+03 1.232467257398800697e+00
6.578222200000000157e+03 1.222917595794782430e+00
6.578256409999999960e+03 1.217637726726257030e+00
6.578290619999999763e+03 1.217357098648782943e+00
6.578324829999999565e+03 1.203636584388194875e+00
6.578359040000000277e+03 1.215026344411519021e+00
6.578393250000000080e+03 1.228255979677544518e+00
6.578427469999999630e+03 1.223280226925332004e+00
6.578461680000000342e+03 1.217975432583941364e+00
6.578495890000000145e+03 1.215550968992486824e+00
6.578530099999999948e+03 1.216968719086826134e+00
6.578564309999999750e+03 1.214789793777010019e+00
6.578598519999999553e+03 1.204888550188659258e+00
6.578632740000000013e+03 1.205195921811247572e+00
6.578666949999999815e+03 1.222393541887693891e+00
6.578701159999999618e+03 1.204390238789607714e+00
6.578735370000000330e+03 1.215311513540380917e+00
6.578769589999999880e+03 1.212848941455937801e+00
6.578803799999999683e+03 1.213969476268198733e+00
6.578838010000000395e+03 1.210680780419631786e+00
6.578872229999999945e+03 1.190795430070985761e+00
6.578906439999999748e+03 1.184079875375247504e+00
6.578940649999999550e+03 1.204120797022009581e+00
6.578974870000000010e+03 1.195894802530374612e+00
6.579009079999999813e+03 1.193710849941427066e+00
6.579043289999999615e+03 1.201970352409210907e+00
6.579077510000000075e+03 1.194261475607630629e+00
6.579111719999999877e+03 1.181189701619591581e+00
6.579145940000000337e+03 1.185970183308458159e+00
6.579180150000000140e+03 1.194848512126941875e+00
6.579214369999999690e+03 1.197569645120701631e+00
6.579248580000000402e+03 1.196876809418647047e+00
6.579282799999999952e+03 1.178954059912086461e+00
6.579317020000000412e+03 1.183482249584868029e+00
6.579351230000000214e+03 1.204006653041220343e+00
6.579385449999999764e+03 1.191769994250637899e+00
6.579419659999999567e+03 1.183895886236597361e+00
6.579453880000000026e+03 1.178086936855558875e+00
6.579488099999999577e+03 1.198557498248354891e+00
6.579522310000000289e+03 1.187916029631401749e+00
6.579556529999999839e+03 1.186126858690361718e+00
6.579590750000000298e+03 1.187879656324441147e+00
6.579624960000000101e+03 1.189838804292183472e+00
6.579659179999999651e+03 1.180940607147100696e+00
6.579693400000000111e+03 1.183854569375172305e+00
6.579727619999999661e+03 1.182878567305246431e+00
6.579761840000000120e+03 1.161235048960098659e+00
6.579796049999999923e+03 1.152874096129030912e+00
6.579830270000000382e+03 1.154969359389945938e+00
6.579864489999999932e+03 1.156038952511859064e+00
6.579898710000000392e+03 1.168756837395424686e+00
6.579932929999999942e+03 1.171231988150339909e+00
6.579967150000000402e+03 1.172126884217255638e+00
6.580001369999999952e+03 1.188054928970692981e+00
6.580035590000000411e+03 1.176625127838909712e+00
6.580069809999999961e+03 1.181008633090757431e+00
6.580104030000000421e+03 1.160596669260935299e+00
6.580138249999999971e+03 1.178773735418038093e+00
6.580172470000000430e+03 1.168196700329025228e+00
6.580206689999999981e+03 1.165293553308091923e+00
6.580240910000000440e+03 1.151293658811219922e+00
6.580275129999999990e+03 1.157121434282653683e+00
6.580309350000000450e+03 1.164212597714586073e+00
6.580343570000000000e+03 1.167950710172152240e+00
6.580377789999999550e+03 1.165344560558231102e+00
6.580412010000000009e+03 1.151237086003762400e+00
6.580446229999999559e+03 1.149953169305937273e+00
6.580480450000000019e+03 1.152227873759535060e+00
6.580514680000000226e+03 1.155327583659127244e+00
6.580548899999999776e+03 1.155906632390806044e+00
6.580583120000000235e+03 1.156704814583443985e+00
6.580617339999999786e+03 1.161383381817563398e+00
6.580651569999999992e+03 1.166886720394032739e+00
6.580685790000000452e+03 1.171816099228261132e+00
6.580720010000000002e+03 1.154901933801254277e+00
6.580754229999999552e+03 1.149474010341387409e+00
6.580788459999999759e+03 1.163123497805027329e+00
6.580822680000000219e+03 1.150380822046139118e+00
6.580856910000000425e+03 1.161374321646749141e+00
6.580891129999999976e+03 1.167611221400510990e+00
6.580925350000000435e+03 1.172977790886097660e+00
6.580959579999999733e+03 1.160906471843577537e+00
6.580993800000000192e+03 1.163933806473372412e+00
6.581028030000000399e+03 1.152230734121409750e+00
6.581062249999999949e+03 1.150193568314054504e+00
6.581096480000000156e+03 1.159142328358630625e+00
6.581130699999999706e+03 1.155700482926518946e+00
6.581164929999999913e+03 1.156826858908220235e+00
6.581199150000000373e+03 1.166238539847082034e+00
6.581233379999999670e+03 1.156618370988227174e+00
6.581267600000000130e+03 1.142920749561942229e+00
6.581301830000000336e+03 1.148505352649848987e+00
6.581336059999999634e+03 1.133262667477807684e+00
6.581370280000000093e+03 1.079820949849057410e+00
6.581404510000000300e+03 1.029706183421967403e+00
6.581438739999999598e+03 1.028188504133925596e+00
6.581472960000000057e+03 1.088487602349507144e+00
6.581507190000000264e+03 1.128848117533758799e+00
6.581541419999999562e+03 1.121125143164076743e+00
6.581575640000000021e+03 1.127874861242776472e+00
6.581609870000000228e+03 1.132105942089474349e+00
6.581644100000000435e+03 1.125600762777236863e+00
6.581678329999999733e+03 1.135969114553891490e+00
6.581712559999999939e+03 1.117002895739968471e+00
6.581746780000000399e+03 1.131266964330198022e+00
6.581781009999999696e+03 1.139225853229351992e+00
6.581815239999999903e+03 1.147834661720955163e+00
6.581849470000000110e+03 1.132701616788617693e+00
6.581883700000000317e+03 1.147227577619627903e+00
6.581917929999999615e+03 1.130041434419866153e+00
6.581952159999999822e+03 1.131863177528523057e+00
6.581986390000000029e+03 1.140561095572973471e+00
6.582020620000000235e+03 1.136233874051618464e+00
6.582054850000000442e+03 1.146972039963361389e+00
6.582089079999999740e+03 1.146365993650202419e+00
6.582123309999999947e+03 1.146873708164720895e+00
6.582157540000000154e+03 1.149351279485215871e+00
6.582191770000000361e+03 1.139990420159834983e+00
6.582225999999999658e+03 1.143349938678550837e+00
6.582260229999999865e+03 1.122873128656709518e+00
6.582294460000000072e+03 1.132502384166966802e+00
6.582328690000000279e+03 1.135559307414461871e+00
6.582362919999999576e+03 1.117781354023404505e+00
6.582397160000000440e+03 1.139973448956136837e+00
6.582431389999999737e+03 1.133465919773658293e+00
6.582465619999999944e+03 1.124332932396428397e+00
6.582499850000000151e+03 1.138471892463749136e+00
6.582534080000000358e+03 1.138381157859733595e+00
6.582568320000000313e+03 1.133084253497911087e+00
6.582602549999999610e+03 1.136410730275107639e+00
6.582636779999999817e+03 1.137214519384345257e+00
6.582671019999999771e+03 1.138442946282603785e+00
6.582705249999999978e+03 1.129350265498169303e+00
6.582739480000000185e+03 1.121795926135432220e+00
6.582773720000000139e+03 1.123835400067891177e+00
6.582807950000000346e+03 1.111166616113971051e+00
6.582842179999999644e+03 1.128924124861295564e+00
6.582876419999999598e+03 1.140530040322780492e+00
6.582910649999999805e+03 1.123911729169818408e+00
6.582944889999999759e+03 1.121994387445685915e+00
6.582979119999999966e+03 1.117838452350548684e+00
6.583013359999999921e+03 1.111656384227454275e+00
6.583047590000000127e+03 1.115509714813395892e+00
6.583081830000000082e+03 1.128149647361402996e+00
6.583116060000000289e+03 1.126425439510329918e+00
6.583150300000000243e+03 1.118925244156348642e+00
6.583184530000000450e+03 1.133538610642842004e+00
6.583218770000000404e+03 1.133364447668199437e+00
6.583253010000000359e+03 1.125375898943565600e+00
6.583287239999999656e+03 1.120333408607939729e+00
6.583321479999999610e+03 1.124288491404852541e+00
6.583355719999999565e+03 1.118796140310302167e+00
6.583389949999999772e+03 1.109117624973709360e+00
6.583424189999999726e+03 1.106236881477148160e+00
6.583458429999999680e+03 1.107156723450661406e+00
6.583492659999999887e+03 1.102925847750388710e+00
6.583526899999999841e+03 1.126736957078035228e+00
6.583561139999999796e+03 1.125154884632691310e+00
6.583595379999999750e+03 1.122036193345474775e+00
6.583629619999999704e+03 1.125585139285614877e+00
6.583663849999999911e+03 1.121566511717925874e+00
6.583698089999999866e+03 1.125629602237277371e+00
6.583732329999999820e+03 1.123880635305268827e+00
6.583766569999999774e+03 1.122106053830070005e+00
6.583800809999999728e+03 1.124118042267160611e+00
6.583835049999999683e+03 1.104054608253166370e+00
6.583869289999999637e+03 1.089192798342451196e+00
6.583903529999999591e+03 1.089000728547223185e+00
6.583937769999999546e+03 1.082464335168004332e+00
6.583972010000000409e+03 1.092749641091131485e+00
6.584006250000000364e+03 1.107000138877112017e+00
6.584040490000000318e+03 1.101453602523999376e+00
6.584074730000000272e+03 1.116538559399558261e+00
6.584108970000000227e+03 1.095033896622471303e+00
6.584143210000000181e+03 1.068453310627743624e+00
6.584177450000000135e+03 1.066989415060022539e+00
6.584211690000000090e+03 1.101365730035514856e+00
6.584245930000000044e+03 1.107503203328874530e+00
6.584280169999999998e+03 1.115156870253941168e+00
6.584314419999999700e+03 1.106494824275533251e+00
6.584348659999999654e+03 1.113556917239301614e+00
6.584382899999999609e+03 1.119288526821589524e+00
6.584417139999999563e+03 1.106990395724885445e+00
6.584451380000000427e+03 1.110672250505598591e+00
6.584485630000000128e+03 1.122230856438866109e+00
6.584519870000000083e+03 1.118170234582535283e+00
6.584554110000000037e+03 1.117759000488553145e+00
6.584588359999999739e+03 1.112632284328541887e+00
6.584622599999999693e+03 1.110146217657920653e+00
6.584656839999999647e+03 1.111148532684118617e+00
6.584691090000000258e+03 1.112799587217010666e+00
6.584725330000000213e+03 1.117386160604574519e+00
6.584759570000000167e+03 1.108406127819851372e+00
6.584793819999999869e+03 1.113622035017284961e+00
6.584828059999999823e+03 1.116705186211455203e+00
6.584862310000000434e+03 1.112703688717012085e+00
6.584896550000000389e+03 1.114662713220812007e+00
6.584930800000000090e+03 1.112357053582355260e+00
6.584965040000000045e+03 1.107591776570566733e+00
6.584999289999999746e+03 1.115163740637658663e+00
6.585033529999999701e+03 1.125593058837083715e+00
6.585067780000000312e+03 1.103559599071457065e+00
6.585102020000000266e+03 1.111297996688214385e+00
6.585136269999999968e+03 1.115908705977733062e+00
6.585170509999999922e+03 1.121315393033948560e+00
6.585204759999999624e+03 1.111561649023311338e+00
6.585239010000000235e+03 1.111125148849647637e+00
6.585273250000000189e+03 1.117154313316369940e+00
6.585307499999999891e+03 1.121334017302184183e+00
6.585341749999999593e+03 1.103844914566119551e+00
6.585376000000000204e+03 1.102086139624674832e+00
6.585410240000000158e+03 1.106554823260831544e+00
6.585444489999999860e+03 1.100315077787600515e+00
6.585478739999999561e+03 1.097901759311616265e+00
6.585512990000000173e+03 1.097696850693532067e+00
6.585547230000000127e+03 1.107980948681074773e+00
6.585581479999999829e+03 1.111165006138291389e+00
6.585615730000000440e+03 1.103289221636991835e+00
6.585649980000000141e+03 1.102814598159541637e+00
6.585684229999999843e+03 1.097340014437928168e+00
6.585718480000000454e+03 1.097167248762505043e+00
6.585752730000000156e+03 1.096519553623422016e+00
6.585786979999999858e+03 1.088677412543642697e+00
6.585821229999999559e+03 1.074103522904246599e+00
6.585855470000000423e+03 1.072936734729296626e+00
6.585889720000000125e+03 1.088904360542695127e+00
6.585923969999999827e+03 1.093198222608523951e+00
6.585958220000000438e+03 1.088456712044691743e+00
6.585992479999999887e+03 1.093366344426872194e+00
6.586026729999999588e+03 1.078095422516329727e+00
6.586060980000000200e+03 1.093990023257584765e+00
6.586095229999999901e+03 1.099964180402058567e+00
6.586129479999999603e+03 1.106226717141084670e+00
6.586163730000000214e+03 1.087088402789830655e+00
6.586197979999999916e+03 1.089937796628495104e+00
6.586232229999999618e+03 1.086525482381203833e+00
6.586266480000000229e+03 1.074908154472944632e+00
6.586300739999999678e+03 1.070418714717664033e+00
6.586334990000000289e+03 1.052682642959813064e+00
6.586369239999999991e+03 1.052588232802011081e+00
6.586403489999999692e+03 1.056336170147435638e+00
6.586437750000000051e+03 1.073117964238289757e+00
6.586471999999999753e+03 1.082137589401767075e+00
6.586506250000000364e+03 1.080188685511822122e+00
6.586540509999999813e+03 1.082184406557467282e+00
6.586574760000000424e+03 1.088368150066484574e+00
6.586609010000000126e+03 1.091517958223117590e+00
6.586643269999999575e+03 1.083514840924272304e+00
6.586677520000000186e+03 1.081771397367356613e+00
6.586711769999999888e+03 1.080688586338738766e+00
6.586746030000000246e+03 1.074687248656620353e+00
6.586780279999999948e+03 1.070552321816976571e+00
6.586814540000000306e+03 1.077305848550085932e+00
6.586848790000000008e+03 1.087329217035871043e+00
6.586883050000000367e+03 1.095466868276719907e+00
6.586917300000000068e+03 1.083163149132154501e+00
6.586951560000000427e+03 1.066634854000538368e+00
6.586985810000000129e+03 1.056993426664176283e+00
6.587020069999999578e+03 1.071894911121602734e+00
6.587054329999999936e+03 1.046918545144336576e+00
6.587088579999999638e+03 1.000678641245142719e+00
6.587122839999999997e+03 9.556850666798372140e-01
6.587157089999999698e+03 9.498111987655242228e-01
6.587191350000000057e+03 1.004560391894402160e+00
6.587225610000000415e+03 1.042479739010250928e+00
6.587259869999999864e+03 1.023771081338525013e+00
6.587294119999999566e+03 1.029561773993417306e+00
6.587328379999999925e+03 1.013085109777148496e+00
6.587362640000000283e+03 1.031829235406419354e+00
6.587396899999999732e+03 1.070626828533173258e+00
6.587431150000000343e+03 1.076614191009163113e+00
6.587465409999999792e+03 1.071276705612469238e+00
6.587499670000000151e+03 1.075584617519480535e+00
6.587533929999999600e+03 1.071106209245916707e+00
6.587568189999999959e+03 1.058015262921318644e+00
6.587602450000000317e+03 1.064668565888394758e+00
6.587636700000000019e+03 1.080446433149618191e+00
6.587670960000000377e+03 1.082209575226964038e+00
6.587705219999999827e+03 1.081435208933893000e+00
6.587739480000000185e+03 1.080218775863487357e+00
6.587773739999999634e+03 1.072889919489605104e+00
6.587807999999999993e+03 1.071090760949660048e+00
6.587842260000000351e+03 1.078921212603047852e+00
6.587876519999999800e+03 1.076705550409964962e+00
6.587910780000000159e+03 1.067948989682540928e+00
6.587945039999999608e+03 1.077104962176887337e+00
6.587979299999999967e+03 1.080072095370049556e+00
6.588013560000000325e+03 1.079112218402382917e+00
6.588047830000000431e+03 1.113025310094779341e+00
6.588082089999999880e+03 1.086141201621817265e+00
6.588116350000000239e+03 1.069193390313866399e+00
6.588150609999999688e+03 1.081121201991398051e+00
6.588184870000000046e+03 1.075735565346803257e+00
6.588219130000000405e+03 1.075115434455964580e+00
6.588253399999999601e+03 1.082770138038591901e+00
6.588287659999999960e+03 1.091109688978158854e+00
6.588321920000000318e+03 1.069636826926846362e+00
6.588356179999999767e+03 1.064969552116026286e+00
6.588390449999999873e+03 1.067961618197557083e+00
6.588424710000000232e+03 1.063973454935952745e+00
6.588458969999999681e+03 1.075008241651487895e+00
6.588493239999999787e+03 1.070616684232895022e+00
6.588527500000000146e+03 1.058964182697567979e+00
6.588561759999999595e+03 1.049822324303276044e+00
6.588596029999999701e+03 1.065517488142931901e+00
6.588630290000000059e+03 1.076883583413627221e+00
6.588664560000000165e+03 1.075168824031923709e+00
6.588698819999999614e+03 1.073595021824645723e+00
6.588733079999999973e+03 1.069863810166701068e+00
6.588767350000000079e+03 1.061017691447840638e+00
6.588801610000000437e+03 1.061102473484971886e+00
6.588835879999999634e+03 1.066487704672193670e+00
6.588870139999999992e+03 1.064792751924600989e+00
6.588904410000000098e+03 1.065972007402449018e+00
6.588938680000000204e+03 1.065819792576565561e+00
6.588972939999999653e+03 1.072606052218392669e+00
6.589007209999999759e+03 1.067518787958169568e+00
6.589041470000000118e+03 1.064838383675977829e+00
6.589075740000000224e+03 1.071188862052202317e+00
6.589110010000000329e+03 1.072758134329194979e+00
6.589144269999999779e+03 1.045367904396116154e+00
6.589178539999999884e+03 1.045133115469165208e+00
6.589212809999999990e+03 1.037263730825357388e+00
6.589247080000000096e+03 1.047914433176025062e+00
6.589281339999999545e+03 1.058257374553805086e+00
6.589315609999999651e+03 1.062834256095720686e+00
6.589349879999999757e+03 1.064864164392955947e+00
6.589384149999999863e+03 1.068474407133182424e+00
6.589418410000000222e+03 1.059121286758906599e+00
6.589452680000000328e+03 1.054324226518402741e+00
6.589486950000000434e+03 1.066130345172507710e+00
6.589521219999999630e+03 1.063918091518121889e+00
6.589555489999999736e+03 1.063350165724954666e+00
6.589589759999999842e+03 1.059743466921218902e+00
6.589624029999999948e+03 1.068106326978014220e+00
6.589658300000000054e+03 1.071159098950308808e+00
6.589692570000000160e+03 1.070898083491341746e+00
6.589726840000000266e+03 1.073131816070116429e+00
6.589761110000000372e+03 1.076900596820982825e+00
6.589795379999999568e+03 1.076268448841878334e+00
6.589829649999999674e+03 1.073365685753943755e+00
6.589863919999999780e+03 1.068806520613765576e+00
6.589898189999999886e+03 1.054609094902998478e+00
6.589932459999999992e+03 1.059625018336285640e+00
6.589966730000000098e+03 1.061890603127540800e+00
6.590001000000000204e+03 1.054198600918276885e+00
6.590035270000000310e+03 1.056931053720235436e+00
6.590069540000000416e+03 1.067420384304009984e+00
6.590103820000000269e+03 1.071795738879894433e+00
6.590138090000000375e+03 1.060395495751591755e+00
6.590172359999999571e+03 1.051029315090298732e+00
6.590206629999999677e+03 1.042904143158593477e+00
6.590240910000000440e+03 1.052196685239670915e+00
6.590275179999999636e+03 1.062473351010435829e+00
6.590309449999999742e+03 1.063274062458630986e+00
6.590343719999999848e+03 1.052361926961643324e+00
6.590377999999999702e+03 1.062708021202928732e+00
6.590412269999999808e+03 1.071698197307076272e+00
6.590446539999999914e+03 1.064417926310350149e+00
6.590480819999999767e+03 1.062149954103237315e+00
6.590515089999999873e+03 1.047212118629526234e+00
6.590549369999999726e+03 1.058176935558657217e+00
6.590583639999999832e+03 1.067760424516615014e+00
6.590617909999999938e+03 1.055374114506351324e+00
6.590652189999999791e+03 1.070000256454967102e+00
6.590686459999999897e+03 1.064594238904926105e+00
6.590720739999999751e+03 1.052950482314940484e+00
6.590755009999999857e+03 1.049309248666976613e+00
6.590789289999999710e+03 1.045629868569333709e+00
6.590823569999999563e+03 1.055256521752844234e+00
6.590857839999999669e+03 1.060894834054595615e+00
6.590892120000000432e+03 1.050939949006633345e+00
6.590926389999999628e+03 1.063843873217160674e+00
6.590960670000000391e+03 1.051978818693212192e+00
6.590994950000000244e+03 1.054236276081154333e+00
6.591029220000000350e+03 1.053030348869334443e+00
6.591063500000000204e+03 1.045581839930726620e+00
6.591097780000000057e+03 1.051781558584565568e+00
6.591132050000000163e+03 1.053757645259467246e+00
6.591166330000000016e+03 1.041728804337830327e+00
6.591200609999999870e+03 1.030154262640930130e+00
6.591234889999999723e+03 1.041752153701676953e+00
6.591269159999999829e+03 1.050480950395070057e+00
6.591303439999999682e+03 1.053210604368184367e+00
6.591337720000000445e+03 1.054790237012972476e+00
6.591372000000000298e+03 1.044481794332697167e+00
6.591406280000000152e+03 1.043276517846819962e+00
6.591440560000000005e+03 1.047507148878581651e+00
6.591474830000000111e+03 1.043766063222708596e+00
6.591509109999999964e+03 1.045722586358423634e+00
6.591543389999999818e+03 1.045481855521488423e+00
6.591577669999999671e+03 1.041568695505113551e+00
6.591611950000000434e+03 1.040798003483561995e+00
6.591646230000000287e+03 1.047001404253094847e+00
6.591680510000000140e+03 1.052182640268514380e+00
6.591714789999999994e+03 1.028504678098469682e+00
6.591749069999999847e+03 1.020671596034907980e+00
6.591783349999999700e+03 1.032226129191170738e+00
6.591817629999999554e+03 1.040861791852284002e+00
6.591851910000000316e+03 1.035972695511776287e+00
6.591886190000000170e+03 1.035227881189644483e+00
6.591920479999999770e+03 1.025614296828754934e+00
6.591954759999999624e+03 1.040110447462481824e+00
6.591989040000000386e+03 1.033472535233834089e+00
6.592023320000000240e+03 1.024791969723313878e+00
6.592057600000000093e+03 1.033560184376163260e+00
6.592091879999999946e+03 1.038708104267724641e+00
6.592126169999999547e+03 1.045930498218692106e+00
6.592160450000000310e+03 1.031160474442912367e+00
6.592194730000000163e+03 1.030792620221929967e+00
6.592229019999999764e+03 1.024915919227312067e+00
6.592263299999999617e+03 1.046391574890199072e+00
6.592297580000000380e+03 1.032523234949985991e+00
6.592331860000000233e+03 1.042118988328612827e+00
6.592366149999999834e+03 1.039912660674141787e+00
6.592400429999999687e+03 1.043444307573204721e+00
6.592434720000000198e+03 1.052349628435194973e+00
6.592469000000000051e+03 1.045126872829930997e+00
6.592503279999999904e+03 1.031675776112940923e+00
6.592537570000000414e+03 1.039585118005202480e+00
6.592571850000000268e+03 1.044430869166310227e+00
6.592606139999999868e+03 1.039436257612443626e+00
6.592640419999999722e+03 1.040874180165782814e+00
6.592674710000000232e+03 1.032555451606540053e+00
6.592708990000000085e+03 1.034433765672259309e+00
6.592743279999999686e+03 1.033121642592670586e+00
6.592777560000000449e+03 1.023221504968254258e+00
6.592811850000000049e+03 1.040367918459038421e+00
6.592846139999999650e+03 1.039617186457423959e+00
6.592880420000000413e+03 1.036563358062901230e+00
6.592914710000000014e+03 1.030000844942837501e+00
6.592948999999999614e+03 1.032835779134457566e+00
6.592983280000000377e+03 1.035957631051833472e+00
6.593017569999999978e+03 1.038007593214796298e+00
6.593051859999999579e+03 1.038564752375789269e+00
6.593086140000000341e+03 1.026530105481980870e+00
6.593120429999999942e+03 1.029734694123594974e+00
6.593154720000000452e+03 1.037646396125622372e+00
6.593189010000000053e+03 1.036449478043235617e+00
6.593223289999999906e+03 1.034506401052519786e+00
6.593257580000000416e+03 1.037283075133841326e+00
6.593291870000000017e+03 1.043363249728540332e+00
6.593326159999999618e+03 1.039436718612982702e+00
6.593360450000000128e+03 1.032296224819377439e+00
6.593394739999999729e+03 1.034269120493389149e+00
6.593429030000000239e+03 1.027543687574199671e+00
6.593463319999999840e+03 1.028611099519175731e+00
6.593497610000000350e+03 1.039256142766525226e+00
6.593531890000000203e+03 1.033984982183856483e+00
6.593566179999999804e+03 1.044999085855440546e+00
6.593600470000000314e+03 1.017915488070767482e+00
6.593634759999999915e+03 1.017414552248421256e+00
6.593669060000000172e+03 9.987556030404314278e-01
6.593703349999999773e+03 1.013837043313821740e+00
6.593737640000000283e+03 1.021018563030778425e+00
6.593771929999999884e+03 1.028263423580880964e+00
6.593806220000000394e+03 1.040397482853199884e+00
6.593840509999999995e+03 1.018706147329300649e+00
6.593874799999999595e+03 1.023712960792364735e+00
6.593909090000000106e+03 1.037803061433432150e+00
6.593943379999999706e+03 1.023246452867539791e+00
6.593977679999999964e+03 1.019628577654762891e+00
6.594011969999999565e+03 1.022741746433505794e+00
6.594046260000000075e+03 1.015860762419896313e+00
6.594080549999999675e+03 1.018884631528312434e+00
6.594114849999999933e+03 1.036968530589738480e+00
6.594149140000000443e+03 1.020547107243644058e+00
6.594183430000000044e+03 1.025731022925887359e+00
6.594217719999999645e+03 1.026950762360399061e+00
6.594252019999999902e+03 1.035008239194485258e+00
6.594286310000000412e+03 1.045295615264918432e+00
6.594320609999999760e+03 1.039460600795840683e+00
6.594354900000000271e+03 1.029898268782259763e+00
6.594389189999999871e+03 1.045295161143301010e+00
6.594423490000000129e+03 1.060684792619575045e+00
6.594457779999999730e+03 1.076073552912944375e+00
6.594492079999999987e+03 1.091467795624114112e+00
6.594526369999999588e+03 1.092761795969664274e+00
6.594560669999999845e+03 1.089302965731042461e+00
6.594594960000000356e+03 1.062119508928790257e+00
6.594629259999999704e+03 1.048653522800278237e+00
6.594663550000000214e+03 1.031391539720804662e+00
6.594697849999999562e+03 1.028864915568009186e+00
6.594732140000000072e+03 1.031752999380263436e+00
6.594766440000000330e+03 1.015180918361053841e+00
6.594800739999999678e+03 1.021725427709929468e+00
6.594835030000000188e+03 1.033352447135397867e+00
6.594869330000000446e+03 1.030577723898736808e+00
6.594903629999999794e+03 1.017109349311092092e+00
6.594937920000000304e+03 9.981007472020548832e-01
6.594972219999999652e+03 9.834176318223979418e-01
6.595006519999999909e+03 9.771164441445836513e-01
6.595040810000000420e+03 9.871060589405297181e-01
6.595075109999999768e+03 1.021714726533327289e+00
6.595109410000000025e+03 1.037140812641407672e+00
6.595143710000000283e+03 1.031284561485099838e+00
6.595178009999999631e+03 1.032458583851984635e+00
6.595212300000000141e+03 1.029296269152796262e+00
6.595246600000000399e+03 1.022606623387289693e+00
6.595280899999999747e+03 1.026696948873637050e+00
6.595315200000000004e+03 1.026648509832896572e+00
6.595349500000000262e+03 1.029344159391743840e+00
6.595383799999999610e+03 1.039157521024077990e+00
6.595418099999999868e+03 1.031812807467043624e+00
6.595452400000000125e+03 1.034934616674728192e+00
6.595486700000000383e+03 1.033880111580382399e+00
6.595520999999999731e+03 1.026752618208936152e+00
6.595555299999999988e+03 1.028734844638031332e+00
6.595589600000000246e+03 1.034128873973472418e+00
6.595623899999999594e+03 1.037644821768024750e+00
6.595658199999999852e+03 1.043305624752753014e+00
6.595692500000000109e+03 1.032519022571815048e+00
6.595726800000000367e+03 1.041202922822486832e+00
6.595761099999999715e+03 1.035114076230660984e+00
6.595795399999999972e+03 1.024220437138755768e+00
6.595829709999999977e+03 1.026622314403998537e+00
6.595864010000000235e+03 1.043807775944208149e+00
6.595898309999999583e+03 1.031037477772574817e+00
6.595932609999999841e+03 1.021513394603546176e+00
6.595966910000000098e+03 1.021318769034560869e+00
6.596001220000000103e+03 1.022415902805029475e+00
6.596035520000000361e+03 1.017875229835281115e+00
6.596069819999999709e+03 1.027886929008657191e+00
6.596104119999999966e+03 1.031637072522620935e+00
6.596138429999999971e+03 1.018538810618816903e+00
6.596172730000000229e+03 1.024108660429589479e+00
6.596207029999999577e+03 1.037758241242062507e+00
6.596241339999999582e+03 1.042112061739673523e+00
6.596275639999999839e+03 1.044601611409892605e+00
6.596309949999999844e+03 1.049966497839655677e+00
6.596344250000000102e+03 1.014172073700516208e+00
6.596378550000000359e+03 1.037088454680723748e+00
6.596412860000000364e+03 1.025068063904092996e+00
6.596447159999999712e+03 1.030502874689261938e+00
6.596481469999999717e+03 1.029741956943486247e+00
6.596515769999999975e+03 1.046281946534986851e+00
6.596550079999999980e+03 1.035973620826182273e+00
6.596584380000000237e+03 1.032751205694750318e+00
6.596618690000000242e+03 1.052482436177019975e+00
6.596653000000000247e+03 1.036959712907021380e+00
6.596687299999999595e+03 1.025330021324747820e+00
6.596721609999999600e+03 1.027323075086498783e+00
6.596755909999999858e+03 1.027999640730574482e+00
6.596790219999999863e+03 1.024351933086535160e+00
6.596824529999999868e+03 1.030942382662956014e+00
6.596858830000000125e+03 1.029603049691101724e+00
6.596893140000000130e+03 1.033541432160952400e+00
6.596927450000000135e+03 1.017463252138754548e+00
6.596961760000000140e+03 1.024568164049800778e+00
6.596996060000000398e+03 1.037528458715539115e+00
6.597030370000000403e+03 1.020122743418698130e+00
6.597064680000000408e+03 1.026820078052640195e+00
6.597098990000000413e+03 1.042646432941254142e+00
6.597133300000000418e+03 1.027816785067471761e+00
6.597167599999999766e+03 1.038359417009574015e+00
6.597201909999999771e+03 1.021585502401763268e+00
6.597236219999999776e+03 1.010698939202185676e+00
6.597270529999999781e+03 1.028678388768756280e+00
6.597304839999999786e+03 1.022190896956792328e+00
6.597339149999999790e+03 1.032852945496559816e+00
6.597373459999999795e+03 1.034037483035936900e+00
6.597407769999999800e+03 1.031122403873679927e+00
6.597442079999999805e+03 1.027590987316789217e+00
6.597476389999999810e+03 1.036662783085843476e+00
6.597510699999999815e+03 1.022193859406891114e+00
6.597545009999999820e+03 1.026645086751132085e+00
6.597579319999999825e+03 1.023241300601587911e+00
6.597613629999999830e+03 1.014537803696711871e+00
6.597647939999999835e+03 1.014127583563643853e+00
6.597682249999999840e+03 1.010724445807901217e+00
6.597716569999999592e+03 1.016153912770807022e+00
6.597750879999999597e+03 1.019117696515206228e+00
6.597785189999999602e+03 1.019380905496567680e+00
6.597819499999999607e+03 1.022204646397058880e+00
6.597853809999999612e+03 1.019640430017334731e+00
6.597888119999999617e+03 1.016294897613244430e+00
6.597922440000000279e+03 1.015058800324469601e+00
6.597956750000000284e+03 1.021459075459262067e+00
6.597991060000000289e+03 1.017338734836030545e+00
6.598025380000000041e+03 1.010747448844795393e+00
6.598059690000000046e+03 1.007650392549206408e+00
6.598094000000000051e+03 1.014958522690480036e+00
6.598128319999999803e+03 1.023403250497307182e+00
6.598162629999999808e+03 1.016304399707932182e+00
6.598196939999999813e+03 1.024653340146632230e+00
6.598231259999999565e+03 1.021422938077769071e+00
6.598265569999999570e+03 1.016992321874526928e+00
6.598299890000000232e+03 1.017858832327193097e+00
6.598334200000000237e+03 1.034793323898735684e+00
6.598368519999999990e+03 1.034179537192416953e+00
6.598402829999999994e+03 1.017759064366054123e+00
6.598437149999999747e+03 1.020219417970637199e+00
6.598471459999999752e+03 1.026419950270051284e+00
6.598505780000000414e+03 1.029743529037347560e+00
6.598540090000000419e+03 1.028336243576590148e+00
6.598574410000000171e+03 1.019766535099102756e+00
6.598608720000000176e+03 1.026639425337032341e+00
6.598643039999999928e+03 1.024241838892689715e+00
6.598677359999999680e+03 1.015552345564622039e+00
6.598711669999999685e+03 1.025250075475437672e+00
6.598745990000000347e+03 1.035893218797173665e+00
6.598780310000000100e+03 1.032917915388083863e+00
6.598814620000000104e+03 1.027003452108766313e+00
6.598848939999999857e+03 1.033989025218741364e+00
6.598883259999999609e+03 1.035571966608991090e+00
6.598917580000000271e+03 1.028210599260055202e+00
6.598951890000000276e+03 1.024823344397153946e+00
6.598986210000000028e+03 1.028215465618309787e+00
6.599020529999999781e+03 1.022498907938938606e+00
6.599054850000000442e+03 1.029407248487782534e+00
6.599089170000000195e+03 1.038568385498025215e+00
6.599123489999999947e+03 1.018990536207142528e+00
6.599157799999999952e+03 1.018948809438658287e+00
6.599192119999999704e+03 1.034563823570103347e+00
6.599226440000000366e+03 1.023358520395152071e+00
6.599260760000000118e+03 1.020143609002776452e+00
6.599295079999999871e+03 1.026377970096044701e+00
6.599329399999999623e+03 1.028988553299674757e+00
6.599363720000000285e+03 1.034111832644982965e+00
6.599398040000000037e+03 1.028669750375712066e+00
6.599432359999999790e+03 1.025880274501939748e+00
6.599466680000000451e+03 1.028401743991371298e+00
6.599501000000000204e+03 1.019337383223462679e+00
6.599535319999999956e+03 1.019638263047122351e+00
6.599569639999999708e+03 1.023047922513879993e+00
6.599603970000000118e+03 1.026768249995634319e+00
6.599638289999999870e+03 1.021467032950608811e+00
6.599672609999999622e+03 1.013990146206076304e+00
6.599706930000000284e+03 1.020806177256038172e+00
6.599741250000000036e+03 1.025154167539722216e+00
6.599775569999999789e+03 1.029679525275840835e+00
6.599809900000000198e+03 1.022101756547256546e+00
6.599844219999999950e+03 1.011479770118149046e+00
6.599878539999999703e+03 9.888640467565104064e-01
6.599912860000000364e+03 9.682665826971212919e-01
6.599947189999999864e+03 9.554715533586397580e-01
6.599981509999999616e+03 9.582856973692021052e-01
6.600015830000000278e+03 9.883645154465569016e-01
6.600050159999999778e+03 1.017883519909862367e+00
6.600084480000000440e+03 1.011861556563069753e+00
6.600118800000000192e+03 1.010767353329141915e+00
6.600153129999999692e+03 1.020732625763283830e+00
6.600187450000000354e+03 1.025218515485661230e+00
6.600221779999999853e+03 1.026635072824975126e+00
6.600256099999999606e+03 1.006930120767274284e+00
6.600290430000000015e+03 1.006058129526030021e+00
6.600324749999999767e+03 1.012446078684835271e+00
6.600359080000000176e+03 1.005132206703527320e+00
6.600393399999999929e+03 1.011278892816730668e+00
6.600427730000000338e+03 1.013316921888447908e+00
6.600462050000000090e+03 1.028655715336989962e+00
6.600496379999999590e+03 1.035511234018224425e+00
6.600530709999999999e+03 1.014694770347709385e+00
6.600565029999999751e+03 1.011642064774831429e+00
6.600599360000000161e+03 1.014269326367936763e+00
6.600633679999999913e+03 1.005030055956158908e+00
6.600668010000000322e+03 1.017387266091095421e+00
6.600702339999999822e+03 1.010785250197110408e+00
6.600736659999999574e+03 1.022862714222621427e+00
6.600770989999999983e+03 1.031326729731612213e+00
6.600805320000000393e+03 1.024300236031008726e+00
6.600839649999999892e+03 1.026584372458677841e+00
6.600873969999999645e+03 1.022758920833500396e+00
6.600908300000000054e+03 1.022235484982410680e+00
6.600942629999999554e+03 1.027155785325427617e+00
6.600976959999999963e+03 1.020586680112711919e+00
6.601011290000000372e+03 1.027255731475951839e+00
6.601045619999999872e+03 1.023202674793811884e+00
6.601079950000000281e+03 1.023452358507763726e+00
6.601114270000000033e+03 1.015255670968124635e+00
6.601148600000000442e+03 1.016481338053368821e+00
6.601182929999999942e+03 1.026197172095380417e+00
6.601217260000000351e+03 1.032180656756940040e+00
6.601251589999999851e+03 1.014462183138300500e+00
6.601285920000000260e+03 1.013368956161290413e+00
6.601320249999999760e+03 1.022931726175223544e+00
6.601354580000000169e+03 1.025740739558017589e+00
6.601388909999999669e+03 1.027181251268016515e+00
6.601423240000000078e+03 1.022534000181820391e+00
6.601457569999999578e+03 1.030638473280039102e+00
6.601491909999999734e+03 1.034447770344477879e+00
6.601526240000000143e+03 1.031289244986645981e+00
6.601560569999999643e+03 1.023380388489102177e+00
6.601594900000000052e+03 1.015256631661946685e+00
6.601629229999999552e+03 1.019585301018163470e+00
6.601663559999999961e+03 1.014787188193222889e+00
6.601697900000000118e+03 1.027963227411307745e+00
6.601732229999999618e+03 1.032322831391648599e+00
6.601766560000000027e+03 1.022414088540906763e+00
6.601800890000000436e+03 1.020922138405416790e+00
6.601835229999999683e+03 1.016985891528961128e+00
6.601869560000000092e+03 1.025379045938818345e+00
6.601903889999999592e+03 1.023842813302541455e+00
6.601938229999999749e+03 1.019571221513922099e+00
6.601972560000000158e+03 1.020808592853539976e+00
6.602006889999999657e+03 1.010003052921999878e+00
6.602041229999999814e+03 1.002433511895067131e+00
6.602075560000000223e+03 1.006286096984182254e+00
6.602109889999999723e+03 1.014506944115649345e+00
6.602144229999999880e+03 1.020068315344773602e+00
6.602178560000000289e+03 1.024394878133926268e+00
6.602212900000000445e+03 1.010001626038924627e+00
6.602247229999999945e+03 1.017240218461920920e+00
6.602281570000000102e+03 1.032473473551084542e+00
6.602315899999999601e+03 1.030120986747216305e+00
6.602350239999999758e+03 1.020926033789232967e+00
6.602384570000000167e+03 1.015364855349149664e+00
6.602418910000000324e+03 1.019659034665968189e+00
6.602453249999999571e+03 1.025661889321273446e+00
6.602487579999999980e+03 1.023158030997487256e+00
6.602521920000000136e+03 1.006907779686556204e+00
6.602556260000000293e+03 1.001404741227837070e+00
6.602590589999999793e+03 1.005831616181433796e+00
6.602624929999999949e+03 1.004999304072724087e+00
6.602659270000000106e+03 1.006331301506680598e+00
6.602693599999999606e+03 1.009061735490965006e+00
6.602727939999999762e+03 1.003394892838058716e+00
6.602762279999999919e+03 9.834087593795596272e-01
6.602796620000000075e+03 9.844691352962590125e-01
6.602830949999999575e+03 1.008852080765502590e+00
6.602865289999999732e+03 1.020762774258816119e+00
6.602899629999999888e+03 1.019993496881657080e+00
6.602933970000000045e+03 1.014555075266184048e+00
6.602968310000000201e+03 1.012172726648274290e+00
6.603002650000000358e+03 1.017236748982063510e+00
6.603036989999999605e+03 1.020174855541802428e+00
6.603071320000000014e+03 1.016957514396296780e+00
6.603105660000000171e+03 1.011058160230463798e+00
6.603140000000000327e+03 1.010972491019823005e+00
6.603174339999999575e+03 1.020103159239408530e+00
6.603208679999999731e+03 1.025545615119566545e+00
6.603243019999999888e+03 1.021139433482400216e+00
6.603277360000000044e+03 1.018953582538666858e+00
6.603311700000000201e+03 1.010468319983968577e+00
6.603346050000000105e+03 1.004709457889733093e+00
6.603380390000000261e+03 1.020675505377178549e+00
6.603414730000000418e+03 1.024048972230008347e+00
6.603449069999999665e+03 1.011826976730729077e+00
6.603483409999999822e+03 1.014150729836515552e+00
6.603517749999999978e+03 1.012661125510951665e+00
6.603552090000000135e+03 1.009438945693488021e+00
6.603586430000000291e+03 1.006779731354901175e+00
6.603620780000000195e+03 1.010241534624041648e+00
6.603655120000000352e+03 1.011395240598500056e+00
6.603689459999999599e+03 1.007225034172195999e+00
6.603723799999999756e+03 1.006861317365715269e+00
6.603758149999999659e+03 1.012864369578361678e+00
6.603792489999999816e+03 1.029703544805814053e+00
6.603826829999999973e+03 1.029674293867297807e+00
6.603861179999999877e+03 1.024536892121461484e+00
6.603895520000000033e+03 1.019406112534947839e+00
6.603929860000000190e+03 1.014269302824008179e+00
6.603964210000000094e+03 1.009132776577190471e+00
6.603998550000000250e+03 1.010058621613704410e+00
6.604032900000000154e+03 1.009991998893009502e+00
6.604067240000000311e+03 1.012036563203499551e+00
6.604101579999999558e+03 1.018593993604357095e+00
6.604135930000000371e+03 1.021630511289790100e+00
6.604170269999999618e+03 1.010136393294962076e+00
6.604204620000000432e+03 9.964245420230053440e-01
6.604238959999999679e+03 1.003354549933714202e+00
6.604273309999999583e+03 9.990538609973408368e-01
6.604307660000000396e+03 1.005433584815787595e+00
6.604341999999999643e+03 1.006062257956680916e+00
6.604376349999999547e+03 1.016384643205306970e+00
6.604410689999999704e+03 1.008842389001095130e+00
6.604445039999999608e+03 1.002052504914577424e+00
6.604479390000000421e+03 1.015072221943585484e+00
6.604513729999999669e+03 1.007334772483683416e+00
6.604548079999999572e+03 1.019519575268228229e+00
6.604582430000000386e+03 1.011049520445963745e+00
6.604616769999999633e+03 1.017572595979248096e+00
6.604651120000000446e+03 1.012369396539652744e+00
6.604685470000000350e+03 9.984165437635180718e-01
6.604719820000000254e+03 1.009456407324703653e+00
6.604754170000000158e+03 1.009301399310040370e+00
6.604788510000000315e+03 1.020340335347297067e+00
6.604822860000000219e+03 1.009850521207218854e+00
6.604857210000000123e+03 1.021495215051863914e+00
6.604891560000000027e+03 1.018554272628178214e+00
6.604925909999999931e+03 1.017401037581352474e+00
6.604960259999999835e+03 1.011201209965011394e+00
6.604994609999999739e+03 1.012909414585599466e+00
6.605028959999999643e+03 1.014655417379328073e+00
6.605063309999999547e+03 1.027276921917850139e+00
6.605097649999999703e+03 9.997879734026348109e-01
6.605131999999999607e+03 1.006738024864733738e+00
6.605166350000000421e+03 9.990428670066469063e-01
6.605200710000000072e+03 1.012048586208569079e+00
6.605235059999999976e+03 1.011413642653811618e+00
6.605269409999999880e+03 1.011890105524528405e+00
6.605303759999999784e+03 1.022526451564898187e+00
6.605338109999999688e+03 1.007368498818216773e+00
6.605372459999999592e+03 9.984623325883610345e-01
6.605406810000000405e+03 1.001237364020240772e+00
6.605441160000000309e+03 1.002073929448338951e+00
6.605475510000000213e+03 1.016863347214975732e+00
6.605509869999999864e+03 1.013254814870317988e+00
6.605544219999999768e+03 1.001483565630210570e+00
6.605578569999999672e+03 1.008311058384019798e+00
6.605612919999999576e+03 1.007057763405046380e+00
6.605647280000000137e+03 1.011416462476559364e+00
6.605681630000000041e+03 1.010775458601464560e+00
6.605715979999999945e+03 1.006776360599934694e+00
6.605750329999999849e+03 9.910874871768264871e-01
6.605784690000000410e+03 1.015480169890799811e+00
6.605819040000000314e+03 1.015735390288114992e+00
6.605853390000000218e+03 1.008284182595787781e+00
6.605887749999999869e+03 1.012907059249596342e+00
6.605922099999999773e+03 1.007728386910247798e+00
6.605956460000000334e+03 9.929824909385459586e-01
6.605990810000000238e+03 1.008983866192501466e+00
6.606025169999999889e+03 1.005206704908934601e+00
6.606059519999999793e+03 9.927528496040541883e-01
6.606093880000000354e+03 1.005345296284658074e+00
6.606128230000000258e+03 1.002641289492946619e+00
6.606162589999999909e+03 9.894629144724818026e-01
6.606196939999999813e+03 9.823237439926818526e-01
6.606231300000000374e+03 9.832107686832246563e-01
6.606265650000000278e+03 1.006199617666696744e+00
6.606300009999999929e+03 1.004757808194168378e+00
6.606334369999999581e+03 9.923509464007267411e-01
6.606368720000000394e+03 9.957422172657272030e-01
6.606403080000000045e+03 1.011460477910530287e+00
6.606437429999999949e+03 1.012832289388039486e+00
6.606471789999999601e+03 1.010501020670325101e+00
6.606506150000000162e+03 1.013897692062661671e+00
6.606540509999999813e+03 1.013257063880492748e+00
6.606574859999999717e+03 1.011468460660850832e+00
6.606609220000000278e+03 1.008121967928326201e+00
6.606643579999999929e+03 1.000417221901186204e+00
6.606677939999999580e+03 1.003334345599718347e+00
6.606712290000000394e+03 1.011423122123550344e+00
6.606746650000000045e+03 1.014257778556196143e+00
6.606781009999999696e+03 1.009095343583439996e+00
6.606815370000000257e+03 1.012043423150478683e+00
6.606849729999999909e+03 1.020307605471480805e+00
6.606884089999999560e+03 1.011670726706932255e+00
6.606918450000000121e+03 9.996101729224394772e-01
6.606952809999999772e+03 9.969459951274263210e-01
6.606987170000000333e+03 9.922200192406644970e-01
6.607021529999999984e+03 9.992792461928319270e-01
6.607055889999999636e+03 1.001583878688771412e+00
6.607090250000000196e+03 1.013201040764762695e+00
6.607124609999999848e+03 1.009282172273050282e+00
6.607158970000000409e+03 9.990713742672991948e-01
6.607193330000000060e+03 9.903175136628985520e-01
6.607227689999999711e+03 9.947340488300536743e-01
6.607262050000000272e+03 1.007856468518689264e+00
6.607296409999999923e+03 1.014239118728451627e+00
6.607330769999999575e+03 1.007320246158941446e+00
6.607365130000000136e+03 1.006705454873312755e+00
6.607399500000000444e+03 1.007653960718431829e+00
6.607433860000000095e+03 9.940102080411618024e-01
6.607468219999999747e+03 9.860022475640217721e-01
6.607502580000000307e+03 9.960653689337816141e-01
6.607536939999999959e+03 9.925201835776672477e-01
6.607571310000000267e+03 1.003036330136461984e+00
6.607605669999999918e+03 1.003102445566855128e+00
6.607640029999999570e+03 1.003918526205149098e+00
6.607674399999999878e+03 1.008326738771508690e+00
6.607708760000000439e+03 1.009999683942400805e+00
6.607743120000000090e+03 1.004223896070671751e+00
6.607777490000000398e+03 1.008606519094880527e+00
6.607811850000000049e+03 1.006624521110108361e+00
6.607846209999999701e+03 1.012027628672815815e+00
6.607880580000000009e+03 1.006926637679415260e+00
6.607914939999999660e+03 1.015807489636210592e+00
6.607949309999999969e+03 1.006012693945251835e+00
6.607983669999999620e+03 1.004043651129230330e+00
6.608018039999999928e+03 1.015683351397952405e+00
6.608052399999999579e+03 9.907880177376480191e-01
6.608086769999999888e+03 9.852600996435105785e-01
6.608121130000000448e+03 1.005939507859917592e+00
6.608155499999999847e+03 1.006610262714516590e+00
6.608189860000000408e+03 9.892961896459594451e-01
6.608224229999999807e+03 9.985280254103184872e-01
6.608258600000000115e+03 9.967549029724557252e-01
6.608292959999999766e+03 1.004499479716030708e+00
6.608327330000000075e+03 9.980463617309763835e-01
6.608361700000000383e+03 9.982889273750404913e-01
6.608396060000000034e+03 1.008199429359185384e+00
6.608430430000000342e+03 1.003220523143406151e+00
6.608464799999999741e+03 1.012941376525504200e+00
6.608499170000000049e+03 1.008932478974349012e+00
6.608533529999999701e+03 1.013627127605422507e+00
6.608567900000000009e+03 1.009939607194580979e+00
6.608602270000000317e+03 1.006088566799995254e+00
6.608636639999999716e+03 1.015304195806672194e+00
6.608671010000000024e+03 1.010080495960504976e+00
6.608705369999999675e+03 1.001538724388431501e+00
6.608739739999999983e+03 9.995206541160598368e-01
6.608774110000000292e+03 9.982708554876583706e-01
6.608808479999999690e+03 9.998984880607255654e-01
6.608842849999999999e+03 1.009402343497949550e+00
6.608877220000000307e+03 1.006018082514820611e+00
6.608911589999999705e+03 1.001544864212963626e+00
6.608945960000000014e+03 1.015045495906243378e+00
6.608980330000000322e+03 1.009646865884996192e+00
6.609014699999999721e+03 1.007459054779429541e+00
6.609049070000000029e+03 1.012516850147754832e+00
6.609083440000000337e+03 1.001554175651858003e+00
6.609117809999999736e+03 1.020025621817753025e+00
6.609152180000000044e+03 9.989104701346481763e-01
6.609186550000000352e+03 1.019533573110682267e+00
6.609220919999999751e+03 1.010025867900734564e+00
6.609255290000000059e+03 1.022817906146485711e+00
6.609289670000000115e+03 9.950148562234368832e-01
6.609324040000000423e+03 9.989327313531796149e-01
6.609358409999999822e+03 9.950969870303387754e-01
6.609392780000000130e+03 1.004023996743966807e+00
6.609427150000000438e+03 9.885588872044646092e-01
6.609461529999999584e+03 1.013469300571728127e+00
6.609495899999999892e+03 9.888804859061021135e-01
6.609530270000000201e+03 1.003281094015381347e+00
6.609564639999999599e+03 1.011608842996006619e+00
6.609599019999999655e+03 1.016079057679698083e+00
6.609633389999999963e+03 1.007556217958143652e+00
6.609667760000000271e+03 1.016694773396206397e+00
6.609702140000000327e+03 9.998297797659171371e-01
6.609736509999999726e+03 9.971276529754793394e-01
6.609770889999999781e+03 1.004730665326757366e+00
6.609805260000000089e+03 1.011370728484725090e+00
6.609839630000000398e+03 1.012185089371993474e+00
6.609874010000000453e+03 1.012288549976389396e+00
6.609908379999999852e+03 1.000358299121515193e+00
6.609942759999999907e+03 1.011105302242849779e+00
6.609977130000000216e+03 1.001062801171608063e+00
6.610011510000000271e+03 1.002908883561673292e+00
6.610045890000000327e+03 1.010642096999657902e+00
6.610080259999999726e+03 1.018557279718650843e+00
6.610114639999999781e+03 1.005893005432012544e+00
6.610149010000000089e+03 9.968394841477200563e-01
6.610183390000000145e+03 9.995470274794983068e-01
6.610217770000000201e+03 9.962673924997512698e-01
6.610252139999999599e+03 9.985856833899101614e-01
6.610286519999999655e+03 9.977810998540350695e-01
6.610320899999999710e+03 1.013148980401155530e+00
6.610355270000000019e+03 1.003519577956087705e+00
6.610389650000000074e+03 9.943682115584681069e-01
6.610424030000000130e+03 1.001010431507235676e+00
6.610458400000000438e+03 1.007216161974393565e+00
6.610492779999999584e+03 1.012114734418960715e+00
6.610527159999999640e+03 9.990121298806451389e-01
6.610561539999999695e+03 1.001203108676707032e+00
6.610595919999999751e+03 1.008411153120678305e+00
6.610630299999999806e+03 1.012439155530090007e+00
6.610664670000000115e+03 1.011197534632906514e+00
6.610699050000000170e+03 1.005805016369188509e+00
6.610733430000000226e+03 9.978455106734546165e-01
6.610767810000000281e+03 9.996998636691061257e-01
6.610802190000000337e+03 1.008912170478292181e+00
6.610836570000000393e+03 1.007068668494926378e+00
6.610870950000000448e+03 1.012059112127823957e+00
6.610905329999999594e+03 1.008561361645299748e+00
6.610939709999999650e+03 1.002323352194351980e+00
6.610974089999999705e+03 1.000898203134115816e+00
6.611008469999999761e+03 1.016514658231758794e+00
6.611042849999999817e+03 1.015093043936686978e+00
6.611077229999999872e+03 1.006434341164636814e+00
6.611111609999999928e+03 1.006353769215667882e+00
6.611145999999999731e+03 9.941658104574063737e-01
6.611180379999999786e+03 9.976056098788317339e-01
6.611214759999999842e+03 1.005852515932383229e+00
6.611249139999999898e+03 9.958717788584326991e-01
6.611283519999999953e+03 9.951238148865465538e-01
6.611317900000000009e+03 9.962985254133779334e-01
6.611352289999999812e+03 9.938157515770166262e-01
6.611386669999999867e+03 1.002370525887794850e+00
6.611421049999999923e+03 1.001604275090629326e+00
6.611455429999999978e+03 9.957757959889933508e-01
6.611489819999999781e+03 1.001712549152550702e+00
6.611524199999999837e+03 1.006902663695897981e+00
6.611558579999999893e+03 1.009489897022748606e+00
6.611592969999999696e+03 9.996192814929484305e-01
6.611627349999999751e+03 9.979833460446447813e-01
6.611661729999999807e+03 1.005341514667865921e+00
6.611696119999999610e+03 9.900261395382665697e-01
6.611730499999999665e+03 9.988272993194338145e-01
6.611764890000000378e+03 1.007014245123112550e+00
6.611799270000000433e+03 9.987143742424973158e-01
6.611833660000000236e+03 1.003992429251911123e+00
6.611868040000000292e+03 1.001689727920973549e+00
6.611902430000000095e+03 1.008078289999497779e+00
6.611936810000000150e+03 9.975666962482030442e-01
6.611971199999999953e+03 1.003614585317666119e+00
6.612005580000000009e+03 1.016533249984934884e+00
6.612039969999999812e+03 1.010154231460746566e+00
6.612074359999999615e+03 1.015891112164867049e+00
6.612108739999999671e+03 1.003641626839364642e+00
6.612143130000000383e+03 1.000300235008604322e+00
6.612177510000000439e+03 1.009566794612767549e+00
6.612211900000000242e+03 1.005036177806878150e+00
6.612246290000000045e+03 1.006021771097608930e+00
6.612280679999999847e+03 9.892392991421905535e-01
6.612315059999999903e+03 1.011421019766856499e+00
6.612349449999999706e+03 1.010268468151267918e+00
6.612383840000000419e+03 9.953090334316703203e-01
6.612418230000000221e+03 9.945302321106402887e-01
6.612452610000000277e+03 1.004654671052857884e+00
6.612487000000000080e+03 1.011167353217524045e+00
6.612521389999999883e+03 1.007561310376455577e+00
6.612555779999999686e+03 1.005662910346420080e+00
6.612590170000000398e+03 1.007027572841039609e+00
6.612624560000000201e+03 1.003510544831961226e+00
6.612658950000000004e+03 1.008036744194547696e+00
6.612693330000000060e+03 9.934611615231894177e-01
6.612727719999999863e+03 9.899702116442294919e-01
6.612762109999999666e+03 9.909558141714235324e-01
6.612796500000000378e+03 9.919223854910715898e-01
6.612830890000000181e+03 9.965304114463819918e-01
6.612865279999999984e+03 1.001568023929293672e+00
6.612899669999999787e+03 1.003210572529285693e+00
6.612934059999999590e+03 1.000750386141507686e+00
6.612968460000000050e+03 1.002310668389138071e+00
6.613002849999999853e+03 1.004679952380118646e+00
6.613037239999999656e+03 9.902798896780360405e-01
6.613071630000000368e+03 1.000152005448616599e+00
6.613106020000000171e+03 1.004859686560916732e+00
6.613140409999999974e+03 9.773592065754055369e-01
6.613174799999999777e+03 9.824149251319361786e-01
6.613209200000000237e+03 9.867308865951063268e-01
6.613243590000000040e+03 9.992746997592388825e-01
6.613277979999999843e+03 1.017524110265831450e+00
6.613312369999999646e+03 9.754050951814616788e-01
6.613346760000000359e+03 1.000762951899245357e+00
6.613381159999999909e+03 1.014549460003702608e+00
6.613415549999999712e+03 1.003092379869154227e+00
6.613449940000000424e+03 9.942518510813403987e-01
6.613484339999999975e+03 9.943078596386182300e-01
6.613518729999999778e+03 9.820312271726374664e-01
6.613553119999999581e+03 9.806282403294441785e-01
6.613587520000000040e+03 9.717137782295269810e-01
6.613621909999999843e+03 9.601213565475992251e-01
6.613656310000000303e+03 9.436718092637389477e-01
6.613690700000000106e+03 9.151264350775830669e-01
6.613725099999999657e+03 8.908656491830175828e-01
6.613759490000000369e+03 8.715585996775947475e-01
6.613793889999999919e+03 8.537181843625333277e-01
6.613828279999999722e+03 8.477405760796554723e-01
6.613862680000000182e+03 8.430012648419926702e-01
6.613897069999999985e+03 8.371822881676659334e-01
6.613931470000000445e+03 8.416200252511450985e-01
6.613965860000000248e+03 8.497456018419360380e-01
6.614000259999999798e+03 8.455309942333768536e-01
6.614034660000000258e+03 8.530496783161386487e-01
6.614069050000000061e+03 8.208676265013630236e-01
6.614103449999999611e+03 8.292959056661960426e-01
6.614137850000000071e+03 8.554919231143601754e-01
6.614172239999999874e+03 8.233823943739253526e-01
6.614206640000000334e+03 8.184496939737371246e-01
6.614241039999999884e+03 8.148116090767602016e-01
6.614275429999999687e+03 8.264269977580134263e-01
6.614309830000000147e+03 8.259265586026113271e-01
6.614344229999999698e+03 8.393274016954128669e-01
6.614378630000000157e+03 8.688123977469356385e-01
6.614413029999999708e+03 8.768578847087473704e-01
6.614447420000000420e+03 8.625127963834890998e-01
6.614481819999999971e+03 8.545313201225955835e-01
6.614516220000000430e+03 8.771319157072973161e-01
6.614550619999999981e+03 8.795838488964641266e-01
6.614585020000000441e+03 8.878485783666409947e-01
6.614619419999999991e+03 8.944339460650239104e-01
6.614653820000000451e+03 9.097472169319056334e-01
6.614688220000000001e+03 9.368167949178847209e-01
6.614722619999999552e+03 9.343881754238262394e-01
6.614757020000000011e+03 9.294102554421880269e-01
6.614791419999999562e+03 9.430607715725385365e-01
6.614825820000000022e+03 9.561109355394898923e-01
6.614860219999999572e+03 9.563132423948473848e-01
6.614894620000000032e+03 9.573042509340116135e-01
6.614929019999999582e+03 9.585728134687545587e-01
6.614963420000000042e+03 9.561818948450317990e-01
6.614997819999999592e+03 9.695071054394849286e-01
6.615032220000000052e+03 9.713429470178113201e-01
6.615066630000000259e+03 9.779669561390545995e-01
6.615101029999999810e+03 9.788750550678979589e-01
6.615135430000000270e+03 9.855488625647692569e-01
6.615169829999999820e+03 9.759726358455022011e-01
6.615204230000000280e+03 9.753542067521193681e-01
6.615238639999999577e+03 9.809867029484504730e-01
6.615273040000000037e+03 9.831182023656418467e-01
6.615307439999999588e+03 9.834519960231307145e-01
6.615341840000000047e+03 9.846939826670216833e-01
6.615376250000000255e+03 9.865034947722974845e-01
6.615410649999999805e+03 9.958934745642760156e-01
6.615445050000000265e+03 9.974817882509571243e-01
6.615479459999999563e+03 9.932871807593609548e-01
6.615513860000000022e+03 9.990942029149120218e-01
6.615548270000000230e+03 1.007271823385904819e+00
6.615582669999999780e+03 1.002837703236158839e+00
6.615617079999999987e+03 9.998604106097542799e-01
6.615651480000000447e+03 9.986424716232735754e-01
6.615685879999999997e+03 1.003653944666902609e+00
6.615720290000000205e+03 9.929850759075777855e-01
6.615754689999999755e+03 9.980279296574352532e-01
6.615789099999999962e+03 1.005907414964721580e+00
6.615823510000000169e+03 1.006883319476416627e+00
6.615857909999999720e+03 1.004700882999283618e+00
6.615892319999999927e+03 9.933339998436477858e-01
6.615926720000000387e+03 1.002927188195405828e+00
6.615961129999999685e+03 1.005976864855639086e+00
6.615995539999999892e+03 1.023107568566115955e+00
6.616029940000000352e+03 9.916351984792748375e-01
6.616064349999999649e+03 9.951450445643170717e-01
6.616098759999999857e+03 1.001654665981611236e+00
6.616133160000000316e+03 9.947273181226082839e-01
6.616167569999999614e+03 1.017061149749647120e+00
6.616201979999999821e+03 9.825754734171948668e-01
6.616236390000000029e+03 9.825560863806128697e-01
6.616270789999999579e+03 9.992356938831828961e-01
6.616305199999999786e+03 9.951325244654690705e-01
6.616339609999999993e+03 9.885343893327239728e-01
6.616374020000000201e+03 9.938957691721818088e-01
6.616408430000000408e+03 9.898687824813514613e-01
6.616442839999999705e+03 9.925520667891754023e-01
6.616477249999999913e+03 9.989334364838580171e-01
6.616511650000000373e+03 1.011387665516249923e+00
6.616546059999999670e+03 1.008721404069610639e+00
6.616580469999999877e+03 1.001626656899826884e+00
6.616614880000000085e+03 9.983435403384284257e-01
6.616649290000000292e+03 9.967992297960909243e-01
6.616683699999999590e+03 1.007065724525253225e+00
6.616718109999999797e+03 1.007051848174214559e+00
6.616752520000000004e+03 1.006622262976611060e+00
6.616786930000000211e+03 9.976607631418271671e-01
6.616821340000000419e+03 9.900368070761973449e-01
6.616855760000000373e+03 1.000217870290134536e+00
6.616890169999999671e+03 1.004774606621835042e+00
6.616924579999999878e+03 1.011381991773717459e+00
6.616958990000000085e+03 1.006030870484132755e+00
6.616993400000000292e+03 9.952350134439681417e-01
6.617027809999999590e+03 1.017450095946811794e+00
6.617062219999999797e+03 1.006374585856176340e+00
6.617096639999999752e+03 1.001907961246023993e+00
6.617131049999999959e+03 9.917905308269473474e-01
6.617165460000000166e+03 9.926661643673090341e-01
6.617199870000000374e+03 1.003802755118276213e+00
6.617234290000000328e+03 1.000576155948655899e+00
6.617268699999999626e+03 9.933749476744294649e-01
6.617303109999999833e+03 9.963681533635764254e-01
6.617337529999999788e+03 9.979850151546085790e-01
6.617371939999999995e+03 1.005038092211047784e+00
6.617406350000000202e+03 1.002501005201508644e+00
6.617440770000000157e+03 1.001651318090302389e+00
6.617475180000000364e+03 1.010861651726571830e+00
6.617509600000000319e+03 1.000123514667916380e+00
6.617544009999999616e+03 9.961439953254731527e-01
6.617578429999999571e+03 9.995688574657374259e-01
6.617612839999999778e+03 1.000323367361611870e+00
6.617647259999999733e+03 1.008464673563378877e+00
6.617681669999999940e+03 1.008926926739389662e+00
6.617716089999999895e+03 1.021533984810096607e+00
6.617750500000000102e+03 1.003363420149745000e+00
6.617784920000000056e+03 1.005105935743744627e+00
6.617819330000000264e+03 1.012362027579998713e+00
6.617853750000000218e+03 9.965293732632276580e-01
6.617888170000000173e+03 9.903412726978313430e-01
6.617922580000000380e+03 1.010670815915022613e+00
6.617957000000000335e+03 9.981666373865981656e-01
6.617991420000000289e+03 1.001979311920662141e+00
6.618025829999999587e+03 1.002655949908009880e+00
6.618060250000000451e+03 1.001466406366059214e+00
6.618094670000000406e+03 9.941846370583812265e-01
6.618129079999999703e+03 9.978775667837592733e-01
6.618163499999999658e+03 9.907486656324313579e-01
6.618197919999999613e+03 1.015944550755610187e+00
6.618232339999999567e+03 1.015599134762987799e+00
6.618266760000000431e+03 1.000134005697916884e+00
6.618301169999999729e+03 9.988509072190049354e-01
6.618335589999999684e+03 1.004039528714317786e+00
6.618370009999999638e+03 9.951849661248513002e-01
6.618404429999999593e+03 1.000974899518555894e+00
6.618438849999999547e+03 9.992614836929520905e-01
6.618473270000000412e+03 1.018240622239712456e+00
6.618507690000000366e+03 9.909242018261489315e-01
6.618542110000000321e+03 9.997895183307166089e-01
6.618576530000000275e+03 1.006188413872175280e+00
6.618610950000000230e+03 9.911597023125334749e-01
6.618645370000000185e+03 1.010038123224111573e+00
6.618679790000000139e+03 9.987717879401162291e-01
6.618714210000000094e+03 1.008610625028466545e+00
6.618748630000000048e+03 1.014064103195916999e+00
6.618783050000000003e+03 1.009576153576311475e+00
6.618817469999999958e+03 1.008875673128952988e+00
6.618851889999999912e+03 9.971948326353123893e-01
6.618886319999999614e+03 9.933134227706865715e-01
6.618920739999999569e+03 9.989908513305315596e-01
6.618955160000000433e+03 1.003121354341438343e+00
6.618989580000000387e+03 9.966455057909607840e-01
6.619024000000000342e+03 9.938390562789886085e-01
6.619058430000000044e+03 9.887793682138633633e-01
6.619092849999999999e+03 1.004442759111930483e+00
6.619127269999999953e+03 1.014861279150109041e+00
6.619161689999999908e+03 1.013311678018525397e+00
6.619196119999999610e+03 1.001897874189127124e+00
6.619230539999999564e+03 1.001333491819926813e+00
6.619264960000000428e+03 9.990841387498788917e-01
6.619299390000000130e+03 9.951572897463200063e-01
6.619333810000000085e+03 9.976319575591253708e-01
6.619368230000000040e+03 1.004142325495933852e+00
6.619402659999999742e+03 9.975353924749051915e-01
6.619437079999999696e+03 9.973142906117353768e-01
6.619471510000000308e+03 9.937812608318287166e-01
6.619505930000000262e+03 9.998194450947719414e-01
6.619540359999999964e+03 1.003821126913769346e+00
6.619574779999999919e+03 1.010719326572696586e+00
6.619609209999999621e+03 1.007531918938540327e+00
6.619643629999999575e+03 9.962519049640367053e-01
6.619678060000000187e+03 1.001365199913999193e+00
6.619712480000000141e+03 9.876548639319473466e-01
6.619746909999999843e+03 9.856939474345647323e-01
6.619781339999999545e+03 9.793795480071970649e-01
6.619815760000000409e+03 9.761124493979436156e-01
6.619850190000000111e+03 9.893039451904243053e-01
6.619884619999999813e+03 1.000716729869858712e+00
6.619919039999999768e+03 1.010627400868687076e+00
6.619953470000000380e+03 1.000682795585395191e+00
6.619987900000000081e+03 9.764500641629618727e-01
6.620022320000000036e+03 9.970186850362489084e-01
6.620056749999999738e+03 1.002123480688486445e+00
6.620091180000000350e+03 9.962753810710053282e-01
6.620125610000000052e+03 1.016344708874666436e+00
6.620160039999999753e+03 1.015633234549572661e+00
6.620194459999999708e+03 1.009245277642604188e+00
6.620228890000000320e+03 1.008728787829729967e+00
6.620263320000000022e+03 9.965461789571274931e-01
6.620297749999999724e+03 9.845654345662459006e-01
6.620332180000000335e+03 9.963430558863913822e-01
6.620366610000000037e+03 9.993617453520813321e-01
6.620401039999999739e+03 9.976906064447017553e-01
6.620435470000000350e+03 9.987817673787736661e-01
6.620469900000000052e+03 1.000801900739054728e+00
6.620504329999999754e+03 9.901545474858342022e-01
6.620538760000000366e+03 1.003286032406079498e+00
6.620573190000000068e+03 9.774941618498846907e-01
6.620607619999999770e+03 9.962378209855193845e-01
6.620642050000000381e+03 9.851395081550705646e-01
6.620676480000000083e+03 9.957621009953822044e-01
6.620710909999999785e+03 1.009687708580359944e+00
6.620745340000000397e+03 1.007950210452311479e+00
6.620779770000000099e+03 9.911252825605522121e-01
6.620814199999999801e+03 1.000059511917983812e+00
6.620848630000000412e+03 9.929236182188631021e-01
6.620883069999999861e+03 9.880305013666201841e-01
6.620917499999999563e+03 9.961577121632650966e-01
6.620951930000000175e+03 9.969450930369982977e-01
6.620986359999999877e+03 9.986327206698915049e-01
6.621020800000000236e+03 1.000125915832628110e+00
6.621055229999999938e+03 1.010698071393793640e+00
6.621089659999999640e+03 1.002654226353619560e+00
6.621124090000000251e+03 9.940341859358409193e-01
6.621158529999999701e+03 9.953512615105120087e-01
6.621192960000000312e+03 9.979918961799524313e-01
6.621227390000000014e+03 9.952014424647002144e-01
6.621261830000000373e+03 1.007212101627454226e+00
6.621296260000000075e+03 1.000320452969881480e+00
6.621330700000000434e+03 1.007741401622497479e+00
6.621365130000000136e+03 9.949514664905482197e-01
6.621399569999999585e+03 1.010022545010073047e+00
6.621434000000000196e+03 9.964014513671257678e-01
6.621468439999999646e+03 9.925735776535409283e-01
6.621502870000000257e+03 9.993131689160017483e-01
6.621537309999999707e+03 9.961596465313515836e-01
6.621571740000000318e+03 1.004410977845521247e+00
6.621606179999999767e+03 1.005712115358425640e+00
6.621640610000000379e+03 1.003642384853905334e+00
6.621675049999999828e+03 1.012680347780616552e+00
6.621709480000000440e+03 9.984070289640482043e-01
6.621743919999999889e+03 1.006064922665601991e+00
6.621778360000000248e+03 1.012317516771705561e+00
6.621812789999999950e+03 1.005365641218877837e+00
6.621847230000000309e+03 1.001179630082378313e+00
6.621881669999999758e+03 1.001478972935029521e+00
6.621916110000000117e+03 9.928713072330929146e-01
6.621950539999999819e+03 9.948589989387521815e-01
6.621984980000000178e+03 9.844694473092980846e-01
6.622019419999999627e+03 9.916977015651109451e-01
6.622053859999999986e+03 1.006238031811776068e+00
6.622088289999999688e+03 1.004118658689017174e+00
6.622122730000000047e+03 9.788602494618153793e-01
6.622157170000000406e+03 9.774912095765128095e-01
6.622191609999999855e+03 9.897694178068957571e-01
6.622226050000000214e+03 1.007777702635604511e+00
6.622260489999999663e+03 1.019607252092210370e+00
6.622294930000000022e+03 9.986655424258746860e-01
6.622329370000000381e+03 9.826177940609933659e-01
6.622363809999999830e+03 9.962038703175539744e-01
6.622398250000000189e+03 9.954642778415394577e-01
6.622432679999999891e+03 1.002960535395096775e+00
6.622467129999999997e+03 9.996896710529471486e-01
6.622501570000000356e+03 9.927798369558568092e-01
6.622536009999999806e+03 9.991926247546211171e-01
6.622570450000000164e+03 1.003766685290537142e+00
6.622604889999999614e+03 1.013477694742892066e+00
6.622639329999999973e+03 1.008777942928400062e+00
6.622673770000000331e+03 1.008075934362486548e+00
6.622708209999999781e+03 9.999583795600458513e-01
6.622742650000000140e+03 1.004191850397016417e+00
6.622777089999999589e+03 1.004597899241528980e+00
6.622811539999999695e+03 1.004764724762989836e+00
6.622845980000000054e+03 1.005894585424621512e+00
6.622880420000000413e+03 9.950276796281321001e-01
6.622914859999999862e+03 1.008501857447426264e+00
6.622949309999999969e+03 9.984528249607933503e-01
6.622983750000000327e+03 1.000381213073927800e+00
6.623018189999999777e+03 9.992382458083564067e-01
6.623052630000000136e+03 1.007378152579481156e+00
6.623087080000000242e+03 9.927107789829543449e-01
6.623121519999999691e+03 9.815871230415286197e-01
6.623155960000000050e+03 9.826912907864766566e-01
6.623190410000000156e+03 9.923411156504757802e-01
6.623224849999999606e+03 9.793241155774417006e-01
6.623259299999999712e+03 9.898167847002947717e-01
6.623293740000000071e+03 1.004455701092937359e+00
6.623328190000000177e+03 9.994368139793970984e-01
6.623362629999999626e+03 9.863264524703871938e-01
6.623397079999999733e+03 9.748903543548372852e-01
6.623431520000000091e+03 9.770955503791728392e-01
6.623465970000000198e+03 9.872282128357430242e-01
6.623500409999999647e+03 9.931010209528543520e-01
6.623534859999999753e+03 9.878628746971342967e-01
6.623569300000000112e+03 9.786803299971247316e-01
6.623603750000000218e+03 9.929641978607157693e-01
6.623638189999999668e+03 9.913752040528187592e-01
6.623672639999999774e+03 9.916483727215618105e-01
6.623707089999999880e+03 9.994578176233818168e-01
6.623741530000000239e+03 1.007373854561386839e+00
6.623775980000000345e+03 1.003708826357854855e+00
6.623810430000000451e+03 9.996036437405888542e-01
6.623844879999999648e+03 9.943412591183398153e-01
6.623879320000000007e+03 9.926895863664829678e-01
6.623913770000000113e+03 9.949880194944014100e-01
6.623948220000000219e+03 9.924369696864645540e-01
6.623982670000000326e+03 9.993833061376463656e-01
6.624017109999999775e+03 9.935177438393330007e-01
6.624051559999999881e+03 1.009262468022213532e+00
6.624086009999999987e+03 9.875671380958466194e-01
6.624120460000000094e+03 1.000430915154375544e+00
6.624154910000000200e+03 1.009294387394873205e+00
6.624189360000000306e+03 9.881539415201882059e-01
6.624223810000000412e+03 9.922191003740710169e-01
6.624258259999999609e+03 9.924166832376649650e-01
6.624292709999999715e+03 1.006957866745355146e+00
6.624327159999999822e+03 1.019410722587206442e+00
6.624361609999999928e+03 1.007817649800513138e+00
6.624396060000000034e+03 9.994004778094096597e-01
6.624430510000000140e+03 1.002968097645041690e+00
6.624464960000000247e+03 1.004454364797390697e+00
6.624499410000000353e+03 1.001419893070863099e+00
6.624533859999999549e+03 1.004691721188853970e+00
6.624568309999999656e+03 1.004279126487083396e+00
6.624602759999999762e+03 9.988872346020271076e-01
6.624637209999999868e+03 9.978649636599273842e-01
6.624671659999999974e+03 9.947618315264861177e-01
6.624706110000000081e+03 9.984294945947548294e-01
6.624740569999999934e+03 1.004856733856408280e+00
6.624775020000000040e+03 1.007511906937259560e+00
6.624809470000000147e+03 1.000825726683430839e+00
6.624843920000000253e+03 1.000407008512211648e+00
6.624878380000000107e+03 9.958773410005986593e-01
6.624912830000000213e+03 9.981616186714808991e-01
6.624947280000000319e+03 9.981389815247587727e-01
6.624981740000000173e+03 9.917584513655142153e-01
6.625016190000000279e+03 1.006743323818617641e+00
6.625050640000000385e+03 9.975576201991760428e-01
6.625085100000000239e+03 1.001558434013095855e+00
6.625119550000000345e+03 9.936928543807475034e-01
6.625154000000000451e+03 1.000237758932692067e+00
6.625188460000000305e+03 1.001266297160962715e+00
6.625222910000000411e+03 9.934957219539219953e-01
6.625257370000000265e+03 9.913620753335207203e-01
6.625291820000000371e+03 9.825399562816662380e-01
6.625326280000000224e+03 9.973707130272371213e-01
6.625360730000000331e+03 1.005603952181108873e+00
6.625395190000000184e+03 9.951983420771967070e-01
6.625429640000000290e+03 9.901191518731584651e-01
6.625464100000000144e+03 9.908083686756943287e-01
6.625498550000000250e+03 9.972371176490150146e-01
6.625533010000000104e+03 1.006851982715183391e+00
6.625567469999999958e+03 9.946799532836427815e-01
6.625601920000000064e+03 9.958602448624425119e-01
6.625636379999999917e+03 9.951496974405799056e-01
6.625670839999999771e+03 9.862318576776066825e-01
6.625705289999999877e+03 9.991142303198771168e-01
6.625739749999999731e+03 1.002885791698339801e+00
6.625774209999999584e+03 1.009827129200547846e+00
6.625808659999999691e+03 1.008099465679303641e+00
6.625843120000000454e+03 9.985416721991252631e-01
6.625877580000000307e+03 1.000459926411873868e+00
6.625912040000000161e+03 1.015438414013854596e+00
6.625946500000000015e+03 1.004323340591963820e+00
6.625980950000000121e+03 1.008263243558313649e+00
6.626015409999999974e+03 1.003556934902814390e+00
6.626049869999999828e+03 9.978861327488434130e-01
6.626084329999999682e+03 9.948010797358916024e-01
6.626118790000000445e+03 9.853619416551020471e-01
6.626153250000000298e+03 9.912290157125904777e-01
6.626187710000000152e+03 9.980426226829136604e-01
6.626222170000000006e+03 1.013154523132107965e+00
6.626256629999999859e+03 9.953015570748436902e-01
6.626291089999999713e+03 9.982247022286552252e-01
6.626325549999999566e+03 1.003839771896628541e+00
6.626360010000000329e+03 1.015268049987979371e+00
6.626394470000000183e+03 1.013082912730413510e+00
6.626428930000000037e+03 1.001616060550102105e+00
6.626463389999999890e+03 1.005021632371019713e+00
6.626497849999999744e+03 1.003243903816613436e+00
6.626532309999999597e+03 1.008820681241010320e+00
6.626566770000000361e+03 9.993776955371739268e-01
6.626601239999999962e+03 9.959514793827101142e-01
6.626635699999999815e+03 9.993209085270248204e-01
6.626670159999999669e+03 9.920632648857308222e-01
6.626704620000000432e+03 9.948384297931077702e-01
6.626739080000000286e+03 1.001159564174219252e+00
6.626773549999999886e+03 9.998388155460066207e-01
6.626808009999999740e+03 1.002720294838813420e+00
6.626842469999999594e+03 1.005386929051977463e+00
6.626876940000000104e+03 1.000123257160665080e+00
6.626911399999999958e+03 9.995851234930277496e-01
6.626945859999999811e+03 9.977917785696284181e-01
6.626980330000000322e+03 9.889594110200443655e-01
6.627014790000000175e+03 9.842025297422382080e-01
6.627049250000000029e+03 9.865981191804111816e-01
6.627083719999999630e+03 9.982323318783937749e-01
6.627118180000000393e+03 1.011807462810250025e+00
6.627152649999999994e+03 1.005700922486391313e+00
6.627187109999999848e+03 9.978611527056713282e-01
6.627221580000000358e+03 9.948329633696573193e-01
6.627256040000000212e+03 1.012225683880026761e+00
6.627290509999999813e+03 9.962040281634060301e-01
6.627324969999999666e+03 1.003420227885812865e+00
6.627359440000000177e+03 1.005201971597750710e+00
6.627393900000000031e+03 9.997916843832991285e-01
6.627428369999999632e+03 9.978737283055936214e-01
6.627462830000000395e+03 9.943939950266876826e-01
6.627497299999999996e+03 1.003322665888658705e+00
6.627531769999999597e+03 9.965872420221119077e-01
6.627566230000000360e+03 1.006501394401244864e+00
6.627600699999999961e+03 1.007280996485179880e+00
6.627635169999999562e+03 1.007707614479121716e+00
6.627669630000000325e+03 1.012675063560645627e+00
6.627704099999999926e+03 1.006605824662405446e+00
6.627738570000000436e+03 9.948204658377002296e-01
6.627773040000000037e+03 9.980154559334879494e-01
6.627807499999999891e+03 1.010188902630015040e+00
6.627841970000000401e+03 1.005618754382445745e+00
6.627876440000000002e+03 9.911026079109307441e-01
6.627910909999999603e+03 9.900007210147504511e-01
6.627945380000000114e+03 1.000549797761873139e+00
6.627979849999999715e+03 1.020543996334890346e+00
6.628014320000000225e+03 1.009596674114321635e+00
6.628048780000000079e+03 9.932491849913186455e-01
6.628083249999999680e+03 1.007370163430771015e+00
6.628117720000000190e+03 1.018027154837375159e+00
6.628152189999999791e+03 1.008249934034920470e+00
6.628186660000000302e+03 1.000125564482544860e+00
6.628221129999999903e+03 1.002004995620783490e+00
6.628255600000000413e+03 9.906061303012975161e-01
6.628290070000000014e+03 9.998641604445266395e-01
6.628324539999999615e+03 9.980857669673105503e-01
6.628359010000000126e+03 1.008768128910155326e+00
6.628393490000000384e+03 9.980290406677778670e-01
6.628427959999999985e+03 9.942084989435818754e-01
6.628462429999999586e+03 9.955387245360007853e-01
6.628496900000000096e+03 9.931900974780953906e-01
6.628531369999999697e+03 9.872879759712493986e-01
6.628565840000000208e+03 9.835028138851088508e-01
6.628600309999999808e+03 9.939191861291502006e-01
6.628634790000000066e+03 9.994997843837147844e-01
6.628669259999999667e+03 9.850134691205468807e-01
6.628703730000000178e+03 9.869699039705123189e-01
6.628738199999999779e+03 9.921718853818386474e-01
6.628772680000000037e+03 1.004985666006641409e+00
6.628807149999999638e+03 9.992129305681761720e-01
6.628841620000000148e+03 9.954829127678095357e-01
6.628876100000000406e+03 1.002393580746731461e+00
6.628910570000000007e+03 9.992420961842538585e-01
6.628945039999999608e+03 1.004747701745208666e+00
6.628979519999999866e+03 9.987168487571744802e-01
6.629013990000000376e+03 1.007082837896923877e+00
6.629048469999999725e+03 9.985649699830791981e-01
6.629082940000000235e+03 9.975714296692056449e-01
6.629117419999999584e+03 1.007222060106511163e+00
6.629151890000000094e+03 1.019435644856675038e+00
6.629186370000000352e+03 1.002342954488699700e+00
6.629220839999999953e+03 9.945465107518075554e-01
6.629255320000000211e+03 9.916038595037111048e-01
6.629289789999999812e+03 9.988687275312696512e-01
6.629324270000000070e+03 9.897117031097737438e-01
6.629358739999999671e+03 9.943663988061266501e-01
6.629393219999999928e+03 1.007139182860931736e+00
6.629427700000000186e+03 9.961971501434364606e-01
6.629462169999999787e+03 1.001287864584555987e+00
6.629496650000000045e+03 1.006189911691277805e+00
6.629531130000000303e+03 9.996762769259734949e-01
6.629565599999999904e+03 1.003046717860326842e+00
6.629600080000000162e+03 1.007292064818683608e+00
6.629634560000000420e+03 1.007199335322712885e+00
6.629669030000000021e+03 1.016229291284806768e+00
6.629703510000000279e+03 9.993725447653685201e-01
6.629737989999999627e+03 1.006160561909140938e+00
6.629772469999999885e+03 9.978395620507419794e-01
6.629806950000000143e+03 1.014324440881364753e+00
6.629841430000000400e+03 1.003729388574238879e+00
6.629875900000000001e+03 9.990655517017384968e-01
6.629910380000000259e+03 1.012062101273162096e+00
6.629944859999999608e+03 1.009152725984698629e+00
6.629979339999999866e+03 1.006579522430970819e+00
6.630013820000000123e+03 1.014613601517707409e+00
6.630048300000000381e+03 1.006101083918435890e+00
6.630082779999999730e+03 9.927783132667875599e-01
6.630117259999999987e+03 1.001761075756640196e+00
6.630151740000000245e+03 1.004551332976671985e+00
6.630186219999999594e+03 9.974922519328954795e-01
6.630220699999999852e+03 1.013054350767893297e+00
6.630255180000000109e+03 1.005900847103373019e+00
6.630289660000000367e+03 1.004684181305393720e+00
6.630324139999999716e+03 1.012288009868767658e+00
6.630358619999999974e+03 1.025407396157271611e+00
6.630393100000000231e+03 1.014851867907647920e+00
6.630427590000000237e+03 1.000249817299173838e+00
6.630462069999999585e+03 1.009344024452063060e+00
6.630496549999999843e+03 1.010961069720960559e+00
6.630531030000000101e+03 1.008448312914955070e+00
6.630565510000000359e+03 9.952052977903247388e-01
6.630600000000000364e+03 1.025585446052455163e+00
6.630634479999999712e+03 1.006450973608177701e+00
6.630668959999999970e+03 1.012271443251488323e+00
6.630703440000000228e+03 1.009544779217991239e+00
6.630737930000000233e+03 9.966488848966401637e-01
6.630772409999999581e+03 1.001438517652440741e+00
6.630806889999999839e+03 9.936429230775309929e-01
6.630841379999999845e+03 1.006735038683268968e+00
6.630875860000000102e+03 1.020446079642983728e+00
6.630910350000000108e+03 1.000177521747958931e+00
6.630944830000000366e+03 1.000605159398508803e+00
6.630979309999999714e+03 1.010385160053584919e+00
6.631013799999999719e+03 1.012360805212329851e+00
6.631048279999999977e+03 1.008952619826511521e+00
6.631082769999999982e+03 1.003933212478755665e+00
6.631117250000000240e+03 9.926583441995218138e-01
6.631151740000000245e+03 9.918728585371699991e-01
6.631186219999999594e+03 1.005380107346170337e+00
6.631220709999999599e+03 1.005099939406581822e+00
6.631255199999999604e+03 1.006885906025469124e+00
6.631289679999999862e+03 1.004091030671490525e+00
6.631324169999999867e+03 9.901066244792658955e-01
6.631358650000000125e+03 9.978065257738013560e-01
6.631393140000000130e+03 1.002694660782560421e+00
6.631427630000000136e+03 9.972464621518863925e-01
6.631462110000000393e+03 9.977498630210805963e-01
6.631496600000000399e+03 1.016751700598118813e+00
6.631531090000000404e+03 9.988134709978134795e-01
6.631565580000000409e+03 9.946797092684594999e-01
6.631600059999999758e+03 9.915000158452861312e-01
6.631634549999999763e+03 1.008744588361057515e+00
6.631669039999999768e+03 1.011269311928583603e+00
6.631703529999999773e+03 9.979882740081370551e-01
6.631738019999999779e+03 9.868364989562098399e-01
6.631772500000000036e+03 9.889697813676193716e-01
6.631806990000000042e+03 1.003338914275672122e+00
6.631841480000000047e+03 1.005604540869953434e+00
6.631875970000000052e+03 9.952429043618610249e-01
6.631910460000000057e+03 9.972369668417739863e-01
6.631944950000000063e+03 9.987066952932216468e-01
6.631979440000000068e+03 1.000170064038773177e+00
6.632013930000000073e+03 1.007551842522122598e+00
6.632048420000000078e+03 9.996227117291892617e-01
6.632082910000000084e+03 9.996522252127002517e-01
6.632117400000000089e+03 9.936877528703849105e-01
6.632151890000000094e+03 9.915951722220012199e-01
6.632186380000000099e+03 9.967785936803149616e-01
6.632220870000000104e+03 9.950144521667833031e-01
6.632255360000000110e+03 1.002553440021096254e+00
6.632289850000000115e+03 9.975177629083523678e-01
6.632324340000000120e+03 9.812595030389293926e-01
6.632358839999999873e+03 9.920950245430576464e-01
6.632393329999999878e+03 9.911520788399859061e-01
6.632427819999999883e+03 9.963476038385252753e-01
6.632462309999999889e+03 9.987516675157765977e-01
6.632496799999999894e+03 9.984022835082340119e-01
6.632531299999999646e+03 9.943838951866820208e-01
6.632565789999999652e+03 9.953607144866868373e-01
6.632600279999999657e+03 1.023497486869193951e+00
6.632634769999999662e+03 9.888525509118361034e-01
6.632669270000000324e+03 9.987140753779907287e-01
6.632703760000000329e+03 1.020932844885197754e+00
6.632738250000000335e+03 1.006722986121010299e+00
6.632772750000000087e+03 9.926335134273878147e-01
6.632807240000000093e+03 1.017926431692937284e+00
6.632841739999999845e+03 1.003205792926056716e+00
6.632876229999999850e+03 9.826261403224416657e-01
6.632910719999999856e+03 9.959594295831546429e-01
6.632945219999999608e+03 9.893530961615631947e-01
6.632979709999999614e+03 9.994721778810665702e-01
6.633014210000000276e+03 1.007968338898381999e+00
6.633048700000000281e+03 1.006880210458253710e+00
6.633083200000000033e+03 9.968900654122355709e-01
6.633117690000000039e+03 9.821399043421183972e-01
6.633152189999999791e+03 9.917469650830477157e-01
6.633186690000000453e+03 1.000526710434871847e+00
6.633221179999999549e+03 9.945524045908642474e-01
6.633255680000000211e+03 9.913496958301732942e-01
6.633290170000000217e+03 9.831409163024857900e-01
6.633324669999999969e+03 9.795470723411222602e-01
6.633359169999999722e+03 9.812686814461830664e-01
6.633393659999999727e+03 9.995231303770054643e-01
6.633428160000000389e+03 9.891431821299400129e-01
6.633462660000000142e+03 9.941407543401480362e-01
6.633497159999999894e+03 9.924407307019058599e-01
6.633531649999999900e+03 9.945912643733452185e-01
6.633566149999999652e+03 1.001557944818618484e+00
6.633600650000000314e+03 9.803787014918730058e-01
6.633635150000000067e+03 9.891064401236497883e-01
6.633669649999999820e+03 9.969060685986043113e-01
6.633704139999999825e+03 9.925299399082850860e-01
6.633738639999999577e+03 9.705441713158485806e-01
6.633773140000000240e+03 9.953157574679283304e-01
6.633807639999999992e+03 9.993720822704961204e-01
6.633842139999999745e+03 1.006956396849884472e+00
6.633876640000000407e+03 9.907087463399514293e-01
6.633911140000000159e+03 9.954465781938204305e-01
6.633945639999999912e+03 1.004324409352311820e+00
6.633980139999999665e+03 1.001650515595850832e+00
6.634014640000000327e+03 9.937616152953392401e-01
6.634049140000000079e+03 1.004503141944516065e+00
6.634083639999999832e+03 9.941102733851862050e-01
6.634118139999999585e+03 1.003787981025199283e+00
6.634152640000000247e+03 9.967406237558431581e-01
6.634187139999999999e+03 9.962002611168003785e-01
6.634221639999999752e+03 9.959565258703989565e-01
6.634256150000000162e+03 1.004745837128113495e+00
6.634290649999999914e+03 1.011522108732745062e+00
6.634325149999999667e+03 1.008886368039563886e+00
6.634359650000000329e+03 1.003996611053362908e+00
6.634394150000000081e+03 9.965558329255501668e-01
6.634428659999999581e+03 9.993678879342796639e-01
6.634463160000000244e+03 1.000273348955343700e+00
6.634497659999999996e+03 1.000515892722534383e+00
6.634532159999999749e+03 9.936799561272576797e-01
6.634566670000000158e+03 1.001733556934785607e+00
6.634601169999999911e+03 1.004167481338382295e+00
6.634635669999999664e+03 1.008382494399209017e+00
6.634670180000000073e+03 1.008808576166480453e+00
6.634704679999999826e+03 9.892453956713547214e-01
6.634739179999999578e+03 9.856095465339883566e-01
6.634773689999999988e+03 9.931215805107055372e-01
6.634808189999999740e+03 9.924353980009366083e-01
6.634842700000000150e+03 1.009890886179740876e+00
6.634877199999999903e+03 1.003014658551728111e+00
6.634911710000000312e+03 1.002259315171709408e+00
6.634946210000000065e+03 1.000101409271185293e+00
6.634980719999999565e+03 9.976590403471934376e-01
6.635015220000000227e+03 1.007903070871398077e+00
6.635049729999999727e+03 1.012992219899403912e+00
6.635084230000000389e+03 1.000844780520184552e+00
6.635118739999999889e+03 9.986800731329847913e-01
6.635153239999999641e+03 1.002145457774978654e+00
6.635187750000000051e+03 1.002483075377311517e+00
6.635222259999999551e+03 9.896570592507212272e-01
6.635256760000000213e+03 1.000068620723191026e+00
6.635291269999999713e+03 1.007396144928170090e+00
6.635325780000000123e+03 9.986090025067581033e-01
6.635360279999999875e+03 9.953013550469073101e-01
6.635394790000000285e+03 1.003233672794818565e+00
6.635429299999999785e+03 9.944840476503612470e-01
6.635463810000000194e+03 1.004246184178701595e+00
6.635498319999999694e+03 1.007612074238432465e+00
6.635532820000000356e+03 9.946085151624380893e-01
6.635567329999999856e+03 1.015213966387149114e+00
6.635601840000000266e+03 1.011801062286014297e+00
6.635636349999999766e+03 1.006683650000496755e+00
6.635670860000000175e+03 1.008614403180942976e+00
6.635705369999999675e+03 1.007080596784449389e+00
6.635739880000000085e+03 1.004108190646748833e+00
6.635774379999999837e+03 1.001134927750003456e+00
6.635808890000000247e+03 9.981672249257406149e-01
6.635843399999999747e+03 9.951923680750697221e-01
6.635877910000000156e+03 1.010910612644333240e+00
6.635912419999999656e+03 1.003365591525604561e+00
6.635946930000000066e+03 9.991410819385321274e-01
6.635981439999999566e+03 9.920489683084336985e-01
6.636015949999999975e+03 1.000519541732776352e+00
6.636050470000000132e+03 9.935398878440906412e-01
6.636084979999999632e+03 9.874210988156393309e-01
6.636119490000000042e+03 1.008147068860955287e+00
6.636154000000000451e+03 9.961206345496537162e-01
6.636188509999999951e+03 1.008841523981004684e+00
6.636223020000000361e+03 9.974482862171373254e-01
6.636257529999999861e+03 1.002268935114023485e+00
6.636292050000000017e+03 9.996455578626008975e-01
6.636326560000000427e+03 1.018175162636630438e+00
6.636361069999999927e+03 1.018446214109290482e+00
6.636395580000000336e+03 9.997906752555262289e-01
6.636430099999999584e+03 9.940060432358751585e-01
6.636464609999999993e+03 1.017431443617583309e+00
6.636499120000000403e+03 1.008155851176480100e+00
6.636533629999999903e+03 1.012082921018941706e+00
6.636568150000000060e+03 1.008151552257263939e+00
6.636602659999999560e+03 1.037566346107959170e+00
6.636637179999999717e+03 1.028855259021595137e+00
6.636671690000000126e+03 1.027876052704876031e+00
6.636706199999999626e+03 1.014612195388676419e+00
6.636740719999999783e+03 1.004414044920105553e+00
6.636775230000000192e+03 9.977516800932573204e-01
6.636809750000000349e+03 1.012949180986471465e+00
6.636844259999999849e+03 1.015956770075338689e+00
6.636878780000000006e+03 1.022869523244705370e+00
6.636913290000000416e+03 1.012403420224861739e+00
6.636947809999999663e+03 1.002793952058473215e+00
6.636982320000000072e+03 1.002359832097989401e+00
6.637016840000000229e+03 1.001125556762646251e+00
6.637051349999999729e+03 1.005371674390493020e+00
6.637085869999999886e+03 1.011377187674502798e+00
6.637120390000000043e+03 1.003531818717755097e+00
6.637154900000000453e+03 9.986836764123655508e-01
6.637189419999999700e+03 9.981668016849548630e-01
6.637223939999999857e+03 1.025024533261162940e+00
6.637258450000000266e+03 1.015730467675125093e+00
6.637292970000000423e+03 1.010755086705779515e+00
6.637327489999999671e+03 1.013484369384925143e+00
6.637362009999999827e+03 9.995838312169839091e-01
6.637396520000000237e+03 9.933052959031155593e-01
6.637431040000000394e+03 1.004527656739527597e+00
6.637465559999999641e+03 1.019981595002398933e+00
6.637500079999999798e+03 1.029121642324156483e+00
6.637534599999999955e+03 1.004908435438065517e+00
6.637569120000000112e+03 1.002072625800500383e+00
6.637603629999999612e+03 1.004675216786161895e+00
6.637638149999999769e+03 9.961272906110308911e-01
6.637672669999999925e+03 1.003209332431780343e+00
6.637707190000000082e+03 1.020731472274359453e+00
6.637741710000000239e+03 9.986255900641677341e-01
6.637776230000000396e+03 1.013886080489626806e+00
6.637810749999999643e+03 1.001464175800197864e+00
6.637845269999999800e+03 9.989718819503521363e-01
6.637879789999999957e+03 1.003988110762165764e+00
6.637914310000000114e+03 1.016962232372657704e+00
6.637948830000000271e+03 1.012108281623426587e+00
6.637983350000000428e+03 1.012646009169419381e+00
6.638017869999999675e+03 1.000502353585594584e+00
6.638052389999999832e+03 1.004059112458238534e+00
6.638086919999999736e+03 9.965113392050641838e-01
6.638121439999999893e+03 1.003314954074160381e+00
6.638155960000000050e+03 1.016360926714361179e+00
6.638190480000000207e+03 9.985542093820561904e-01
6.638225000000000364e+03 1.006267620253709749e+00
6.638259530000000268e+03 9.999707147173153565e-01
6.638294050000000425e+03 1.001945647652131788e+00
6.638328569999999672e+03 1.002939885115611940e+00
6.638363089999999829e+03 1.001027789007978841e+00
6.638397619999999733e+03 9.966036121695514005e-01
6.638432139999999890e+03 1.012780412754842985e+00
6.638466660000000047e+03 9.982143425162407491e-01
6.638501189999999951e+03 1.007371268922958807e+00
6.638535710000000108e+03 1.011199700471937524e+00
6.638570230000000265e+03 9.977200939336002827e-01
6.638604760000000169e+03 9.826609640579271332e-01
6.638639280000000326e+03 1.002219223841887885e+00
6.638673810000000231e+03 9.987131009224546885e-01
6.638708330000000387e+03 9.969282117849841418e-01
6.638742860000000292e+03 1.011263730004832162e+00
6.638777380000000448e+03 9.937849447049234008e-01
6.638811910000000353e+03 1.005368982441225301e+00
6.638846429999999600e+03 1.004176419048296687e+00
6.638880960000000414e+03 1.003531436635438201e+00
6.638915479999999661e+03 9.998279102402213292e-01
6.638950009999999565e+03 1.006306991783566529e+00
6.638984529999999722e+03 1.000382103394255928e+00
6.639019059999999627e+03 9.987115077818999875e-01
6.639053590000000440e+03 1.001408203469472902e+00
6.639088109999999688e+03 1.004916544062820272e+00
6.639122639999999592e+03 1.015044484726267182e+00
6.639157170000000406e+03 1.011391605824646822e+00
6.639191689999999653e+03 1.004007575217958692e+00
6.639226219999999557e+03 9.913447592534652131e-01
6.639260750000000371e+03 1.002850059423010975e+00
6.639295280000000275e+03 1.017916050297536401e+00
6.639329800000000432e+03 1.006417735070367803e+00
6.639364330000000336e+03 1.019677305356047059e+00
6.639398860000000241e+03 1.000692623545829996e+00
6.639433390000000145e+03 1.000765151859515756e+00
6.639467920000000049e+03 9.882238735147832465e-01
6.639502440000000206e+03 1.000230773368768311e+00
6.639536970000000110e+03 1.015162411028638800e+00
6.639571500000000015e+03 9.989163807208628620e-01
6.639606029999999919e+03 9.868731967885071565e-01
6.639640559999999823e+03 9.950796173722761262e-01
6.639675089999999727e+03 1.003870682339659037e+00
6.639709619999999632e+03 9.931931549111515656e-01
6.639744150000000445e+03 1.012060578425275414e+00
6.639778680000000350e+03 1.002697935386158257e+00
6.639813210000000254e+03 9.968076711335932538e-01
6.639847740000000158e+03 9.884206674065719733e-01
6.639882270000000062e+03 9.947074951702421508e-01
6.639916799999999967e+03 1.012497341671071416e+00
6.639951329999999871e+03 9.990980106735397603e-01
6.639985859999999775e+03 9.902462944445683535e-01
6.640020400000000336e+03 9.984003537666067407e-01
6.640054930000000240e+03 1.009704772587583843e+00
6.640089460000000145e+03 1.009600990526760889e+00
6.640123990000000049e+03 1.009333710278048857e+00
6.640158519999999953e+03 9.972882145171899637e-01
6.640193059999999605e+03 1.000995408528941200e+00
6.640227590000000419e+03 9.944087383259234691e-01
6.640262120000000323e+03 9.961602663499682375e-01
6.640296650000000227e+03 1.002954597769927014e+00
6.640331189999999879e+03 9.989902983509800771e-01
6.640365719999999783e+03 1.001533850123385250e+00
6.640400249999999687e+03 1.009465651483137050e+00
6.640434790000000248e+03 9.983087623512658659e-01
6.640469320000000153e+03 9.873032589646463242e-01
6.640503850000000057e+03 9.907081705406005634e-01
6.640538389999999708e+03 1.002549973856718957e+00
6.640572919999999613e+03 9.792292906175606992e-01
6.640607460000000174e+03 1.007082914231747672e+00
6.640641990000000078e+03 9.996617296221622651e-01
6.640676529999999730e+03 9.861996595248245789e-01
6.640711059999999634e+03 9.861970105711866941e-01
6.640745600000000195e+03 9.929770543578010367e-01
6.640780130000000099e+03 9.995116562153217865e-01
6.640814669999999751e+03 9.924685890963698132e-01
6.640849199999999655e+03 1.008481731339977205e+00
6.640883740000000216e+03 1.004637116170032485e+00
6.640918270000000120e+03 9.876206128801783279e-01
6.640952809999999772e+03 1.005619317028903170e+00
6.640987350000000333e+03 9.984261977339650151e-01
6.641021880000000237e+03 1.002669516413954520e+00
6.641056419999999889e+03 1.003598011978988014e+00
6.641090960000000450e+03 9.986647123426446448e-01
6.641125490000000354e+03 9.966509837016005457e-01
6.641160030000000006e+03 1.012473105972995890e+00
6.641194569999999658e+03 9.969561909967915581e-01
6.641229110000000219e+03 9.977834970404041437e-01
6.641263649999999870e+03 1.012762489662016430e+00
6.641298179999999775e+03 1.010560720412853053e+00
6.641332720000000336e+03 1.008351412511787837e+00
6.641367259999999987e+03 1.006147095306815231e+00
6.641401799999999639e+03 1.003935145716925215e+00
6.641436340000000200e+03 1.003913409545959867e+00
6.641470879999999852e+03 1.033502057848385336e+00
6.641505420000000413e+03 1.009759625490549428e+00
6.641539950000000317e+03 1.010390624617770516e+00
6.641574489999999969e+03 9.968264261297448137e-01
6.641609029999999620e+03 1.008662146016573891e+00
6.641643570000000182e+03 1.015879904985131255e+00
6.641678109999999833e+03 9.896695014100994614e-01
6.641712650000000394e+03 1.004976413592133078e+00
6.641747190000000046e+03 9.971821647556023960e-01
6.641781729999999698e+03 1.004248110284875262e+00
6.641816270000000259e+03 1.012532593347870380e+00
6.641850819999999658e+03 1.006283504162178266e+00
6.641885360000000219e+03 1.004291287711239100e+00
6.641919899999999870e+03 9.987342990981622481e-01
6.641954440000000432e+03 1.015187342850433883e+00
6.641988980000000083e+03 1.006704360599475434e+00
6.642023519999999735e+03 1.024946011782317701e+00
6.642058060000000296e+03 1.009299603787795929e+00
6.642092609999999695e+03 1.000467374230492146e+00
6.642127150000000256e+03 1.002646611859872250e+00
6.642161689999999908e+03 1.011165605748139074e+00
6.642196229999999559e+03 1.020907087038086303e+00
6.642230779999999868e+03 1.019736324450901233e+00
6.642265320000000429e+03 1.001238455691080720e+00
6.642299860000000081e+03 9.953815048690782818e-01
6.642334410000000389e+03 1.015020842304196425e+00
6.642368950000000041e+03 9.914208884595486770e-01
6.642403489999999692e+03 9.991379714713390925e-01
6.642438040000000001e+03 1.013854447364659794e+00
6.642472579999999653e+03 1.018664874338275572e+00
6.642507129999999961e+03 9.967301861643481642e-01
6.642541669999999613e+03 1.003174712558563275e+00
6.642576219999999921e+03 9.969081471900144154e-01
6.642610759999999573e+03 9.978732612215643893e-01
6.642645309999999881e+03 1.000262381689083657e+00
6.642679850000000442e+03 1.008189803157836018e+00
6.642714399999999841e+03 1.014186932476564218e+00
6.642748940000000403e+03 9.938311439559477378e-01
6.642783489999999802e+03 1.009119181034225265e+00
6.642818030000000363e+03 9.915914165714591055e-01
6.642852579999999762e+03 9.955913708861726663e-01
6.642887130000000070e+03 1.002202990639785796e+00
6.642921669999999722e+03 9.970221182276600702e-01
6.642956220000000030e+03 1.004135151170136853e+00
6.642990770000000339e+03 9.986506412777574893e-01
6.643025309999999990e+03 9.902187202751127071e-01
6.643059860000000299e+03 1.006057048029872281e+00
6.643094409999999698e+03 9.838522380903890197e-01
6.643128960000000006e+03 9.997881715412907377e-01
6.643163499999999658e+03 1.006109967944870620e+00
6.643198049999999967e+03 9.932641726014302952e-01
6.643232600000000275e+03 9.924927149278570671e-01
6.643267149999999674e+03 9.963964096625385070e-01
6.643301699999999983e+03 1.013805795843612190e+00
6.643336239999999634e+03 9.937696202488113251e-01
6.643370789999999943e+03 9.909366478332649608e-01
6.643405340000000251e+03 1.004247848307870505e+00
6.643439889999999650e+03 1.010362143188539230e+00
6.643474439999999959e+03 9.956691639420203188e-01
6.643508990000000267e+03 9.819752668366154014e-01
6.643543539999999666e+03 9.941314291154772498e-01
6.643578089999999975e+03 9.932897328094566491e-01
6.643612640000000283e+03 1.012844263987447979e+00
6.643647189999999682e+03 9.967354260538737742e-01
6.643681739999999991e+03 9.990994196341892453e-01
6.643716290000000299e+03 1.012060468031751315e+00
6.643750839999999698e+03 1.016440468841270262e+00
6.643785390000000007e+03 1.001258357739736038e+00
6.643819940000000315e+03 1.005644418305056798e+00
6.643854489999999714e+03 1.014091673896308610e+00
6.643889049999999770e+03 1.022591587099160426e+00
6.643923600000000079e+03 1.006347937658863989e+00
6.643958150000000387e+03 1.013465614297113682e+00
6.643992699999999786e+03 9.986319005243405877e-01
6.644027250000000095e+03 1.005592431880605320e+00
6.644061810000000150e+03 1.005129873253553408e+00
6.644096359999999549e+03 9.979090608985409228e-01
6.644130909999999858e+03 1.001231774961318433e+00
6.644165460000000166e+03 9.980783442173845055e-01
6.644200020000000222e+03 9.878275434183805270e-01
6.644234569999999621e+03 1.001694970328479428e+00
6.644269119999999930e+03 1.001447340742160019e+00
6.644303679999999986e+03 1.001180819549958301e+00
6.644338230000000294e+03 1.005243281494963004e+00
6.644372790000000350e+03 1.010281861392740677e+00
6.644407339999999749e+03 1.003933213509382361e+00
6.644441890000000058e+03 9.965529950362319589e-01
6.644476450000000114e+03 1.008153674387242793e+00
6.644511000000000422e+03 9.889878867493389070e-01
6.644545559999999568e+03 9.896318927608818150e-01
6.644580109999999877e+03 9.949636235886198943e-01
6.644614669999999933e+03 9.910010527601677000e-01
6.644649220000000241e+03 1.018576054635024208e+00
6.644683780000000297e+03 9.929987724481592615e-01
6.644718340000000353e+03 9.968457907555349218e-01
6.644752889999999752e+03 1.004984048856933931e+00
6.644787449999999808e+03 9.935673934148093744e-01
6.644822000000000116e+03 1.000271540025042816e+00
6.644856560000000172e+03 9.988722312718061325e-01
6.644891120000000228e+03 9.824468473643994670e-01
6.644925669999999627e+03 1.018496397549919052e+00
6.644960229999999683e+03 9.950844389240707244e-01
6.644994789999999739e+03 1.011542740150204178e+00
6.645029349999999795e+03 9.958226679381794177e-01
6.645063900000000103e+03 1.004134474455977255e+00
6.645098460000000159e+03 9.817569242906220017e-01
6.645133020000000215e+03 9.912684705335167434e-01
6.645167580000000271e+03 1.001160626198966508e+00
6.645202140000000327e+03 1.004683621228666279e+00
6.645236689999999726e+03 1.003338547524912583e+00
6.645271249999999782e+03 1.004241525927525913e+00
6.645305809999999838e+03 1.004159381100545367e+00
6.645340369999999893e+03 1.009439997095305186e+00
6.645374929999999949e+03 1.016142973754789125e+00
6.645409490000000005e+03 9.989597207352466368e-01
6.645444050000000061e+03 9.905431198164384998e-01
6.645478610000000117e+03 1.007103794178241474e+00
6.645513170000000173e+03 1.014813890297392218e+00
6.645547730000000229e+03 1.005745426664194087e+00
6.645582290000000285e+03 9.980531754709691672e-01
6.645616850000000341e+03 1.003185489958267063e+00
6.645651410000000396e+03 1.002869255911161162e+00
6.645685970000000452e+03 1.012934577389110746e+00
6.645720529999999599e+03 1.005872413999750137e+00
6.645755089999999655e+03 1.008054220069925178e+00
6.645789660000000367e+03 9.974929327607918728e-01
6.645824220000000423e+03 1.006644433889657186e+00
6.645858779999999570e+03 1.008782652416414738e+00
6.645893339999999625e+03 1.017576359514285267e+00
6.645927899999999681e+03 1.010137355029552930e+00
6.645962459999999737e+03 1.011586831515619567e+00
6.645997030000000450e+03 9.932175661712872028e-01
6.646031589999999596e+03 1.006878908032803110e+00
6.646066149999999652e+03 9.942219357465588159e-01
6.646100720000000365e+03 9.982727706527708689e-01
6.646135280000000421e+03 9.996782948216094145e-01
6.646169839999999567e+03 1.006673781963879355e+00
6.646204410000000280e+03 1.010466930148963938e+00
6.646238970000000336e+03 9.967100695311253977e-01
6.646273530000000392e+03 1.006454959165610452e+00
6.646308100000000195e+03 1.003777307990591172e+00
6.646342660000000251e+03 1.004575946014599985e+00
6.646377230000000054e+03 1.009567378563664297e+00
6.646411790000000110e+03 1.012767088500867274e+00
6.646446359999999913e+03 1.008670223210870631e+00
6.646480919999999969e+03 1.009906577899839508e+00
6.646515489999999772e+03 9.954380711293616679e-01
6.646550049999999828e+03 9.885511981831675010e-01
6.646584619999999632e+03 9.783367816385545312e-01
6.646619179999999687e+03 1.003695006166179793e+00
6.646653750000000400e+03 1.023556456359235645e+00
6.646688309999999547e+03 1.015446456911284434e+00
6.646722880000000259e+03 1.004362645900032103e+00
6.646757450000000063e+03 9.998566445695290517e-01
6.646792010000000118e+03 1.004795223643462521e+00
6.646826579999999922e+03 1.016226338227598447e+00
6.646861149999999725e+03 1.013482756040883226e+00
6.646895709999999781e+03 1.001069351343631508e+00
6.646930279999999584e+03 1.012737424281726861e+00
6.646964850000000297e+03 1.009346107322492525e+00
6.646999420000000100e+03 9.978428108246487627e-01
6.647033980000000156e+03 9.955724382960515761e-01
6.647068549999999959e+03 9.952807575067310619e-01
6.647103119999999763e+03 1.001985901094334386e+00
6.647137689999999566e+03 1.025808116766403710e+00
6.647172260000000279e+03 1.000013950699096821e+00
6.647206830000000082e+03 1.015058257294165767e+00
6.647241399999999885e+03 9.944498812839748236e-01
6.647275959999999941e+03 1.004253456135378419e+00
6.647310529999999744e+03 1.001813073267078025e+00
6.647345099999999547e+03 1.020955143084228744e+00
6.647379670000000260e+03 9.982097888772567540e-01
6.647414240000000063e+03 1.011930960084572062e+00
6.647448809999999867e+03 9.931517507469077577e-01
6.647483379999999670e+03 1.003193043085475855e+00
6.647517950000000383e+03 1.003834877934086434e+00
6.647552520000000186e+03 1.013559452590185206e+00
6.647587089999999989e+03 1.017396910468556293e+00
6.647621670000000449e+03 1.005670093541891186e+00
6.647656240000000253e+03 1.013166401335100275e+00
6.647690810000000056e+03 1.007995671250804026e+00
6.647725379999999859e+03 1.002377820674125619e+00
6.647759949999999662e+03 1.002354646440035468e+00
6.647794520000000375e+03 1.023874075665745176e+00
6.647829090000000178e+03 1.008170296546861300e+00
6.647863669999999729e+03 1.007861380205493429e+00
6.647898240000000442e+03 1.011541193849982978e+00
6.647932810000000245e+03 9.983079946615360800e-01
6.647967380000000048e+03 1.010316376004599892e+00
6.648001959999999599e+03 1.018232507044128488e+00
6.648036530000000312e+03 1.000238458009021558e+00
6.648071100000000115e+03 1.015755895978380563e+00
6.648105679999999666e+03 1.010768391002007771e+00
6.648140250000000378e+03 9.997554153350788342e-01
6.648174820000000182e+03 1.033664043756763906e+00
6.648209399999999732e+03 1.005168586593271574e+00
6.648243970000000445e+03 1.004968807083371773e+00
6.648278549999999996e+03 1.019475418152702151e+00
6.648313119999999799e+03 1.021113761426110100e+00
6.648347700000000259e+03 9.927269758409821288e-01
6.648382270000000062e+03 1.004466619840254538e+00
6.648416849999999613e+03 1.006428383541361882e+00
6.648451420000000326e+03 1.010764358983702538e+00
6.648485999999999876e+03 1.016074686705886743e+00
6.648520569999999680e+03 1.014399441259373758e+00
6.648555150000000140e+03 9.993402017670852677e-01
6.648589719999999943e+03 1.013776467485225430e+00
6.648624300000000403e+03 1.008024817005114926e+00
6.648658879999999954e+03 1.006459578476420980e+00
6.648693449999999757e+03 1.014311765219364503e+00
6.648728030000000217e+03 1.014041407327734623e+00
6.648762609999999768e+03 1.001101381720485684e+00
6.648797179999999571e+03 9.942898300431848302e-01
6.648831760000000031e+03 1.007222537637892046e+00
6.648866339999999582e+03 9.994950754805934645e-01
6.648900910000000295e+03 9.974376870946995988e-01
6.648935489999999845e+03 1.003628209974867014e+00
6.648970070000000305e+03 1.009979402178236230e+00
6.649004649999999856e+03 9.874908925110921221e-01
6.649039230000000316e+03 1.003785817616972942e+00
6.649073809999999867e+03 9.760049901315372978e-01
6.649108379999999670e+03 1.012819473136281179e+00
6.649142960000000130e+03 1.007663292063140981e+00
6.649177539999999681e+03 1.011271089707967752e+00
6.649212120000000141e+03 1.015592214891391842e+00
6.649246699999999691e+03 9.911983992862699600e-01
6.649281280000000152e+03 1.005041529766098174e+00
6.649315859999999702e+03 9.994561896029237058e-01
6.649350440000000162e+03 1.007116442890689356e+00
6.649385019999999713e+03 1.001907219910220137e+00
6.649419600000000173e+03 9.856903007159079078e-01
6.649454179999999724e+03 9.822613657335774739e-01
6.649488760000000184e+03 1.003399151401618061e+00
6.649523339999999735e+03 9.925230962017217440e-01
6.649557920000000195e+03 9.897649035285492891e-01
6.649592499999999745e+03 1.002759752191018983e+00
6.649627089999999953e+03 9.995940992365822675e-01
6.649661670000000413e+03 9.939962218339843947e-01
6.649696249999999964e+03 1.027069459433208154e+00
6.649730830000000424e+03 1.005054067005521690e+00
6.649765409999999974e+03 9.898338583453785144e-01
6.649799990000000435e+03 1.010006276577808837e+00
6.649834579999999733e+03 1.002089009881861115e+00
6.649869160000000193e+03 1.014168640066414495e+00
6.649903739999999743e+03 1.006690176750290044e+00
6.649938329999999951e+03 9.953126319734530991e-01
6.649972910000000411e+03 9.782181060194949929e-01
6.650007489999999962e+03 9.879720782909869881e-01
6.650042080000000169e+03 1.018838761751672539e+00
6.650076659999999720e+03 1.005680928976697253e+00
6.650111240000000180e+03 1.008370166833040482e+00
6.650145830000000387e+03 9.881977486006102707e-01
6.650180409999999938e+03 1.006828086383948495e+00
6.650215000000000146e+03 1.000601634956067576e+00
6.650249579999999696e+03 9.963377414670657739e-01
6.650284160000000156e+03 1.016206290820945046e+00
6.650318750000000364e+03 1.010876577697515488e+00
6.650353329999999914e+03 1.002081313871963753e+00
6.650387920000000122e+03 9.930987046918294814e-01
6.650422510000000329e+03 1.013578444158114822e+00
6.650457089999999880e+03 1.013112758391358392e+00
6.650491680000000088e+03 1.002476384267815934e+00
6.650526259999999638e+03 1.003897344895213761e+00
6.650560849999999846e+03 1.014592047288177756e+00
6.650595440000000053e+03 1.012954663686301826e+00
6.650630019999999604e+03 1.007069318423323923e+00
6.650664609999999811e+03 9.750640058356376816e-01
6.650699200000000019e+03 9.884897682440484390e-01
6.650733779999999570e+03 9.987319241544762027e-01
6.650768369999999777e+03 1.008371862722215129e+00
6.650802959999999985e+03 1.007668502527318433e+00
6.650837540000000445e+03 1.005474336271369173e+00
6.650872129999999743e+03 1.004758616096200319e+00
6.650906719999999950e+03 9.894611032208174839e-01
6.650941310000000158e+03 1.020539266333405415e+00
6.650975900000000365e+03 1.008261189781688438e+00
6.651010489999999663e+03 1.011234348855528875e+00
6.651045070000000123e+03 1.015704073668977747e+00
6.651079660000000331e+03 1.004567389448817183e+00
6.651114249999999629e+03 1.003638984661143319e+00
6.651148839999999836e+03 9.957911741650877779e-01
6.651183430000000044e+03 1.007010934307177807e+00
6.651218020000000251e+03 1.005262288585816899e+00
6.651252609999999549e+03 1.013037123346787416e+00
6.651287199999999757e+03 1.008176664692881586e+00
6.651321789999999964e+03 9.991281428481900706e-01
6.651356380000000172e+03 1.011322225114810625e+00
6.651390970000000380e+03 9.943112321818313726e-01
6.651425559999999678e+03 1.019829913136430122e+00
6.651460149999999885e+03 1.017987713951427287e+00
6.651494740000000093e+03 1.012236116154699106e+00
6.651529340000000047e+03 1.002741830709290793e+00
6.651563930000000255e+03 1.019349575776501426e+00
6.651598519999999553e+03 1.019266954043519968e+00
6.651633109999999760e+03 1.014833496954920866e+00
6.651667699999999968e+03 9.992366383174053901e-01
6.651702290000000175e+03 1.005760184924616274e+00
6.651736890000000130e+03 1.010718291256093249e+00
6.651771480000000338e+03 1.019066711608838549e+00
6.651806069999999636e+03 1.002785866087018585e+00
6.651840659999999843e+03 1.004319094148232061e+00
6.651875259999999798e+03 1.004408969644320582e+00
6.651909850000000006e+03 1.011601414455910009e+00
6.651944440000000213e+03 1.005116338463901027e+00
6.651979040000000168e+03 1.002266177362855837e+00
6.652013630000000376e+03 1.019919315720914321e+00
6.652048230000000331e+03 9.984728571701382283e-01
6.652082819999999629e+03 1.002779883944644679e+00
6.652117409999999836e+03 9.905701408814335807e-01
6.652152009999999791e+03 1.012783212856867010e+00
6.652186599999999999e+03 1.006401868256082688e+00
6.652221199999999953e+03 1.002075350309014956e+00
6.652255790000000161e+03 9.958022415874343558e-01
6.652290390000000116e+03 1.008584626379938509e+00
6.652324980000000323e+03 1.007567031051336492e+00
6.652359580000000278e+03 9.908152216504811927e-01
6.652394169999999576e+03 9.925372879757263789e-01
6.652428770000000441e+03 9.939128080222789929e-01
6.652463370000000396e+03 1.008700215117159349e+00
6.652497959999999694e+03 1.000547801036427931e+00
6.652532559999999648e+03 1.009483106927406171e+00
6.652567159999999603e+03 1.008724212103417894e+00
6.652601749999999811e+03 1.006023971666924588e+00
6.652636349999999766e+03 9.993979898796020445e-01
6.652670949999999721e+03 1.008408982522889685e+00
6.652705539999999928e+03 1.015871928874907404e+00
6.652740139999999883e+03 1.008180189571490359e+00
6.652774739999999838e+03 1.016758079435464479e+00
6.652809339999999793e+03 1.000305902024440918e+00
6.652843930000000000e+03 1.017041164073405390e+00
6.652878529999999955e+03 1.020900552497755243e+00
6.652913129999999910e+03 1.004355789681589783e+00
6.652947729999999865e+03 9.992144977448114140e-01
6.652982329999999820e+03 1.003256844733870334e+00
6.653016929999999775e+03 1.002525806551051391e+00
6.653051529999999730e+03 1.016152414609726717e+00
6.653086129999999685e+03 1.012830505699921835e+00
6.653120729999999639e+03 1.015739580843151968e+00
6.653155329999999594e+03 1.011278409252241550e+00
6.653189929999999549e+03 1.001718832403851955e+00
6.653224530000000414e+03 1.001289496313687577e+00
6.653259130000000368e+03 1.008839532561282670e+00
6.653293730000000323e+03 1.001295430401869746e+00
6.653328330000000278e+03 9.974666813297597967e-01
6.653362930000000233e+03 1.006757945010194666e+00
6.653397530000000188e+03 9.986325520251332355e-01
6.653432130000000143e+03 1.018234723616427972e+00
6.653466730000000098e+03 1.001281607985631927e+00
6.653501330000000053e+03 1.013628497766574377e+00
6.653535930000000008e+03 1.006879878391504723e+00
6.653570539999999710e+03 1.013285679381723758e+00
6.653605139999999665e+03 1.018132723640230664e+00
6.653639739999999620e+03 1.012661050783073113e+00
6.653674339999999575e+03 1.016969822693223557e+00
6.653708940000000439e+03 1.003864675290776498e+00
6.653743550000000141e+03 1.021999914690044475e+00
6.653778150000000096e+03 1.005781941494169995e+00
6.653812750000000051e+03 1.011587668070247137e+00
6.653847359999999753e+03 1.006484484990574524e+00
6.653881959999999708e+03 1.009722849492957542e+00
6.653916559999999663e+03 1.019324366939479809e+00
6.653951170000000275e+03 1.031976434396162601e+00
6.653985770000000230e+03 1.027023557681705945e+00
6.654020379999999932e+03 1.017385516036878323e+00
6.654054979999999887e+03 1.008316947119934692e+00
6.654089579999999842e+03 1.007578479254106707e+00
6.654124190000000453e+03 9.950453569978664481e-01
6.654158790000000408e+03 1.004485351706122298e+00
6.654193400000000111e+03 1.025576986837381854e+00
6.654228000000000065e+03 1.000045101612589526e+00
6.654262609999999768e+03 1.006804798426544023e+00
6.654297220000000380e+03 1.018363476782334187e+00
6.654331820000000334e+03 1.009950877224696342e+00
6.654366430000000037e+03 1.009870117997167638e+00
6.654401029999999992e+03 1.026203694554044032e+00
6.654435639999999694e+03 1.013317322149041910e+00
6.654470250000000306e+03 9.865776315860199652e-01
6.654504850000000260e+03 9.986513254938226281e-01
6.654539459999999963e+03 9.902056159826537751e-01
6.654574069999999665e+03 1.001358950210355703e+00
6.654608669999999620e+03 1.018427927306913672e+00
6.654643280000000232e+03 1.006673556253738111e+00
6.654677889999999934e+03 1.012483013008258936e+00
6.654712499999999636e+03 1.015209669853642360e+00
6.654747110000000248e+03 1.012283978687321007e+00
6.654781710000000203e+03 1.011188029217354512e+00
6.654816319999999905e+03 1.027595580456865942e+00
6.654850929999999607e+03 1.011064118767591058e+00
6.654885540000000219e+03 1.005593518174357603e+00
6.654920149999999921e+03 1.009003564656995477e+00
6.654954759999999624e+03 1.015892288701775614e+00
6.654989370000000235e+03 1.009048758970856108e+00
6.655023979999999938e+03 1.000211689961109984e+00
6.655058589999999640e+03 1.015249186584094909e+00
6.655093189999999595e+03 9.977428783176940374e-01
6.655127800000000207e+03 1.009076470260598768e+00
6.655162409999999909e+03 9.959194810999461023e-01
6.655197030000000268e+03 9.925879826920206428e-01
6.655231639999999970e+03 9.998994799021807545e-01
6.655266249999999673e+03 9.944245311313096858e-01
6.655300860000000284e+03 1.007079965390068610e+00
6.655335469999999987e+03 1.012270203111823585e+00
6.655370079999999689e+03 9.986630164229307605e-01
6.655404690000000301e+03 9.962161381032325069e-01
6.655439300000000003e+03 1.019259333987794447e+00
6.655473909999999705e+03 1.005110290338595558e+00
6.655508530000000064e+03 1.000471346504495651e+00
6.655543139999999767e+03 9.985199449550791195e-01
6.655577750000000378e+03 1.004290016984587197e+00
6.655612360000000081e+03 9.925644440176467631e-01
6.655646980000000440e+03 9.989350273495984922e-01
6.655681590000000142e+03 1.013029735124074016e+00
6.655716199999999844e+03 1.002283100727473952e+00
6.655750809999999547e+03 9.959887190346828900e-01
6.655785429999999906e+03 1.005899045833685612e+00
6.655820039999999608e+03 1.006714634634992001e+00
6.655854659999999967e+03 1.011828939619049850e+00
6.655889269999999669e+03 1.010009677868269229e+00
6.655923880000000281e+03 1.015404310544041122e+00
6.655958499999999731e+03 1.013434889328724164e+00
6.655993110000000343e+03 1.001657700561566555e+00
6.656027729999999792e+03 1.028054636791021048e+00
6.656062340000000404e+03 1.008735868827663529e+00
6.656096959999999854e+03 1.001289719463227090e+00
6.656131569999999556e+03 1.009714859627872885e+00
6.656166189999999915e+03 9.970742790832078928e-01
6.656200799999999617e+03 1.010477461230135043e+00
6.656235419999999976e+03 1.004573474537290512e+00
6.656270029999999679e+03 9.972256385957007918e-01
6.656304650000000038e+03 9.964688173572742169e-01
6.656339270000000397e+03 1.002934378371355795e+00
6.656373880000000099e+03 1.003170256175781150e+00
6.656408499999999549e+03 1.004375783531690658e+00
6.656443119999999908e+03 9.820198343009070019e-01
6.656477729999999610e+03 1.002887716882090219e+00
6.656512349999999969e+03 9.964904854390586042e-01
6.656546970000000329e+03 9.954164418719833041e-01
6.656581580000000031e+03 1.011859728371943712e+00
6.656616200000000390e+03 9.916341576150984327e-01
6.656650819999999840e+03 1.000597737798244236e+00
6.656685440000000199e+03 9.926851915868815102e-01
6.656720059999999648e+03 1.000012027242740631e+00
6.656754670000000260e+03 1.002013535115845233e+00
6.656789289999999710e+03 9.981340696745033547e-01
6.656823910000000069e+03 9.968706184174134233e-01
6.656858530000000428e+03 1.006075154335312805e+00
6.656893149999999878e+03 1.012212029060596485e+00
6.656927770000000237e+03 1.006595645181526111e+00
6.656962389999999687e+03 1.002531577655130235e+00
6.656997010000000046e+03 9.862840779043796635e-01
6.657031630000000405e+03 9.908753711101955242e-01
6.657066249999999854e+03 1.000447914654906567e+00
6.657100870000000214e+03 9.915087171638320429e-01
6.657135489999999663e+03 9.911238876642773921e-01
6.657170110000000022e+03 1.010928504059406041e+00
6.657204730000000382e+03 9.844220982598325120e-01
6.657239349999999831e+03 1.000369065130022106e+00
6.657273970000000190e+03 9.990508249096781146e-01
6.657308589999999640e+03 9.993576484689601358e-01
6.657343219999999747e+03 1.009116781092558757e+00
6.657377840000000106e+03 9.957641881297333297e-01
6.657412459999999555e+03 1.012990773956425006e+00
6.657447079999999914e+03 9.917205796927559547e-01
6.657481700000000274e+03 9.999306103044508509e-01
6.657516330000000380e+03 9.945388937358512482e-01
6.657550949999999830e+03 9.947403975533183340e-01
6.657585570000000189e+03 1.003071698483043228e+00
6.657620189999999639e+03 1.012281642789848668e+00
6.657654819999999745e+03 1.000100863729616263e+00
6.657689440000000104e+03 9.980254037899284336e-01
6.657724059999999554e+03 9.943437352466609758e-01
6.657758689999999660e+03 9.886575560997107326e-01
6.657793310000000019e+03 9.993917264859019101e-01
6.657827930000000379e+03 1.000550737542370117e+00
6.657862559999999576e+03 1.008256678412555951e+00
6.657897179999999935e+03 9.946223094924887542e-01
6.657931810000000041e+03 1.000593085297016183e+00
6.657966430000000400e+03 1.011642788581188279e+00
6.658001059999999597e+03 1.008999421956479514e+00
6.658035679999999957e+03 1.002394519908408776e+00
6.658070310000000063e+03 1.005037554238303876e+00
6.658104930000000422e+03 9.924860073872365795e-01
6.658139559999999619e+03 1.001119757258893239e+00
6.658174179999999978e+03 9.990653155725133239e-01
6.658208810000000085e+03 9.982546556217287703e-01
6.658243440000000192e+03 1.008650745034819218e+00
6.658278059999999641e+03 1.004778586294397646e+00
6.658312689999999748e+03 1.000666138821969309e+00
6.658347319999999854e+03 1.014105143915154050e+00
6.658381940000000213e+03 1.010856563435073463e+00
6.658416570000000320e+03 1.006292378787037034e+00
6.658451200000000426e+03 1.008285552607007141e+00
6.658485819999999876e+03 1.010221683953486105e+00
6.658520449999999983e+03 1.001700607407356447e+00
6.658555080000000089e+03 1.000633273277057533e+00
6.658589710000000196e+03 1.003022859979369574e+00
6.658624340000000302e+03 1.001112139863549189e+00
6.658658959999999752e+03 9.950850291458235297e-01
6.658693589999999858e+03 9.856828934398037534e-01
6.658728219999999965e+03 1.001039242422769204e+00
6.658762850000000071e+03 1.008170803283324979e+00
6.658797480000000178e+03 1.003492888558675133e+00
6.658832110000000284e+03 1.002823907797927960e+00
6.658866740000000391e+03 9.982248093578346415e-01
6.658901369999999588e+03 9.985169919742632461e-01
6.658935999999999694e+03 9.946210770275694113e-01
6.658970629999999801e+03 9.988534531391508597e-01
6.659005259999999907e+03 1.002774110580615385e+00
6.659039890000000014e+03 1.000036196936599397e+00
6.659074520000000120e+03 1.004046749454021281e+00
6.659109150000000227e+03 9.914673652253195302e-01
6.659143780000000334e+03 1.007861074935256562e+00
6.659178410000000440e+03 9.953890338517594749e-01
6.659213039999999637e+03 1.006368828190120190e+00
6.659247669999999744e+03 9.995237562337299098e-01
6.659282299999999850e+03 9.846195692351468187e-01
6.659316939999999704e+03 9.921712055166723720e-01
6.659351569999999811e+03 9.991255680824043806e-01
6.659386199999999917e+03 1.001096140128181045e+00
6.659420830000000024e+03 9.955308761600357714e-01
6.659455460000000130e+03 9.970621081285748755e-01
6.659490099999999984e+03 1.007272211505539472e+00
6.659524730000000091e+03 1.007413166779160374e+00
6.659559360000000197e+03 1.002730466392443898e+00
6.659594000000000051e+03 1.000542009523845088e+00
6.659628630000000157e+03 1.018868704189091590e+00
6.659663260000000264e+03 1.018881778787956716e+00
6.659697900000000118e+03 1.014185408433783353e+00
6.659732530000000224e+03 9.987030042584720269e-01
6.659767160000000331e+03 1.007347578873975857e+00
6.659801800000000185e+03 1.011177880426973319e+00
6.659836430000000291e+03 1.002358965942471425e+00
6.659871070000000145e+03 9.906217453519242655e-01
6.659905700000000252e+03 9.998108859190349973e-01
6.659940340000000106e+03 1.003822550316023632e+00
6.659974970000000212e+03 1.007723928684393089e+00
6.660009610000000066e+03 1.000503943449285282e+00
6.660044240000000173e+03 9.977448690254590025e-01
6.660078880000000026e+03 9.927246768637665308e-01
6.660113519999999880e+03 1.004122542115237104e+00
6.660148149999999987e+03 9.943732757064003280e-01
6.660182789999999841e+03 1.000677693563792214e+00
6.660217419999999947e+03 1.013342484202053306e+00
6.660252059999999801e+03 1.010368753143635390e+00
6.660286699999999655e+03 1.001549946415480674e+00
6.660321329999999762e+03 1.020179310363582781e+00
6.660355969999999616e+03 1.006775904021993684e+00
6.660390610000000379e+03 9.969433908965726898e-01
6.660425250000000233e+03 1.005560552085102755e+00
6.660459880000000339e+03 1.009233208689180428e+00
6.660494520000000193e+03 1.014142491396713641e+00
6.660529160000000047e+03 9.960952062572687726e-01
6.660563799999999901e+03 1.010914435381929710e+00
6.660598439999999755e+03 1.004211407956385971e+00
6.660633069999999861e+03 1.000596060017300060e+00
6.660667709999999715e+03 1.011887648546071938e+00
6.660702349999999569e+03 1.020980286017735716e+00
6.660736990000000333e+03 1.015246065685225574e+00
6.660771630000000187e+03 1.000953856357965410e+00
6.660806270000000040e+03 1.011433033799159054e+00
6.660840909999999894e+03 9.966548097648881832e-01
6.660875549999999748e+03 9.801227303599142626e-01
6.660910189999999602e+03 9.718312521333625220e-01
6.660944830000000366e+03 9.793335399941163200e-01
6.660979470000000219e+03 9.709232936813050330e-01
6.661014110000000073e+03 9.592861485087804674e-01
6.661048749999999927e+03 9.616726108711074472e-01
6.661083389999999781e+03 9.566986007649318502e-01
6.661118029999999635e+03 9.406330714861673714e-01
6.661152680000000146e+03 9.497585977893687748e-01
6.661187320000000000e+03 9.506963877722673928e-01
6.661221959999999854e+03 9.358972038725432707e-01
6.661256599999999708e+03 9.325317108359112428e-01
6.661291239999999561e+03 9.415277289825118023e-01
6.661325880000000325e+03 9.470234575947562572e-01
6.661360529999999926e+03 9.423085632918223320e-01
6.661395169999999780e+03 9.516604629067150212e-01
6.661429809999999634e+03 9.635878019085990509e-01
6.661464450000000397e+03 9.629342450311176860e-01
6.661499099999999999e+03 9.730032703995377119e-01
6.661533739999999852e+03 9.911028877341088172e-01
6.661568379999999706e+03 9.902388235843245790e-01
6.661603030000000217e+03 9.919063789514898088e-01
6.661637670000000071e+03 1.005274939743448170e+00
6.661672319999999672e+03 9.932885278926512074e-01
6.661706960000000436e+03 9.934882136405680519e-01
6.661741600000000290e+03 9.878274677747357346e-01
6.661776249999999891e+03 9.975334519280759649e-01
6.661810889999999745e+03 1.024188231535016813e+00
6.661845540000000256e+03 1.021713681944344643e+00
6.661880180000000109e+03 1.007323357746869208e+00
6.661914829999999711e+03 1.019371218994197914e+00
6.661949469999999565e+03 1.004637456661937156e+00
6.661984120000000075e+03 1.012516762651677338e+00
6.662018769999999677e+03 1.025885518456685963e+00
6.662053410000000440e+03 1.017915174348531737e+00
6.662088060000000041e+03 1.009825982753810081e+00
6.662122699999999895e+03 1.009136374800591041e+00
6.662157350000000406e+03 1.009486155733993362e+00
6.662192000000000007e+03 1.001594894273158287e+00
6.662226639999999861e+03 1.011673468554270539e+00
6.662261290000000372e+03 1.006078656466378618e+00
6.662295939999999973e+03 1.011445793527381287e+00
6.662330589999999575e+03 1.006248965683962604e+00
6.662365230000000338e+03 9.984245421465965942e-01
6.662399879999999939e+03 1.009675383380568503e+00
6.662434530000000450e+03 1.019607164880675709e+00
6.662469180000000051e+03 9.987881268438822957e-01
6.662503829999999653e+03 9.888950294943019692e-01
6.662538470000000416e+03 1.006933551113295744e+00
6.662573120000000017e+03 9.893718637755052336e-01
6.662607769999999618e+03 9.997874456838732327e-01
6.662642420000000129e+03 1.009831882882171517e+00
6.662677069999999730e+03 1.005811692129589874e+00
6.662711720000000241e+03 1.006688488278986160e+00
6.662746369999999843e+03 1.011818874597009810e+00
6.662781020000000353e+03 1.018147365200685606e+00
6.662815669999999955e+03 1.019860558210479606e+00
6.662850319999999556e+03 9.995325344167669268e-01
6.662884970000000067e+03 1.000558840150486573e+00
6.662919619999999668e+03 1.004697579389535189e+00
6.662954270000000179e+03 9.976033694970811716e-01
6.662988919999999780e+03 9.973251772311405583e-01
6.663023570000000291e+03 1.014117433989293993e+00
6.663058219999999892e+03 1.014134190147721215e+00
6.663092870000000403e+03 1.006683587006784508e+00
6.663127529999999751e+03 1.003201472276605610e+00
6.663162180000000262e+03 1.011559692228079843e+00
6.663196829999999864e+03 1.013469056806074686e+00
6.663231480000000374e+03 1.008933269774318298e+00
6.663266129999999976e+03 1.007202222507422418e+00
6.663300790000000234e+03 1.005837590974071105e+00
6.663335439999999835e+03 9.998553108700856118e-01
6.663370090000000346e+03 1.002118361293791171e+00
6.663404739999999947e+03 1.023800660262964568e+00
6.663439400000000205e+03 1.013995755943636334e+00
6.663474049999999806e+03 1.010915386613632005e+00
6.663508700000000317e+03 1.016110091788916092e+00
6.663543359999999666e+03 1.018089183539575338e+00
6.663578010000000177e+03 1.005420450851314929e+00
6.663612670000000435e+03 9.963773535382086655e-01
6.663647320000000036e+03 1.018458748617961485e+00
6.663681969999999637e+03 1.008123562087732017e+00
6.663716629999999896e+03 9.945632060451206069e-01
6.663751280000000406e+03 1.000700884173324257e+00
6.663785939999999755e+03 1.011000402499631745e+00
6.663820590000000266e+03 1.003953796002262866e+00
6.663855249999999614e+03 9.956421731544886633e-01
6.663889900000000125e+03 1.006765746217023194e+00
6.663924560000000383e+03 1.019455306194261501e+00
6.663959219999999732e+03 1.012597236799430478e+00
6.663993870000000243e+03 1.005234876487388629e+00
6.664028529999999591e+03 1.009789851006447581e+00
6.664063180000000102e+03 1.013497307896872313e+00
6.664097840000000360e+03 1.000469936674834193e+00
6.664132499999999709e+03 1.000738882525091578e+00
6.664167159999999967e+03 1.019100026862376218e+00
6.664201809999999568e+03 1.016421980109995626e+00
6.664236469999999827e+03 9.945784955550341921e-01
6.664271130000000085e+03 9.975258833558409144e-01
6.664305779999999686e+03 9.935695699633055877e-01
6.664340439999999944e+03 1.008203963341833154e+00
6.664375100000000202e+03 1.012467363980867674e+00
6.664409759999999551e+03 1.012283908824938683e+00
6.664444419999999809e+03 1.004511778524380894e+00
6.664479080000000067e+03 9.922303609655193091e-01
6.664513729999999669e+03 9.973071068003539486e-01
6.664548389999999927e+03 9.939221657594558001e-01
6.664583050000000185e+03 1.003842692215031196e+00
6.664617710000000443e+03 9.960128220055909365e-01
6.664652369999999792e+03 1.004932013418452730e+00
6.664687030000000050e+03 1.006636023409948733e+00
6.664721690000000308e+03 9.998684100790129481e-01
6.664756349999999657e+03 9.971931044207238415e-01
6.664791009999999915e+03 1.000611493220161297e+00
6.664825670000000173e+03 1.009023080406879602e+00
6.664860330000000431e+03 9.848956541049816993e-01
6.664894989999999780e+03 1.023801652687217567e+00
6.664929650000000038e+03 1.011101658489854893e+00
6.664964310000000296e+03 1.008659977002527741e+00
6.664998980000000302e+03 1.009243996360769557e+00
6.665033639999999650e+03 1.008407201247697449e+00
6.665068299999999908e+03 1.007650376932168967e+00
6.665102960000000166e+03 9.999581688022406434e-01
6.665137620000000425e+03 1.026277742812355731e+00
6.665172290000000430e+03 1.007078497462108979e+00
6.665206949999999779e+03 1.002597343979905631e+00
6.665241610000000037e+03 1.016425875998937522e+00
6.665276270000000295e+03 1.027754413724408344e+00
6.665310940000000301e+03 1.024908814325026896e+00
6.665345599999999649e+03 1.016831010178223638e+00
6.665380259999999907e+03 1.010365731820617397e+00
6.665414929999999913e+03 9.988069549326186181e-01
6.665449590000000171e+03 9.860970927623619042e-01
6.665484250000000429e+03 1.010420284828501769e+00
6.665518920000000435e+03 1.014762087650920686e+00
6.665553579999999783e+03 1.021876463995562423e+00
6.665588249999999789e+03 1.026179267993941879e+00
6.665622910000000047e+03 1.010906591506241625e+00
6.665657570000000305e+03 9.947960927961985167e-01
6.665692240000000311e+03 9.985498503956926619e-01
6.665726899999999659e+03 9.984144623204370683e-01
6.665761569999999665e+03 9.944743958797308547e-01
6.665796229999999923e+03 9.959831816210795719e-01
6.665830899999999929e+03 1.010215700663146698e+00
6.665865569999999934e+03 1.016641346254578471e+00
6.665900230000000192e+03 1.001526199251326910e+00
6.665934900000000198e+03 9.952710957446359030e-01
6.665969559999999547e+03 1.010292715354943471e+00
6.666004229999999552e+03 1.015586447605677956e+00
6.666038899999999558e+03 1.012190381158583508e+00
6.666073559999999816e+03 1.003043838435980994e+00
6.666108229999999821e+03 9.962196675585203165e-01
6.666142899999999827e+03 1.006112668048564363e+00
6.666177569999999832e+03 1.003988765132609373e+00
6.666212230000000091e+03 1.005482218869853339e+00
6.666246900000000096e+03 1.019650201690311508e+00
6.666281570000000102e+03 1.018947821406680720e+00
6.666316240000000107e+03 1.001189281524358821e+00
6.666350910000000113e+03 1.003458507039009850e+00
6.666385570000000371e+03 1.008068049337986993e+00
6.666420240000000376e+03 1.014675280554254488e+00
6.666454910000000382e+03 1.023167594308861617e+00
6.666489580000000387e+03 1.019101335050914381e+00
6.666524250000000393e+03 1.011325326727968488e+00
6.666558920000000398e+03 1.013169008917075065e+00
6.666593590000000404e+03 1.022555919923552770e+00
6.666628260000000409e+03 1.033602326953342754e+00
6.666662930000000415e+03 1.031453958541799887e+00
6.666697600000000421e+03 1.009345422805345782e+00
6.666732270000000426e+03 1.013537799564509845e+00
6.666766940000000432e+03 1.014536388399451372e+00
6.666801610000000437e+03 1.010136123719314494e+00
6.666836280000000443e+03 1.011791825521997534e+00
6.666870950000000448e+03 1.017778178532199540e+00
6.666905620000000454e+03 1.017350600546102157e+00
6.666940289999999550e+03 1.010270442364078036e+00
6.666974970000000212e+03 1.021469080032260335e+00
6.667009640000000218e+03 1.032998744960775150e+00
6.667044310000000223e+03 1.013784094956466930e+00
6.667078980000000229e+03 1.003118264601889686e+00
6.667113650000000234e+03 1.003343217156639655e+00
6.667148329999999987e+03 1.005511301466006646e+00
6.667182999999999993e+03 1.007604517472759920e+00
6.667217669999999998e+03 1.007414169991648345e+00
6.667252349999999751e+03 1.012945749961549069e+00
6.667287019999999757e+03 1.020621856804748706e+00
6.667321689999999762e+03 1.020163706679300342e+00
6.667356370000000425e+03 1.017411746209075485e+00
6.667391040000000430e+03 1.009337885119880429e+00
6.667425710000000436e+03 1.007435268360588054e+00
6.667460390000000189e+03 1.012974163301390451e+00
6.667495060000000194e+03 1.014964515764338993e+00
6.667529739999999947e+03 1.009880023652883763e+00
6.667564409999999953e+03 1.001936984504246952e+00
6.667599089999999705e+03 1.010956874059325550e+00
6.667633759999999711e+03 1.002268844925021440e+00
6.667668440000000373e+03 1.006550038801960367e+00
6.667703110000000379e+03 1.018880414772419085e+00
6.667737790000000132e+03 1.016022133788414328e+00
6.667772460000000137e+03 1.008597651055501254e+00
6.667807139999999890e+03 1.010110751165752108e+00
6.667841809999999896e+03 1.006323489932424486e+00
6.667876489999999649e+03 1.003882168198349856e+00
6.667911170000000311e+03 9.979134729391990755e-01
6.667945840000000317e+03 1.016066145394902032e+00
6.667980520000000070e+03 1.015529800765051949e+00
6.668015199999999822e+03 1.006645901648775876e+00
6.668049869999999828e+03 1.001395507420005382e+00
6.668084549999999581e+03 9.995673244618897835e-01
6.668119230000000243e+03 1.007956995646517306e+00
6.668153909999999996e+03 1.020909789828293057e+00
6.668188580000000002e+03 1.003561080372322278e+00
6.668223259999999755e+03 1.017299049580011827e+00
6.668257940000000417e+03 1.006053201798638330e+00
6.668292620000000170e+03 9.939178840668011494e-01
6.668327299999999923e+03 9.943523260140815223e-01
6.668361979999999676e+03 1.002456882858235643e+00
6.668396660000000338e+03 1.011765359776158224e+00
6.668431330000000344e+03 1.012086175602209259e+00
6.668466010000000097e+03 1.000697496427161548e+00
6.668500689999999850e+03 1.004778857730347807e+00
6.668535369999999602e+03 9.896233716267078817e-01
6.668570050000000265e+03 1.015496085758958333e+00
6.668604730000000018e+03 1.007447485371798512e+00
6.668639409999999771e+03 1.005294348667903792e+00
6.668674090000000433e+03 1.005344802305317309e+00
6.668708770000000186e+03 1.006084911734794751e+00
6.668743449999999939e+03 1.015914842254139083e+00
6.668778140000000349e+03 1.010953195372277014e+00
6.668812820000000102e+03 1.007634955085269901e+00
6.668847499999999854e+03 1.012256878422954642e+00
6.668882179999999607e+03 9.985376354535188126e-01
6.668916860000000270e+03 1.009672919924034629e+00
6.668951540000000023e+03 1.008503718143626271e+00
6.668986219999999776e+03 1.004498957452999663e+00
6.669020910000000185e+03 9.972014550176681036e-01
6.669055589999999938e+03 9.970105340159627350e-01
6.669090269999999691e+03 1.028654208857387120e+00
6.669124950000000354e+03 1.018569609916181617e+00
6.669159639999999854e+03 1.008710743714219760e+00
6.669194319999999607e+03 1.008663023067165154e+00
6.669229000000000269e+03 1.005475281644942376e+00
6.669263689999999769e+03 9.970980335719443755e-01
6.669298370000000432e+03 1.004724965058368724e+00
6.669333050000000185e+03 1.018290550165829478e+00
6.669367739999999685e+03 1.009782162410323370e+00
6.669402420000000347e+03 9.975617743702893669e-01
6.669437109999999848e+03 1.018237330890862768e+00
6.669471789999999601e+03 1.011324886117449973e+00
6.669506480000000010e+03 1.001168835231042831e+00
6.669541159999999763e+03 1.006270791371004281e+00
6.669575850000000173e+03 1.014289420013939846e+00
6.669610529999999926e+03 1.018727111759223813e+00
6.669645220000000336e+03 1.008461908426239395e+00
6.669679900000000089e+03 9.977739529069725721e-01
6.669714589999999589e+03 1.006833698261960786e+00
6.669749270000000251e+03 1.004937690243062232e+00
6.669783959999999752e+03 1.006768531541671452e+00
6.669818650000000162e+03 1.007987809494874210e+00
6.669853329999999914e+03 1.014283408385677765e+00
6.669888020000000324e+03 1.009431688562494767e+00
6.669922709999999825e+03 1.002389518368019594e+00
6.669957389999999577e+03 1.001085311633285402e+00
6.669992079999999987e+03 1.003022198735661341e+00
6.670026770000000397e+03 1.000554699104986511e+00
6.670061459999999897e+03 9.920291389509475755e-01
6.670096139999999650e+03 1.015345649005981787e+00
6.670130830000000060e+03 1.005619157463310653e+00
6.670165519999999560e+03 9.974314793361330755e-01
6.670200209999999970e+03 1.004519820529419682e+00
6.670234900000000380e+03 1.009641114101686998e+00
6.670269589999999880e+03 1.004491152615517580e+00
6.670304269999999633e+03 1.002101849521121135e+00
6.670338960000000043e+03 1.004710176070503280e+00
6.670373650000000453e+03 9.993284883905485527e-01
6.670408339999999953e+03 9.977120718543860400e-01
6.670443030000000363e+03 1.002768188904241908e+00
6.670477719999999863e+03 9.983571194793259274e-01
6.670512410000000273e+03 9.965974379260303939e-01
6.670547099999999773e+03 9.938332144617072483e-01
6.670581790000000183e+03 9.964613821806722616e-01
6.670616479999999683e+03 1.005922290197230007e+00
6.670651170000000093e+03 1.006196433982147420e+00
6.670685859999999593e+03 9.962013600715501349e-01
6.670720559999999750e+03 1.001664035191854873e+00
6.670755250000000160e+03 9.966580197669977492e-01
6.670789939999999660e+03 1.007702939009482490e+00
6.670824630000000070e+03 1.005813293896268945e+00
6.670859319999999570e+03 1.002852871478137953e+00
6.670894009999999980e+03 1.008383076171029735e+00
6.670928710000000137e+03 1.002795979193032538e+00
6.670963399999999638e+03 9.962510542495882637e-01
6.670998090000000047e+03 1.006982082960591773e+00
6.671032779999999548e+03 9.967800511206202918e-01
6.671067479999999705e+03 1.013842329087636385e+00
6.671102170000000115e+03 1.008851877435287703e+00
6.671136859999999615e+03 1.007123996629047058e+00
6.671171550000000025e+03 1.004587139023033870e+00
6.671206250000000182e+03 1.010347486705115871e+00
6.671240939999999682e+03 1.013069877821407561e+00
6.671275639999999839e+03 1.008846564552144054e+00
6.671310330000000249e+03 1.013261356797349411e+00
6.671345019999999749e+03 1.018167159037300484e+00
6.671379719999999907e+03 1.005538151213536180e+00
6.671414410000000316e+03 1.018314383403616130e+00
6.671449109999999564e+03 1.006757090893552808e+00
6.671483799999999974e+03 9.934096817009236968e-01
6.671518500000000131e+03 1.002862400317964919e+00
6.671553189999999631e+03 9.996931819138936692e-01
6.671587889999999788e+03 9.982223533770375745e-01
6.671622589999999946e+03 1.015745637566823456e+00
6.671657280000000355e+03 1.001481586615079911e+00
6.671691979999999603e+03 9.729726821764019817e-01
6.671726670000000013e+03 9.920736132828903431e-01
6.671761370000000170e+03 9.947634269414867836e-01
6.671796070000000327e+03 1.005081557211641607e+00
6.671830759999999827e+03 1.014217145792973396e+00
6.671865459999999985e+03 9.916472596732127665e-01
6.671900160000000142e+03 9.840735899689814214e-01
6.671934849999999642e+03 1.003048235006522848e+00
6.671969549999999799e+03 9.956674837289111180e-01
6.672004249999999956e+03 9.853231850497807809e-01
6.672038950000000114e+03 9.960846705071081386e-01
6.672073650000000271e+03 9.984619418634673726e-01
6.672108339999999771e+03 9.967875970239120642e-01
6.672143039999999928e+03 9.895214953366814337e-01
6.672177740000000085e+03 9.837971340960780520e-01
6.672212440000000242e+03 9.957604362127892017e-01
6.672247140000000400e+03 9.971368114510337222e-01
6.672281839999999647e+03 9.822198055956770091e-01
6.672316539999999804e+03 9.930131568759156258e-01
6.672351239999999962e+03 9.974824495244595246e-01
6.672385940000000119e+03 9.977466831152455029e-01
6.672420640000000276e+03 9.892609222415390535e-01
6.672455340000000433e+03 9.892586417036238755e-01
6.672490039999999681e+03 9.818984102427412708e-01
6.672524739999999838e+03 9.810956690213291642e-01
6.672559439999999995e+03 9.851294019931720047e-01
6.672594140000000152e+03 9.778453720777573466e-01
6.672628840000000309e+03 9.673901931119303077e-01
6.672663539999999557e+03 9.640126074154193869e-01
6.672698239999999714e+03 9.484576837900320356e-01
6.672732939999999871e+03 9.668849030302117953e-01
6.672767649999999776e+03 9.837457921668146810e-01
6.672802349999999933e+03 9.796171430326823248e-01
6.672837050000000090e+03 9.743286577929297643e-01
6.672871750000000247e+03 9.770884860503094016e-01
6.672906450000000405e+03 9.735877191869944935e-01
6.672941160000000309e+03 9.686976948971154355e-01
6.672975859999999557e+03 9.713394827095507278e-01
6.673010559999999714e+03 9.581876141344077835e-01
6.673045269999999618e+03 9.794938982942617001e-01
6.673079969999999776e+03 9.681915189077866524e-01
6.673114669999999933e+03 9.650089964632920791e-01
6.673149379999999837e+03 9.661059555217729189e-01
6.673184079999999994e+03 9.748674370211640738e-01
6.673218780000000152e+03 9.683676905260266699e-01
6.673253490000000056e+03 9.718947603696647120e-01
6.673288190000000213e+03 9.988944453797230505e-01
6.673322900000000118e+03 9.885134624023431682e-01
6.673357600000000275e+03 9.793860764810534691e-01
6.673392310000000180e+03 9.915153832779157739e-01
6.673427010000000337e+03 9.807402270462188820e-01
6.673461720000000241e+03 9.816371883406094234e-01
6.673496420000000398e+03 9.957534157349791082e-01
6.673531130000000303e+03 9.957321080701537763e-01
6.673565829999999551e+03 9.864652852788899917e-01
6.673600540000000365e+03 9.777201400830846101e-01
6.673635250000000269e+03 9.699612846150883483e-01
6.673669950000000426e+03 9.818309036588923622e-01
6.673704660000000331e+03 9.886994924027348031e-01
6.673739370000000235e+03 9.749015751682266195e-01
6.673774070000000393e+03 9.793105926933459715e-01
6.673808780000000297e+03 9.900244341228657818e-01
6.673843490000000202e+03 1.002433909352963282e+00
6.673878190000000359e+03 1.001371756412333669e+00
6.673912900000000263e+03 9.957580749697551026e-01
6.673947610000000168e+03 9.989629801897884631e-01
6.673982320000000072e+03 9.990529366259420785e-01
6.674017029999999977e+03 9.940844160029260745e-01
6.674051730000000134e+03 9.889246343694481078e-01
6.674086440000000039e+03 9.970321923820254506e-01
6.674121149999999943e+03 9.886972431060759847e-01
6.674155859999999848e+03 9.848510567710477837e-01
6.674190569999999752e+03 9.943066127321775749e-01
6.674225279999999657e+03 1.002795441841450419e+00
6.674259989999999561e+03 1.004636505199187901e+00
6.674294700000000375e+03 1.003915373898797148e+00
6.674329410000000280e+03 1.003961635456616985e+00
6.674364120000000185e+03 1.010609949508647132e+00
6.674398830000000089e+03 9.867797715054443808e-01
6.674433539999999994e+03 1.005498576898600227e+00
6.674468249999999898e+03 9.959250389897822409e-01
6.674502959999999803e+03 9.884126444938107214e-01
6.674537669999999707e+03 9.962721674171659547e-01
6.674572379999999612e+03 1.005361503906327059e+00
6.674607090000000426e+03 1.011883016227314247e+00
6.674641800000000330e+03 1.014204551959543954e+00
6.674676519999999982e+03 1.004930981068364426e+00
6.674711229999999887e+03 1.002126557050517563e+00
6.674745939999999791e+03 1.007175013997926971e+00
6.674780649999999696e+03 1.002818954415079400e+00
6.674815359999999600e+03 1.004639560321889391e+00
6.674850080000000162e+03 1.011578510110400897e+00
6.674884790000000066e+03 1.009077456623326929e+00
6.674919499999999971e+03 9.994128540240052594e-01
6.674954209999999875e+03 1.002914353929114322e+00
6.674988930000000437e+03 1.016600483246085096e+00
6.675023640000000341e+03 1.011961514121371808e+00
6.675058350000000246e+03 9.951372122723720626e-01
6.675093069999999898e+03 1.006565821807406502e+00
6.675127779999999802e+03 1.002799597847658486e+00
6.675162500000000364e+03 1.020182091061180296e+00
6.675197210000000268e+03 1.028227577016359584e+00
6.675231929999999920e+03 1.023373426729055291e+00
6.675266639999999825e+03 1.020268037451412813e+00
6.675301349999999729e+03 1.020362569741728009e+00
6.675336070000000291e+03 1.010982659681992413e+00
6.675370789999999943e+03 9.974970053357941069e-01
6.675405499999999847e+03 1.015662443850562591e+00
6.675440220000000409e+03 1.015528752933096746e+00
6.675474930000000313e+03 1.027565390693212066e+00
6.675509649999999965e+03 1.007247227434877823e+00
6.675544359999999870e+03 1.014201739940620906e+00
6.675579080000000431e+03 1.009746742165613220e+00
6.675613800000000083e+03 1.019854617868859226e+00
6.675648509999999987e+03 1.040078228432493201e+00
6.675683229999999639e+03 1.014790970807731396e+00
6.675717950000000201e+03 9.943457417431654788e-01
6.675752660000000105e+03 1.010426011846576655e+00
6.675787379999999757e+03 1.018142364346820150e+00
6.675822100000000319e+03 1.004371396267728755e+00
6.675856819999999971e+03 1.015036538155669854e+00
6.675891529999999875e+03 1.016420810972909594e+00
6.675926250000000437e+03 1.020173968636328254e+00
6.675960970000000088e+03 1.025215980024164919e+00
6.675995689999999740e+03 1.019400447399301690e+00
6.676030410000000302e+03 1.010217781001780279e+00
6.676065129999999954e+03 1.009221093167148808e+00
6.676099849999999606e+03 1.025715540639998258e+00
6.676134570000000167e+03 1.024489797080127218e+00
6.676169280000000072e+03 1.023813066879609490e+00
6.676203999999999724e+03 1.016501471216357144e+00
6.676238720000000285e+03 1.013038340590444397e+00
6.676273439999999937e+03 1.017079068981632251e+00
6.676308159999999589e+03 1.024781344075246237e+00
6.676342880000000150e+03 1.023765736123776859e+00
6.676377599999999802e+03 1.018971541995726149e+00
6.676412330000000111e+03 1.022030762448828289e+00
6.676447049999999763e+03 1.011394296873205700e+00
6.676481770000000324e+03 1.014749459720593716e+00
6.676516489999999976e+03 1.021382750163168485e+00
6.676551209999999628e+03 1.012122583670144849e+00
6.676585930000000189e+03 1.025194385410368003e+00
6.676620649999999841e+03 1.022737481317707475e+00
6.676655370000000403e+03 1.020410278125895465e+00
6.676690099999999802e+03 1.019407911121310351e+00
6.676724820000000364e+03 1.006553236091241699e+00
6.676759540000000015e+03 1.010603049082411609e+00
6.676794259999999667e+03 1.019216546715135951e+00
6.676828989999999976e+03 1.009302259387930167e+00
6.676863709999999628e+03 1.030761837039144702e+00
6.676898430000000189e+03 1.016377155044412062e+00
6.676933159999999589e+03 1.015332396108318047e+00
6.676967880000000150e+03 1.007181994523881574e+00
6.677002599999999802e+03 1.004826512582295051e+00
6.677037330000000111e+03 1.013762778709041079e+00
6.677072049999999763e+03 1.014682350755833129e+00
6.677106780000000072e+03 1.005432162711349608e+00
6.677141499999999724e+03 9.910309935828154337e-01
6.677176220000000285e+03 9.832115400300005525e-01
6.677210949999999684e+03 1.017066915837170349e+00
6.677245670000000246e+03 1.016391999534951740e+00
6.677280399999999645e+03 9.997599347577981188e-01
6.677315120000000206e+03 1.009313442855352072e+00
6.677349849999999606e+03 1.012675615066041868e+00
6.677384579999999914e+03 1.004673190713808451e+00
6.677419299999999566e+03 1.003051826553163162e+00
6.677454029999999875e+03 1.003633059709052811e+00
6.677488750000000437e+03 1.007720635577470158e+00
6.677523479999999836e+03 1.010183753721742184e+00
6.677558210000000145e+03 1.011687031814898940e+00
6.677592929999999797e+03 1.008878713563184482e+00
6.677627660000000105e+03 9.971655530908701826e-01
6.677662390000000414e+03 1.009916986464425959e+00
6.677697119999999813e+03 1.011143180100150918e+00
6.677731840000000375e+03 1.009700655017744308e+00
6.677766569999999774e+03 1.012869600080640975e+00
6.677801300000000083e+03 1.010369673676730029e+00
6.677836030000000392e+03 1.013138572215313671e+00
6.677870750000000044e+03 1.006452716440742634e+00
6.677905480000000352e+03 9.931414338393756980e-01
6.677940209999999752e+03 9.980068375035896500e-01
6.677974940000000061e+03 1.011562094354209629e+00
6.678009670000000369e+03 9.977060955245428131e-01
6.678044399999999769e+03 9.886021484066588316e-01
6.678079130000000077e+03 1.004594890863992784e+00
6.678113860000000386e+03 1.011387343140503825e+00
6.678148589999999786e+03 9.974734868643627683e-01
6.678183320000000094e+03 9.990065586576243328e-01
6.678218050000000403e+03 1.012862799671716107e+00
6.678252779999999802e+03 9.944488230268235807e-01
6.678287510000000111e+03 1.002228677276575386e+00
6.678322240000000420e+03 9.970354850331474283e-01
6.678356969999999819e+03 1.003831503003590919e+00
6.678391700000000128e+03 1.009785290761956000e+00
6.678426430000000437e+03 1.001945896227668165e+00
6.678461159999999836e+03 1.001494513725665003e+00
6.678495890000000145e+03 1.007441161586479783e+00
6.678530630000000201e+03 1.011010963564306753e+00
6.678565359999999600e+03 1.017527187329115845e+00
6.678600089999999909e+03 1.004778696488433987e+00
6.678634820000000218e+03 1.000349524347484254e+00
6.678669549999999617e+03 1.002181796601135710e+00
6.678704289999999673e+03 9.898541022006935863e-01
6.678739019999999982e+03 9.850339576807861652e-01
6.678773750000000291e+03 1.000276046130176066e+00
6.678808479999999690e+03 9.849132903467543443e-01
6.678843219999999747e+03 9.794255374883773513e-01
6.678877950000000055e+03 9.987453118469014068e-01
6.678912690000000111e+03 9.941899476722265705e-01
6.678947420000000420e+03 9.913407048289605283e-01
6.678982149999999820e+03 9.849031128561630544e-01
6.679016889999999876e+03 9.899494826066830289e-01
6.679051620000000185e+03 9.853836076733801796e-01
6.679086360000000241e+03 9.890860884927153984e-01
6.679121089999999640e+03 9.967193502403556282e-01
6.679155829999999696e+03 9.806185129131652634e-01
6.679190560000000005e+03 9.788568234528064460e-01
6.679225300000000061e+03 9.936205290339344964e-01
6.679260030000000370e+03 9.903682997522819109e-01
6.679294770000000426e+03 9.938973629785360364e-01
6.679329499999999825e+03 1.017828666205576882e+00
6.679364239999999882e+03 9.907718550941501112e-01
6.679398970000000190e+03 9.692537723927676652e-01
6.679433710000000247e+03 9.848460020443995377e-01
6.679468450000000303e+03 9.887052537101828076e-01
6.679503179999999702e+03 9.875875710772089588e-01
6.679537919999999758e+03 9.937074733299898766e-01
6.679572659999999814e+03 9.890109284828058067e-01
6.679607399999999870e+03 9.850625374819869107e-01
6.679642130000000179e+03 9.960279486072759481e-01
6.679676870000000235e+03 9.988189524048379786e-01
6.679711610000000292e+03 9.976458959338054822e-01
6.679746350000000348e+03 9.937163426085251494e-01
6.679781079999999747e+03 9.928378067363842208e-01
6.679815819999999803e+03 1.010934914110646288e+00
6.679850559999999859e+03 9.905971854332736859e-01
6.679885299999999916e+03 9.826209265028535977e-01
6.679920039999999972e+03 9.894288252444001230e-01
6.679954780000000028e+03 9.999344567004413431e-01
6.679989520000000084e+03 1.002154144865814001e+00
6.680024260000000140e+03 9.908361794380751153e-01
6.680059000000000196e+03 9.872766757296929097e-01
6.680093740000000253e+03 9.915476021337074064e-01
6.680128480000000309e+03 1.014005122418982330e+00
6.680163220000000365e+03 9.930484720641389318e-01
6.680197960000000421e+03 9.961919833830760185e-01
6.680232699999999568e+03 9.970093478780932550e-01
6.680267439999999624e+03 9.957947728490251782e-01
6.680302179999999680e+03 9.873653563880026018e-01
6.680336919999999736e+03 9.906308092517743802e-01
6.680371659999999792e+03 1.003110763085822477e+00
6.680406399999999849e+03 1.002679265012075271e+00
6.680441139999999905e+03 9.996782541798916455e-01
6.680475889999999708e+03 9.936922083882115952e-01
6.680510629999999765e+03 1.009306902618526403e+00
6.680545369999999821e+03 9.935952478813423472e-01
6.680580109999999877e+03 9.974521295537422949e-01
6.680614849999999933e+03 1.012770005873331547e+00
6.680649599999999737e+03 1.004846374957909072e+00
6.680684339999999793e+03 9.951258897173482776e-01
6.680719079999999849e+03 1.001384830825803762e+00
6.680753829999999653e+03 9.944968038678239086e-01
6.680788569999999709e+03 9.801504838631893701e-01
6.680823309999999765e+03 9.993885709621338487e-01
6.680858059999999568e+03 1.012584221072476476e+00
6.680892799999999625e+03 9.963017066341645078e-01
6.680927539999999681e+03 1.012527693492109027e+00
6.680962290000000394e+03 9.990466099031207747e-01
6.680997030000000450e+03 1.003107973144842013e+00
6.681031780000000253e+03 1.006245983137280753e+00
6.681066520000000310e+03 1.001799910295079421e+00
6.681101270000000113e+03 1.003623830024837682e+00
6.681136010000000169e+03 1.011001682953030612e+00
6.681170759999999973e+03 1.019197282077519917e+00
6.681205500000000029e+03 1.025522375546405796e+00
6.681240249999999833e+03 1.016861263833150009e+00
6.681274999999999636e+03 1.015934759953281530e+00
6.681309739999999692e+03 1.008967367766774537e+00
6.681344490000000405e+03 1.009440180501937734e+00
6.681379229999999552e+03 1.001570197401717044e+00
6.681413980000000265e+03 1.013573518620259906e+00
6.681448730000000069e+03 1.022473122861568662e+00
6.681483470000000125e+03 1.017840135060557483e+00
6.681518219999999928e+03 1.013207722172881464e+00
6.681552969999999732e+03 1.008575902941657887e+00
6.681587720000000445e+03 1.003944677252774031e+00
6.681622459999999592e+03 1.008055985875167204e+00
6.681657210000000305e+03 9.874199033815416193e-01
6.681691960000000108e+03 1.011296193429579882e+00
6.681726709999999912e+03 9.954843289563305442e-01
6.681761459999999715e+03 9.971111335595986835e-01
6.681796210000000428e+03 1.007135099325851435e+00
6.681830949999999575e+03 1.013264501382722615e+00
6.681865700000000288e+03 1.016799767691728862e+00
6.681900450000000092e+03 1.011231042918868006e+00
6.681935199999999895e+03 1.006437880712146127e+00
6.681969949999999699e+03 1.012120381689822990e+00
6.682004700000000412e+03 1.001684910624796032e+00
6.682039450000000215e+03 1.003792385509870488e+00
6.682074200000000019e+03 1.017318068512634177e+00
6.682108949999999822e+03 1.012952996409339113e+00
6.682143699999999626e+03 1.008429913423652513e+00
6.682178450000000339e+03 1.001272881992272934e+00
6.682213200000000143e+03 9.962693792839738549e-01
6.682247949999999946e+03 1.003010615092584601e+00
6.682282710000000407e+03 1.007610826991799824e+00
6.682317460000000210e+03 9.957610806640401213e-01
6.682352210000000014e+03 9.967947383641887482e-01
6.682386959999999817e+03 1.021182430566830890e+00
6.682421709999999621e+03 9.977522374161081897e-01
6.682456460000000334e+03 1.015450179907439798e+00
6.682491219999999885e+03 1.015878896720597835e+00
6.682525969999999688e+03 9.991941028210010733e-01
6.682560720000000401e+03 9.983318628674614503e-01
6.682595470000000205e+03 1.003496464499316287e+00
6.682630229999999756e+03 1.005187164479261597e+00
6.682664979999999559e+03 1.011319451483956966e+00
6.682699730000000272e+03 1.016195879985655859e+00
6.682734489999999823e+03 1.006742802335647946e+00
6.682769239999999627e+03 9.950065216704514492e-01
6.682803990000000340e+03 9.996881321140920207e-01
6.682838749999999891e+03 1.009631780257846723e+00
6.682873499999999694e+03 9.937254730639109024e-01
6.682908260000000155e+03 9.982539928191921375e-01
6.682943009999999958e+03 9.986286623162996534e-01
6.682977770000000419e+03 9.941255934699010366e-01
6.683012520000000222e+03 1.001825653096281910e+00
6.683047279999999773e+03 1.006206368639247950e+00
6.683082029999999577e+03 9.968026069971958059e-01
6.683116790000000037e+03 9.883253929596831355e-01
6.683151539999999841e+03 9.863507654705663263e-01
6.683186300000000301e+03 9.887043314194042809e-01
6.683221059999999852e+03 9.946366084366761173e-01
6.683255809999999656e+03 9.990526406249282676e-01
6.683290570000000116e+03 9.898476733093656277e-01
6.683325319999999920e+03 9.947442086818510942e-01
6.683360080000000380e+03 9.907678790577559846e-01
6.683394839999999931e+03 9.918972138777705227e-01
6.683429600000000391e+03 1.000692776600804246e+00
6.683464350000000195e+03 1.006189687979999636e+00
6.683499109999999746e+03 9.962090852019701570e-01
6.683533870000000206e+03 9.846055276147869240e-01
6.683568629999999757e+03 9.912824713003383081e-01
6.683603379999999561e+03 9.835126905612975312e-01
6.683638140000000021e+03 9.909673592429467659e-01
6.683672899999999572e+03 1.002793820745032205e+00
6.683707660000000033e+03 9.942524479810550542e-01
6.683742419999999584e+03 9.919268729975192489e-01
6.683777180000000044e+03 9.827913915529865596e-01
6.683811939999999595e+03 9.850391182443143379e-01
6.683846690000000308e+03 9.859976664613432362e-01
6.683881449999999859e+03 9.804876196361342888e-01
6.683916210000000319e+03 9.792092507952230296e-01
6.683950969999999870e+03 9.795965811633573495e-01
6.683985730000000331e+03 9.842811571942183813e-01
6.684020489999999882e+03 9.778305635785188299e-01
6.684055250000000342e+03 9.812019285021820192e-01
6.684090019999999640e+03 9.937127245826984367e-01
6.684124780000000101e+03 9.942023094068954681e-01
6.684159539999999652e+03 9.827580332144758568e-01
6.684194300000000112e+03 9.817596625900159024e-01
6.684229059999999663e+03 9.828453148188658339e-01
6.684263820000000123e+03 9.757415808077362085e-01
6.684298579999999674e+03 9.755214130812397411e-01
6.684333340000000135e+03 9.850323578196351626e-01
6.684368110000000343e+03 9.840098466344864292e-01
6.684402869999999893e+03 9.742779987030801836e-01
6.684437630000000354e+03 9.749932490652792882e-01
6.684472389999999905e+03 9.830686245187243433e-01
6.684507160000000113e+03 9.785852321686120403e-01
6.684541919999999664e+03 9.799619204248755100e-01
6.684576680000000124e+03 9.832327799880983266e-01
6.684611450000000332e+03 9.843114878629218856e-01
6.684646209999999883e+03 9.891297200921513877e-01
6.684680970000000343e+03 9.853394209986167107e-01
6.684715739999999641e+03 9.782778157150681109e-01
6.684750500000000102e+03 9.866826979246382523e-01
6.684785259999999653e+03 9.900671954925487350e-01
6.684820029999999861e+03 9.763308308845464190e-01
6.684854790000000321e+03 9.883085945662849481e-01
6.684889559999999619e+03 9.810852097068345490e-01
6.684924320000000080e+03 9.926485369479293164e-01
6.684959090000000288e+03 9.938230356726763803e-01
6.684993849999999838e+03 9.779673807196188617e-01
6.685028620000000046e+03 9.878967643411781241e-01
6.685063379999999597e+03 9.888529758717190532e-01
6.685098149999999805e+03 9.800248731911367361e-01
6.685132920000000013e+03 9.829769752253157966e-01
6.685167679999999564e+03 9.827688274159648296e-01
6.685202449999999772e+03 9.831307666547129953e-01
6.685237210000000232e+03 9.868462242259850026e-01
6.685271980000000440e+03 9.763959363762397814e-01
6.685306749999999738e+03 9.777586909145303817e-01
6.685341519999999946e+03 9.838990112126418941e-01
6.685376280000000406e+03 9.836484450761067144e-01
6.685411049999999705e+03 9.809850778958496553e-01
6.685445819999999912e+03 9.852326878074355587e-01
6.685480590000000120e+03 9.789447356137003231e-01
6.685515349999999671e+03 9.848042296506240856e-01
6.685550119999999879e+03 9.926327218256491003e-01
6.685584890000000087e+03 9.809396043084914751e-01
6.685619660000000295e+03 9.805256991693718227e-01
6.685654429999999593e+03 9.802390993317467993e-01
6.685689199999999801e+03 9.960217022533747189e-01
6.685723970000000008e+03 9.868639558810067269e-01
6.685758729999999559e+03 9.926779274412329546e-01
6.685793499999999767e+03 9.882408241435202134e-01
6.685828269999999975e+03 9.969192527325636544e-01
6.685863040000000183e+03 9.841596639950896952e-01
6.685897810000000391e+03 9.879190039336729345e-01
6.685932579999999689e+03 9.882316797193874125e-01
6.685967349999999897e+03 9.784910558115761381e-01
6.686002120000000104e+03 9.895714958650794202e-01
6.686036890000000312e+03 9.910769227910989354e-01
6.686071670000000267e+03 9.821856616038534549e-01
6.686106439999999566e+03 9.903877989129422632e-01
6.686141209999999774e+03 9.783555716124352486e-01
6.686175979999999981e+03 9.845651861464870258e-01
6.686210750000000189e+03 9.863791805757402553e-01
6.686245520000000397e+03 9.997483141340448576e-01
6.686280289999999695e+03 9.904362205102523742e-01
6.686315069999999650e+03 9.720346907945977000e-01
6.686349839999999858e+03 9.769052535296610662e-01
6.686384610000000066e+03 9.798023879597487218e-01
6.686419380000000274e+03 9.776706255453709860e-01
6.686454160000000229e+03 9.921243400683746883e-01
6.686488930000000437e+03 9.922730697636588104e-01
6.686523699999999735e+03 9.934321346135532860e-01
6.686558479999999690e+03 9.825159529543419090e-01
6.686593249999999898e+03 9.892710516904310580e-01
6.686628020000000106e+03 9.997453481141963527e-01
6.686662800000000061e+03 9.870465419147315123e-01
6.686697570000000269e+03 9.846734785409262392e-01
6.686732350000000224e+03 9.840605847582435395e-01
6.686767120000000432e+03 9.882796071331140242e-01
6.686801900000000387e+03 9.932418504864281017e-01
6.686836669999999685e+03 9.925922679979283236e-01
6.686871449999999641e+03 9.859630753720920460e-01
6.686906219999999848e+03 9.724969443090516474e-01
6.686940999999999804e+03 9.765642082462404616e-01
6.686975770000000011e+03 9.786784285577976306e-01
6.687010549999999967e+03 9.862023217948582277e-01
6.687045320000000174e+03 9.908663411593133796e-01
6.687080100000000130e+03 1.000310459262965912e+00
6.687114880000000085e+03 9.864073527457634105e-01
6.687149650000000292e+03 9.917956445311866265e-01
6.687184430000000248e+03 9.978841908677246186e-01
6.687219210000000203e+03 9.965096676086937499e-01
6.687253980000000411e+03 9.860542678362603786e-01
6.687288760000000366e+03 9.772797357816509489e-01
6.687323540000000321e+03 9.942599331699044640e-01
6.687358309999999619e+03 9.964440451898272100e-01
6.687393089999999575e+03 9.697304502176691265e-01
6.687427870000000439e+03 9.850106421564821524e-01
6.687462650000000394e+03 9.970939138956327330e-01
6.687497430000000350e+03 9.994886485711900193e-01
6.687532199999999648e+03 9.902401055635836613e-01
6.687566979999999603e+03 9.914272685592401269e-01
6.687601759999999558e+03 9.968047434050532063e-01
6.687636540000000423e+03 1.001342289283638998e+00
6.687671320000000378e+03 9.983084045884941249e-01
6.687706100000000333e+03 9.943512464726701472e-01
6.687740880000000288e+03 9.958999683398602754e-01
6.687775660000000244e+03 9.922935652637246973e-01
6.687810440000000199e+03 9.908001611729382319e-01
6.687845220000000154e+03 9.870979714568750563e-01
6.687880000000000109e+03 9.828048144406836828e-01
6.687914780000000064e+03 9.999353355971384305e-01
6.687949560000000019e+03 1.005158005125885046e+00
6.687984339999999975e+03 9.974855242019825541e-01
6.688019119999999930e+03 9.926678793699839076e-01
6.688053899999999885e+03 9.943847529694082032e-01
6.688088679999999840e+03 9.994495983136689743e-01
6.688123470000000452e+03 9.973653999211534726e-01
6.688158250000000407e+03 9.892736028885283917e-01
6.688193030000000363e+03 9.882096764393114574e-01
6.688227810000000318e+03 9.962952830245567215e-01
6.688262590000000273e+03 1.005326710632144627e+00
6.688297379999999976e+03 9.945950909344249968e-01
6.688332159999999931e+03 1.012809322056602568e+00
6.688366939999999886e+03 1.005702465834620085e+00
6.688401729999999588e+03 9.980116461499476399e-01
6.688436510000000453e+03 1.002644998424313982e+00
6.688471290000000408e+03 1.011817277889240030e+00
6.688506080000000111e+03 1.004826801936828939e+00
6.688540860000000066e+03 9.981808146490377398e-01
6.688575640000000021e+03 9.963214450588236959e-01
6.688610429999999724e+03 9.862112692843154615e-01
6.688645209999999679e+03 9.886981166370534257e-01
6.688680000000000291e+03 1.006256360065620692e+00
6.688714780000000246e+03 9.942372833816697231e-01
6.688749560000000201e+03 9.907096833145646597e-01
6.688784349999999904e+03 1.022140355432634484e+00
6.688819129999999859e+03 9.978320543989283031e-01
6.688853919999999562e+03 1.002064272397309885e+00
6.688888710000000174e+03 9.935250898433749533e-01
6.688923490000000129e+03 9.883903466988401831e-01
6.688958279999999831e+03 1.001380135890054257e+00
6.688993059999999787e+03 1.004207752520163810e+00
6.689027850000000399e+03 1.000530727312978874e+00
6.689062640000000101e+03 1.004466085699548872e+00
6.689097420000000056e+03 9.933406769031930539e-01
6.689132209999999759e+03 9.815964610471438201e-01
6.689167000000000371e+03 1.007827827726438086e+00
6.689201780000000326e+03 1.008372169858166245e+00
6.689236570000000029e+03 1.001493539339805228e+00
6.689271359999999731e+03 1.006715581149562722e+00
6.689306150000000343e+03 1.003967248542599222e+00
6.689340930000000299e+03 1.004427430492623730e+00
6.689375720000000001e+03 9.999943652894759394e-01
6.689410509999999704e+03 9.978126972846733667e-01
6.689445300000000316e+03 9.980083752906308003e-01
6.689480090000000018e+03 9.959775466916334086e-01
6.689514879999999721e+03 9.956016878572181428e-01
6.689549659999999676e+03 9.968022851788580496e-01
6.689584450000000288e+03 9.970581413569883367e-01
6.689619239999999991e+03 1.001940267024375109e+00
6.689654029999999693e+03 1.005480292955732713e+00
6.689688820000000305e+03 9.973984340355571687e-01
6.689723610000000008e+03 9.954467354923418609e-01
6.689758399999999710e+03 9.946139762465040501e-01
6.689793190000000322e+03 9.912193171657073254e-01
6.689827980000000025e+03 9.999246845179055043e-01
6.689862769999999728e+03 9.949846913873477972e-01
6.689897560000000340e+03 9.864616003488916318e-01
6.689932359999999790e+03 9.859964210478391333e-01
6.689967150000000402e+03 9.828378542776945448e-01
6.690001940000000104e+03 9.884990220752315482e-01
6.690036729999999807e+03 9.967804613854160944e-01
6.690071520000000419e+03 9.821286698314717345e-01
6.690106310000000121e+03 9.960955668184605649e-01
6.690141099999999824e+03 9.952453141958280680e-01
6.690175900000000183e+03 9.939083474836372112e-01
6.690210689999999886e+03 9.955042228498420798e-01
6.690245479999999588e+03 9.824615832593870390e-01
6.690280270000000201e+03 9.888409690637697258e-01
6.690315069999999650e+03 9.931105825807353682e-01
6.690349860000000263e+03 9.948142497033319875e-01
6.690384649999999965e+03 9.915493813897587883e-01
6.690419450000000325e+03 9.926281585935016194e-01
6.690454240000000027e+03 1.003317832121971120e+00
6.690489029999999730e+03 1.007681306659040876e+00
6.690523830000000089e+03 1.003821825872351026e+00
6.690558619999999792e+03 9.941252645428545476e-01
6.690593420000000151e+03 9.998637041588465113e-01
6.690628209999999854e+03 9.985990773312292124e-01
6.690663010000000213e+03 1.005408812880492331e+00
6.690697799999999916e+03 9.943234761750781026e-01
6.690732600000000275e+03 9.969897218398687810e-01
6.690767389999999978e+03 1.016374048429834920e+00
6.690802190000000337e+03 1.003835487735953658e+00
6.690836980000000040e+03 1.000712857678090595e+00
6.690871780000000399e+03 1.004243831666597142e+00
6.690906570000000102e+03 9.995718966954094675e-01
6.690941369999999552e+03 9.990674718399088494e-01
6.690976169999999911e+03 9.925760043542354305e-01
6.691010959999999614e+03 9.945696835450249518e-01
6.691045759999999973e+03 9.929543229958611716e-01
6.691080560000000332e+03 9.956986344120984933e-01
6.691115350000000035e+03 1.013227398140757129e+00
6.691150150000000394e+03 9.979385209728349748e-01
6.691184949999999844e+03 9.918614024756090553e-01
6.691219750000000204e+03 1.001037130799483643e+00
6.691254539999999906e+03 9.961970542097958736e-01
6.691289340000000266e+03 1.006351606955654843e+00
6.691324139999999716e+03 1.007054198718674298e+00
6.691358940000000075e+03 1.001997940048057201e+00
6.691393740000000435e+03 1.005883212446975206e+00
6.691428539999999884e+03 1.006489723285137305e+00
6.691463340000000244e+03 1.009011847562641950e+00
6.691498129999999946e+03 1.001817788313949409e+00
6.691532930000000306e+03 9.978064097011561939e-01
6.691567729999999756e+03 9.946657644698825296e-01
6.691602530000000115e+03 1.002754577331308461e+00
6.691637329999999565e+03 9.996619725624633634e-01
6.691672129999999925e+03 1.003998646280057194e+00
6.691706930000000284e+03 1.001890986082936807e+00
6.691741729999999734e+03 9.856238823275020877e-01
6.691776530000000093e+03 9.975878389921135625e-01
6.691811330000000453e+03 1.007321441810432594e+00
6.691846139999999650e+03 9.994551077110410686e-01
6.691880940000000010e+03 1.001459003712493745e+00
6.691915740000000369e+03 1.001267152859009579e+00
6.691950539999999819e+03 9.939336963153642124e-01
6.691985340000000178e+03 9.979399460100398800e-01
6.692020139999999628e+03 9.869590919040615029e-01
6.692054939999999988e+03 9.948986592035956589e-01
6.692089750000000095e+03 1.011318997200788550e+00
6.692124550000000454e+03 1.007042733588995986e+00
6.692159349999999904e+03 9.921883569190408370e-01
6.692194150000000263e+03 9.924976523978030762e-01
6.692228960000000370e+03 9.956895932961685736e-01
6.692263759999999820e+03 9.945305148822695118e-01
6.692298560000000180e+03 9.965596450548670493e-01
6.692333370000000286e+03 1.006660690319617357e+00
6.692368169999999736e+03 1.013141773676017765e+00
6.692402970000000096e+03 1.008243172131723320e+00
6.692437780000000203e+03 9.973646854010437268e-01
6.692472579999999653e+03 9.900879531085171603e-01
6.692507389999999759e+03 9.994208793307461924e-01
6.692542190000000119e+03 9.891007230382347082e-01
6.692577000000000226e+03 9.986249078143277780e-01
6.692611799999999675e+03 1.007837045882290283e+00
6.692646609999999782e+03 1.008319555825382796e+00
6.692681410000000142e+03 1.010084123788590249e+00
6.692716220000000249e+03 1.013597918667216602e+00
6.692751019999999698e+03 1.014625398008667911e+00
6.692785829999999805e+03 1.007954981124788763e+00
6.692820630000000165e+03 1.006760127075967626e+00
6.692855440000000272e+03 1.005056160505149787e+00
6.692890250000000378e+03 9.964757004979918342e-01
6.692925049999999828e+03 9.965151646656148499e-01
6.692959859999999935e+03 1.008144761943026824e+00
6.692994670000000042e+03 1.026050821082569176e+00
6.693029470000000401e+03 1.015182763737528582e+00
6.693064279999999599e+03 9.916479873716214088e-01
6.693099089999999705e+03 9.836921149456105962e-01
6.693133899999999812e+03 9.924278504461550021e-01
6.693168700000000172e+03 1.008900640245997016e+00
6.693203510000000279e+03 1.006789842193954065e+00
6.693238320000000385e+03 9.914446435524219003e-01
6.693273129999999583e+03 1.000595985247197284e+00
6.693307939999999689e+03 1.000914040367665514e+00
6.693342740000000049e+03 9.986153987846363433e-01
6.693377550000000156e+03 1.010315977060115111e+00
6.693412360000000263e+03 1.009472097880255381e+00
6.693447170000000369e+03 1.002545279209511309e+00
6.693481979999999567e+03 9.983969130373806511e-01
6.693516789999999673e+03 9.993974715499553962e-01
6.693551599999999780e+03 1.003570842358526782e+00
6.693586409999999887e+03 9.903715012433138565e-01
6.693621219999999994e+03 1.000842325441736902e+00
6.693656030000000101e+03 1.001944417918763097e+00
6.693690840000000208e+03 1.003321776294910261e+00
6.693725650000000314e+03 1.008020999899594150e+00
6.693760460000000421e+03 1.004950964453220852e+00
6.693795269999999618e+03 1.001737502839215699e+00
6.693830090000000382e+03 1.007992345986343796e+00
6.693864899999999579e+03 1.007358398364663454e+00
6.693899709999999686e+03 1.007753823185917330e+00
6.693934519999999793e+03 1.009435834656509545e+00
6.693969329999999900e+03 9.988085516920727214e-01
6.694004140000000007e+03 1.006348931309779093e+00
6.694038959999999861e+03 9.884523947357237716e-01
6.694073769999999968e+03 9.892493038394630789e-01
6.694108580000000075e+03 1.005416998737928003e+00
6.694143390000000181e+03 9.872770918250712846e-01
6.694178210000000036e+03 1.005785288266848099e+00
6.694213020000000142e+03 1.006515623087834266e+00
6.694247830000000249e+03 9.964126667663616432e-01
6.694282650000000103e+03 9.957411361523210713e-01
6.694317460000000210e+03 9.922494613662993235e-01
6.694352280000000064e+03 9.970800496018533687e-01
6.694387090000000171e+03 1.006122096636576702e+00
6.694421900000000278e+03 1.002378843208751924e+00
6.694456720000000132e+03 1.005990894764365651e+00
6.694491530000000239e+03 1.013120867359100563e+00
6.694526350000000093e+03 9.998973613349194656e-01
6.694561160000000200e+03 1.007567880723174270e+00
6.694595980000000054e+03 1.000543512097635368e+00
6.694630790000000161e+03 1.001646028890480267e+00
6.694665610000000015e+03 9.850017714385955747e-01
6.694700420000000122e+03 9.997924133569393579e-01
6.694735239999999976e+03 9.894823398054677366e-01
6.694770059999999830e+03 9.929112578527072852e-01
6.694804869999999937e+03 9.888842476221514355e-01
6.694839689999999791e+03 9.914920699781553104e-01
6.694874509999999646e+03 9.989432964424098671e-01
6.694909319999999752e+03 1.000851073308449690e+00
6.694944139999999607e+03 9.983655834583006206e-01
6.694978960000000370e+03 9.944865922632029065e-01
6.695013769999999568e+03 9.991745223441752533e-01
6.695048590000000331e+03 9.992718195310721363e-01
6.695083410000000185e+03 9.928137376666847924e-01
6.695118230000000040e+03 9.987310452023105967e-01
6.695153049999999894e+03 9.974431209269056797e-01
6.695187860000000001e+03 1.007057004358935082e+00
6.695222679999999855e+03 9.930371363680859931e-01
6.695257499999999709e+03 9.954592830812980520e-01
6.695292319999999563e+03 9.933798314857458234e-01
6.695327140000000327e+03 1.015449217728612963e+00
6.695361960000000181e+03 1.003935488333165926e+00
6.695396780000000035e+03 1.007405987028782812e+00
6.695431599999999889e+03 1.011247900331271765e+00
6.695466419999999744e+03 9.960298331683630213e-01
6.695501239999999598e+03 1.002085559526262104e+00
6.695536060000000361e+03 1.010803499676786288e+00
6.695570880000000216e+03 1.014302019395943999e+00
6.695605700000000070e+03 9.999102675507755000e-01
6.695640519999999924e+03 9.914576177344377461e-01
6.695675339999999778e+03 1.010649028173541408e+00
6.695710159999999632e+03 9.959073293955920114e-01
6.695744980000000396e+03 9.976190476019205500e-01
6.695779800000000250e+03 1.007327529663905930e+00
6.695814620000000104e+03 1.007359639525292838e+00
6.695849449999999706e+03 1.008075015085279746e+00
6.695884269999999560e+03 1.004666891095693515e+00
6.695919090000000324e+03 9.965968927760014973e-01
6.695953910000000178e+03 1.009411548079810483e+00
6.695988730000000032e+03 1.004458244247654841e+00
6.696023559999999634e+03 9.895839982794722989e-01
6.696058380000000398e+03 9.930083746782274456e-01
6.696093200000000252e+03 9.858471475589052346e-01
6.696128029999999853e+03 9.966268703629338477e-01
6.696162849999999708e+03 9.935213586922759799e-01
6.696197669999999562e+03 9.908415661609052405e-01
6.696232500000000073e+03 9.884196892037274695e-01
6.696267319999999927e+03 1.005986094805876307e+00
6.696302139999999781e+03 1.005587177623594508e+00
6.696336970000000292e+03 1.005655288162762062e+00
6.696371790000000146e+03 1.015643074950762559e+00
6.696406619999999748e+03 9.933285753827320042e-01
6.696441439999999602e+03 9.955764265233031374e-01
6.696476270000000113e+03 1.010051375817538233e+00
6.696511089999999967e+03 1.000831053844867480e+00
6.696545919999999569e+03 9.975484243586233424e-01
6.696580740000000333e+03 1.013551521274400402e+00
6.696615569999999934e+03 1.016299381507159705e+00
6.696650389999999788e+03 1.000907458768578229e+00
6.696685220000000299e+03 9.968182963102460992e-01
6.696720049999999901e+03 1.006391929245761929e+00
6.696754869999999755e+03 9.976257219555021427e-01
6.696789700000000266e+03 9.804161633283271504e-01
6.696824529999999868e+03 9.961484204152023514e-01
6.696859349999999722e+03 1.002268723989964139e+00
6.696894180000000233e+03 9.955326322294437702e-01
6.696929009999999835e+03 1.001909057817098603e+00
6.696963840000000346e+03 9.999029044257191634e-01
6.696998660000000200e+03 9.960977831224179235e-01
6.697033489999999802e+03 9.957901448557332502e-01
6.697068320000000313e+03 9.997501973813444076e-01
6.697103149999999914e+03 9.967159345815624905e-01
6.697137980000000425e+03 9.915525682787754702e-01
6.697172800000000279e+03 9.961351436419582095e-01
6.697207629999999881e+03 9.979138298521452732e-01
6.697242460000000392e+03 1.000721505559866387e+00
6.697277289999999994e+03 1.011849549595875919e+00
6.697312119999999595e+03 1.007385121494885016e+00
6.697346950000000106e+03 9.945686845689781785e-01
6.697381779999999708e+03 9.976941309454431250e-01
6.697416610000000219e+03 9.965534747855286923e-01
6.697451439999999820e+03 9.980542521882481699e-01
6.697486270000000331e+03 9.953774257547662874e-01
6.697521099999999933e+03 1.003128975656401911e+00
6.697555930000000444e+03 9.938951133057442044e-01
6.697590760000000046e+03 9.834959275216800245e-01
6.697625589999999647e+03 9.967666730562119159e-01
6.697660420000000158e+03 9.966634504994825727e-01
6.697695260000000417e+03 9.910111459615944529e-01
6.697730090000000018e+03 1.004386547799186236e+00
6.697764919999999620e+03 1.004884154426239240e+00
6.697799750000000131e+03 9.937919232611075460e-01
6.697834579999999733e+03 9.942037949357024340e-01
6.697869410000000244e+03 9.982506636531958133e-01
6.697904249999999593e+03 9.978656725779996295e-01
6.697939080000000104e+03 1.007483012098315589e+00
6.697973909999999705e+03 1.010904440755514777e+00
6.698008740000000216e+03 1.006733924937723179e+00
6.698043579999999565e+03 9.982452904758229995e-01
6.698078410000000076e+03 1.002591643472000804e+00
6.698113239999999678e+03 1.006813484733739550e+00
6.698148079999999936e+03 9.921749885032093985e-01
6.698182910000000447e+03 9.997910444415736286e-01
6.698217749999999796e+03 1.002536500917877049e+00
6.698252580000000307e+03 9.990321726875641684e-01
6.698287419999999656e+03 1.005447138582753475e+00
6.698322250000000167e+03 9.996052649808017110e-01
6.698357079999999769e+03 9.959454801353248010e-01
6.698391920000000027e+03 1.010387103317968993e+00
6.698426749999999629e+03 1.016973225518151169e+00
6.698461589999999887e+03 1.011149862610324135e+00
6.698496430000000146e+03 1.015073441792355036e+00
6.698531259999999747e+03 1.017368357952894486e+00
6.698566100000000006e+03 1.003674693381001237e+00
6.698600929999999607e+03 1.000418356441314049e+00
6.698635769999999866e+03 1.005441175015550082e+00
6.698670610000000124e+03 1.005483227249633238e+00
6.698705439999999726e+03 1.012758202447002320e+00
6.698740279999999984e+03 1.023576777156790518e+00
6.698775120000000243e+03 1.006894851841891869e+00
6.698809949999999844e+03 1.000701945249790281e+00
6.698844790000000103e+03 9.992305742862088724e-01
6.698879630000000361e+03 1.005531281907781516e+00
6.698914459999999963e+03 1.021050526542867543e+00
6.698949300000000221e+03 1.009314840597443252e+00
6.698984139999999570e+03 1.002654694553610337e+00
6.699018979999999829e+03 1.009218431681218275e+00
6.699053820000000087e+03 1.006137762528058976e+00
6.699088660000000345e+03 1.015553009948312990e+00
6.699123489999999947e+03 1.007770907889910195e+00
6.699158330000000205e+03 1.013294617547161103e+00
6.699193169999999554e+03 1.004504595026660674e+00
6.699228009999999813e+03 9.915547864671342415e-01
6.699262850000000071e+03 9.945330453306515661e-01
6.699297690000000330e+03 1.000344535319731554e+00
6.699332529999999679e+03 1.011606159002189642e+00
6.699367369999999937e+03 1.004096604868480513e+00
6.699402210000000196e+03 1.001413594441843857e+00
6.699437050000000454e+03 1.006677631436924347e+00
6.699471889999999803e+03 9.981669104503732015e-01
6.699506730000000061e+03 9.900109969235058038e-01
6.699541570000000320e+03 9.956589388247691907e-01
6.699576409999999669e+03 9.958993913620893812e-01
6.699611259999999675e+03 9.770930238515391775e-01
6.699646099999999933e+03 9.687533343627584559e-01
6.699680940000000192e+03 9.906742428763349873e-01
6.699715780000000450e+03 9.616582474757550125e-01
6.699750619999999799e+03 9.622720623976055432e-01
6.699785469999999805e+03 9.690294304862584474e-01
6.699820310000000063e+03 9.747483538359097421e-01
6.699855150000000322e+03 9.760574434517648168e-01
6.699889989999999671e+03 9.720694186393854519e-01
6.699924839999999676e+03 9.714229481452714143e-01
6.699959679999999935e+03 9.797800998466323907e-01
6.699994520000000193e+03 9.695543727685169699e-01
6.700029370000000199e+03 9.739343042833318309e-01
6.700064209999999548e+03 9.798792606090472868e-01
6.700099049999999806e+03 9.727074718822494859e-01
6.700133899999999812e+03 9.724029725335431307e-01
6.700168740000000071e+03 9.761703845229838805e-01
6.700203590000000077e+03 9.766453264352136232e-01
6.700238430000000335e+03 9.813716656574208441e-01
6.700273269999999684e+03 1.000446321046417397e+00
6.700308119999999690e+03 9.853549169897721782e-01
6.700342959999999948e+03 9.973829628222435906e-01
6.700377809999999954e+03 1.002743144131136521e+00
6.700412659999999960e+03 1.003480642756110708e+00
6.700447500000000218e+03 9.906517086728554577e-01
6.700482350000000224e+03 9.963471982418085071e-01
6.700517189999999573e+03 9.907608271696755065e-01
6.700552039999999579e+03 9.877763568797037763e-01
6.700586889999999585e+03 9.973912414704304563e-01
6.700621729999999843e+03 1.003397178858925987e+00
6.700656579999999849e+03 9.991599414364610299e-01
6.700691429999999855e+03 9.994358735145337791e-01
6.700726270000000113e+03 1.003073791911115897e+00
6.700761120000000119e+03 1.000227385154239146e+00
6.700795970000000125e+03 9.905439275053781190e-01
6.700830810000000383e+03 9.837674655836631255e-01
6.700865660000000389e+03 9.820846425725380247e-01
6.700900510000000395e+03 9.844043587776684090e-01
6.700935360000000401e+03 9.867238813982902590e-01
6.700970210000000407e+03 9.890372193436919313e-01
6.701005060000000412e+03 9.913563551179515043e-01
6.701039899999999761e+03 1.005081440442723073e+00
6.701074749999999767e+03 9.974856590096047304e-01
6.701109599999999773e+03 1.003074755068491086e+00
6.701144449999999779e+03 1.002386005879827069e+00
6.701179299999999785e+03 9.929105481470416050e-01
6.701214149999999790e+03 9.927433552022163488e-01
6.701248999999999796e+03 9.993498662746248540e-01
6.701283849999999802e+03 1.007608753292939641e+00
6.701318699999999808e+03 1.010285561002566945e+00
6.701353549999999814e+03 1.003177154480673572e+00
6.701388399999999820e+03 1.010536631096610405e+00
6.701423249999999825e+03 1.017644003490791871e+00
6.701458099999999831e+03 1.003524679383408280e+00
6.701492949999999837e+03 1.001399230369653504e+00
6.701527809999999590e+03 1.001052120699980064e+00
6.701562659999999596e+03 9.925868584148039853e-01
6.701597509999999602e+03 1.010601116892159812e+00
6.701632359999999608e+03 1.003129899637476008e+00
6.701667209999999614e+03 9.961381948936833819e-01
6.701702059999999619e+03 9.982455956065402480e-01
6.701736920000000282e+03 1.005183204384758389e+00
6.701771770000000288e+03 9.976416343344945981e-01
6.701806620000000294e+03 1.006871003405420462e+00
6.701841470000000299e+03 1.003806675958794470e+00
6.701876330000000053e+03 1.001119623197957553e+00
6.701911180000000058e+03 9.838847954363839632e-01
6.701946030000000064e+03 9.949024521494134188e-01
6.701980889999999818e+03 1.001269708257974012e+00
6.702015739999999823e+03 9.888119617288241292e-01
6.702050599999999577e+03 9.862457614054871424e-01
6.702085449999999582e+03 9.987034165205523895e-01
6.702120299999999588e+03 1.007325009433960528e+00
6.702155160000000251e+03 1.006242049955799356e+00
6.702190010000000257e+03 1.007713668270322049e+00
6.702224870000000010e+03 1.000588832616188695e+00
6.702259720000000016e+03 1.008341537520476505e+00
6.702294579999999769e+03 9.993809088517665584e-01
6.702329429999999775e+03 9.955590452946109226e-01
6.702364290000000437e+03 9.973119033618451645e-01
6.702399150000000191e+03 9.800513887561560500e-01
6.702434000000000196e+03 9.937660260916200139e-01
6.702468859999999950e+03 9.886353171409757445e-01
6.702503709999999955e+03 9.856100551328800252e-01
6.702538569999999709e+03 9.758756008250303315e-01
6.702573430000000371e+03 9.812345620577267447e-01
6.702608280000000377e+03 9.771815314601368652e-01
6.702643140000000130e+03 9.723455595380360306e-01
6.702677999999999884e+03 9.753064632778351006e-01
6.702712859999999637e+03 9.859018451658706494e-01
6.702747709999999643e+03 9.917375561808846607e-01
6.702782570000000305e+03 9.906142105729430769e-01
6.702817430000000058e+03 9.948232402662430252e-01
6.702852289999999812e+03 9.952002487146082155e-01
6.702887139999999818e+03 9.956908081920413656e-01
6.702921999999999571e+03 1.003999424070227020e+00
6.702956860000000233e+03 1.007758928075908722e+00
6.702991719999999987e+03 1.013484436855058846e+00
6.703026579999999740e+03 9.980291033531427658e-01
6.703061440000000403e+03 1.011415967725644238e+00
6.703096300000000156e+03 1.011332030985542252e+00
6.703131159999999909e+03 9.990099603154227736e-01
6.703166019999999662e+03 9.910927897204893089e-01
6.703200880000000325e+03 1.008612522738104422e+00
6.703235740000000078e+03 1.011318998962126514e+00
6.703270599999999831e+03 1.016361341904925997e+00
6.703305459999999584e+03 1.011975644222827375e+00
6.703340320000000247e+03 1.007512647475524936e+00
6.703375180000000000e+03 1.010117162400920199e+00
6.703410039999999753e+03 1.001622390333313017e+00
6.703444900000000416e+03 9.933851821700284690e-01
6.703479760000000169e+03 9.955359990408003679e-01
6.703514629999999670e+03 1.002918902582384808e+00
6.703549490000000333e+03 1.013651872110931773e+00
6.703584350000000086e+03 1.012271875536790988e+00
6.703619209999999839e+03 1.008951037206641921e+00
6.703654069999999592e+03 1.011584485054901394e+00
6.703688940000000002e+03 9.999453933343273038e-01
6.703723799999999756e+03 1.001151825214808166e+00
6.703758660000000418e+03 9.946792188265843881e-01
6.703793520000000171e+03 1.006000528119242565e+00
6.703828389999999672e+03 1.019428534766076311e+00
6.703863250000000335e+03 1.016890492709161764e+00
6.703898110000000088e+03 1.003725729118829069e+00
6.703932979999999588e+03 9.837264691154932184e-01
6.703967840000000251e+03 9.947533647167876580e-01
6.704002709999999752e+03 1.016190037928408785e+00
6.704037570000000414e+03 1.001899315914690947e+00
6.704072439999999915e+03 9.889050317406561375e-01
6.704107299999999668e+03 9.998284099098323496e-01
6.704142160000000331e+03 1.000216567139884161e+00
6.704177029999999831e+03 1.003517162169866417e+00
6.704211889999999585e+03 1.016061853439823803e+00
6.704246759999999995e+03 1.014306869330180660e+00
6.704281630000000405e+03 1.003791805209927057e+00
6.704316490000000158e+03 9.972875913870347109e-01
6.704351359999999659e+03 1.008583348760292875e+00
6.704386220000000321e+03 1.013774232425919131e+00
6.704421089999999822e+03 1.019752245691751602e+00
6.704455960000000232e+03 1.001727674723093875e+00
6.704490819999999985e+03 1.013844684929178896e+00
6.704525690000000395e+03 9.897487548967361937e-01
6.704560559999999896e+03 9.991569193972885676e-01
6.704595419999999649e+03 1.008450974509832898e+00
6.704630290000000059e+03 1.013735781050057128e+00
6.704665159999999560e+03 1.001883483853502232e+00
6.704700029999999970e+03 9.997125235611700189e-01
6.704734889999999723e+03 9.919294127559702412e-01
6.704769760000000133e+03 9.982815807165378308e-01
6.704804629999999634e+03 1.009177588208409970e+00
6.704839500000000044e+03 1.015349606803286564e+00
6.704874370000000454e+03 1.007066215713612545e+00
6.704909239999999954e+03 9.991293666291060083e-01
6.704944110000000364e+03 1.011931606577876952e+00
6.704978979999999865e+03 1.019897196868223999e+00
6.705013839999999618e+03 1.018543140321002793e+00
6.705048710000000028e+03 1.016247187724015788e+00
6.705083580000000438e+03 9.959826966308512608e-01
6.705118449999999939e+03 9.930499907168983675e-01
6.705153320000000349e+03 1.004847800908800881e+00
6.705188189999999850e+03 1.001181765919928690e+00
6.705223060000000260e+03 1.006159195399135120e+00
6.705257940000000417e+03 1.011766457963288124e+00
6.705292809999999918e+03 1.006049722426041626e+00
6.705327680000000328e+03 9.992196114017922737e-01
6.705362549999999828e+03 1.015825486597317306e+00
6.705397420000000238e+03 1.006815068521447643e+00
6.705432289999999739e+03 1.003298991767801907e+00
6.705467160000000149e+03 9.924027653387629266e-01
6.705502029999999650e+03 1.000045039243188993e+00
6.705536909999999807e+03 1.015226318712351361e+00
6.705571780000000217e+03 1.019607727463037072e+00
6.705606649999999718e+03 1.005158647795806548e+00
6.705641520000000128e+03 1.000292806252226718e+00
6.705676400000000285e+03 1.005317374485770854e+00
6.705711269999999786e+03 1.006542781424729194e+00
6.705746140000000196e+03 1.003207973524638197e+00
6.705781020000000353e+03 9.995701229217844874e-01
6.705815889999999854e+03 9.969566535549080344e-01
6.705850760000000264e+03 9.927902769490959400e-01
6.705885640000000421e+03 1.001847734982892701e+00
6.705920509999999922e+03 1.010124179642872155e+00
6.705955390000000079e+03 1.024248079663100164e+00
6.705990259999999580e+03 1.009805991985781137e+00
6.706025139999999737e+03 1.006544511891030114e+00
6.706060010000000148e+03 9.997442326687207004e-01
6.706094879999999648e+03 1.002729591371990026e+00
6.706129759999999806e+03 1.002336231665153621e+00
6.706164639999999963e+03 1.006230743208392786e+00
6.706199510000000373e+03 1.010980925827766885e+00
6.706234389999999621e+03 1.001317115117409617e+00
6.706269260000000031e+03 9.867736683739247727e-01
6.706304140000000189e+03 1.004829244121244969e+00
6.706339009999999689e+03 1.000548205481661901e+00
6.706373889999999847e+03 9.977300929602817003e-01
6.706408770000000004e+03 9.989183967926844598e-01
6.706443640000000414e+03 1.001491253638395751e+00
6.706478519999999662e+03 9.984836090948457921e-01
6.706513399999999820e+03 9.873834054502178548e-01
6.706548279999999977e+03 9.932184665477312713e-01
6.706583150000000387e+03 1.001090353519732634e+00
6.706618029999999635e+03 9.982976099934227632e-01
6.706652909999999792e+03 9.992475675595264839e-01
6.706687789999999950e+03 9.939192559874385768e-01
6.706722670000000107e+03 9.985780650157924931e-01
6.706757539999999608e+03 9.989160480946046583e-01
6.706792419999999765e+03 9.957368560976825878e-01
6.706827299999999923e+03 9.991170397329075525e-01
6.706862180000000080e+03 9.998059741853705384e-01
6.706897060000000238e+03 9.997104831799916713e-01
6.706931940000000395e+03 1.015726564301208112e+00
6.706966819999999643e+03 9.948516476787376828e-01
6.707001699999999801e+03 1.002992114146363356e+00
6.707036579999999958e+03 1.014650516082899134e+00
6.707071460000000116e+03 1.013302077696407455e+00
6.707106340000000273e+03 9.950908902247330712e-01
6.707141220000000430e+03 9.929652588014536985e-01
6.707176099999999678e+03 1.009706513343732848e+00
6.707210979999999836e+03 1.004004870065379640e+00
6.707245859999999993e+03 1.000367374430908729e+00
6.707280740000000151e+03 1.009841134237510651e+00
6.707315620000000308e+03 1.011188357190773157e+00
6.707350510000000213e+03 1.012643279552844611e+00
6.707385390000000370e+03 1.011798970989913560e+00
6.707420269999999618e+03 1.001271662143127683e+00
6.707455149999999776e+03 9.952404401095580333e-01
6.707490029999999933e+03 1.000484577861702418e+00
6.707524919999999838e+03 1.004572533885061292e+00
6.707559799999999996e+03 9.964178780119822276e-01
6.707594680000000153e+03 1.003141892503819133e+00
6.707629560000000311e+03 9.999408324132903481e-01
6.707664450000000215e+03 9.902010077286402812e-01
6.707699330000000373e+03 1.001687789889495139e+00
6.707734209999999621e+03 1.003291735100650062e+00
6.707769100000000435e+03 1.013394774011880495e+00
6.707803979999999683e+03 1.007718045859155032e+00
6.707838869999999588e+03 1.009502754220789944e+00
6.707873749999999745e+03 9.927015373422588551e-01
6.707908629999999903e+03 1.014368794425379416e+00
6.707943519999999808e+03 1.011696831369068184e+00
6.707978399999999965e+03 9.921537662823457504e-01
6.708013289999999870e+03 1.006045778841024418e+00
6.708048170000000027e+03 1.011462602241459896e+00
6.708083059999999932e+03 1.005252719751341006e+00
6.708117940000000090e+03 1.007708312700963615e+00
6.708152829999999994e+03 1.007524039090041956e+00
6.708187719999999899e+03 1.004686626428694884e+00
6.708222600000000057e+03 9.987465191782426421e-01
6.708257489999999962e+03 1.005123820753972774e+00
6.708292379999999866e+03 1.014002103445768244e+00
6.708327260000000024e+03 9.962216997041812849e-01
6.708362149999999929e+03 9.866045911954010039e-01
6.708397039999999834e+03 9.972665741381099291e-01
6.708431919999999991e+03 1.000238907115942322e+00
6.708466809999999896e+03 1.006766212934020910e+00
6.708501699999999801e+03 1.016335534781177996e+00
6.708536589999999705e+03 1.006630124616843203e+00
6.708571469999999863e+03 9.985736749745929286e-01
6.708606359999999768e+03 1.001979724633690561e+00
6.708641249999999673e+03 1.002189314305002243e+00
6.708676139999999577e+03 9.972006017205948813e-01
6.708711030000000392e+03 1.017151378723068822e+00
6.708745920000000297e+03 9.951701063181817020e-01
6.708780800000000454e+03 1.006280012815344183e+00
6.708815690000000359e+03 1.019782299588554375e+00
6.708850580000000264e+03 1.002841041138233358e+00
6.708885470000000169e+03 1.009085641429148250e+00
6.708920360000000073e+03 1.000511421362477282e+00
6.708955249999999978e+03 1.005845109756759559e+00
6.708990139999999883e+03 1.014198325127653399e+00
6.709025029999999788e+03 1.015846966275766317e+00
6.709059919999999693e+03 1.019154353115099942e+00
6.709094809999999597e+03 1.015590435008421721e+00
6.709129700000000412e+03 1.020620478107891804e+00
6.709164590000000317e+03 1.016014199990206590e+00
6.709199489999999969e+03 1.009955244416831821e+00
6.709234379999999874e+03 1.013999028273927072e+00
6.709269269999999779e+03 1.011353228417158245e+00
6.709304159999999683e+03 1.010645415002385583e+00
6.709339049999999588e+03 1.004624307418222395e+00
6.709373940000000403e+03 1.017622133636844506e+00
6.709408840000000055e+03 1.005582997335900286e+00
6.709443729999999960e+03 1.002347808614591385e+00
6.709478619999999864e+03 1.002577621517459106e+00
6.709513509999999769e+03 1.003544988266251270e+00
6.709548410000000331e+03 1.013938402847912590e+00
6.709583300000000236e+03 1.001690600829431288e+00
6.709618190000000141e+03 9.937648873115506598e-01
6.709653089999999793e+03 1.011509495591747854e+00
6.709687979999999698e+03 1.001624871395634608e+00
6.709722869999999602e+03 9.946261790160758620e-01
6.709757770000000164e+03 1.014179153478678375e+00
6.709792660000000069e+03 1.005180342920155123e+00
6.709827559999999721e+03 1.011574776060070402e+00
6.709862449999999626e+03 1.014975603376632840e+00
6.709897350000000188e+03 9.976026298479133692e-01
6.709932240000000093e+03 9.896912364644043780e-01
6.709967139999999745e+03 1.003161296937726821e+00
6.710002029999999650e+03 1.005410958571167024e+00
6.710036930000000211e+03 9.989731792365907914e-01
6.710071820000000116e+03 9.997004219256728774e-01
6.710106719999999768e+03 1.005013844092203623e+00
6.710141609999999673e+03 9.967697414513536636e-01
6.710176510000000235e+03 9.947507489633838906e-01
6.710211409999999887e+03 9.985438824090945298e-01
6.710246299999999792e+03 9.971586901059102948e-01
6.710281200000000354e+03 1.006132315472032746e+00
6.710316100000000006e+03 1.004451274990054488e+00
6.710350989999999911e+03 1.014986206038535510e+00
6.710385889999999563e+03 1.013276055428664169e+00
6.710420790000000125e+03 9.961217804803140785e-01
6.710455689999999777e+03 9.997871667875110058e-01
6.710490590000000338e+03 9.917658931481084794e-01
6.710525480000000243e+03 9.938837474521303728e-01
6.710560379999999896e+03 9.940804561458763677e-01
6.710595279999999548e+03 9.908785221491698270e-01
6.710630180000000109e+03 1.004362551707248530e+00
6.710665079999999762e+03 9.831854423337983429e-01
6.710699980000000323e+03 1.000029465175867438e+00
6.710734879999999976e+03 1.003929471993714184e+00
6.710769769999999880e+03 1.008619458128533264e+00
6.710804670000000442e+03 9.983130991193228665e-01
6.710839570000000094e+03 9.988724460878530831e-01
6.710874469999999747e+03 1.004400300848136141e+00
6.710909370000000308e+03 1.010985926418600078e+00
6.710944269999999960e+03 1.019514258370309845e+00
6.710979169999999613e+03 1.004952594405694066e+00
6.711014070000000174e+03 1.007502168323226810e+00
6.711048979999999574e+03 1.005051768877531781e+00
6.711083880000000136e+03 1.003723415155911791e+00
6.711118779999999788e+03 1.003464000513260901e+00
6.711153680000000350e+03 1.001428311116051129e+00
6.711188580000000002e+03 1.003384664030445572e+00
6.711223479999999654e+03 1.007177380075705564e+00
6.711258380000000216e+03 1.015415649717310353e+00
6.711293289999999615e+03 1.017558178630860066e+00
6.711328190000000177e+03 1.012788893448733241e+00
6.711363089999999829e+03 1.002181680870029234e+00
6.711397990000000391e+03 1.007759486003553473e+00
6.711432899999999790e+03 1.020377451981044237e+00
6.711467800000000352e+03 9.990477587634981615e-01
6.711502700000000004e+03 9.913309593799645159e-01
6.711537610000000313e+03 1.008149489775552965e+00
6.711572509999999966e+03 1.006468737043237249e+00
6.711607409999999618e+03 1.008344576927442837e+00
6.711642319999999927e+03 1.001297909503424011e+00
6.711677219999999579e+03 1.005130890535702815e+00
6.711712120000000141e+03 9.977374346002889638e-01
6.711747030000000450e+03 1.009983850897240520e+00
6.711781930000000102e+03 9.999571769873185634e-01
6.711816840000000411e+03 1.014885585304862614e+00
6.711851740000000063e+03 1.006026674455209768e+00
6.711886650000000373e+03 1.012244482568934956e+00
6.711921550000000025e+03 1.002900839721334147e+00
6.711956460000000334e+03 1.009949638833419927e+00
6.711991359999999986e+03 1.008526315648064831e+00
6.712026270000000295e+03 1.006925049824610063e+00
6.712061179999999695e+03 9.995363576454633359e-01
6.712096080000000256e+03 1.011222120190298890e+00
6.712130989999999656e+03 1.018716403052794428e+00
6.712165899999999965e+03 1.008246328674770487e+00
6.712200799999999617e+03 1.000451773806678046e+00
6.712235709999999926e+03 1.002795959576983087e+00
6.712270620000000235e+03 9.978898688879059842e-01
6.712305519999999888e+03 9.899634238682477605e-01
6.712340430000000197e+03 1.001674803133729474e+00
6.712375339999999596e+03 1.004616962278425119e+00
6.712410249999999905e+03 9.924320880926108535e-01
6.712445149999999558e+03 9.997298365992021152e-01
6.712480059999999867e+03 1.005560196174846821e+00
6.712514970000000176e+03 1.004342058394126713e+00
6.712549879999999575e+03 1.011380081299644074e+00
6.712584789999999884e+03 1.012764787668298361e+00
6.712619700000000194e+03 1.007454961185423103e+00
6.712654609999999593e+03 9.992535095892388641e-01
6.712689519999999902e+03 1.012488670088836251e+00
6.712724430000000211e+03 1.014666655879092438e+00
6.712759329999999864e+03 1.009608423707889058e+00
6.712794240000000173e+03 1.002714733734303199e+00
6.712829149999999572e+03 1.003104003061135785e+00
6.712864059999999881e+03 1.013385516727874691e+00
6.712898979999999938e+03 1.014578664596530233e+00
6.712933890000000247e+03 1.010169374823855826e+00
6.712968799999999646e+03 9.969151460527203579e-01
6.713003709999999955e+03 1.016616979570643675e+00
6.713038620000000265e+03 1.004815784648952492e+00
6.713073529999999664e+03 9.843055426945513942e-01
6.713108439999999973e+03 9.950354215546248771e-01
6.713143350000000282e+03 1.002851162196720436e+00
6.713178259999999682e+03 9.989861037562988155e-01
6.713213179999999738e+03 9.973344366852038290e-01
6.713248090000000047e+03 9.975167920419538703e-01
6.713283000000000357e+03 1.001347910580326461e+00
6.713317909999999756e+03 1.012581034511877309e+00
6.713352829999999813e+03 1.010668271559646003e+00
6.713387740000000122e+03 1.000202333958759571e+00
6.713422650000000431e+03 1.012175716888527033e+00
6.713457569999999578e+03 1.016297639937412400e+00
6.713492479999999887e+03 9.971136640279568697e-01
6.713527390000000196e+03 9.982175155060208915e-01
6.713562310000000252e+03 1.006108517909660494e+00
6.713597219999999652e+03 9.966686479098348928e-01
6.713632139999999708e+03 9.963805410534265494e-01
6.713667050000000017e+03 1.000806421428068083e+00
6.713701960000000327e+03 1.002308379020686369e+00
6.713736880000000383e+03 1.003828161517405393e+00
6.713771789999999783e+03 9.999246371096729424e-01
6.713806709999999839e+03 1.007641950429052136e+00
6.713841620000000148e+03 9.975287833924634251e-01
6.713876540000000205e+03 9.875331662264897892e-01
6.713911460000000261e+03 9.969170287624699034e-01
6.713946369999999661e+03 1.007223228932189185e+00
6.713981289999999717e+03 9.897344559871912306e-01
6.714016200000000026e+03 9.974646977294265859e-01
6.714051120000000083e+03 1.015052138426872030e+00
6.714086040000000139e+03 9.836569703157774791e-01
6.714120950000000448e+03 9.876528338920560479e-01
6.714155869999999595e+03 9.934869168082954838e-01
6.714190789999999652e+03 1.015751249693440661e+00
6.714225699999999961e+03 9.977211083779154999e-01
6.714260620000000017e+03 1.010364824465034950e+00
6.714295540000000074e+03 1.001128352390838083e+00
6.714330460000000130e+03 1.020588069497846861e+00
6.714365380000000187e+03 1.003342007453112306e+00
6.714400289999999586e+03 1.000092425485128889e+00
6.714435209999999643e+03 9.983145681787625181e-01
6.714470129999999699e+03 1.010960654506920298e+00
6.714505049999999756e+03 1.006386798913737612e+00
6.714539969999999812e+03 9.930867483460489309e-01
6.714574889999999868e+03 9.988463137126158964e-01
6.714609809999999925e+03 1.003899022931490581e+00
6.714644729999999981e+03 9.984250924148826423e-01
6.714679650000000038e+03 1.008989405176484055e+00
6.714714570000000094e+03 1.004343416278760781e+00
6.714749490000000151e+03 9.936693583647705497e-01
6.714784410000000207e+03 1.003032028141037424e+00
6.714819330000000264e+03 1.005094925640913184e+00
6.714854250000000320e+03 1.001573277012573815e+00
6.714889170000000377e+03 9.913987576641065669e-01
6.714924090000000433e+03 9.887648316828344663e-01
6.714959009999999580e+03 1.011571210624192974e+00
6.714993929999999636e+03 1.006496396562791773e+00
6.715028849999999693e+03 9.923134085470617372e-01
6.715063769999999749e+03 1.006325450513007702e+00
6.715098699999999553e+03 1.000490133794899705e+00
6.715133619999999610e+03 9.911947732087315055e-01
6.715168539999999666e+03 9.912078341539161119e-01
6.715203459999999723e+03 9.950769337470027898e-01
6.715238379999999779e+03 1.005759514770530272e+00
6.715273309999999583e+03 1.006828397223924920e+00
6.715308229999999639e+03 1.002512818908555925e+00
6.715343149999999696e+03 9.985166332710044834e-01
6.715378080000000409e+03 9.927559790376123683e-01
6.715412999999999556e+03 9.897585836321813879e-01
6.715447919999999613e+03 9.866730758273645208e-01
6.715482850000000326e+03 1.017092496429087278e+00
6.715517770000000382e+03 9.995294055830046265e-01
6.715552700000000186e+03 9.880172553209550790e-01
6.715587620000000243e+03 1.015232094927336570e+00
6.715622540000000299e+03 1.015320159093288543e+00
6.715657470000000103e+03 9.942222650658009142e-01
6.715692390000000159e+03 9.850911621022381270e-01
6.715727319999999963e+03 1.003066769388915924e+00
6.715762240000000020e+03 1.001462796519495102e+00
6.715797169999999824e+03 9.976295569978077538e-01
6.715832099999999627e+03 1.002165633742699180e+00
6.715867019999999684e+03 9.940868860287749298e-01
6.715901950000000397e+03 1.004371986005240469e+00
6.715936870000000454e+03 1.007798128929110026e+00
6.715971800000000258e+03 9.981110565364490483e-01
6.716006730000000061e+03 1.006288984326330072e+00
6.716041650000000118e+03 9.922114890279318811e-01
6.716076579999999922e+03 9.968223512277318843e-01
6.716111509999999726e+03 1.002475866924025460e+00
6.716146429999999782e+03 1.002824065920478347e+00
6.716181359999999586e+03 9.936659406693115759e-01
6.716216290000000299e+03 9.850218002208573909e-01
6.716251220000000103e+03 1.004115802969417715e+00
6.716286140000000159e+03 1.005453693371082036e+00
6.716321069999999963e+03 9.957853583832280142e-01
6.716355999999999767e+03 9.986377300446337424e-01
6.716390929999999571e+03 1.000358620957377598e+00
6.716425860000000284e+03 9.986159834623942189e-01
6.716460790000000088e+03 9.978214448877030796e-01
6.716495719999999892e+03 9.981167776292511062e-01
6.716530649999999696e+03 9.990956651208001693e-01
6.716565580000000409e+03 9.950128102713338141e-01
6.716600499999999556e+03 9.959090815554182408e-01
6.716635430000000270e+03 1.006989808481916659e+00
6.716670360000000073e+03 1.000937971365040147e+00
6.716705289999999877e+03 1.003632786561340362e+00
6.716740230000000338e+03 1.008467948889365751e+00
6.716775160000000142e+03 1.004484144891716113e+00
6.716810089999999946e+03 1.007150382308283243e+00
6.716845019999999749e+03 1.005076302066910454e+00
6.716879949999999553e+03 9.988269024372991023e-01
6.716914880000000267e+03 1.012833919282627670e+00
6.716949810000000070e+03 1.004160154274859496e+00
6.716984739999999874e+03 1.005435411080695784e+00
6.717019669999999678e+03 1.000027616570860589e+00
6.717054610000000139e+03 1.008399483253672679e+00
6.717089539999999943e+03 1.010235831322612077e+00
6.717124469999999747e+03 1.012219966759738909e+00
6.717159399999999550e+03 1.000161098785138147e+00
6.717194340000000011e+03 1.000120736346763017e+00
6.717229269999999815e+03 9.963152093054229441e-01
6.717264199999999619e+03 1.006496654614565500e+00
6.717299140000000079e+03 9.940853784138415916e-01
6.717334069999999883e+03 1.001487993308655566e+00
6.717368999999999687e+03 1.000084033595518340e+00
6.717403940000000148e+03 1.010936081777646489e+00
6.717438869999999952e+03 1.020059857634665113e+00
6.717473799999999756e+03 1.000039569386127036e+00
6.717508740000000216e+03 9.991370195855605596e-01
6.717543670000000020e+03 9.945787448435321476e-01
6.717578609999999571e+03 9.915376393782247000e-01
6.717613540000000285e+03 1.005937967586409076e+00
6.717648479999999836e+03 1.001969877962620048e+00
6.717683409999999640e+03 1.009632878056270888e+00
6.717718350000000100e+03 1.010160362180240412e+00
6.717753279999999904e+03 9.999169875489009041e-01
6.717788220000000365e+03 1.001028770215275809e+00
6.717823159999999916e+03 1.036946306797102313e+00
6.717858089999999720e+03 1.022548087650106297e+00
6.717893030000000181e+03 1.002893497133426015e+00
6.717927969999999732e+03 1.012984127372076326e+00
6.717962900000000445e+03 1.022692082677067571e+00
6.717997839999999997e+03 1.008134597689201106e+00
6.718032779999999548e+03 1.008751014892616649e+00
6.718067710000000261e+03 1.003484583590193768e+00
6.718102649999999812e+03 1.003899694807001142e+00
6.718137590000000273e+03 1.005308322568691404e+00
6.718172529999999824e+03 1.011276759154084326e+00
6.718207459999999628e+03 1.008853675294363983e+00
6.718242400000000089e+03 9.981081343452042898e-01
6.718277339999999640e+03 1.005958452020875749e+00
6.718312280000000101e+03 1.009266729781897798e+00
6.718347219999999652e+03 1.002760602756534336e+00
6.718382160000000113e+03 9.951825532573082000e-01
6.718417099999999664e+03 1.000555828295413896e+00
6.718452030000000377e+03 1.012735097979304610e+00
6.718486969999999928e+03 1.001617085755417191e+00
6.718521910000000389e+03 9.917047097304676484e-01
6.718556849999999940e+03 1.008828465108210226e+00
6.718591790000000401e+03 1.028725163238835894e+00
6.718626729999999952e+03 1.020695095611221070e+00
6.718661670000000413e+03 9.973538450957558643e-01
6.718696609999999964e+03 9.959158258239686479e-01
6.718731560000000172e+03 1.010014929434370545e+00
6.718766499999999724e+03 1.017697087394083599e+00
6.718801440000000184e+03 1.000015833944668087e+00
6.718836379999999735e+03 9.971620674369148229e-01
6.718871320000000196e+03 1.001350401178792593e+00
6.718906259999999747e+03 1.008785489999628915e+00
6.718941200000000208e+03 1.006891428682775258e+00
6.718976150000000416e+03 9.898600792717623387e-01
6.719011089999999967e+03 1.000311800591820566e+00
6.719046030000000428e+03 1.004567192046544655e+00
6.719080969999999979e+03 1.008675100764568455e+00
6.719115920000000187e+03 1.003011177911151464e+00
6.719150859999999739e+03 1.003770976508062240e+00
6.719185800000000199e+03 9.963275931311569300e-01
6.719220739999999751e+03 9.973596632721511979e-01
6.719255689999999959e+03 9.954871158362077477e-01
6.719290630000000419e+03 1.001438114964906978e+00
6.719325579999999718e+03 9.944812526380515383e-01
6.719360520000000179e+03 1.007055820369310073e+00
6.719395459999999730e+03 1.007567407294317929e+00
6.719430409999999938e+03 1.005323125085021196e+00
6.719465350000000399e+03 1.002581419800278706e+00
6.719500299999999697e+03 1.015477510314305665e+00
6.719535240000000158e+03 1.005500954697966520e+00
6.719570190000000366e+03 1.013062743914835862e+00
6.719605129999999917e+03 9.938757595260124811e-01
6.719640080000000125e+03 9.948145503384537847e-01
6.719675019999999677e+03 9.910975126866213847e-01
6.719709969999999885e+03 1.011439636233855133e+00
6.719744920000000093e+03 9.956342511232928461e-01
6.719779859999999644e+03 1.011815800416173916e+00
6.719814809999999852e+03 1.000596007163163437e+00
6.719849750000000313e+03 1.005885896014204972e+00
6.719884699999999611e+03 9.952069971128639780e-01
6.719919649999999820e+03 1.001988368534390439e+00
6.719954590000000280e+03 1.013492719490711069e+00
6.719989539999999579e+03 1.006538894230422976e+00
6.720024489999999787e+03 1.014335950995415736e+00
6.720059439999999995e+03 1.006998401384884279e+00
6.720094379999999546e+03 9.996856391528643471e-01
6.720129329999999754e+03 9.898530673756158471e-01
6.720164279999999962e+03 1.003802841551688640e+00
6.720199230000000171e+03 1.000195768329054102e+00
6.720234180000000379e+03 9.923827920302312755e-01
6.720269129999999677e+03 9.949827720817316923e-01
6.720304079999999885e+03 9.962869029917634789e-01
6.720339020000000346e+03 1.000571975114862511e+00
6.720373969999999645e+03 9.955174415197237670e-01
6.720408919999999853e+03 9.962889786220798793e-01
6.720443870000000061e+03 1.001850406550072403e+00
6.720478820000000269e+03 1.004371648425870012e+00
6.720513769999999568e+03 1.009884344155644653e+00
6.720548719999999776e+03 1.015721393339123368e+00
6.720583669999999984e+03 1.002533317916446620e+00
6.720618620000000192e+03 1.007512894269191994e+00
6.720653570000000400e+03 1.009695851902952857e+00
6.720688530000000355e+03 9.992713556489806193e-01
6.720723479999999654e+03 9.938719884109268321e-01
6.720758429999999862e+03 9.986970763551757946e-01
6.720793380000000070e+03 1.000714583012558556e+00
6.720828330000000278e+03 1.004581226570915975e+00
6.720863279999999577e+03 1.016937529427793363e+00
6.720898229999999785e+03 1.015934308704354416e+00
6.720933189999999740e+03 1.007151135766648054e+00
6.720968139999999948e+03 9.971878943819891816e-01
6.721003090000000157e+03 9.993286500557323482e-01
6.721038040000000365e+03 9.991361747817188999e-01
6.721073000000000320e+03 9.998354627191878841e-01
6.721107949999999619e+03 1.005329713387537183e+00
6.721142899999999827e+03 1.006353221245004370e+00
6.721177859999999782e+03 1.008026033888831163e+00
6.721212809999999990e+03 1.001315065894063716e+00
6.721247760000000198e+03 1.008100432271276103e+00
6.721282720000000154e+03 1.006437528349299448e+00
6.721317670000000362e+03 1.005058217669956067e+00
6.721352630000000318e+03 1.004889032437152885e+00
6.721387579999999616e+03 1.004932355508860287e+00
6.721422539999999572e+03 1.003081340882528982e+00
6.721457489999999780e+03 1.000286488714803301e+00
6.721492449999999735e+03 1.005906000452744031e+00
6.721527399999999943e+03 1.010533504682534112e+00
6.721562359999999899e+03 9.958629620539048988e-01
6.721597310000000107e+03 9.979067260089822256e-01
6.721632270000000062e+03 1.012036489381279880e+00
6.721667220000000270e+03 9.993804157150377732e-01
6.721702180000000226e+03 9.981796686394351914e-01
6.721737140000000181e+03 9.995739254349486069e-01
6.721772090000000389e+03 1.003792607744617316e+00
6.721807050000000345e+03 1.002509250102856520e+00
6.721842010000000300e+03 1.014385991163829326e+00
6.721876959999999599e+03 1.015501559076155580e+00
6.721911919999999554e+03 1.008405009294200072e+00
6.721946880000000419e+03 9.955091266470170730e-01
6.721981840000000375e+03 9.953408768416586172e-01
6.722016789999999673e+03 1.006559546753054368e+00
6.722051749999999629e+03 1.009914748030084963e+00
6.722086709999999584e+03 1.008390087100468291e+00
6.722121670000000449e+03 1.000920105964101081e+00
6.722156630000000405e+03 9.933451767065367699e-01
6.722191590000000360e+03 9.963350810358321263e-01
6.722226539999999659e+03 1.001368809692530615e+00
6.722261499999999614e+03 9.934912067283862003e-01
6.722296459999999570e+03 9.970084563779720854e-01
6.722331420000000435e+03 1.003286392555455597e+00
6.722366380000000390e+03 1.003933495327270942e+00
6.722401340000000346e+03 9.912643140660315488e-01
6.722436300000000301e+03 9.996472402583845840e-01
6.722471260000000257e+03 9.912377358259368831e-01
6.722506220000000212e+03 1.007614188168808766e+00
6.722541180000000168e+03 9.979883656042747297e-01
6.722576140000000123e+03 9.967240486301367497e-01
6.722611100000000079e+03 9.978478504008500005e-01
6.722646060000000034e+03 9.992655264524429315e-01
6.722681029999999737e+03 9.952146566475138512e-01
6.722715989999999692e+03 1.001572233286414315e+00
6.722750949999999648e+03 1.002755150230710157e+00
6.722785909999999603e+03 9.962101952861223131e-01
6.722820869999999559e+03 1.003639173310007404e+00
6.722855840000000171e+03 1.018115307596867636e+00
6.722890800000000127e+03 1.003005794603481160e+00
6.722925760000000082e+03 9.956595942147964395e-01
6.722960720000000038e+03 1.019037895237010716e+00
6.722995689999999740e+03 1.012762470574894769e+00
6.723030649999999696e+03 1.011069472813407311e+00
6.723065609999999651e+03 1.001721856440061620e+00
6.723100580000000264e+03 9.937854712050935291e-01
6.723135540000000219e+03 1.004312558426058377e+00
6.723170500000000175e+03 9.978642677354402357e-01
6.723205469999999877e+03 9.996774135973427455e-01
6.723240429999999833e+03 1.007275600963984274e+00
6.723275400000000445e+03 1.006270356599416216e+00
6.723310360000000401e+03 1.004288011135882952e+00
6.723345320000000356e+03 9.982737233279475042e-01
6.723380290000000059e+03 1.014496377945983907e+00
6.723415250000000015e+03 1.007616711899688156e+00
6.723450219999999717e+03 9.993353865897944832e-01
6.723485190000000330e+03 9.814340782343584646e-01
6.723520150000000285e+03 9.958575426553539778e-01
6.723555119999999988e+03 1.006161179016768825e+00
6.723590079999999944e+03 9.964651261744250643e-01
6.723625049999999646e+03 9.899947960617222487e-01
6.723660009999999602e+03 9.876279824446511091e-01
6.723694980000000214e+03 1.004098550195257289e+00
6.723729949999999917e+03 1.004564745556586702e+00
6.723764919999999620e+03 1.001085253403539710e+00
6.723799879999999575e+03 1.005244010793734155e+00
6.723834850000000188e+03 1.002771359443019428e+00
6.723869819999999891e+03 9.923410830398856630e-01
6.723904779999999846e+03 9.911045221352385859e-01
6.723939749999999549e+03 9.819097059166439490e-01
6.723974720000000161e+03 9.957413220734950832e-01
6.724009689999999864e+03 1.002823031652292585e+00
6.724044659999999567e+03 1.000013743216593642e+00
6.724079630000000179e+03 1.005134402731508780e+00
6.724114590000000135e+03 9.991845199535904776e-01
6.724149559999999838e+03 9.966515894215877136e-01
6.724184530000000450e+03 9.933052457997607609e-01
6.724219500000000153e+03 1.005439022384262415e+00
6.724254469999999856e+03 1.013501827463711313e+00
6.724289439999999558e+03 1.014982493328325575e+00
6.724324410000000171e+03 1.005383204606857817e+00
6.724359379999999874e+03 9.986946074047891031e-01
6.724394349999999577e+03 1.000174776434294532e+00
6.724429320000000189e+03 9.893355491312557648e-01
6.724464289999999892e+03 9.915227872387138985e-01
6.724499259999999595e+03 1.006078115135174311e+00
6.724534230000000207e+03 1.007517654449183064e+00
6.724569199999999910e+03 9.929683389286200201e-01
6.724604169999999613e+03 9.920843916825975439e-01
6.724639149999999972e+03 1.003930294534637779e+00
6.724674119999999675e+03 1.012021252819422346e+00
6.724709090000000288e+03 9.908060039594660529e-01
6.724744059999999990e+03 1.000660329837526730e+00
6.724779029999999693e+03 9.959019852344788148e-01
6.724814010000000053e+03 1.009579176071042639e+00
6.724848979999999756e+03 1.009244234233349857e+00
6.724883950000000368e+03 9.914860023763533148e-01
6.724918920000000071e+03 9.994729080258974996e-01
6.724953900000000431e+03 9.999219816477955547e-01
6.724988870000000134e+03 9.959114100331484254e-01
6.725023839999999836e+03 1.007545459515573283e+00
6.725058820000000196e+03 1.010048048281205313e+00
6.725093789999999899e+03 1.001010679189640262e+00
6.725128770000000259e+03 9.972708116583928195e-01
6.725163739999999962e+03 1.006110343544571517e+00
6.725198709999999664e+03 1.002523767283806322e+00
6.725233690000000024e+03 9.960394585456262551e-01
6.725268659999999727e+03 9.921687920226482937e-01
6.725303640000000087e+03 9.942513340144497613e-01
6.725338609999999790e+03 1.003845507931451442e+00
6.725373590000000149e+03 9.933554315597472595e-01
6.725408559999999852e+03 1.005890094442340565e+00
6.725443540000000212e+03 1.006596377773832485e+00
6.725478519999999662e+03 9.985636994613287243e-01
6.725513490000000274e+03 9.995775117253224984e-01
6.725548469999999725e+03 1.005236051322249802e+00
6.725583440000000337e+03 1.003755419565327323e+00
6.725618419999999787e+03 9.936537935417112388e-01
6.725653400000000147e+03 1.003717893715358134e+00
6.725688369999999850e+03 9.929183748108907359e-01
6.725723350000000210e+03 9.962375085507686467e-01
6.725758329999999660e+03 9.988706887345586427e-01
6.725793310000000019e+03 9.864764804421779498e-01
6.725828279999999722e+03 9.859050744515123199e-01
6.725863260000000082e+03 9.932508813624431054e-01
6.725898240000000442e+03 9.986762928820641649e-01
6.725933219999999892e+03 9.939813385051498029e-01
6.725968200000000252e+03 9.974804638500521792e-01
6.726003169999999955e+03 1.011647797948519445e+00
6.726038150000000314e+03 1.003683458779651261e+00
6.726073129999999765e+03 1.003895526982372610e+00
6.726108110000000124e+03 1.021603221909604509e+00
6.726143089999999575e+03 1.005038338963704092e+00
6.726178069999999934e+03 9.896339403493625841e-01
6.726213050000000294e+03 9.974392283661895897e-01
6.726248029999999744e+03 9.929327790583609703e-01
6.726283010000000104e+03 1.000408183204288370e+00
6.726317989999999554e+03 9.960784573987276902e-01
6.726352969999999914e+03 1.001014933895407744e+00
6.726387950000000274e+03 1.003565643111472561e+00
6.726422929999999724e+03 1.001156312697221829e+00
6.726457910000000084e+03 1.016219045873846039e+00
6.726492890000000443e+03 9.949415362008048325e-01
6.726527869999999893e+03 9.960902389655456046e-01
6.726562850000000253e+03 9.960607850485009296e-01
6.726597840000000360e+03 1.004243083203499198e+00
6.726632819999999811e+03 9.976866412693644603e-01
6.726667800000000170e+03 9.962551809009955184e-01
6.726702779999999620e+03 1.011058719607626832e+00
6.726737759999999980e+03 1.003824837581465568e+00
6.726772750000000087e+03 1.002434612696958993e+00
6.726807730000000447e+03 9.983581905779820298e-01
6.726842709999999897e+03 9.881906984141756167e-01
6.726877700000000004e+03 1.003188632973301520e+00
6.726912680000000364e+03 9.946469970303587482e-01
6.726947659999999814e+03 9.959900956475938871e-01
6.726982649999999921e+03 9.941816251410534599e-01
6.727017630000000281e+03 1.004908741728707922e+00
6.727052609999999731e+03 1.008178126520661966e+00
6.727087599999999838e+03 9.912833597038618327e-01
6.727122580000000198e+03 1.000496544955422173e+00
6.727157570000000305e+03 9.905363966263046605e-01
6.727192549999999756e+03 1.007748640482678315e+00
6.727227539999999863e+03 1.004749189865006054e+00
6.727262520000000222e+03 1.003635077777562223e+00
6.727297510000000329e+03 9.895029385999034588e-01
6.727332489999999780e+03 9.958239725434551159e-01
6.727367479999999887e+03 1.006037337473597360e+00
6.727402460000000247e+03 1.013699973662153697e+00
6.727437450000000354e+03 1.002195068414983181e+00
6.727472439999999551e+03 1.010445441130067623e+00
6.727507419999999911e+03 1.010547720627575030e+00
6.727542410000000018e+03 1.021156313415645389e+00
6.727577400000000125e+03 1.010061057326779643e+00
6.727612379999999575e+03 9.960630650121872209e-01
6.727647369999999682e+03 1.011755928491136158e+00
6.727682359999999790e+03 9.933030135341011091e-01
6.727717340000000149e+03 1.001849992198866834e+00
6.727752330000000256e+03 1.003252303736529738e+00
6.727787320000000364e+03 1.000032033520294350e+00
6.727822309999999561e+03 9.967567989239484172e-01
6.727857299999999668e+03 9.958667537404289893e-01
6.727892280000000028e+03 1.002411226514437814e+00
6.727927270000000135e+03 1.001137005950516468e+00
6.727962260000000242e+03 1.014123512471068134e+00
6.727997250000000349e+03 1.003715134376021778e+00
6.728032239999999547e+03 9.940782375750689681e-01
6.728067229999999654e+03 1.003929056617929527e+00
6.728102219999999761e+03 9.962808877776276884e-01
6.728137209999999868e+03 1.004528484338515604e+00
6.728172199999999975e+03 9.986669306666002832e-01
6.728207190000000082e+03 9.965081259847009543e-01
6.728242180000000189e+03 1.003503535212645348e+00
6.728277170000000297e+03 1.004079483086437241e+00
6.728312160000000404e+03 1.010931389128670421e+00
6.728347149999999601e+03 1.004347380572457427e+00
6.728382139999999708e+03 1.013630399933251658e+00
6.728417129999999815e+03 1.009674388019483615e+00
6.728452119999999923e+03 1.006145804354004580e+00
6.728487110000000030e+03 1.003435987970370924e+00
6.728522109999999884e+03 1.011507345959979043e+00
6.728557099999999991e+03 1.007575998432575171e+00
6.728592090000000098e+03 1.010137829815705102e+00
6.728627080000000205e+03 1.000159232055304548e+00
6.728662070000000313e+03 1.011531442102119538e+00
6.728697070000000167e+03 1.000196173640508057e+00
6.728732060000000274e+03 9.995447605541112335e-01
6.728767050000000381e+03 1.001074884944896493e+00
6.728802050000000236e+03 1.001502300950420921e+00
6.728837040000000343e+03 9.997010296072198487e-01
6.728872030000000450e+03 1.006600737399811152e+00
6.728907030000000304e+03 1.005475011009331787e+00
6.728942020000000412e+03 1.006826630179531223e+00
6.728977009999999609e+03 1.008361814072032958e+00
6.729012010000000373e+03 9.987623925877469055e-01
6.729046999999999571e+03 9.863020243503609619e-01
6.729082000000000335e+03 9.897814627918887220e-01
6.729116990000000442e+03 9.992208833952115343e-01
6.729151990000000296e+03 1.005543022653636598e+00
6.729186980000000403e+03 1.012119250569061268e+00
6.729221980000000258e+03 1.013783899965652990e+00
6.729256970000000365e+03 1.009542622243799315e+00
6.729291970000000219e+03 1.002553398763689207e+00
6.729326960000000327e+03 9.927041581159290473e-01
6.729361960000000181e+03 9.940378130261513512e-01
6.729396960000000036e+03 1.004971361640254468e+00
6.729431950000000143e+03 1.011302396809215853e+00
6.729466949999999997e+03 1.002656851960531670e+00
6.729501949999999852e+03 1.000377675124960453e+00
6.729536939999999959e+03 9.995967775234705366e-01
6.729571939999999813e+03 9.933747926971493447e-01
6.729606939999999668e+03 1.013505262314589483e+00
6.729641929999999775e+03 1.011042486117667671e+00
6.729676929999999629e+03 9.958583041905321176e-01
6.729711930000000393e+03 9.832980526964690826e-01
6.729746930000000248e+03 9.833173735283012862e-01
6.729781930000000102e+03 9.963581971382146074e-01
6.729816920000000209e+03 1.001608846519561835e+00
6.729851920000000064e+03 9.878672854165149175e-01
6.729886919999999918e+03 9.766245367249078990e-01
6.729921919999999773e+03 9.763305694064279283e-01
6.729956919999999627e+03 9.993508348199319213e-01
6.729991920000000391e+03 9.893340742955671896e-01
6.730026920000000246e+03 9.757506039701963063e-01
6.730061920000000100e+03 9.950577014541219789e-01
6.730096919999999955e+03 1.002341323157496467e+00
6.730131919999999809e+03 9.959351218970938779e-01
6.730166919999999664e+03 1.007506628975568752e+00
6.730201920000000428e+03 1.001538549451258309e+00
6.730236920000000282e+03 9.947962554089286868e-01
6.730271920000000136e+03 1.010470669349488482e+00
6.730306919999999991e+03 1.003089880806534495e+00
6.730341919999999845e+03 1.005544667275068971e+00
6.730376919999999700e+03 9.991761351723916773e-01
6.730411919999999554e+03 1.002086191025848061e+00
6.730446930000000066e+03 1.011819479715826420e+00
6.730481929999999920e+03 1.003908420704568760e+00
6.730516929999999775e+03 9.904228590473672655e-01
6.730551929999999629e+03 1.009785932686173560e+00
6.730586930000000393e+03 1.003064481871141167e+00
6.730621939999999995e+03 1.000588111131748059e+00
6.730656939999999850e+03 1.000488275683413919e+00
6.730691939999999704e+03 1.004998862610425814e+00
6.730726939999999558e+03 1.003433008460882681e+00
6.730761950000000070e+03 1.005283378317418208e+00
6.730796949999999924e+03 9.942500886118572634e-01
6.730831960000000436e+03 1.019851199659141061e+00
6.730866960000000290e+03 1.004516382365066463e+00
6.730901960000000145e+03 9.952220939390585830e-01
6.730936969999999747e+03 9.994004024486801141e-01
6.730971969999999601e+03 1.004600423501100126e+00
6.731006980000000112e+03 9.954316472293786022e-01
6.731041979999999967e+03 1.009611007015168038e+00
6.731076989999999569e+03 1.001287684391177990e+00
6.731111990000000333e+03 1.004596254924883469e+00
6.731146999999999935e+03 9.998291058115533758e-01
6.731181999999999789e+03 1.008766270509781515e+00
6.731217010000000300e+03 9.988910157734094408e-01
6.731252010000000155e+03 1.005193440329202659e+00
6.731287019999999757e+03 9.972974956595249685e-01
6.731322030000000268e+03 9.905773469093874795e-01
6.731357030000000123e+03 1.014607843613321014e+00
6.731392039999999724e+03 1.013326375376518929e+00
6.731427039999999579e+03 1.007580727569548307e+00
6.731462050000000090e+03 1.010704668302713438e+00
6.731497059999999692e+03 9.962264243739690217e-01
6.731532070000000203e+03 9.955952735317924462e-01
6.731567070000000058e+03 9.952771049360883415e-01
6.731602079999999660e+03 1.011785633913771409e+00
6.731637090000000171e+03 1.013167233635804854e+00
6.731672099999999773e+03 1.006832616994761675e+00
6.731707110000000284e+03 1.003343920890637841e+00
6.731742110000000139e+03 9.995839277345194285e-01
6.731777119999999741e+03 1.001733159576593035e+00
6.731812130000000252e+03 9.892372376493113739e-01
6.731847139999999854e+03 1.001232312761001886e+00
6.731882150000000365e+03 1.012884208103800532e+00
6.731917159999999967e+03 1.008605130672582728e+00
6.731952169999999569e+03 1.008186285468598564e+00
6.731987180000000080e+03 1.010299355804933796e+00
6.732022189999999682e+03 1.009066056197606365e+00
6.732057200000000194e+03 1.002486155444022309e+00
6.732092209999999795e+03 1.008606128324024853e+00
6.732127220000000307e+03 1.012459686569268547e+00
6.732162229999999909e+03 1.003832777788333130e+00
6.732197240000000420e+03 1.006358599335888337e+00
6.732232250000000022e+03 1.006270371383847673e+00
6.732267259999999624e+03 1.000323265880684653e+00
6.732302270000000135e+03 1.000624653340301817e+00
6.732337279999999737e+03 1.006094221074152584e+00
6.732372299999999996e+03 1.005132868685009617e+00
6.732407309999999597e+03 1.006313061595061731e+00
6.732442320000000109e+03 1.001688403121713034e+00
6.732477329999999711e+03 9.945688116874829010e-01
6.732512340000000222e+03 1.005594253117900072e+00
6.732547359999999571e+03 1.002745553757811159e+00
6.732582370000000083e+03 9.956030773961551672e-01
6.732617379999999685e+03 9.949785290573313068e-01
6.732652399999999943e+03 1.006839912156951788e+00
6.732687410000000455e+03 1.001361196126024034e+00
6.732722420000000056e+03 1.008220451240853022e+00
6.732757440000000315e+03 1.015144088017224444e+00
6.732792449999999917e+03 9.938791256332305535e-01
6.732827460000000428e+03 1.001575282517255472e+00
6.732862479999999778e+03 1.008651740414722386e+00
6.732897490000000289e+03 1.000202281738179044e+00
6.732932509999999638e+03 1.010538933741655487e+00
6.732967520000000150e+03 9.911948267098267262e-01
6.733002540000000408e+03 1.002429203294784354e+00
6.733037550000000010e+03 9.951832678391696607e-01
6.733072570000000269e+03 9.963601756726078174e-01
6.733107579999999871e+03 1.004882754548594770e+00
6.733142600000000130e+03 1.014055589234294619e+00
6.733177609999999731e+03 9.988635315465662634e-01
6.733212629999999990e+03 9.884934906096073393e-01
6.733247650000000249e+03 1.005363267632008561e+00
6.733282659999999851e+03 9.987122765834728355e-01
6.733317680000000109e+03 1.008029161720848776e+00
6.733352700000000368e+03 9.958840104217726585e-01
6.733387709999999970e+03 1.003018353118335426e+00
6.733422730000000229e+03 1.002475880254212637e+00
6.733457749999999578e+03 9.854496400276889778e-01
6.733492760000000089e+03 9.835738614285217674e-01
6.733527780000000348e+03 9.904450589649588244e-01
6.733562799999999697e+03 9.951616888248456805e-01
6.733597819999999956e+03 1.001682331530095782e+00
6.733632840000000215e+03 9.984641023585716368e-01
6.733667849999999817e+03 1.003165607803859549e+00
6.733702870000000075e+03 9.999409063345724435e-01
6.733737890000000334e+03 9.939155069216220051e-01
6.733772909999999683e+03 9.944030161021557568e-01
6.733807929999999942e+03 9.860348507609291158e-01
6.733842950000000201e+03 9.808666306857672934e-01
6.733877969999999550e+03 9.888247608060632965e-01
6.733912989999999809e+03 9.986190492208434355e-01
6.733948010000000068e+03 1.004528348197591514e+00
6.733983030000000326e+03 1.012503834053614771e+00
6.734018049999999675e+03 1.001394252981113508e+00
6.734053069999999934e+03 9.953626828353170364e-01
6.734088090000000193e+03 9.990258885186337201e-01
6.734123110000000452e+03 9.937304060240880199e-01
6.734158129999999801e+03 9.821648114013147302e-01
6.734193150000000060e+03 9.932308536542108213e-01
6.734228170000000318e+03 9.930164154536901266e-01
6.734263189999999668e+03 1.005910951505758266e+00
6.734298219999999674e+03 1.017414804362613667e+00
6.734333239999999932e+03 9.976531082596586941e-01
6.734368260000000191e+03 1.003594222585622253e+00
6.734403280000000450e+03 9.886410828279167395e-01
6.734438299999999799e+03 9.965204958583696593e-01
6.734473329999999805e+03 1.007054980200736471e+00
6.734508350000000064e+03 1.014353324344571927e+00
6.734543370000000323e+03 1.001971416642103874e+00
6.734578400000000329e+03 1.006522204814789268e+00
6.734613419999999678e+03 9.990078707023113402e-01
6.734648439999999937e+03 9.973393140098472109e-01
6.734683469999999943e+03 1.010512705979451198e+00
6.734718490000000202e+03 1.003741356802957174e+00
6.734753509999999551e+03 9.995826981794800892e-01
6.734788539999999557e+03 1.003769655409080030e+00
6.734823559999999816e+03 9.934573408297293629e-01
6.734858589999999822e+03 9.982954026000231407e-01
6.734893610000000081e+03 1.000720254236521667e+00
6.734928640000000087e+03 1.006755763880755827e+00
6.734963660000000345e+03 9.969124665131177121e-01
6.734998690000000352e+03 9.881738419283644381e-01
6.735033709999999701e+03 1.012982947051092486e+00
6.735068739999999707e+03 1.013747205087076386e+00
6.735103759999999966e+03 1.011645555799469687e+00
6.735138789999999972e+03 1.004426587092933421e+00
6.735173819999999978e+03 1.004988728219180283e+00
6.735208840000000237e+03 1.008785298096078531e+00
6.735243870000000243e+03 1.007333794614933442e+00
6.735278900000000249e+03 1.009069639742700364e+00
6.735313919999999598e+03 1.008050376059633324e+00
6.735348949999999604e+03 9.986212525237608828e-01
6.735383979999999610e+03 1.000172943817318361e+00
6.735419009999999616e+03 1.004623722266216435e+00
6.735454029999999875e+03 1.011073435666530518e+00
6.735489059999999881e+03 1.001575013457844054e+00
6.735524089999999887e+03 9.903606034960130700e-01
6.735559119999999893e+03 9.991535532367593619e-01
6.735594149999999900e+03 1.008583224046261995e+00
6.735629170000000158e+03 9.978936004529851411e-01
6.735664200000000164e+03 9.972515531191874505e-01
6.735699230000000171e+03 1.000976362689030008e+00
6.735734260000000177e+03 9.973497831848952000e-01
6.735769290000000183e+03 1.003996131879273612e+00
6.735804320000000189e+03 1.004116144778852471e+00
6.735839350000000195e+03 1.002096173297094106e+00
6.735874380000000201e+03 1.017636121136169747e+00
6.735909410000000207e+03 1.007941451704489344e+00
6.735944440000000213e+03 1.010956277558159533e+00
6.735979470000000219e+03 1.014709431710318022e+00
6.736014500000000226e+03 1.010493349984402878e+00
6.736049530000000232e+03 9.991967228432695469e-01
6.736084560000000238e+03 1.003086081810631525e+00
6.736119590000000244e+03 1.007298422016312589e+00
6.736154629999999997e+03 1.006589336464136064e+00
6.736189660000000003e+03 9.928542848498026485e-01
6.736224690000000010e+03 1.004321734971807434e+00
6.736259720000000016e+03 1.005090956329989238e+00
6.736294750000000022e+03 1.001755623688602048e+00
6.736329780000000028e+03 9.909661760236666561e-01
6.736364819999999781e+03 9.932670942138895898e-01
6.736399849999999788e+03 9.995492524755754671e-01
6.736434879999999794e+03 1.007508747523057968e+00
6.736469919999999547e+03 9.927794567562907568e-01
6.736504949999999553e+03 9.879857549275751216e-01
6.736539979999999559e+03 1.000591317006159775e+00
6.736575020000000222e+03 9.940424164548274932e-01
6.736610050000000228e+03 9.826502241030342644e-01
6.736645080000000235e+03 9.913072670811799991e-01
6.736680119999999988e+03 1.006233900241894297e+00
6.736715149999999994e+03 9.959014491896391874e-01
6.736750189999999748e+03 9.827453142992278456e-01
6.736785219999999754e+03 9.926625492546620189e-01
6.736820249999999760e+03 9.946427319667482392e-01
6.736855290000000423e+03 1.000324603062604956e+00
6.736890320000000429e+03 9.996454728763476405e-01
6.736925360000000182e+03 9.934566219857342562e-01
6.736960399999999936e+03 9.855389796663724944e-01
6.736995429999999942e+03 9.852463476593252834e-01
6.737030469999999696e+03 9.888274157786699492e-01
6.737065499999999702e+03 9.863923960360821974e-01
6.737100540000000365e+03 9.961534916418546270e-01
6.737135580000000118e+03 9.866808873863400775e-01
6.737170610000000124e+03 1.002269283278266476e+00
6.737205649999999878e+03 9.948691916874010666e-01
6.737240689999999631e+03 1.002534175909692848e+00
6.737275719999999637e+03 9.938499968207800128e-01
6.737310760000000300e+03 9.958937294212122371e-01
6.737345800000000054e+03 9.961387087250154204e-01
6.737380839999999807e+03 9.897970569817259312e-01
6.737415869999999813e+03 9.768502727528682872e-01
6.737450909999999567e+03 9.832714310647115985e-01
6.737485950000000230e+03 1.003975997026581801e+00
6.737520989999999983e+03 9.964671832342137936e-01
6.737556029999999737e+03 9.904816325501364371e-01
6.737591070000000400e+03 9.858202596230631887e-01
6.737626110000000153e+03 9.972552274498558411e-01
6.737661140000000159e+03 9.986024448270257592e-01
6.737696179999999913e+03 9.968954701017227471e-01
6.737731219999999666e+03 9.794469751128339619e-01
6.737766260000000329e+03 9.897815129278954016e-01
6.737801300000000083e+03 9.939371414871809307e-01
6.737836339999999836e+03 9.991427210218263300e-01
6.737871379999999590e+03 9.909852173253274055e-01
6.737906420000000253e+03 9.845685872776243075e-01
6.737941460000000006e+03 9.997731235848087428e-01
6.737976499999999760e+03 1.004053323204102233e+00
6.738011550000000170e+03 1.005770985103201509e+00
6.738046589999999924e+03 9.921925293859175099e-01
6.738081629999999677e+03 9.958981616266784354e-01
6.738116670000000340e+03 1.003352298225425709e+00
6.738151710000000094e+03 1.002987821812151292e+00
6.738186749999999847e+03 9.962584738375426241e-01
6.738221800000000258e+03 9.939811782383134453e-01
6.738256840000000011e+03 9.938919577814987472e-01
6.738291879999999765e+03 9.896488791859148204e-01
6.738326920000000428e+03 1.000390467737091837e+00
6.738361969999999928e+03 1.003522833077235665e+00
6.738397009999999682e+03 1.006321007186370187e+00
6.738432050000000345e+03 9.969196602174721367e-01
6.738467090000000098e+03 1.010057854706340574e+00
6.738502139999999599e+03 9.940888203120890054e-01
6.738537180000000262e+03 1.000015204062533636e+00
6.738572229999999763e+03 9.950254725580516268e-01
6.738607270000000426e+03 9.906046053434551801e-01
6.738642310000000180e+03 9.868642187523281040e-01
6.738677359999999680e+03 9.966538273068937803e-01
6.738712400000000343e+03 1.006144940662777376e+00
6.738747449999999844e+03 1.006449561242404922e+00
6.738782489999999598e+03 9.918893301802074181e-01
6.738817540000000008e+03 9.902969666838966623e-01
6.738852579999999762e+03 1.003823146279210654e+00
6.738887630000000172e+03 9.989195969256492447e-01
6.738922669999999925e+03 9.969162923928898135e-01
6.738957720000000336e+03 9.927459924566216509e-01
6.738992769999999837e+03 1.003790754523344875e+00
6.739027809999999590e+03 1.007483909350924023e+00
6.739062860000000001e+03 1.006625871149177343e+00
6.739097910000000411e+03 1.009009778836690963e+00
6.739132950000000164e+03 9.967923619127270207e-01
6.739167999999999665e+03 9.867412555827127507e-01
6.739203050000000076e+03 1.007698307275683325e+00
6.739238089999999829e+03 1.004267117879686033e+00
6.739273140000000240e+03 9.990673751607879183e-01
6.739308189999999740e+03 1.007342939473835575e+00
6.739343240000000151e+03 9.956019002502136672e-01
6.739378289999999652e+03 9.962386322424241492e-01
6.739413330000000315e+03 1.000580602260235485e+00
6.739448379999999815e+03 9.959850376353306389e-01
6.739483430000000226e+03 1.009965311703070912e+00
6.739518479999999727e+03 1.004395337000267396e+00
6.739553530000000137e+03 9.983163113320561166e-01
6.739588579999999638e+03 9.968630749213603925e-01
6.739623630000000048e+03 1.003072976266645711e+00
6.739658679999999549e+03 9.993550078502184686e-01
6.739693729999999960e+03 9.978377101854680742e-01
6.739728780000000370e+03 1.007100493123168850e+00
6.739763829999999871e+03 9.945720960324772042e-01
6.739798880000000281e+03 1.003923861223652292e+00
6.739833929999999782e+03 9.967565676750546055e-01
6.739868980000000192e+03 1.004254866781701283e+00
6.739904029999999693e+03 1.006698366525107469e+00
6.739939080000000104e+03 1.012530821548602855e+00
6.739974129999999604e+03 1.004420036165103003e+00
6.740009180000000015e+03 9.964093295776397241e-01
6.740044230000000425e+03 1.014084897659351059e+00
6.740079289999999673e+03 9.933636406062082980e-01
6.740114340000000084e+03 9.950859312165447612e-01
6.740149389999999585e+03 1.004247746274300690e+00
6.740184439999999995e+03 1.007458736591064774e+00
6.740219490000000405e+03 1.008195682539357874e+00
6.740254549999999654e+03 1.016125427928049163e+00
6.740289600000000064e+03 9.947096539498906376e-01
6.740324649999999565e+03 9.908980709245284180e-01
6.740359709999999723e+03 1.019484281742878196e+00
6.740394760000000133e+03 1.004634966843612753e+00
6.740429809999999634e+03 9.971717653297610395e-01
6.740464869999999792e+03 9.989111076379628695e-01
6.740499920000000202e+03 1.005925372610758872e+00
6.740534969999999703e+03 1.008889358914504708e+00
6.740570029999999861e+03 9.888436062020509176e-01
6.740605080000000271e+03 9.881859737840323898e-01
6.740640140000000429e+03 9.916483187465215954e-01
6.740675189999999930e+03 9.895489951124019079e-01
6.740710250000000087e+03 9.968730287481896157e-01
6.740745299999999588e+03 1.006980246522708455e+00
6.740780359999999746e+03 9.962900131446091878e-01
6.740815410000000156e+03 9.904815315901848161e-01
6.740850470000000314e+03 9.914353701640662431e-01
6.740885529999999562e+03 9.852054083084431646e-01
6.740920579999999973e+03 9.894112819636315947e-01
6.740955640000000130e+03 9.904236679592454129e-01
6.740990689999999631e+03 9.970900092611367782e-01
6.741025749999999789e+03 1.007957510074890983e+00
6.741060809999999947e+03 9.927987132810099924e-01
6.741095870000000104e+03 1.001342838882682162e+00
6.741130919999999605e+03 1.008612210683946353e+00
6.741165979999999763e+03 1.011797573452934529e+00
6.741201039999999921e+03 9.993431321796933942e-01
6.741236090000000331e+03 9.995480583215621273e-01
6.741271149999999579e+03 1.007127841850909533e+00
6.741306209999999737e+03 9.938144014118659442e-01
6.741341269999999895e+03 9.846688058897323792e-01
6.741376330000000053e+03 1.001666119603384919e+00
6.741411390000000210e+03 1.006539564456819802e+00
6.741446450000000368e+03 9.927047836802802561e-01
6.741481499999999869e+03 9.949292689560745861e-01
6.741516560000000027e+03 9.884951016176721783e-01
6.741551620000000185e+03 9.804484133053917860e-01
6.741586680000000342e+03 9.949551232114635102e-01
6.741621739999999591e+03 9.972170935271490455e-01
6.741656799999999748e+03 9.957465013134559895e-01
6.741691859999999906e+03 9.926346593444557165e-01
6.741726920000000064e+03 1.003502440424532738e+00
6.741761980000000221e+03 9.922607929587189401e-01
6.741797040000000379e+03 9.860750190969769235e-01
6.741832099999999627e+03 1.001867826381120263e+00
6.741867170000000442e+03 1.000573068131177967e+00
6.741902229999999690e+03 1.009580737518737337e+00
6.741937289999999848e+03 9.879419321521997199e-01
6.741972350000000006e+03 9.844409100108444388e-01
6.742007410000000164e+03 1.002322315228589167e+00
6.742042470000000321e+03 9.980744429329164724e-01
6.742077540000000226e+03 1.006837027666001916e+00
6.742112600000000384e+03 1.005488369702351115e+00
6.742147659999999632e+03 1.004540076773903223e+00
6.742182719999999790e+03 1.013220524507353115e+00
6.742217789999999695e+03 1.003462223794296948e+00
6.742252849999999853e+03 9.991683241780303648e-01
6.742287910000000011e+03 1.013027108098751627e+00
6.742322979999999916e+03 1.000495427287881878e+00
6.742358040000000074e+03 9.966470194771296365e-01
6.742393100000000231e+03 1.007083493233746907e+00
6.742428170000000136e+03 1.008832497553484586e+00
6.742463230000000294e+03 1.014202358900273548e+00
6.742498300000000199e+03 1.009887032486432412e+00
6.742533360000000357e+03 9.978658551810801747e-01
6.742568419999999605e+03 9.956551978178691531e-01
6.742603490000000420e+03 9.987039592144753009e-01
6.742638549999999668e+03 1.002806103609686472e+00
6.742673619999999573e+03 1.002632303598987251e+00
6.742708679999999731e+03 9.956088386468194829e-01
6.742743749999999636e+03 1.001317693134924136e+00
6.742778820000000451e+03 1.034318966667827411e+00
6.742813879999999699e+03 1.021958759436109254e+00
6.742848949999999604e+03 9.945741919132414788e-01
6.742884009999999762e+03 9.819227154826347670e-01
6.742919079999999667e+03 1.005121250739211769e+00
6.742954149999999572e+03 1.007127099606789811e+00
6.742989209999999730e+03 1.000926317357862194e+00
6.743024279999999635e+03 1.002070396588065515e+00
6.743059350000000450e+03 9.964801517063494041e-01
6.743094420000000355e+03 9.990420175673224712e-01
6.743129479999999603e+03 9.930561370052409798e-01
6.743164550000000418e+03 9.935265597367842760e-01
6.743199620000000323e+03 1.006089834943500794e+00
6.743234690000000228e+03 1.000564132981687671e+00
6.743269760000000133e+03 9.947431523661030006e-01
6.743304820000000291e+03 1.006185648716757530e+00
6.743339890000000196e+03 1.011655487606256232e+00
6.743374960000000101e+03 1.001797231809127497e+00
6.743410030000000006e+03 9.924226548352718114e-01
6.743445099999999911e+03 9.956318829687039740e-01
6.743480169999999816e+03 1.006685748971557492e+00
6.743515239999999721e+03 9.984736256468456084e-01
6.743550309999999627e+03 1.000195607126238784e+00
6.743585380000000441e+03 9.924258299854193943e-01
6.743620450000000346e+03 1.005959601533931602e+00
6.743655520000000251e+03 1.010969790962867432e+00
6.743690590000000157e+03 1.009179707607687382e+00
6.743725660000000062e+03 1.007914955817983182e+00
6.743760729999999967e+03 9.980312798694015441e-01
6.743795799999999872e+03 9.968135353009895949e-01
6.743830869999999777e+03 9.992618467222341705e-01
6.743865950000000339e+03 9.965445652892328532e-01
6.743901020000000244e+03 1.010664615923742460e+00
6.743936090000000149e+03 1.010279435036144369e+00
6.743971160000000054e+03 1.010655846821356896e+00
6.744006229999999960e+03 9.897010809511318508e-01
6.744041309999999612e+03 9.917303275002408158e-01
6.744076380000000427e+03 9.976150779286793169e-01
6.744111450000000332e+03 1.002797406745244091e+00
6.744146520000000237e+03 9.892157482192486251e-01
6.744181599999999889e+03 9.877555664589451334e-01
6.744216669999999795e+03 9.960733195181943334e-01
6.744251739999999700e+03 1.011057720090804857e+00
6.744286820000000262e+03 9.938261752233971125e-01
6.744321890000000167e+03 9.964167075518607364e-01
6.744356960000000072e+03 9.947380360479878281e-01
6.744392039999999724e+03 1.005891003546147022e+00
6.744427109999999630e+03 1.006060743153576409e+00
6.744462190000000192e+03 1.007653657415354509e+00
6.744497260000000097e+03 1.009937543430683649e+00
6.744532339999999749e+03 1.012339616439226431e+00
6.744567409999999654e+03 1.010058674854495964e+00
6.744602490000000216e+03 1.007990266998694429e+00
6.744637560000000121e+03 9.981026106802086684e-01
6.744672639999999774e+03 9.983726474380865135e-01
6.744707709999999679e+03 9.965933364042173226e-01
6.744742790000000241e+03 1.003188692610356592e+00
6.744777869999999893e+03 1.007014298806053310e+00
6.744812939999999799e+03 1.007101399821150656e+00
6.744848020000000361e+03 1.013201115593198809e+00
6.744883100000000013e+03 1.017641332630407236e+00
6.744918169999999918e+03 1.013416875486377045e+00
6.744953249999999571e+03 1.010663025153049066e+00
6.744988330000000133e+03 9.949616548145671091e-01
6.745023400000000038e+03 1.011250840175057730e+00
6.745058479999999690e+03 9.977280005550558384e-01
6.745093560000000252e+03 1.004528564507605859e+00
6.745128639999999905e+03 1.004607194240161316e+00
6.745163719999999557e+03 1.016840776563629367e+00
6.745198790000000372e+03 1.001427556539146391e+00
6.745233870000000024e+03 9.967284864478164197e-01
6.745268949999999677e+03 9.966656319050436474e-01
6.745304030000000239e+03 1.010403723136649168e+00
6.745339109999999891e+03 1.011084472280026292e+00
6.745374190000000453e+03 1.012154906858770964e+00
6.745409270000000106e+03 1.003801181873832604e+00
6.745444349999999758e+03 9.986778423656986758e-01
6.745479430000000320e+03 1.003639598599961102e+00
6.745514509999999973e+03 9.937341848693652668e-01
6.745549589999999625e+03 1.017582758669208332e+00
6.745584670000000187e+03 1.024680571959805997e+00
6.745619749999999840e+03 1.003334207761233943e+00
6.745654830000000402e+03 1.016122934657626597e+00
6.745689910000000054e+03 1.014967358044793766e+00
6.745724989999999707e+03 1.012997239027779717e+00
6.745760070000000269e+03 1.007166791958825414e+00
6.745795149999999921e+03 1.001726309246919744e+00
6.745830240000000231e+03 1.006680393447936250e+00
6.745865319999999883e+03 1.012242088027683451e+00
6.745900400000000445e+03 1.017608643109403133e+00
6.745935480000000098e+03 1.016966748746641169e+00
6.745970559999999750e+03 1.010736025102105584e+00
6.746005650000000060e+03 1.009704897091140419e+00
6.746040729999999712e+03 1.013548293115512644e+00
6.746075810000000274e+03 9.994226784862380031e-01
6.746110899999999674e+03 9.993538739431135909e-01
6.746145980000000236e+03 9.963524484169450357e-01
6.746181059999999889e+03 1.017053440013356180e+00
6.746216150000000198e+03 1.004982883805769722e+00
6.746251229999999850e+03 1.015280357815606660e+00
6.746286310000000412e+03 1.019329164848637337e+00
6.746321399999999812e+03 9.969293874561663271e-01
6.746356480000000374e+03 1.004648020694287380e+00
6.746391569999999774e+03 1.003906540389031266e+00
6.746426650000000336e+03 1.009665924577386908e+00
6.746461739999999736e+03 9.986602395025315770e-01
6.746496820000000298e+03 1.004973892273381519e+00
6.746531909999999698e+03 1.010850624250658747e+00
6.746566990000000260e+03 1.016785956386398126e+00
6.746602079999999660e+03 1.006713405511221238e+00
6.746637160000000222e+03 1.010566515222863782e+00
6.746672249999999622e+03 1.005555087223196642e+00
6.746707339999999931e+03 1.012073648330254150e+00
6.746742419999999584e+03 1.018939725856705003e+00
6.746777509999999893e+03 1.010272301198715361e+00
6.746812600000000202e+03 1.007797232585370795e+00
6.746847679999999855e+03 1.016390508047173347e+00
6.746882770000000164e+03 9.930298670352865065e-01
6.746917859999999564e+03 1.008539458829843749e+00
6.746952940000000126e+03 1.005681538918203888e+00
6.746988030000000435e+03 1.009273965401570550e+00
6.747023119999999835e+03 9.994886967546260381e-01
6.747058210000000145e+03 9.974567330499751749e-01
6.747093300000000454e+03 1.015050543965989593e+00
6.747128380000000107e+03 9.961816322784086131e-01
6.747163470000000416e+03 1.000858449303289488e+00
6.747198559999999816e+03 1.006395589795227918e+00
6.747233650000000125e+03 1.016382759799995039e+00
6.747268740000000435e+03 1.017975677708056192e+00
6.747303829999999834e+03 1.020741430086473667e+00
6.747338920000000144e+03 1.018738769455034943e+00
6.747374010000000453e+03 1.016305996467247397e+00
6.747409099999999853e+03 1.006689106058734628e+00
6.747444190000000162e+03 9.937254131876512853e-01
6.747479279999999562e+03 1.002655791547090613e+00
6.747514369999999872e+03 1.012905604630020440e+00
6.747549460000000181e+03 1.011722705434031866e+00
6.747584549999999581e+03 9.967158423962012570e-01
6.747619639999999890e+03 1.004484125182592447e+00
6.747654730000000200e+03 1.001439687668239431e+00
6.747689819999999600e+03 1.003291714870249152e+00
6.747724919999999656e+03 1.013692632229078905e+00
6.747760009999999966e+03 1.010053138792864846e+00
6.747795100000000275e+03 9.979538067143638447e-01
6.747830189999999675e+03 1.002998747042132655e+00
6.747865279999999984e+03 1.002924046930546709e+00
6.747900380000000041e+03 1.003815438710304431e+00
6.747935470000000350e+03 9.969641948752014926e-01
6.747970559999999750e+03 9.978039089656711713e-01
6.748005650000000060e+03 1.005002561656551441e+00
6.748040750000000116e+03 1.001001374222692197e+00
6.748075840000000426e+03 9.969603245484042198e-01
6.748110929999999826e+03 1.006798118023692012e+00
6.748146029999999882e+03 1.005858442542385101e+00
6.748181120000000192e+03 1.015456277429402032e+00
6.748216220000000249e+03 1.020068531212289020e+00
6.748251309999999648e+03 1.012792845604369996e+00
6.748286399999999958e+03 9.982688062942260965e-01
6.748321500000000015e+03 1.007185461953188810e+00
6.748356590000000324e+03 9.957591892173265347e-01
6.748391690000000381e+03 9.920951137819289389e-01
6.748426779999999781e+03 9.971415957817804099e-01
6.748461879999999837e+03 9.904524494772529719e-01
6.748496970000000147e+03 9.964610400456141992e-01
6.748532070000000203e+03 1.004006603101011308e+00
6.748567170000000260e+03 9.982064033536433012e-01
6.748602259999999660e+03 1.001926625342402621e+00
6.748637359999999717e+03 1.004494874940447424e+00
6.748672450000000026e+03 1.011547096753312447e+00
6.748707550000000083e+03 1.005027518862814828e+00
6.748742650000000140e+03 1.009671368636420485e+00
6.748777740000000449e+03 1.018743545211556079e+00
6.748812839999999596e+03 1.000546137977845973e+00
6.748847939999999653e+03 1.008977488527468047e+00
6.748883039999999710e+03 1.002205548238216171e+00
6.748918130000000019e+03 9.966540379023476337e-01
6.748953230000000076e+03 1.002440602393165570e+00
6.748988330000000133e+03 9.939613776832314507e-01
6.749023430000000189e+03 9.948050532403683865e-01
6.749058530000000246e+03 1.012772623236605885e+00
6.749093630000000303e+03 1.002998886367013842e+00
6.749128719999999703e+03 1.006344731322526886e+00
6.749163819999999760e+03 1.004245039914592130e+00
6.749198919999999816e+03 9.996254605686091255e-01
6.749234019999999873e+03 9.904177454611947651e-01
6.749269119999999930e+03 9.949003741136854817e-01
6.749304219999999987e+03 1.003120900660873005e+00
6.749339320000000043e+03 9.937682809742446333e-01
6.749374420000000100e+03 9.992518500600306997e-01
6.749409520000000157e+03 9.891347652160270565e-01
6.749444620000000214e+03 1.001703034663408598e+00
6.749479720000000270e+03 1.015882015595209076e+00
6.749514820000000327e+03 9.935442386420171301e-01
6.749549920000000384e+03 9.912196465631190057e-01
6.749585030000000188e+03 9.914786582154888617e-01
6.749620130000000245e+03 9.991835046030523859e-01
6.749655230000000302e+03 1.001481019416066820e+00
6.749690330000000358e+03 9.911250504930239069e-01
6.749725430000000415e+03 1.018178373162786698e+00
6.749760529999999562e+03 1.002708553052531260e+00
6.749795640000000276e+03 1.019790864788214124e+00
6.749830740000000333e+03 1.008363322349954849e+00
6.749865840000000389e+03 1.002032248195428021e+00
6.749900940000000446e+03 9.986594101793723199e-01
6.749936050000000250e+03 1.011775214364204256e+00
6.749971150000000307e+03 1.020257476863466239e+00
6.750006250000000364e+03 1.008719581077916594e+00
6.750041360000000168e+03 9.950735065708135041e-01
6.750076460000000225e+03 9.841572473268193066e-01
6.750111560000000281e+03 9.979750432693735851e-01
6.750146670000000086e+03 9.976891925266349048e-01
6.750181770000000142e+03 1.015974979307761039e+00
6.750216879999999946e+03 1.000672487622208395e+00
6.750251980000000003e+03 1.009183098072750973e+00
6.750287089999999807e+03 1.010361186410884571e+00
6.750322189999999864e+03 1.021126041384448069e+00
6.750357299999999668e+03 9.885661732707052840e-01
6.750392399999999725e+03 1.001058590940290705e+00
6.750427510000000439e+03 1.006248118535787661e+00
6.750462609999999586e+03 1.011466759633027790e+00
6.750497720000000299e+03 1.014301896919458157e+00
6.750532830000000104e+03 1.015327515817941118e+00
6.750567930000000160e+03 1.013917156151334487e+00
6.750603039999999964e+03 9.944951616503082681e-01
6.750638140000000021e+03 1.001751264984737988e+00
6.750673249999999825e+03 1.016648367807077902e+00
6.750708359999999630e+03 1.011730772401558287e+00
6.750743470000000343e+03 1.012586532506565495e+00
6.750778570000000400e+03 1.009595488522450957e+00
6.750813680000000204e+03 1.009865758300276806e+00
6.750848790000000008e+03 1.003180425678809939e+00
6.750883899999999812e+03 9.950140537993673595e-01
6.750918999999999869e+03 9.987622372205707810e-01
6.750954109999999673e+03 1.005911807893564713e+00
6.750989220000000387e+03 1.005245397494496373e+00
6.751024330000000191e+03 1.004280434908208841e+00
6.751059439999999995e+03 1.002314419079795682e+00
6.751094549999999799e+03 1.003620966881870968e+00
6.751129659999999603e+03 1.005899253189219911e+00
6.751164770000000317e+03 1.010384425949352405e+00
6.751199880000000121e+03 1.011714192018039027e+00
6.751234989999999925e+03 9.998728272793618865e-01
6.751270099999999729e+03 1.007208639421573126e+00
6.751305210000000443e+03 9.918252921675938527e-01
6.751340320000000247e+03 1.000997965390246547e+00
6.751375430000000051e+03 9.971052865816544264e-01
6.751410539999999855e+03 9.986096752339975735e-01
6.751445649999999659e+03 9.993238208199347605e-01
6.751480760000000373e+03 1.001366745487902721e+00
6.751515870000000177e+03 1.002566744218370998e+00
6.751550979999999981e+03 9.954487029683736221e-01
6.751586089999999786e+03 9.921999259175937613e-01
6.751621199999999590e+03 1.003954059823839229e+00
6.751656320000000051e+03 9.975384568550917930e-01
6.751691429999999855e+03 1.001290648007433948e+00
6.751726539999999659e+03 9.818682295308788222e-01
6.751761650000000373e+03 1.009790151210555598e+00
6.751796769999999924e+03 1.004521864101182604e+00
6.751831879999999728e+03 1.009374541894149546e+00
6.751866990000000442e+03 1.000166746757434222e+00
6.751902109999999993e+03 9.993179671675911369e-01
6.751937219999999797e+03 1.004510156796495135e+00
6.751972329999999602e+03 9.965550432613421439e-01
6.752007450000000063e+03 1.001612598886340022e+00
6.752042559999999867e+03 1.011288686210555010e+00
6.752077669999999671e+03 1.004878936894151309e+00
6.752112790000000132e+03 1.006997959042588153e+00
6.752147899999999936e+03 1.010679906366805270e+00
6.752183020000000397e+03 1.015444779374616191e+00
6.752218130000000201e+03 1.008297469862899920e+00
6.752253249999999753e+03 1.016381363749615740e+00
6.752288359999999557e+03 9.906545616988441383e-01
6.752323480000000018e+03 9.814760348238478205e-01
6.752358589999999822e+03 9.940730946675929713e-01
6.752393710000000283e+03 1.001706257323839999e+00
6.752428829999999834e+03 1.001337477226183825e+00
6.752463939999999639e+03 1.008332591776962550e+00
6.752499060000000100e+03 1.009965760780868305e+00
6.752534169999999904e+03 1.003163816757433269e+00
6.752569290000000365e+03 9.900048062886883660e-01
6.752604409999999916e+03 9.997452837886846577e-01
6.752639530000000377e+03 1.010990149941023875e+00
6.752674640000000181e+03 1.006646739901963183e+00
6.752709759999999733e+03 9.992008941207161099e-01
6.752744880000000194e+03 9.885004176363449968e-01
6.752779999999999745e+03 1.006488691288681903e+00
6.752815109999999549e+03 1.013811610370710659e+00
6.752850230000000010e+03 1.009228200585555957e+00
6.752885349999999562e+03 1.006939422519150584e+00
6.752920470000000023e+03 9.940028508394680440e-01
6.752955589999999575e+03 1.000652599901965534e+00
6.752990710000000036e+03 1.004112108437120288e+00
6.753025819999999840e+03 1.002221378730089985e+00
6.753060940000000301e+03 9.950799228707175592e-01
6.753096059999999852e+03 1.006345072375550265e+00
6.753131180000000313e+03 1.000482726036541647e+00
6.753166299999999865e+03 1.000607868279355328e+00
6.753201420000000326e+03 9.941170976349679167e-01
6.753236539999999877e+03 1.006542709074360831e+00
6.753271660000000338e+03 9.986440721760089234e-01
6.753306779999999890e+03 9.964309784867677600e-01
6.753341900000000351e+03 1.002624001228561212e+00
6.753377029999999650e+03 1.000241462291941996e+00
6.753412150000000111e+03 9.942314525549084125e-01
6.753447269999999662e+03 9.857818699640091831e-01
6.753482390000000123e+03 1.001112839817408284e+00
6.753517509999999675e+03 1.012087508472650166e+00
6.753552630000000136e+03 1.012180988116613500e+00
6.753587749999999687e+03 9.873432034531861579e-01
6.753622879999999896e+03 9.977714060535729512e-01
6.753658000000000357e+03 1.001374454765336930e+00
6.753693119999999908e+03 9.893001810208378322e-01
6.753728240000000369e+03 1.002924372960867228e+00
6.753763369999999668e+03 1.006431024538867236e+00
6.753798490000000129e+03 1.014507643767040612e+00
6.753833609999999680e+03 1.012927436763175315e+00
6.753868739999999889e+03 1.009890661578116910e+00
6.753903860000000350e+03 1.014308273482999789e+00
6.753938979999999901e+03 1.007794177881623954e+00
6.753974110000000110e+03 1.003589255377192346e+00
6.754009229999999661e+03 9.872021141833141611e-01
6.754044359999999870e+03 9.994582800656144350e-01
6.754079480000000331e+03 9.959676497712550702e-01
6.754114609999999630e+03 1.012035889183687587e+00
6.754149730000000091e+03 1.008036118041504281e+00
6.754184860000000299e+03 1.008115074804407651e+00
6.754219979999999850e+03 1.002047241542503242e+00
6.754255110000000059e+03 1.003016367223464211e+00
6.754290229999999610e+03 9.945426840089780507e-01
6.754325359999999819e+03 9.893688332602397217e-01
6.754360480000000280e+03 1.003385945826278380e+00
6.754395609999999579e+03 1.019723099369063357e+00
6.754430739999999787e+03 1.006554049659908134e+00
6.754465860000000248e+03 9.966443352598941541e-01
6.754500989999999547e+03 1.003787793503464698e+00
6.754536119999999755e+03 9.996082213090280444e-01
6.754571240000000216e+03 9.991039464727582420e-01
6.754606370000000425e+03 9.952495437292169234e-01
6.754641499999999724e+03 1.003199373856433319e+00
6.754676629999999932e+03 1.018399560307277296e+00
6.754711750000000393e+03 9.980476361867467450e-01
6.754746879999999692e+03 9.894010938494016694e-01
6.754782009999999900e+03 1.002674673000237160e+00
6.754817140000000109e+03 9.897368111364905907e-01
6.754852270000000317e+03 9.778052971026676143e-01
6.754887399999999616e+03 9.750600573322588671e-01
6.754922520000000077e+03 1.004639293620424034e+00
6.754957650000000285e+03 1.007085542040307313e+00
6.754992779999999584e+03 1.012430509646109478e+00
6.755027909999999792e+03 1.004082619270602938e+00
6.755063040000000001e+03 9.935286041325613882e-01
6.755098170000000209e+03 1.018356261205463076e+00
6.755133300000000418e+03 1.002096438799921385e+00
6.755168429999999717e+03 9.964110284619004387e-01
6.755203559999999925e+03 1.001751965283932622e+00
6.755238690000000133e+03 1.000202614277145186e+00
6.755273820000000342e+03 1.000053530932618839e+00
6.755308949999999641e+03 1.002069589345692346e+00
6.755344089999999596e+03 9.990082380278669794e-01
6.755379219999999805e+03 1.009587447904417346e+00
6.755414350000000013e+03 1.021131631026656050e+00
6.755449480000000221e+03 1.020616456377440917e+00
6.755484610000000430e+03 1.002632428922380692e+00
6.755519739999999729e+03 9.990676569683278885e-01
6.755554879999999685e+03 9.968103501273066769e-01
6.755590009999999893e+03 1.006618015217762174e+00
6.755625140000000101e+03 1.022559821108807387e+00
6.755660270000000310e+03 1.008989971152386644e+00
6.755695410000000265e+03 9.930929578871913188e-01
6.755730539999999564e+03 1.004299845031688010e+00
6.755765669999999773e+03 9.885691581062244770e-01
6.755800809999999728e+03 1.002880174497421395e+00
6.755835939999999937e+03 1.008434295119440050e+00
6.755871070000000145e+03 1.008011028851568680e+00
6.755906210000000101e+03 9.893823828187725544e-01
6.755941340000000309e+03 1.005223798545430869e+00
6.755976480000000265e+03 1.004315010142620368e+00
6.756011609999999564e+03 9.986617806942896802e-01
6.756046750000000429e+03 9.904228322796385653e-01
6.756081879999999728e+03 1.008150093740681985e+00
6.756117019999999684e+03 1.021769320482437626e+00
6.756152149999999892e+03 1.001670832863484684e+00
6.756187289999999848e+03 1.010902497234718034e+00
6.756222420000000056e+03 9.999406891348701087e-01
6.756257560000000012e+03 9.970070880905282928e-01
6.756292699999999968e+03 9.966660312281289125e-01
6.756327830000000176e+03 9.953774229205288870e-01
6.756362970000000132e+03 1.001106585918182912e+00
6.756398100000000341e+03 1.008009533608259289e+00
6.756433240000000296e+03 1.003470670635092654e+00
6.756468380000000252e+03 1.010446486742207606e+00
6.756503520000000208e+03 1.000712952317553306e+00
6.756538650000000416e+03 9.910068757958341301e-01
6.756573790000000372e+03 9.946691552616008236e-01
6.756608930000000328e+03 1.005226627286515129e+00
6.756644070000000283e+03 9.744356288437734381e-01
6.756679199999999582e+03 1.002543719015468682e+00
6.756714340000000448e+03 1.003780881972511141e+00
6.756749480000000403e+03 9.914052800129357079e-01
6.756784620000000359e+03 9.901851609027039203e-01
6.756819760000000315e+03 1.005963646661507171e+00
6.756854900000000271e+03 9.983576642969880233e-01
6.756890040000000226e+03 1.001023737510845502e+00
6.756925180000000182e+03 9.856091727533604629e-01
6.756960310000000391e+03 9.865460497644542581e-01
6.756995450000000346e+03 1.000930086065742408e+00
6.757030590000000302e+03 1.007056166970178301e+00
6.757065730000000258e+03 9.785499369423660276e-01
6.757100870000000214e+03 9.768053609746008004e-01
6.757136019999999917e+03 9.925464043219982546e-01
6.757171159999999873e+03 9.965879047392421919e-01
6.757206299999999828e+03 1.003454697173215227e+00
6.757241439999999784e+03 9.985918702860357987e-01
6.757276579999999740e+03 9.977879695464855203e-01
6.757311719999999696e+03 9.874663216426465828e-01
6.757346859999999651e+03 1.006852074925648877e+00
6.757381999999999607e+03 1.020325183121373769e+00
6.757417150000000220e+03 1.003746730030203205e+00
6.757452290000000175e+03 9.963379021134219915e-01
6.757487430000000131e+03 9.903791409795984491e-01
6.757522570000000087e+03 1.000493753108098405e+00
6.757557710000000043e+03 9.985076480465363558e-01
6.757592859999999746e+03 9.920844763549185874e-01
6.757627999999999702e+03 1.001923902498677243e+00
6.757663139999999657e+03 9.874899604119782293e-01
6.757698290000000270e+03 9.961851281787625911e-01
6.757733430000000226e+03 9.969654770920977072e-01
6.757768570000000182e+03 1.020004181922055109e+00
6.757803719999999885e+03 1.013158275071641024e+00
6.757838859999999841e+03 9.972584860611845015e-01
6.757874010000000453e+03 1.004467083196395327e+00
6.757909150000000409e+03 1.010773923783902406e+00
6.757944300000000112e+03 1.021470426698341871e+00
6.757979440000000068e+03 1.013502554629361674e+00
6.758014589999999771e+03 1.030044448079359354e+00
6.758049729999999727e+03 1.013356918962478481e+00
6.758084880000000339e+03 1.010786993864418948e+00
6.758120020000000295e+03 9.958469338811404281e-01
6.758155169999999998e+03 9.950274908612126712e-01
6.758190309999999954e+03 1.001095292159501993e+00
6.758225459999999657e+03 9.977953092369382659e-01
6.758260610000000270e+03 1.007617588981010170e+00
6.758295750000000226e+03 1.007916371695184221e+00
6.758330899999999929e+03 1.007629327900236405e+00
6.758366049999999632e+03 9.987368738084007047e-01
6.758401189999999588e+03 1.007736405136322455e+00
6.758436340000000200e+03 1.011926404661088519e+00
6.758471489999999903e+03 1.011794451715536836e+00
6.758506629999999859e+03 1.006152163622211493e+00
6.758541779999999562e+03 1.016024084164421915e+00
6.758576930000000175e+03 1.018958426057701594e+00
6.758612079999999878e+03 1.016111059868890054e+00
6.758647229999999581e+03 1.008656469546121315e+00
6.758682370000000446e+03 1.003803456548684858e+00
6.758717520000000150e+03 9.979705131719696087e-01
6.758752669999999853e+03 9.991941272318014544e-01
6.758787819999999556e+03 1.000662986776435170e+00
6.758822970000000169e+03 9.975868996268173472e-01
6.758858119999999872e+03 9.877406975669957845e-01
6.758893269999999575e+03 1.011909898407778341e+00
6.758928420000000187e+03 9.994403479714463190e-01
6.758963569999999891e+03 1.014392808977797156e+00
6.758998719999999594e+03 1.061262393843039886e+00
6.759033870000000206e+03 1.048120752793643584e+00
6.759069019999999909e+03 1.019452694472292364e+00
6.759104169999999613e+03 1.184718054818489685e+00
6.759139320000000225e+03 1.258934134352772460e+00
6.759174469999999928e+03 1.055277493717829751e+00
6.759209619999999632e+03 9.827012230606054777e-01
6.759244779999999992e+03 9.857538636242542118e-01
6.759279929999999695e+03 1.009674214882491983e+00
6.759315080000000307e+03 9.752921448358309320e-01
6.759350230000000010e+03 1.000054458526019374e+00
6.759385379999999714e+03 9.944457495596146224e-01
6.759420540000000074e+03 1.000052739904216281e+00
6.759455689999999777e+03 9.956658219708420798e-01
6.759490840000000389e+03 9.959767134204975392e-01
6.759525990000000093e+03 9.832103443913876584e-01
6.759561150000000453e+03 9.536262569665239219e-01
6.759596300000000156e+03 9.766017892484435414e-01
6.759631449999999859e+03 9.965290201950439686e-01
6.759666610000000219e+03 9.865692292090046944e-01
6.759701759999999922e+03 9.960624566844787919e-01
6.759736909999999625e+03 9.848050625673198111e-01
6.759772069999999985e+03 9.815570608798779295e-01
6.759807219999999688e+03 9.977097674247749071e-01
6.759842380000000048e+03 9.898451438349084031e-01
6.759877529999999751e+03 9.930826046162307685e-01
6.759912690000000111e+03 9.993922990481838298e-01
6.759947839999999815e+03 9.946167888985083527e-01
6.759983000000000175e+03 9.997908069423608879e-01
6.760018149999999878e+03 1.007999374800172543e+00
6.760053310000000238e+03 9.980759933378765547e-01
6.760088459999999941e+03 9.881387232005980348e-01
6.760123620000000301e+03 1.001403254752877503e+00
6.760158779999999751e+03 1.002455108476781653e+00
6.760193930000000364e+03 9.936913599815677678e-01
6.760229089999999815e+03 9.870365545903868609e-01
6.760264250000000175e+03 9.981162829380075818e-01
6.760299399999999878e+03 1.001629509169826404e+00
6.760334560000000238e+03 9.969548858365796518e-01
6.760369719999999688e+03 9.895335583584564665e-01
6.760404870000000301e+03 9.871468873150225365e-01
6.760440029999999751e+03 9.847195673730385623e-01
6.760475190000000111e+03 9.856486850541806843e-01
6.760510349999999562e+03 9.989176469379925649e-01
6.760545509999999922e+03 1.001013968706069512e+00
6.760580659999999625e+03 9.859332273440304384e-01
6.760615819999999985e+03 9.886508965613713951e-01
6.760650980000000345e+03 9.961012589670302786e-01
6.760686139999999796e+03 9.880121281555863666e-01
6.760721300000000156e+03 9.936913599815677678e-01
6.760756459999999606e+03 9.984240531698856946e-01
6.760791619999999966e+03 9.926635235468043161e-01
6.760826780000000326e+03 1.000502953981441401e+00
6.760861939999999777e+03 1.002366996329232984e+00
6.760897100000000137e+03 9.961535218365945576e-01
6.760932259999999587e+03 9.949514758366168055e-01
6.760967419999999947e+03 1.004637527662524121e+00
6.761002580000000307e+03 9.933080989380965731e-01
6.761037739999999758e+03 9.970652185612154383e-01
6.761072900000000118e+03 9.946959684743028607e-01
6.761108059999999568e+03 9.987550513437927213e-01
6.761143219999999928e+03 9.890283506193355834e-01
6.761178380000000288e+03 9.920131411700048307e-01
6.761213550000000396e+03 9.854918964454879582e-01
6.761248709999999846e+03 9.961999777206517193e-01
6.761283870000000206e+03 9.990395936336425864e-01
6.761319029999999657e+03 9.892896649671566456e-01
6.761354190000000017e+03 9.853815637208523937e-01
6.761389360000000124e+03 9.887380013439786008e-01
6.761424519999999575e+03 9.963277314018087472e-01
6.761459679999999935e+03 1.005491154532073717e+00
6.761494840000000295e+03 1.002494750010390012e+00
6.761530010000000402e+03 9.849402328223099135e-01
6.761565169999999853e+03 9.948295291409670060e-01
6.761600339999999960e+03 1.001327545923455187e+00
6.761635500000000320e+03 9.943960498816237781e-01
6.761670659999999771e+03 1.000612836553710805e+00
6.761705829999999878e+03 1.011793112311704768e+00
6.761740990000000238e+03 9.934473090416131580e-01
6.761776160000000345e+03 1.009305273603368303e+00
6.761811319999999796e+03 1.000330935092536011e+00
6.761846489999999903e+03 9.987611344490594512e-01
6.761881650000000263e+03 9.982674955724820665e-01
6.761916820000000371e+03 1.004171681891166346e+00
6.761951979999999821e+03 1.005638552084508142e+00
6.761987149999999929e+03 9.872668144088647679e-01
6.762022310000000289e+03 9.999185999023105786e-01
6.762057480000000396e+03 1.009328410493927519e+00
6.762092649999999594e+03 9.913781338518649067e-01
6.762127809999999954e+03 1.000903358742190941e+00
6.762162980000000061e+03 1.005710336160186014e+00
6.762198150000000169e+03 9.978038473789391238e-01
6.762233309999999619e+03 1.015309245885587686e+00
6.762268479999999727e+03 1.012630568698895672e+00
6.762303649999999834e+03 1.012679372863684923e+00
6.762338810000000194e+03 1.011860140212866632e+00
6.762373980000000302e+03 1.007743998457195200e+00
6.762409150000000409e+03 9.961385007863099439e-01
6.762444319999999607e+03 9.948555811225783252e-01
6.762479489999999714e+03 9.931595229452861995e-01
6.762514650000000074e+03 9.852746383004133968e-01
6.762549820000000182e+03 9.964170937011114226e-01
6.762584990000000289e+03 1.000734616154576262e+00
6.762620160000000396e+03 9.972227074996132812e-01
6.762655329999999594e+03 9.925610350672590121e-01
6.762690499999999702e+03 1.001465276542796490e+00
6.762725669999999809e+03 9.954185400113694238e-01
6.762760839999999916e+03 1.000289683877398694e+00
6.762796010000000024e+03 9.989744168359140364e-01
6.762831180000000131e+03 9.917986457644517584e-01
6.762866350000000239e+03 1.003839740936273150e+00
6.762901520000000346e+03 9.955640341531265536e-01
6.762936690000000453e+03 9.826150555367404449e-01
6.762971859999999651e+03 9.874221819803965516e-01
6.763007029999999759e+03 9.923980816284909690e-01
6.763042199999999866e+03 9.929160407731464355e-01
6.763077369999999974e+03 1.001203387087633567e+00
6.763112549999999828e+03 1.014454993518874470e+00
6.763147719999999936e+03 1.005317961416525741e+00
6.763182890000000043e+03 9.998706607491379961e-01
6.763218060000000150e+03 1.001017154586184343e+00
6.763253230000000258e+03 9.973681615109151188e-01
6.763288410000000113e+03 1.004223845470511911e+00
6.763323580000000220e+03 1.006144368141706158e+00
6.763358750000000327e+03 9.916822504510459657e-01
6.763393920000000435e+03 1.002646688973864331e+00
6.763429100000000290e+03 9.886385130054863302e-01
6.763464270000000397e+03 1.015089347976935619e+00
6.763499439999999595e+03 1.003065712102124918e+00
6.763534620000000359e+03 9.911992099004119927e-01
6.763569789999999557e+03 1.001028794117524878e+00
6.763604970000000321e+03 9.938297439833811975e-01
6.763640140000000429e+03 9.891040942591091678e-01
6.763675309999999627e+03 1.008425716284458318e+00
6.763710490000000391e+03 1.003356700385638955e+00
6.763745659999999589e+03 1.010945674819692108e+00
6.763780840000000353e+03 1.010084349500489864e+00
6.763816009999999551e+03 1.014699423677026591e+00
6.763851190000000315e+03 1.004962955710638095e+00
6.763886360000000423e+03 1.009793361216975383e+00
6.763921540000000277e+03 1.006307321580474312e+00
6.763956720000000132e+03 1.013558749605650400e+00
6.763991890000000240e+03 1.024453350940425667e+00
6.764027070000000094e+03 1.003583671246780273e+00
6.764062249999999949e+03 1.004538112816707240e+00
6.764097420000000056e+03 9.898723033275868000e-01
6.764132599999999911e+03 9.992246667597364240e-01
6.764167779999999766e+03 9.984098995658963194e-01
6.764202949999999873e+03 1.005189926571779191e+00
6.764238129999999728e+03 9.902389485648147582e-01
6.764273309999999583e+03 1.013087348586357184e+00
6.764308490000000347e+03 9.967454465841946165e-01
6.764343660000000455e+03 1.011149366618152134e+00
6.764378840000000309e+03 1.011015512007735540e+00
6.764414020000000164e+03 9.941265520325659466e-01
6.764449200000000019e+03 9.907627274751407143e-01
6.764484379999999874e+03 9.944233600817504737e-01
6.764519559999999728e+03 1.007791361826397170e+00
6.764554729999999836e+03 1.004596310473410359e+00
6.764589909999999691e+03 1.006650687755021201e+00
6.764625089999999545e+03 9.922700467837447524e-01
6.764660270000000310e+03 9.936376917162618172e-01
6.764695450000000164e+03 9.911992099004121037e-01
6.764730630000000019e+03 1.008757442927664671e+00
6.764765809999999874e+03 1.004421717503301670e+00
6.764800989999999729e+03 1.002000694984462648e+00
6.764836169999999584e+03 1.012522831316339689e+00
6.764871350000000348e+03 9.929102210074762791e-01
6.764906530000000203e+03 1.002274223970966105e+00
6.764941719999999805e+03 1.008757442927664671e+00
6.764976899999999659e+03 9.957851852485973820e-01
6.765012080000000424e+03 9.951915691502283279e-01
6.765047260000000279e+03 1.000801823256384226e+00
6.765082440000000133e+03 1.000510834972869523e+00
6.765117619999999988e+03 1.014315319142787830e+00
6.765152809999999590e+03 1.005480914855293673e+00
6.765187990000000354e+03 1.008792361521686498e+00
6.765223170000000209e+03 9.911526517750497423e-01
6.765258350000000064e+03 9.941556508609172838e-01
6.765293539999999666e+03 9.985670332389940951e-01
6.765328720000000430e+03 1.000499195441528988e+00
6.765363900000000285e+03 9.933117848387259530e-01
6.765399089999999887e+03 9.935562149968779622e-01
6.765434269999999742e+03 1.004951316179297560e+00
6.765469449999999597e+03 9.978713150939350074e-01
6.765504640000000109e+03 1.002113984678475900e+00
6.765539819999999963e+03 1.002299364332843501e+00
6.765575009999999565e+03 9.869839070307483420e-01
6.765610190000000330e+03 1.013478861113578100e+00
6.765645370000000185e+03 1.003940110477004710e+00
6.765680559999999787e+03 9.921409171151160944e-01
6.765715739999999641e+03 9.993560767786290322e-01
6.765750930000000153e+03 9.938897573097761340e-01
6.765786119999999755e+03 1.008074316457456820e+00
6.765821299999999610e+03 9.936054401660765478e-01
6.765856490000000122e+03 9.964914259471475688e-01
6.765891669999999976e+03 9.812539332647255419e-01
6.765926859999999579e+03 9.857495581774887716e-01
6.765962050000000090e+03 9.940546682510672527e-01
6.765997229999999945e+03 1.006144130637079748e+00
6.766032419999999547e+03 1.007196565909676433e+00
6.766067610000000059e+03 9.851495220644674866e-01
6.766102789999999914e+03 9.870786010920562514e-01
6.766137980000000425e+03 1.005094238707929799e+00
6.766173170000000027e+03 9.970181601417832384e-01
6.766208349999999882e+03 9.917677039267893679e-01
6.766243540000000394e+03 1.003872725647138919e+00
6.766278729999999996e+03 9.834770962796514082e-01
6.766313919999999598e+03 9.965394160224005926e-01
6.766349110000000110e+03 9.979874059380280382e-01
6.766384299999999712e+03 1.002075252197537569e+00
6.766419479999999567e+03 9.980618540126702243e-01
6.766454670000000078e+03 9.940962337016039374e-01
6.766489859999999680e+03 1.010372257493221015e+00
6.766525050000000192e+03 1.006580277479327101e+00
6.766560239999999794e+03 1.001023010147721104e+00
6.766595430000000306e+03 9.856486652284657257e-01
6.766630619999999908e+03 9.917495886576643827e-01
6.766665810000000420e+03 1.001838679220645734e+00
6.766701000000000022e+03 9.988235456418018687e-01
6.766736189999999624e+03 9.937869755255516191e-01
6.766771380000000136e+03 9.882908321132798379e-01
6.766806569999999738e+03 9.982528009448899953e-01
6.766841760000000249e+03 9.883997864261276911e-01
6.766876949999999852e+03 9.756899542773336265e-01
6.766912150000000111e+03 9.937410261200829709e-01
6.766947339999999713e+03 1.011849460481990537e+00
6.766982530000000224e+03 9.935927962177946160e-01
6.767017719999999827e+03 9.979714141966746777e-01
6.767052910000000338e+03 9.933982988855786234e-01
6.767088099999999940e+03 9.732711782678873380e-01
6.767123300000000199e+03 9.825764930129995411e-01
6.767158489999999802e+03 9.847581644496748998e-01
6.767193680000000313e+03 1.009611194405511059e+00
6.767228869999999915e+03 1.005821950588753344e+00
6.767264070000000174e+03 9.842513970917420307e-01
6.767299259999999776e+03 9.858754150451928266e-01
6.767334450000000288e+03 9.957820812283627587e-01
6.767369649999999638e+03 9.828191935517256450e-01
6.767404840000000149e+03 9.912646966688375416e-01
6.767440040000000408e+03 9.991112352263339380e-01
6.767475230000000010e+03 9.989437956759688042e-01
6.767510419999999613e+03 9.978626648331653248e-01
6.767545619999999872e+03 9.962903835373750905e-01
6.767580810000000383e+03 9.888091270440543257e-01
6.767616009999999733e+03 9.952451745581785136e-01
6.767651200000000244e+03 9.955009259637983554e-01
6.767686399999999594e+03 9.894105200242915288e-01
6.767721590000000106e+03 9.816338265494244375e-01
6.767756790000000365e+03 9.791748828924258241e-01
6.767791989999999714e+03 1.000198150093444704e+00
6.767827180000000226e+03 1.003440223273003973e+00
6.767862379999999575e+03 9.792068854125283162e-01
6.767897579999999834e+03 9.946267812909926898e-01
6.767932770000000346e+03 9.807953692703432758e-01
6.767967969999999696e+03 9.804747569589993272e-01
6.768003169999999955e+03 9.786470325921137192e-01
6.768038359999999557e+03 9.985590012451845965e-01
6.768073559999999816e+03 9.998302392335149946e-01
6.768108760000000075e+03 9.882449134163706628e-01
6.768143949999999677e+03 9.857648938193532828e-01
6.768179149999999936e+03 9.929011622918439972e-01
6.768214350000000195e+03 9.959961702873835199e-01
6.768249550000000454e+03 9.878031130671969251e-01
6.768284749999999804e+03 9.921616726180285672e-01
6.768319950000000063e+03 9.988618289380107873e-01
6.768355139999999665e+03 9.907632124845653365e-01
6.768390339999999924e+03 1.000099146862817534e+00
6.768425540000000183e+03 9.865674017996866052e-01
6.768460740000000442e+03 9.955327349842924001e-01
6.768495939999999791e+03 9.967490939824653617e-01
6.768531140000000050e+03 9.889732916031986898e-01
6.768566340000000309e+03 9.839724627000703272e-01
6.768601539999999659e+03 1.005606727093881991e+00
6.768636739999999918e+03 9.889557397277477513e-01
6.768671940000000177e+03 9.813897935754559709e-01
6.768707140000000436e+03 9.838412435749976925e-01
6.768742339999999786e+03 9.985017845867621977e-01
6.768777540000000045e+03 9.876943991218296581e-01
6.768812750000000051e+03 9.983841355283651353e-01
6.768847950000000310e+03 9.989838364305476670e-01
6.768883149999999659e+03 9.982317488567385988e-01
6.768918349999999919e+03 1.017147604260699278e+00
6.768953550000000178e+03 9.765486237951165327e-01
6.768988750000000437e+03 9.980550691619022308e-01
6.769023960000000443e+03 9.954069100659894698e-01
6.769059159999999792e+03 9.867757171551275741e-01
6.769094360000000052e+03 9.973927311311682198e-01
6.769129560000000311e+03 9.994728178675240660e-01
6.769164770000000317e+03 9.888952017491786650e-01
6.769199969999999666e+03 9.909129776487264341e-01
6.769235169999999925e+03 9.878660782244809146e-01
6.769270379999999932e+03 1.000192434149512533e+00
6.769305580000000191e+03 9.930637301834881470e-01
6.769340780000000450e+03 9.958099867802939764e-01
6.769375989999999547e+03 9.912483100331785923e-01
6.769411189999999806e+03 9.852007639273704376e-01
6.769446399999999812e+03 9.878313886674685573e-01
6.769481600000000071e+03 9.899069804953702922e-01
6.769516810000000078e+03 9.827956213078520298e-01
6.769552010000000337e+03 9.874440219474981406e-01
6.769587220000000343e+03 9.859408078102990247e-01
6.769622419999999693e+03 9.833390910343777769e-01
6.769657629999999699e+03 9.897335327103086167e-01
6.769692829999999958e+03 1.003002288267507369e+00
6.769728039999999964e+03 1.003106356938544330e+00
6.769763249999999971e+03 9.871838502699059603e-01
6.769798450000000230e+03 1.003048541010190586e+00
6.769833660000000236e+03 9.979800400328555643e-01
6.769868870000000243e+03 9.736441586489980038e-01
6.769904069999999592e+03 9.928924687985836162e-01
6.769939279999999599e+03 9.883722209957336302e-01
6.769974489999999605e+03 1.014356466822593950e+00
6.770009689999999864e+03 1.006898612379563351e+00
6.770044899999999870e+03 1.005202453536102825e+00
6.770080109999999877e+03 9.892273934628764698e-01
6.770115319999999883e+03 1.004830324788026363e+00
6.770150529999999890e+03 9.985942345640290707e-01
6.770185730000000149e+03 9.961489323759804559e-01
6.770220940000000155e+03 9.988338671868838281e-01
6.770256150000000162e+03 9.864548151365480910e-01
6.770291360000000168e+03 9.788396407674292421e-01
6.770326570000000174e+03 1.016220933215225664e+00
6.770361780000000181e+03 9.958949303737356651e-01
6.770396990000000187e+03 9.832823473045361196e-01
6.770432200000000194e+03 1.008607156831287766e+00
6.770467410000000200e+03 9.936102579946299862e-01
6.770502620000000206e+03 9.889579924759264173e-01
6.770537830000000213e+03 9.886649047572860782e-01
6.770573040000000219e+03 9.938057564224377360e-01
6.770608250000000226e+03 9.959377704225871319e-01
6.770643460000000232e+03 9.918516720898462591e-01
6.770678670000000238e+03 9.904332664573352041e-01
6.770713880000000245e+03 9.879177409585032654e-01
6.770749090000000251e+03 9.960974288100818974e-01
6.770784300000000258e+03 9.818977791881551287e-01
6.770819510000000264e+03 1.005532426321712247e+00
6.770854730000000018e+03 9.976935207527214411e-01
6.770889940000000024e+03 1.006936162953438352e+00
6.770925150000000031e+03 9.908365976519578622e-01
6.770960360000000037e+03 9.779329172957799132e-01
6.770995570000000043e+03 1.006597468844914189e+00
6.771030789999999797e+03 1.018839005365094863e+00
6.771065999999999804e+03 1.011657671953798632e+00
6.771101209999999810e+03 1.009960695890750104e+00
6.771136429999999564e+03 1.002183165090879013e+00
6.771171639999999570e+03 9.972520005230260942e-01
6.771206849999999577e+03 1.004093566423382544e+00
6.771242070000000240e+03 9.935554168360032357e-01
6.771277280000000246e+03 9.974787536517361053e-01
6.771312500000000000e+03 9.921660167845043343e-01
6.771347710000000006e+03 1.003350823041872841e+00
6.771382920000000013e+03 9.811343932154618086e-01
6.771418139999999767e+03 1.004308867044829690e+00
6.771453349999999773e+03 9.875109329184449392e-01
6.771488570000000436e+03 9.997321504309791829e-01
6.771523780000000443e+03 1.009183293735198994e+00
6.771559000000000196e+03 9.959618446236211398e-01
6.771594219999999950e+03 1.004300251381639697e+00
6.771629429999999957e+03 9.887983507977257114e-01
6.771664649999999710e+03 1.005722806135517233e+00
6.771699859999999717e+03 9.990996207682022456e-01
6.771735080000000380e+03 9.936134577997057793e-01
6.771770300000000134e+03 9.956978993204661510e-01
6.771805510000000140e+03 9.840085131410858388e-01
6.771840729999999894e+03 9.913258866367732347e-01
6.771875949999999648e+03 9.811909119896102816e-01
6.771911159999999654e+03 9.866636616618406075e-01
6.771946380000000318e+03 9.799114868209195528e-01
6.771981600000000071e+03 9.948964340707973086e-01
6.772016819999999825e+03 1.000708141965895637e+00
6.772052039999999579e+03 9.937194530657103009e-01
6.772087249999999585e+03 9.976814567599446848e-01
6.772122470000000249e+03 1.009373688151414594e+00
6.772157690000000002e+03 1.007591312380039961e+00
6.772192909999999756e+03 9.972995137731602844e-01
6.772228130000000419e+03 1.003697992347223122e+00
6.772263350000000173e+03 9.861931665043625062e-01
6.772298569999999927e+03 1.000660538389680942e+00
6.772333789999999681e+03 1.006803406984219551e+00
6.772369010000000344e+03 9.945976838875145720e-01
6.772404230000000098e+03 9.868748210592688253e-01
6.772439449999999852e+03 9.974752449692696477e-01
6.772474669999999605e+03 9.945225755280374669e-01
6.772509890000000269e+03 1.001535651210984978e+00
6.772545110000000022e+03 1.010216285140315362e+00
6.772580329999999776e+03 9.844603600362838991e-01
6.772615550000000439e+03 9.860927140420217007e-01
6.772650770000000193e+03 9.887003469314727955e-01
6.772685989999999947e+03 9.919656187636369804e-01
6.772721209999999701e+03 9.937125847978979243e-01
6.772756430000000364e+03 9.881012796227576223e-01
6.772791659999999865e+03 9.938934653971799316e-01
6.772826879999999619e+03 1.002933560572390581e+00
6.772862100000000282e+03 9.801977695099642895e-01
6.772897320000000036e+03 9.920127033623492574e-01
6.772932539999999790e+03 9.905513488758681540e-01
6.772967770000000201e+03 9.990488103875019288e-01
6.773002989999999954e+03 9.914049124237920285e-01
6.773038209999999708e+03 9.890453997693336996e-01
6.773073440000000119e+03 9.958585646713271622e-01
6.773108659999999873e+03 9.927894675266527580e-01
6.773143879999999626e+03 9.889704030345953800e-01
6.773179110000000037e+03 9.960027891612085460e-01
6.773214329999999791e+03 9.974911858967837608e-01
6.773249560000000201e+03 9.860801442573736697e-01
6.773284779999999955e+03 9.794400487432377567e-01
6.773320010000000366e+03 9.996660912041940295e-01
6.773355230000000120e+03 1.006727322228783583e+00
6.773390449999999873e+03 9.849436552771089204e-01
6.773425680000000284e+03 9.965104593655905729e-01
6.773460909999999785e+03 1.004183202227276972e+00
6.773496130000000448e+03 9.950739834463727673e-01
6.773531359999999950e+03 1.001131412021388334e+00
6.773566579999999703e+03 9.931759891595345335e-01
6.773601810000000114e+03 9.930663118684657231e-01
6.773637029999999868e+03 9.977486965394816165e-01
6.773672260000000279e+03 9.932131242933757154e-01
6.773707489999999780e+03 9.854166988008122852e-01
6.773742710000000443e+03 9.939379494742748289e-01
6.773777939999999944e+03 1.002546092374230868e+00
6.773813170000000355e+03 9.938775074725859637e-01
6.773848399999999856e+03 9.883668360836378453e-01
6.773883619999999610e+03 9.857973795750005763e-01
6.773918850000000020e+03 9.895120965577108851e-01
6.773954080000000431e+03 9.958464925230973153e-01
6.773989309999999932e+03 9.995614546875132289e-01
6.774024540000000343e+03 9.853115551410283057e-01
6.774059760000000097e+03 9.975919501848875548e-01
6.774094989999999598e+03 9.853782396839588786e-01
6.774130220000000008e+03 9.803423884523065901e-01
6.774165450000000419e+03 9.972349690416879575e-01
6.774200679999999920e+03 1.006907331709159470e+00
6.774235910000000331e+03 9.915736607346627984e-01
6.774271139999999832e+03 1.013279626934977751e+00
6.774306370000000243e+03 9.922327883734939347e-01
6.774341599999999744e+03 1.003645388944321759e+00
6.774376830000000155e+03 1.005147718325723583e+00
6.774412059999999656e+03 9.912214171276998442e-01
6.774447290000000066e+03 9.908980720330510250e-01
6.774482519999999568e+03 9.884925973380472852e-01
6.774517749999999978e+03 9.931570722422555786e-01
6.774552980000000389e+03 1.005884946515034573e+00
6.774588209999999890e+03 1.013680794796648632e+00
6.774623440000000301e+03 1.002277627857247166e+00
6.774658679999999549e+03 9.834841956807335306e-01
6.774693909999999960e+03 9.855207545265719515e-01
6.774729140000000370e+03 9.920923708709077360e-01
6.774764369999999872e+03 9.929567097586375901e-01
6.774799600000000282e+03 1.006907841674792969e+00
6.774834840000000440e+03 9.969423941154389457e-01
6.774870069999999942e+03 9.940369697933353343e-01
6.774905300000000352e+03 9.867860740750022952e-01
6.774940529999999853e+03 9.979912384402594983e-01
6.774975770000000011e+03 1.011338772968737976e+00
6.775011000000000422e+03 1.001566624978459386e+00
6.775046229999999923e+03 1.002399107057744931e+00
6.775081470000000081e+03 1.013870940038348101e+00
6.775116699999999582e+03 1.012145534746639042e+00
6.775151939999999740e+03 1.000657647229463487e+00
6.775187170000000151e+03 1.008881466965470430e+00
6.775222410000000309e+03 9.887943920925327257e-01
6.775257639999999810e+03 9.890332090263126430e-01
6.775292870000000221e+03 9.956546754150976675e-01
6.775328110000000379e+03 9.823377425159867116e-01
6.775363349999999627e+03 9.879937009381597468e-01
6.775398580000000038e+03 1.009725845400782696e+00
6.775433820000000196e+03 1.007975050243896442e+00
6.775469049999999697e+03 9.886924488347016426e-01
6.775504289999999855e+03 9.961319300488309381e-01
6.775539520000000266e+03 9.944191717833231747e-01
6.775574760000000424e+03 1.006907587244582070e+00
6.775609999999999673e+03 9.923510969022063533e-01
6.775645230000000083e+03 9.990241591109261243e-01
6.775680470000000241e+03 1.018009900935480161e+00
6.775715710000000399e+03 1.002655848497296720e+00
6.775750939999999900e+03 1.023951566663717783e+00
6.775786180000000058e+03 9.943512914637193667e-01
6.775821420000000217e+03 1.012915309061881208e+00
6.775856660000000375e+03 1.013163854064511371e+00
6.775891899999999623e+03 9.944209380263083764e-01
6.775927130000000034e+03 9.959241008970476372e-01
6.775962370000000192e+03 1.000174520454441662e+00
6.775997610000000350e+03 1.004000038137030204e+00
6.776032849999999598e+03 9.997650179215966659e-01
6.776068089999999756e+03 9.933797093500990050e-01
6.776103329999999914e+03 1.006083985028447314e+00
6.776138570000000072e+03 9.995659164953423215e-01
6.776173810000000231e+03 9.899265674271962023e-01
6.776209050000000389e+03 9.924459521172404042e-01
6.776244289999999637e+03 9.988808408275360318e-01
6.776279529999999795e+03 9.930617625803855875e-01
6.776314769999999953e+03 9.987515209950486028e-01
6.776350010000000111e+03 1.000478167757570258e+00
6.776385250000000269e+03 9.902360451414978781e-01
6.776420490000000427e+03 1.012322441179820176e+00
6.776455729999999676e+03 1.006790564148449141e+00
6.776490969999999834e+03 1.010836065938660822e+00
6.776526209999999992e+03 1.020244735545859704e+00
6.776561450000000150e+03 1.014427066195198401e+00
6.776596690000000308e+03 9.933388761743524586e-01
6.776631940000000213e+03 9.939492643452630949e-01
6.776667180000000371e+03 1.006738953738731013e+00
6.776702419999999620e+03 1.016402229556226500e+00
6.776737659999999778e+03 1.021321724810444698e+00
6.776772899999999936e+03 1.021334703014377121e+00
6.776808149999999841e+03 1.000025421405138060e+00
6.776843389999999999e+03 1.009371563056718379e+00
6.776878630000000157e+03 1.006033358752171702e+00
6.776913880000000063e+03 1.009976907663863388e+00
6.776949120000000221e+03 1.007030242663150776e+00
6.776984360000000379e+03 9.983563602949978577e-01
6.777019610000000284e+03 9.996258037474035074e-01
6.777054850000000442e+03 1.014106119439014408e+00
6.777090100000000348e+03 1.011971278731360391e+00
6.777125339999999596e+03 1.016292605578861918e+00
6.777160579999999754e+03 1.007959166494192704e+00
6.777195829999999660e+03 1.003916485171369111e+00
6.777231069999999818e+03 9.969736831552865608e-01
6.777266319999999723e+03 9.928445295616765698e-01
6.777301559999999881e+03 1.007552982192773117e+00
6.777336809999999787e+03 1.001416384620116062e+00
6.777372059999999692e+03 9.927014516038964453e-01
6.777407299999999850e+03 9.955049369205101195e-01
6.777442549999999756e+03 1.019112985120260273e+00
6.777477789999999914e+03 1.001046779168142331e+00
6.777513039999999819e+03 9.991882775178838605e-01
6.777548289999999724e+03 1.002142423110650604e+00
6.777583529999999882e+03 9.979684087890103861e-01
6.777618779999999788e+03 1.005973331580328534e+00
6.777654029999999693e+03 1.002583491913001446e+00
6.777689269999999851e+03 9.999004948957873617e-01
6.777724519999999757e+03 1.014750300125846216e+00
6.777759769999999662e+03 1.016599235026839354e+00
6.777795019999999568e+03 1.006584657029977237e+00
6.777830270000000382e+03 1.004438259416206014e+00
6.777865509999999631e+03 9.995855343763752066e-01
6.777900760000000446e+03 1.001591949537074422e+00
6.777936010000000351e+03 9.968208809282024241e-01
6.777971260000000257e+03 1.007261238886492105e+00
6.778006510000000162e+03 1.004805713355519936e+00
6.778041760000000068e+03 9.928838744355512613e-01
6.778077009999999973e+03 9.982440358677681091e-01
6.778112259999999878e+03 9.929305352532420414e-01
6.778147509999999784e+03 9.872612459038244692e-01
6.778182759999999689e+03 1.006712974278626493e+00
6.778218009999999595e+03 1.009296817058248141e+00
6.778253260000000409e+03 1.005225660714736069e+00
6.778288510000000315e+03 1.015526036219953632e+00
6.778323760000000220e+03 1.007342895317450582e+00
6.778359010000000126e+03 1.003930823023819752e+00
6.778394260000000031e+03 9.919389928773151288e-01
6.778429509999999937e+03 1.005266480573104415e+00
6.778464759999999842e+03 9.970131262037822406e-01
6.778500009999999747e+03 1.005351086802457106e+00
6.778535270000000310e+03 1.008218300433359582e+00
6.778570520000000215e+03 1.000695763404068073e+00
6.778605770000000120e+03 1.002152151087626564e+00
6.778641020000000026e+03 1.014537641455321548e+00
6.778676269999999931e+03 1.013888379831102915e+00
6.778711529999999584e+03 9.801483802670605261e-01
6.778746780000000399e+03 1.009758102259251666e+00
6.778782030000000304e+03 1.025943115045307774e+00
6.778817289999999957e+03 1.018744284204828432e+00
6.778852539999999863e+03 1.002295611676625287e+00
6.778887789999999768e+03 1.012692372103832783e+00
6.778923050000000330e+03 1.021561099816131968e+00
6.778958300000000236e+03 1.012612376172607132e+00
6.778993550000000141e+03 1.007211857475626138e+00
6.779028809999999794e+03 1.006039802339917522e+00
6.779064059999999699e+03 1.001875271317621330e+00
6.779099320000000262e+03 1.013180208511925695e+00
6.779134570000000167e+03 1.014621723763336814e+00
6.779169829999999820e+03 9.942524946735129543e-01
6.779205079999999725e+03 1.003721613516952660e+00
6.779240340000000288e+03 1.005093692987726772e+00
6.779275590000000193e+03 9.949790364025281608e-01
6.779310849999999846e+03 1.000399080786489980e+00
6.779346110000000408e+03 1.001098772231188150e+00
6.779381360000000313e+03 1.003999658958625973e+00
6.779416619999999966e+03 1.001794000112518512e+00
6.779451869999999872e+03 1.018062701977386020e+00
6.779487130000000434e+03 9.960003780697909148e-01
6.779522390000000087e+03 1.002531674150538787e+00
6.779557639999999992e+03 1.001921150876557531e+00
6.779592899999999645e+03 1.009748581953474833e+00
6.779628160000000207e+03 9.972261252984743196e-01
6.779663419999999860e+03 1.006926051489067442e+00
6.779698669999999765e+03 1.016925760226429665e+00
6.779733930000000328e+03 1.000574625201383183e+00
6.779769189999999981e+03 1.004774124510779076e+00
6.779804449999999633e+03 9.928202903066301044e-01
6.779839710000000196e+03 1.011178497066818061e+00
6.779874969999999848e+03 9.960341527383433924e-01
6.779910230000000411e+03 9.955179217790730561e-01
6.779945480000000316e+03 9.946579090549448887e-01
6.779980739999999969e+03 1.003900058406828721e+00
6.780015999999999622e+03 1.010353609716304613e+00
6.780051260000000184e+03 1.016781998294291389e+00
6.780086519999999837e+03 9.961961344511804928e-01
6.780121780000000399e+03 1.000579844644544858e+00
6.780157040000000052e+03 9.969820599969708708e-01
6.780192299999999705e+03 1.011306231820926715e+00
6.780227560000000267e+03 1.017205774542395469e+00
6.780262819999999920e+03 1.006835604317129595e+00
6.780298090000000229e+03 1.007477105931230854e+00
6.780333349999999882e+03 1.013077798286153408e+00
6.780368610000000444e+03 1.011687089082113689e+00
6.780403870000000097e+03 1.007334833462594670e+00
6.780439129999999750e+03 9.998884835863287579e-01
6.780474390000000312e+03 1.001624247828646785e+00
6.780509649999999965e+03 9.983164840429759046e-01
6.780544920000000275e+03 1.010334289083938186e+00
6.780580179999999928e+03 9.971291332085636672e-01
6.780615439999999580e+03 1.019394044233769892e+00
6.780650700000000143e+03 1.005918147176942057e+00
6.780685970000000452e+03 1.006134458789567976e+00
6.780721230000000105e+03 1.002026883327322260e+00
6.780756489999999758e+03 1.006392653434869500e+00
6.780791760000000068e+03 1.002251316127057423e+00
6.780827019999999720e+03 9.962929400221255394e-01
6.780862280000000283e+03 1.003242359605200695e+00
6.780897549999999683e+03 1.003243991271384639e+00
6.780932810000000245e+03 9.846990721028325844e-01
6.780968079999999645e+03 1.010934044553365441e+00
6.781003340000000208e+03 1.006831953821650805e+00
6.781038609999999608e+03 1.013288839176770706e+00
6.781073870000000170e+03 1.011521452844406310e+00
6.781109139999999570e+03 9.935000077705781196e-01
6.781144400000000132e+03 9.951412188145996041e-01
6.781179670000000442e+03 9.941682263852018586e-01
6.781214930000000095e+03 9.940143313943604619e-01
6.781250200000000405e+03 1.004441639466762792e+00
6.781285460000000057e+03 9.997848535726309160e-01
6.781320730000000367e+03 1.003513365419826053e+00
6.781355999999999767e+03 1.004760728061860675e+00
6.781391260000000329e+03 1.002462784771362747e+00
6.781426529999999730e+03 1.001536327676957994e+00
6.781461800000000039e+03 9.989297877748933852e-01
6.781497059999999692e+03 1.013466579453534910e+00
6.781532330000000002e+03 1.007843136815816054e+00
6.781567600000000311e+03 1.003288745435227725e+00
6.781602869999999712e+03 1.004100588301932717e+00
6.781638130000000274e+03 1.018717239259590457e+00
6.781673399999999674e+03 1.004235852615459557e+00
6.781708669999999984e+03 9.843555036501181466e-01
6.781743940000000293e+03 9.951409638570860583e-01
6.781779209999999694e+03 1.016740803858320330e+00
6.781814480000000003e+03 1.005704814582121021e+00
6.781849750000000313e+03 1.008628887597872836e+00
6.781885009999999966e+03 1.011861673735800382e+00
6.781920280000000275e+03 1.007368482891867423e+00
6.781955549999999675e+03 1.007250189738392976e+00
6.781990819999999985e+03 1.004495927656625875e+00
6.782026090000000295e+03 9.978365620514415557e-01
6.782061359999999695e+03 9.990852237243739165e-01
6.782096630000000005e+03 1.007257392768591719e+00
6.782131900000000314e+03 1.008932669158861151e+00
6.782167169999999714e+03 1.010357494010085011e+00
6.782202449999999772e+03 1.003799625759705050e+00
6.782237720000000081e+03 1.001972542419427015e+00
6.782272990000000391e+03 1.010349167375025337e+00
6.782308259999999791e+03 1.010179651750018337e+00
6.782343530000000101e+03 1.003286454623083523e+00
6.782378800000000410e+03 1.017372308208393195e+00
6.782414069999999811e+03 1.018888787726866862e+00
6.782449349999999868e+03 1.014962142549507451e+00
6.782484620000000177e+03 1.025811001282564305e+00
6.782519889999999577e+03 1.013279497337521429e+00
6.782555159999999887e+03 1.009057689508395583e+00
6.782590439999999944e+03 1.001848474418277180e+00
6.782625710000000254e+03 1.004028103108583814e+00
6.782660979999999654e+03 1.001197115458619669e+00
6.782696259999999711e+03 1.002231486580092756e+00
6.782731530000000021e+03 1.032590646236560827e+00
6.782766800000000330e+03 1.005200519923997282e+00
6.782802080000000387e+03 1.003555648721920601e+00
6.782837349999999788e+03 1.010196394212607318e+00
6.782872620000000097e+03 1.020263895472951932e+00
6.782907900000000154e+03 1.011118422998067423e+00
6.782943169999999554e+03 1.007237203120165292e+00
6.782978449999999611e+03 1.006742871509085591e+00
6.783013719999999921e+03 1.014705092739787373e+00
6.783048999999999978e+03 1.006155176077865088e+00
6.783084270000000288e+03 1.019725924579627740e+00
6.783119550000000345e+03 1.002960454618549324e+00
6.783154830000000402e+03 1.002960164140096699e+00
6.783190099999999802e+03 1.018304657312561812e+00
6.783225379999999859e+03 1.012515250117038468e+00
6.783260650000000169e+03 1.013495293793023722e+00
6.783295930000000226e+03 1.023106454873840221e+00
6.783331210000000283e+03 1.126620029982680071e+00
6.783366479999999683e+03 9.953963690343539117e-01
6.783401759999999740e+03 1.052093741082644307e+00
6.783437039999999797e+03 1.072857762448250707e+00
6.783472319999999854e+03 1.082420197861076128e+00
6.783507590000000164e+03 1.115403354704057381e+00
6.783542870000000221e+03 1.098524017598608182e+00
6.783578150000000278e+03 1.072876128185716205e+00
6.783613430000000335e+03 1.077569010327922960e+00
6.783648710000000392e+03 1.128511315082033173e+00
6.783683979999999792e+03 1.130960638651458128e+00
6.783719259999999849e+03 1.099843558336277338e+00
6.783754539999999906e+03 1.053549904806722282e+00
6.783789819999999963e+03 1.004079933363850818e+00
6.783825100000000020e+03 1.004276688436934517e+00
6.783860380000000077e+03 1.018317824031494956e+00
6.783895660000000134e+03 1.019556945275822635e+00
6.783930940000000192e+03 9.948560176991264603e-01
6.783966220000000249e+03 9.899064011986029588e-01
6.784001500000000306e+03 1.002727279017558981e+00
6.784036780000000363e+03 1.001127502243220446e+00
6.784072060000000420e+03 1.014606215660841082e+00
6.784107339999999567e+03 1.010183896113819202e+00
6.784142619999999624e+03 9.965787609729772623e-01
6.784177899999999681e+03 9.934851920022156335e-01
6.784213179999999738e+03 9.934103058174926781e-01
6.784248459999999795e+03 9.985778109225370569e-01
6.784283749999999600e+03 1.000964236451123757e+00
6.784319029999999657e+03 1.005817635489682393e+00
6.784354309999999714e+03 1.008475371783271068e+00
6.784389589999999771e+03 1.000008313605261101e+00
6.784424869999999828e+03 9.902802016948153430e-01
6.784460159999999632e+03 9.960419622443481558e-01
6.784495439999999689e+03 9.944905728805258915e-01
6.784530719999999747e+03 1.007354510574842044e+00
6.784566009999999551e+03 9.990527896123798657e-01
6.784601289999999608e+03 1.017529118044864012e+00
6.784636569999999665e+03 1.015206789025582035e+00
6.784671860000000379e+03 1.006559105209104743e+00
6.784707140000000436e+03 9.821373443895539124e-01
6.784742419999999584e+03 9.947938700666106859e-01
6.784777710000000297e+03 9.937063793511512477e-01
6.784812990000000354e+03 1.001112491796847914e+00
6.784848280000000159e+03 1.008887725113389866e+00
6.784883560000000216e+03 1.011796762133912564e+00
6.784918850000000020e+03 1.004304987318271447e+00
6.784954130000000077e+03 1.002933796994455840e+00
6.784989419999999882e+03 1.004200081315790749e+00
6.785024699999999939e+03 1.003442113310197392e+00
6.785059989999999743e+03 1.011595316217227314e+00
6.785095269999999800e+03 1.000637062046991543e+00
6.785130559999999605e+03 1.000873979604152808e+00
6.785165850000000319e+03 9.945247717673648680e-01
6.785201130000000376e+03 1.002779965036218579e+00
6.785236420000000180e+03 9.943844475072873834e-01
6.785271709999999985e+03 1.008088960423574321e+00
6.785306990000000042e+03 1.003115248665490178e+00
6.785342279999999846e+03 1.002872741939994317e+00
6.785377569999999650e+03 1.005943856902196343e+00
6.785412849999999708e+03 9.972343683380746615e-01
6.785448140000000421e+03 1.005827195696267662e+00
6.785483430000000226e+03 1.014456351153154134e+00
6.785518720000000030e+03 1.001056432214190162e+00
6.785554009999999835e+03 1.023024842690820613e+00
6.785589289999999892e+03 9.968032719601168656e-01
6.785624579999999696e+03 9.925919033789443180e-01
6.785659870000000410e+03 1.021973730237795364e+00
6.785695160000000214e+03 1.002568166337026279e+00
6.785730450000000019e+03 9.942637134695568868e-01
6.785765739999999823e+03 1.002297815548319315e+00
6.785801029999999628e+03 1.008635766303949133e+00
6.785836320000000342e+03 9.978438272418613808e-01
6.785871610000000146e+03 9.878222002144825264e-01
6.785906899999999951e+03 9.856284181129300048e-01
6.785942189999999755e+03 9.916365238087579970e-01
6.785977479999999559e+03 9.965896289439917233e-01
6.786012770000000273e+03 9.925903830666289451e-01
6.786048060000000078e+03 9.989949026748387029e-01
6.786083349999999882e+03 1.003103940166073071e+00
6.786118639999999687e+03 9.903862857038325807e-01
6.786153930000000400e+03 9.904173444231627599e-01
6.786189229999999952e+03 1.007742748255201271e+00
6.786224519999999757e+03 1.003078872171329516e+00
6.786259809999999561e+03 9.888314969153225720e-01
6.786295100000000275e+03 9.913478744869150816e-01
6.786330390000000079e+03 9.872166011153467036e-01
6.786365689999999631e+03 9.865957798188303984e-01
6.786400980000000345e+03 9.938360974450849428e-01
6.786436270000000150e+03 9.940143829596371772e-01
6.786471559999999954e+03 1.001784710220569696e+00
6.786506860000000415e+03 1.000089805208399074e+00
6.786542150000000220e+03 9.907443073910116027e-01
6.786577440000000024e+03 9.958256498457060957e-01
6.786612739999999576e+03 1.004759099752374762e+00
6.786648030000000290e+03 9.982521756443675232e-01
6.786683329999999842e+03 9.948778146640792075e-01
6.786718619999999646e+03 9.884500559972876355e-01
6.786753920000000107e+03 9.950449641327512307e-01
6.786789209999999912e+03 1.003187418610233195e+00
6.786824499999999716e+03 9.969890438368863572e-01
6.786859800000000178e+03 9.982373097515359062e-01
6.786895089999999982e+03 1.004782538927015967e+00
6.786930390000000443e+03 9.933493188112852978e-01
6.786965689999999995e+03 9.865565110307779051e-01
6.787000979999999799e+03 9.903066429078062338e-01
6.787036280000000261e+03 1.008599578686248499e+00
6.787071570000000065e+03 1.003750919074000603e+00
6.787106869999999617e+03 1.003147560409247463e+00
6.787142170000000078e+03 1.002567145760917322e+00
6.787177459999999883e+03 1.002521755144693882e+00
6.787212760000000344e+03 1.003868887859302061e+00
6.787248059999999896e+03 9.963081856968292183e-01
6.787283349999999700e+03 1.005579526585000494e+00
6.787318650000000162e+03 1.010029115871234229e+00
6.787353949999999713e+03 9.923550083195870064e-01
6.787389250000000175e+03 9.977310387524437330e-01
6.787424539999999979e+03 1.005053268246020703e+00
6.787459840000000440e+03 1.000185916576620926e+00
6.787495139999999992e+03 9.938982627166995654e-01
6.787530440000000453e+03 1.004514163843153840e+00
6.787565740000000005e+03 9.930546420294530385e-01
6.787601039999999557e+03 1.006108682598714443e+00
6.787636340000000018e+03 9.945144977044008128e-01
6.787671639999999570e+03 1.000100458082064714e+00
6.787706930000000284e+03 1.009276481556867999e+00
6.787742229999999836e+03 1.007421463703140230e+00
6.787777530000000297e+03 1.002281764659390673e+00
6.787812829999999849e+03 1.005231588424319256e+00
6.787848130000000310e+03 1.005139094713108694e+00
6.787883429999999862e+03 1.002147436839730288e+00
6.787918740000000071e+03 9.939846138067156556e-01
6.787954039999999623e+03 1.004019853972702991e+00
6.787989340000000084e+03 1.003373710526323626e+00
6.788024639999999636e+03 1.004907013031008933e+00
6.788059940000000097e+03 1.005737096876264669e+00
6.788095239999999649e+03 1.005062094301628628e+00
6.788130540000000110e+03 1.002610450645889495e+00
6.788165839999999662e+03 1.002136882960932063e+00
6.788201149999999870e+03 1.000595972255934551e+00
6.788236450000000332e+03 1.011465224846048061e+00
6.788271749999999884e+03 1.020934548778778428e+00
6.788307050000000345e+03 1.021755341431515474e+00
6.788342359999999644e+03 1.016706788027778696e+00
6.788377660000000105e+03 1.008903907815319911e+00
6.788412959999999657e+03 1.005544336808749772e+00
6.788448260000000118e+03 1.003177066211419666e+00
6.788483570000000327e+03 1.008869577115333538e+00
6.788518869999999879e+03 1.002460076535805156e+00
6.788554180000000088e+03 1.004278661246935211e+00
6.788589479999999639e+03 1.010336880606106380e+00
6.788624780000000101e+03 1.011290194624902661e+00
6.788660090000000309e+03 1.003595880873503710e+00
6.788695389999999861e+03 1.000261876059795219e+00
6.788730700000000070e+03 9.981405885760408214e-01
6.788765999999999622e+03 1.009794964230098735e+00
6.788801309999999830e+03 1.006610854818348333e+00
6.788836610000000292e+03 1.005587692997187421e+00
6.788871919999999591e+03 1.012847616463082856e+00
6.788907220000000052e+03 1.008755195010613059e+00
6.788942530000000261e+03 9.976431421393254784e-01
6.788977839999999560e+03 1.014575288523526631e+00
6.789013140000000021e+03 1.008300475470664370e+00
6.789048450000000230e+03 1.004723573130201331e+00
6.789083760000000439e+03 1.003970453113237848e+00
6.789119059999999990e+03 1.001134744481726901e+00
6.789154370000000199e+03 1.003699298301020670e+00
6.789189680000000408e+03 1.011650575492264004e+00
6.789224979999999960e+03 1.009740120395271612e+00
6.789260290000000168e+03 9.912393339968774697e-01
6.789295600000000377e+03 1.015783130703805881e+00
6.789330909999999676e+03 1.001149714358187115e+00
6.789366210000000137e+03 9.941011217135828915e-01
6.789401520000000346e+03 9.960975520060686428e-01
6.789436829999999645e+03 9.919886430937443489e-01
6.789472139999999854e+03 9.982451101900680079e-01
6.789507450000000063e+03 1.014639800797197733e+00
6.789542760000000271e+03 1.010301963692044280e+00
6.789578069999999570e+03 1.005172138189102560e+00
6.789613379999999779e+03 9.935208857180384268e-01
6.789648689999999988e+03 1.003610928732160179e+00
6.789684000000000196e+03 1.014425112279921715e+00
6.789719299999999748e+03 1.004160187313157149e+00
6.789754609999999957e+03 9.977258979475326361e-01
6.789789929999999913e+03 1.007715847676917464e+00
6.789825240000000122e+03 1.014941744940541124e+00
6.789860550000000330e+03 1.005339561141250337e+00
6.789895859999999630e+03 1.005984537309120297e+00
6.789931169999999838e+03 1.003863571270421584e+00
6.789966480000000047e+03 9.974380062792443935e-01
6.790001790000000256e+03 9.956203269430711211e-01
6.790037099999999555e+03 9.978777032733400221e-01
6.790072409999999763e+03 9.978794676778113271e-01
6.790107729999999719e+03 1.003748237947176936e+00
6.790143039999999928e+03 1.011236808645547880e+00
6.790178350000000137e+03 1.015924586238838412e+00
6.790213660000000345e+03 1.004277293695505557e+00
6.790248980000000302e+03 1.002045770861737406e+00
6.790284289999999601e+03 9.967702682954859839e-01
6.790319599999999809e+03 1.002302589629475937e+00
6.790354910000000018e+03 1.012826828548257785e+00
6.790390229999999974e+03 1.000747943245990257e+00
6.790425540000000183e+03 9.958609807917908618e-01
6.790460850000000391e+03 1.012060138898876804e+00
6.790496170000000347e+03 1.005911588171113147e+00
6.790531479999999647e+03 9.976477878247657083e-01
6.790566799999999603e+03 1.008526989060543722e+00
6.790602109999999811e+03 1.003240078973474336e+00
6.790637429999999767e+03 9.943820243675612902e-01
6.790672739999999976e+03 1.009003569378648768e+00
6.790708059999999932e+03 1.002018673894717660e+00
6.790743370000000141e+03 9.924553404751711438e-01
6.790778690000000097e+03 9.895072693771966854e-01
6.790814000000000306e+03 9.865355542743580175e-01
6.790849320000000262e+03 9.920318266222999393e-01
6.790884629999999561e+03 9.980685122655340580e-01
6.790919950000000426e+03 1.001970218448234418e+00
6.790955270000000382e+03 9.944181218000479605e-01
6.790990579999999682e+03 9.809298679804497878e-01
6.791025899999999638e+03 1.011964983684334962e+00
6.791061219999999594e+03 1.009667569804379772e+00
6.791096529999999802e+03 1.006203055521459389e+00
6.791131849999999758e+03 1.001558538779975915e+00
6.791167169999999714e+03 1.000138184996820057e+00
6.791202489999999671e+03 9.997341414619964617e-01
6.791237799999999879e+03 9.999816900045539469e-01
6.791273119999999835e+03 1.002999780348244663e+00
6.791308439999999791e+03 1.003793376564337203e+00
6.791343759999999747e+03 1.005487266534178303e+00
6.791379079999999703e+03 1.012548154777156650e+00
6.791414399999999659e+03 9.992166460530658156e-01
6.791449709999999868e+03 9.956546868179346754e-01
6.791485029999999824e+03 1.003312637478112057e+00
6.791520349999999780e+03 1.012219012442463262e+00
6.791555669999999736e+03 1.009675787539327629e+00
6.791590989999999692e+03 9.937305028927863049e-01
6.791626309999999648e+03 1.009162186443645082e+00
6.791661629999999604e+03 1.018589880339081599e+00
6.791696949999999561e+03 1.013032553204614494e+00
6.791732270000000426e+03 9.886913238435284246e-01
6.791767590000000382e+03 9.905986644044069145e-01
6.791802910000000338e+03 1.015359853998849982e+00
6.791838230000000294e+03 1.016331744299824313e+00
6.791873550000000250e+03 9.946263265525671082e-01
6.791908879999999954e+03 9.963352043021521665e-01
6.791944199999999910e+03 9.884406327975723272e-01
6.791979519999999866e+03 1.011541791208604657e+00
6.792014839999999822e+03 1.016696037604806424e+00
6.792050159999999778e+03 1.001047061088265799e+00
6.792085490000000391e+03 1.008446115793448561e+00
6.792120810000000347e+03 1.021282694988673301e+00
6.792156130000000303e+03 1.008782553737423537e+00
6.792191450000000259e+03 1.002227590252631861e+00
6.792226779999999962e+03 9.960921945152736434e-01
6.792262099999999919e+03 1.017982419384763970e+00
6.792297419999999875e+03 1.008916980936552799e+00
6.792332749999999578e+03 1.008544337241410460e+00
6.792368070000000444e+03 1.004310619511881830e+00
6.792403390000000400e+03 1.003029340644989942e+00
6.792438720000000103e+03 9.992893093459188636e-01
6.792474040000000059e+03 9.855553251561939287e-01
6.792509369999999763e+03 1.005950964324306307e+00
6.792544689999999719e+03 1.007877066911710529e+00
6.792580020000000331e+03 1.015255311589557730e+00
6.792615340000000288e+03 1.015145131039977278e+00
6.792650669999999991e+03 1.005309604015806935e+00
6.792685989999999947e+03 9.936199868287517445e-01
6.792721319999999650e+03 9.917247553303271124e-01
6.792756639999999607e+03 1.002710014179822196e+00
6.792791970000000219e+03 1.007204602882906697e+00
6.792827290000000175e+03 9.800637037533129758e-01
6.792862619999999879e+03 9.971150897964780047e-01
6.792897949999999582e+03 1.001380257270032992e+00
6.792933270000000448e+03 1.005695669283786620e+00
6.792968600000000151e+03 9.903605109311736099e-01
6.793003929999999855e+03 9.935253357090270132e-01
6.793039249999999811e+03 1.002825695970969155e+00
6.793074580000000424e+03 9.906055650972726001e-01
6.793109910000000127e+03 1.012868366244806806e+00
6.793145239999999831e+03 9.845507865505660483e-01
6.793180559999999787e+03 9.920965461613078240e-01
6.793215890000000400e+03 9.936365888751518272e-01
6.793251220000000103e+03 9.972226824743180007e-01
6.793286549999999806e+03 9.913234204130435545e-01
6.793321880000000419e+03 9.995192322221124748e-01
6.793357210000000123e+03 1.015319650157732623e+00
6.793392539999999826e+03 1.004879603174710478e+00
6.793427859999999782e+03 1.014425764364451865e+00
6.793463190000000395e+03 9.803518911221468235e-01
6.793498520000000099e+03 9.779111628615028140e-01
6.793533849999999802e+03 9.955368601206266987e-01
6.793569180000000415e+03 1.001281493187393457e+00
6.793604510000000118e+03 9.929301165287173214e-01
6.793639839999999822e+03 9.891173150849918994e-01
6.793675170000000435e+03 1.000232491574709837e+00
6.793710500000000138e+03 1.011327425934898994e+00
6.793745839999999589e+03 9.891035150208725701e-01
6.793781170000000202e+03 9.987122157703052228e-01
6.793816499999999905e+03 1.003370030506998578e+00
6.793851829999999609e+03 1.006860740768928952e+00
6.793887160000000222e+03 9.928719964599299619e-01
6.793922489999999925e+03 9.870908261365769487e-01
6.793957819999999629e+03 9.958687443245810567e-01
6.793993159999999989e+03 9.905263820967366017e-01
6.794028489999999692e+03 9.836796780917438365e-01
6.794063820000000305e+03 9.976645855151656805e-01
6.794099150000000009e+03 1.014508752055525820e+00
6.794134490000000369e+03 1.012353387383786663e+00
6.794169820000000072e+03 1.007512311307460884e+00
6.794205149999999776e+03 1.013376798728352179e+00
6.794240490000000136e+03 1.009848487614647627e+00
6.794275819999999840e+03 9.983791055619303245e-01
6.794311150000000453e+03 1.006444749021774943e+00
6.794346489999999903e+03 1.016142564748126587e+00
6.794381819999999607e+03 1.004966587305945680e+00
6.794417159999999967e+03 1.005600852577786419e+00
6.794452489999999671e+03 9.905889639452517548e-01
6.794487820000000283e+03 9.878899106025167409e-01
6.794523159999999734e+03 9.881236694392656617e-01
6.794558490000000347e+03 9.922587302764249717e-01
6.794593829999999798e+03 1.006924269661626958e+00
6.794629170000000158e+03 1.008339783528406031e+00
6.794664499999999862e+03 9.944109619682544032e-01
6.794699840000000222e+03 9.962854433553729461e-01
6.794735169999999925e+03 1.007091792783023410e+00
6.794770510000000286e+03 9.945508070704435211e-01
6.794805849999999737e+03 9.923704750216536530e-01
6.794841180000000350e+03 9.915738352499139374e-01
6.794876519999999800e+03 9.931139251018175074e-01
6.794911860000000161e+03 1.000360167062731342e+00
6.794947189999999864e+03 9.890304297417237267e-01
6.794982530000000224e+03 1.003112337653740527e+00
6.795017869999999675e+03 1.008975641629255682e+00
6.795053200000000288e+03 1.003453957218943149e+00
6.795088539999999739e+03 1.000660614927872505e+00
6.795123880000000099e+03 9.840356137968994110e-01
6.795159219999999550e+03 9.883161778121383190e-01
6.795194559999999910e+03 1.006605431030334286e+00
6.795229900000000271e+03 1.002915310407693328e+00
6.795265229999999974e+03 1.002924433254605008e+00
6.795300570000000334e+03 9.855814417885422341e-01
6.795335909999999785e+03 9.903735735078246227e-01
6.795371250000000146e+03 9.961988704344162393e-01
6.795406589999999596e+03 9.948287352151345964e-01
6.795441929999999957e+03 1.003117665657455859e+00
6.795477270000000317e+03 9.964695654727577789e-01
6.795512609999999768e+03 9.777148886410139683e-01
6.795547950000000128e+03 9.840345982362911359e-01
6.795583289999999579e+03 9.993683259868868518e-01
6.795618629999999939e+03 1.006835920631786507e+00
6.795653970000000299e+03 1.003989944740451223e+00
6.795689309999999750e+03 9.961653135376615786e-01
6.795724650000000111e+03 9.787234527283843466e-01
6.795760000000000218e+03 9.818995168908715154e-01
6.795795339999999669e+03 9.934498412329364481e-01
6.795830680000000029e+03 9.841418109880741838e-01
6.795866020000000390e+03 9.723632692971145852e-01
6.795901359999999841e+03 9.830628412747389744e-01
6.795936700000000201e+03 9.778813998582978062e-01
6.795972050000000309e+03 9.914382111456826463e-01
6.796007389999999759e+03 9.891414166263071683e-01
6.796042730000000120e+03 9.960327450739064892e-01
6.796078080000000227e+03 9.950591705444108426e-01
6.796113419999999678e+03 1.008169985596827356e+00
6.796148760000000038e+03 1.004737586335525457e+00
6.796184110000000146e+03 1.001304940720392889e+00
6.796219449999999597e+03 9.978663476145230860e-01
6.796254789999999957e+03 9.944331771396629494e-01
6.796290140000000065e+03 9.945215375206161168e-01
6.796325480000000425e+03 1.003408986607383424e+00
6.796360829999999623e+03 9.982487122980303607e-01
6.796396169999999984e+03 1.004898682377643127e+00
6.796431510000000344e+03 1.017093940042948397e+00
6.796466860000000452e+03 1.009144055887965408e+00
6.796502209999999650e+03 9.993868393452662868e-01
6.796537550000000010e+03 1.008975326019601493e+00
6.796572900000000118e+03 9.917626039785394365e-01
6.796608239999999569e+03 9.923225062666163332e-01
6.796643589999999676e+03 1.006040025133822624e+00
6.796678930000000037e+03 1.005170647814036533e+00
6.796714280000000144e+03 9.973746629594826274e-01
6.796749630000000252e+03 1.002994363412218704e+00
6.796784969999999703e+03 1.002664795539358389e+00
6.796820319999999811e+03 9.867091647291638123e-01
6.796855669999999918e+03 9.989770446861474529e-01
6.796891010000000279e+03 1.009426619137695935e+00
6.796926360000000386e+03 9.982838157122002620e-01
6.796961709999999584e+03 1.000193036492907472e+00
6.796997059999999692e+03 9.998236931871158362e-01
6.797032400000000052e+03 1.000085074603522139e+00
6.797067750000000160e+03 9.972155612277571191e-01
6.797103100000000268e+03 9.936528188780447968e-01
6.797138450000000375e+03 9.986020191756515008e-01
6.797173799999999574e+03 9.995452651565960300e-01
6.797209149999999681e+03 9.965848365055591795e-01
6.797244499999999789e+03 1.009807326852896425e+00
6.797279840000000149e+03 9.998861974388651985e-01
6.797315190000000257e+03 9.965280144585143551e-01
6.797350540000000365e+03 1.006108211590276635e+00
6.797385889999999563e+03 9.956302261152056854e-01
6.797421239999999671e+03 9.862148129198733404e-01
6.797456589999999778e+03 1.004505829863611588e+00
6.797491939999999886e+03 9.984599640580393842e-01
6.797527289999999994e+03 9.850499609554540514e-01
6.797562649999999849e+03 1.006903720248904399e+00
6.797597999999999956e+03 1.000369184838746373e+00
6.797633350000000064e+03 9.987497564979681552e-01
6.797668700000000172e+03 9.983860953968809460e-01
6.797704050000000279e+03 1.001426074913780440e+00
6.797739400000000387e+03 9.968234891031475531e-01
6.797774749999999585e+03 9.880558472441267615e-01
6.797810110000000350e+03 1.004289906084841366e+00
6.797845459999999548e+03 9.973519341406645866e-01
6.797880809999999656e+03 1.007278148704336962e+00
6.797916159999999763e+03 9.966006922527133050e-01
6.797951509999999871e+03 1.000960361300644808e+00
6.797986869999999726e+03 9.989886647092288685e-01
6.798022219999999834e+03 9.932931698713027835e-01
6.798057569999999942e+03 9.950214665225667332e-01
6.798092929999999797e+03 1.002981513484665133e+00
6.798128279999999904e+03 1.011738957452992027e+00
6.798163630000000012e+03 9.982747224927130958e-01
6.798198989999999867e+03 9.862584026342530175e-01
6.798234339999999975e+03 9.848928022877291300e-01
6.798269699999999830e+03 9.876849581821383062e-01
6.798305049999999937e+03 9.884922687769432947e-01
6.798340409999999792e+03 9.896581511225085448e-01
6.798375759999999900e+03 1.001861878529404226e+00
6.798411119999999755e+03 1.011763274638282084e+00
6.798446469999999863e+03 1.002045510861949262e+00
6.798481829999999718e+03 9.997471481628542600e-01
6.798517179999999826e+03 9.980288965457840833e-01
6.798552539999999681e+03 1.008246426754103586e+00
6.798587889999999788e+03 1.001433862665555008e+00
6.798623249999999643e+03 9.988784741606367978e-01
6.798658610000000408e+03 1.003348344722471364e+00
6.798693959999999606e+03 1.003747803759001522e+00
6.798729320000000371e+03 1.005212211453961002e+00
6.798764680000000226e+03 1.017491494721851852e+00
6.798800030000000334e+03 1.024117339622026446e+00
6.798835390000000189e+03 9.980385808227352218e-01
6.798870750000000044e+03 9.844019118154777592e-01
6.798906109999999899e+03 1.008914800530344991e+00
6.798941460000000006e+03 1.016772817377855187e+00
6.798976819999999861e+03 1.011270763397987604e+00
6.799012179999999717e+03 1.002394346888572318e+00
6.799047539999999572e+03 9.946504683681413050e-01
6.799082900000000336e+03 9.920232434996357762e-01
6.799118260000000191e+03 9.897660536814146814e-01
6.799153620000000046e+03 9.959107164386583610e-01
6.799188970000000154e+03 1.002062114096986756e+00
6.799224330000000009e+03 1.006481406254460031e+00
6.799259689999999864e+03 1.011237864417680266e+00
6.799295049999999719e+03 9.992761048434763982e-01
6.799330409999999574e+03 1.004175330714580427e+00
6.799365770000000339e+03 1.010797781361058023e+00
6.799401130000000194e+03 9.992777829092297504e-01
6.799436490000000049e+03 1.000921160570062307e+00
6.799471849999999904e+03 9.992560832169700147e-01
6.799507220000000416e+03 1.010724143696794863e+00
6.799542580000000271e+03 1.001630796478014451e+00
6.799577940000000126e+03 9.839366426307124547e-01
6.799613299999999981e+03 1.008069466854402796e+00
6.799648659999999836e+03 1.016727338052864082e+00
6.799684019999999691e+03 1.005456589169075876e+00
6.799719379999999546e+03 1.010538218732403015e+00
6.799754750000000058e+03 1.016597173608642768e+00
6.799790109999999913e+03 1.006447714383893910e+00
6.799825469999999768e+03 9.936237752088874498e-01
6.799860829999999623e+03 1.010150743958283970e+00
6.799896200000000135e+03 1.017731396009242006e+00
6.799931559999999990e+03 1.022052039486866626e+00
6.799966919999999845e+03 1.003186213111299629e+00
6.800002290000000357e+03 1.008043313751494363e+00
6.800037650000000212e+03 1.022346237521506218e+00
6.800073010000000068e+03 1.014634719022255993e+00
6.800108379999999670e+03 1.018500110803302050e+00
6.800143740000000435e+03 1.002950601040964784e+00
6.800179100000000290e+03 1.009913694465881751e+00
6.800214469999999892e+03 1.031061434151654632e+00
6.800249829999999747e+03 1.019241799998901632e+00
6.800285200000000259e+03 1.013983899253090515e+00
6.800320560000000114e+03 1.011961547128303662e+00
6.800355929999999717e+03 1.009332583043021314e+00
6.800391289999999572e+03 1.012239691674807096e+00
6.800426660000000084e+03 1.012355940885621974e+00
6.800462029999999686e+03 1.009491645722857545e+00
6.800497390000000451e+03 1.015557916025311425e+00
6.800532760000000053e+03 1.021694137046296413e+00
6.800568119999999908e+03 1.006732232208636502e+00
6.800603490000000420e+03 9.964087976975242178e-01
6.800638860000000022e+03 1.003701154267620632e+00
6.800674219999999877e+03 1.010084810150383428e+00
6.800709590000000389e+03 1.006954851691846509e+00
6.800744959999999992e+03 1.004442609638875883e+00
6.800780329999999594e+03 1.006459268537436502e+00
6.800815690000000359e+03 1.012404894108712927e+00
6.800851059999999961e+03 1.018918792961827302e+00
6.800886429999999564e+03 1.009029114116216874e+00
6.800921800000000076e+03 1.004235813172124292e+00
6.800957169999999678e+03 1.017597244541667889e+00
6.800992530000000443e+03 1.018774218020821909e+00
6.801027900000000045e+03 1.013986166831930547e+00
6.801063269999999648e+03 1.014280473665257309e+00
6.801098640000000159e+03 1.017062331290014665e+00
6.801134009999999762e+03 1.027892687697162799e+00
6.801169380000000274e+03 1.010285205164007882e+00
6.801204749999999876e+03 1.018697641923314690e+00
6.801240120000000388e+03 1.016257509392464620e+00
6.801275489999999991e+03 1.015795278933409262e+00
6.801310859999999593e+03 1.016738055214829739e+00
6.801346230000000105e+03 1.013666031290871183e+00
6.801381599999999708e+03 1.007025388289335854e+00
6.801416970000000219e+03 1.006022738572540653e+00
6.801452339999999822e+03 1.013563011452493390e+00
6.801487710000000334e+03 1.015894663616381699e+00
6.801523079999999936e+03 1.007914378745626616e+00
6.801558460000000196e+03 1.007290227045918307e+00
6.801593829999999798e+03 1.001350787050502733e+00
6.801629200000000310e+03 9.918050934883386738e-01
6.801664569999999912e+03 1.001352225043132149e+00
6.801699940000000424e+03 1.016315735605132886e+00
6.801735319999999774e+03 1.008324804827384069e+00
6.801770690000000286e+03 9.937508611686387550e-01
6.801806059999999889e+03 9.987878053484169349e-01
6.801841430000000400e+03 9.983762118779684336e-01
6.801876809999999750e+03 1.008695977310945402e+00
6.801912180000000262e+03 1.002974684911381198e+00
6.801947549999999865e+03 9.923740559693483565e-01
6.801982930000000124e+03 1.000090295254127737e+00
6.802018299999999726e+03 1.006042501454444515e+00
6.802053670000000238e+03 1.005025060774833223e+00
6.802089049999999588e+03 1.006091197236788304e+00
6.802124420000000100e+03 1.008930395705272209e+00
6.802159800000000359e+03 1.007729322899800106e+00
6.802195169999999962e+03 9.923627536468633270e-01
6.802230550000000221e+03 1.002947215120430391e+00
6.802265919999999824e+03 1.006622997120710350e+00
6.802301300000000083e+03 1.003954398897510591e+00
6.802336669999999685e+03 1.004905165976314851e+00
6.802372049999999945e+03 1.002707555781671589e+00
6.802407430000000204e+03 1.008078889198958938e+00
6.802442799999999806e+03 1.011677561416163718e+00
6.802478180000000066e+03 1.007725809589811172e+00
6.802513549999999668e+03 1.021824380226689311e+00
6.802548929999999928e+03 1.003819561627294910e+00
6.802584310000000187e+03 9.986722900079989529e-01
6.802619679999999789e+03 1.012692725384385151e+00
6.802655060000000049e+03 1.017629143891763732e+00
6.802690440000000308e+03 1.012579438219230132e+00
6.802725819999999658e+03 1.009524192533187925e+00
6.802761190000000170e+03 1.005833907048777842e+00
6.802796570000000429e+03 1.001291110963169029e+00
6.802831949999999779e+03 1.000700347971366311e+00
6.802867330000000038e+03 1.000911286315469662e+00
6.802902710000000297e+03 1.018892223035668509e+00
6.802938089999999647e+03 1.013079201964726561e+00
6.802973460000000159e+03 1.012201256005970773e+00
6.803008840000000419e+03 1.013103325282523226e+00
6.803044219999999768e+03 1.013896471747046668e+00
6.803079600000000028e+03 1.001455036420074496e+00
6.803114980000000287e+03 9.985248336252489088e-01
6.803150359999999637e+03 1.017407527156086733e+00
6.803185739999999896e+03 1.026179074118479306e+00
6.803221120000000155e+03 1.017985422106831850e+00
6.803256500000000415e+03 1.013116081254319845e+00
6.803291879999999765e+03 1.011192572357443087e+00
6.803327260000000024e+03 1.007348449538359780e+00
6.803362640000000283e+03 1.003928206950605251e+00
6.803398019999999633e+03 1.001383278499055729e+00
6.803433409999999640e+03 1.001736629073272766e+00
6.803468789999999899e+03 9.994153770475519005e-01
6.803504170000000158e+03 1.004883140088791205e+00
6.803539550000000418e+03 1.017583141661974500e+00
6.803574929999999767e+03 1.003937774678701933e+00
6.803610310000000027e+03 1.004913331283056266e+00
6.803645700000000033e+03 1.007059549938940313e+00
6.803681080000000293e+03 9.886110514750897638e-01
6.803716459999999643e+03 9.914781359260802507e-01
6.803751839999999902e+03 9.926830225809241126e-01
6.803787229999999909e+03 1.007184438829871631e+00
6.803822610000000168e+03 1.011116064769894463e+00
6.803857990000000427e+03 1.007500863609547936e+00
6.803893380000000434e+03 1.020825895477205147e+00
6.803928759999999784e+03 9.994909760033982016e-01
6.803964149999999790e+03 1.016060251325792141e+00
6.803999530000000050e+03 9.926712460705631180e-01
6.804034910000000309e+03 1.006885156823032146e+00
6.804070300000000316e+03 1.014216538661868894e+00
6.804105679999999666e+03 1.010682783892411729e+00
6.804141069999999672e+03 1.002856916526672748e+00
6.804176449999999932e+03 1.001247110709347909e+00
6.804211839999999938e+03 1.002624375651540278e+00
6.804247220000000198e+03 1.000336955278406270e+00
6.804282610000000204e+03 1.004141225490691847e+00
6.804317989999999554e+03 9.969263911200441086e-01
6.804353379999999561e+03 1.000422418911603994e+00
6.804388769999999568e+03 9.946398623044704346e-01
6.804424149999999827e+03 9.895595505019294524e-01
6.804459539999999834e+03 9.848451557297949188e-01
6.804494929999999840e+03 9.974945113837025978e-01
6.804530310000000100e+03 1.005273601545641382e+00
6.804565700000000106e+03 1.001469487394069269e+00
6.804601090000000113e+03 1.003037819015234922e+00
6.804636480000000120e+03 9.977048907781439491e-01
6.804671860000000379e+03 1.009608693509634669e+00
6.804707250000000386e+03 1.004828064150865341e+00
6.804742640000000392e+03 9.965688675638737504e-01
6.804778030000000399e+03 9.971247273473025086e-01
6.804813420000000406e+03 9.897447207427930715e-01
6.804848799999999756e+03 1.016543208183041003e+00
6.804884189999999762e+03 1.018311832744142942e+00
6.804919579999999769e+03 9.972177690235957126e-01
6.804954969999999776e+03 1.010728881899474629e+00
6.804990359999999782e+03 1.001850503158854711e+00
6.805025749999999789e+03 9.825077373019139859e-01
6.805061139999999796e+03 1.010275566857534724e+00
6.805096529999999802e+03 1.012871781171303942e+00
6.805131919999999809e+03 9.991991073703366810e-01
6.805167309999999816e+03 9.919884065673895135e-01
6.805202699999999822e+03 9.989218250944634780e-01
6.805238089999999829e+03 9.991356695092320495e-01
6.805273479999999836e+03 9.960288773260547179e-01
6.805308869999999843e+03 9.976243651261725853e-01
6.805344259999999849e+03 9.964221475852437226e-01
6.805379649999999856e+03 1.008817860580756731e+00
6.805415049999999610e+03 1.004926020545985121e+00
6.805450439999999617e+03 1.005214290099950114e+00
6.805485829999999623e+03 9.872715135953301635e-01
6.805521219999999630e+03 9.953464868431959323e-01
6.805556609999999637e+03 1.006130529213390412e+00
6.805592010000000300e+03 1.009001985796476042e+00
6.805627400000000307e+03 1.011486894900713862e+00
6.805662790000000314e+03 1.008850946378102797e+00
6.805698180000000320e+03 1.009355851191112707e+00
6.805733580000000075e+03 1.021811857555384506e+00
6.805768970000000081e+03 9.952212339041650591e-01
6.805804360000000088e+03 1.006300539874078304e+00
6.805839759999999842e+03 1.014318986703768743e+00
6.805875149999999849e+03 1.016572007512505316e+00
6.805910549999999603e+03 1.014493091993674545e+00
6.805945939999999609e+03 1.005895145703569193e+00
6.805981340000000273e+03 9.910274301535682007e-01
6.806016730000000280e+03 9.933990794186275952e-01
6.806052120000000286e+03 1.005889903174991495e+00
6.806087520000000040e+03 9.925045241649316230e-01
6.806122910000000047e+03 9.940825253791941707e-01
6.806158309999999801e+03 1.016127293491059902e+00
6.806193709999999555e+03 1.008842520854374314e+00
6.806229099999999562e+03 1.008580087307982431e+00
6.806264500000000226e+03 1.001074809165696244e+00
6.806299890000000232e+03 1.006745428022849831e+00
6.806335289999999986e+03 9.988355357789807654e-01
6.806370689999999740e+03 9.903960158217767207e-01
6.806406079999999747e+03 1.004417237394018114e+00
6.806441480000000411e+03 1.007401518981825506e+00
6.806476880000000165e+03 9.966629448033521577e-01
6.806512270000000171e+03 9.870276560507580399e-01
6.806547669999999925e+03 9.993469231991677360e-01
6.806583069999999680e+03 9.941883439052878746e-01
6.806618470000000343e+03 9.923450814431524769e-01
6.806653860000000350e+03 9.911305075623069172e-01
6.806689260000000104e+03 1.000435513971224655e+00
6.806724659999999858e+03 1.000570985034492821e+00
6.806760059999999612e+03 9.886435781710007920e-01
6.806795460000000276e+03 9.919579839728882575e-01
6.806830860000000030e+03 1.000909730011269039e+00
6.806866259999999784e+03 9.932389457620174333e-01
6.806901660000000447e+03 9.913911930883725354e-01
6.806937050000000454e+03 9.805042352558505092e-01
6.806972450000000208e+03 9.965875735844043071e-01
6.807007849999999962e+03 1.001689295455698847e+00
6.807043249999999716e+03 9.937503941927895434e-01
6.807078650000000380e+03 9.890879195573655247e-01
6.807114050000000134e+03 9.871035049639124148e-01
6.807149459999999635e+03 9.886793679163593529e-01
6.807184860000000299e+03 9.897750042955695271e-01
6.807220260000000053e+03 9.828217762525249812e-01
6.807255659999999807e+03 1.010564367284314535e+00
6.807291059999999561e+03 9.843625869846838183e-01
6.807326460000000225e+03 9.859444327420550103e-01
6.807361859999999979e+03 1.002667713902104296e+00
6.807397259999999733e+03 1.003024028811584811e+00
6.807432670000000144e+03 1.003623563113696937e+00
6.807468069999999898e+03 9.942702215703278501e-01
6.807503469999999652e+03 9.903222334592545195e-01
6.807538870000000315e+03 1.003544855523238022e+00
6.807574279999999817e+03 9.984657343105921568e-01
6.807609679999999571e+03 9.945851069648775633e-01
6.807645080000000235e+03 1.010362012568694734e+00
6.807680489999999736e+03 9.919365632114056641e-01
6.807715890000000400e+03 1.006742293872602056e+00
6.807751290000000154e+03 9.947641639521590529e-01
6.807786699999999655e+03 9.904826599620942806e-01
6.807822100000000319e+03 9.988540918618274977e-01
6.807857500000000073e+03 1.004685695393973344e+00
6.807892909999999574e+03 1.005695974052680963e+00
6.807928310000000238e+03 1.007481849734123802e+00
6.807963719999999739e+03 1.010394509662542850e+00
6.807999120000000403e+03 1.001962567570890528e+00
6.808034529999999904e+03 1.000266692133121582e+00
6.808069929999999658e+03 1.003411590354224225e+00
6.808105340000000069e+03 9.978424300484617371e-01
6.808140739999999823e+03 9.998663657986743836e-01
6.808176150000000234e+03 1.012129954581413305e+00
6.808211559999999736e+03 9.984383351020907904e-01
6.808246960000000399e+03 9.912641100667820560e-01
6.808282369999999901e+03 1.002838758271521247e+00
6.808317780000000312e+03 9.985189911816034769e-01
6.808353180000000066e+03 9.975468543101135843e-01
6.808388589999999567e+03 9.912032901860114986e-01
6.808423999999999978e+03 1.000067271429230020e+00
6.808459399999999732e+03 1.003163786771278376e+00
6.808494810000000143e+03 9.918433796305297090e-01
6.808530219999999645e+03 1.004036347471685353e+00
6.808565630000000056e+03 1.006170319301759264e+00
6.808601039999999557e+03 9.970979563893848097e-01
6.808636440000000221e+03 1.004832625386887557e+00
6.808671849999999722e+03 1.004432932027373715e+00
6.808707260000000133e+03 9.869500309952518036e-01
6.808742669999999634e+03 1.002235518187599705e+00
6.808778080000000045e+03 1.007158346536028537e+00
6.808813489999999547e+03 9.805164661757297395e-01
6.808848899999999958e+03 1.006784561860991412e+00
6.808884310000000369e+03 1.020094726296938425e+00
6.808919719999999870e+03 1.019752835139238423e+00
6.808955130000000281e+03 1.009251446752505332e+00
6.808990539999999783e+03 1.012640068087985012e+00
6.809025950000000194e+03 1.014478708705149890e+00
6.809061359999999695e+03 1.017382081373126690e+00
6.809096770000000106e+03 1.028184005105067023e+00
6.809132179999999607e+03 1.003844756668696769e+00
6.809167590000000018e+03 1.001601108225338876e+00
6.809203000000000429e+03 1.012100880218640420e+00
6.809238409999999931e+03 1.001871820156358339e+00
6.809273820000000342e+03 1.014543866697137364e+00
6.809309239999999591e+03 1.006480884429951095e+00
6.809344650000000001e+03 9.932179678533653577e-01
6.809380060000000412e+03 9.959061642822036875e-01
6.809415469999999914e+03 1.014646534137104483e+00
6.809450880000000325e+03 1.020123027496764756e+00
6.809486299999999574e+03 1.001377750847221249e+00
6.809521709999999985e+03 9.966644507811612819e-01
6.809557120000000396e+03 1.002763180421229361e+00
6.809592539999999644e+03 1.018838711114623319e+00
6.809627950000000055e+03 1.004064743769340406e+00
6.809663359999999557e+03 1.003389361797658141e+00
6.809698779999999715e+03 1.008380456613216847e+00
6.809734190000000126e+03 1.004059608585743169e+00
6.809769599999999627e+03 1.004713717156018538e+00
6.809805019999999786e+03 1.010443896485275328e+00
6.809840430000000197e+03 1.008302059587969035e+00
6.809875850000000355e+03 1.008589636962426761e+00
6.809911259999999857e+03 1.019649005854708523e+00
6.809946680000000015e+03 1.018095333824991622e+00
6.809982090000000426e+03 1.004612987339585040e+00
6.810017509999999675e+03 1.016057350830334549e+00
6.810052920000000086e+03 1.016458121165108253e+00
6.810088340000000244e+03 1.015339598206876470e+00
6.810123760000000402e+03 1.013604605363548794e+00
6.810159169999999904e+03 1.011795824813224165e+00
6.810194590000000062e+03 1.010181545254137170e+00
6.810230010000000220e+03 1.010725447250538034e+00
6.810265419999999722e+03 1.009762394321040313e+00
6.810300839999999880e+03 1.004713222192911148e+00
6.810336260000000038e+03 1.006301857400960564e+00
6.810371670000000449e+03 9.943959300379382471e-01
6.810407089999999698e+03 1.006705350007924160e+00
6.810442509999999857e+03 1.010569277159218515e+00
6.810477930000000015e+03 1.010759052778439138e+00
6.810513340000000426e+03 1.011872724982711524e+00
6.810548759999999675e+03 1.003394555066702054e+00
6.810584179999999833e+03 9.994170878982324702e-01
6.810619599999999991e+03 1.000862328039153537e+00
6.810655020000000150e+03 1.004353697493148623e+00
6.810690440000000308e+03 1.008066542769326723e+00
6.810725859999999557e+03 9.903782747357989802e-01
6.810761279999999715e+03 1.003454466999362360e+00
6.810796699999999873e+03 1.023233914741162653e+00
6.810832120000000032e+03 1.008364460095216408e+00
6.810867530000000443e+03 1.006589000611492368e+00
6.810902949999999691e+03 1.014098083715852194e+00
6.810938379999999597e+03 1.010203711002191085e+00
6.810973799999999756e+03 1.003781935214810961e+00
6.811009219999999914e+03 1.006534384892334932e+00
6.811044640000000072e+03 1.010817647368285055e+00
6.811080060000000231e+03 1.012674913610720262e+00
6.811115480000000389e+03 1.012107033304562087e+00
6.811150899999999638e+03 9.989220063325489063e-01
6.811186319999999796e+03 1.004632469439847409e+00
6.811221739999999954e+03 1.004299009244171925e+00
6.811257169999999860e+03 1.003669757616079794e+00
6.811292590000000018e+03 1.007329810028514405e+00
6.811328010000000177e+03 1.013230013406918317e+00
6.811363430000000335e+03 9.980351401571078140e-01
6.811398849999999584e+03 9.961729746282937947e-01
6.811434280000000399e+03 1.008730500089634274e+00
6.811469699999999648e+03 1.004223914590462341e+00
6.811505119999999806e+03 1.000139034021880535e+00
6.811540549999999712e+03 9.994028612769092490e-01
6.811575969999999870e+03 1.011584780026003605e+00
6.811611390000000029e+03 9.920837773350235089e-01
6.811646819999999934e+03 1.013138084918187021e+00
6.811682240000000093e+03 9.871215702749548404e-01
6.811717669999999998e+03 9.761583991507184477e-01
6.811753090000000157e+03 9.797960133961575169e-01
6.811788520000000062e+03 9.861537141860470257e-01
6.811823940000000221e+03 9.924081243908896566e-01
6.811859370000000126e+03 9.873998839689345219e-01
6.811894790000000285e+03 9.841528765041599458e-01
6.811930220000000190e+03 9.972308955452791057e-01
6.811965640000000349e+03 9.934101662872522054e-01
6.812001070000000254e+03 1.007410541781323721e+00
6.812036490000000413e+03 9.990369341737881381e-01
6.812071920000000318e+03 1.012506565883819265e+00
6.812107350000000224e+03 1.022784178389078091e+00
6.812142770000000382e+03 9.995197081820575979e-01
6.812178200000000288e+03 9.891748001214211161e-01
6.812213630000000194e+03 1.004172727352547367e+00
6.812249050000000352e+03 1.007559656627233791e+00
6.812284480000000258e+03 9.957189644990541710e-01
6.812319910000000164e+03 9.950329606655263781e-01
6.812355340000000069e+03 1.002055718020670838e+00
6.812390760000000228e+03 9.955273522077813242e-01
6.812426190000000133e+03 9.906844567791509570e-01
6.812461620000000039e+03 1.009506821230447215e+00
6.812497049999999945e+03 9.890360405660418852e-01
6.812532479999999850e+03 1.000752025461467909e+00
6.812567900000000009e+03 1.007146295393420488e+00
6.812603329999999914e+03 1.006645563984034375e+00
6.812638759999999820e+03 1.000960734907938354e+00
6.812674189999999726e+03 9.975494322714234530e-01
6.812709619999999632e+03 1.006470249726982846e+00
6.812745050000000447e+03 1.003438939808248165e+00
6.812780480000000352e+03 9.932352350952736719e-01
6.812815910000000258e+03 1.002141142265945195e+00
6.812851340000000164e+03 1.001185611326010250e+00
6.812886770000000070e+03 1.014974886059629267e+00
6.812922199999999975e+03 1.013413046374486814e+00
6.812957629999999881e+03 1.016250264340658127e+00
6.812993059999999787e+03 1.007211486783321952e+00
6.813028489999999692e+03 1.004064409646784783e+00
6.813063930000000255e+03 1.022102082614890328e+00
6.813099360000000161e+03 1.017592921890832391e+00
6.813134790000000066e+03 9.929783415724369178e-01
6.813170219999999972e+03 1.003102411523349557e+00
6.813205649999999878e+03 1.010041725767013121e+00
6.813241090000000440e+03 1.008069101221625186e+00
6.813276520000000346e+03 9.964831522683583742e-01
6.813311950000000252e+03 1.007588662364332643e+00
6.813347380000000157e+03 9.920681787892909886e-01
6.813382819999999811e+03 9.967390271247670297e-01
6.813418249999999716e+03 9.990913124788816102e-01
6.813453679999999622e+03 9.869571051945044138e-01
6.813489120000000185e+03 9.882020268702851329e-01
6.813524550000000090e+03 1.001380640931110788e+00
6.813559979999999996e+03 1.003788765923677939e+00
6.813595419999999649e+03 9.979331567096118016e-01
6.813630849999999555e+03 9.957469447558526809e-01
6.813666290000000117e+03 1.020602170681976117e+00
6.813701720000000023e+03 1.009108236088286592e+00
6.813737159999999676e+03 9.868224331385230252e-01
6.813772589999999582e+03 9.827129450862032156e-01
6.813808030000000144e+03 1.007108129276926833e+00
6.813843460000000050e+03 1.006102917929531326e+00
6.813878899999999703e+03 9.948919989006818065e-01
6.813914329999999609e+03 9.994784421403479779e-01
6.813949770000000171e+03 1.007458152902438009e+00
6.813985200000000077e+03 1.010204399887448812e+00
6.814020639999999730e+03 1.003802694914349924e+00
6.814056080000000293e+03 9.866434308173137602e-01
6.814091510000000198e+03 9.903097040245188998e-01
6.814126949999999852e+03 1.007841506442927137e+00
6.814162390000000414e+03 1.014019010556713063e+00
6.814197820000000320e+03 1.013303322458617206e+00
6.814233259999999973e+03 1.007085535537784571e+00
6.814268699999999626e+03 9.990138635892160668e-01
6.814304140000000189e+03 1.002008533372952925e+00
6.814339570000000094e+03 1.009880037796882624e+00
6.814375009999999747e+03 1.004015765691309126e+00
6.814410450000000310e+03 9.984188011591195178e-01
6.814445889999999963e+03 1.008006943762006280e+00
6.814481329999999616e+03 1.003208143964710919e+00
6.814516770000000179e+03 9.920835628914240756e-01
6.814552209999999832e+03 1.000152002681071073e+00
6.814587650000000394e+03 9.992107792059609084e-01
6.814623080000000300e+03 1.000577254251150627e+00
6.814658519999999953e+03 9.824728774076214588e-01
6.814693959999999606e+03 9.954799054311279649e-01
6.814729400000000169e+03 1.018602250801598386e+00
6.814764839999999822e+03 1.014434785414816576e+00
6.814800280000000384e+03 1.006031814390040413e+00
6.814835729999999785e+03 1.009688977892726491e+00
6.814871170000000347e+03 1.007602410188868536e+00
6.814906610000000001e+03 1.004387508319065425e+00
6.814942049999999654e+03 1.003690095744134592e+00
6.814977490000000216e+03 1.002828252562106170e+00
6.815012929999999869e+03 1.019447083920823616e+00
6.815048370000000432e+03 1.003304534320595520e+00
6.815083810000000085e+03 9.999365418855639120e-01
6.815119260000000395e+03 9.995112903154839135e-01
6.815154700000000048e+03 1.005867383782943048e+00
6.815190139999999701e+03 1.004030297000198413e+00
6.815225580000000264e+03 9.946350723119028459e-01
6.815261029999999664e+03 1.007919931361194621e+00
6.815296470000000227e+03 1.021698082231779159e+00
6.815331909999999880e+03 9.994999502736151564e-01
6.815367350000000442e+03 9.956046458916846253e-01
6.815402799999999843e+03 1.008719404312944601e+00
6.815438240000000405e+03 1.000129322597333337e+00
6.815473689999999806e+03 9.996133506923031709e-01
6.815509130000000368e+03 9.919928425564736862e-01
6.815544570000000022e+03 1.011129163210063187e+00
6.815580020000000331e+03 1.016362592532511488e+00
6.815615459999999985e+03 1.016640423558297091e+00
6.815650910000000295e+03 1.009246716259843524e+00
6.815686349999999948e+03 1.001138586323656154e+00
6.815721800000000258e+03 1.010998752728571981e+00
6.815757239999999911e+03 1.015007457529190749e+00
6.815792690000000221e+03 1.006224595101810060e+00
6.815828129999999874e+03 1.010363710383919589e+00
6.815863580000000184e+03 1.005306051710437520e+00
6.815899029999999584e+03 1.011083803042588158e+00
6.815934470000000147e+03 1.009904438688233652e+00
6.815969919999999547e+03 1.011718845387240551e+00
6.816005360000000110e+03 1.018857401743646252e+00
6.816040810000000420e+03 1.001382397223834930e+00
6.816076259999999820e+03 1.005992124243499708e+00
6.816111710000000130e+03 1.015886310774022361e+00
6.816147149999999783e+03 1.001864349003258825e+00
6.816182600000000093e+03 1.002680832017811996e+00
6.816218050000000403e+03 1.013385831541953275e+00
6.816253499999999804e+03 1.005975114180696517e+00
6.816288940000000366e+03 1.002697842080615187e+00
6.816324389999999767e+03 9.811517625299069900e-01
6.816359840000000077e+03 9.873887855577435646e-01
6.816395290000000386e+03 9.941928106790198783e-01
6.816430739999999787e+03 1.005084920893996259e+00
6.816466190000000097e+03 1.012920889825332793e+00
6.816501640000000407e+03 1.006332325499563529e+00
6.816537089999999807e+03 1.001121576260852963e+00
6.816572540000000117e+03 1.006933347718609539e+00
6.816607979999999770e+03 1.015500749350483289e+00
6.816643430000000080e+03 1.018874411806449443e+00
6.816678880000000390e+03 1.010125569504674914e+00
6.816714340000000448e+03 9.974700827791010971e-01
6.816749789999999848e+03 1.003905556539641752e+00
6.816785240000000158e+03 1.008923525066583116e+00
6.816820689999999558e+03 1.000571584230216304e+00
6.816856139999999868e+03 9.984736764844894807e-01
6.816891590000000178e+03 1.004750389658866760e+00
6.816927039999999579e+03 1.008288482721930279e+00
6.816962489999999889e+03 1.011854925889666079e+00
6.816997940000000199e+03 1.002879282750515966e+00
6.817033400000000256e+03 9.965742194714662938e-01
6.817068849999999657e+03 1.008985895296861113e+00
6.817104299999999967e+03 1.010227629881494060e+00
6.817139750000000276e+03 9.955592857242094862e-01
6.817175210000000334e+03 1.001229306658606211e+00
6.817210659999999734e+03 1.005850373720139856e+00
6.817246110000000044e+03 9.984113062542110395e-01
6.817281560000000354e+03 1.021238810536093000e+00
6.817317020000000412e+03 1.006389025708907647e+00
6.817352469999999812e+03 1.005374091961650507e+00
6.817387929999999869e+03 1.019118222706628440e+00
6.817423380000000179e+03 1.010318350216444561e+00
6.817458829999999580e+03 1.004761729700735406e+00
6.817494289999999637e+03 1.006145214808728428e+00
6.817529739999999947e+03 9.979917247050655860e-01
6.817565200000000004e+03 9.946464123537714919e-01
6.817600650000000314e+03 9.953835150752431415e-01
6.817636110000000372e+03 9.982922358145888131e-01
6.817671559999999772e+03 1.003565355283577931e+00
6.817707019999999829e+03 1.009745678102070388e+00
6.817742470000000139e+03 1.002164860112781941e+00
6.817777930000000197e+03 1.014996117487321881e+00
6.817813379999999597e+03 1.012540998422728267e+00
6.817848839999999655e+03 9.959391771268141236e-01
6.817884299999999712e+03 1.002862272687712775e+00
6.817919750000000022e+03 1.005731303280517519e+00
6.817955210000000079e+03 9.937618890880056677e-01
6.817990670000000136e+03 9.977932739723617273e-01
6.818026120000000446e+03 1.004767399721669952e+00
6.818061579999999594e+03 1.000203032869480424e+00
6.818097039999999652e+03 1.010919372435490793e+00
6.818132499999999709e+03 1.005084920893996259e+00
6.818167950000000019e+03 1.009201356092368274e+00
6.818203410000000076e+03 1.002760212310893628e+00
6.818238870000000134e+03 1.000667974586101128e+00
6.818274330000000191e+03 1.007471999707377330e+00
6.818309790000000248e+03 1.008424563224355808e+00
6.818345250000000306e+03 1.002492454455581106e+00
6.818380710000000363e+03 1.002701883271934769e+00
6.818416159999999763e+03 9.992437957057290765e-01
6.818451619999999821e+03 1.002338470150918592e+00
6.818487079999999878e+03 1.001935789121590092e+00
6.818522539999999935e+03 9.899961171983551189e-01
6.818557999999999993e+03 1.011652279007751343e+00
6.818593460000000050e+03 1.008603003366978168e+00
6.818628920000000107e+03 9.977542418409111047e-01
6.818664380000000165e+03 9.954208931253774040e-01
6.818699840000000222e+03 9.977659861599632585e-01
6.818735310000000027e+03 1.007511653037125532e+00
6.818770770000000084e+03 1.001106978407385162e+00
6.818806230000000141e+03 1.004911273678717798e+00
6.818841690000000199e+03 1.002544471210266686e+00
6.818877150000000256e+03 1.002063026733799767e+00
6.818912610000000313e+03 9.992556429718530975e-01
6.818948070000000371e+03 9.901958721102104288e-01
6.818983540000000175e+03 9.961549929557943495e-01
6.819019000000000233e+03 1.002264300860160606e+00
6.819054460000000290e+03 9.981461611839624881e-01
6.819089920000000347e+03 1.004785079446161467e+00
6.819125390000000152e+03 9.998653866045349448e-01
6.819160850000000210e+03 1.024960729851386976e+00
6.819196310000000267e+03 9.953050374936360800e-01
6.819231780000000072e+03 1.004667268691282089e+00
6.819267240000000129e+03 1.005084095834514635e+00
6.819302700000000186e+03 1.001564769482977013e+00
6.819338169999999991e+03 9.956249504182855814e-01
6.819373630000000048e+03 9.942768222932478750e-01
6.819409099999999853e+03 9.991593132332208249e-01
6.819444559999999910e+03 1.000812491252026204e+00
6.819480019999999968e+03 1.005533428380172678e+00
6.819515489999999772e+03 1.010443908809581348e+00
6.819550949999999830e+03 1.003269811957326896e+00
6.819586419999999634e+03 9.929253600558426429e-01
6.819621879999999692e+03 1.013986900351958820e+00
6.819657350000000406e+03 1.005081436847552689e+00
6.819692820000000211e+03 9.891668983527730497e-01
6.819728280000000268e+03 1.004048293544100856e+00
6.819763750000000073e+03 1.014035673630723888e+00
6.819799210000000130e+03 1.003314428749622289e+00
6.819834679999999935e+03 1.003988879429370762e+00
6.819870149999999740e+03 1.015072351211305124e+00
6.819905609999999797e+03 1.020677386972663969e+00
6.819941079999999602e+03 1.022348568447268180e+00
6.819976550000000316e+03 1.012469636419461860e+00
