3800.00000 26.22
3800.10000 32.51
3800.20000 26.23
3800.30000 28.62
3800.40000 26.16
3800.50000 23.12
3800.60000 24.72
3800.70000 27.33
3800.80000 26.85
3800.90000 26.13
3801.00000 26.43
3801.10000 25.06
3801.20000 30.97
3801.30000 25.86
3801.40000 26.42
3801.50000 27.80
3801.60000 29.34
3801.70000 24.75
3801.80000 27.39
3801.90000 26.52
3802.00000 27.77
3802.10000 28.65
3802.20000 24.97
3802.30000 30.27
3802.40000 29.29
3802.50000 27.72
3802.60000 31.37
3802.70000 32.02
3802.80000 28.93
3802.90000 27.87
3803.00000 30.25
3803.10000 28.01
3803.20000 32.00
3803.30000 29.83
3803.40000 25.90
3803.50000 28.33
3803.60000 28.48
3803.70000 28.51
3803.80000 31.63
3803.90000 25.75
3804.00000 30.12
3804.10000 33.40
3804.20000 35.06
3804.30000 23.88
3804.40000 28.20
3804.50000 31.49
3804.60000 27.10
3804.70000 26.26
3804.80000 34.36
3804.90000 25.86
3805.00000 28.23
3805.10000 29.81
3805.20000 30.39
3805.30000 29.58
3805.40000 30.51
3805.50000 31.33
3805.60000 29.36
3805.70000 29.45
3805.80000 30.86
3805.90000 29.92
3806.00000 33.40
3806.10000 29.37
3806.20000 31.12
3806.30000 37.15
3806.40000 26.39
3806.50000 27.73
3806.60000 33.98
3806.70000 33.96
3806.80000 31.43
3806.90000 32.22
3807.00000 30.63
3807.10000 31.36
3807.20000 34.09
3807.30000 32.42
3807.40000 31.12
3807.50000 29.51
3807.60000 29.21
3807.70000 31.94
3807.80000 29.72
3807.90000 35.60
3808.00000 30.60
3808.10000 34.54
3808.20000 32.55
3808.30000 29.22
3808.40000 34.77
3808.50000 31.79
3808.60000 33.14
3808.70000 31.54
3808.80000 33.80
3808.90000 31.79
3809.00000 30.27
3809.10000 33.58
3809.20000 34.80
3809.30000 38.07
3809.40000 32.60
3809.50000 32.97
3809.60000 33.39
3809.70000 31.65
3809.80000 35.31
3809.90000 35.18
3810.00000 30.55
3810.10000 32.51
3810.20000 33.02
3810.30000 30.79
3810.40000 34.39
3810.50000 35.93
3810.60000 36.33
3810.70000 36.39
3810.80000 41.27
3810.90000 37.96
3811.00000 35.02
3811.10000 39.87
3811.20000 36.33
3811.30000 38.71
3811.40000 41.21
3811.50000 34.42
3811.60000 35.12
3811.70000 37.55
3811.80000 39.39
3811.90000 41.39
3812.00000 36.94
3812.10000 37.09
3812.20000 37.50
3812.30000 41.73
3812.40000 41.05
3812.50000 38.13
3812.60000 36.70
3812.70000 42.65
3812.80000 36.81
3812.90000 45.52
3813.00000 40.06
3813.10000 38.95
3813.20000 35.80
3813.30000 45.03
3813.40000 36.42
3813.50000 34.74
3813.60000 41.34
3813.70000 47.74
3813.80000 45.15
3813.90000 43.82
3814.00000 45.59
3814.10000 42.36
3814.20000 42.63
3814.30000 42.60
3814.40000 43.84
3814.50000 44.94
3814.60000 44.89
3814.70000 42.90
3814.80000 43.61
3814.90000 40.34
3815.00000 45.25
3815.10000 46.82
3815.20000 42.74
3815.30000 40.62
3815.40000 44.00
3815.50000 41.30
3815.60000 44.11
3815.70000 43.92
3815.80000 42.21
3815.90000 43.20
3816.00000 46.78
3816.10000 36.94
3816.20000 47.62
3816.30000 42.48
3816.40000 40.91
3816.50000 44.06
3816.60000 43.91
3816.70000 48.23
3816.80000 41.01
3816.90000 39.66
3817.00000 47.75
3817.10000 42.85
3817.20000 41.93
3817.30000 36.34
3817.40000 41.98
3817.50000 44.61
3817.60000 41.22
3817.70000 46.02
3817.80000 47.71
3817.90000 46.54
3818.00000 38.75
3818.10000 42.21
3818.20000 40.48
3818.30000 44.31
3818.40000 48.29
3818.50000 41.91
3818.60000 42.71
3818.70000 47.21
3818.80000 42.52
3818.90000 45.71
3819.00000 42.33
3819.10000 45.42
3819.20000 42.88
3819.30000 43.96
3819.40000 49.24
3819.50000 43.95
3819.60000 49.01
3819.70000 45.71
3819.80000 44.08
3819.90000 43.07
3820.00000 45.82
3820.10000 48.42
3820.20000 45.45
3820.30000 43.55
3820.40000 45.47
3820.50000 44.28
3820.60000 47.97
3820.70000 45.64
3820.80000 47.83
3820.90000 49.74
3821.00000 43.86
3821.10000 46.45
3821.20000 50.78
3821.30000 50.97
3821.40000 48.99
3821.50000 48.92
3821.60000 48.84
3821.70000 44.51
3821.80000 48.94
3821.90000 48.72
3822.00000 50.09
3822.10000 45.65
3822.20000 45.57
3822.30000 46.76
3822.40000 51.77
3822.50000 52.22
3822.60000 48.64
3822.70000 51.34
3822.80000 48.71
3822.90000 52.42
3823.00000 52.64
3823.10000 51.60
3823.20000 48.10
3823.30000 49.31
3823.40000 51.72
3823.50000 50.42
3823.60000 50.38
3823.70000 50.20
3823.80000 52.73
3823.90000 54.05
3824.00000 54.30
3824.10000 56.93
3824.20000 53.75
3824.30000 57.24
3824.40000 52.02
3824.50000 50.85
3824.60000 51.89
3824.70000 56.90
3824.80000 53.37
3824.90000 54.24
3825.00000 51.21
3825.10000 51.93
3825.20000 55.27
3825.30000 57.13
3825.40000 57.20
3825.50000 56.36
3825.60000 58.59
3825.70000 56.77
3825.80000 54.89
3825.90000 55.88
3826.00000 51.41
3826.10000 55.49
3826.20000 54.62
3826.30000 53.96
3826.40000 56.29
3826.50000 52.32
3826.60000 53.40
3826.70000 50.66
3826.80000 54.96
3826.90000 56.06
3827.00000 54.83
3827.10000 59.18
3827.20000 60.77
3827.30000 58.67
3827.40000 58.83
3827.50000 56.26
3827.60000 59.25
3827.70000 56.34
3827.80000 58.14
3827.90000 57.33
3828.00000 57.52
3828.10000 56.64
3828.20000 60.50
3828.30000 58.09
3828.40000 55.01
3828.50000 56.98
3828.60000 56.59
3828.70000 58.70
3828.80000 57.88
3828.90000 59.24
3829.00000 58.02
3829.10000 56.89
3829.20000 56.85
3829.30000 55.85
3829.40000 57.54
3829.50000 57.09
3829.60000 57.56
3829.70000 55.44
3829.80000 56.92
3829.90000 55.74
3830.00000 59.94
3830.10000 56.73
3830.20000 57.77
3830.30000 59.83
3830.40000 57.77
3830.50000 62.15
3830.60000 54.77
3830.70000 52.52
3830.80000 54.93
3830.90000 60.35
3831.00000 56.18
3831.10000 54.78
3831.20000 60.38
3831.30000 56.26
3831.40000 59.50
3831.50000 57.98
3831.60000 59.57
3831.70000 53.23
3831.80000 58.61
3831.90000 57.72
3832.00000 54.77
3832.10000 61.80
3832.20000 57.02
3832.30000 60.92
3832.40000 54.19
3832.50000 62.43
3832.60000 62.04
3832.70000 61.25
3832.80000 59.07
3832.90000 58.52
3833.00000 59.80
3833.10000 56.09
3833.20000 61.81
3833.30000 58.76
3833.40000 60.82
3833.50000 56.60
3833.60000 58.45
3833.70000 60.45
3833.80000 62.88
3833.90000 61.24
3834.00000 60.34
3834.10000 59.41
3834.20000 58.72
3834.30000 59.03
3834.40000 58.76
3834.50000 59.02
3834.60000 61.76
3834.70000 61.73
3834.80000 61.72
3834.90000 63.41
3835.00000 62.31
3835.10000 60.91
3835.20000 59.70
3835.30000 61.00
3835.40000 58.83
3835.50000 54.89
3835.60000 57.48
3835.70000 60.04
3835.80000 54.47
3835.90000 61.72
3836.00000 57.47
3836.10000 61.14
3836.20000 58.62
3836.30000 61.41
3836.40000 61.19
3836.50000 62.56
3836.60000 58.22
3836.70000 63.42
3836.80000 64.43
3836.90000 64.50
3837.00000 64.75
3837.10000 61.44
3837.20000 60.60
3837.30000 63.42
3837.40000 63.67
3837.50000 65.41
3837.60000 63.23
3837.70000 65.96
3837.80000 63.42
3837.90000 64.48
3838.00000 64.50
3838.10000 65.52
3838.20000 64.89
3838.30000 64.31
3838.40000 64.70
3838.50000 63.19
3838.60000 61.58
3838.70000 61.47
3838.80000 63.06
3838.90000 65.73
3839.00000 66.22
3839.10000 65.04
3839.20000 73.03
3839.30000 66.83
3839.40000 66.31
3839.50000 66.96
3839.60000 68.26
3839.70000 66.32
3839.80000 66.18
3839.90000 68.15
3840.00000 68.67
3840.10000 67.38
3840.20000 66.97
3840.30000 68.09
3840.40000 66.25
3840.50000 65.47
3840.60000 71.12
3840.70000 70.52
3840.80000 67.19
3840.90000 68.37
3841.00000 72.60
3841.10000 71.66
3841.20000 71.05
3841.30000 72.90
3841.40000 72.40
3841.50000 70.76
3841.60000 72.27
3841.70000 70.13
3841.80000 70.82
3841.90000 71.70
3842.00000 71.06
3842.10000 70.42
3842.20000 74.13
3842.30000 75.90
3842.40000 78.81
3842.50000 72.89
3842.60000 71.89
3842.70000 69.39
3842.80000 75.08
3842.90000 73.08
3843.00000 72.11
3843.10000 74.82
3843.20000 81.06
3843.30000 77.06
3843.40000 73.14
3843.50000 71.27
3843.60000 74.00
3843.70000 79.08
3843.80000 78.05
3843.90000 80.01
3844.00000 81.37
3844.10000 78.67
3844.20000 79.00
3844.30000 75.34
3844.40000 78.86
3844.50000 83.25
3844.60000 80.92
3844.70000 79.68
3844.80000 82.64
3844.90000 82.39
3845.00000 85.13
3845.10000 83.77
3845.20000 79.06
3845.30000 76.60
3845.40000 81.27
3845.50000 80.93
3845.60000 80.03
3845.70000 79.12
3845.80000 82.15
3845.90000 78.76
3846.00000 79.38
3846.10000 82.27
3846.20000 82.33
3846.30000 83.45
3846.40000 79.45
3846.50000 80.08
3846.60000 79.88
3846.70000 80.87
3846.80000 86.38
3846.90000 80.41
3847.00000 81.29
3847.10000 85.80
3847.20000 84.59
3847.30000 81.52
3847.40000 82.47
3847.50000 81.28
3847.60000 79.68
3847.70000 84.48
3847.80000 81.53
3847.90000 80.13
3848.00000 83.21
3848.10000 85.24
3848.20000 85.21
3848.30000 81.45
3848.40000 86.07
3848.50000 88.49
3848.60000 84.07
3848.70000 81.74
3848.80000 85.88
3848.90000 87.19
3849.00000 82.57
3849.10000 88.25
3849.20000 84.71
3849.30000 92.67
3849.40000 84.92
3849.50000 85.49
3849.60000 89.57
3849.70000 82.66
3849.80000 87.26
3849.90000 86.77
3850.00000 83.04
3850.10000 89.38
3850.20000 90.67
3850.30000 87.46
3850.40000 88.58
3850.50000 85.49
3850.60000 96.09
3850.70000 92.87
3850.80000 87.43
3850.90000 85.61
3851.00000 91.32
3851.10000 89.76
3851.20000 87.25
3851.30000 87.18
3851.40000 94.16
3851.50000 91.99
3851.60000 92.61
3851.70000 88.04
3851.80000 92.68
3851.90000 93.80
3852.00000 89.73
3852.10000 98.40
3852.20000 92.10
3852.30000 91.49
3852.40000 88.64
3852.50000 91.16
3852.60000 91.30
3852.70000 93.62
3852.80000 94.04
3852.90000 91.91
3853.00000 88.36
3853.10000 94.06
3853.20000 96.15
3853.30000 94.05
3853.40000 96.50
3853.50000 98.13
3853.60000 94.85
3853.70000 101.65
3853.80000 92.97
3853.90000 95.50
3854.00000 100.84
3854.10000 96.16
3854.20000 102.61
3854.30000 103.73
3854.40000 95.76
3854.50000 94.44
3854.60000 93.63
3854.70000 101.01
3854.80000 98.40
3854.90000 98.91
3855.00000 96.77
3855.10000 99.15
3855.20000 99.31
3855.30000 104.60
3855.40000 102.96
3855.50000 105.43
3855.60000 94.81
3855.70000 100.85
3855.80000 103.21
3855.90000 96.60
3856.00000 103.21
3856.10000 101.19
3856.20000 91.48
3856.30000 103.50
3856.40000 99.65
3856.50000 94.87
3856.60000 104.55
3856.70000 104.41
3856.80000 108.71
3856.90000 101.22
3857.00000 103.76
3857.10000 101.07
3857.20000 100.17
3857.30000 106.26
3857.40000 96.73
3857.50000 102.47
3857.60000 107.21
3857.70000 104.31
3857.80000 103.23
3857.90000 107.44
3858.00000 108.22
3858.10000 103.95
3858.20000 108.34
3858.30000 110.04
3858.40000 107.15
3858.50000 110.67
3858.60000 106.92
3858.70000 106.93
3858.80000 111.69
3858.90000 106.44
3859.00000 104.68
3859.10000 106.45
3859.20000 109.64
3859.30000 103.28
3859.40000 101.72
3859.50000 109.18
3859.60000 106.94
3859.70000 104.61
3859.80000 108.33
3859.90000 105.65
3860.00000 108.85
3860.10000 104.79
3860.20000 109.55
3860.30000 106.40
3860.40000 106.13
3860.50000 106.59
3860.60000 106.99
3860.70000 106.34
3860.80000 109.25
3860.90000 107.49
3861.00000 112.43
3861.10000 107.92
3861.20000 108.83
3861.30000 108.24
3861.40000 110.57
3861.50000 108.78
3861.60000 105.38
3861.70000 104.98
3861.80000 111.90
3861.90000 114.52
3862.00000 111.22
3862.10000 108.37
3862.20000 113.06
3862.30000 107.22
3862.40000 105.94
3862.50000 110.39
3862.60000 114.32
3862.70000 111.07
3862.80000 106.25
3862.90000 108.43
3863.00000 108.44
3863.10000 112.31
3863.20000 110.82
3863.30000 108.37
3863.40000 111.08
3863.50000 105.11
3863.60000 115.94
3863.70000 108.70
3863.80000 105.76
3863.90000 114.64
3864.00000 112.18
3864.10000 116.06
3864.20000 114.60
3864.30000 110.82
3864.40000 115.27
3864.50000 112.69
3864.60000 112.86
3864.70000 113.49
3864.80000 109.03
3864.90000 109.42
3865.00000 110.55
3865.10000 115.54
3865.20000 108.01
3865.30000 111.67
3865.40000 116.18
3865.50000 116.16
3865.60000 115.46
3865.70000 116.06
3865.80000 107.41
3865.90000 111.25
3866.00000 115.46
3866.10000 111.88
3866.20000 114.26
3866.30000 112.83
3866.40000 113.63
3866.50000 112.37
3866.60000 113.98
3866.70000 112.35
3866.80000 111.43
3866.90000 114.56
3867.00000 111.32
3867.10000 115.48
3867.20000 109.43
3867.30000 112.87
3867.40000 114.83
3867.50000 113.69
3867.60000 114.66
3867.70000 113.43
3867.80000 113.99
3867.90000 111.18
3868.00000 113.63
3868.10000 107.64
3868.20000 115.87
3868.30000 112.87
3868.40000 116.97
3868.50000 114.91
3868.60000 113.80
3868.70000 118.08
3868.80000 114.05
3868.90000 114.45
3869.00000 114.59
3869.10000 116.41
3869.20000 111.40
3869.30000 113.66
3869.40000 116.58
3869.50000 116.38
3869.60000 115.58
3869.70000 118.03
3869.80000 115.49
3869.90000 112.82
3870.00000 117.88
3870.10000 113.73
3870.20000 115.20
3870.30000 119.96
3870.40000 119.37
3870.50000 117.77
3870.60000 113.56
3870.70000 112.39
3870.80000 119.81
3870.90000 117.47
3871.00000 118.63
3871.10000 117.47
3871.20000 118.60
3871.30000 123.28
3871.40000 115.88
3871.50000 120.89
3871.60000 120.77
3871.70000 117.86
3871.80000 120.54
3871.90000 121.50
3872.00000 122.54
3872.10000 122.21
3872.20000 119.13
3872.30000 123.54
3872.40000 114.56
3872.50000 123.39
3872.60000 118.28
3872.70000 121.88
3872.80000 118.73
3872.90000 120.59
3873.00000 123.45
3873.10000 121.27
3873.20000 121.95
3873.30000 125.14
3873.40000 120.56
3873.50000 121.93
3873.60000 121.85
3873.70000 127.45
3873.80000 127.03
3873.90000 126.88
3874.00000 123.24
3874.10000 124.12
3874.20000 124.76
3874.30000 121.09
3874.40000 117.72
3874.50000 122.71
3874.60000 125.70
3874.70000 131.28
3874.80000 123.43
3874.90000 120.13
3875.00000 106.03
3875.10000 124.92
3875.20000 128.58
3875.30000 129.97
3875.40000 129.09
3875.50000 126.70
3875.60000 127.97
3875.70000 122.30
3875.80000 127.20
3875.90000 125.98
3876.00000 129.00
3876.10000 124.34
3876.20000 129.66
3876.30000 128.33
3876.40000 126.27
3876.50000 132.64
3876.60000 129.77
3876.70000 129.89
3876.80000 129.87
3876.90000 131.18
3877.00000 130.80
3877.10000 131.00
3877.20000 133.00
3877.30000 127.68
3877.40000 131.06
3877.50000 135.38
3877.60000 125.17
3877.70000 128.87
3877.80000 132.55
3877.90000 133.30
3878.00000 136.40
3878.10000 132.36
3878.20000 133.52
3878.30000 133.39
3878.40000 133.73
3878.50000 129.72
3878.60000 129.70
3878.70000 132.79
3878.80000 130.82
3878.90000 131.75
3879.00000 133.27
3879.10000 129.38
3879.20000 133.13
3879.30000 132.85
3879.40000 131.68
3879.50000 135.19
3879.60000 134.68
3879.70000 136.87
3879.80000 131.31
3879.90000 134.23
3880.00000 138.07
3880.10000 133.54
3880.20000 133.79
3880.30000 132.25
3880.40000 134.89
3880.50000 135.88
3880.60000 135.92
3880.70000 133.51
3880.80000 137.55
3880.90000 137.72
3881.00000 139.22
3881.10000 135.17
3881.20000 132.16
3881.30000 136.80
3881.40000 137.32
3881.50000 142.50
3881.60000 134.73
3881.70000 140.19
3881.80000 139.61
3881.90000 139.72
3882.00000 139.16
3882.10000 135.16
3882.20000 140.54
3882.30000 140.44
3882.40000 138.99
3882.50000 133.21
3882.60000 134.95
3882.70000 139.52
3882.80000 138.22
3882.90000 134.96
3883.00000 133.03
3883.10000 135.44
3883.20000 137.35
3883.30000 139.79
3883.40000 134.09
3883.50000 132.00
3883.60000 139.19
3883.70000 138.45
3883.80000 135.93
3883.90000 137.86
3884.00000 137.08
3884.10000 137.10
3884.20000 133.73
3884.30000 140.08
3884.40000 134.78
3884.50000 134.62
3884.60000 138.81
3884.70000 136.36
3884.80000 135.97
3884.90000 135.27
3885.00000 134.66
3885.10000 139.95
3885.20000 137.28
3885.30000 136.38
3885.40000 142.64
3885.50000 134.50
3885.60000 137.88
3885.70000 139.68
3885.80000 127.88
3885.90000 138.98
3886.00000 140.02
3886.10000 137.75
3886.20000 139.58
3886.30000 134.32
3886.40000 136.18
3886.50000 135.77
3886.60000 135.70
3886.70000 137.15
3886.80000 131.48
3886.90000 132.91
3887.00000 137.09
3887.10000 143.07
3887.20000 140.77
3887.30000 142.62
3887.40000 141.52
3887.50000 143.94
3887.60000 142.46
3887.70000 143.64
3887.80000 163.52
3887.90000 136.31
3888.00000 151.49
3888.10000 143.41
3888.20000 147.51
3888.30000 144.62
3888.40000 143.80
3888.50000 139.64
3888.60000 149.40
3888.70000 140.22
3888.80000 137.12
3888.90000 127.09
3889.00000 130.15
3889.10000 134.83
3889.20000 140.63
3889.30000 140.42
3889.40000 142.58
3889.50000 146.05
3889.60000 146.66
3889.70000 140.23
3889.80000 140.56
3889.90000 140.15
3890.00000 145.75
3890.10000 144.16
3890.20000 146.39
3890.30000 152.59
3890.40000 149.72
3890.50000 147.91
3890.60000 137.37
3890.70000 147.44
3890.80000 153.28
3890.90000 143.39
3891.00000 154.31
3891.10000 156.71
3891.20000 153.37
3891.30000 148.79
3891.40000 148.97
3891.50000 148.83
3891.60000 147.34
3891.70000 149.80
3891.80000 144.49
3891.90000 149.71
3892.00000 143.58
3892.10000 149.86
3892.20000 148.44
3892.30000 146.71
3892.40000 152.32
3892.50000 153.94
3892.60000 145.88
3892.70000 150.71
3892.80000 152.79
3892.90000 143.26
3893.00000 159.73
3893.10000 154.06
3893.20000 151.95
3893.30000 155.25
3893.40000 153.01
3893.50000 150.50
3893.60000 150.07
3893.70000 157.83
3893.80000 156.98
3893.90000 168.75
3894.00000 160.40
3894.10000 161.63
3894.20000 153.63
3894.30000 151.74
3894.40000 150.92
3894.50000 161.84
3894.60000 155.67
3894.70000 156.55
3894.80000 154.49
3894.90000 163.71
3895.00000 166.45
3895.10000 164.79
3895.20000 162.39
3895.30000 158.27
3895.40000 152.87
3895.50000 167.79
3895.60000 162.05
3895.70000 173.13
3895.80000 167.53
3895.90000 167.48
3896.00000 171.67
3896.10000 169.77
3896.20000 171.19
3896.30000 168.15
3896.40000 170.75
3896.50000 171.16
3896.60000 167.49
3896.70000 163.80
3896.80000 169.11
3896.90000 163.83
3897.00000 176.21
3897.10000 168.62
3897.20000 170.79
3897.30000 172.80
3897.40000 171.66
3897.50000 173.49
3897.60000 177.08
3897.70000 174.01
3897.80000 178.84
3897.90000 179.59
3898.00000 174.48
3898.10000 175.21
3898.20000 185.73
3898.30000 189.17
3898.40000 171.77
3898.50000 175.50
3898.60000 173.96
3898.70000 174.84
3898.80000 182.86
3898.90000 182.76
3899.00000 176.48
3899.10000 177.46
3899.20000 177.48
3899.30000 176.92
3899.40000 184.10
3899.50000 198.25
3899.60000 179.91
3899.70000 178.40
3899.80000 180.57
3899.90000 187.38
3900.00000 185.03
3900.10000 181.42
3900.20000 182.07
3900.30000 188.82
3900.40000 178.99
3900.50000 185.48
3900.60000 187.33
3900.70000 184.88
3900.80000 184.69
3900.90000 177.58
3901.00000 183.48
3901.10000 187.49
3901.20000 177.89
3901.30000 187.25
3901.40000 181.69
3901.50000 186.19
3901.60000 187.66
3901.70000 183.09
3901.80000 189.88
3901.90000 193.09
3902.00000 183.23
3902.10000 185.58
3902.20000 189.80
3902.30000 194.25
3902.40000 183.20
3902.50000 188.07
3902.60000 192.49
3902.70000 189.07
3902.80000 187.40
3902.90000 185.36
3903.00000 186.62
3903.10000 207.85
3903.20000 182.60
3903.30000 190.58
3903.40000 185.75
3903.50000 185.77
3903.60000 197.60
3903.70000 184.92
3903.80000 196.45
3903.90000 189.11
3904.00000 193.39
3904.10000 190.51
3904.20000 189.30
3904.30000 188.82
3904.40000 187.04
3904.50000 189.55
3904.60000 193.91
3904.70000 189.02
3904.80000 191.67
3904.90000 193.00
3905.00000 194.43
3905.10000 197.13
3905.20000 196.69
3905.30000 199.45
3905.40000 191.18
3905.50000 197.17
3905.60000 189.21
3905.70000 196.77
3905.80000 195.81
3905.90000 196.25
3906.00000 191.21
3906.10000 199.13
3906.20000 191.92
3906.30000 194.17
3906.40000 195.42
3906.50000 197.48
3906.60000 191.30
3906.70000 192.04
3906.80000 193.86
3906.90000 199.52
3907.00000 199.76
3907.10000 193.24
3907.20000 195.15
3907.30000 201.96
3907.40000 194.40
3907.50000 195.83
3907.60000 194.75
3907.70000 193.99
3907.80000 199.62
3907.90000 206.63
3908.00000 200.53
3908.10000 195.80
3908.20000 194.61
3908.30000 198.35
3908.40000 202.57
3908.50000 200.88
3908.60000 198.79
3908.70000 196.43
3908.80000 198.15
3908.90000 201.66
3909.00000 195.42
3909.10000 201.10
3909.20000 200.37
3909.30000 203.00
3909.40000 197.37
3909.50000 201.90
3909.60000 198.09
3909.70000 199.80
3909.80000 206.82
3909.90000 200.86
3910.00000 197.75
3910.10000 196.96
3910.20000 202.86
3910.30000 200.30
3910.40000 195.04
3910.50000 200.17
3910.60000 199.63
3910.70000 196.33
3910.80000 199.53
3910.90000 205.62
3911.00000 202.02
3911.10000 195.51
3911.20000 202.19
3911.30000 202.23
3911.40000 197.84
3911.50000 202.10
3911.60000 195.14
3911.70000 203.43
3911.80000 200.12
3911.90000 201.72
3912.00000 199.78
3912.10000 200.62
3912.20000 205.44
3912.30000 206.59
3912.40000 196.77
3912.50000 203.98
3912.60000 204.61
3912.70000 207.62
3912.80000 199.02
3912.90000 199.00
3913.00000 208.98
3913.10000 211.46
3913.20000 209.48
3913.30000 206.63
3913.40000 202.15
3913.50000 205.98
3913.60000 211.70
3913.70000 208.60
3913.80000 207.32
3913.90000 216.35
3914.00000 209.33
3914.10000 209.17
3914.20000 213.22
3914.30000 206.57
3914.40000 202.68
3914.50000 207.18
3914.60000 206.28
3914.70000 209.85
3914.80000 204.97
3914.90000 212.52
3915.00000 215.38
3915.10000 203.67
3915.20000 208.88
3915.30000 202.10
3915.40000 203.44
3915.50000 216.68
3915.60000 208.02
3915.70000 208.95
3915.80000 211.19
3915.90000 213.57
3916.00000 214.21
3916.10000 214.29
3916.20000 215.24
3916.30000 212.11
3916.40000 216.40
3916.50000 225.12
3916.60000 218.12
3916.70000 216.60
3916.80000 214.33
3916.90000 217.91
3917.00000 214.65
3917.10000 212.96
3917.20000 209.79
3917.30000 212.98
3917.40000 208.75
3917.50000 215.41
3917.60000 208.87
3917.70000 213.76
3917.80000 218.13
3917.90000 218.14
3918.00000 211.83
3918.10000 213.66
3918.20000 213.64
3918.30000 212.89
3918.40000 211.63
3918.50000 211.12
3918.60000 212.22
3918.70000 212.96
3918.80000 214.60
3918.90000 214.73
3919.00000 217.78
3919.10000 214.16
3919.20000 213.03
3919.30000 218.22
3919.40000 212.06
3919.50000 211.35
3919.60000 219.47
3919.70000 211.71
3919.80000 210.59
3919.90000 214.48
3920.00000 208.36
3920.10000 213.44
3920.20000 210.35
3920.30000 212.33
3920.40000 219.27
3920.50000 210.02
3920.60000 216.11
3920.70000 214.59
3920.80000 219.15
3920.90000 206.12
3921.00000 209.62
3921.10000 215.76
3921.20000 211.86
3921.30000 217.67
3921.40000 225.58
3921.50000 213.01
3921.60000 215.26
3921.70000 214.89
3921.80000 218.80
3921.90000 214.31
3922.00000 217.53
3922.10000 215.18
3922.20000 215.82
3922.30000 218.58
3922.40000 214.13
3922.50000 211.83
3922.60000 215.80
3922.70000 217.89
3922.80000 222.39
3922.90000 221.47
3923.00000 215.41
3923.10000 219.29
3923.20000 215.39
3923.30000 219.52
3923.40000 216.72
3923.50000 220.78
3923.60000 215.60
3923.70000 209.09
3923.80000 215.05
3923.90000 224.36
3924.00000 220.92
3924.10000 217.29
3924.20000 213.83
3924.30000 224.41
3924.40000 217.90
3924.50000 215.69
3924.60000 218.06
3924.70000 214.55
3924.80000 221.59
3924.90000 218.98
3925.00000 217.74
3925.10000 215.15
3925.20000 221.96
3925.30000 224.92
3925.40000 225.65
3925.50000 217.88
3925.60000 221.14
3925.70000 222.38
3925.80000 217.67
3925.90000 221.73
3926.00000 218.99
3926.10000 218.90
3926.20000 226.66
3926.30000 243.74
3926.40000 228.50
3926.50000 221.07
3926.60000 220.85
3926.70000 227.42
3926.80000 224.19
3926.90000 218.91
3927.00000 218.58
3927.10000 218.00
3927.20000 217.45
3927.30000 212.62
3927.40000 231.60
3927.50000 225.87
3927.60000 224.66
3927.70000 226.83
3927.80000 230.27
3927.90000 226.11
3928.00000 223.94
3928.10000 225.50
3928.20000 223.13
3928.30000 219.73
3928.40000 227.80
3928.50000 230.70
3928.60000 234.94
3928.70000 231.30
3928.80000 228.03
3928.90000 234.50
3929.00000 235.20
3929.10000 225.15
3929.20000 233.12
3929.30000 237.61
3929.40000 230.58
3929.50000 234.67
3929.60000 237.97
3929.70000 236.76
3929.80000 235.36
3929.90000 229.46
3930.00000 234.09
3930.10000 235.82
3930.20000 236.38
3930.30000 231.67
3930.40000 235.54
3930.50000 231.38
3930.60000 234.89
3930.70000 240.22
3930.80000 231.06
3930.90000 232.65
3931.00000 235.83
3931.10000 239.25
3931.20000 239.08
3931.30000 240.07
3931.40000 237.07
3931.50000 236.84
3931.60000 237.93
3931.70000 240.42
3931.80000 241.94
3931.90000 237.28
3932.00000 243.04
3932.10000 248.07
3932.20000 240.59
3932.30000 245.26
3932.40000 252.62
3932.50000 249.23
3932.60000 244.48
3932.70000 232.52
3932.80000 243.23
3932.90000 237.11
3933.00000 250.44
3933.10000 243.46
3933.20000 248.17
3933.30000 244.03
3933.40000 226.27
3933.50000 158.78
3933.60000 117.85
3933.70000 127.93
3933.80000 157.82
3933.90000 69.38
3934.00000 24.86
3934.10000 134.59
3934.20000 164.85
3934.30000 174.89
3934.40000 206.60
3934.50000 225.25
3934.60000 238.33
3934.70000 249.59
3934.80000 248.27
3934.90000 247.78
3935.00000 250.41
3935.10000 248.79
3935.20000 236.82
3935.30000 254.11
3935.40000 247.67
3935.50000 254.95
3935.60000 248.47
3935.70000 253.57
3935.80000 249.89
3935.90000 252.45
3936.00000 254.83
3936.10000 262.34
3936.20000 261.20
3936.30000 251.05
3936.40000 247.69
3936.50000 251.38
3936.60000 254.79
3936.70000 253.06
3936.80000 252.03
3936.90000 257.35
3937.00000 260.37
3937.10000 262.31
3937.20000 254.44
3937.30000 257.68
3937.40000 250.52
3937.50000 253.88
3937.60000 249.25
3937.70000 250.73
3937.80000 255.86
3937.90000 256.91
3938.00000 254.31
3938.10000 256.21
3938.20000 257.51
3938.30000 253.18
3938.40000 254.89
3938.50000 250.30
3938.60000 255.89
3938.70000 255.74
3938.80000 254.33
3938.90000 257.43
3939.00000 257.74
3939.10000 253.47
3939.20000 255.79
3939.30000 256.00
3939.40000 259.36
3939.50000 258.41
3939.60000 266.03
3939.70000 261.19
3939.80000 252.87
3939.90000 267.37
3940.00000 261.86
3940.10000 263.64
3940.20000 261.05
3940.30000 261.43
3940.40000 254.35
3940.50000 253.85
3940.60000 264.07
3940.70000 266.50
3940.80000 265.52
3940.90000 264.44
3941.00000 262.61
3941.10000 265.14
3941.20000 250.32
3941.30000 256.47
3941.40000 263.55
3941.50000 261.66
3941.60000 253.67
3941.70000 261.88
3941.80000 262.41
3941.90000 257.90
3942.00000 253.48
3942.10000 262.83
3942.20000 264.43
3942.30000 262.73
3942.40000 268.63
3942.50000 263.49
3942.60000 262.94
3942.70000 253.50
3942.80000 258.90
3942.90000 259.51
3943.00000 265.27
3943.10000 263.81
3943.20000 255.45
3943.30000 257.92
3943.40000 266.21
3943.50000 262.84
3943.60000 255.49
3943.70000 259.45
3943.80000 258.19
3943.90000 263.51
3944.00000 265.33
3944.10000 262.00
3944.20000 269.89
3944.30000 263.31
3944.40000 263.56
3944.50000 265.15
3944.60000 263.80
3944.70000 267.57
3944.80000 269.66
3944.90000 265.36
3945.00000 261.74
3945.10000 260.05
3945.20000 262.37
3945.30000 259.09
3945.40000 260.76
3945.50000 267.01
3945.60000 271.03
3945.70000 265.01
3945.80000 268.80
3945.90000 270.55
3946.00000 272.44
3946.10000 263.43
3946.20000 268.14
3946.30000 270.03
3946.40000 270.35
3946.50000 263.30
3946.60000 270.65
3946.70000 262.50
3946.80000 263.75
3946.90000 266.72
3947.00000 272.33
3947.10000 267.72
3947.20000 270.43
3947.30000 274.11
3947.40000 272.25
3947.50000 264.59
3947.60000 267.76
3947.70000 271.40
3947.80000 271.17
3947.90000 279.24
3948.00000 273.96
3948.10000 272.25
3948.20000 269.66
3948.30000 275.49
3948.40000 272.75
3948.50000 273.07
3948.60000 268.31
3948.70000 272.18
3948.80000 269.87
3948.90000 276.27
3949.00000 276.97
3949.10000 266.86
3949.20000 268.56
3949.30000 274.15
3949.40000 277.44
3949.50000 270.75
3949.60000 271.56
3949.70000 273.10
3949.80000 272.30
3949.90000 274.94
3950.00000 273.76
3950.10000 276.47
3950.20000 275.64
3950.30000 280.34
3950.40000 275.23
3950.50000 274.44
3950.60000 277.58
3950.70000 274.33
3950.80000 274.12
3950.90000 269.53
3951.00000 281.87
3951.10000 276.93
3951.20000 278.17
3951.30000 271.41
3951.40000 276.63
3951.50000 276.19
3951.60000 270.54
3951.70000 279.79
3951.80000 274.65
3951.90000 277.27
3952.00000 282.83
3952.10000 272.75
3952.20000 271.63
3952.30000 268.72
3952.40000 275.35
3952.50000 275.39
3952.60000 286.58
3952.70000 282.49
3952.80000 277.41
3952.90000 275.47
3953.00000 268.54
3953.10000 277.78
3953.20000 278.18
3953.30000 270.34
3953.40000 277.56
3953.50000 280.21
3953.60000 275.79
3953.70000 275.90
3953.80000 277.16
3953.90000 272.27
3954.00000 279.34
3954.10000 277.97
3954.20000 280.49
3954.30000 280.49
3954.40000 274.20
3954.50000 276.69
3954.60000 277.17
3954.70000 273.06
3954.80000 272.94
3954.90000 273.95
3955.00000 275.07
3955.10000 279.60
3955.20000 284.09
3955.30000 285.94
3955.40000 281.51
3955.50000 286.70
3955.60000 282.39
3955.70000 275.62
3955.80000 275.10
3955.90000 277.29
3956.00000 275.90
3956.10000 282.06
3956.20000 279.23
3956.30000 283.89
3956.40000 285.90
3956.50000 282.39
3956.60000 281.99
3956.70000 283.62
3956.80000 278.62
3956.90000 278.21
3957.00000 284.48
3957.10000 279.37
3957.20000 282.98
3957.30000 285.36
3957.40000 287.63
3957.50000 286.46
3957.60000 280.67
3957.70000 285.45
3957.80000 283.87
3957.90000 273.40
3958.00000 277.51
3958.10000 278.02
3958.20000 286.52
3958.30000 290.31
3958.40000 286.10
3958.50000 287.85
3958.60000 282.23
3958.70000 284.03
3958.80000 292.67
3958.90000 289.09
3959.00000 288.77
3959.10000 287.40
3959.20000 290.73
3959.30000 289.01
3959.40000 289.29
3959.50000 284.38
3959.60000 288.27
3959.70000 293.65
3959.80000 286.39
3959.90000 284.56
3960.00000 288.19
3960.10000 289.43
3960.20000 285.47
3960.30000 293.57
3960.40000 291.61
3960.50000 284.13
3960.60000 291.46
3960.70000 285.69
3960.80000 296.73
3960.90000 286.06
3961.00000 286.64
3961.10000 289.00
3961.20000 288.69
3961.30000 289.33
3961.40000 288.14
3961.50000 288.55
3961.60000 285.20
3961.70000 278.46
3961.80000 285.15
3961.90000 286.67
3962.00000 285.14
3962.10000 284.93
3962.20000 283.52
3962.30000 281.85
3962.40000 285.28
3962.50000 288.63
3962.60000 285.20
3962.70000 285.17
3962.80000 285.98
3962.90000 286.36
3963.00000 282.64
3963.10000 278.57
3963.20000 290.07
3963.30000 287.96
3963.40000 286.24
3963.50000 294.45
3963.60000 284.72
3963.70000 287.50
3963.80000 287.82
3963.90000 293.48
3964.00000 285.29
3964.10000 291.35
3964.20000 282.81
3964.30000 290.19
3964.40000 286.84
3964.50000 283.98
3964.60000 277.77
3964.70000 282.48
3964.80000 278.65
3964.90000 285.07
3965.00000 285.81
3965.10000 286.50
3965.20000 278.61
3965.30000 280.23
3965.40000 267.15
3965.50000 281.78
3965.60000 271.98
3965.70000 281.39
3965.80000 278.08
3965.90000 273.46
3966.00000 281.13
3966.10000 279.88
3966.20000 275.03
3966.30000 269.77
3966.40000 276.50
3966.50000 271.84
3966.60000 274.13
3966.70000 272.33
3966.80000 276.09
3966.90000 276.07
3967.00000 283.83
3967.10000 275.03
3967.20000 273.10
3967.30000 271.84
3967.40000 288.25
3967.50000 276.15
3967.60000 281.22
3967.70000 286.05
3967.80000 277.81
3967.90000 276.88
3968.00000 276.73
3968.10000 275.13
3968.20000 271.94
3968.30000 229.24
3968.40000 191.20
3968.50000 206.61
3968.60000 223.37
3968.70000 149.24
3968.80000 85.15
3968.90000 194.23
3969.00000 240.21
3969.10000 240.28
3969.20000 264.20
3969.30000 281.36
3969.40000 289.53
3969.50000 292.07
3969.60000 289.15
3969.70000 288.49
3969.80000 284.98
3969.90000 285.15
3970.00000 285.09
3970.10000 282.44
3970.20000 282.06
3970.30000 285.36
3970.40000 287.13
3970.50000 285.87
3970.60000 284.24
3970.70000 287.85
3970.80000 292.90
3970.90000 280.99
3971.00000 276.64
3971.10000 289.62
3971.20000 285.67
3971.30000 286.84
3971.40000 291.03
3971.50000 282.61
3971.60000 290.37
3971.70000 293.99
3971.80000 297.69
3971.90000 299.99
3972.00000 300.81
3972.10000 299.99
3972.20000 283.30
3972.30000 291.68
3972.40000 291.87
3972.50000 294.12
3972.60000 291.56
3972.70000 292.57
3972.80000 293.00
3972.90000 296.07
3973.00000 294.54
3973.10000 290.32
3973.20000 292.42
3973.30000 286.07
3973.40000 285.90
3973.50000 279.58
3973.60000 280.79
3973.70000 284.84
3973.80000 286.12
3973.90000 288.60
3974.00000 281.51
3974.10000 284.75
3974.20000 284.79
3974.30000 282.47
3974.40000 288.95
3974.50000 289.65
3974.60000 301.53
3974.70000 291.97
3974.80000 290.54
3974.90000 295.82
3975.00000 292.59
3975.10000 292.93
3975.20000 307.16
3975.30000 295.53
3975.40000 300.15
3975.50000 289.57
3975.60000 298.49
3975.70000 300.79
3975.80000 303.56
3975.90000 306.68
3976.00000 304.07
3976.10000 304.53
3976.20000 301.65
3976.30000 308.21
3976.40000 310.89
3976.50000 313.71
3976.60000 312.78
3976.70000 316.20
3976.80000 313.28
3976.90000 304.04
3977.00000 309.60
3977.10000 310.03
3977.20000 310.85
3977.30000 316.31
3977.40000 314.36
3977.50000 313.73
3977.60000 316.58
3977.70000 315.85
3977.80000 317.47
3977.90000 315.47
3978.00000 309.51
3978.10000 323.11
3978.20000 321.44
3978.30000 322.02
3978.40000 323.63
3978.50000 319.58
3978.60000 318.62
3978.70000 323.96
3978.80000 327.27
3978.90000 318.64
3979.00000 319.08
3979.10000 317.65
3979.20000 323.27
3979.30000 322.66
3979.40000 323.57
3979.50000 332.11
3979.60000 326.32
3979.70000 328.42
3979.80000 329.77
3979.90000 329.38
3980.00000 325.80
3980.10000 332.49
3980.20000 325.42
3980.30000 325.70
3980.40000 326.22
3980.50000 328.96
3980.60000 332.35
3980.70000 329.53
3980.80000 327.77
3980.90000 331.39
3981.00000 335.56
3981.10000 329.29
3981.20000 330.17
3981.30000 327.68
3981.40000 332.21
3981.50000 328.09
3981.60000 322.68
3981.70000 327.44
3981.80000 331.71
3981.90000 332.31
3982.00000 334.04
3982.10000 326.50
3982.20000 338.45
3982.30000 337.78
3982.40000 330.15
3982.50000 329.40
3982.60000 338.82
3982.70000 330.73
3982.80000 326.35
3982.90000 318.87
3983.00000 333.08
3983.10000 328.32
3983.20000 329.47
3983.30000 335.17
3983.40000 333.10
3983.50000 336.09
3983.60000 341.51
3983.70000 335.75
3983.80000 330.04
3983.90000 337.53
3984.00000 331.78
3984.10000 337.06
3984.20000 329.67
3984.30000 336.31
3984.40000 341.56
3984.50000 332.53
3984.60000 342.42
3984.70000 343.74
3984.80000 334.15
3984.90000 347.95
3985.00000 341.27
3985.10000 340.54
3985.20000 346.10
3985.30000 345.02
3985.40000 338.22
3985.50000 330.63
3985.60000 348.74
3985.70000 337.92
3985.80000 340.79
3985.90000 344.44
3986.00000 351.58
3986.10000 343.74
3986.20000 342.57
3986.30000 347.47
3986.40000 335.35
3986.50000 342.40
3986.60000 345.69
3986.70000 333.80
3986.80000 349.32
3986.90000 346.57
3987.00000 343.44
3987.10000 349.91
3987.20000 343.35
3987.30000 342.72
3987.40000 345.87
3987.50000 356.71
3987.60000 347.43
3987.70000 346.91
3987.80000 342.99
3987.90000 354.55
3988.00000 348.94
3988.10000 341.77
3988.20000 346.67
3988.30000 355.83
3988.40000 352.54
3988.50000 353.83
3988.60000 351.28
3988.70000 347.64
3988.80000 353.69
3988.90000 352.82
3989.00000 354.20
3989.10000 352.12
3989.20000 358.31
3989.30000 353.23
3989.40000 351.30
3989.50000 354.58
3989.60000 359.48
3989.70000 356.15
3989.80000 359.58
3989.90000 346.56
3990.00000 358.00
3990.10000 349.60
3990.20000 347.15
3990.30000 350.03
3990.40000 353.80
3990.50000 359.12
3990.60000 349.68
3990.70000 359.76
3990.80000 353.43
3990.90000 358.72
3991.00000 351.06
3991.10000 349.23
3991.20000 359.76
3991.30000 357.78
3991.40000 357.98
3991.50000 357.76
3991.60000 346.01
3991.70000 357.43
3991.80000 352.31
3991.90000 352.11
3992.00000 353.39
3992.10000 352.65
3992.20000 346.43
3992.30000 358.72
3992.40000 350.75
3992.50000 355.54
3992.60000 352.20
3992.70000 352.22
3992.80000 351.78
3992.90000 355.31
3993.00000 355.44
3993.10000 355.58
3993.20000 356.26
3993.30000 355.60
3993.40000 358.44
3993.50000 355.62
3993.60000 357.16
3993.70000 347.38
3993.80000 346.87
3993.90000 352.68
3994.00000 353.76
3994.10000 354.98
3994.20000 349.54
3994.30000 354.90
3994.40000 357.30
3994.50000 351.29
3994.60000 357.20
3994.70000 355.70
3994.80000 349.15
3994.90000 354.25
3995.00000 354.70
3995.10000 363.67
3995.20000 360.26
3995.30000 366.80
3995.40000 365.48
3995.50000 359.96
3995.60000 357.72
3995.70000 361.22
3995.80000 349.95
3995.90000 359.79
3996.00000 358.07
3996.10000 353.88
3996.20000 361.82
3996.30000 356.07
3996.40000 363.55
3996.50000 358.20
3996.60000 361.82
3996.70000 366.09
3996.80000 364.70
3996.90000 361.34
3997.00000 358.59
3997.10000 359.50
3997.20000 358.83
3997.30000 364.47
3997.40000 359.14
3997.50000 355.10
3997.60000 364.67
3997.70000 355.98
3997.80000 353.21
3997.90000 358.10
3998.00000 364.25
3998.10000 366.24
3998.20000 359.44
3998.30000 362.73
3998.40000 361.99
3998.50000 367.79
3998.60000 368.01
3998.70000 362.02
3998.80000 367.03
3998.90000 371.74
3999.00000 371.06
3999.10000 362.92
3999.20000 363.75
3999.30000 367.96
3999.40000 365.00
3999.50000 372.98
3999.60000 386.95
3999.70000 368.43
3999.80000 366.26
3999.90000 370.11
4000.00000 370.15
4000.10000 374.96
4000.20000 366.65
4000.30000 362.27
4000.40000 373.55
4000.50000 373.91
4000.60000 374.69
4000.70000 367.73
4000.80000 371.81
4000.90000 364.88
4001.00000 373.64
4001.10000 377.48
4001.20000 369.48
4001.30000 372.23
4001.40000 371.60
4001.50000 373.85
4001.60000 374.47
4001.70000 372.62
4001.80000 368.93
4001.90000 368.84
4002.00000 376.91
4002.10000 367.30
4002.20000 374.66
4002.30000 378.28
4002.40000 377.57
4002.50000 378.90
4002.60000 381.25
4002.70000 378.04
4002.80000 375.88
4002.90000 376.20
4003.00000 381.77
4003.10000 383.55
4003.20000 377.73
4003.30000 375.01
4003.40000 374.63
4003.50000 382.56
4003.60000 372.80
4003.70000 373.95
4003.80000 375.41
4003.90000 379.24
4004.00000 390.33
4004.10000 393.39
4004.20000 372.96
4004.30000 377.69
4004.40000 386.06
4004.50000 378.39
4004.60000 375.58
4004.70000 373.63
4004.80000 376.14
4004.90000 374.29
4005.00000 383.76
4005.10000 379.71
4005.20000 381.63
4005.30000 376.24
4005.40000 378.35
4005.50000 377.54
4005.60000 374.89
4005.70000 376.38
4005.80000 366.62
4005.90000 368.37
4006.00000 369.80
4006.10000 373.07
4006.20000 371.07
4006.30000 375.73
4006.40000 371.97
4006.50000 366.62
4006.60000 374.51
4006.70000 371.49
4006.80000 374.25
4006.90000 377.11
4007.00000 365.39
4007.10000 372.63
4007.20000 366.44
4007.30000 371.48
4007.40000 366.51
4007.50000 370.12
4007.60000 376.98
4007.70000 377.72
4007.80000 371.03
4007.90000 369.69
4008.00000 371.04
4008.10000 371.22
4008.20000 368.76
4008.30000 373.51
4008.40000 369.40
4008.50000 373.50
4008.60000 368.56
4008.70000 363.41
4008.80000 362.81
4008.90000 363.16
4009.00000 378.14
4009.10000 362.96
4009.20000 376.80
4009.30000 365.11
4009.40000 366.57
4009.50000 372.92
4009.60000 369.23
4009.70000 368.73
4009.80000 373.71
4009.90000 374.36
4010.00000 372.02
4010.10000 371.92
4010.20000 370.85
4010.30000 369.35
4010.40000 376.93
4010.50000 376.64
4010.60000 370.53
4010.70000 373.07
4010.80000 369.02
4010.90000 371.75
4011.00000 370.91
4011.10000 388.36
4011.20000 381.65
4011.30000 373.30
4011.40000 373.64
4011.50000 373.87
4011.60000 379.96
4011.70000 376.72
4011.80000 376.98
4011.90000 381.01
4012.00000 381.63
4012.10000 385.73
4012.20000 382.48
4012.30000 388.88
4012.40000 379.15
4012.50000 388.49
4012.60000 377.36
4012.70000 387.21
4012.80000 385.49
4012.90000 388.38
4013.00000 381.48
4013.10000 387.50
4013.20000 383.55
4013.30000 390.15
4013.40000 386.58
4013.50000 389.19
4013.60000 390.95
4013.70000 397.24
4013.80000 387.98
4013.90000 385.55
4014.00000 398.15
4014.10000 395.92
4014.20000 394.54
4014.30000 404.96
4014.40000 398.17
4014.50000 392.41
4014.60000 394.69
4014.70000 389.40
4014.80000 400.38
4014.90000 403.03
4015.00000 391.82
4015.10000 397.93
4015.20000 394.24
4015.30000 397.51
4015.40000 398.10
4015.50000 396.70
4015.60000 397.91
4015.70000 401.51
4015.80000 403.43
4015.90000 388.79
4016.00000 403.99
4016.10000 395.08
4016.20000 396.61
4016.30000 397.74
4016.40000 403.90
4016.50000 400.62
4016.60000 401.41
4016.70000 398.30
4016.80000 395.88
4016.90000 405.01
4017.00000 401.19
4017.10000 402.61
4017.20000 400.99
4017.30000 402.13
4017.40000 402.77
4017.50000 399.18
4017.60000 405.51
4017.70000 404.38
4017.80000 407.26
4017.90000 402.96
4018.00000 407.84
4018.10000 403.57
4018.20000 401.17
4018.30000 409.31
4018.40000 396.84
4018.50000 404.47
4018.60000 397.39
4018.70000 399.25
4018.80000 401.45
4018.90000 402.23
4019.00000 398.99
4019.10000 403.02
4019.20000 400.19
4019.30000 391.42
4019.40000 408.40
4019.50000 402.17
4019.60000 396.47
4019.70000 399.06
4019.80000 403.84
4019.90000 402.12
4020.00000 401.91
4020.10000 393.36
4020.20000 400.62
4020.30000 403.24
4020.40000 390.85
4020.50000 395.14
4020.60000 406.73
4020.70000 404.81
4020.80000 408.87
4020.90000 398.77
4021.00000 403.17
4021.10000 404.57
4021.20000 401.15
4021.30000 393.56
4021.40000 396.04
4021.50000 405.07
4021.60000 400.68
4021.70000 391.10
4021.80000 400.03
4021.90000 395.10
4022.00000 389.27
4022.10000 395.88
4022.20000 400.55
4022.30000 415.61
4022.40000 405.85
4022.50000 395.44
4022.60000 400.92
4022.70000 399.25
4022.80000 387.06
4022.90000 394.85
4023.00000 394.58
4023.10000 394.43
4023.20000 398.13
4023.30000 404.19
4023.40000 399.67
4023.50000 395.51
4023.60000 399.81
4023.70000 390.64
4023.80000 396.06
4023.90000 390.30
4024.00000 390.47
4024.10000 387.57
4024.20000 395.89
4024.30000 392.51
4024.40000 388.02
4024.50000 383.78
4024.60000 384.97
4024.70000 385.06
4024.80000 385.35
4024.90000 389.88
4025.00000 381.57
4025.10000 393.12
4025.20000 392.48
4025.30000 390.20
4025.40000 383.22
4025.50000 387.89
4025.60000 385.29
4025.70000 381.50
4025.80000 391.60
4025.90000 395.69
4026.00000 381.67
4026.10000 384.52
4026.20000 384.54
4026.30000 388.51
4026.40000 383.35
4026.50000 389.05
4026.60000 386.63
4026.70000 389.76
4026.80000 393.74
4026.90000 396.77
4027.00000 384.18
4027.10000 396.44
4027.20000 399.67
4027.30000 395.11
4027.40000 394.29
4027.50000 395.76
4027.60000 397.12
4027.70000 392.36
4027.80000 390.37
4027.90000 395.64
4028.00000 399.92
4028.10000 396.67
4028.20000 404.14
4028.30000 398.78
4028.40000 393.97
4028.50000 390.35
4028.60000 394.67
4028.70000 406.38
4028.80000 412.80
4028.90000 399.79
4029.00000 401.01
4029.10000 406.01
4029.20000 397.30
4029.30000 398.98
4029.40000 411.07
4029.50000 415.04
4029.60000 417.41
4029.70000 405.15
4029.80000 412.79
4029.90000 408.03
4030.00000 418.28
4030.10000 405.41
4030.20000 403.38
4030.30000 412.19
4030.40000 424.91
4030.50000 419.01
4030.60000 412.74
4030.70000 419.02
4030.80000 404.74
4030.90000 416.33
4031.00000 421.89
4031.10000 413.29
4031.20000 419.71
4031.30000 414.30
4031.40000 411.31
4031.50000 413.09
4031.60000 416.07
4031.70000 419.18
4031.80000 410.54
4031.90000 428.47
4032.00000 426.06
4032.10000 415.60
4032.20000 424.39
4032.30000 422.99
4032.40000 424.02
4032.50000 419.37
4032.60000 418.92
4032.70000 427.01
4032.80000 428.29
4032.90000 426.69
4033.00000 434.34
4033.10000 420.52
4033.20000 432.97
4033.30000 427.34
4033.40000 425.37
4033.50000 421.77
4033.60000 433.65
4033.70000 430.03
4033.80000 430.73
4033.90000 426.26
4034.00000 432.76
4034.10000 423.17
4034.20000 433.71
4034.30000 437.11
4034.40000 427.75
4034.50000 428.24
4034.60000 428.32
4034.70000 434.49
4034.80000 427.49
4034.90000 432.45
4035.00000 431.49
4035.10000 426.94
4035.20000 425.02
4035.30000 429.63
4035.40000 417.66
4035.50000 426.19
4035.60000 432.75
4035.70000 430.62
4035.80000 427.71
4035.90000 424.62
4036.00000 428.46
4036.10000 427.46
4036.20000 424.80
4036.30000 431.40
4036.40000 426.24
4036.50000 423.99
4036.60000 434.60
4036.70000 422.97
4036.80000 428.98
4036.90000 433.05
4037.00000 426.56
4037.10000 423.73
4037.20000 433.57
4037.30000 433.15
4037.40000 436.94
4037.50000 431.35
4037.60000 434.90
4037.70000 424.79
4037.80000 432.70
4037.90000 433.94
4038.00000 435.41
4038.10000 425.66
4038.20000 424.35
4038.30000 426.07
4038.40000 428.79
4038.50000 433.06
4038.60000 432.23
4038.70000 427.94
4038.80000 431.82
4038.90000 421.38
4039.00000 431.07
4039.10000 421.84
4039.20000 427.36
4039.30000 427.35
4039.40000 430.47
4039.50000 431.79
4039.60000 434.59
4039.70000 432.99
4039.80000 433.93
4039.90000 428.84
4040.00000 436.90
4040.10000 428.27
4040.20000 430.80
4040.30000 423.75
4040.40000 435.45
4040.50000 445.36
4040.60000 424.13
4040.70000 428.29
4040.80000 430.86
4040.90000 434.37
4041.00000 436.56
4041.10000 425.23
4041.20000 431.68
4041.30000 424.21
4041.40000 434.75
4041.50000 439.13
4041.60000 426.51
4041.70000 443.54
4041.80000 431.97
4041.90000 429.81
4042.00000 432.65
4042.10000 426.57
4042.20000 430.22
4042.30000 433.81
4042.40000 437.31
4042.50000 429.15
4042.60000 430.19
4042.70000 434.32
4042.80000 433.76
4042.90000 435.97
4043.00000 431.45
4043.10000 430.93
4043.20000 432.57
4043.30000 437.61
4043.40000 440.16
4043.50000 431.03
4043.60000 434.12
4043.70000 434.66
4043.80000 432.47
4043.90000 432.86
4044.00000 436.51
4044.10000 433.55
4044.20000 437.43
4044.30000 436.33
4044.40000 444.10
4044.50000 428.13
4044.60000 439.66
4044.70000 437.23
4044.80000 435.96
4044.90000 433.77
4045.00000 440.92
4045.10000 439.96
4045.20000 433.96
4045.30000 433.41
4045.40000 444.79
4045.50000 435.69
4045.60000 440.63
4045.70000 437.66
4045.80000 442.52
4045.90000 439.00
4046.00000 432.53
4046.10000 435.37
4046.20000 431.92
4046.30000 443.31
4046.40000 442.72
4046.50000 445.21
4046.60000 444.36
4046.70000 451.77
4046.80000 444.74
4046.90000 446.85
4047.00000 446.60
4047.10000 451.27
4047.20000 446.72
4047.30000 451.40
4047.40000 447.34
4047.50000 442.51
4047.60000 442.26
4047.70000 434.28
4047.80000 451.34
4047.90000 443.47
4048.00000 445.83
4048.10000 450.72
4048.20000 446.10
4048.30000 443.44
4048.40000 444.78
4048.50000 450.05
4048.60000 453.63
4048.70000 446.35
4048.80000 443.16
4048.90000 442.78
4049.00000 451.04
4049.10000 449.06
4049.20000 445.94
4049.30000 448.31
4049.40000 439.74
4049.50000 447.04
4049.60000 441.91
4049.70000 459.13
4049.80000 448.40
4049.90000 447.25
4050.00000 455.51
4050.10000 449.20
4050.20000 450.66
4050.30000 447.94
4050.40000 453.42
4050.50000 449.75
4050.60000 448.89
4050.70000 449.55
4050.80000 449.86
4050.90000 448.21
4051.00000 452.76
4051.10000 458.20
4051.20000 461.27
4051.30000 450.70
4051.40000 461.77
4051.50000 464.29
4051.60000 449.91
4051.70000 458.73
4051.80000 456.89
4051.90000 452.31
4052.00000 457.54
4052.10000 450.17
4052.20000 458.12
4052.30000 458.82
4052.40000 457.99
4052.50000 455.54
4052.60000 464.69
4052.70000 451.43
4052.80000 456.85
4052.90000 453.86
4053.00000 454.38
4053.10000 450.66
4053.20000 460.95
4053.30000 460.21
4053.40000 453.12
4053.50000 454.28
4053.60000 466.33
4053.70000 454.58
4053.80000 461.60
4053.90000 457.34
4054.00000 460.57
4054.10000 460.76
4054.20000 464.47
4054.30000 455.37
4054.40000 459.55
4054.50000 462.66
4054.60000 461.01
4054.70000 462.74
4054.80000 466.54
4054.90000 464.57
4055.00000 463.32
4055.10000 462.58
4055.20000 463.29
4055.30000 463.34
4055.40000 460.41
4055.50000 459.71
4055.60000 457.50
4055.70000 453.74
4055.80000 460.72
4055.90000 456.02
4056.00000 459.67
4056.10000 458.21
4056.20000 469.44
4056.30000 461.72
4056.40000 458.60
4056.50000 458.17
4056.60000 462.87
4056.70000 454.09
4056.80000 470.99
4056.90000 462.74
4057.00000 459.78
4057.10000 459.45
4057.20000 460.59
4057.30000 464.15
4057.40000 465.23
4057.50000 461.59
4057.60000 455.53
4057.70000 455.88
4057.80000 452.31
4057.90000 462.26
4058.00000 455.34
4058.10000 460.76
4058.20000 460.40
4058.30000 455.29
4058.40000 460.75
4058.50000 453.84
4058.60000 465.06
4058.70000 452.31
4058.80000 463.40
4058.90000 463.74
4059.00000 456.41
4059.10000 453.98
4059.20000 457.62
4059.30000 465.60
4059.40000 464.90
4059.50000 453.90
4059.60000 471.31
4059.70000 459.72
4059.80000 458.38
4059.90000 454.17
4060.00000 455.86
4060.10000 453.20
4060.20000 450.85
4060.30000 458.20
4060.40000 463.38
4060.50000 462.40
4060.60000 455.86
4060.70000 453.69
4060.80000 460.75
4060.90000 451.42
4061.00000 459.53
4061.10000 459.30
4061.20000 456.11
4061.30000 459.66
4061.40000 461.55
4061.50000 475.79
4061.60000 464.12
4061.70000 455.47
4061.80000 459.43
4061.90000 458.93
4062.00000 463.98
4062.10000 457.49
4062.20000 466.87
4062.30000 454.87
4062.40000 452.40
4062.50000 466.62
4062.60000 462.82
4062.70000 471.62
4062.80000 466.66
4062.90000 460.05
4063.00000 460.83
4063.10000 459.01
4063.20000 454.64
4063.30000 452.94
4063.40000 463.26
4063.50000 450.03
4063.60000 464.68
4063.70000 463.89
4063.80000 465.27
4063.90000 462.23
4064.00000 463.01
4064.10000 455.36
4064.20000 469.11
4064.30000 462.28
4064.40000 470.21
4064.50000 469.13
4064.60000 468.79
4064.70000 473.31
4064.80000 471.26
4064.90000 459.84
4065.00000 467.78
4065.10000 469.29
4065.20000 461.46
4065.30000 464.98
4065.40000 469.32
4065.50000 473.95
4065.60000 466.35
4065.70000 471.37
4065.80000 477.22
4065.90000 473.75
4066.00000 463.52
4066.10000 465.95
4066.20000 467.78
4066.30000 468.59
4066.40000 463.84
4066.50000 468.01
4066.60000 467.12
4066.70000 465.33
4066.80000 468.45
4066.90000 453.89
4067.00000 461.38
4067.10000 464.93
4067.20000 462.72
4067.30000 458.71
4067.40000 467.47
4067.50000 456.33
4067.60000 463.88
4067.70000 445.70
4067.80000 468.39
4067.90000 458.28
4068.00000 453.23
4068.10000 455.04
4068.20000 453.63
4068.30000 460.70
4068.40000 456.13
4068.50000 463.64
4068.60000 451.07
4068.70000 456.30
4068.80000 465.14
4068.90000 454.16
4069.00000 454.33
4069.10000 462.86
4069.20000 455.16
4069.30000 460.03
4069.40000 460.79
4069.50000 457.62
4069.60000 454.57
4069.70000 457.35
4069.80000 470.53
4069.90000 467.31
4070.00000 449.87
4070.10000 452.79
4070.20000 459.53
4070.30000 455.79
4070.40000 462.17
4070.50000 464.27
4070.60000 448.70
4070.70000 455.45
4070.80000 463.06
4070.90000 462.17
4071.00000 454.46
4071.10000 450.58
4071.20000 460.21
4071.30000 443.89
4071.40000 457.68
4071.50000 463.28
4071.60000 453.99
4071.70000 452.42
4071.80000 447.18
4071.90000 448.75
4072.00000 474.30
4072.10000 455.21
4072.20000 450.96
4072.30000 452.39
4072.40000 451.76
4072.50000 450.70
4072.60000 444.90
4072.70000 454.31
4072.80000 450.55
4072.90000 455.97
4073.00000 457.46
4073.10000 445.74
4073.20000 453.05
4073.30000 449.37
4073.40000 445.41
4073.50000 458.59
4073.60000 450.37
4073.70000 448.74
4073.80000 448.27
4073.90000 454.40
4074.00000 447.80
4074.10000 458.68
4074.20000 451.90
4074.30000 458.99
4074.40000 452.55
4074.50000 449.64
4074.60000 458.45
4074.70000 463.55
4074.80000 462.46
4074.90000 451.56
4075.00000 462.69
4075.10000 459.63
4075.20000 463.21
4075.30000 462.88
4075.40000 461.00
4075.50000 464.29
4075.60000 457.15
4075.70000 457.64
4075.80000 461.80
4075.90000 461.62
4076.00000 460.25
4076.10000 467.30
4076.20000 457.69
4076.30000 453.29
4076.40000 468.35
4076.50000 461.47
4076.60000 459.41
4076.70000 469.57
4076.80000 455.99
4076.90000 453.30
4077.00000 451.21
4077.10000 467.35
4077.20000 452.08
4077.30000 460.32
4077.40000 464.06
4077.50000 476.70
4077.60000 474.33
4077.70000 461.35
4077.80000 470.71
4077.90000 475.38
4078.00000 466.89
4078.10000 467.67
4078.20000 472.57
4078.30000 477.67
4078.40000 471.17
4078.50000 487.08
4078.60000 469.93
4078.70000 470.85
4078.80000 468.68
4078.90000 467.08
4079.00000 462.49
4079.10000 478.39
4079.20000 468.88
4079.30000 474.51
4079.40000 471.94
4079.50000 471.35
4079.60000 524.47
4079.70000 469.97
4079.80000 475.19
4079.90000 478.60
4080.00000 482.04
4080.10000 472.72
4080.20000 474.04
4080.30000 470.01
4080.40000 472.92
4080.50000 478.08
4080.60000 473.95
4080.70000 474.98
4080.80000 476.08
4080.90000 477.80
4081.00000 482.19
4081.10000 483.78
4081.20000 472.53
4081.30000 477.37
4081.40000 481.52
4081.50000 477.37
4081.60000 485.30
4081.70000 478.99
4081.80000 469.96
4081.90000 484.15
4082.00000 482.31
4082.10000 473.85
4082.20000 475.18
4082.30000 482.67
4082.40000 463.71
4082.50000 480.68
4082.60000 485.66
4082.70000 477.16
4082.80000 477.97
4082.90000 479.41
4083.00000 472.60
4083.10000 477.66
4083.20000 483.87
4083.30000 475.40
4083.40000 480.97
4083.50000 476.61
4083.60000 475.68
4083.70000 476.22
4083.80000 477.06
4083.90000 485.07
4084.00000 476.21
4084.10000 474.94
4084.20000 494.53
4084.30000 481.60
4084.40000 474.93
4084.50000 469.43
4084.60000 474.13
4084.70000 484.82
4084.80000 484.81
4084.90000 483.26
4085.00000 473.93
4085.10000 479.63
4085.20000 483.45
4085.30000 470.56
4085.40000 478.93
4085.50000 466.08
4085.60000 474.14
4085.70000 471.40
4085.80000 474.33
4085.90000 482.40
4086.00000 475.86
4086.10000 478.29
4086.20000 477.29
4086.30000 472.36
4086.40000 479.73
4086.50000 471.40
4086.60000 464.33
4086.70000 476.99
4086.80000 472.10
4086.90000 467.55
4087.00000 467.36
4087.10000 470.26
4087.20000 476.09
4087.30000 472.01
4087.40000 465.12
4087.50000 473.37
4087.60000 475.97
4087.70000 469.53
4087.80000 462.92
4087.90000 468.00
4088.00000 467.05
4088.10000 478.41
4088.20000 479.84
4088.30000 473.23
4088.40000 468.18
4088.50000 467.46
4088.60000 468.94
4088.70000 478.97
4088.80000 477.54
4088.90000 477.08
4089.00000 469.20
4089.10000 473.17
4089.20000 473.42
4089.30000 472.08
4089.40000 467.32
4089.50000 485.45
4089.60000 470.74
4089.70000 468.54
4089.80000 464.08
4089.90000 475.98
4090.00000 464.88
4090.10000 477.51
4090.20000 464.68
4090.30000 475.12
4090.40000 471.60
4090.50000 477.20
4090.60000 467.85
4090.70000 469.64
4090.80000 468.03
4090.90000 471.30
4091.00000 474.48
4091.10000 474.87
4091.20000 467.44
4091.30000 477.05
4091.40000 474.74
4091.50000 475.26
4091.60000 465.66
4091.70000 471.11
4091.80000 473.32
4091.90000 474.70
4092.00000 468.05
4092.10000 479.11
4092.20000 476.40
4092.30000 477.23
4092.40000 469.82
4092.50000 479.92
4092.60000 477.77
4092.70000 477.04
4092.80000 477.32
4092.90000 477.05
4093.00000 466.89
4093.10000 467.30
4093.20000 466.12
4093.30000 478.09
4093.40000 478.90
4093.50000 477.58
4093.60000 476.93
4093.70000 478.21
4093.80000 482.01
4093.90000 471.93
4094.00000 479.00
4094.10000 482.61
4094.20000 479.63
4094.30000 476.91
4094.40000 477.39
4094.50000 473.09
4094.60000 473.51
4094.70000 467.69
4094.80000 474.89
4094.90000 477.42
4095.00000 471.38
4095.10000 474.39
4095.20000 471.33
4095.30000 479.59
4095.40000 469.57
4095.50000 472.99
4095.60000 469.71
4095.70000 473.88
4095.80000 474.41
4095.90000 467.23
4096.00000 472.56
4096.10000 469.10
4096.20000 460.68
4096.30000 466.12
4096.40000 463.99
4096.50000 460.05
4096.60000 462.99
4096.70000 463.70
4096.80000 464.84
4096.90000 461.49
4097.00000 467.98
4097.10000 452.15
4097.20000 453.98
4097.30000 455.46
4097.40000 450.36
4097.50000 452.78
4097.60000 448.67
4097.70000 450.08
4097.80000 448.98
4097.90000 456.49
4098.00000 451.07
4098.10000 453.23
4098.20000 453.05
4098.30000 453.70
4098.40000 452.63
4098.50000 445.96
4098.60000 443.86
4098.70000 455.42
4098.80000 448.34
4098.90000 457.56
4099.00000 451.35
4099.10000 460.80
4099.20000 456.08
4099.30000 459.01
4099.40000 455.61
4099.50000 463.22
4099.60000 469.43
4099.70000 462.00
4099.80000 468.36
4099.90000 473.77
4100.00000 479.64
4100.10000 483.68
4100.20000 480.24
4100.30000 487.08
4100.40000 497.67
4100.50000 504.96
4100.60000 514.54
4100.70000 513.37
4100.80000 510.93
4100.90000 509.63
4101.00000 512.74
4101.10000 507.62
4101.20000 507.86
4101.30000 505.30
4101.40000 502.25
4101.50000 494.96
4101.60000 478.32
4101.70000 480.30
4101.80000 484.85
4101.90000 484.00
4102.00000 482.31
4102.10000 479.15
4102.20000 483.85
4102.30000 483.84
4102.40000 482.48
4102.50000 493.36
4102.60000 483.74
4102.70000 475.72
4102.80000 481.58
4102.90000 485.29
4103.00000 486.93
4103.10000 484.86
4103.20000 485.00
4103.30000 492.75
4103.40000 496.16
4103.50000 501.47
4103.60000 504.62
4103.70000 500.29
4103.80000 498.71
4103.90000 501.02
4104.00000 507.56
4104.10000 508.39
4104.20000 487.08
4104.30000 485.31
4104.40000 481.23
4104.50000 483.94
4104.60000 478.38
4104.70000 479.77
4104.80000 466.53
4104.90000 469.72
4105.00000 468.78
4105.10000 473.89
4105.20000 473.28
4105.30000 463.97
4105.40000 472.19
4105.50000 465.69
4105.60000 466.78
4105.70000 461.02
4105.80000 471.38
4105.90000 462.68
4106.00000 462.74
4106.10000 462.77
4106.20000 464.24
4106.30000 464.56
4106.40000 458.91
4106.50000 466.68
4106.60000 470.01
4106.70000 468.02
4106.80000 462.23
4106.90000 463.87
4107.00000 462.45
4107.10000 458.64
4107.20000 469.53
4107.30000 478.53
4107.40000 471.82
4107.50000 476.42
4107.60000 483.89
4107.70000 484.25
4107.80000 482.42
4107.90000 485.32
4108.00000 480.60
4108.10000 481.41
4108.20000 480.95
4108.30000 484.28
4108.40000 488.05
4108.50000 486.18
4108.60000 488.26
4108.70000 484.15
4108.80000 480.57
4108.90000 495.24
4109.00000 489.32
4109.10000 501.79
4109.20000 497.06
4109.30000 492.85
4109.40000 495.62
4109.50000 497.60
4109.60000 498.59
4109.70000 489.52
4109.80000 495.57
4109.90000 492.13
4110.00000 497.02
4110.10000 498.67
4110.20000 499.74
4110.30000 498.52
4110.40000 496.53
4110.50000 500.27
4110.60000 515.11
4110.70000 504.21
4110.80000 511.66
4110.90000 501.94
4111.00000 505.79
4111.10000 513.13
4111.20000 508.54
4111.30000 502.51
4111.40000 496.72
4111.50000 504.08
4111.60000 512.46
4111.70000 503.45
4111.80000 501.54
4111.90000 507.04
4112.00000 501.33
4112.10000 508.04
4112.20000 509.77
4112.30000 484.23
4112.40000 502.89
4112.50000 508.11
4112.60000 507.53
4112.70000 497.11
4112.80000 512.43
4112.90000 506.84
4113.00000 498.66
4113.10000 504.66
4113.20000 501.43
4113.30000 501.49
4113.40000 507.23
4113.50000 505.42
4113.60000 503.44
4113.70000 503.07
4113.80000 501.29
4113.90000 505.75
4114.00000 513.86
4114.10000 502.86
4114.20000 495.96
4114.30000 507.69
4114.40000 493.21
4114.50000 500.90
4114.60000 512.72
4114.70000 493.65
4114.80000 500.85
4114.90000 494.11
4115.00000 506.48
4115.10000 502.47
4115.20000 501.08
4115.30000 488.67
4115.40000 501.97
4115.50000 498.78
4115.60000 500.33
4115.70000 500.27
4115.80000 499.29
4115.90000 497.75
4116.00000 498.50
4116.10000 502.96
4116.20000 503.34
4116.30000 493.62
4116.40000 497.69
4116.50000 499.47
4116.60000 495.65
4116.70000 494.65
4116.80000 500.09
4116.90000 489.85
4117.00000 500.49
4117.10000 498.39
4117.20000 493.05
4117.30000 495.02
4117.40000 492.90
4117.50000 504.41
4117.60000 492.68
4117.70000 501.01
4117.80000 498.71
4117.90000 507.85
4118.00000 493.44
4118.10000 489.81
4118.20000 493.44
4118.30000 503.93
4118.40000 490.31
4118.50000 502.33
4118.60000 493.00
4118.70000 495.58
4118.80000 500.33
4118.90000 497.63
4119.00000 492.56
4119.10000 493.81
4119.20000 504.17
4119.30000 499.08
4119.40000 499.03
4119.50000 503.03
4119.60000 501.41
4119.70000 499.10
4119.80000 490.14
4119.90000 505.18
4120.00000 497.95
4120.10000 497.50
4120.20000 501.79
4120.30000 490.21
4120.40000 501.29
4120.50000 511.09
4120.60000 500.56
4120.70000 512.45
4120.80000 500.79
4120.90000 511.41
4121.00000 491.68
4121.10000 505.49
4121.20000 510.37
4121.30000 513.52
4121.40000 525.37
4121.50000 521.38
4121.60000 518.37
4121.70000 518.59
4121.80000 509.63
4121.90000 512.50
4122.00000 515.53
4122.10000 509.98
4122.20000 517.96
4122.30000 524.88
4122.40000 519.45
4122.50000 512.20
4122.60000 523.91
4122.70000 508.67
4122.80000 520.80
4122.90000 521.98
4123.00000 516.75
4123.10000 516.70
4123.20000 519.38
4123.30000 515.87
4123.40000 513.77
4123.50000 520.79
4123.60000 520.72
4123.70000 522.92
4123.80000 522.50
4123.90000 511.82
4124.00000 528.03
4124.10000 529.64
4124.20000 527.64
4124.30000 538.31
4124.40000 521.40
4124.50000 526.31
4124.60000 534.90
4124.70000 534.37
4124.80000 520.64
4124.90000 529.07
4125.00000 533.97
4125.10000 535.12
4125.20000 543.44
4125.30000 538.42
4125.40000 549.07
4125.50000 539.94
4125.60000 539.63
4125.70000 548.71
4125.80000 551.28
4125.90000 546.55
4126.00000 538.53
4126.10000 547.98
4126.20000 542.65
4126.30000 532.20
4126.40000 553.17
4126.50000 543.22
4126.60000 542.76
4126.70000 554.00
4126.80000 553.34
4126.90000 546.67
4127.00000 550.82
4127.10000 549.32
4127.20000 552.46
4127.30000 568.82
4127.40000 551.31
4127.50000 544.14
4127.60000 556.37
4127.70000 550.71
4127.80000 544.83
4127.90000 542.08
4128.00000 552.64
4128.10000 551.80
4128.20000 547.66
4128.30000 547.16
4128.40000 551.95
4128.50000 542.27
4128.60000 549.94
4128.70000 552.62
4128.80000 532.04
4128.90000 544.99
4129.00000 551.45
4129.10000 550.84
4129.20000 545.06
4129.30000 544.80
4129.40000 547.67
4129.50000 539.58
4129.60000 545.63
4129.70000 553.01
4129.80000 546.92
4129.90000 551.85
4130.00000 555.57
4130.10000 556.73
4130.20000 553.02
4130.30000 556.53
4130.40000 550.11
4130.50000 554.67
4130.60000 548.21
4130.70000 557.92
4130.80000 553.73
4130.90000 557.50
4131.00000 553.12
4131.10000 545.15
4131.20000 558.88
4131.30000 548.90
4131.40000 545.88
4131.50000 549.48
4131.60000 543.39
4131.70000 538.17
4131.80000 547.16
4131.90000 545.36
4132.00000 543.04
4132.10000 543.76
4132.20000 548.33
4132.30000 550.44
4132.40000 532.97
4132.50000 539.20
4132.60000 546.23
4132.70000 542.74
4132.80000 533.74
4132.90000 539.63
4133.00000 541.72
4133.10000 544.27
4133.20000 540.18
4133.30000 550.40
4133.40000 536.24
4133.50000 538.44
4133.60000 550.66
4133.70000 542.22
4133.80000 538.78
4133.90000 545.30
4134.00000 540.31
4134.10000 545.66
4134.20000 550.32
4134.30000 538.65
4134.40000 541.27
4134.50000 548.88
4134.60000 545.52
4134.70000 543.30
4134.80000 534.26
4134.90000 546.95
4135.00000 540.56
4135.10000 546.30
4135.20000 542.02
4135.30000 543.61
4135.40000 541.01
4135.50000 547.07
4135.60000 542.36
4135.70000 546.04
4135.80000 539.19
4135.90000 539.00
4136.00000 546.95
4136.10000 537.40
4136.20000 536.74
4136.30000 532.02
4136.40000 547.71
4136.50000 538.00
4136.60000 542.37
4136.70000 541.58
4136.80000 541.75
4136.90000 543.69
4137.00000 547.46
4137.10000 546.06
4137.20000 544.37
4137.30000 542.05
4137.40000 545.52
4137.50000 547.47
4137.60000 539.86
4137.70000 542.96
4137.80000 539.14
4137.90000 543.28
4138.00000 547.97
4138.10000 545.32
4138.20000 556.00
4138.30000 543.55
4138.40000 543.07
4138.50000 536.62
4138.60000 533.72
4138.70000 539.56
4138.80000 540.13
4138.90000 541.38
4139.00000 544.76
4139.10000 530.17
4139.20000 534.12
4139.30000 531.38
4139.40000 540.12
4139.50000 532.47
4139.60000 542.07
4139.70000 538.88
4139.80000 530.66
4139.90000 536.65
4140.00000 535.38
4140.10000 534.33
4140.20000 533.67
4140.30000 538.57
4140.40000 542.56
4140.50000 540.22
4140.60000 536.58
4140.70000 534.17
4140.80000 524.50
4140.90000 534.31
4141.00000 540.27
4141.10000 526.27
4141.20000 533.83
4141.30000 529.82
4141.40000 540.01
4141.50000 537.00
4141.60000 524.96
4141.70000 527.30
4141.80000 534.27
4141.90000 523.53
4142.00000 538.30
4142.10000 531.46
4142.20000 536.44
4142.30000 521.79
4142.40000 539.36
4142.50000 521.59
4142.60000 536.38
4142.70000 523.85
4142.80000 533.74
4142.90000 537.00
4143.00000 522.74
4143.10000 529.11
4143.20000 523.33
4143.30000 535.08
4143.40000 525.90
4143.50000 524.62
4143.60000 522.50
4143.70000 522.94
4143.80000 523.59
4143.90000 516.41
4144.00000 521.11
4144.10000 527.49
4144.20000 522.35
4144.30000 524.12
4144.40000 526.35
4144.50000 530.04
4144.60000 521.83
4144.70000 530.60
4144.80000 523.55
4144.90000 520.16
4145.00000 527.64
4145.10000 524.78
4145.20000 531.91
4145.30000 530.11
4145.40000 535.14
4145.50000 532.54
4145.60000 528.32
4145.70000 534.50
4145.80000 525.96
4145.90000 530.98
4146.00000 533.78
4146.10000 526.13
4146.20000 531.06
4146.30000 528.38
4146.40000 528.64
4146.50000 536.35
4146.60000 525.23
4146.70000 531.80
4146.80000 529.96
4146.90000 539.52
4147.00000 535.39
4147.10000 554.03
4147.20000 550.35
4147.30000 533.94
4147.40000 536.06
4147.50000 529.13
4147.60000 537.77
4147.70000 533.77
4147.80000 536.07
4147.90000 538.61
4148.00000 543.02
4148.10000 537.93
4148.20000 532.14
4148.30000 538.90
4148.40000 538.65
4148.50000 541.01
4148.60000 542.41
4148.70000 548.95
4148.80000 542.86
4148.90000 544.01
4149.00000 538.42
4149.10000 539.27
4149.20000 542.07
4149.30000 541.94
4149.40000 546.82
4149.50000 552.10
4149.60000 544.62
4149.70000 538.43
4149.80000 552.32
4149.90000 543.79
4150.00000 548.40
4150.10000 546.51
4150.20000 551.91
4150.30000 553.21
4150.40000 550.93
4150.50000 542.96
4150.60000 538.81
4150.70000 543.87
4150.80000 546.93
4150.90000 546.10
4151.00000 550.68
4151.10000 551.50
4151.20000 551.25
4151.30000 555.86
4151.40000 551.82
4151.50000 552.79
4151.60000 547.12
4151.70000 548.17
4151.80000 546.68
4151.90000 561.37
4152.00000 543.24
4152.10000 556.65
4152.20000 553.20
4152.30000 549.86
4152.40000 549.56
4152.50000 545.10
4152.60000 552.90
4152.70000 545.06
4152.80000 560.64
4152.90000 544.76
4153.00000 554.10
4153.10000 558.18
4153.20000 553.57
4153.30000 547.02
4153.40000 550.46
4153.50000 560.31
4153.60000 550.31
4153.70000 552.12
4153.80000 548.35
4153.90000 556.18
4154.00000 553.34
4154.10000 556.16
4154.20000 553.47
4154.30000 553.11
4154.40000 561.83
4154.50000 567.30
4154.60000 560.86
4154.70000 553.79
4154.80000 556.42
4154.90000 548.98
4155.00000 558.07
4155.10000 559.72
4155.20000 547.88
4155.30000 571.35
4155.40000 547.91
4155.50000 552.46
4155.60000 550.06
4155.70000 549.57
4155.80000 562.73
4155.90000 557.27
4156.00000 564.96
4156.10000 549.93
4156.20000 562.52
4156.30000 550.15
4156.40000 560.53
4156.50000 555.47
4156.60000 552.34
4156.70000 563.30
4156.80000 558.44
4156.90000 556.27
4157.00000 559.48
4157.10000 558.65
4157.20000 565.51
4157.30000 571.63
4157.40000 565.73
4157.50000 556.21
4157.60000 554.17
4157.70000 556.56
4157.80000 559.49
4157.90000 554.15
4158.00000 563.74
4158.10000 561.02
4158.20000 566.70
4158.30000 566.48
4158.40000 562.29
4158.50000 564.14
4158.60000 565.77
4158.70000 564.16
4158.80000 569.91
4158.90000 568.22
4159.00000 559.66
4159.10000 557.13
4159.20000 562.24
4159.30000 573.64
4159.40000 571.74
4159.50000 564.16
4159.60000 565.53
4159.70000 575.02
4159.80000 571.89
4159.90000 562.32
4160.00000 570.93
4160.10000 578.91
4160.20000 559.93
4160.30000 562.41
4160.40000 569.44
4160.50000 561.65
4160.60000 564.50
4160.70000 561.93
4160.80000 564.14
4160.90000 568.12
4161.00000 571.34
4161.10000 557.35
4161.20000 565.88
4161.30000 564.24
4161.40000 570.81
4161.50000 574.49
4161.60000 569.69
4161.70000 574.47
4161.80000 573.37
4161.90000 562.65
4162.00000 571.67
4162.10000 565.49
4162.20000 569.20
4162.30000 573.92
4162.40000 560.39
4162.50000 575.48
4162.60000 579.09
4162.70000 560.77
4162.80000 564.41
4162.90000 563.45
4163.00000 568.05
4163.10000 565.57
4163.20000 568.01
4163.30000 565.74
4163.40000 561.47
4163.50000 573.05
4163.60000 574.68
4163.70000 570.04
4163.80000 564.07
4163.90000 570.11
4164.00000 570.80
4164.10000 561.45
4164.20000 564.99
4164.30000 572.52
4164.40000 564.43
4164.50000 564.47
4164.60000 568.72
4164.70000 565.67
4164.80000 565.46
4164.90000 569.41
4165.00000 566.09
4165.10000 575.56
4165.20000 554.53
4165.30000 568.52
4165.40000 565.42
4165.50000 568.63
4165.60000 568.18
4165.70000 562.03
4165.80000 566.42
4165.90000 570.36
4166.00000 575.47
4166.10000 574.33
4166.20000 562.98
4166.30000 565.08
4166.40000 563.70
4166.50000 561.39
4166.60000 560.69
4166.70000 561.20
4166.80000 567.54
4166.90000 559.62
4167.00000 555.50
4167.10000 570.13
4167.20000 570.51
4167.30000 572.00
4167.40000 563.06
4167.50000 562.40
4167.60000 568.10
4167.70000 560.35
4167.80000 560.76
4167.90000 564.98
4168.00000 566.56
4168.10000 570.16
4168.20000 557.90
4168.30000 564.73
4168.40000 562.93
4168.50000 572.40
4168.60000 574.10
4168.70000 578.13
4168.80000 566.92
4168.90000 569.71
4169.00000 562.71
4169.10000 566.68
4169.20000 574.12
4169.30000 561.10
4169.40000 570.96
4169.50000 576.10
4169.60000 567.29
4169.70000 579.81
4169.80000 572.97
4169.90000 580.97
4170.00000 582.32
4170.10000 573.40
4170.20000 573.54
4170.30000 586.80
4170.40000 579.70
4170.50000 582.93
4170.60000 575.41
4170.70000 573.60
4170.80000 570.39
4170.90000 587.41
4171.00000 585.60
4171.10000 583.89
4171.20000 582.13
4171.30000 569.39
4171.40000 585.31
4171.50000 588.74
4171.60000 599.92
4171.70000 588.83
4171.80000 592.61
4171.90000 592.93
4172.00000 598.62
4172.10000 604.67
4172.20000 589.27
4172.30000 608.15
4172.40000 597.50
4172.50000 593.58
4172.60000 608.82
4172.70000 610.60
4172.80000 600.53
4172.90000 588.87
4173.00000 592.91
4173.10000 590.19
4173.20000 598.11
4173.30000 588.01
4173.40000 590.97
4173.50000 585.42
4173.60000 579.39
4173.70000 585.43
4173.80000 589.18
4173.90000 591.34
4174.00000 590.18
4174.10000 582.92
4174.20000 593.66
4174.30000 601.24
4174.40000 593.27
4174.50000 597.44
4174.60000 596.20
4174.70000 591.36
4174.80000 598.44
4174.90000 603.92
4175.00000 608.78
4175.10000 596.83
4175.20000 606.75
4175.30000 595.85
4175.40000 614.62
4175.50000 611.58
4175.60000 596.42
4175.70000 601.13
4175.80000 600.32
4175.90000 600.86
4176.00000 612.97
4176.10000 617.87
4176.20000 598.11
4176.30000 605.37
4176.40000 602.38
4176.50000 614.18
4176.60000 607.77
4176.70000 604.76
4176.80000 612.66
4176.90000 606.68
4177.00000 608.26
4177.10000 599.66
4177.20000 599.79
4177.30000 596.73
4177.40000 602.92
4177.50000 604.68
4177.60000 603.46
4177.70000 605.23
4177.80000 615.30
4177.90000 611.46
4178.00000 614.39
4178.10000 613.47
4178.20000 593.74
4178.30000 597.94
4178.40000 594.08
4178.50000 600.66
4178.60000 596.83
4178.70000 595.49
4178.80000 600.55
4178.90000 603.50
4179.00000 598.09
4179.10000 587.81
4179.20000 594.03
4179.30000 595.67
4179.40000 596.79
4179.50000 598.84
4179.60000 713.14
4179.70000 611.95
4179.80000 596.26
4179.90000 597.99
4180.00000 600.96
4180.10000 594.27
4180.20000 598.46
4180.30000 603.77
4180.40000 603.47
4180.50000 608.36
4180.60000 601.13
4180.70000 594.95
4180.80000 600.50
4180.90000 599.63
4181.00000 601.34
4181.10000 605.27
4181.20000 596.42
4181.30000 593.19
4181.40000 603.40
4181.50000 608.25
4181.60000 600.50
4181.70000 598.69
4181.80000 593.23
4181.90000 584.47
4182.00000 592.35
4182.10000 591.24
4182.20000 607.13
4182.30000 598.32
4182.40000 600.04
4182.50000 587.51
4182.60000 585.50
4182.70000 592.35
4182.80000 591.66
4182.90000 592.31
4183.00000 600.63
4183.10000 579.26
4183.20000 587.07
4183.30000 582.36
4183.40000 591.20
4183.50000 576.57
4183.60000 584.70
4183.70000 582.09
4183.80000 580.44
4183.90000 578.86
4184.00000 584.13
4184.10000 579.96
4184.20000 582.13
4184.30000 578.41
4184.40000 579.73
4184.50000 576.47
4184.60000 584.35
4184.70000 585.23
4184.80000 583.02
4184.90000 589.89
4185.00000 590.23
4185.10000 585.01
4185.20000 582.86
4185.30000 581.58
4185.40000 580.12
4185.50000 585.65
4185.60000 577.49
4185.70000 585.37
4185.80000 586.64
4185.90000 583.73
4186.00000 583.38
4186.10000 584.69
4186.20000 582.22
4186.30000 572.17
4186.40000 595.25
4186.50000 581.22
4186.60000 580.78
4186.70000 579.47
4186.80000 578.82
4186.90000 580.56
4187.00000 580.69
4187.10000 578.90
4187.20000 581.61
4187.30000 584.05
4187.40000 582.35
4187.50000 579.85
4187.60000 573.20
4187.70000 582.81
4187.80000 574.76
4187.90000 573.15
4188.00000 575.42
4188.10000 582.12
4188.20000 587.32
4188.30000 579.18
4188.40000 574.34
4188.50000 571.75
4188.60000 573.66
4188.70000 580.98
4188.80000 578.17
4188.90000 588.53
4189.00000 579.37
4189.10000 581.19
4189.20000 575.75
4189.30000 587.98
4189.40000 580.88
4189.50000 581.14
4189.60000 584.47
4189.70000 582.23
4189.80000 574.15
4189.90000 582.10
4190.00000 584.92
4190.10000 580.97
4190.20000 591.26
4190.30000 577.26
4190.40000 584.91
4190.50000 580.99
4190.60000 584.27
4190.70000 585.14
4190.80000 571.26
4190.90000 586.79
4191.00000 578.29
4191.10000 586.49
4191.20000 584.34
4191.30000 583.55
4191.40000 572.71
4191.50000 589.50
4191.60000 573.50
4191.70000 586.83
4191.80000 586.29
4191.90000 578.33
4192.00000 581.35
4192.10000 589.87
4192.20000 587.98
4192.30000 579.73
4192.40000 575.99
4192.50000 582.98
4192.60000 594.80
4192.70000 584.39
4192.80000 587.59
4192.90000 592.40
4193.00000 583.58
4193.10000 588.89
4193.20000 588.87
4193.30000 586.36
4193.40000 588.61
4193.50000 580.45
4193.60000 588.56
4193.70000 583.99
4193.80000 581.85
4193.90000 586.23
4194.00000 595.78
4194.10000 639.41
4194.20000 588.13
4194.30000 593.35
4194.40000 584.40
4194.50000 583.35
4194.60000 586.87
4194.70000 584.40
4194.80000 581.76
4194.90000 596.28
4195.00000 590.79
4195.10000 594.19
4195.20000 585.22
4195.30000 584.80
4195.40000 582.69
4195.50000 580.49
4195.60000 595.21
4195.70000 592.40
4195.80000 584.58
4195.90000 581.94
4196.00000 595.01
4196.10000 591.85
4196.20000 577.33
4196.30000 586.85
4196.40000 587.71
4196.50000 599.36
4196.60000 582.80
4196.70000 588.65
4196.80000 593.40
4196.90000 588.95
4197.00000 592.76
4197.10000 597.69
4197.20000 599.57
4197.30000 594.62
4197.40000 606.28
4197.50000 593.26
4197.60000 589.10
4197.70000 589.69
4197.80000 592.70
4197.90000 591.90
4198.00000 587.92
4198.10000 588.03
4198.20000 586.65
4198.30000 588.63
4198.40000 587.55
4198.50000 590.61
4198.60000 588.10
4198.70000 598.26
4198.80000 582.21
4198.90000 598.26
4199.00000 592.39
4199.10000 597.99
4199.20000 583.53
4199.30000 601.32
4199.40000 594.03
4199.50000 601.30
4199.60000 595.95
4199.70000 599.41
4199.80000 597.18
4199.90000 598.33
4200.00000 600.60
4200.10000 594.50
4200.20000 592.11
4200.30000 589.04
4200.40000 592.94
4200.50000 595.74
4200.60000 599.34
4200.70000 603.84
4200.80000 593.98
4200.90000 604.60
4201.00000 600.76
4201.10000 602.71
4201.20000 600.92
4201.30000 601.38
4201.40000 600.09
4201.50000 592.60
4201.60000 598.72
4201.70000 597.34
4201.80000 593.15
4201.90000 598.32
4202.00000 602.10
4202.10000 601.92
4202.20000 608.60
4202.30000 602.32
4202.40000 600.81
4202.50000 603.25
4202.60000 601.41
4202.70000 611.45
4202.80000 607.20
4202.90000 598.68
4203.00000 602.54
4203.10000 602.73
4203.20000 600.86
4203.30000 610.39
4203.40000 611.01
4203.50000 599.24
4203.60000 613.26
4203.70000 613.08
4203.80000 597.14
4203.90000 604.23
4204.00000 606.81
4204.10000 611.11
4204.20000 604.95
4204.30000 612.52
4204.40000 602.01
4204.50000 608.85
4204.60000 607.15
4204.70000 606.70
4204.80000 606.74
4204.90000 609.70
4205.00000 608.82
4205.10000 604.50
4205.20000 608.12
4205.30000 616.21
4205.40000 611.69
4205.50000 607.57
4205.60000 607.36
4205.70000 606.12
4205.80000 603.38
4205.90000 605.31
4206.00000 605.09
4206.10000 613.82
4206.20000 599.22
4206.30000 602.20
4206.40000 616.60
4206.50000 615.23
4206.60000 612.94
4206.70000 604.97
4206.80000 610.10
4206.90000 610.10
4207.00000 597.31
4207.10000 609.91
4207.20000 617.22
4207.30000 616.47
4207.40000 609.62
4207.50000 608.29
4207.60000 621.60
4207.70000 605.47
4207.80000 606.96
4207.90000 623.44
4208.00000 607.80
4208.10000 602.71
4208.20000 606.76
4208.30000 612.15
4208.40000 607.28
4208.50000 606.68
4208.60000 601.95
4208.70000 607.43
4208.80000 606.05
4208.90000 590.01
4209.00000 611.29
4209.10000 611.56
4209.20000 601.33
4209.30000 606.74
4209.40000 604.83
4209.50000 609.40
4209.60000 588.20
4209.70000 608.48
4209.80000 610.68
4209.90000 598.85
4210.00000 604.42
4210.10000 595.87
4210.20000 602.70
4210.30000 602.91
4210.40000 603.81
4210.50000 614.58
4210.60000 609.92
4210.70000 599.10
4210.80000 611.95
4210.90000 601.05
4211.00000 603.27
4211.10000 607.51
4211.20000 592.41
4211.30000 602.36
4211.40000 610.33
4211.50000 604.30
4211.60000 596.81
4211.70000 607.84
4211.80000 615.38
4211.90000 611.53
4212.00000 613.01
4212.10000 597.31
4212.20000 609.50
4212.30000 603.45
4212.40000 602.05
4212.50000 612.34
4212.60000 608.11
4212.70000 601.18
4212.80000 609.40
4212.90000 609.91
4213.00000 614.56
4213.10000 602.81
4213.20000 601.31
4213.30000 606.53
4213.40000 614.41
4213.50000 619.11
4213.60000 616.38
4213.70000 620.82
4213.80000 602.33
4213.90000 608.94
4214.00000 613.29
4214.10000 605.69
4214.20000 637.96
4214.30000 617.13
4214.40000 616.83
4214.50000 618.42
4214.60000 614.45
4214.70000 618.17
4214.80000 616.15
4214.90000 610.00
4215.00000 605.95
4215.10000 617.36
4215.20000 622.36
4215.30000 607.61
4215.40000 603.65
4215.50000 623.01
4215.60000 621.83
4215.70000 616.51
4215.80000 617.63
4215.90000 620.49
4216.00000 606.83
4216.10000 610.81
4216.20000 621.38
4216.30000 624.70
4216.40000 613.36
4216.50000 614.14
4216.60000 615.14
4216.70000 615.85
4216.80000 624.79
4216.90000 623.13
4217.00000 622.53
4217.10000 616.78
4217.20000 606.86
4217.30000 628.33
4217.40000 623.52
4217.50000 626.53
4217.60000 620.61
4217.70000 623.22
4217.80000 630.20
4217.90000 626.40
4218.00000 619.42
4218.10000 622.72
4218.20000 618.53
4218.30000 618.94
4218.40000 608.73
4218.50000 624.21
4218.60000 635.29
4218.70000 616.07
4218.80000 611.08
4218.90000 617.63
4219.00000 630.65
4219.10000 625.76
4219.20000 623.54
4219.30000 633.11
4219.40000 620.03
4219.50000 614.94
4219.60000 637.93
4219.70000 622.50
4219.80000 624.07
4219.90000 616.67
4220.00000 622.72
4220.10000 619.89
4220.20000 611.32
4220.30000 622.86
4220.40000 622.14
4220.50000 613.53
4220.60000 609.96
4220.70000 629.67
4220.80000 612.07
4220.90000 623.06
4221.00000 610.63
4221.10000 623.50
4221.20000 631.64
4221.30000 626.39
4221.40000 615.31
4221.50000 624.46
4221.60000 613.39
4221.70000 621.37
4221.80000 617.34
4221.90000 625.57
4222.00000 622.04
4222.10000 625.93
4222.20000 617.10
4222.30000 629.91
4222.40000 626.15
4222.50000 624.47
4222.60000 615.94
4222.70000 625.89
4222.80000 620.35
4222.90000 616.21
4223.00000 624.87
4223.10000 615.17
4223.20000 627.52
4223.30000 631.00
4223.40000 626.48
4223.50000 629.01
4223.60000 611.98
4223.70000 621.95
4223.80000 632.05
4223.90000 635.40
4224.00000 635.86
4224.10000 622.07
4224.20000 621.83
4224.30000 626.45
4224.40000 624.81
4224.50000 627.02
4224.60000 623.49
4224.70000 625.32
4224.80000 622.15
4224.90000 620.37
4225.00000 646.24
4225.10000 632.39
4225.20000 628.45
4225.30000 635.72
4225.40000 629.83
4225.50000 633.39
4225.60000 633.97
4225.70000 634.76
4225.80000 623.35
4225.90000 625.25
4226.00000 639.62
4226.10000 628.83
4226.20000 623.89
4226.30000 629.20
4226.40000 625.53
4226.50000 638.35
4226.60000 630.07
4226.70000 621.48
4226.80000 626.54
4226.90000 628.82
4227.00000 621.48
4227.10000 601.75
4227.20000 614.99
4227.30000 626.79
4227.40000 620.26
4227.50000 634.23
4227.60000 636.46
4227.70000 631.35
4227.80000 622.37
4227.90000 640.40
4228.00000 638.28
4228.10000 638.10
4228.20000 626.32
4228.30000 620.02
4228.40000 634.90
4228.50000 626.48
4228.60000 634.35
4228.70000 634.83
4228.80000 637.66
4228.90000 637.10
4229.00000 626.37
4229.10000 631.26
4229.20000 622.59
4229.30000 636.82
4229.40000 631.05
4229.50000 641.06
4229.60000 634.35
4229.70000 634.53
4229.80000 638.13
4229.90000 630.66
4230.00000 632.39
4230.10000 635.95
4230.20000 634.71
4230.30000 634.44
4230.40000 636.69
4230.50000 639.66
4230.60000 634.26
4230.70000 642.89
4230.80000 640.83
4230.90000 641.37
4231.00000 645.90
4231.10000 649.49
4231.20000 653.45
4231.30000 645.22
4231.40000 660.41
4231.50000 662.06
4231.60000 651.79
4231.70000 649.13
4231.80000 659.17
4231.90000 660.30
4232.00000 657.86
4232.10000 665.99
4232.20000 676.92
4232.30000 675.10
4232.40000 671.73
4232.50000 659.94
4232.60000 656.10
4232.70000 656.71
4232.80000 637.35
4232.90000 627.06
4233.00000 637.14
4233.10000 656.02
4233.20000 657.07
4233.30000 644.83
4233.40000 641.91
4233.50000 651.09
4233.60000 646.10
4233.70000 649.04
4233.80000 651.18
4233.90000 646.57
4234.00000 655.91
4234.10000 652.99
4234.20000 648.13
4234.30000 652.72
4234.40000 653.09
4234.50000 658.99
4234.60000 655.43
4234.70000 653.98
4234.80000 661.55
4234.90000 664.67
4235.00000 666.28
4235.10000 661.61
4235.20000 672.45
4235.30000 668.03
4235.40000 670.00
4235.50000 652.66
4235.60000 657.82
4235.70000 647.88
4235.80000 647.88
4235.90000 663.35
4236.00000 650.19
4236.10000 652.70
4236.20000 652.36
4236.30000 640.41
4236.40000 640.39
4236.50000 638.76
4236.60000 649.23
4236.70000 646.95
4236.80000 651.07
4236.90000 631.88
4237.00000 649.09
4237.10000 641.11
4237.20000 641.26
4237.30000 638.64
4237.40000 647.02
4237.50000 632.77
4237.60000 637.83
4237.70000 637.53
4237.80000 631.14
4237.90000 640.91
4238.00000 637.38
4238.10000 623.99
4238.20000 629.62
4238.30000 627.26
4238.40000 632.26
4238.50000 628.86
4238.60000 635.02
4238.70000 644.85
4238.80000 619.29
4238.90000 634.17
4239.00000 617.01
4239.10000 619.83
4239.20000 631.60
4239.30000 631.13
4239.40000 627.66
4239.50000 625.60
4239.60000 620.65
4239.70000 620.42
4239.80000 626.17
4239.90000 626.71
4240.00000 629.91
4240.10000 628.60
4240.20000 624.01
4240.30000 625.16
4240.40000 633.94
4240.50000 625.67
4240.60000 637.82
4240.70000 630.79
4240.80000 628.30
4240.90000 630.19
4241.00000 629.63
4241.10000 637.32
4241.20000 631.38
4241.30000 635.52
4241.40000 635.38
4241.50000 619.81
4241.60000 625.27
4241.70000 622.71
4241.80000 633.17
4241.90000 638.09
4242.00000 634.02
4242.10000 627.70
4242.20000 638.20
4242.30000 632.86
4242.40000 627.23
4242.50000 630.76
4242.60000 636.20
4242.70000 637.46
4242.80000 627.33
4242.90000 638.32
4243.00000 634.05
4243.10000 633.85
4243.20000 638.16
4243.30000 644.64
4243.40000 631.88
4243.50000 626.27
4243.60000 633.22
4243.70000 640.38
4243.80000 631.13
4243.90000 634.53
4244.00000 635.35
4244.10000 638.74
4244.20000 633.22
4244.30000 635.24
4244.40000 641.89
4244.50000 631.90
4244.60000 640.40
4244.70000 646.66
4244.80000 646.90
4244.90000 632.31
4245.00000 646.82
4245.10000 644.80
4245.20000 640.30
4245.30000 634.42
4245.40000 646.47
4245.50000 634.70
4245.60000 641.58
4245.70000 644.00
4245.80000 640.51
4245.90000 631.27
4246.00000 648.62
4246.10000 648.49
4246.20000 638.39
4246.30000 641.79
4246.40000 646.24
4246.50000 637.94
4246.60000 646.26
4246.70000 645.89
4246.80000 637.04
4246.90000 639.17
4247.00000 631.23
4247.10000 642.20
4247.20000 647.90
4247.30000 639.94
4247.40000 636.61
4247.50000 637.23
4247.60000 646.02
4247.70000 626.61
4247.80000 645.61
4247.90000 646.46
4248.00000 643.75
4248.10000 635.44
4248.20000 640.53
4248.30000 644.41
4248.40000 641.91
4248.50000 645.65
4248.60000 636.87
4248.70000 643.87
4248.80000 635.90
4248.90000 639.22
4249.00000 645.65
4249.10000 636.85
4249.20000 644.98
4249.30000 637.75
4249.40000 636.51
4249.50000 641.13
4249.60000 651.09
4249.70000 647.55
4249.80000 640.59
4249.90000 635.46
4250.00000 637.94
4250.10000 642.42
4250.20000 638.11
4250.30000 646.37
4250.40000 641.65
4250.50000 649.40
4250.60000 645.70
4250.70000 648.46
4250.80000 634.87
4250.90000 629.88
4251.00000 639.58
4251.10000 636.77
4251.20000 635.15
4251.30000 624.31
4251.40000 644.82
4251.50000 627.78
4251.60000 634.88
4251.70000 639.94
4251.80000 631.06
4251.90000 643.91
4252.00000 633.97
4252.10000 628.35
4252.20000 628.71
4252.30000 637.41
4252.40000 633.42
4252.50000 632.47
4252.60000 634.09
4252.70000 635.40
4252.80000 637.32
4252.90000 639.34
4253.00000 623.83
4253.10000 629.63
4253.20000 629.82
4253.30000 626.78
4253.40000 628.80
4253.50000 636.38
4253.60000 636.67
4253.70000 627.89
4253.80000 628.75
4253.90000 627.48
4254.00000 624.46
4254.10000 635.26
4254.20000 629.18
4254.30000 627.10
4254.40000 626.36
4254.50000 637.46
4254.60000 630.63
4254.70000 621.30
4254.80000 623.07
4254.90000 631.44
4255.00000 624.74
4255.10000 629.19
4255.20000 636.53
4255.30000 623.97
4255.40000 628.22
4255.50000 634.17
4255.60000 636.55
4255.70000 625.58
4255.80000 632.39
4255.90000 633.84
4256.00000 637.50
4256.10000 634.52
4256.20000 634.48
4256.30000 643.72
4256.40000 635.62
4256.50000 639.38
4256.60000 635.72
4256.70000 631.86
4256.80000 634.38
4256.90000 640.71
4257.00000 648.08
4257.10000 638.55
4257.20000 632.97
4257.30000 630.87
4257.40000 636.12
4257.50000 659.37
4257.60000 636.15
4257.70000 644.84
4257.80000 642.90
4257.90000 649.40
4258.00000 642.98
4258.10000 636.18
4258.20000 641.89
4258.30000 641.64
4258.40000 631.74
4258.50000 649.37
4258.60000 631.88
4258.70000 635.42
4258.80000 648.58
4258.90000 644.23
4259.00000 636.95
4259.10000 642.25
4259.20000 640.67
4259.30000 636.07
4259.40000 644.99
4259.50000 638.70
4259.60000 644.54
4259.70000 649.41
4259.80000 648.24
4259.90000 645.06
4260.00000 657.93
4260.10000 654.88
4260.20000 661.67
4260.30000 643.15
4260.40000 639.38
4260.50000 661.16
4260.60000 653.88
4260.70000 651.66
4260.80000 654.85
4260.90000 653.71
4261.00000 655.48
4261.10000 652.57
4261.20000 646.52
4261.30000 654.80
4261.40000 650.11
4261.50000 650.55
4261.60000 651.26
4261.70000 639.80
4261.80000 653.27
4261.90000 655.12
4262.00000 631.39
4262.10000 644.90
4262.20000 647.10
4262.30000 650.42
4262.40000 645.92
4262.50000 649.08
4262.60000 642.81
4262.70000 645.46
4262.80000 643.91
4262.90000 635.35
4263.00000 644.44
4263.10000 639.56
4263.20000 637.05
4263.30000 643.89
4263.40000 638.49
4263.50000 647.64
4263.60000 645.85
4263.70000 641.65
4263.80000 637.72
4263.90000 630.61
4264.00000 638.52
4264.10000 638.99
4264.20000 636.08
4264.30000 633.17
4264.40000 642.63
4264.50000 637.77
4264.60000 640.99
4264.70000 629.04
4264.80000 641.99
4264.90000 649.82
4265.00000 632.58
4265.10000 645.53
4265.20000 646.96
4265.30000 629.33
4265.40000 634.13
4265.50000 636.91
4265.60000 638.34
4265.70000 636.04
4265.80000 640.16
4265.90000 629.72
4266.00000 640.50
4266.10000 635.58
4266.20000 650.79
4266.30000 638.59
4266.40000 645.32
4266.50000 637.22
4266.60000 644.30
4266.70000 634.67
4266.80000 644.26
4266.90000 639.17
4267.00000 639.10
4267.10000 639.44
4267.20000 644.02
4267.30000 638.74
4267.40000 645.01
4267.50000 633.92
4267.60000 634.38
4267.70000 645.08
4267.80000 636.22
4267.90000 639.51
4268.00000 644.02
4268.10000 641.33
4268.20000 645.93
4268.30000 640.40
4268.40000 639.87
4268.50000 637.15
4268.60000 648.28
4268.70000 631.78
4268.80000 648.50
4268.90000 640.58
4269.00000 644.83
4269.10000 649.49
4269.20000 641.79
4269.30000 647.00
4269.40000 649.02
4269.50000 647.04
4269.60000 656.15
4269.70000 760.77
4269.80000 705.53
4269.90000 649.55
4270.00000 646.18
4270.10000 640.31
4270.20000 652.41
4270.30000 650.95
4270.40000 654.70
4270.50000 649.21
4270.60000 667.45
4270.70000 661.26
4270.80000 659.16
4270.90000 648.09
4271.00000 658.06
4271.10000 646.41
4271.20000 657.64
4271.30000 658.95
4271.40000 654.31
4271.50000 659.19
4271.60000 651.85
4271.70000 659.01
4271.80000 638.12
4271.90000 654.32
4272.00000 648.63
4272.10000 653.72
4272.20000 661.12
4272.30000 652.80
4272.40000 659.54
4272.50000 655.02
4272.60000 661.68
4272.70000 652.08
4272.80000 645.56
4272.90000 641.63
4273.00000 656.29
4273.10000 643.83
4273.20000 652.56
4273.30000 657.00
4273.40000 652.47
4273.50000 643.74
4273.60000 646.64
4273.70000 650.96
4273.80000 646.78
4273.90000 656.88
4274.00000 650.28
4274.10000 655.04
4274.20000 655.23
4274.30000 658.44
4274.40000 661.90
4274.50000 653.02
4274.60000 651.27
4274.70000 653.02
4274.80000 645.46
4274.90000 642.38
4275.00000 652.89
4275.10000 651.04
4275.20000 655.98
4275.30000 648.93
4275.40000 653.36
4275.50000 658.99
4275.60000 662.61
4275.70000 642.94
4275.80000 650.85
4275.90000 651.85
4276.00000 646.48
4276.10000 652.94
4276.20000 661.70
4276.30000 649.52
4276.40000 648.13
4276.50000 652.98
4276.60000 657.42
4276.70000 646.70
4276.80000 651.63
4276.90000 653.59
4277.00000 643.90
4277.10000 646.28
4277.20000 648.64
4277.30000 636.60
4277.40000 648.00
4277.50000 649.40
4277.60000 658.76
4277.70000 649.13
4277.80000 643.62
4277.90000 648.02
4278.00000 652.97
4278.10000 650.37
4278.20000 645.08
4278.30000 641.50
4278.40000 637.08
4278.50000 634.16
4278.60000 651.70
4278.70000 642.66
4278.80000 638.52
4278.90000 641.80
4279.00000 644.69
4279.10000 650.16
4279.20000 639.81
4279.30000 656.24
4279.40000 647.52
4279.50000 649.72
4279.60000 640.89
4279.70000 637.82
4279.80000 638.01
4279.90000 647.76
4280.00000 641.61
4280.10000 638.39
4280.20000 636.47
4280.30000 649.60
4280.40000 640.99
4280.50000 649.91
4280.60000 641.86
4280.70000 646.12
4280.80000 642.70
4280.90000 644.50
4281.00000 652.09
4281.10000 638.29
4281.20000 641.43
4281.30000 651.23
4281.40000 637.45
4281.50000 640.27
4281.60000 639.23
4281.70000 646.48
4281.80000 632.07
4281.90000 651.90
4282.00000 633.92
4282.10000 641.83
4282.20000 637.62
4282.30000 651.90
4282.40000 635.96
4282.50000 651.11
4282.60000 636.76
4282.70000 644.25
4282.80000 639.65
4282.90000 645.77
4283.00000 647.62
4283.10000 635.69
4283.20000 641.08
4283.30000 640.48
4283.40000 642.39
4283.50000 639.90
4283.60000 644.91
4283.70000 643.25
4283.80000 641.87
4283.90000 643.61
4284.00000 629.60
4284.10000 635.55
4284.20000 646.20
4284.30000 630.95
4284.40000 645.79
4284.50000 638.84
4284.60000 631.60
4284.70000 645.04
4284.80000 640.95
4284.90000 636.57
4285.00000 641.03
4285.10000 635.16
4285.20000 642.03
4285.30000 636.71
4285.40000 631.57
4285.50000 639.09
4285.60000 649.51
4285.70000 644.02
4285.80000 645.22
4285.90000 652.29
4286.00000 646.23
4286.10000 641.20
4286.20000 651.85
4286.30000 640.95
4286.40000 648.60
4286.50000 646.16
4286.60000 642.75
4286.70000 641.14
4286.80000 650.17
4286.90000 644.96
4287.00000 639.00
4287.10000 648.43
4287.20000 640.77
4287.30000 645.68
4287.40000 649.91
4287.50000 643.04
4287.60000 646.13
4287.70000 653.30
4287.80000 649.93
4287.90000 653.86
4288.00000 652.03
4288.10000 653.68
4288.20000 651.69
4288.30000 652.97
4288.40000 661.00
4288.50000 650.04
4288.60000 648.81
4288.70000 645.12
4288.80000 654.06
4288.90000 654.30
4289.00000 651.02
4289.10000 657.99
4289.20000 648.47
4289.30000 655.00
4289.40000 653.38
4289.50000 650.76
4289.60000 645.73
4289.70000 653.04
4289.80000 653.16
4289.90000 645.54
4290.00000 649.87
4290.10000 645.99
4290.20000 644.25
4290.30000 648.28
4290.40000 654.59
4290.50000 645.85
4290.60000 646.85
4290.70000 649.31
4290.80000 652.18
4290.90000 644.73
4291.00000 658.07
4291.10000 655.62
4291.20000 647.29
4291.30000 650.29
4291.40000 651.92
4291.50000 661.18
4291.60000 657.78
4291.70000 665.95
4291.80000 673.86
4291.90000 659.32
4292.00000 664.19
4292.10000 659.71
4292.20000 668.76
4292.30000 667.82
4292.40000 659.35
4292.50000 666.53
4292.60000 663.41
4292.70000 666.83
4292.80000 661.50
4292.90000 661.12
4293.00000 658.22
4293.10000 671.75
4293.20000 669.26
4293.30000 661.98
4293.40000 664.34
4293.50000 662.21
4293.60000 664.15
4293.70000 664.67
4293.80000 660.51
4293.90000 670.70
4294.00000 674.38
4294.10000 664.81
4294.20000 663.30
4294.30000 662.03
4294.40000 676.89
4294.50000 659.86
4294.60000 670.67
4294.70000 664.99
4294.80000 666.39
4294.90000 668.59
4295.00000 673.46
4295.10000 663.14
4295.20000 674.09
4295.30000 672.48
4295.40000 680.31
4295.50000 675.08
4295.60000 683.80
4295.70000 668.34
4295.80000 664.78
4295.90000 672.16
4296.00000 678.16
4296.10000 677.34
4296.20000 676.94
4296.30000 668.31
4296.40000 675.64
4296.50000 668.97
4296.60000 663.15
4296.70000 658.21
4296.80000 671.75
4296.90000 674.35
4297.00000 667.71
4297.10000 658.58
4297.20000 663.34
4297.30000 667.59
4297.40000 666.28
4297.50000 676.64
4297.60000 664.52
4297.70000 679.79
4297.80000 682.17
4297.90000 684.43
4298.00000 680.50
4298.10000 675.24
4298.20000 681.27
4298.30000 677.71
4298.40000 676.66
4298.50000 684.31
4298.60000 684.24
4298.70000 682.43
4298.80000 685.27
4298.90000 682.84
4299.00000 678.25
4299.10000 687.00
4299.20000 681.46
4299.30000 676.43
4299.40000 674.88
4299.50000 671.95
4299.60000 680.18
4299.70000 681.00
4299.80000 670.18
4299.90000 664.27
4300.00000 675.07
4300.10000 677.52
4300.20000 675.15
4300.30000 666.16
4300.40000 675.66
4300.50000 664.29
4300.60000 660.22
4300.70000 513.52
4300.80000 637.43
4300.90000 679.19
4301.00000 688.04
4301.10000 675.70
4301.20000 686.10
4301.30000 680.91
4301.40000 684.93
4301.50000 678.13
4301.60000 669.85
4301.70000 678.03
4301.80000 691.69
4301.90000 685.41
4302.00000 677.54
4302.10000 689.18
4302.20000 687.52
4302.30000 678.66
4302.40000 680.73
4302.50000 685.99
4302.60000 683.30
4302.70000 673.57
4302.80000 673.40
4302.90000 677.46
4303.00000 680.72
4303.10000 680.41
4303.20000 664.15
4303.30000 678.38
4303.40000 664.73
4303.50000 670.55
4303.60000 676.99
4303.70000 668.20
4303.80000 666.68
4303.90000 684.52
4304.00000 677.65
4304.10000 677.88
4304.20000 682.85
4304.30000 666.12
4304.40000 673.04
4304.50000 679.62
4304.60000 676.10
4304.70000 667.25
4304.80000 674.20
4304.90000 691.92
4305.00000 677.66
4305.10000 670.11
4305.20000 678.32
4305.30000 682.67
4305.40000 675.41
4305.50000 670.52
4305.60000 674.54
4305.70000 671.15
4305.80000 667.53
4305.90000 674.80
4306.00000 687.71
4306.10000 674.18
4306.20000 671.44
4306.30000 665.43
4306.40000 674.56
4306.50000 674.64
4306.60000 665.37
4306.70000 655.26
4306.80000 667.21
4306.90000 662.02
4307.00000 662.74
4307.10000 665.57
4307.20000 673.25
4307.30000 664.24
4307.40000 667.64
4307.50000 656.08
4307.60000 673.56
4307.70000 665.64
4307.80000 663.14
4307.90000 658.15
4308.00000 663.37
4308.10000 672.43
4308.20000 664.31
4308.30000 656.96
4308.40000 666.39
4308.50000 669.27
4308.60000 657.15
4308.70000 674.16
4308.80000 672.04
4308.90000 662.51
4309.00000 668.26
4309.10000 662.56
4309.20000 655.05
4309.30000 661.16
4309.40000 665.19
4309.50000 660.70
4309.60000 663.86
4309.70000 655.04
4309.80000 677.44
4309.90000 664.36
4310.00000 672.78
4310.10000 668.62
4310.20000 660.99
4310.30000 671.48
4310.40000 673.72
4310.50000 664.09
4310.60000 666.40
4310.70000 672.74
4310.80000 680.22
4310.90000 671.44
4311.00000 679.15
4311.10000 673.35
4311.20000 670.35
4311.30000 685.53
4311.40000 683.29
4311.50000 677.06
4311.60000 684.78
4311.70000 673.25
4311.80000 671.41
4311.90000 689.41
4312.00000 688.08
4312.10000 671.46
4312.20000 675.89
4312.30000 672.33
4312.40000 677.75
4312.50000 672.95
4312.60000 679.92
4312.70000 677.84
4312.80000 676.37
4312.90000 686.61
4313.00000 680.37
4313.10000 662.00
4313.20000 664.21
4313.30000 666.33
4313.40000 673.61
4313.50000 679.92
4313.60000 674.28
4313.70000 672.89
4313.80000 672.38
4313.90000 676.94
4314.00000 673.22
4314.10000 668.67
4314.20000 674.19
4314.30000 662.64
4314.40000 673.59
4314.50000 665.77
4314.60000 675.68
4314.70000 667.73
4314.80000 675.86
4314.90000 663.78
4315.00000 666.72
4315.10000 665.71
4315.20000 672.31
4315.30000 665.08
4315.40000 669.57
4315.50000 667.80
4315.60000 658.18
4315.70000 669.33
4315.80000 671.40
4315.90000 669.69
4316.00000 668.28
4316.10000 671.11
4316.20000 664.91
4316.30000 676.85
4316.40000 670.39
4316.50000 686.52
4316.60000 674.02
4316.70000 671.96
4316.80000 665.00
4316.90000 661.24
4317.00000 671.00
4317.10000 663.70
4317.20000 666.54
4317.30000 652.37
4317.40000 658.32
4317.50000 655.41
4317.60000 652.43
4317.70000 661.97
4317.80000 651.69
4317.90000 667.69
4318.00000 665.81
4318.10000 662.53
4318.20000 661.21
4318.30000 651.59
4318.40000 663.16
4318.50000 667.31
4318.60000 670.34
4318.70000 666.96
4318.80000 659.70
4318.90000 670.05
4319.00000 654.77
4319.10000 661.32
4319.20000 660.12
4319.30000 660.85
4319.40000 658.99
4319.50000 662.08
4319.60000 661.86
4319.70000 666.10
4319.80000 658.72
4319.90000 658.80
4320.00000 657.08
4320.10000 666.37
4320.20000 658.80
4320.30000 672.82
4320.40000 666.21
4320.50000 660.02
4320.60000 665.53
4320.70000 671.60
4320.80000 666.95
4320.90000 661.56
4321.00000 669.06
4321.10000 670.49
4321.20000 669.29
4321.30000 665.46
4321.40000 655.72
4321.50000 667.52
4321.60000 655.84
4321.70000 658.44
4321.80000 658.41
4321.90000 662.89
4322.00000 660.03
4322.10000 670.07
4322.20000 667.28
4322.30000 666.50
4322.40000 671.81
4322.50000 669.55
4322.60000 666.39
4322.70000 666.78
4322.80000 674.28
4322.90000 679.88
4323.00000 679.05
4323.10000 671.52
4323.20000 674.18
4323.30000 672.24
4323.40000 673.55
4323.50000 679.41
4323.60000 674.48
4323.70000 681.52
4323.80000 686.50
4323.90000 689.73
4324.00000 688.47
4324.10000 675.52
4324.20000 679.81
4324.30000 680.44
4324.40000 689.81
4324.50000 672.77
4324.60000 671.26
4324.70000 681.12
4324.80000 678.63
4324.90000 680.04
4325.00000 676.61
4325.10000 672.27
4325.20000 676.26
4325.30000 682.56
4325.40000 671.27
4325.50000 675.35
4325.60000 675.25
4325.70000 663.62
4325.80000 678.40
4325.90000 671.83
4326.00000 674.81
4326.10000 666.86
4326.20000 677.69
4326.30000 675.95
4326.40000 676.46
4326.50000 688.13
4326.60000 666.99
4326.70000 668.03
4326.80000 679.23
4326.90000 691.50
4327.00000 681.53
4327.10000 685.15
4327.20000 681.86
4327.30000 686.48
4327.40000 675.31
4327.50000 677.45
4327.60000 675.41
4327.70000 685.62
4327.80000 675.59
4327.90000 679.06
4328.00000 677.50
4328.10000 688.00
4328.20000 682.22
4328.30000 674.89
4328.40000 683.96
4328.50000 694.40
4328.60000 674.66
4328.70000 687.75
4328.80000 686.59
4328.90000 677.76
4329.00000 686.77
4329.10000 693.08
4329.20000 676.04
4329.30000 682.77
4329.40000 679.83
4329.50000 684.79
4329.60000 676.80
4329.70000 676.95
4329.80000 685.81
4329.90000 671.67
4330.00000 678.96
4330.10000 670.14
4330.20000 670.65
4330.30000 667.33
4330.40000 669.39
4330.50000 678.57
4330.60000 672.66
4330.70000 666.63
4330.80000 671.51
4330.90000 676.54
4331.00000 675.01
4331.10000 672.42
4331.20000 668.60
4331.30000 669.47
4331.40000 671.37
4331.50000 667.63
4331.60000 679.40
4331.70000 662.57
4331.80000 674.67
4331.90000 670.99
4332.00000 679.33
4332.10000 670.56
4332.20000 673.48
4332.30000 676.09
4332.40000 664.39
4332.50000 664.91
4332.60000 674.01
4332.70000 668.71
4332.80000 677.59
4332.90000 668.15
4333.00000 672.37
4333.10000 672.87
4333.20000 671.48
4333.30000 665.73
4333.40000 667.34
4333.50000 671.46
4333.60000 661.72
4333.70000 663.38
4333.80000 665.58
4333.90000 667.42
4334.00000 654.39
4334.10000 659.62
4334.20000 659.83
4334.30000 658.78
4334.40000 666.86
4334.50000 661.81
4334.60000 651.96
4334.70000 653.81
4334.80000 650.57
4334.90000 661.84
4335.00000 648.14
4335.10000 651.29
4335.20000 652.61
4335.30000 650.95
4335.40000 657.46
4335.50000 650.52
4335.60000 653.67
4335.70000 654.60
4335.80000 642.84
4335.90000 645.01
4336.00000 648.62
4336.10000 641.78
4336.20000 652.32
4336.30000 647.80
4336.40000 644.70
4336.50000 646.73
4336.60000 653.22
4336.70000 646.14
4336.80000 641.82
4336.90000 652.98
4337.00000 639.39
4337.10000 654.26
4337.20000 646.37
4337.30000 650.53
4337.40000 654.43
4337.50000 650.75
4337.60000 655.75
4337.70000 654.19
4337.80000 668.68
4337.90000 660.29
4338.00000 671.68
4338.10000 684.28
4338.20000 677.23
4338.30000 683.27
4338.40000 690.79
4338.50000 710.31
4338.60000 714.14
4338.70000 734.37
4338.80000 750.79
4338.90000 770.08
4339.00000 803.79
4339.10000 812.64
4339.20000 817.19
4339.30000 807.93
4339.40000 834.79
4339.50000 841.03
4339.60000 843.00
4339.70000 848.70
4339.80000 837.68
4339.90000 833.21
4340.00000 821.25
4340.10000 811.25
4340.20000 790.78
4340.30000 783.28
4340.40000 775.59
4340.50000 775.97
4340.60000 771.27
4340.70000 767.00
4340.80000 776.94
4340.90000 772.19
4341.00000 761.17
4341.10000 766.90
4341.20000 772.89
4341.30000 766.11
4341.40000 776.33
4341.50000 772.50
4341.60000 776.36
4341.70000 765.31
4341.80000 776.24
4341.90000 775.18
4342.00000 785.56
4342.10000 786.77
4342.20000 787.96
4342.30000 801.71
4342.40000 790.00
4342.50000 793.85
4342.60000 791.57
4342.70000 790.73
4342.80000 789.98
4342.90000 780.05
4343.00000 777.40
4343.10000 770.54
4343.20000 738.35
4343.30000 730.61
4343.40000 714.87
4343.50000 706.73
4343.60000 698.12
4343.70000 694.09
4343.80000 687.22
4343.90000 671.08
4344.00000 677.40
4344.10000 677.31
4344.20000 654.68
4344.30000 653.73
4344.40000 649.92
4344.50000 646.38
4344.60000 639.87
4344.70000 645.99
4344.80000 644.41
4344.90000 639.64
4345.00000 635.57
4345.10000 637.47
4345.20000 634.28
4345.30000 627.20
4345.40000 635.18
4345.50000 632.98
4345.60000 638.19
4345.70000 635.06
4345.80000 629.28
4345.90000 631.11
4346.00000 628.70
4346.10000 627.57
4346.20000 633.80
4346.30000 632.38
4346.40000 638.66
4346.50000 637.36
4346.60000 642.66
4346.70000 640.39
4346.80000 643.42
4346.90000 647.53
4347.00000 636.75
4347.10000 640.49
4347.20000 639.72
4347.30000 634.67
4347.40000 647.96
4347.50000 643.71
4347.60000 654.40
4347.70000 646.12
4347.80000 644.15
4347.90000 641.60
4348.00000 643.05
4348.10000 652.10
4348.20000 649.56
4348.30000 656.32
4348.40000 658.04
4348.50000 658.98
4348.60000 652.03
4348.70000 656.23
4348.80000 662.61
4348.90000 665.90
4349.00000 655.55
4349.10000 659.54
4349.20000 660.88
4349.30000 661.72
4349.40000 669.99
4349.50000 663.93
4349.60000 663.43
4349.70000 673.70
4349.80000 676.30
4349.90000 668.40
4350.00000 675.33
4350.10000 678.35
4350.20000 687.24
4350.30000 678.45
4350.40000 683.81
4350.50000 694.72
4350.60000 692.25
4350.70000 694.68
4350.80000 690.75
4350.90000 692.92
4351.00000 694.84
4351.10000 685.06
4351.20000 679.90
4351.30000 683.82
4351.40000 678.93
4351.50000 676.79
4351.60000 682.77
4351.70000 677.84
4351.80000 673.99
4351.90000 675.71
4352.00000 677.68
4352.10000 680.18
4352.20000 683.30
4352.30000 697.70
4352.40000 678.92
4352.50000 684.20
4352.60000 700.78
4352.70000 693.42
4352.80000 696.50
4352.90000 689.03
4353.00000 688.55
4353.10000 699.83
4353.20000 697.86
4353.30000 694.46
4353.40000 700.81
4353.50000 707.55
4353.60000 710.32
4353.70000 706.19
4353.80000 719.46
4353.90000 714.65
4354.00000 718.05
4354.10000 706.05
4354.20000 705.77
4354.30000 706.90
4354.40000 709.90
4354.50000 700.43
4354.60000 701.20
4354.70000 702.16
4354.80000 707.85
4354.90000 700.45
4355.00000 704.04
4355.10000 708.38
4355.20000 696.20
4355.30000 703.94
4355.40000 696.61
4355.50000 700.69
4355.60000 702.96
4355.70000 703.62
4355.80000 700.67
4355.90000 698.21
4356.00000 695.67
4356.10000 705.90
4356.20000 696.32
4356.30000 694.79
4356.40000 704.82
4356.50000 703.93
4356.60000 699.14
4356.70000 696.31
4356.80000 698.10
4356.90000 692.10
4357.00000 697.04
4357.10000 695.70
4357.20000 708.47
4357.30000 703.32
4357.40000 704.67
4357.50000 698.62
4357.60000 710.33
4357.70000 701.04
4357.80000 700.69
4357.90000 708.94
4358.00000 708.78
4358.10000 701.62
4358.20000 707.60
4358.30000 695.61
4358.40000 704.81
4358.50000 693.62
4358.60000 701.26
4358.70000 704.12
4358.80000 707.07
4358.90000 696.19
4359.00000 706.83
4359.10000 699.84
4359.20000 711.29
4359.30000 709.50
4359.40000 707.75
4359.50000 710.75
4359.60000 707.69
4359.70000 712.94
4359.80000 720.28
4359.90000 703.97
4360.00000 704.56
4360.10000 715.47
4360.20000 712.29
4360.30000 708.49
4360.40000 718.87
4360.50000 712.74
4360.60000 709.26
4360.70000 725.29
4360.80000 717.41
4360.90000 700.63
4361.00000 706.55
4361.10000 723.31
4361.20000 705.80
4361.30000 710.29
4361.40000 698.74
4361.50000 702.74
4361.60000 698.30
4361.70000 707.81
4361.80000 702.93
4361.90000 703.23
4362.00000 701.50
4362.10000 704.33
4362.20000 708.37
4362.30000 699.12
4362.40000 705.17
4362.50000 706.06
4362.60000 701.45
4362.70000 701.31
4362.80000 715.70
4362.90000 693.92
4363.00000 702.57
4363.10000 702.57
4363.20000 698.74
4363.30000 689.08
4363.40000 701.14
4363.50000 698.37
4363.60000 710.00
4363.70000 701.88
4363.80000 703.67
4363.90000 698.79
4364.00000 690.34
4364.10000 691.19
4364.20000 696.02
4364.30000 698.06
4364.40000 697.61
4364.50000 698.13
4364.60000 707.60
4364.70000 705.72
4364.80000 694.35
4364.90000 695.23
4365.00000 686.68
4365.10000 703.98
4365.20000 681.16
4365.30000 705.71
4365.40000 703.34
4365.50000 698.68
4365.60000 711.07
4365.70000 688.88
4365.80000 701.16
4365.90000 696.21
4366.00000 711.33
4366.10000 699.61
4366.20000 700.62
4366.30000 708.55
4366.40000 704.14
4366.50000 691.82
4366.60000 695.93
4366.70000 700.19
4366.80000 702.16
4366.90000 696.15
4367.00000 695.79
4367.10000 702.08
4367.20000 707.96
4367.30000 703.51
4367.40000 712.86
4367.50000 700.00
4367.60000 709.36
4367.70000 716.58
4367.80000 703.53
4367.90000 707.14
4368.00000 703.46
4368.10000 708.99
4368.20000 713.88
4368.30000 703.49
4368.40000 708.13
4368.50000 697.54
4368.60000 703.11
4368.70000 713.62
4368.80000 712.64
4368.90000 707.54
4369.00000 701.48
4369.10000 703.20
4369.20000 703.15
4369.30000 704.78
4369.40000 705.47
4369.50000 702.49
4369.60000 708.06
4369.70000 717.51
4369.80000 709.97
4369.90000 712.84
4370.00000 703.59
4370.10000 718.59
4370.20000 703.89
4370.30000 702.35
4370.40000 713.28
4370.50000 717.66
4370.60000 712.76
4370.70000 710.12
4370.80000 706.41
4370.90000 710.74
4371.00000 710.06
4371.10000 712.77
4371.20000 719.47
4371.30000 721.77
4371.40000 713.33
4371.50000 710.39
4371.60000 736.13
4371.70000 716.11
4371.80000 719.07
4371.90000 723.13
4372.00000 707.14
4372.10000 718.53
4372.20000 727.36
4372.30000 718.76
4372.40000 713.45
4372.50000 710.24
4372.60000 737.09
4372.70000 729.79
4372.80000 715.38
4372.90000 724.15
4373.00000 720.41
4373.10000 710.16
4373.20000 721.28
4373.30000 729.67
4373.40000 724.58
4373.50000 726.76
4373.60000 722.93
4373.70000 713.45
4373.80000 731.24
4373.90000 723.75
4374.00000 720.61
4374.10000 737.35
4374.20000 743.01
4374.30000 732.36
4374.40000 734.25
4374.50000 724.40
4374.60000 725.09
4374.70000 718.83
4374.80000 728.87
4374.90000 725.26
4375.00000 717.95
4375.10000 720.75
4375.20000 719.83
4375.30000 727.11
4375.40000 728.12
4375.50000 725.82
4375.60000 729.11
4375.70000 719.04
4375.80000 723.06
4375.90000 724.46
4376.00000 727.62
4376.10000 720.04
4376.20000 738.40
4376.30000 713.28
4376.40000 716.13
4376.50000 727.99
4376.60000 727.55
4376.70000 726.74
4376.80000 726.35
4376.90000 718.54
4377.00000 738.95
4377.10000 723.61
4377.20000 735.29
4377.30000 724.84
4377.40000 715.72
4377.50000 738.82
4377.60000 743.53
4377.70000 732.25
4377.80000 735.56
4377.90000 729.91
4378.00000 746.30
4378.10000 741.64
4378.20000 735.08
4378.30000 726.24
4378.40000 719.79
4378.50000 727.57
4378.60000 726.24
4378.70000 736.33
4378.80000 723.53
4378.90000 714.20
4379.00000 721.53
4379.10000 721.51
4379.20000 725.01
4379.30000 719.86
4379.40000 728.84
4379.50000 723.90
4379.60000 718.48
4379.70000 712.87
4379.80000 722.45
4379.90000 719.02
4380.00000 723.28
4380.10000 712.81
4380.20000 721.12
4380.30000 718.16
4380.40000 713.56
4380.50000 722.45
4380.60000 721.36
4380.70000 717.77
4380.80000 725.21
4380.90000 732.72
4381.00000 737.73
4381.10000 726.22
4381.20000 718.83
4381.30000 727.76
4381.40000 725.12
4381.50000 734.19
4381.60000 726.37
4381.70000 732.84
4381.80000 721.41
4381.90000 749.98
4382.00000 735.54
4382.10000 749.51
4382.20000 744.64
4382.30000 747.59
4382.40000 750.33
4382.50000 752.82
4382.60000 741.92
4382.70000 742.47
4382.80000 746.47
4382.90000 737.48
4383.00000 741.04
4383.10000 748.90
4383.20000 751.89
4383.30000 741.02
4383.40000 748.71
4383.50000 739.56
4383.60000 738.02
4383.70000 742.89
4383.80000 747.14
4383.90000 744.53
4384.00000 737.30
4384.10000 737.68
4384.20000 748.54
4384.30000 747.44
4384.40000 744.36
4384.50000 739.19
4384.60000 743.94
4384.70000 742.39
4384.80000 740.19
4384.90000 738.06
4385.00000 720.77
4385.10000 727.19
4385.20000 732.30
4385.30000 734.50
4385.40000 737.62
4385.50000 729.36
4385.60000 726.15
4385.70000 724.83
4385.80000 723.38
4385.90000 731.46
4386.00000 722.94
4386.10000 725.53
4386.20000 728.05
4386.30000 737.47
4386.40000 726.73
4386.50000 735.21
4386.60000 739.33
4386.70000 735.72
4386.80000 725.11
4386.90000 729.25
4387.00000 723.14
4387.10000 730.39
4387.20000 726.98
4387.30000 727.63
4387.40000 719.15
4387.50000 715.36
4387.60000 721.98
4387.70000 722.89
4387.80000 724.30
4387.90000 717.17
4388.00000 716.82
4388.10000 725.67
4388.20000 711.46
4388.30000 706.13
4388.40000 721.03
4388.50000 705.76
4388.60000 707.25
4388.70000 715.23
4388.80000 709.61
4388.90000 714.79
4389.00000 717.08
4389.10000 707.31
4389.20000 721.74
4389.30000 709.12
4389.40000 711.51
4389.50000 717.01
4389.60000 704.99
4389.70000 713.61
4389.80000 715.28
4389.90000 717.88
4390.00000 698.78
4390.10000 713.39
4390.20000 711.24
4390.30000 697.44
4390.40000 707.13
4390.50000 716.10
4390.60000 703.39
4390.70000 712.03
4390.80000 702.62
4390.90000 708.73
4391.00000 701.70
4391.10000 715.49
4391.20000 706.78
4391.30000 710.69
4391.40000 717.05
4391.50000 715.10
4391.60000 712.65
4391.70000 714.48
4391.80000 725.34
4391.90000 727.34
4392.00000 724.83
4392.10000 717.93
4392.20000 720.87
4392.30000 722.01
4392.40000 718.82
4392.50000 724.26
4392.60000 729.94
4392.70000 725.28
4392.80000 729.48
4392.90000 732.51
4393.00000 741.30
4393.10000 733.19
4393.20000 726.40
4393.30000 739.86
4393.40000 731.63
4393.50000 731.47
4393.60000 739.43
4393.70000 728.54
4393.80000 737.76
4393.90000 733.20
4394.00000 743.54
4394.10000 746.76
4394.20000 749.26
4394.30000 744.48
4394.40000 748.30
4394.50000 751.70
4394.60000 754.08
4394.70000 753.20
4394.80000 745.06
4394.90000 748.59
4395.00000 750.66
4395.10000 735.65
4395.20000 737.22
4395.30000 745.29
4395.40000 750.27
4395.50000 739.27
4395.60000 752.84
4395.70000 741.86
4395.80000 740.65
4395.90000 744.61
4396.00000 744.92
4396.10000 749.77
4396.20000 753.11
4396.30000 755.78
4396.40000 741.50
4396.50000 751.48
4396.60000 752.88
4396.70000 750.72
4396.80000 751.40
4396.90000 750.93
4397.00000 756.65
4397.10000 748.41
4397.20000 759.45
4397.30000 755.56
4397.40000 761.37
4397.50000 750.94
4397.60000 765.16
4397.70000 756.63
4397.80000 757.30
4397.90000 757.19
4398.00000 751.48
4398.10000 755.54
4398.20000 761.97
4398.30000 759.45
4398.40000 762.17
4398.50000 770.82
4398.60000 758.94
4398.70000 756.84
4398.80000 762.33
4398.90000 763.23
4399.00000 755.16
4399.10000 769.86
4399.20000 760.80
4399.30000 755.43
4399.40000 747.06
4399.50000 746.83
4399.60000 744.33
4399.70000 744.38
4399.80000 752.54
4399.90000 757.30
4400.00000 738.57
4400.10000 739.09
4400.20000 745.57
4400.30000 746.28
4400.40000 746.72
4400.50000 744.50
4400.60000 742.16
4400.70000 748.63
4400.80000 747.20
4400.90000 752.82
4401.00000 752.67
4401.10000 755.28
4401.20000 745.06
4401.30000 750.09
4401.40000 748.94
4401.50000 753.82
4401.60000 758.94
4401.70000 750.74
4401.80000 749.89
4401.90000 755.61
4402.00000 767.31
4402.10000 774.73
4402.20000 766.57
4402.30000 778.60
4402.40000 760.43
4402.50000 755.73
4402.60000 758.55
4402.70000 748.69
4402.80000 754.58
4402.90000 750.92
4403.00000 756.72
4403.10000 756.24
4403.20000 763.50
4403.30000 753.40
4403.40000 763.00
4403.50000 758.69
4403.60000 753.00
4403.70000 767.70
4403.80000 753.23
4403.90000 755.22
4404.00000 758.15
4404.10000 745.53
4404.20000 746.45
4404.30000 754.01
4404.40000 748.24
4404.50000 755.76
4404.60000 751.94
4404.70000 754.99
4404.80000 754.38
4404.90000 751.27
4405.00000 742.06
4405.10000 746.03
4405.20000 753.64
4405.30000 740.09
4405.40000 752.00
4405.50000 750.35
4405.60000 743.96
4405.70000 746.87
4405.80000 763.17
4405.90000 746.31
4406.00000 747.23
4406.10000 756.65
4406.20000 759.26
4406.30000 755.24
4406.40000 766.92
4406.50000 747.82
4406.60000 750.72
4406.70000 747.21
4406.80000 755.66
4406.90000 758.48
4407.00000 755.56
4407.10000 762.13
4407.20000 766.95
4407.30000 760.77
4407.40000 754.44
4407.50000 754.79
4407.60000 755.97
4407.70000 751.34
4407.80000 762.43
4407.90000 759.75
4408.00000 759.61
4408.10000 761.26
4408.20000 760.83
4408.30000 762.39
4408.40000 753.71
4408.50000 758.61
4408.60000 762.29
4408.70000 747.43
4408.80000 759.64
4408.90000 750.77
4409.00000 756.21
4409.10000 763.88
4409.20000 746.24
4409.30000 751.32
4409.40000 758.56
4409.50000 754.04
4409.60000 751.67
4409.70000 740.82
4409.80000 748.41
4409.90000 755.77
4410.00000 763.12
4410.10000 752.92
4410.20000 754.73
4410.30000 751.72
4410.40000 752.19
4410.50000 753.19
4410.60000 745.90
4410.70000 752.77
4410.80000 753.11
4410.90000 749.43
4411.00000 753.57
4411.10000 748.43
4411.20000 744.08
4411.30000 756.17
4411.40000 744.00
4411.50000 740.71
4411.60000 753.92
4411.70000 746.13
4411.80000 749.48
4411.90000 737.76
4412.00000 762.85
4412.10000 812.91
4412.20000 754.05
4412.30000 740.10
4412.40000 738.71
4412.50000 743.40
4412.60000 748.11
4412.70000 739.69
4412.80000 752.48
4412.90000 741.73
4413.00000 741.33
4413.10000 738.89
4413.20000 747.66
4413.30000 747.48
4413.40000 748.59
4413.50000 749.16
4413.60000 748.02
4413.70000 760.70
4413.80000 749.84
4413.90000 747.31
4414.00000 733.44
4414.10000 745.61
4414.20000 746.06
4414.30000 741.47
4414.40000 744.38
4414.50000 749.11
4414.60000 752.35
4414.70000 747.58
4414.80000 741.51
4414.90000 750.34
4415.00000 740.85
4415.10000 743.01
4415.20000 752.29
4415.30000 750.78
4415.40000 752.35
4415.50000 752.78
4415.60000 752.42
4415.70000 762.65
4415.80000 761.69
4415.90000 750.82
4416.00000 757.74
4416.10000 760.31
4416.20000 745.31
4416.30000 746.07
4416.40000 755.10
4416.50000 751.00
4416.60000 743.31
4416.70000 743.33
4416.80000 737.58
4416.90000 744.36
4417.00000 744.15
4417.10000 737.13
4417.20000 739.71
4417.30000 747.24
4417.40000 754.46
4417.50000 739.22
4417.60000 734.33
4417.70000 734.18
4417.80000 740.64
4417.90000 750.13
4418.00000 742.32
4418.10000 743.52
4418.20000 740.80
4418.30000 748.13
4418.40000 742.70
4418.50000 743.85
4418.60000 757.74
4418.70000 746.62
4418.80000 745.17
4418.90000 754.39
4419.00000 746.79
4419.10000 747.67
4419.20000 752.44
4419.30000 740.54
4419.40000 750.79
4419.50000 752.50
4419.60000 746.33
4419.70000 746.57
4419.80000 756.75
4419.90000 748.16
4420.00000 744.58
4420.10000 747.51
4420.20000 753.40
4420.30000 753.66
4420.40000 751.95
4420.50000 738.70
4420.60000 752.66
4420.70000 750.15
4420.80000 744.50
4420.90000 736.15
4421.00000 749.04
4421.10000 732.81
4421.20000 738.90
4421.30000 742.19
4421.40000 749.21
4421.50000 747.27
4421.60000 746.21
4421.70000 729.00
4421.80000 738.80
4421.90000 732.08
4422.00000 736.29
4422.10000 734.55
4422.20000 733.66
4422.30000 734.33
4422.40000 731.48
4422.50000 731.99
4422.60000 737.32
4422.70000 735.55
4422.80000 731.98
4422.90000 735.27
4423.00000 723.38
4423.10000 729.69
4423.20000 739.72
4423.30000 737.73
4423.40000 735.66
4423.50000 736.86
4423.60000 726.85
4423.70000 739.93
4423.80000 733.31
4423.90000 740.91
4424.00000 726.03
4424.10000 735.58
4424.20000 737.57
4424.30000 728.83
4424.40000 741.73
4424.50000 739.05
4424.60000 742.48
4424.70000 744.43
4424.80000 736.44
4424.90000 732.78
4425.00000 740.58
4425.10000 744.56
4425.20000 742.88
4425.30000 732.58
4425.40000 735.56
4425.50000 738.97
4425.60000 736.41
4425.70000 737.79
4425.80000 730.02
4425.90000 746.47
4426.00000 740.01
4426.10000 739.63
4426.20000 741.56
4426.30000 728.59
4426.40000 738.49
4426.50000 729.07
4426.60000 725.14
4426.70000 732.23
4426.80000 734.84
4426.90000 739.15
4427.00000 729.44
4427.10000 743.82
4427.20000 726.34
4427.30000 725.41
4427.40000 738.15
4427.50000 733.94
4427.60000 739.53
4427.70000 738.91
4427.80000 735.18
4427.90000 741.10
4428.00000 725.29
4428.10000 735.19
4428.20000 735.39
4428.30000 734.73
4428.40000 745.87
4428.50000 727.05
4428.60000 735.65
4428.70000 738.75
4428.80000 739.34
4428.90000 741.42
4429.00000 734.37
4429.10000 742.30
4429.20000 734.94
4429.30000 735.16
4429.40000 731.57
4429.50000 742.04
4429.60000 742.45
4429.70000 737.97
4429.80000 750.98
4429.90000 744.98
4430.00000 734.94
4430.10000 736.35
4430.20000 744.71
4430.30000 731.22
4430.40000 734.50
4430.50000 733.75
4430.60000 734.57
4430.70000 738.71
4430.80000 735.86
4430.90000 745.94
4431.00000 740.69
4431.10000 742.89
4431.20000 742.98
4431.30000 741.90
4431.40000 740.72
4431.50000 741.52
4431.60000 754.07
4431.70000 740.93
4431.80000 742.14
4431.90000 745.08
4432.00000 738.83
4432.10000 742.04
4432.20000 737.16
4432.30000 731.91
4432.40000 735.71
4432.50000 756.15
4432.60000 750.14
4432.70000 739.95
4432.80000 748.68
4432.90000 754.67
4433.00000 738.89
4433.10000 735.88
4433.20000 741.50
4433.30000 747.22
4433.40000 749.39
4433.50000 750.93
4433.60000 741.22
4433.70000 755.18
4433.80000 749.51
4433.90000 758.17
4434.00000 751.62
4434.10000 738.92
4434.20000 740.19
4434.30000 745.65
4434.40000 748.79
4434.50000 744.90
4434.60000 751.65
4434.70000 747.02
4434.80000 744.13
4434.90000 749.72
4435.00000 751.43
4435.10000 750.58
4435.20000 741.74
4435.30000 747.31
4435.40000 753.68
4435.50000 753.49
4435.60000 743.61
4435.70000 741.74
4435.80000 754.13
4435.90000 748.63
4436.00000 758.67
4436.10000 762.24
4436.20000 751.72
4436.30000 758.38
4436.40000 742.60
4436.50000 752.83
4436.60000 751.27
4436.70000 741.59
4436.80000 767.44
4436.90000 763.09
4437.00000 749.77
4437.10000 748.22
4437.20000 744.65
4437.30000 756.49
4437.40000 760.52
4437.50000 757.97
4437.60000 749.17
4437.70000 752.83
4437.80000 756.83
4437.90000 754.97
4438.00000 758.37
4438.10000 755.54
4438.20000 760.39
4438.30000 759.74
4438.40000 772.37
4438.50000 766.58
4438.60000 764.98
4438.70000 757.65
4438.80000 752.13
4438.90000 759.65
4439.00000 772.44
4439.10000 766.22
4439.20000 763.58
4439.30000 766.39
4439.40000 778.23
4439.50000 767.38
4439.60000 771.32
4439.70000 763.73
4439.80000 764.93
4439.90000 771.78
4440.00000 769.48
4440.10000 776.01
4440.20000 769.19
4440.30000 776.68
4440.40000 769.41
4440.50000 771.14
4440.60000 759.37
4440.70000 778.29
4440.80000 776.00
4440.90000 779.34
4441.00000 764.67
4441.10000 770.88
4441.20000 778.02
4441.30000 774.66
4441.40000 773.24
4441.50000 769.29
4441.60000 773.02
4441.70000 780.21
4441.80000 784.85
4441.90000 780.17
4442.00000 785.59
4442.10000 771.65
4442.20000 788.70
4442.30000 778.51
4442.40000 788.56
4442.50000 769.16
4442.60000 793.54
4442.70000 797.17
4442.80000 776.53
4442.90000 791.65
4443.00000 787.40
4443.10000 778.22
4443.20000 789.09
4443.30000 793.36
4443.40000 797.16
4443.50000 787.64
4443.60000 783.88
4443.70000 796.85
4443.80000 802.60
4443.90000 801.17
4444.00000 804.48
4444.10000 777.32
4444.20000 786.91
4444.30000 789.59
4444.40000 788.89
4444.50000 793.06
4444.60000 793.64
4444.70000 793.92
4444.80000 797.35
4444.90000 795.92
4445.00000 800.93
4445.10000 795.22
4445.20000 799.49
4445.30000 797.19
4445.40000 789.19
4445.50000 791.72
4445.60000 796.64
4445.70000 807.90
4445.80000 787.02
4445.90000 794.70
4446.00000 790.79
4446.10000 805.26
4446.20000 795.31
4446.30000 802.36
4446.40000 799.88
4446.50000 791.66
4446.60000 792.83
4446.70000 804.77
4446.80000 801.31
4446.90000 805.22
4447.00000 793.00
4447.10000 792.77
4447.20000 802.54
4447.30000 801.74
4447.40000 782.29
4447.50000 784.34
4447.60000 800.24
4447.70000 791.05
4447.80000 790.66
4447.90000 794.29
4448.00000 793.16
4448.10000 796.76
4448.20000 804.67
4448.30000 790.59
4448.40000 789.00
4448.50000 800.25
4448.60000 794.02
4448.70000 789.85
4448.80000 796.47
4448.90000 791.97
4449.00000 793.43
4449.10000 791.54
4449.20000 793.35
4449.30000 783.95
4449.40000 792.04
4449.50000 790.12
4449.60000 786.42
4449.70000 791.90
4449.80000 785.56
4449.90000 799.00
4450.00000 805.62
4450.10000 792.58
4450.20000 791.23
4450.30000 796.12
4450.40000 800.48
4450.50000 793.04
4450.60000 793.26
4450.70000 801.31
4450.80000 797.53
4450.90000 806.03
4451.00000 795.01
4451.10000 793.30
4451.20000 798.06
4451.30000 801.15
4451.40000 798.81
4451.50000 796.80
4451.60000 805.76
4451.70000 802.65
4451.80000 799.48
4451.90000 797.25
4452.00000 792.26
4452.10000 793.49
4452.20000 797.60
4452.30000 795.49
4452.40000 799.51
4452.50000 804.34
4452.60000 812.51
4452.70000 798.64
4452.80000 797.60
4452.90000 801.31
4453.00000 807.93
4453.10000 810.47
4453.20000 799.08
4453.30000 814.16
4453.40000 812.97
4453.50000 815.82
4453.60000 805.89
4453.70000 811.71
4453.80000 806.12
4453.90000 814.60
4454.00000 812.91
4454.10000 806.77
4454.20000 803.29
4454.30000 805.14
4454.40000 793.99
4454.50000 801.08
4454.60000 796.72
4454.70000 803.25
4454.80000 804.92
4454.90000 806.04
4455.00000 810.47
4455.10000 814.02
4455.20000 806.95
4455.30000 807.44
4455.40000 811.62
4455.50000 808.51
4455.60000 806.19
4455.70000 802.99
4455.80000 808.15
4455.90000 804.17
4456.00000 807.66
4456.10000 801.05
4456.20000 802.62
4456.30000 806.25
4456.40000 805.79
4456.50000 810.76
4456.60000 802.84
4456.70000 815.13
4456.80000 815.66
4456.90000 848.03
4457.00000 802.74
4457.10000 810.94
4457.20000 809.01
4457.30000 808.46
4457.40000 805.14
4457.50000 817.18
4457.60000 807.84
4457.70000 808.58
4457.80000 807.03
4457.90000 811.13
4458.00000 813.53
4458.10000 809.45
4458.20000 803.43
4458.30000 820.66
4458.40000 811.38
4458.50000 806.79
4458.60000 819.73
4458.70000 811.58
4458.80000 823.07
4458.90000 815.68
4459.00000 823.50
4459.10000 818.10
4459.20000 821.92
4459.30000 831.99
4459.40000 809.97
4459.50000 822.16
4459.60000 825.79
4459.70000 819.84
4459.80000 828.17
4459.90000 826.01
4460.00000 877.37
4460.10000 887.59
4460.20000 817.39
4460.30000 830.63
4460.40000 824.06
4460.50000 830.72
4460.60000 830.31
4460.70000 824.77
4460.80000 827.85
4460.90000 816.97
4461.00000 807.26
4461.10000 819.23
4461.20000 818.48
4461.30000 817.81
4461.40000 828.15
4461.50000 827.69
4461.60000 815.18
4461.70000 814.12
4461.80000 835.02
4461.90000 815.88
4462.00000 821.54
4462.10000 824.63
4462.20000 821.80
4462.30000 829.44
4462.40000 833.36
4462.50000 815.16
4462.60000 821.93
4462.70000 816.16
4462.80000 812.84
4462.90000 819.85
4463.00000 816.85
4463.10000 824.14
4463.20000 826.03
4463.30000 811.26
4463.40000 817.77
4463.50000 808.67
4463.60000 816.16
4463.70000 826.80
4463.80000 820.01
4463.90000 814.13
4464.00000 822.20
4464.10000 815.43
4464.20000 823.07
4464.30000 821.06
4464.40000 816.29
4464.50000 808.37
4464.60000 817.23
4464.70000 818.04
4464.80000 812.59
4464.90000 818.52
4465.00000 819.25
4465.10000 813.45
4465.20000 810.05
4465.30000 820.75
4465.40000 805.03
4465.50000 818.89
4465.60000 811.83
4465.70000 811.96
4465.80000 809.06
4465.90000 802.01
4466.00000 807.66
4466.10000 803.29
4466.20000 803.59
4466.30000 808.79
4466.40000 809.30
4466.50000 799.64
4466.60000 791.54
4466.70000 798.04
4466.80000 800.80
4466.90000 802.80
4467.00000 804.92
4467.10000 800.53
4467.20000 790.78
4467.30000 797.37
4467.40000 788.41
4467.50000 788.14
4467.60000 800.96
4467.70000 789.00
4467.80000 790.01
4467.90000 796.61
4468.00000 789.90
4468.10000 788.74
4468.20000 773.40
4468.30000 775.60
4468.40000 782.06
4468.50000 787.22
4468.60000 770.62
4468.70000 781.18
4468.80000 773.27
4468.90000 762.74
4469.00000 779.93
4469.10000 774.06
4469.20000 790.43
4469.30000 777.56
4469.40000 782.60
4469.50000 786.89
4469.60000 779.96
4469.70000 780.15
4469.80000 775.05
4469.90000 774.26
4470.00000 787.42
4470.10000 777.91
4470.20000 780.86
4470.30000 764.26
4470.40000 778.49
4470.50000 777.08
4470.60000 782.18
4470.70000 800.82
4470.80000 786.25
4470.90000 780.53
4471.00000 784.31
4471.10000 772.42
4471.20000 780.48
4471.30000 788.42
4471.40000 781.65
4471.50000 779.34
4471.60000 787.65
4471.70000 786.24
4471.80000 783.35
4471.90000 780.27
4472.00000 768.11
4472.10000 769.07
4472.20000 775.13
4472.30000 782.54
4472.40000 774.75
4472.50000 767.38
4472.60000 771.93
4472.70000 779.33
4472.80000 774.93
4472.90000 782.74
4473.00000 789.01
4473.10000 784.58
4473.20000 783.04
4473.30000 797.05
4473.40000 790.55
4473.50000 783.04
4473.60000 798.06
4473.70000 782.07
4473.80000 786.34
4473.90000 790.48
4474.00000 794.49
4474.10000 786.47
4474.20000 790.35
4474.30000 798.21
4474.40000 792.39
4474.50000 799.95
4474.60000 809.08
4474.70000 806.62
4474.80000 800.35
4474.90000 814.73
4475.00000 804.79
4475.10000 812.61
4475.20000 804.44
4475.30000 811.14
4475.40000 803.75
4475.50000 803.30
4475.60000 801.44
4475.70000 796.06
4475.80000 798.38
4475.90000 805.22
4476.00000 797.63
4476.10000 811.45
4476.20000 807.13
4476.30000 809.86
4476.40000 796.82
4476.50000 798.01
4476.60000 812.01
4476.70000 802.55
4476.80000 801.89
4476.90000 808.32
4477.00000 805.96
4477.10000 815.12
4477.20000 803.94
4477.30000 816.53
4477.40000 819.16
4477.50000 819.15
4477.60000 806.78
4477.70000 822.64
4477.80000 826.94
4477.90000 820.83
4478.00000 829.13
4478.10000 828.79
4478.20000 829.51
4478.30000 851.62
4478.40000 832.36
4478.50000 836.55
4478.60000 854.27
4478.70000 847.82
4478.80000 837.27
4478.90000 837.22
4479.00000 839.62
4479.10000 834.87
4479.20000 853.77
4479.30000 851.08
4479.40000 844.76
4479.50000 849.06
4479.60000 846.11
4479.70000 834.81
4479.80000 851.87
4479.90000 835.32
4480.00000 845.98
4480.10000 855.37
4480.20000 849.06
4480.30000 851.73
4480.40000 837.33
4480.50000 833.88
4480.60000 841.28
4480.70000 843.54
4480.80000 847.94
4480.90000 839.42
4481.00000 852.46
4481.10000 833.60
4481.20000 835.63
4481.30000 848.25
4481.40000 840.17
4481.50000 846.72
4481.60000 841.32
4481.70000 846.47
4481.80000 841.91
4481.90000 850.94
4482.00000 842.05
4482.10000 843.76
4482.20000 845.36
4482.30000 852.37
4482.40000 841.15
4482.50000 847.39
4482.60000 835.04
4482.70000 841.64
4482.80000 845.96
4482.90000 842.91
4483.00000 849.24
4483.10000 851.71
4483.20000 847.98
4483.30000 851.72
4483.40000 861.97
4483.50000 856.69
4483.60000 855.31
4483.70000 860.14
4483.80000 851.04
4483.90000 861.06
4484.00000 863.37
4484.10000 861.64
4484.20000 855.41
4484.30000 863.41
4484.40000 859.48
4484.50000 859.93
4484.60000 871.25
4484.70000 855.15
4484.80000 872.43
4484.90000 864.27
4485.00000 868.83
4485.10000 857.46
4485.20000 853.69
4485.30000 862.11
4485.40000 868.80
4485.50000 868.60
4485.60000 868.76
4485.70000 861.05
4485.80000 858.71
4485.90000 870.13
4486.00000 854.73
4486.10000 861.28
4486.20000 866.86
4486.30000 869.14
4486.40000 853.77
4486.50000 856.18
4486.60000 866.44
4486.70000 859.97
4486.80000 868.51
4486.90000 860.17
4487.00000 858.64
4487.10000 861.15
4487.20000 875.08
4487.30000 861.51
4487.40000 858.06
4487.50000 868.14
4487.60000 884.23
4487.70000 872.84
4487.80000 871.15
4487.90000 880.80
4488.00000 891.33
4488.10000 888.57
4488.20000 872.00
4488.30000 884.75
4488.40000 879.71
4488.50000 866.52
4488.60000 883.41
4488.70000 878.12
4488.80000 887.72
4488.90000 885.65
4489.00000 882.40
4489.10000 864.77
4489.20000 865.27
4489.30000 885.89
4489.40000 884.84
4489.50000 887.97
4489.60000 883.70
4489.70000 895.40
4489.80000 882.62
4489.90000 877.58
4490.00000 881.64
4490.10000 897.98
4490.20000 903.32
4490.30000 899.99
4490.40000 889.08
4490.50000 883.67
4490.60000 891.20
4490.70000 899.35
4490.80000 901.86
4490.90000 882.40
4491.00000 907.26
4491.10000 910.52
4491.20000 895.00
4491.30000 899.18
4491.40000 891.69
4491.50000 911.45
4491.60000 889.89
4491.70000 897.65
4491.80000 901.62
4491.90000 892.12
4492.00000 890.51
4492.10000 884.02
4492.20000 894.92
4492.30000 921.80
4492.40000 893.67
4492.50000 902.19
4492.60000 875.71
4492.70000 882.40
4492.80000 886.24
4492.90000 894.39
4493.00000 881.63
4493.10000 886.28
4493.20000 891.22
4493.30000 896.24
4493.40000 895.82
4493.50000 889.47
4493.60000 889.78
4493.70000 897.82
4493.80000 894.60
4493.90000 896.28
4494.00000 889.33
4494.10000 886.77
4494.20000 877.74
4494.30000 877.94
4494.40000 881.23
4494.50000 877.82
4494.60000 874.53
4494.70000 872.12
4494.80000 863.70
4494.90000 877.48
4495.00000 875.49
4495.10000 862.46
4495.20000 868.88
4495.30000 863.15
4495.40000 866.96
4495.50000 872.98
4495.60000 872.75
4495.70000 861.83
4495.80000 876.54
4495.90000 877.72
4496.00000 863.53
4496.10000 877.91
4496.20000 870.07
4496.30000 863.33
4496.40000 878.19
4496.50000 869.50
4496.60000 876.38
4496.70000 861.35
4496.80000 874.93
4496.90000 869.15
4497.00000 862.33
4497.10000 869.10
4497.20000 868.91
4497.30000 867.55
4497.40000 866.95
4497.50000 876.21
4497.60000 877.35
4497.70000 862.57
4497.80000 867.57
4497.90000 868.49
4498.00000 870.53
4498.10000 860.04
4498.20000 861.18
4498.30000 864.22
4498.40000 863.73
4498.50000 867.35
4498.60000 876.95
4498.70000 868.67
4498.80000 872.38
4498.90000 881.07
4499.00000 878.30
4499.10000 867.87
4499.20000 871.88
4499.30000 869.21
4499.40000 867.08
4499.50000 865.63
4499.60000 868.21
4499.70000 886.66
4499.80000 868.23
4499.90000 868.32
4500.00000 874.72
4500.10000 859.10
4500.20000 860.98
4500.30000 857.05
4500.40000 864.27
4500.50000 873.55
4500.60000 847.67
4500.70000 859.71
4500.80000 843.36
4500.90000 849.27
4501.00000 853.19
4501.10000 838.64
4501.20000 848.68
4501.30000 846.92
4501.40000 837.12
4501.50000 831.93
4501.60000 847.32
4501.70000 837.06
4501.80000 838.94
4501.90000 846.54
4502.00000 838.93
4502.10000 847.30
4502.20000 841.34
4502.30000 829.91
4502.40000 842.91
4502.50000 841.83
4502.60000 845.51
4502.70000 849.86
4502.80000 836.69
4502.90000 846.12
4503.00000 850.01
4503.10000 851.73
4503.20000 845.31
4503.30000 853.69
4503.40000 853.59
4503.50000 854.05
4503.60000 853.07
4503.70000 853.81
4503.80000 856.15
4503.90000 847.31
4504.00000 857.03
4504.10000 856.68
4504.20000 863.60
4504.30000 861.03
4504.40000 848.24
4504.50000 859.91
4504.60000 861.69
4504.70000 859.10
4504.80000 861.66
4504.90000 859.64
4505.00000 866.09
4505.10000 863.19
4505.20000 859.85
4505.30000 862.84
4505.40000 858.65
4505.50000 865.64
4505.60000 866.64
4505.70000 872.73
4505.80000 872.66
4505.90000 867.25
4506.00000 881.27
4506.10000 871.78
4506.20000 874.97
4506.30000 879.59
4506.40000 876.60
4506.50000 886.37
4506.60000 884.24
4506.70000 884.24
4506.80000 887.21
4506.90000 897.41
4507.00000 894.91
4507.10000 889.88
4507.20000 896.91
4507.30000 888.13
4507.40000 892.47
4507.50000 891.15
4507.60000 896.82
4507.70000 889.04
4507.80000 884.90
4507.90000 882.34
4508.00000 892.25
4508.10000 883.05
4508.20000 883.91
4508.30000 872.40
4508.40000 880.64
4508.50000 873.43
4508.60000 867.90
4508.70000 882.94
4508.80000 869.81
4508.90000 878.17
4509.00000 877.26
4509.10000 872.21
4509.20000 870.14
4509.30000 870.77
4509.40000 884.93
4509.50000 882.44
4509.60000 883.99
4509.70000 880.05
4509.80000 875.85
4509.90000 882.37
4510.00000 889.29
4510.10000 898.20
4510.20000 886.18
4510.30000 890.63
4510.40000 892.58
4510.50000 884.87
4510.60000 893.39
4510.70000 880.96
4510.80000 889.30
4510.90000 892.40
4511.00000 887.75
4511.10000 882.96
4511.20000 882.01
4511.30000 879.73
4511.40000 879.41
4511.50000 879.07
4511.60000 875.73
4511.70000 891.05
4511.80000 888.17
4511.90000 902.13
4512.00000 890.76
4512.10000 884.23
4512.20000 876.92
4512.30000 895.36
4512.40000 880.02
4512.50000 887.67
4512.60000 891.94
4512.70000 876.74
4512.80000 883.90
4512.90000 875.54
4513.00000 891.26
4513.10000 893.98
4513.20000 892.31
4513.30000 891.53
4513.40000 895.21
4513.50000 888.72
4513.60000 900.91
4513.70000 901.87
4513.80000 900.67
4513.90000 893.54
4514.00000 890.38
4514.10000 918.70
4514.20000 905.36
4514.30000 909.00
4514.40000 902.37
4514.50000 891.92
4514.60000 916.34
4514.70000 892.70
4514.80000 901.14
4514.90000 901.08
4515.00000 888.77
4515.10000 894.91
4515.20000 891.76
4515.30000 885.97
4515.40000 883.24
4515.50000 894.44
4515.60000 898.64
4515.70000 890.01
4515.80000 896.98
4515.90000 898.87
4516.00000 904.09
4516.10000 886.90
4516.20000 894.96
4516.30000 898.35
4516.40000 894.32
4516.50000 906.18
4516.60000 911.19
4516.70000 905.82
4516.80000 907.88
4516.90000 906.75
4517.00000 900.47
4517.10000 898.47
4517.20000 908.15
4517.30000 920.23
4517.40000 917.50
4517.50000 925.29
4517.60000 926.59
4517.70000 926.63
4517.80000 917.10
4517.90000 922.17
4518.00000 918.57
4518.10000 916.84
4518.20000 925.78
4518.30000 931.58
4518.40000 931.15
4518.50000 919.17
4518.60000 929.04
4518.70000 927.19
4518.80000 932.34
4518.90000 928.06
4519.00000 934.34
4519.10000 941.00
4519.20000 935.63
4519.30000 934.37
4519.40000 928.94
4519.50000 917.77
4519.60000 934.76
4519.70000 922.32
4519.80000 918.49
4519.90000 922.53
4520.00000 913.99
4520.10000 924.96
4520.20000 906.48
4520.30000 921.78
4520.40000 923.01
4520.50000 928.01
4520.60000 923.08
4520.70000 934.21
4520.80000 929.65
4520.90000 928.52
4521.00000 931.37
4521.10000 932.85
4521.20000 922.27
4521.30000 930.39
4521.40000 943.69
4521.50000 936.44
4521.60000 948.54
4521.70000 943.26
4521.80000 937.11
4521.90000 940.23
4522.00000 933.16
4522.10000 943.29
4522.20000 949.94
4522.30000 940.65
4522.40000 945.68
4522.50000 934.30
4522.60000 928.34
4522.70000 931.08
4522.80000 930.63
4522.90000 928.57
4523.00000 916.34
4523.10000 929.58
4523.20000 919.15
4523.30000 914.95
4523.40000 924.57
4523.50000 909.42
4523.60000 918.13
4523.70000 913.96
4523.80000 906.46
4523.90000 916.97
4524.00000 923.97
4524.10000 919.85
4524.20000 913.44
4524.30000 918.90
4524.40000 911.23
4524.50000 905.16
4524.60000 909.34
4524.70000 905.48
4524.80000 907.46
4524.90000 912.21
4525.00000 901.18
4525.10000 912.43
4525.20000 901.99
4525.30000 896.75
4525.40000 907.17
4525.50000 909.11
4525.60000 911.05
4525.70000 901.33
4525.80000 892.67
4525.90000 905.91
4526.00000 896.20
4526.10000 903.50
4526.20000 888.67
4526.30000 886.70
4526.40000 889.88
4526.50000 897.95
4526.60000 888.22
4526.70000 880.83
4526.80000 895.09
4526.90000 888.06
4527.00000 895.09
4527.10000 886.93
4527.20000 897.03
4527.30000 894.45
4527.40000 889.23
4527.50000 888.43
4527.60000 900.05
4527.70000 876.57
4527.80000 894.37
4527.90000 882.23
4528.00000 889.68
4528.10000 882.91
4528.20000 889.15
4528.30000 902.58
4528.40000 886.71
4528.50000 890.79
4528.60000 878.35
4528.70000 900.12
4528.80000 881.46
4528.90000 890.13
4529.00000 896.05
4529.10000 874.35
4529.20000 879.86
4529.30000 885.81
4529.40000 891.70
4529.50000 886.55
4529.60000 891.75
4529.70000 882.90
4529.80000 889.72
4529.90000 884.56
4530.00000 896.43
4530.10000 885.71
4530.20000 902.72
4530.30000 890.95
4530.40000 886.46
4530.50000 891.11
4530.60000 891.21
4530.70000 895.45
4530.80000 896.25
4530.90000 902.52
4531.00000 892.56
4531.10000 895.50
4531.20000 901.63
4531.30000 900.80
4531.40000 897.17
4531.50000 900.71
4531.60000 901.07
4531.70000 888.16
4531.80000 899.51
4531.90000 907.66
4532.00000 903.88
4532.10000 908.23
4532.20000 904.31
4532.30000 902.29
4532.40000 919.53
4532.50000 908.83
4532.60000 899.59
4532.70000 897.12
4532.80000 905.31
4532.90000 909.25
4533.00000 908.49
4533.10000 914.91
4533.20000 895.60
4533.30000 896.87
4533.40000 901.65
4533.50000 893.23
4533.60000 903.03
4533.70000 897.60
4533.80000 896.86
4533.90000 902.13
4534.00000 903.87
4534.10000 897.24
4534.20000 902.50
4534.30000 898.47
4534.40000 892.02
4534.50000 885.02
4534.60000 881.91
4534.70000 897.26
4534.80000 900.01
4534.90000 892.51
4535.00000 906.10
4535.10000 886.84
4535.20000 891.44
4535.30000 898.88
4535.40000 903.33
4535.50000 903.81
4535.60000 890.38
4535.70000 911.53
4535.80000 909.92
4535.90000 912.35
4536.00000 915.35
4536.10000 906.82
4536.20000 908.89
4536.30000 915.80
4536.40000 908.68
4536.50000 913.46
4536.60000 904.53
4536.70000 908.89
4536.80000 919.04
4536.90000 899.07
4537.00000 910.48
4537.10000 923.82
4537.20000 911.61
4537.30000 921.70
4537.40000 911.01
4537.50000 918.22
4537.60000 909.36
4537.70000 907.70
4537.80000 902.06
4537.90000 907.89
4538.00000 904.13
4538.10000 912.44
4538.20000 905.37
4538.30000 911.00
4538.40000 911.96
4538.50000 905.64
4538.60000 914.44
4538.70000 923.72
4538.80000 911.50
4538.90000 905.21
4539.00000 911.65
4539.10000 902.20
4539.20000 914.00
4539.30000 921.28
4539.40000 937.36
4539.50000 917.06
4539.60000 918.12
4539.70000 908.04
4539.80000 912.45
4539.90000 902.71
4540.00000 931.00
4540.10000 916.86
4540.20000 928.61
4540.30000 917.83
4540.40000 919.13
4540.50000 921.25
4540.60000 905.16
4540.70000 923.56
4540.80000 908.98
4540.90000 921.69
4541.00000 920.13
4541.10000 909.93
4541.20000 911.13
4541.30000 902.71
4541.40000 915.54
4541.50000 902.26
4541.60000 906.44
4541.70000 915.94
4541.80000 914.73
4541.90000 914.49
4542.00000 921.81
4542.10000 900.51
4542.20000 920.70
4542.30000 915.02
4542.40000 906.14
4542.50000 909.05
4542.60000 915.60
4542.70000 921.52
4542.80000 920.43
4542.90000 928.96
4543.00000 911.35
4543.10000 918.34
4543.20000 924.27
4543.30000 919.18
4543.40000 930.50
4543.50000 913.00
4543.60000 914.69
4543.70000 931.62
4543.80000 944.88
4543.90000 943.26
4544.00000 921.69
4544.10000 927.41
4544.20000 919.88
4544.30000 917.15
4544.40000 920.23
4544.50000 928.06
4544.60000 945.10
4544.70000 927.62
4544.80000 928.07
4544.90000 917.33
4545.00000 916.32
4545.10000 918.62
4545.20000 916.30
4545.30000 916.92
4545.40000 929.65
4545.50000 928.77
4545.60000 911.81
4545.70000 921.78
4545.80000 933.31
4545.90000 929.78
4546.00000 920.82
4546.10000 918.87
4546.20000 938.70
4546.30000 927.52
4546.40000 914.69
4546.50000 923.14
4546.60000 929.23
4546.70000 914.88
4546.80000 928.24
4546.90000 922.62
4547.00000 943.14
4547.10000 939.87
4547.20000 930.15
4547.30000 924.41
4547.40000 937.53
4547.50000 948.43
4547.60000 954.40
4547.70000 949.72
4547.80000 944.68
4547.90000 1008.42
4548.00000 1002.82
4548.10000 955.65
4548.20000 950.95
4548.30000 979.47
4548.40000 953.05
4548.50000 955.70
4548.60000 948.45
4548.70000 946.56
4548.80000 937.11
4548.90000 945.33
4549.00000 931.92
4549.10000 935.44
4549.20000 928.40
4549.30000 929.98
4549.40000 931.07
4549.50000 914.57
4549.60000 909.17
4549.70000 931.09
4549.80000 933.73
4549.90000 933.76
4550.00000 907.09
4550.10000 914.66
4550.20000 926.42
4550.30000 931.16
4550.40000 926.63
4550.50000 930.56
4550.60000 928.25
4550.70000 943.13
4550.80000 943.52
4550.90000 941.79
4551.00000 926.18
4551.10000 934.53
4551.20000 944.83
4551.30000 947.10
4551.40000 936.74
4551.50000 953.15
4551.60000 954.15
4551.70000 946.15
4551.80000 957.93
4551.90000 938.45
4552.00000 940.63
4552.10000 936.05
4552.20000 942.85
4552.30000 937.23
4552.40000 939.10
4552.50000 939.82
4552.60000 945.34
4552.70000 941.82
4552.80000 929.79
4552.90000 935.30
4553.00000 938.05
4553.10000 936.12
4553.20000 945.81
4553.30000 941.68
4553.40000 928.36
4553.50000 930.48
4553.60000 945.48
4553.70000 942.63
4553.80000 946.53
4553.90000 944.57
4554.00000 939.86
4554.10000 939.88
4554.20000 950.17
4554.30000 932.84
4554.40000 943.31
4554.50000 948.19
4554.60000 940.85
4554.70000 943.34
4554.80000 951.03
4554.90000 958.48
4555.00000 949.41
4555.10000 944.82
4555.20000 944.61
4555.30000 934.66
4555.40000 944.74
4555.50000 930.90
4555.60000 936.56
4555.70000 926.23
4555.80000 937.26
4555.90000 948.59
4556.00000 937.11
4556.10000 944.65
4556.20000 931.18
4556.30000 938.45
4556.40000 947.21
4556.50000 927.74
4556.60000 937.96
4556.70000 946.82
4556.80000 945.53
4556.90000 944.35
4557.00000 943.47
4557.10000 952.08
4557.20000 963.32
4557.30000 969.41
4557.40000 959.36
4557.50000 973.24
4557.60000 967.00
4557.70000 956.67
4557.80000 958.24
4557.90000 972.40
4558.00000 964.70
4558.10000 955.67
4558.20000 960.82
4558.30000 962.70
4558.40000 952.43
4558.50000 965.28
4558.60000 959.24
4558.70000 950.02
4558.80000 957.78
4558.90000 947.60
4559.00000 942.17
4559.10000 950.70
4559.20000 948.33
4559.30000 946.33
4559.40000 940.72
4559.50000 941.19
4559.60000 945.30
4559.70000 947.06
4559.80000 934.41
4559.90000 948.27
4560.00000 936.92
4560.10000 940.76
4560.20000 944.69
4560.30000 926.47
4560.40000 938.88
4560.50000 939.04
4560.60000 947.58
4560.70000 943.01
4560.80000 941.03
4560.90000 939.92
4561.00000 938.33
4561.10000 946.46
4561.20000 942.96
4561.30000 935.77
4561.40000 920.43
4561.50000 937.29
4561.60000 930.82
4561.70000 948.01
4561.80000 947.96
4561.90000 932.28
4562.00000 957.88
4562.10000 935.84
4562.20000 936.76
4562.30000 926.43
4562.40000 941.88
4562.50000 941.76
4562.60000 937.63
4562.70000 929.50
4562.80000 923.53
4562.90000 976.00
4563.00000 934.68
4563.10000 925.84
4563.20000 928.89
4563.30000 929.26
4563.40000 925.70
4563.50000 917.94
4563.60000 920.14
4563.70000 925.68
4563.80000 922.09
4563.90000 924.78
4564.00000 922.07
4564.10000 904.94
4564.20000 923.01
4564.30000 925.20
4564.40000 910.08
4564.50000 914.83
4564.60000 911.94
4564.70000 914.29
4564.80000 932.26
4564.90000 920.10
4565.00000 908.66
4565.10000 924.11
4565.20000 917.64
4565.30000 909.28
4565.40000 929.75
4565.50000 916.59
4565.60000 923.06
4565.70000 912.87
4565.80000 916.22
4565.90000 920.34
4566.00000 927.02
4566.10000 916.83
4566.20000 918.37
4566.30000 931.96
4566.40000 920.84
4566.50000 914.62
4566.60000 921.13
4566.70000 910.60
4566.80000 933.97
4566.90000 923.24
4567.00000 908.90
4567.10000 912.42
4567.20000 908.93
4567.30000 920.45
4567.40000 913.47
4567.50000 930.21
4567.60000 906.44
4567.70000 920.66
4567.80000 920.24
4567.90000 907.75
4568.00000 911.96
4568.10000 908.12
4568.20000 909.33
4568.30000 922.48
4568.40000 918.98
4568.50000 920.00
4568.60000 909.12
4568.70000 921.09
4568.80000 925.92
4568.90000 925.66
4569.00000 921.85
4569.10000 915.09
4569.20000 921.34
4569.30000 913.63
4569.40000 904.13
4569.50000 918.28
4569.60000 906.72
4569.70000 920.43
4569.80000 909.72
4569.90000 911.34
4570.00000 912.26
4570.10000 920.81
4570.20000 926.65
4570.30000 922.76
4570.40000 915.55
4570.50000 908.25
4570.60000 918.01
4570.70000 920.18
4570.80000 915.85
4570.90000 908.81
4571.00000 909.65
4571.10000 917.36
4571.20000 911.71
4571.30000 907.70
4571.40000 920.35
4571.50000 907.07
4571.60000 914.14
4571.70000 917.30
4571.80000 904.49
4571.90000 919.82
4572.00000 916.16
4572.10000 931.09
4572.20000 918.97
4572.30000 903.30
4572.40000 913.52
4572.50000 909.96
4572.60000 915.92
4572.70000 918.35
4572.80000 925.58
4572.90000 918.87
4573.00000 919.91
4573.10000 914.42
4573.20000 920.20
4573.30000 911.81
4573.40000 923.41
4573.50000 930.41
4573.60000 932.00
4573.70000 928.28
4573.80000 923.41
4573.90000 932.85
4574.00000 927.13
4574.10000 940.37
4574.20000 942.34
4574.30000 939.66
4574.40000 950.40
4574.50000 943.19
4574.60000 945.93
4574.70000 951.56
4574.80000 941.09
4574.90000 966.22
4575.00000 947.65
4575.10000 952.97
4575.20000 963.06
4575.30000 950.43
4575.40000 939.55
4575.50000 962.02
4575.60000 953.30
4575.70000 943.89
4575.80000 936.59
4575.90000 949.20
4576.00000 944.70
4576.10000 941.73
4576.20000 941.32
4576.30000 941.49
4576.40000 945.43
4576.50000 938.51
4576.60000 939.45
4576.70000 934.07
4576.80000 930.99
4576.90000 937.74
4577.00000 942.42
4577.10000 937.77
4577.20000 937.11
4577.30000 942.34
4577.40000 933.63
4577.50000 940.86
4577.60000 944.81
4577.70000 959.85
4577.80000 952.23
4577.90000 950.47
4578.00000 966.55
4578.10000 970.13
4578.20000 963.33
4578.30000 953.92
4578.40000 967.66
4578.50000 961.29
4578.60000 968.06
4578.70000 972.92
4578.80000 981.57
4578.90000 964.83
4579.00000 973.94
4579.10000 952.39
4579.20000 957.98
4579.30000 967.26
4579.40000 955.44
4579.50000 956.38
4579.60000 948.60
4579.70000 942.83
4579.80000 954.49
4579.90000 954.85
4580.00000 959.64
4580.10000 955.41
4580.20000 963.49
4580.30000 980.54
4580.40000 961.48
4580.50000 973.84
4580.60000 951.03
4580.70000 969.31
4580.80000 963.05
4580.90000 972.38
4581.00000 986.88
4581.10000 980.78
4581.20000 976.70
4581.30000 978.31
4581.40000 998.47
4581.50000 995.72
4581.60000 989.18
4581.70000 1003.61
4581.80000 1011.61
4581.90000 1005.63
4582.00000 1015.27
4582.10000 1011.98
4582.20000 1016.36
4582.30000 1009.89
4582.40000 1023.08
4582.50000 1033.29
4582.60000 1031.27
4582.70000 1040.74
4582.80000 1043.32
4582.90000 1030.79
4583.00000 1037.19
4583.10000 1032.02
4583.20000 1017.68
4583.30000 1011.98
4583.40000 1025.96
4583.50000 1002.18
4583.60000 1003.14
4583.70000 1002.33
4583.80000 995.36
4583.90000 999.05
4584.00000 986.04
4584.10000 984.10
4584.20000 984.35
4584.30000 992.42
4584.40000 994.09
4584.50000 1000.43
4584.60000 1002.73
4584.70000 1002.39
4584.80000 1001.14
4584.90000 1007.45
4585.00000 1001.78
4585.10000 1022.67
4585.20000 1012.99
4585.30000 1012.04
4585.40000 996.03
4585.50000 998.08
4585.60000 1020.28
4585.70000 1001.96
4585.80000 1019.78
4585.90000 1020.35
4586.00000 1035.31
4586.10000 1032.21
4586.20000 1027.32
4586.30000 1014.37
4586.40000 1024.33
4586.50000 1012.89
4586.60000 997.59
4586.70000 999.51
4586.80000 1000.94
4586.90000 989.67
4587.00000 1007.20
4587.10000 1000.42
4587.20000 997.08
4587.30000 990.15
4587.40000 980.05
4587.50000 976.62
4587.60000 961.69
4587.70000 969.62
4587.80000 963.91
4587.90000 962.88
4588.00000 954.83
4588.10000 968.52
4588.20000 959.39
4588.30000 959.76
4588.40000 953.11
4588.50000 964.57
4588.60000 957.78
4588.70000 947.88
4588.80000 939.17
4588.90000 950.72
4589.00000 963.33
4589.10000 945.10
4589.20000 951.36
4589.30000 928.52
4589.40000 957.44
4589.50000 949.43
4589.60000 953.49
4589.70000 952.18
4589.80000 955.89
4589.90000 956.90
4590.00000 960.94
4590.10000 950.93
4590.20000 950.88
4590.30000 968.51
4590.40000 957.26
4590.50000 956.41
4590.60000 1116.86
4590.70000 964.26
4590.80000 958.69
4590.90000 955.73
4591.00000 951.95
4591.10000 957.02
4591.20000 954.29
4591.30000 940.44
4591.40000 949.09
4591.50000 940.31
4591.60000 943.08
4591.70000 945.07
4591.80000 945.43
4591.90000 944.46
4592.00000 942.80
4592.10000 937.25
4592.20000 941.89
4592.30000 947.86
4592.40000 939.58
4592.50000 949.68
4592.60000 944.56
4592.70000 942.31
4592.80000 943.55
4592.90000 946.38
4593.00000 938.00
4593.10000 944.85
4593.20000 936.87
4593.30000 945.07
4593.40000 939.31
4593.50000 936.25
4593.60000 937.72
4593.70000 947.63
4593.80000 945.16
4593.90000 928.50
4594.00000 935.05
4594.10000 939.43
4594.20000 936.97
4594.30000 942.67
4594.40000 942.95
4594.50000 949.66
4594.60000 947.56
4594.70000 948.09
4594.80000 946.72
4594.90000 950.00
4595.00000 949.65
4595.10000 940.40
4595.20000 960.82
4595.30000 957.30
4595.40000 944.60
4595.50000 942.40
4595.60000 948.53
4595.70000 939.59
4595.80000 945.54
4595.90000 947.08
4596.00000 959.40
4596.10000 946.19
4596.20000 938.52
4596.30000 937.73
4596.40000 939.14
4596.50000 939.50
4596.60000 942.02
4596.70000 946.27
4596.80000 937.57
4596.90000 940.98
4597.00000 936.89
4597.10000 945.43
4597.20000 941.63
4597.30000 942.45
4597.40000 950.86
4597.50000 941.90
4597.60000 951.31
4597.70000 954.22
4597.80000 961.51
4597.90000 954.81
4598.00000 950.85
4598.10000 958.87
4598.20000 938.20
4598.30000 954.73
4598.40000 951.91
4598.50000 955.05
4598.60000 952.95
4598.70000 955.93
4598.80000 948.34
4598.90000 941.77
4599.00000 959.12
4599.10000 952.02
4599.20000 953.17
4599.30000 948.18
4599.40000 945.88
4599.50000 944.36
4599.60000 956.72
4599.70000 947.11
4599.80000 948.03
4599.90000 953.98
4600.00000 950.28
4600.10000 952.28
4600.20000 956.98
4600.30000 951.92
4600.40000 955.92
4600.50000 954.77
4600.60000 952.90
4600.70000 956.62
4600.80000 963.80
4600.90000 945.94
4601.00000 950.82
4601.10000 956.96
4601.20000 951.17
4601.30000 982.84
4601.40000 938.94
4601.50000 964.18
4601.60000 954.53
4601.70000 952.95
4601.80000 959.59
4601.90000 961.03
4602.00000 949.64
4602.10000 963.42
4602.20000 956.06
4602.30000 960.34
4602.40000 954.19
4602.50000 961.19
4602.60000 944.57
4602.70000 945.54
4602.80000 957.94
4602.90000 936.60
4603.00000 958.22
4603.10000 948.72
4603.20000 966.58
4603.30000 955.46
4603.40000 961.27
4603.50000 963.28
4603.60000 961.28
4603.70000 958.53
4603.80000 953.87
4603.90000 958.25
4604.00000 952.82
4604.10000 957.69
4604.20000 967.39
4604.30000 968.88
4604.40000 953.42
4604.50000 956.43
4604.60000 952.81
4604.70000 946.22
4604.80000 962.30
4604.90000 946.46
4605.00000 964.01
4605.10000 959.59
4605.20000 958.68
4605.30000 952.98
4605.40000 966.35
4605.50000 959.87
4605.60000 953.55
4605.70000 957.70
4605.80000 962.99
4605.90000 960.20
4606.00000 967.27
4606.10000 948.90
4606.20000 951.85
4606.30000 959.00
4606.40000 963.05
4606.50000 964.44
4606.60000 951.91
4606.70000 961.69
4606.80000 954.41
4606.90000 966.51
4607.00000 952.00
4607.10000 952.94
4607.20000 958.56
4607.30000 957.23
4607.40000 951.23
4607.50000 962.99
4607.60000 945.17
4607.70000 953.16
4607.80000 946.39
4607.90000 950.03
4608.00000 950.38
4608.10000 955.03
4608.20000 963.91
4608.30000 967.71
4608.40000 959.69
4608.50000 962.94
4608.60000 957.89
4608.70000 966.09
4608.80000 962.32
4608.90000 960.00
4609.00000 958.43
4609.10000 946.59
4609.20000 947.09
4609.30000 956.86
4609.40000 954.92
4609.50000 955.14
4609.60000 960.95
4609.70000 959.48
4609.80000 956.97
4609.90000 957.85
4610.00000 954.73
4610.10000 963.13
4610.20000 942.97
4610.30000 966.96
4610.40000 949.39
4610.50000 950.56
4610.60000 956.12
4610.70000 953.95
4610.80000 951.94
4610.90000 960.96
4611.00000 950.68
4611.10000 958.23
4611.20000 958.15
4611.30000 955.59
4611.40000 960.62
4611.50000 959.31
4611.60000 959.47
4611.70000 956.32
4611.80000 955.35
4611.90000 947.60
4612.00000 962.82
4612.10000 963.33
4612.20000 968.08
4612.30000 951.36
4612.40000 962.28
4612.50000 959.20
4612.60000 952.05
4612.70000 955.58
4612.80000 975.25
4612.90000 960.11
4613.00000 962.66
4613.10000 956.97
4613.20000 958.07
4613.30000 959.14
4613.40000 954.00
4613.50000 957.43
4613.60000 962.18
4613.70000 951.18
4613.80000 961.14
4613.90000 960.08
4614.00000 972.55
4614.10000 958.86
4614.20000 966.06
4614.30000 973.78
4614.40000 980.02
4614.50000 983.45
4614.60000 975.21
4614.70000 980.25
4614.80000 962.84
4614.90000 983.65
4615.00000 975.84
4615.10000 974.59
4615.20000 980.46
4615.30000 973.93
4615.40000 979.01
4615.50000 968.95
4615.60000 980.36
4615.70000 979.60
4615.80000 973.90
4615.90000 984.59
4616.00000 992.50
4616.10000 969.37
4616.20000 972.63
4616.30000 988.36
4616.40000 980.89
4616.50000 983.53
4616.60000 987.52
4616.70000 986.10
4616.80000 981.84
4616.90000 986.65
4617.00000 981.22
4617.10000 987.02
4617.20000 992.35
4617.30000 988.74
4617.40000 993.90
4617.50000 989.86
4617.60000 986.87
4617.70000 994.08
4617.80000 989.73
4617.90000 996.95
4618.00000 1003.48
4618.10000 998.79
4618.20000 988.66
4618.30000 1002.60
4618.40000 993.73
4618.50000 994.60
4618.60000 994.35
4618.70000 1003.20
4618.80000 1006.82
4618.90000 1011.29
4619.00000 1007.09
4619.10000 1014.34
4619.20000 996.15
4619.30000 1011.72
4619.40000 992.33
4619.50000 983.00
4619.60000 1012.86
4619.70000 1008.39
4619.80000 991.95
4619.90000 1007.40
4620.00000 1004.03
4620.10000 994.36
4620.20000 993.32
4620.30000 1004.03
4620.40000 999.50
4620.50000 992.20
4620.60000 991.25
4620.70000 1010.07
4620.80000 1011.37
4620.90000 1009.97
4621.00000 998.46
4621.10000 1000.95
4621.20000 1012.72
4621.30000 1001.89
4621.40000 1008.97
4621.50000 1005.38
4621.60000 1016.14
4621.70000 1013.11
4621.80000 983.77
4621.90000 993.89
4622.00000 998.90
4622.10000 1002.55
4622.20000 1005.20
4622.30000 1000.08
4622.40000 1001.56
4622.50000 1000.18
4622.60000 999.68
4622.70000 1008.63
4622.80000 995.88
4622.90000 1001.20
4623.00000 1001.48
4623.10000 1000.57
4623.20000 1003.88
4623.30000 994.35
4623.40000 997.06
4623.50000 1003.24
4623.60000 984.74
4623.70000 1002.17
4623.80000 1001.90
4623.90000 995.44
4624.00000 1000.14
4624.10000 991.07
4624.20000 988.48
4624.30000 989.99
4624.40000 995.94
4624.50000 991.70
4624.60000 993.25
4624.70000 988.42
4624.80000 987.13
4624.90000 998.03
4625.00000 988.63
4625.10000 980.54
4625.20000 985.68
4625.30000 977.60
4625.40000 984.83
4625.50000 975.89
4625.60000 995.37
4625.70000 1005.94
4625.80000 989.28
4625.90000 988.28
4626.00000 985.33
4626.10000 999.93
4626.20000 1011.19
4626.30000 990.67
4626.40000 1000.30
4626.50000 996.71
4626.60000 1000.76
4626.70000 1004.94
4626.80000 996.90
4626.90000 1009.69
4627.00000 1004.34
4627.10000 1009.21
4627.20000 1002.98
4627.30000 997.29
4627.40000 1011.30
4627.50000 1017.37
4627.60000 1023.68
4627.70000 1025.47
4627.80000 1033.36
4627.90000 1034.55
4628.00000 1043.40
4628.10000 1040.31
4628.20000 1049.36
4628.30000 1056.08
4628.40000 1048.65
4628.50000 1040.68
4628.60000 1041.57
4628.70000 1024.34
4628.80000 1026.91
4628.90000 1025.21
4629.00000 1021.39
4629.10000 1024.23
4629.20000 1019.29
4629.30000 1005.28
4629.40000 1013.31
4629.50000 1020.52
4629.60000 1006.12
4629.70000 1017.56
4629.80000 1013.93
4629.90000 1015.72
4630.00000 1006.82
4630.10000 1001.74
4630.20000 998.69
4630.30000 1015.46
4630.40000 1017.15
4630.50000 1021.37
4630.60000 1016.01
4630.70000 1020.76
4630.80000 1014.87
4630.90000 1023.58
4631.00000 1031.02
4631.10000 1019.23
4631.20000 1027.92
4631.30000 1032.83
4631.40000 1032.32
4631.50000 1043.75
4631.60000 1041.92
4631.70000 1032.81
4631.80000 1038.33
4631.90000 1033.85
4632.00000 1027.83
4632.10000 1028.14
4632.20000 1034.01
4632.30000 1018.31
4632.40000 1014.23
4632.50000 1017.57
4632.60000 1003.31
4632.70000 1011.08
4632.80000 1011.45
4632.90000 1002.39
4633.00000 997.22
4633.10000 1007.14
4633.20000 1010.28
4633.30000 999.29
4633.40000 989.95
4633.50000 993.76
4633.60000 995.09
4633.70000 997.64
4633.80000 986.24
4633.90000 990.73
4634.00000 980.68
4634.10000 985.33
4634.20000 986.09
4634.30000 973.66
4634.40000 979.46
4634.50000 987.88
4634.60000 984.39
4634.70000 982.65
4634.80000 972.59
4634.90000 975.10
4635.00000 984.58
4635.10000 980.74
4635.20000 984.41
4635.30000 980.07
4635.40000 979.89
4635.50000 988.73
4635.60000 976.86
4635.70000 976.27
4635.80000 972.56
4635.90000 979.80
4636.00000 967.61
4636.10000 961.77
4636.20000 969.89
4636.30000 969.53
4636.40000 963.41
4636.50000 978.73
4636.60000 974.00
4636.70000 969.98
4636.80000 973.95
4636.90000 977.56
4637.00000 980.02
4637.10000 971.96
4637.20000 974.35
4637.30000 974.92
4637.40000 983.54
4637.50000 956.38
4637.60000 973.70
4637.70000 967.42
4637.80000 978.31
4637.90000 970.32
4638.00000 967.35
4638.10000 973.82
4638.20000 1115.85
4638.30000 1020.65
4638.40000 966.06
4638.50000 959.07
4638.60000 955.53
4638.70000 970.03
4638.80000 956.13
4638.90000 946.98
4639.00000 964.47
4639.10000 957.35
4639.20000 939.91
4639.30000 949.28
4639.40000 953.58
4639.50000 940.79
4639.60000 948.55
4639.70000 944.25
4639.80000 952.47
4639.90000 952.45
4640.00000 963.00
4640.10000 942.79
4640.20000 945.29
4640.30000 961.46
4640.40000 941.66
4640.50000 943.11
4640.60000 960.94
4640.70000 941.20
4640.80000 943.33
4640.90000 942.83
4641.00000 945.13
4641.10000 949.53
4641.20000 956.97
4641.30000 943.03
4641.40000 952.53
4641.50000 961.92
4641.60000 951.97
4641.70000 942.89
4641.80000 945.38
4641.90000 952.88
4642.00000 939.57
4642.10000 955.10
4642.20000 945.50
4642.30000 943.37
4642.40000 930.79
4642.50000 943.25
4642.60000 944.67
4642.70000 947.98
4642.80000 955.66
4642.90000 943.56
4643.00000 949.91
4643.10000 946.78
4643.20000 949.25
4643.30000 946.43
4643.40000 945.74
4643.50000 946.46
4643.60000 944.32
4643.70000 931.83
4643.80000 947.27
4643.90000 933.99
4644.00000 933.41
4644.10000 947.68
4644.20000 934.78
4644.30000 932.72
4644.40000 945.27
4644.50000 934.97
4644.60000 942.11
4644.70000 939.40
4644.80000 950.96
4644.90000 927.06
4645.00000 931.51
4645.10000 922.22
4645.20000 932.15
4645.30000 937.71
4645.40000 931.72
4645.50000 927.18
4645.60000 930.21
4645.70000 939.52
4645.80000 934.99
4645.90000 952.08
4646.00000 939.68
4646.10000 942.96
4646.20000 937.93
4646.30000 939.26
4646.40000 940.95
4646.50000 930.45
4646.60000 934.63
4646.70000 940.54
4646.80000 923.19
4646.90000 922.71
4647.00000 932.82
4647.10000 933.72
4647.20000 927.53
4647.30000 932.38
4647.40000 920.91
4647.50000 927.30
4647.60000 922.70
4647.70000 918.53
4647.80000 920.53
4647.90000 921.99
4648.00000 930.49
4648.10000 924.03
4648.20000 918.27
4648.30000 937.96
4648.40000 922.24
4648.50000 922.33
4648.60000 925.77
4648.70000 927.16
4648.80000 925.82
4648.90000 916.42
4649.00000 930.19
4649.10000 920.86
4649.20000 926.14
4649.30000 932.60
4649.40000 922.63
4649.50000 910.56
4649.60000 914.35
4649.70000 923.40
4649.80000 931.16
4649.90000 928.47
4650.00000 915.39
4650.10000 934.40
4650.20000 945.48
4650.30000 923.01
4650.40000 938.94
4650.50000 927.10
4650.60000 944.21
4650.70000 924.67
4650.80000 912.66
4650.90000 930.46
4651.00000 919.55
4651.10000 933.05
4651.20000 940.28
4651.30000 927.52
4651.40000 919.99
4651.50000 928.70
4651.60000 939.60
4651.70000 931.46
4651.80000 917.77
4651.90000 938.58
4652.00000 925.78
4652.10000 934.93
4652.20000 941.84
4652.30000 937.00
4652.40000 936.80
4652.50000 944.98
4652.60000 942.94
4652.70000 938.92
4652.80000 941.48
4652.90000 943.23
4653.00000 948.10
4653.10000 948.65
4653.20000 959.64
4653.30000 948.65
4653.40000 949.24
4653.50000 962.95
4653.60000 959.30
4653.70000 963.83
4653.80000 952.34
4653.90000 953.81
4654.00000 964.16
4654.10000 954.56
4654.20000 952.50
4654.30000 954.25
4654.40000 959.74
4654.50000 979.54
4654.60000 973.75
4654.70000 972.29
4654.80000 978.42
4654.90000 981.32
4655.00000 992.92
4655.10000 986.77
4655.20000 988.05
4655.30000 990.59
4655.40000 987.24
4655.50000 987.67
4655.60000 995.96
4655.70000 990.26
4655.80000 996.73
4655.90000 995.36
4656.00000 997.84
4656.10000 997.83
4656.20000 997.12
4656.30000 995.68
4656.40000 995.98
4656.50000 990.65
4656.60000 1003.13
4656.70000 1000.73
4656.80000 989.23
4656.90000 998.83
4657.00000 997.95
4657.10000 993.14
4657.20000 1004.80
4657.30000 1008.68
4657.40000 999.01
4657.50000 1007.61
4657.60000 991.51
4657.70000 1001.69
4657.80000 1020.16
4657.90000 1008.36
4658.00000 1011.82
4658.10000 1005.11
4658.20000 1011.59
4658.30000 1009.22
4658.40000 1008.02
4658.50000 1010.35
4658.60000 1021.20
4658.70000 1020.91
4658.80000 1008.69
4658.90000 1012.82
4659.00000 993.26
4659.10000 1012.82
4659.20000 1029.51
4659.30000 1020.44
4659.40000 1014.36
4659.50000 1032.67
4659.60000 1020.77
4659.70000 1024.74
4659.80000 1009.54
4659.90000 1028.35
4660.00000 1013.96
4660.10000 1022.93
4660.20000 1028.03
4660.30000 1020.67
4660.40000 1025.01
4660.50000 1018.46
4660.60000 1021.99
4660.70000 1024.76
4660.80000 1021.51
4660.90000 1029.93
4661.00000 1025.42
4661.10000 1016.25
4661.20000 1023.57
4661.30000 1000.23
4661.40000 1021.67
4661.50000 1011.79
4661.60000 1016.74
4661.70000 1026.00
4661.80000 1016.82
4661.90000 1033.78
4662.00000 1016.74
4662.10000 1017.72
4662.20000 1019.28
4662.30000 1041.14
4662.40000 1066.81
4662.50000 1014.95
4662.60000 1017.92
4662.70000 1013.11
4662.80000 1030.41
4662.90000 1012.26
4663.00000 1020.53
4663.10000 1012.18
4663.20000 1026.79
4663.30000 1019.87
4663.40000 1024.88
4663.50000 1017.85
4663.60000 1017.65
4663.70000 1032.64
4663.80000 1017.29
4663.90000 1011.52
4664.00000 1022.08
4664.10000 1016.23
4664.20000 1027.03
4664.30000 1036.06
4664.40000 1029.94
4664.50000 1031.97
4664.60000 1026.44
4664.70000 1035.82
4664.80000 1028.61
4664.90000 1039.98
4665.00000 1050.01
4665.10000 1045.14
4665.20000 1050.93
4665.30000 1039.15
4665.40000 1052.58
4665.50000 1050.95
4665.60000 1054.21
4665.70000 1036.86
4665.80000 1040.89
4665.90000 1042.99
4666.00000 1036.79
4666.10000 1050.39
4666.20000 1031.16
4666.30000 1043.97
4666.40000 1029.99
4666.50000 1029.29
4666.60000 1016.85
4666.70000 1033.24
4666.80000 1021.11
4666.90000 1022.33
4667.00000 1026.01
4667.10000 1030.57
4667.20000 1024.94
4667.30000 1018.26
4667.40000 1025.05
4667.50000 1018.38
4667.60000 1030.31
4667.70000 1042.83
4667.80000 1027.03
4667.90000 1043.17
4668.00000 1026.98
4668.10000 1023.64
4668.20000 1042.44
4668.30000 1036.40
4668.40000 1036.26
4668.50000 1047.31
4668.60000 1041.11
4668.70000 1045.39
4668.80000 1044.07
4668.90000 1052.98
4669.00000 1046.03
4669.10000 1045.55
4669.20000 1035.39
4669.30000 1046.78
4669.40000 1022.08
4669.50000 1026.64
4669.60000 1033.98
4669.70000 1046.81
4669.80000 1042.88
4669.90000 1034.49
4670.00000 1038.83
4670.10000 1037.99
4670.20000 1032.59
4670.30000 1041.96
4670.40000 1024.96
4670.50000 1030.13
4670.60000 1035.24
4670.70000 1030.08
4670.80000 1033.64
4670.90000 1017.04
4671.00000 1020.17
4671.10000 1021.70
4671.20000 1027.50
4671.30000 1028.12
4671.40000 1026.45
4671.50000 1024.31
4671.60000 1021.95
4671.70000 1012.46
4671.80000 1011.78
4671.90000 1011.86
4672.00000 1016.78
4672.10000 1009.71
4672.20000 1013.23
4672.30000 1022.11
4672.40000 1026.93
4672.50000 1017.68
4672.60000 1010.74
4672.70000 1018.57
4672.80000 1019.44
4672.90000 1022.55
4673.00000 1012.54
4673.10000 1013.94
4673.20000 1015.04
4673.30000 1018.12
4673.40000 1014.43
4673.50000 1007.99
4673.60000 1014.13
4673.70000 1007.17
4673.80000 996.31
4673.90000 1016.74
4674.00000 1014.19
4674.10000 1009.87
4674.20000 1008.06
4674.30000 1008.14
4674.40000 1004.91
4674.50000 1008.67
4674.60000 1006.00
4674.70000 996.29
4674.80000 1008.33
4674.90000 1008.92
4675.00000 997.90
4675.10000 1012.79
4675.20000 1002.42
4675.30000 1007.20
4675.40000 994.59
4675.50000 998.87
4675.60000 1018.10
4675.70000 1008.62
4675.80000 1005.09
4675.90000 1014.19
4676.00000 1022.18
4676.10000 998.39
4676.20000 1001.45
4676.30000 1002.48
4676.40000 1022.55
4676.50000 1013.17
4676.60000 1014.30
4676.70000 1027.00
4676.80000 1012.98
4676.90000 1007.50
4677.00000 1010.41
4677.10000 1001.83
4677.20000 1009.83
4677.30000 1016.81
4677.40000 1009.22
4677.50000 1002.31
4677.60000 1003.62
4677.70000 1000.02
4677.80000 1005.25
4677.90000 1002.80
4678.00000 1017.44
4678.10000 1014.33
4678.20000 1022.42
4678.30000 1007.93
4678.40000 1015.19
4678.50000 1005.80
4678.60000 1003.85
4678.70000 1000.13
4678.80000 1012.24
4678.90000 1017.60
4679.00000 1007.87
4679.10000 1011.81
4679.20000 1017.05
4679.30000 1015.00
4679.40000 1011.36
4679.50000 1012.25
4679.60000 1019.49
4679.70000 1004.43
4679.80000 1001.35
4679.90000 1013.68
4680.00000 1012.20
4680.10000 1004.07
4680.20000 1012.63
4680.30000 1003.53
4680.40000 1012.17
4680.50000 1006.63
4680.60000 1015.41
4680.70000 1015.84
4680.80000 1006.41
4680.90000 1003.18
4681.00000 1020.22
4681.10000 1007.69
4681.20000 1015.58
4681.30000 1016.36
4681.40000 998.94
4681.50000 1013.88
4681.60000 1022.31
4681.70000 1009.67
4681.80000 1013.63
4681.90000 1025.02
4682.00000 1024.05
4682.10000 1021.65
4682.20000 1018.49
4682.30000 1009.47
4682.40000 1012.95
4682.50000 1011.32
4682.60000 1014.05
4682.70000 1009.60
4682.80000 1011.83
4682.90000 1018.83
4683.00000 1004.90
4683.10000 1014.18
4683.20000 1010.61
4683.30000 998.72
4683.40000 993.79
4683.50000 994.27
4683.60000 1000.58
4683.70000 995.48
4683.80000 1014.20
4683.90000 1014.02
4684.00000 1002.26
4684.10000 1011.13
4684.20000 1017.88
4684.30000 999.67
4684.40000 1005.92
4684.50000 1004.71
4684.60000 1011.26
4684.70000 1009.10
4684.80000 998.69
4684.90000 1015.24
4685.00000 1008.96
4685.10000 1007.99
4685.20000 1003.01
4685.30000 1016.40
4685.40000 998.06
4685.50000 1004.64
4685.60000 1004.95
4685.70000 1006.73
4685.80000 996.47
4685.90000 998.41
4686.00000 996.84
4686.10000 1008.37
4686.20000 1011.22
4686.30000 1009.92
4686.40000 1001.52
4686.50000 1008.78
4686.60000 1009.79
4686.70000 1007.58
4686.80000 996.81
4686.90000 1004.25
4687.00000 1002.28
4687.10000 1015.80
4687.20000 1014.86
4687.30000 1006.67
4687.40000 1010.15
4687.50000 1000.74
4687.60000 1010.86
4687.70000 1017.06
4687.80000 1003.91
4687.90000 1006.87
4688.00000 1017.91
4688.10000 1021.42
4688.20000 1012.73
4688.30000 1015.37
4688.40000 1009.13
4688.50000 1009.47
4688.60000 1018.11
4688.70000 1017.01
4688.80000 1028.79
4688.90000 1017.02
4689.00000 1015.02
4689.10000 1017.51
4689.20000 1018.07
4689.30000 1014.94
4689.40000 1017.36
4689.50000 1023.31
4689.60000 1019.14
4689.70000 1022.96
4689.80000 1018.15
4689.90000 1029.29
4690.00000 1028.44
4690.10000 1016.15
4690.20000 1023.20
4690.30000 1022.72
4690.40000 1022.73
4690.50000 1030.38
4690.60000 1030.64
4690.70000 1027.24
4690.80000 1018.34
4690.90000 1022.03
4691.00000 1040.36
4691.10000 1030.03
4691.20000 1024.61
4691.30000 1025.11
4691.40000 1024.14
4691.50000 1026.57
4691.60000 1030.36
4691.70000 1021.19
4691.80000 1044.38
4691.90000 1026.83
4692.00000 1030.93
4692.10000 1036.49
4692.20000 1040.94
4692.30000 1035.34
4692.40000 1035.93
4692.50000 1017.17
4692.60000 1030.12
4692.70000 1034.16
4692.80000 1025.45
4692.90000 1037.17
4693.00000 1040.57
4693.10000 1019.82
4693.20000 1033.76
4693.30000 1034.19
4693.40000 1026.02
4693.50000 1025.90
4693.60000 1029.26
4693.70000 1024.07
4693.80000 1029.85
4693.90000 1032.41
4694.00000 1032.62
4694.10000 1033.95
4694.20000 1025.45
4694.30000 1017.58
4694.40000 1032.63
4694.50000 1030.81
4694.60000 1024.23
4694.70000 1032.86
4694.80000 1024.01
4694.90000 1013.84
4695.00000 1013.84
4695.10000 1033.93
4695.20000 1038.76
4695.30000 1034.04
4695.40000 1031.84
4695.50000 1031.89
4695.60000 1020.84
4695.70000 1026.99
4695.80000 1028.24
4695.90000 1033.14
4696.00000 1027.30
4696.10000 1017.99
4696.20000 1019.95
4696.30000 1027.67
4696.40000 1016.92
4696.50000 1022.89
4696.60000 1020.83
4696.70000 1019.62
4696.80000 1025.69
4696.90000 1017.29
4697.00000 1019.76
4697.10000 1018.17
4697.20000 1025.55
4697.30000 1011.34
4697.40000 1023.16
4697.50000 1024.81
4697.60000 1030.13
4697.70000 1021.99
4697.80000 1025.07
4697.90000 1025.08
4698.00000 1022.33
4698.10000 1031.64
4698.20000 1024.43
4698.30000 1017.02
4698.40000 1012.55
4698.50000 1016.56
4698.60000 1008.45
4698.70000 1013.03
4698.80000 1027.04
4698.90000 1021.28
4699.00000 1020.48
4699.10000 1024.29
4699.20000 1015.97
4699.30000 1017.52
4699.40000 1013.63
4699.50000 1023.38
4699.60000 1023.20
4699.70000 1012.09
4699.80000 1021.64
4699.90000 1035.32
4700.00000 1017.38
4700.10000 1017.68
4700.20000 1013.29
4700.30000 1012.43
4700.40000 1017.39
4700.50000 1020.45
4700.60000 1006.54
4700.70000 1020.85
4700.80000 1021.29
4700.90000 1020.05
4701.00000 1015.16
4701.10000 1023.19
4701.20000 1029.70
4701.30000 1020.55
4701.40000 1029.60
4701.50000 1029.41
4701.60000 1019.21
4701.70000 1016.15
4701.80000 1015.20
4701.90000 1035.67
4702.00000 1036.84
4702.10000 1034.48
4702.20000 1026.61
4702.30000 1031.02
4702.40000 1027.65
4702.50000 1018.45
4702.60000 1020.11
4702.70000 1015.57
4702.80000 1012.74
4702.90000 1020.85
4703.00000 1015.71
4703.10000 1026.83
4703.20000 1027.46
4703.30000 1011.42
4703.40000 1016.13
4703.50000 1021.50
4703.60000 1019.83
4703.70000 1014.36
4703.80000 1014.95
4703.90000 1014.45
4704.00000 1027.06
4704.10000 1023.80
4704.20000 1013.06
4704.30000 1012.03
4704.40000 1030.11
4704.50000 1014.10
4704.60000 1008.84
4704.70000 1012.80
4704.80000 1025.16
4704.90000 1011.92
4705.00000 1028.44
4705.10000 1019.14
4705.20000 1028.85
4705.30000 1021.27
4705.40000 1019.51
4705.50000 1006.03
4705.60000 1021.86
4705.70000 1042.35
4705.80000 1018.53
4705.90000 1037.08
4706.00000 1033.18
4706.10000 1040.11
4706.20000 1029.12
4706.30000 1036.81
4706.40000 1034.73
4706.50000 1032.44
4706.60000 1039.46
4706.70000 1035.19
4706.80000 1038.43
4706.90000 1032.44
4707.00000 1029.93
4707.10000 1036.18
4707.20000 1024.50
4707.30000 1013.68
4707.40000 1037.16
4707.50000 1014.15
4707.60000 1012.07
4707.70000 1024.20
4707.80000 1025.73
4707.90000 1019.72
4708.00000 1015.67
4708.10000 1022.83
4708.20000 1023.39
4708.30000 1030.64
4708.40000 1012.85
4708.50000 1025.19
4708.60000 1029.34
4708.70000 1005.18
4708.80000 1016.73
4708.90000 1025.28
4709.00000 1010.27
4709.10000 1022.74
4709.20000 1019.49
4709.30000 1021.54
4709.40000 1012.35
4709.50000 1025.90
4709.60000 1018.20
4709.70000 1016.16
4709.80000 1010.83
4709.90000 1017.84
4710.00000 1023.30
4710.10000 1022.42
4710.20000 1015.96
4710.30000 1012.82
4710.40000 1012.38
4710.50000 1028.67
4710.60000 1038.42
4710.70000 1010.68
4710.80000 1022.30
4710.90000 1013.17
4711.00000 1015.54
4711.10000 1013.88
4711.20000 1012.20
4711.30000 1015.69
4711.40000 1028.42
4711.50000 1027.62
4711.60000 1026.73
4711.70000 1027.11
4711.80000 1022.61
4711.90000 1033.10
4712.00000 1017.87
4712.10000 1025.82
4712.20000 1030.42
4712.30000 1011.08
4712.40000 1029.04
4712.50000 1018.63
4712.60000 1018.53
4712.70000 1023.77
4712.80000 1021.93
4712.90000 1011.64
4713.00000 1015.87
4713.10000 1016.92
4713.20000 1025.53
4713.30000 1024.02
4713.40000 1021.42
4713.50000 1004.19
4713.60000 1020.58
4713.70000 1011.23
4713.80000 999.18
4713.90000 1004.80
4714.00000 1012.80
4714.10000 1013.03
4714.20000 1024.12
4714.30000 1020.17
4714.40000 1021.21
4714.50000 1023.14
4714.60000 1022.81
4714.70000 1019.36
4714.80000 1028.51
4714.90000 1021.24
4715.00000 1026.86
4715.10000 1025.82
4715.20000 1020.15
4715.30000 1026.21
4715.40000 1022.95
4715.50000 1013.76
4715.60000 1031.46
4715.70000 1021.51
4715.80000 1022.22
4715.90000 1033.40
4716.00000 1030.91
4716.10000 1026.25
4716.20000 1024.72
4716.30000 1034.65
4716.40000 1037.76
4716.50000 1041.11
4716.60000 1033.38
4716.70000 1034.22
4716.80000 1038.15
4716.90000 1040.46
4717.00000 1036.53
4717.10000 1043.05
4717.20000 1040.84
4717.30000 1033.79
4717.40000 1042.18
4717.50000 1037.06
4717.60000 1048.88
4717.70000 1042.69
4717.80000 1040.22
4717.90000 1053.55
4718.00000 1044.70
4718.10000 1041.05
4718.20000 1038.76
4718.30000 1045.10
4718.40000 1052.54
4718.50000 1033.34
4718.60000 1051.00
4718.70000 1037.08
4718.80000 1047.19
4718.90000 1041.81
4719.00000 1046.57
4719.10000 1051.76
4719.20000 1033.43
4719.30000 1045.90
4719.40000 1039.70
4719.50000 1053.48
4719.60000 1039.28
4719.70000 1056.13
4719.80000 1047.06
4719.90000 1060.14
4720.00000 1048.31
4720.10000 1045.03
4720.20000 1056.01
4720.30000 1049.41
4720.40000 1048.70
4720.50000 1064.27
4720.60000 1070.54
4720.70000 1058.01
4720.80000 1071.15
4720.90000 1061.56
4721.00000 1058.48
4721.10000 1055.68
4721.20000 1065.00
4721.30000 1062.04
4721.40000 1066.09
4721.50000 1049.96
4721.60000 1053.51
4721.70000 1069.01
4721.80000 1073.79
4721.90000 1064.79
4722.00000 1062.89
4722.10000 1058.86
4722.20000 1061.20
4722.30000 1060.12
4722.40000 1058.59
4722.50000 1068.26
4722.60000 1068.55
4722.70000 1044.24
4722.80000 1055.10
4722.90000 1065.90
4723.00000 1056.96
4723.10000 1058.66
4723.20000 1061.81
4723.30000 1080.85
4723.40000 1069.60
4723.50000 1074.82
4723.60000 1065.85
4723.70000 1055.56
4723.80000 1046.06
4723.90000 1067.91
4724.00000 1065.66
4724.10000 1063.28
4724.20000 1044.27
4724.30000 1063.60
4724.40000 1044.43
4724.50000 1055.98
4724.60000 1051.38
4724.70000 1058.73
4724.80000 1052.93
4724.90000 1046.32
4725.00000 1055.84
4725.10000 1053.00
4725.20000 1053.10
4725.30000 1057.30
4725.40000 1054.84
4725.50000 1061.88
4725.60000 1031.50
4725.70000 1057.17
4725.80000 1041.66
4725.90000 1040.05
4726.00000 1030.12
4726.10000 1024.97
4726.20000 1019.39
4726.30000 1012.73
4726.40000 1015.66
4726.50000 1000.97
4726.60000 1010.47
4726.70000 1004.51
4726.80000 1010.11
4726.90000 1008.66
4727.00000 1013.98
4727.10000 1016.30
4727.20000 1015.07
4727.30000 1034.29
4727.40000 1023.05
4727.50000 1017.85
4727.60000 1020.39
4727.70000 1024.14
4727.80000 1040.53
4727.90000 1041.12
4728.00000 1030.03
4728.10000 1044.71
4728.20000 1046.34
4728.30000 1040.41
4728.40000 1039.06
4728.50000 1040.70
4728.60000 1046.20
4728.70000 1043.02
4728.80000 1049.08
4728.90000 1052.99
4729.00000 1054.31
4729.10000 1060.43
4729.20000 1052.41
4729.30000 1070.39
4729.40000 1065.00
4729.50000 1072.28
4729.60000 1062.86
4729.70000 1069.87
4729.80000 1076.70
4729.90000 1075.83
4730.00000 1090.30
4730.10000 1084.54
4730.20000 1083.23
4730.30000 1080.47
4730.40000 1089.15
4730.50000 1085.69
4730.60000 1092.41
4730.70000 1083.82
4730.80000 1080.80
4730.90000 1103.04
4731.00000 1099.20
4731.10000 1082.81
4731.20000 1083.50
4731.30000 1084.46
4731.40000 1082.53
4731.50000 1084.95
4731.60000 1096.15
4731.70000 1072.45
4731.80000 1086.58
4731.90000 1071.75
4732.00000 1082.24
4732.10000 1072.41
4732.20000 1079.66
4732.30000 1082.73
4732.40000 1075.84
4732.50000 1082.26
4732.60000 1081.71
4732.70000 1090.49
4732.80000 1077.46
4732.90000 1073.70
4733.00000 1088.52
4733.10000 1088.92
4733.20000 1088.27
4733.30000 1092.04
4733.40000 1091.22
4733.50000 1073.14
4733.60000 1087.81
4733.70000 1099.92
4733.80000 1089.05
4733.90000 1097.92
4734.00000 1084.98
4734.10000 1085.89
4734.20000 1095.75
4734.30000 1088.42
4734.40000 1091.54
4734.50000 1086.87
4734.60000 1087.28
4734.70000 1090.94
4734.80000 1089.42
4734.90000 1079.65
4735.00000 1083.69
4735.10000 1083.89
4735.20000 1061.10
4735.30000 1066.18
4735.40000 1075.07
4735.50000 1076.28
4735.60000 1084.44
4735.70000 1071.11
4735.80000 1069.57
4735.90000 1067.38
4736.00000 1063.08
4736.10000 1061.64
4736.20000 1074.99
4736.30000 1073.56
4736.40000 1069.80
4736.50000 1072.97
4736.60000 1077.47
4736.70000 1064.83
4736.80000 1073.78
4736.90000 1072.50
4737.00000 1073.51
4737.10000 1079.51
4737.20000 1055.85
4737.30000 1072.78
4737.40000 1076.40
4737.50000 1077.43
4737.60000 1068.55
4737.70000 1070.45
4737.80000 1064.44
4737.90000 1075.91
4738.00000 1072.78
4738.10000 1075.69
4738.20000 1073.07
4738.30000 1064.03
4738.40000 1064.84
4738.50000 1069.06
4738.60000 1066.25
4738.70000 1072.90
4738.80000 1065.62
4738.90000 1061.64
4739.00000 1072.07
4739.10000 1071.92
4739.20000 1078.36
4739.30000 1074.00
4739.40000 1065.39
4739.50000 1065.88
4739.60000 1076.37
4739.70000 1069.11
4739.80000 1074.48
4739.90000 1077.82
4740.00000 1069.39
4740.10000 1079.18
4740.20000 1067.09
4740.30000 1069.67
4740.40000 1077.16
4740.50000 1071.87
4740.60000 1069.36
4740.70000 1066.50
4740.80000 1068.09
4740.90000 1069.26
4741.00000 1078.25
4741.10000 1068.38
4741.20000 1081.95
4741.30000 1067.71
4741.40000 1087.54
4741.50000 1076.55
4741.60000 1073.60
4741.70000 1078.27
4741.80000 1085.47
4741.90000 1076.29
4742.00000 1074.36
4742.10000 1073.65
4742.20000 1070.38
4742.30000 1074.09
4742.40000 1073.76
4742.50000 1073.04
4742.60000 1078.76
4742.70000 1062.28
4742.80000 1078.92
4742.90000 1079.59
4743.00000 1078.94
4743.10000 1072.35
4743.20000 1075.57
4743.30000 1074.75
4743.40000 1067.37
4743.50000 1081.21
4743.60000 1077.14
4743.70000 1082.05
4743.80000 1080.95
4743.90000 1073.24
4744.00000 1086.71
4744.10000 1077.16
4744.20000 1073.52
4744.30000 1088.36
4744.40000 1069.39
4744.50000 1072.89
4744.60000 1082.64
4744.70000 1072.04
4744.80000 1078.31
4744.90000 1077.87
4745.00000 1075.60
4745.10000 1090.38
4745.20000 1075.80
4745.30000 1064.94
4745.40000 1071.04
4745.50000 1074.44
4745.60000 1072.06
4745.70000 1069.56
4745.80000 1085.37
4745.90000 1060.14
4746.00000 1070.22
4746.10000 1066.03
4746.20000 1069.24
4746.30000 1075.58
4746.40000 1078.22
4746.50000 1069.28
4746.60000 1068.05
4746.70000 1067.80
4746.80000 1084.89
4746.90000 1062.09
4747.00000 1080.45
4747.10000 1066.73
4747.20000 1064.27
4747.30000 1078.01
4747.40000 1073.21
4747.50000 1072.92
4747.60000 1076.80
4747.70000 1081.78
4747.80000 1088.61
4747.90000 1066.56
4748.00000 1070.03
4748.10000 1063.60
4748.20000 1072.21
4748.30000 1075.69
4748.40000 1077.82
4748.50000 1083.60
4748.60000 1073.11
4748.70000 1063.02
4748.80000 1073.14
4748.90000 1072.24
4749.00000 1076.57
4749.10000 1068.04
4749.20000 1074.00
4749.30000 1070.06
4749.40000 1065.45
4749.50000 1070.74
4749.60000 1065.90
4749.70000 1073.48
4749.80000 1077.01
4749.90000 1068.05
4750.00000 1066.61
4750.10000 1066.28
4750.20000 1071.93
4750.30000 1071.37
4750.40000 1076.27
4750.50000 1079.83
4750.60000 1067.47
4750.70000 1065.65
4750.80000 1076.03
4750.90000 1073.40
4751.00000 1070.60
4751.10000 1077.39
4751.20000 1067.54
4751.30000 1060.30
4751.40000 1067.08
4751.50000 1064.01
4751.60000 1064.39
4751.70000 1076.89
4751.80000 1073.20
4751.90000 1059.21
4752.00000 1055.67
4752.10000 1071.21
4752.20000 1087.13
4752.30000 1067.70
4752.40000 1068.47
4752.50000 1067.29
4752.60000 1062.13
4752.70000 1076.12
4752.80000 1081.40
4752.90000 1062.96
4753.00000 1066.30
4753.10000 1065.55
4753.20000 1074.45
4753.30000 1058.24
4753.40000 1079.72
4753.50000 1068.77
4753.60000 1071.48
4753.70000 1073.38
4753.80000 1074.38
4753.90000 1082.20
4754.00000 1070.48
4754.10000 1063.20
4754.20000 1071.86
4754.30000 1073.30
4754.40000 1073.65
4754.50000 1076.11
4754.60000 1061.86
4754.70000 1062.46
4754.80000 1071.58
4754.90000 1067.02
4755.00000 1081.99
4755.10000 1074.49
4755.20000 1065.20
4755.30000 1071.73
4755.40000 1070.12
4755.50000 1068.68
4755.60000 1062.48
4755.70000 1068.30
4755.80000 1071.80
4755.90000 1073.40
4756.00000 1063.89
4756.10000 1069.27
4756.20000 1079.39
4756.30000 1068.07
4756.40000 1075.28
4756.50000 1075.18
4756.60000 1069.76
4756.70000 1070.45
4756.80000 1080.44
4756.90000 1067.95
4757.00000 1076.01
4757.10000 1079.14
4757.20000 1079.30
4757.30000 1073.98
4757.40000 1072.53
4757.50000 1074.49
4757.60000 1080.23
4757.70000 1077.01
4757.80000 1064.16
4757.90000 1069.88
4758.00000 1082.24
4758.10000 1074.17
4758.20000 1069.38
4758.30000 1069.47
4758.40000 1085.61
4758.50000 1067.49
4758.60000 1071.72
4758.70000 1071.81
4758.80000 1078.37
4758.90000 1077.35
4759.00000 1063.75
4759.10000 1068.75
4759.20000 1074.04
4759.30000 1077.54
4759.40000 1074.15
4759.50000 1071.77
4759.60000 1077.24
4759.70000 1071.88
4759.80000 1072.89
4759.90000 1067.03
4760.00000 1078.04
4760.10000 1084.03
4760.20000 1068.48
4760.30000 1074.39
4760.40000 1084.01
4760.50000 1081.91
4760.60000 1083.73
4760.70000 1081.04
4760.80000 1074.52
4760.90000 1073.12
4761.00000 1080.36
4761.10000 1082.37
4761.20000 1077.39
4761.30000 1082.94
4761.40000 1077.61
4761.50000 1081.14
4761.60000 1072.14
4761.70000 1070.17
4761.80000 1069.09
4761.90000 1071.25
4762.00000 1076.05
4762.10000 1084.90
4762.20000 1076.90
4762.30000 1074.58
4762.40000 1077.45
4762.50000 1067.75
4762.60000 1073.68
4762.70000 1070.27
4762.80000 1066.81
4762.90000 1063.30
4763.00000 1050.24
4763.10000 1065.34
4763.20000 1068.60
4763.30000 1064.41
4763.40000 1055.90
4763.50000 1066.73
4763.60000 1069.02
4763.70000 1075.23
4763.80000 1063.97
4763.90000 1072.30
4764.00000 1080.69
4764.10000 1078.36
4764.20000 1077.15
4764.30000 1074.33
4764.40000 1079.39
4764.50000 1078.19
4764.60000 1075.94
4764.70000 1085.47
4764.80000 1095.12
4764.90000 1082.84
4765.00000 1078.18
4765.10000 1085.16
4765.20000 1082.49
4765.30000 1079.85
4765.40000 1076.96
4765.50000 1101.73
4765.60000 1093.75
4765.70000 1100.31
4765.80000 1104.62
4765.90000 1090.22
4766.00000 1083.05
4766.10000 1094.89
4766.20000 1084.40
4766.30000 1101.36
4766.40000 1095.32
4766.50000 1089.16
4766.60000 1091.82
4766.70000 1089.93
4766.80000 1096.56
4766.90000 1098.91
4767.00000 1069.78
4767.10000 1084.15
4767.20000 1093.39
4767.30000 1085.96
4767.40000 1098.86
4767.50000 1104.50
4767.60000 1093.34
4767.70000 1081.12
4767.80000 1092.25
4767.90000 1091.32
4768.00000 1091.58
4768.10000 1090.92
4768.20000 1085.01
4768.30000 1089.28
4768.40000 1097.06
4768.50000 1089.82
4768.60000 1087.50
4768.70000 1098.87
4768.80000 1076.51
4768.90000 1079.01
4769.00000 1082.94
4769.10000 1071.40
4769.20000 1082.76
4769.30000 1076.38
4769.40000 1080.50
4769.50000 1080.22
4769.60000 1097.31
4769.70000 1096.19
4769.80000 1083.65
4769.90000 1068.37
4770.00000 1065.06
4770.10000 1089.22
4770.20000 1090.62
4770.30000 1095.12
4770.40000 1120.23
4770.50000 1074.36
4770.60000 1130.15
4770.70000 1076.67
4770.80000 1077.12
4770.90000 1090.88
4771.00000 1075.01
4771.10000 1076.62
4771.20000 1083.03
4771.30000 1088.90
4771.40000 1094.97
4771.50000 1079.74
4771.60000 1073.04
4771.70000 1077.47
4771.80000 1075.63
4771.90000 1085.59
4772.00000 1092.97
4772.10000 1080.39
4772.20000 1072.61
4772.30000 1079.37
4772.40000 1078.86
4772.50000 1079.87
4772.60000 1071.19
4772.70000 1075.99
4772.80000 1088.58
4772.90000 1071.27
4773.00000 1063.39
4773.10000 1079.86
4773.20000 1089.13
4773.30000 1081.96
4773.40000 1072.69
4773.50000 1088.30
4773.60000 1081.23
4773.70000 1083.60
4773.80000 1080.53
4773.90000 1082.40
4774.00000 1075.43
4774.10000 1080.33
4774.20000 1069.21
4774.30000 1089.90
4774.40000 1083.03
4774.50000 1073.68
4774.60000 1075.59
4774.70000 1088.18
4774.80000 1088.22
4774.90000 1091.09
4775.00000 1080.93
4775.10000 1094.01
4775.20000 1096.88
4775.30000 1085.50
4775.40000 1078.24
4775.50000 1077.20
4775.60000 1070.09
4775.70000 1092.83
4775.80000 1073.79
4775.90000 1079.07
4776.00000 1080.20
4776.10000 1069.39
4776.20000 1084.49
4776.30000 1092.02
4776.40000 1067.36
4776.50000 1092.41
4776.60000 1090.89
4776.70000 1090.55
4776.80000 1090.76
4776.90000 1093.34
4777.00000 1099.01
4777.10000 1087.16
4777.20000 1099.07
4777.30000 1095.48
4777.40000 1109.74
4777.50000 1111.25
4777.60000 1100.10
4777.70000 1089.69
4777.80000 1090.14
4777.90000 1091.62
4778.00000 1089.19
4778.10000 1098.08
4778.20000 1102.26
4778.30000 1088.76
4778.40000 1104.23
4778.50000 1102.45
4778.60000 1106.59
4778.70000 1099.75
4778.80000 1099.77
4778.90000 1096.23
4779.00000 1087.99
4779.10000 1107.16
4779.20000 1101.38
4779.30000 1087.28
4779.40000 1083.69
4779.50000 1081.89
4779.60000 1095.06
4779.70000 1086.54
4779.80000 1083.70
4779.90000 1082.25
4780.00000 1095.43
4780.10000 1077.22
4780.20000 1079.64
4780.30000 1081.22
4780.40000 1084.06
4780.50000 1085.93
4780.60000 1093.20
4780.70000 1075.22
4780.80000 1085.57
4780.90000 1091.41
4781.00000 1085.69
4781.10000 1095.35
4781.20000 1097.12
4781.30000 1100.43
4781.40000 1100.39
4781.50000 1098.92
4781.60000 1103.53
4781.70000 1097.44
4781.80000 1098.23
4781.90000 1098.43
4782.00000 1110.60
4782.10000 1117.08
4782.20000 1101.04
4782.30000 1112.66
4782.40000 1111.23
4782.50000 1100.62
4782.60000 1108.00
4782.70000 1102.79
4782.80000 1097.04
4782.90000 1114.14
4783.00000 1115.87
4783.10000 1118.68
4783.20000 1120.91
4783.30000 1121.47
4783.40000 1124.36
4783.50000 1115.73
4783.60000 1108.91
4783.70000 1103.71
4783.80000 1114.58
4783.90000 1124.44
4784.00000 1125.12
4784.10000 1124.36
4784.20000 1115.98
4784.30000 1116.51
4784.40000 1130.41
4784.50000 1114.78
4784.60000 1118.73
4784.70000 1119.52
4784.80000 1091.68
4784.90000 1165.36
4785.00000 1125.35
4785.10000 1103.11
4785.20000 1114.71
4785.30000 1124.55
4785.40000 1122.69
4785.50000 1106.60
4785.60000 1100.92
4785.70000 1114.18
4785.80000 1119.59
4785.90000 1114.73
4786.00000 1108.55
4786.10000 1112.75
4786.20000 1120.17
4786.30000 1111.71
4786.40000 1110.43
4786.50000 1120.05
4786.60000 1116.82
4786.70000 1101.55
4786.80000 1107.35
4786.90000 1120.82
4787.00000 1106.80
4787.10000 1115.36
4787.20000 1119.45
4787.30000 1103.55
4787.40000 1118.15
4787.50000 1124.58
4787.60000 1104.35
4787.70000 1127.06
4787.80000 1127.72
4787.90000 1114.83
4788.00000 1129.06
4788.10000 1123.52
4788.20000 1119.17
4788.30000 1122.83
4788.40000 1114.41
4788.50000 1113.40
4788.60000 1119.48
4788.70000 1110.91
4788.80000 1127.71
4788.90000 1120.74
4789.00000 1126.08
4789.10000 1119.97
4789.20000 1117.49
4789.30000 1115.74
4789.40000 1114.52
4789.50000 1113.50
4789.60000 1112.07
4789.70000 1112.65
4789.80000 1108.67
4789.90000 1124.04
4790.00000 1127.81
4790.10000 1116.35
4790.20000 1112.29
4790.30000 1124.60
4790.40000 1125.50
4790.50000 1133.29
4790.60000 1116.03
4790.70000 1110.15
4790.80000 1130.44
4790.90000 1130.41
4791.00000 1117.15
4791.10000 1116.43
4791.20000 1116.27
4791.30000 1106.64
4791.40000 1137.82
4791.50000 1125.92
4791.60000 1127.18
4791.70000 1117.12
4791.80000 1118.24
4791.90000 1117.51
4792.00000 1128.88
4792.10000 1103.47
4792.20000 1128.77
4792.30000 1129.69
4792.40000 1130.77
4792.50000 1121.91
4792.60000 1123.51
4792.70000 1128.71
4792.80000 1112.96
4792.90000 1113.24
4793.00000 1116.78
4793.10000 1117.06
4793.20000 1122.91
4793.30000 1115.43
4793.40000 1111.79
4793.50000 1113.49
4793.60000 1136.14
4793.70000 1129.25
4793.80000 1123.03
4793.90000 1127.70
4794.00000 1122.62
4794.10000 1128.13
4794.20000 1128.86
4794.30000 1110.51
4794.40000 1136.41
4794.50000 1134.55
4794.60000 1121.17
4794.70000 1111.60
4794.80000 1125.93
4794.90000 1129.92
4795.00000 1112.65
4795.10000 1130.24
4795.20000 1133.51
4795.30000 1119.84
4795.40000 1128.95
4795.50000 1128.26
4795.60000 1135.58
4795.70000 1130.17
4795.80000 1133.32
4795.90000 1129.66
4796.00000 1130.76
4796.10000 1122.60
4796.20000 1120.30
4796.30000 1124.79
4796.40000 1134.16
4796.50000 1135.77
4796.60000 1136.72
4796.70000 1128.10
4796.80000 1127.96
4796.90000 1133.34
4797.00000 1134.14
4797.10000 1137.02
4797.20000 1139.20
4797.30000 1126.39
4797.40000 1125.67
4797.50000 1135.32
4797.60000 1128.60
4797.70000 1144.29
4797.80000 1141.38
4797.90000 1134.61
4798.00000 1134.66
4798.10000 1127.29
4798.20000 1124.55
4798.30000 1131.47
4798.40000 1123.66
4798.50000 1127.34
4798.60000 1133.99
4798.70000 1133.18
4798.80000 1130.49
4798.90000 1126.16
4799.00000 1126.46
4799.10000 1136.82
4799.20000 1132.41
4799.30000 1135.28
4799.40000 1142.97
4799.50000 1136.66
4799.60000 1138.92
4799.70000 1135.38
4799.80000 1138.01
4799.90000 1136.33
4800.00000 1113.74
4800.10000 1138.76
4800.20000 1132.96
4800.30000 1127.78
4800.40000 1132.08
4800.50000 1128.85
4800.60000 1126.27
4800.70000 1124.74
4800.80000 1134.46
4800.90000 1127.50
4801.00000 1132.66
4801.10000 1129.95
4801.20000 1140.05
4801.30000 1120.40
4801.40000 1135.19
4801.50000 1132.69
4801.60000 1141.86
4801.70000 1133.61
4801.80000 1126.91
4801.90000 1143.25
4802.00000 1143.38
4802.10000 1133.90
4802.20000 1127.30
4802.30000 1133.69
4802.40000 1124.24
4802.50000 1133.22
4802.60000 1140.20
4802.70000 1139.02
4802.80000 1152.75
4802.90000 1141.72
4803.00000 1137.39
4803.10000 1134.73
4803.20000 1145.43
4803.30000 1142.34
4803.40000 1151.77
4803.50000 1147.35
4803.60000 1128.71
4803.70000 1141.71
4803.80000 1146.54
4803.90000 1143.47
4804.00000 1136.77
4804.10000 1139.89
4804.20000 1146.49
4804.30000 1132.82
4804.40000 1148.86
4804.50000 1131.33
4804.60000 1146.23
4804.70000 1137.69
4804.80000 1149.95
4804.90000 1141.35
4805.00000 1135.37
4805.10000 1136.60
4805.20000 1145.95
4805.30000 1131.91
4805.40000 1140.45
4805.50000 1148.32
4805.60000 1145.13
4805.70000 1127.56
4805.80000 1126.94
4805.90000 1133.09
4806.00000 1137.71
4806.10000 1137.67
4806.20000 1136.53
4806.30000 1140.80
4806.40000 1139.85
4806.50000 1121.93
4806.60000 1135.51
4806.70000 1128.70
4806.80000 1142.57
4806.90000 1134.93
4807.00000 1141.52
4807.10000 1135.62
4807.20000 1136.70
4807.30000 1148.37
4807.40000 1151.27
4807.50000 1138.02
4807.60000 1139.04
4807.70000 1141.31
4807.80000 1140.24
4807.90000 1145.07
4808.00000 1141.75
4808.10000 1147.92
4808.20000 1156.90
4808.30000 1147.22
4808.40000 1140.74
4808.50000 1142.74
4808.60000 1143.65
4808.70000 1136.50
4808.80000 1142.50
4808.90000 1134.37
4809.00000 1151.58
4809.10000 1145.90
4809.20000 1137.60
4809.30000 1138.08
4809.40000 1136.34
4809.50000 1135.00
4809.60000 1149.96
4809.70000 1138.76
4809.80000 1138.26
4809.90000 1138.90
4810.00000 1131.41
4810.10000 1130.67
4810.20000 1146.85
4810.30000 1136.32
4810.40000 1138.57
4810.50000 1143.21
4810.60000 1146.38
4810.70000 1142.34
4810.80000 1147.83
4810.90000 1147.39
4811.00000 1147.08
4811.10000 1139.87
4811.20000 1148.00
4811.30000 1135.96
4811.40000 1135.05
4811.50000 1148.98
4811.60000 1148.52
4811.70000 1134.00
4811.80000 1134.48
4811.90000 1146.65
4812.00000 1134.27
4812.10000 1130.18
4812.20000 1137.86
4812.30000 1136.23
4812.40000 1143.50
4812.50000 1136.11
4812.60000 1137.71
4812.70000 1139.88
4812.80000 1139.68
4812.90000 1150.53
4813.00000 1154.74
4813.10000 1137.75
4813.20000 1136.41
4813.30000 1146.20
4813.40000 1145.29
4813.50000 1136.39
4813.60000 1141.77
4813.70000 1142.71
4813.80000 1148.82
4813.90000 1139.99
4814.00000 1135.24
4814.10000 1137.94
4814.20000 1135.02
4814.30000 1122.10
4814.40000 1144.48
4814.50000 1141.60
4814.60000 1142.72
4814.70000 1145.09
4814.80000 1141.86
4814.90000 1137.91
4815.00000 1141.66
4815.10000 1141.10
4815.20000 1140.48
4815.30000 1137.08
4815.40000 1140.08
4815.50000 1146.55
4815.60000 1147.07
4815.70000 1135.54
4815.80000 1138.60
4815.90000 1150.56
4816.00000 1140.28
4816.10000 1137.34
4816.20000 1139.54
4816.30000 1138.35
4816.40000 1127.16
4816.50000 1141.56
4816.60000 1139.13
4816.70000 1140.52
4816.80000 1138.24
4816.90000 1132.54
4817.00000 1130.83
4817.10000 1134.45
4817.20000 1134.76
4817.30000 1146.04
4817.40000 1140.91
4817.50000 1132.62
4817.60000 1139.27
4817.70000 1140.00
4817.80000 1142.42
4817.90000 1139.89
4818.00000 1130.45
4818.10000 1130.98
4818.20000 1136.47
4818.30000 1129.35
4818.40000 1140.72
4818.50000 1132.15
4818.60000 1138.90
4818.70000 1136.04
4818.80000 1135.34
4818.90000 1147.57
4819.00000 1143.34
4819.10000 1138.81
4819.20000 1128.18
4819.30000 1130.41
4819.40000 1150.19
4819.50000 1138.90
4819.60000 1140.89
4819.70000 1144.07
4819.80000 1129.07
4819.90000 1134.85
4820.00000 1133.93
4820.10000 1143.12
4820.20000 1140.69
4820.30000 1143.98
4820.40000 1139.50
4820.50000 1141.60
4820.60000 1151.12
4820.70000 1152.22
4820.80000 1142.17
4820.90000 1138.61
4821.00000 1138.72
4821.10000 1146.05
4821.20000 1161.06
4821.30000 1141.12
4821.40000 1147.79
4821.50000 1160.25
4821.60000 1146.67
4821.70000 1148.88
4821.80000 1155.58
4821.90000 1159.25
4822.00000 1160.71
4822.10000 1154.67
4822.20000 1155.47
4822.30000 1156.76
4822.40000 1149.60
4822.50000 1157.62
4822.60000 1157.19
4822.70000 1158.21
4822.80000 1148.67
4822.90000 1160.65
4823.00000 1159.62
4823.10000 1160.57
4823.20000 1153.37
4823.30000 1143.76
4823.40000 1151.98
4823.50000 1149.01
4823.60000 1153.50
4823.70000 1154.40
4823.80000 1161.75
4823.90000 1162.32
4824.00000 1158.87
4824.10000 1147.98
4824.20000 1151.90
4824.30000 1150.27
4824.40000 1155.82
4824.50000 1155.83
4824.60000 1142.23
4824.70000 1147.45
4824.80000 1157.22
4824.90000 1146.38
4825.00000 1160.71
4825.10000 1153.19
4825.20000 1149.12
4825.30000 1153.82
4825.40000 1135.35
4825.50000 1160.10
4825.60000 1164.10
4825.70000 1162.45
4825.80000 1150.17
4825.90000 1157.64
4826.00000 1163.01
4826.10000 1147.61
4826.20000 1153.35
4826.30000 1154.62
4826.40000 1159.56
4826.50000 1162.98
4826.60000 1176.97
4826.70000 1162.27
4826.80000 1167.26
4826.90000 1154.94
4827.00000 1167.47
4827.10000 1158.97
4827.20000 1170.35
4827.30000 1158.82
4827.40000 1152.28
4827.50000 1155.09
4827.60000 1156.53
4827.70000 1158.84
4827.80000 1175.04
4827.90000 1155.46
4828.00000 1158.79
4828.10000 1160.63
4828.20000 1156.72
4828.30000 1152.36
4828.40000 1162.55
4828.50000 1156.44
4828.60000 1151.42
4828.70000 1145.55
4828.80000 1139.12
4828.90000 1143.12
4829.00000 1143.24
4829.10000 1141.38
4829.20000 1160.29
4829.30000 1163.34
4829.40000 1146.66
4829.50000 1148.15
4829.60000 1146.83
4829.70000 1147.67
4829.80000 1141.78
4829.90000 1144.77
4830.00000 1150.65
4830.10000 1149.89
4830.20000 1160.64
4830.30000 1152.74
4830.40000 1153.71
4830.50000 1158.42
4830.60000 1151.67
4830.70000 1142.59
4830.80000 1143.22
4830.90000 1147.67
4831.00000 1153.40
4831.10000 1139.17
4831.20000 1147.09
4831.30000 1151.59
4831.40000 1153.41
4831.50000 1143.15
4831.60000 1157.85
4831.70000 1150.96
4831.80000 1157.66
4831.90000 1145.72
4832.00000 1150.98
4832.10000 1150.84
4832.20000 1150.58
4832.30000 1151.91
4832.40000 1160.78
4832.50000 1133.52
4832.60000 1143.18
4832.70000 1143.02
4832.80000 1147.25
4832.90000 1155.81
4833.00000 1162.78
4833.10000 1158.19
4833.20000 1166.59
4833.30000 1172.68
4833.40000 1160.12
4833.50000 1158.89
4833.60000 1158.77
4833.70000 1140.86
4833.80000 1157.05
4833.90000 1157.61
4834.00000 1139.11
4834.10000 1171.51
4834.20000 1161.45
4834.30000 1155.57
4834.40000 1170.03
4834.50000 1166.74
4834.60000 1154.97
4834.70000 1169.96
4834.80000 1157.01
4834.90000 1154.73
4835.00000 1167.05
4835.10000 1170.02
4835.20000 1161.79
4835.30000 1176.27
4835.40000 1166.71
4835.50000 1152.17
4835.60000 1162.26
4835.70000 1155.37
4835.80000 1173.01
4835.90000 1160.81
4836.00000 1156.40
4836.10000 1165.72
4836.20000 1163.86
4836.30000 1167.61
4836.40000 1168.42
4836.50000 1166.14
4836.60000 1166.23
4836.70000 1171.15
4836.80000 1159.50
4836.90000 1171.80
4837.00000 1158.86
4837.10000 1167.82
4837.20000 1162.09
4837.30000 1168.39
4837.40000 1172.49
4837.50000 1175.00
4837.60000 1179.89
4837.70000 1160.69
4837.80000 1156.99
4837.90000 1166.22
4838.00000 1149.64
4838.10000 1159.73
4838.20000 1167.66
4838.30000 1165.99
4838.40000 1176.03
4838.50000 1165.80
4838.60000 1165.59
4838.70000 1172.11
4838.80000 1164.87
4838.90000 1180.46
4839.00000 1167.39
4839.10000 1175.87
4839.20000 1167.53
4839.30000 1172.42
4839.40000 1167.40
4839.50000 1173.17
4839.60000 1165.59
4839.70000 1175.02
4839.80000 1173.13
4839.90000 1171.06
4840.00000 1164.89
4840.10000 1168.15
4840.20000 1164.32
4840.30000 1172.75
4840.40000 1177.55
4840.50000 1173.53
4840.60000 1161.99
4840.70000 1180.77
4840.80000 1164.15
4840.90000 1181.11
4841.00000 1177.65
4841.10000 1173.68
4841.20000 1177.32
4841.30000 1181.27
4841.40000 1168.94
4841.50000 1168.55
4841.60000 1174.68
4841.70000 1174.80
4841.80000 1173.47
4841.90000 1175.22
4842.00000 1167.56
4842.10000 1175.12
4842.20000 1165.39
4842.30000 1167.34
4842.40000 1173.57
4842.50000 1176.20
4842.60000 1165.19
4842.70000 1160.56
4842.80000 1169.25
4842.90000 1172.12
4843.00000 1167.94
4843.10000 1170.52
4843.20000 1175.54
4843.30000 1177.33
4843.40000 1179.05
4843.50000 1176.81
4843.60000 1176.15
4843.70000 1167.32
4843.80000 1170.08
4843.90000 1173.12
4844.00000 1176.03
4844.10000 1177.52
4844.20000 1175.17
4844.30000 1174.07
4844.40000 1179.94
4844.50000 1183.76
4844.60000 1175.57
4844.70000 1182.36
4844.80000 1182.98
4844.90000 1165.51
4845.00000 1184.50
4845.10000 1183.29
4845.20000 1178.04
4845.30000 1176.58
4845.40000 1189.11
4845.50000 1182.22
4845.60000 1181.35
4845.70000 1185.63
4845.80000 1176.12
4845.90000 1194.65
4846.00000 1194.58
4846.10000 1186.24
4846.20000 1191.36
4846.30000 1194.69
4846.40000 1193.61
4846.50000 1203.64
4846.60000 1199.52
4846.70000 1206.10
4846.80000 1216.51
4846.90000 1191.08
4847.00000 1197.93
4847.10000 1208.08
4847.20000 1199.31
4847.30000 1191.49
4847.40000 1195.26
4847.50000 1187.94
4847.60000 1201.09
4847.70000 1183.66
4847.80000 1188.84
4847.90000 1200.63
4848.00000 1192.91
4848.10000 1206.60
4848.20000 1193.93
4848.30000 1204.29
4848.40000 1191.52
4848.50000 1199.12
4848.60000 1199.11
4848.70000 1185.26
4848.80000 1207.40
4848.90000 1201.85
4849.00000 1194.72
4849.10000 1197.19
4849.20000 1196.48
4849.30000 1185.53
4849.40000 1199.92
4849.50000 1194.90
4849.60000 1199.74
4849.70000 1195.78
4849.80000 1191.54
4849.90000 1194.03
4850.00000 1199.58
4850.10000 1196.12
4850.20000 1205.33
4850.30000 1201.33
4850.40000 1196.46
4850.50000 1212.03
4850.60000 1201.86
4850.70000 1204.26
4850.80000 1204.66
4850.90000 1209.19
4851.00000 1215.82
4851.10000 1211.60
4851.20000 1213.41
4851.30000 1208.05
4851.40000 1203.91
4851.50000 1228.04
4851.60000 1225.85
4851.70000 1205.11
4851.80000 1193.04
4851.90000 1221.45
4852.00000 1211.56
4852.10000 1213.59
4852.20000 1216.64
4852.30000 1203.85
4852.40000 1212.70
4852.50000 1212.14
4852.60000 1210.94
4852.70000 1200.56
4852.80000 1207.63
4852.90000 1198.83
4853.00000 1202.87
4853.10000 1211.47
4853.20000 1206.93
4853.30000 1198.03
4853.40000 1221.09
4853.50000 1200.57
4853.60000 1204.53
4853.70000 1198.42
4853.80000 1207.96
4853.90000 1214.54
4854.00000 1206.78
4854.10000 1210.26
4854.20000 1204.04
4854.30000 1211.23
4854.40000 1193.19
4854.50000 1189.27
4854.60000 1201.79
4854.70000 1208.96
4854.80000 1213.50
4854.90000 1199.75
4855.00000 1187.75
4855.10000 1192.20
4855.20000 1198.84
4855.30000 1201.49
4855.40000 1185.33
4855.50000 1193.27
4855.60000 1185.27
4855.70000 1187.01
4855.80000 1192.62
4855.90000 1194.37
4856.00000 1192.92
4856.10000 1203.72
4856.20000 1194.27
4856.30000 1212.03
4856.40000 1203.60
4856.50000 1200.40
4856.60000 1203.07
4856.70000 1219.96
4856.80000 1218.54
4856.90000 1237.81
4857.00000 1225.44
4857.10000 1235.08
4857.20000 1243.93
4857.30000 1246.97
4857.40000 1254.26
4857.50000 1269.90
4857.60000 1289.44
4857.70000 1300.84
4857.80000 1310.63
4857.90000 1308.45
4858.00000 1333.09
4858.10000 1352.86
4858.20000 1363.22
4858.30000 1391.33
4858.40000 1405.65
4858.50000 1455.88
4858.60000 1461.51
4858.70000 1482.39
4858.80000 1508.35
4858.90000 1568.77
4859.00000 1596.12
4859.10000 1641.88
4859.20000 1682.67
4859.30000 1754.76
4859.40000 1813.34
4859.50000 1905.73
4859.60000 1983.30
4859.70000 2057.32
4859.80000 2094.91
4859.90000 2091.72
4860.00000 2111.72
4860.10000 2153.68
4860.20000 2177.16
4860.30000 2205.80
4860.40000 2246.18
4860.50000 2273.62
4860.60000 2316.39
4860.70000 2303.21
4860.80000 2287.29
4860.90000 2269.79
4861.00000 2235.73
4861.10000 2178.30
4861.20000 2162.38
4861.30000 2147.88
4861.40000 2108.31
4861.50000 2076.04
4861.60000 2061.43
4861.70000 2053.18
4861.80000 2056.89
4861.90000 2022.34
4862.00000 2027.73
4862.10000 2007.35
4862.20000 2021.72
4862.30000 2030.33
4862.40000 2022.20
4862.50000 2029.52
4862.60000 2052.33
4862.70000 2065.22
4862.80000 2061.57
4862.90000 2080.25
4863.00000 2088.69
4863.10000 2085.17
4863.20000 2089.25
4863.30000 2080.76
4863.40000 2078.79
4863.50000 2053.40
4863.60000 2041.59
4863.70000 2019.92
4863.80000 2017.91
4863.90000 2018.89
4864.00000 2057.10
4864.10000 2054.64
4864.20000 2023.91
4864.30000 1937.21
4864.40000 1866.53
4864.50000 1809.99
4864.60000 1755.31
4864.70000 1688.43
4864.80000 1659.66
4864.90000 1606.70
4865.00000 1567.25
4865.10000 1520.82
4865.20000 1499.32
4865.30000 1458.08
4865.40000 1431.66
4865.50000 1412.08
4865.60000 1389.33
4865.70000 1369.06
4865.80000 1351.81
4865.90000 1332.69
4866.00000 1309.86
4866.10000 1305.31
4866.20000 1298.71
4866.30000 1281.25
4866.40000 1269.07
4866.50000 1255.56
4866.60000 1258.59
4866.70000 1254.96
4866.80000 1246.33
4866.90000 1255.21
4867.00000 1229.43
4867.10000 1231.82
4867.20000 1229.76
4867.30000 1236.15
4867.40000 1213.60
4867.50000 1212.76
4867.60000 1219.99
4867.70000 1225.92
4867.80000 1222.38
4867.90000 1215.37
4868.00000 1209.24
4868.10000 1218.65
4868.20000 1208.17
4868.30000 1209.71
4868.40000 1214.18
4868.50000 1211.42
4868.60000 1208.90
4868.70000 1230.17
4868.80000 1207.49
4868.90000 1221.05
4869.00000 1215.17
4869.10000 1204.46
4869.20000 1218.04
4869.30000 1208.95
4869.40000 1212.51
4869.50000 1207.00
4869.60000 1210.32
4869.70000 1215.08
4869.80000 1215.26
4869.90000 1218.51
4870.00000 1222.59
4870.10000 1211.97
4870.20000 1222.76
4870.30000 1210.04
4870.40000 1211.05
4870.50000 1216.56
4870.60000 1202.77
4870.70000 1219.53
4870.80000 1207.04
4870.90000 1216.06
4871.00000 1216.23
4871.10000 1208.52
4871.20000 1216.34
4871.30000 1216.53
4871.40000 1204.63
4871.50000 1207.29
4871.60000 1211.11
4871.70000 1210.79
4871.80000 1205.14
4871.90000 1210.38
4872.00000 1219.96
4872.10000 1213.48
4872.20000 1207.66
4872.30000 1211.27
4872.40000 1215.58
4872.50000 1203.43
4872.60000 1205.60
4872.70000 1201.87
4872.80000 1214.91
4872.90000 1206.78
4873.00000 1204.36
4873.10000 1213.95
4873.20000 1206.17
4873.30000 1203.24
4873.40000 1218.66
4873.50000 1217.26
4873.60000 1213.91
4873.70000 1220.52
4873.80000 1216.17
4873.90000 1213.66
4874.00000 1212.61
4874.10000 1220.09
4874.20000 1216.74
4874.30000 1213.64
4874.40000 1214.53
4874.50000 1217.28
4874.60000 1212.98
4874.70000 1211.73
4874.80000 1203.88
4874.90000 1212.31
4875.00000 1224.35
4875.10000 1209.57
4875.20000 1210.81
4875.30000 1205.78
4875.40000 1218.77
4875.50000 1214.28
4875.60000 1211.15
4875.70000 1215.44
4875.80000 1207.59
4875.90000 1221.21
4876.00000 1222.00
4876.10000 1214.95
4876.20000 1215.97
4876.30000 1213.09
4876.40000 1207.31
4876.50000 1201.58
4876.60000 1203.00
4876.70000 1204.04
4876.80000 1205.79
4876.90000 1208.02
4877.00000 1203.54
4877.10000 1199.77
4877.20000 1207.18
4877.30000 1199.16
4877.40000 1194.66
4877.50000 1209.25
4877.60000 1201.96
4877.70000 1196.90
4877.80000 1197.85
4877.90000 1205.05
4878.00000 1213.17
4878.10000 1201.26
4878.20000 1194.03
4878.30000 1197.61
4878.40000 1209.82
4878.50000 1200.71
4878.60000 1207.58
4878.70000 1197.20
4878.80000 1205.71
4878.90000 1205.05
4879.00000 1199.63
4879.10000 1200.98
4879.20000 1201.05
4879.30000 1190.17
4879.40000 1197.00
4879.50000 1193.93
4879.60000 1198.59
4879.70000 1196.35
4879.80000 1189.75
4879.90000 1195.09
4880.00000 1198.82
4880.10000 1198.69
4880.20000 1190.98
4880.30000 1194.96
4880.40000 1205.83
4880.50000 1197.20
4880.60000 1195.93
4880.70000 1191.84
4880.80000 1186.90
4880.90000 1189.32
4881.00000 1176.33
4881.10000 1196.67
4881.20000 1204.03
4881.30000 1190.17
4881.40000 1199.41
4881.50000 1207.81
4881.60000 1199.68
4881.70000 1199.85
4881.80000 1199.13
4881.90000 1195.01
4882.00000 1198.91
4882.10000 1207.55
4882.20000 1200.35
4882.30000 1214.03
4882.40000 1198.05
4882.50000 1205.52
4882.60000 1202.80
4882.70000 1224.06
4882.80000 1205.20
4882.90000 1192.17
4883.00000 1197.81
4883.10000 1205.29
4883.20000 1195.65
4883.30000 1197.13
4883.40000 1202.46
4883.50000 1195.88
4883.60000 1197.40
4883.70000 1190.25
4883.80000 1196.83
4883.90000 1197.01
4884.00000 1204.28
4884.10000 1190.86
4884.20000 1195.75
4884.30000 1193.93
4884.40000 1193.87
4884.50000 1198.96
4884.60000 1205.35
4884.70000 1194.68
4884.80000 1205.64
4884.90000 1197.64
4885.00000 1203.08
4885.10000 1194.80
4885.20000 1217.50
4885.30000 1204.89
4885.40000 1199.97
4885.50000 1199.21
4885.60000 1195.19
4885.70000 1193.64
4885.80000 1198.49
4885.90000 1208.56
4886.00000 1207.01
4886.10000 1199.66
4886.20000 1202.87
4886.30000 1201.21
4886.40000 1197.77
4886.50000 1193.18
4886.60000 1198.93
4886.70000 1202.52
4886.80000 1202.54
4886.90000 1207.28
4887.00000 1204.07
4887.10000 1189.26
4887.20000 1206.41
4887.30000 1207.60
4887.40000 1212.21
4887.50000 1206.07
4887.60000 1209.54
4887.70000 1195.44
4887.80000 1209.49
4887.90000 1206.33
4888.00000 1203.79
4888.10000 1202.75
4888.20000 1216.10
4888.30000 1207.26
4888.40000 1201.37
4888.50000 1195.20
4888.60000 1205.07
4888.70000 1185.77
4888.80000 1202.94
4888.90000 1206.96
4889.00000 1208.84
4889.10000 1211.28
4889.20000 1204.49
4889.30000 1194.48
4889.40000 1188.78
4889.50000 1207.04
4889.60000 1200.10
4889.70000 1206.52
4889.80000 1212.40
4889.90000 1209.21
4890.00000 1211.73
4890.10000 1190.40
4890.20000 1206.61
4890.30000 1193.89
4890.40000 1193.57
4890.50000 1209.06
4890.60000 1194.68
4890.70000 1196.86
4890.80000 1206.17
4890.90000 1203.51
4891.00000 1203.25
4891.10000 1205.79
4891.20000 1203.51
4891.30000 1204.64
4891.40000 1210.54
4891.50000 1206.01
4891.60000 1211.34
4891.70000 1208.57
4891.80000 1219.24
4891.90000 1210.57
4892.00000 1201.72
4892.10000 1208.89
4892.20000 1212.90
4892.30000 1205.76
4892.40000 1211.20
4892.50000 1208.57
4892.60000 1223.95
4892.70000 1209.65
4892.80000 1206.80
4892.90000 1202.23
4893.00000 1197.62
4893.10000 1184.78
4893.20000 1196.20
4893.30000 1203.74
4893.40000 1209.72
4893.50000 1211.90
4893.60000 1190.55
4893.70000 1196.53
4893.80000 1197.16
4893.90000 1205.15
4894.00000 1207.08
4894.10000 1213.44
4894.20000 1211.96
4894.30000 1206.13
4894.40000 1209.14
4894.50000 1192.34
4894.60000 1200.57
4894.70000 1208.35
4894.80000 1209.77
4894.90000 1209.63
4895.00000 1196.48
4895.10000 1219.94
4895.20000 1207.67
4895.30000 1209.20
4895.40000 1199.60
4895.50000 1205.89
4895.60000 1206.19
4895.70000 1186.00
4895.80000 1203.90
4895.90000 1205.32
4896.00000 1213.19
4896.10000 1206.25
4896.20000 1199.91
4896.30000 1206.80
4896.40000 1204.53
4896.50000 1221.88
4896.60000 1215.07
4896.70000 1193.50
4896.80000 1204.60
4896.90000 1217.49
4897.00000 1213.68
4897.10000 1217.81
4897.20000 1206.24
4897.30000 1215.08
4897.40000 1218.83
4897.50000 1203.36
4897.60000 1216.81
4897.70000 1215.18
4897.80000 1207.96
4897.90000 1208.31
4898.00000 1210.56
4898.10000 1209.20
4898.20000 1208.96
4898.30000 1206.65
4898.40000 1200.57
4898.50000 1215.25
4898.60000 1217.22
4898.70000 1206.64
4898.80000 1204.36
4898.90000 1207.46
4899.00000 1221.21
4899.10000 1202.24
4899.20000 1222.41
4899.30000 1196.48
4899.40000 1194.77
4899.50000 1205.05
4899.60000 1198.25
4899.70000 1205.61
4899.80000 1204.78
4899.90000 1220.98
4900.00000 1205.95
4900.10000 1212.53
4900.20000 1208.30
4900.30000 1201.81
4900.40000 1224.33
4900.50000 1219.87
4900.60000 1214.99
4900.70000 1211.95
4900.80000 1193.09
4900.90000 1199.71
4901.00000 1206.05
4901.10000 1213.90
4901.20000 1220.33
4901.30000 1214.41
4901.40000 1221.17
4901.50000 1205.77
4901.60000 1217.00
4901.70000 1214.85
4901.80000 1216.20
4901.90000 1197.83
4902.00000 1210.23
4902.10000 1215.89
4902.20000 1215.83
4902.30000 1195.05
4902.40000 1197.72
4902.50000 1205.89
4902.60000 1219.32
4902.70000 1212.52
4902.80000 1230.95
4902.90000 1208.60
4903.00000 1214.55
4903.10000 1191.22
4903.20000 1208.86
4903.30000 1211.61
4903.40000 1210.56
4903.50000 1212.88
4903.60000 1212.78
4903.70000 1216.09
4903.80000 1211.20
4903.90000 1207.98
4904.00000 1213.72
4904.10000 1225.16
4904.20000 1211.27
4904.30000 1217.46
4904.40000 1205.91
4904.50000 1205.14
4904.60000 1202.79
4904.70000 1205.26
4904.80000 1201.91
4904.90000 1214.72
4905.00000 1214.92
4905.10000 1217.03
4905.20000 1207.00
4905.30000 1218.28
4905.40000 1216.94
4905.50000 1217.43
4905.60000 1213.37
4905.70000 1220.44
4905.80000 1194.64
4905.90000 1194.98
4906.00000 1198.08
4906.10000 1208.22
4906.20000 1225.16
4906.30000 1222.77
4906.40000 1213.50
4906.50000 1213.37
4906.60000 1219.57
4906.70000 1205.86
4906.80000 1201.51
4906.90000 1211.24
4907.00000 1214.89
4907.10000 1218.69
4907.20000 1210.57
4907.30000 1215.40
4907.40000 1216.38
4907.50000 1212.53
4907.60000 1212.62
4907.70000 1200.90
4907.80000 1222.75
4907.90000 1232.43
4908.00000 1220.76
4908.10000 1219.99
4908.20000 1220.80
4908.30000 1219.01
4908.40000 1231.17
4908.50000 1196.29
4908.60000 1224.61
4908.70000 1224.90
4908.80000 1223.98
4908.90000 1224.40
4909.00000 1233.15
4909.10000 1226.06
4909.20000 1231.25
4909.30000 1231.41
4909.40000 1231.20
4909.50000 1237.05
4909.60000 1233.86
4909.70000 1216.99
4909.80000 1238.80
4909.90000 1241.62
4910.00000 1245.40
4910.10000 1230.96
4910.20000 1232.29
4910.30000 1231.36
4910.40000 1234.14
4910.50000 1224.38
4910.60000 1239.57
4910.70000 1230.32
4910.80000 1230.27
4910.90000 1229.72
4911.00000 1231.47
4911.10000 1223.36
4911.20000 1225.82
4911.30000 1233.19
4911.40000 1232.28
4911.50000 1234.52
4911.60000 1236.35
4911.70000 1222.26
4911.80000 1233.89
4911.90000 1239.00
4912.00000 1225.62
4912.10000 1230.13
4912.20000 1236.50
4912.30000 1231.76
4912.40000 1233.38
4912.50000 1240.82
4912.60000 1230.43
4912.70000 1236.19
4912.80000 1230.27
4912.90000 1239.88
4913.00000 1232.48
4913.10000 1232.71
4913.20000 1234.29
4913.30000 1239.35
4913.40000 1233.75
4913.50000 1243.71
4913.60000 1240.06
4913.70000 1243.76
4913.80000 1237.75
4913.90000 1238.40
4914.00000 1245.59
4914.10000 1243.21
4914.20000 1245.76
4914.30000 1238.89
4914.40000 1253.64
4914.50000 1252.15
4914.60000 1245.13
4914.70000 1244.00
4914.80000 1241.45
4914.90000 1232.11
4915.00000 1239.03
4915.10000 1250.26
4915.20000 1239.78
4915.30000 1231.25
4915.40000 1245.43
4915.50000 1237.46
4915.60000 1240.39
4915.70000 1229.40
4915.80000 1238.46
4915.90000 1225.79
4916.00000 1230.69
4916.10000 1224.33
4916.20000 1221.08
4916.30000 1216.61
4916.40000 1235.91
4916.50000 1227.68
4916.60000 1241.42
4916.70000 1215.49
4916.80000 1226.85
4916.90000 1219.47
4917.00000 1211.97
4917.10000 1209.75
4917.20000 1224.91
4917.30000 1212.97
4917.40000 1228.35
4917.50000 1207.95
4917.60000 1221.31
4917.70000 1222.84
4917.80000 1213.63
4917.90000 1210.39
4918.00000 1219.43
4918.10000 1228.95
4918.20000 1217.23
4918.30000 1210.52
4918.40000 1213.46
4918.50000 1211.92
4918.60000 1223.46
4918.70000 1230.74
4918.80000 1213.07
4918.90000 1225.89
4919.00000 1247.42
4919.10000 1204.72
4919.20000 1203.94
4919.30000 1198.61
4919.40000 1201.45
4919.50000 1209.50
4919.60000 1215.27
4919.70000 1206.99
4919.80000 1201.61
4919.90000 1211.61
4920.00000 1189.46
4920.10000 1208.87
4920.20000 1209.52
4920.30000 1211.32
4920.40000 1224.86
4920.50000 1224.64
4920.60000 1230.14
4920.70000 1224.77
4920.80000 1224.92
4920.90000 1228.99
4921.00000 1232.98
4921.10000 1235.63
4921.20000 1230.15
4921.30000 1235.39
4921.40000 1235.08
4921.50000 1227.09
4921.60000 1253.48
4921.70000 1268.22
4921.80000 1250.06
4921.90000 1265.31
4922.00000 1263.26
4922.10000 1277.59
4922.20000 1285.15
4922.30000 1267.77
4922.40000 1294.61
4922.50000 1298.34
4922.60000 1297.41
4922.70000 1316.02
4922.80000 1310.63
4922.90000 1314.92
4923.00000 1304.38
4923.10000 1304.00
4923.20000 1282.82
4923.30000 1302.26
4923.40000 1369.35
4923.50000 1265.78
4923.60000 1273.15
4923.70000 1264.01
4923.80000 1282.15
4923.90000 1258.42
4924.00000 1254.09
4924.10000 1252.04
4924.20000 1256.15
4924.30000 1244.86
4924.40000 1258.71
4924.50000 1256.04
4924.60000 1259.17
4924.70000 1267.69
4924.80000 1262.54
4924.90000 1245.81
4925.00000 1271.09
4925.10000 1275.94
4925.20000 1271.15
4925.30000 1284.15
4925.40000 1278.82
4925.50000 1277.71
4925.60000 1287.69
4925.70000 1296.77
4925.80000 1301.80
4925.90000 1299.51
4926.00000 1304.02
4926.10000 1300.93
4926.20000 1314.92
4926.30000 1313.00
4926.40000 1321.63
4926.50000 1319.05
4926.60000 1307.53
4926.70000 1302.10
4926.80000 1311.95
4926.90000 1308.32
4927.00000 1301.54
4927.10000 1288.81
4927.20000 1280.55
4927.30000 1279.27
4927.40000 1272.41
4927.50000 1272.51
4927.60000 1267.68
4927.70000 1264.14
4927.80000 1269.36
4927.90000 1265.45
4928.00000 1260.40
4928.10000 1256.87
4928.20000 1254.38
4928.30000 1253.68
4928.40000 1255.97
4928.50000 1243.75
4928.60000 1253.91
4928.70000 1250.88
4928.80000 1259.76
4928.90000 1261.70
4929.00000 1261.34
4929.10000 1251.87
4929.20000 1257.99
4929.30000 1265.07
4929.40000 1241.12
4929.50000 1266.46
4929.60000 1262.21
4929.70000 1254.72
4929.80000 1245.21
4929.90000 1267.49
4930.00000 1254.18
4930.10000 1258.87
4930.20000 1271.37
4930.30000 1257.76
4930.40000 1254.09
4930.50000 1259.80
4930.60000 1273.89
4930.70000 1265.48
4930.80000 1255.87
4930.90000 1265.19
4931.00000 1255.70
4931.10000 1265.41
4931.20000 1262.13
4931.30000 1260.40
4931.40000 1255.95
4931.50000 1256.34
4931.60000 1245.90
4931.70000 1272.15
4931.80000 1249.05
4931.90000 1256.42
4932.00000 1273.80
4932.10000 1262.91
4932.20000 1256.02
4932.30000 1269.49
4932.40000 1250.47
4932.50000 1258.59
4932.60000 1267.88
4932.70000 1262.95
4932.80000 1265.54
4932.90000 1257.21
4933.00000 1265.30
4933.10000 1263.22
4933.20000 1254.33
4933.30000 1269.69
4933.40000 1269.46
4933.50000 1254.82
4933.60000 1245.95
4933.70000 1259.09
4933.80000 1259.63
4933.90000 1258.31
4934.00000 1256.76
4934.10000 1261.41
4934.20000 1267.32
4934.30000 1260.35
4934.40000 1270.13
4934.50000 1257.97
4934.60000 1265.24
4934.70000 1260.58
4934.80000 1248.28
4934.90000 1273.31
4935.00000 1278.83
4935.10000 1261.67
4935.20000 1269.23
4935.30000 1270.85
4935.40000 1261.51
4935.50000 1266.87
4935.60000 1270.13
4935.70000 1274.77
4935.80000 1273.45
4935.90000 1263.93
4936.00000 1267.97
4936.10000 1264.86
4936.20000 1259.94
4936.30000 1266.30
4936.40000 1279.93
4936.50000 1273.60
4936.60000 1264.64
4936.70000 1257.38
4936.80000 1271.37
4936.90000 1256.35
4937.00000 1265.10
4937.10000 1261.46
4937.20000 1251.16
4937.30000 1260.44
4937.40000 1274.13
4937.50000 1259.83
4937.60000 1272.01
4937.70000 1265.98
4937.80000 1265.02
4937.90000 1262.81
4938.00000 1265.69
4938.10000 1270.42
4938.20000 1266.06
4938.30000 1270.18
4938.40000 1272.79
4938.50000 1265.67
4938.60000 1260.44
4938.70000 1259.67
4938.80000 1266.28
4938.90000 1261.42
4939.00000 1249.58
4939.10000 1256.86
4939.20000 1261.11
4939.30000 1266.32
4939.40000 1255.01
4939.50000 1260.40
4939.60000 1267.47
4939.70000 1251.03
4939.80000 1257.40
4939.90000 1247.20
4940.00000 1252.04
4940.10000 1263.19
4940.20000 1260.12
4940.30000 1265.36
4940.40000 1251.62
4940.50000 1256.85
4940.60000 1256.16
4940.70000 1258.66
4940.80000 1254.45
4940.90000 1257.14
4941.00000 1255.58
4941.10000 1250.27
4941.20000 1263.16
4941.30000 1254.10
4941.40000 1264.72
4941.50000 1260.08
4941.60000 1256.35
4941.70000 1259.15
4941.80000 1266.71
4941.90000 1244.85
4942.00000 1265.63
4942.10000 1263.84
4942.20000 1275.70
4942.30000 1270.80
4942.40000 1266.69
4942.50000 1255.16
4942.60000 1259.54
4942.70000 1251.96
4942.80000 1250.88
4942.90000 1257.92
4943.00000 1253.20
4943.10000 1256.27
4943.20000 1254.20
4943.30000 1262.09
4943.40000 1263.52
4943.50000 1261.24
4943.60000 1254.30
4943.70000 1261.24
4943.80000 1264.48
4943.90000 1263.56
4944.00000 1263.27
4944.10000 1265.82
4944.20000 1267.67
4944.30000 1253.95
4944.40000 1250.72
4944.50000 1265.57
4944.60000 1267.88
4944.70000 1263.84
4944.80000 1263.11
4944.90000 1261.81
4945.00000 1263.84
4945.10000 1266.74
4945.20000 1259.38
4945.30000 1257.77
4945.40000 1256.15
4945.50000 1269.21
4945.60000 1271.06
4945.70000 1260.59
4945.80000 1264.97
4945.90000 1270.29
4946.00000 1270.10
4946.10000 1266.98
4946.20000 1265.64
4946.30000 1256.80
4946.40000 1267.55
4946.50000 1268.08
4946.60000 1278.65
4946.70000 1268.07
4946.80000 1268.57
4946.90000 1268.62
4947.00000 1265.41
4947.10000 1253.72
4947.20000 1273.86
4947.30000 1274.36
4947.40000 1283.25
4947.50000 1259.61
4947.60000 1274.69
4947.70000 1255.57
4947.80000 1271.51
4947.90000 1260.82
4948.00000 1269.84
4948.10000 1259.49
4948.20000 1273.86
4948.30000 1267.46
4948.40000 1283.95
4948.50000 1280.33
4948.60000 1275.01
4948.70000 1274.61
4948.80000 1265.95
4948.90000 1276.25
4949.00000 1270.45
4949.10000 1279.60
4949.20000 1282.35
4949.30000 1274.17
4949.40000 1269.60
4949.50000 1285.71
4949.60000 1292.83
4949.70000 1280.12
4949.80000 1279.56
4949.90000 1289.83
4950.00000 1282.99
4950.10000 1276.66
4950.20000 1284.39
4950.30000 1291.05
4950.40000 1275.51
4950.50000 1287.76
4950.60000 1269.79
4950.70000 1280.85
4950.80000 1283.67
4950.90000 1268.58
4951.00000 1289.35
4951.10000 1281.76
4951.20000 1281.61
4951.30000 1272.48
4951.40000 1274.61
4951.50000 1267.64
4951.60000 1281.02
4951.70000 1278.21
4951.80000 1274.59
4951.90000 1267.74
4952.00000 1276.14
4952.10000 1278.17
4952.20000 1272.69
4952.30000 1284.11
4952.40000 1277.15
4952.50000 1282.05
4952.60000 1279.58
4952.70000 1278.78
4952.80000 1265.55
4952.90000 1275.04
4953.00000 1272.07
4953.10000 1274.34
4953.20000 1275.85
4953.30000 1286.20
4953.40000 1283.94
4953.50000 1298.92
4953.60000 1273.53
4953.70000 1281.43
4953.80000 1286.77
4953.90000 1281.31
4954.00000 1273.98
4954.10000 1288.53
4954.20000 1285.85
4954.30000 1292.03
4954.40000 1284.55
4954.50000 1284.71
4954.60000 1277.59
4954.70000 1266.17
4954.80000 1278.98
4954.90000 1291.59
4955.00000 1291.74
4955.10000 1273.45
4955.20000 1271.55
4955.30000 1277.78
4955.40000 1283.96
4955.50000 1303.81
4955.60000 1297.63
4955.70000 1288.96
4955.80000 1292.28
4955.90000 1278.93
4956.00000 1273.36
4956.10000 1286.79
4956.20000 1290.32
4956.30000 1287.94
4956.40000 1300.02
4956.50000 1281.33
4956.60000 1290.41
4956.70000 1288.63
4956.80000 1270.14
4956.90000 1283.99
4957.00000 1277.43
4957.10000 1276.31
4957.20000 1280.90
4957.30000 1286.08
4957.40000 1274.12
4957.50000 1291.81
4957.60000 1271.91
4957.70000 1272.65
4957.80000 1276.26
4957.90000 1272.65
4958.00000 1289.54
4958.10000 1278.56
4958.20000 1281.08
4958.30000 1276.80
4958.40000 1286.43
4958.50000 1277.69
4958.60000 1282.12
4958.70000 1288.67
4958.80000 1278.31
4958.90000 1273.04
4959.00000 1277.10
4959.10000 1283.33
4959.20000 1285.79
4959.30000 1287.98
4959.40000 1284.15
4959.50000 1275.87
4959.60000 1280.96
4959.70000 1276.06
4959.80000 1271.91
4959.90000 1284.86
4960.00000 1285.27
4960.10000 1274.17
4960.20000 1285.78
4960.30000 1272.17
4960.40000 1291.27
4960.50000 1286.77
4960.60000 1294.02
4960.70000 1289.32
4960.80000 1282.73
4960.90000 1293.33
4961.00000 1293.91
4961.10000 1291.12
4961.20000 1279.86
4961.30000 1274.83
4961.40000 1272.64
4961.50000 1284.61
4961.60000 1287.96
4961.70000 1285.44
4961.80000 1289.63
4961.90000 1292.64
4962.00000 1295.60
4962.10000 1281.64
4962.20000 1273.86
4962.30000 1281.19
4962.40000 1273.64
4962.50000 1283.07
4962.60000 1278.53
4962.70000 1279.22
4962.80000 1281.18
4962.90000 1283.00
4963.00000 1276.89
4963.10000 1280.64
4963.20000 1272.21
4963.30000 1279.45
4963.40000 1280.23
4963.50000 1283.56
4963.60000 1283.15
4963.70000 1289.36
4963.80000 1280.33
4963.90000 1284.43
4964.00000 1270.53
4964.10000 1252.07
4964.20000 1240.94
4964.30000 1237.12
4964.40000 1233.40
4964.50000 1242.34
4964.60000 1253.87
4964.70000 1257.71
4964.80000 1273.35
4964.90000 1278.62
4965.00000 1284.71
4965.10000 1274.67
4965.20000 1288.00
4965.30000 1282.59
4965.40000 1266.74
4965.50000 1287.43
4965.60000 1274.63
4965.70000 1279.89
4965.80000 1289.65
4965.90000 1281.49
4966.00000 1288.62
4966.10000 1280.05
4966.20000 1285.61
4966.30000 1288.88
4966.40000 1280.26
4966.50000 1280.47
4966.60000 1272.72
4966.70000 1285.75
4966.80000 1290.27
4966.90000 1292.33
4967.00000 1296.02
4967.10000 1285.56
4967.20000 1290.60
4967.30000 1279.93
4967.40000 1277.75
4967.50000 1285.76
4967.60000 1290.96
4967.70000 1292.76
4967.80000 1288.14
4967.90000 1289.20
4968.00000 1284.10
4968.10000 1289.03
4968.20000 1272.22
4968.30000 1288.03
4968.40000 1287.14
4968.50000 1279.81
4968.60000 1279.28
4968.70000 1286.59
4968.80000 1291.31
4968.90000 1286.63
4969.00000 1286.26
4969.10000 1298.90
4969.20000 1294.54
4969.30000 1281.04
4969.40000 1273.42
4969.50000 1272.76
4969.60000 1267.40
4969.70000 1285.16
4969.80000 1281.35
4969.90000 1296.26
4970.00000 1281.23
4970.10000 1291.62
4970.20000 1294.70
4970.30000 1289.48
4970.40000 1304.69
4970.50000 1302.49
4970.60000 1296.84
4970.70000 1280.95
4970.80000 1274.50
4970.90000 1278.78
4971.00000 1305.05
4971.10000 1296.39
4971.20000 1281.31
4971.30000 1288.06
4971.40000 1293.56
4971.50000 1301.62
4971.60000 1289.42
4971.70000 1294.45
4971.80000 1301.16
4971.90000 1282.91
4972.00000 1295.20
4972.10000 1288.99
4972.20000 1291.32
4972.30000 1302.06
4972.40000 1297.30
4972.50000 1293.96
4972.60000 1288.86
4972.70000 1284.28
4972.80000 1310.97
4972.90000 1310.24
4973.00000 1296.55
4973.10000 1296.36
4973.20000 1278.31
4973.30000 1292.98
4973.40000 1288.56
4973.50000 1298.99
4973.60000 1303.85
4973.70000 1290.45
4973.80000 1300.82
4973.90000 1286.96
4974.00000 1288.37
4974.10000 1284.91
4974.20000 1287.44
4974.30000 1291.81
4974.40000 1300.89
4974.50000 1306.51
4974.60000 1297.62
4974.70000 1307.04
4974.80000 1303.80
4974.90000 1307.95
4975.00000 1300.60
4975.10000 1304.16
4975.20000 1294.79
4975.30000 1295.90
4975.40000 1300.60
4975.50000 1294.02
4975.60000 1285.87
4975.70000 1300.96
4975.80000 1311.32
4975.90000 1282.06
4976.00000 1303.36
4976.10000 1304.64
4976.20000 1307.40
4976.30000 1296.02
4976.40000 1302.00
4976.50000 1297.45
4976.60000 1295.82
4976.70000 1303.29
4976.80000 1288.00
4976.90000 1303.00
4977.00000 1305.08
4977.10000 1302.80
4977.20000 1303.45
4977.30000 1311.75
4977.40000 1311.70
4977.50000 1304.66
4977.60000 1304.87
4977.70000 1313.08
4977.80000 1305.58
4977.90000 1298.42
4978.00000 1306.88
4978.10000 1313.68
4978.20000 1297.57
4978.30000 1287.65
4978.40000 1312.53
4978.50000 1304.72
4978.60000 1296.75
4978.70000 1305.85
4978.80000 1301.88
4978.90000 1295.34
4979.00000 1296.26
4979.10000 1297.03
4979.20000 1309.12
4979.30000 1319.78
4979.40000 1312.11
4979.50000 1312.15
4979.60000 1321.23
4979.70000 1315.75
4979.80000 1303.97
4979.90000 1314.60
4980.00000 1315.10
4980.10000 1305.55
4980.20000 1303.18
4980.30000 1318.14
4980.40000 1315.92
4980.50000 1309.50
4980.60000 1313.57
4980.70000 1303.67
4980.80000 1307.53
4980.90000 1306.30
4981.00000 1310.16
4981.10000 1308.98
4981.20000 1313.33
4981.30000 1304.18
4981.40000 1318.12
4981.50000 1303.93
4981.60000 1310.40
4981.70000 1311.35
4981.80000 1306.16
4981.90000 1313.51
4982.00000 1359.87
4982.10000 1376.09
4982.20000 1306.26
4982.30000 1312.01
4982.40000 1325.66
4982.50000 1311.60
4982.60000 1312.67
4982.70000 1313.08
4982.80000 1313.08
4982.90000 1305.09
4983.00000 1316.84
4983.10000 1336.72
4983.20000 1319.65
4983.30000 1310.79
4983.40000 1315.00
4983.50000 1317.53
4983.60000 1314.42
4983.70000 1322.98
4983.80000 1320.09
4983.90000 1313.50
4984.00000 1317.31
4984.10000 1315.52
4984.20000 1314.18
4984.30000 1308.51
4984.40000 1305.30
4984.50000 1317.18
4984.60000 1320.05
4984.70000 1316.03
4984.80000 1314.79
4984.90000 1316.31
4985.00000 1317.61
4985.10000 1279.39
4985.20000 1295.21
4985.30000 1284.48
4985.40000 1291.86
4985.50000 1302.99
4985.60000 1316.13
4985.70000 1320.46
4985.80000 1334.26
4985.90000 1322.11
4986.00000 1332.27
4986.10000 1329.07
4986.20000 1326.65
4986.30000 1337.00
4986.40000 1336.81
4986.50000 1324.96
4986.60000 1337.17
4986.70000 1342.99
4986.80000 1313.02
4986.90000 1329.95
4987.00000 1318.30
4987.10000 1323.58
4987.20000 1313.47
4987.30000 1310.96
4987.40000 1331.85
4987.50000 1324.28
4987.60000 1311.56
4987.70000 1334.62
4987.80000 1318.92
4987.90000 1337.91
4988.00000 1317.84
4988.10000 1312.43
4988.20000 1332.87
4988.30000 1317.23
4988.40000 1316.25
4988.50000 1320.30
4988.60000 1319.79
4988.70000 1318.20
4988.80000 1336.94
4988.90000 1321.64
4989.00000 1331.46
4989.10000 1322.06
4989.20000 1330.52
4989.30000 1332.60
4989.40000 1324.17
4989.50000 1335.08
4989.60000 1327.39
4989.70000 1346.15
4989.80000 1323.12
4989.90000 1338.04
4990.00000 1334.54
4990.10000 1337.62
4990.20000 1335.35
4990.30000 1340.32
4990.40000 1328.91
4990.50000 1343.89
4990.60000 1338.18
4990.70000 1335.94
4990.80000 1338.88
4990.90000 1329.71
4991.00000 1346.49
4991.10000 1337.50
4991.20000 1341.10
4991.30000 1354.17
4991.40000 1341.30
4991.50000 1350.42
4991.60000 1342.71
4991.70000 1366.08
4991.80000 1347.73
4991.90000 1359.46
4992.00000 1361.12
4992.10000 1358.84
4992.20000 1349.14
4992.30000 1352.46
4992.40000 1352.43
4992.50000 1347.32
4992.60000 1353.92
4992.70000 1346.17
4992.80000 1352.83
4992.90000 1335.87
4993.00000 1349.00
4993.10000 1368.67
4993.20000 1338.16
4993.30000 1350.78
4993.40000 1353.64
4993.50000 1338.24
4993.60000 1339.08
4993.70000 1351.95
4993.80000 1325.27
4993.90000 1340.15
4994.00000 1346.75
4994.10000 1344.86
4994.20000 1344.84
4994.30000 1338.64
4994.40000 1352.28
4994.50000 1346.36
4994.60000 1346.33
4994.70000 1361.75
4994.80000 1345.48
4994.90000 1345.81
4995.00000 1333.53
4995.10000 1350.74
4995.20000 1343.45
4995.30000 1354.07
4995.40000 1347.69
4995.50000 1344.68
4995.60000 1338.86
4995.70000 1364.35
4995.80000 1355.59
4995.90000 1341.38
4996.00000 1355.38
4996.10000 1354.40
4996.20000 1349.20
4996.30000 1337.92
4996.40000 1331.56
4996.50000 1349.39
4996.60000 1341.02
4996.70000 1338.24
4996.80000 1347.95
4996.90000 1322.80
4997.00000 1344.92
4997.10000 1324.11
4997.20000 1329.70
4997.30000 1337.30
4997.40000 1340.81
4997.50000 1339.06
4997.60000 1344.57
4997.70000 1334.26
4997.80000 1314.11
4997.90000 1331.70
4998.00000 1333.88
4998.10000 1330.65
4998.20000 1327.67
4998.30000 1338.50
4998.40000 1331.85
4998.50000 1344.12
4998.60000 1329.05
4998.70000 1339.27
4998.80000 1333.10
4998.90000 1320.11
4999.00000 1335.41
4999.10000 1321.44
4999.20000 1328.75
4999.30000 1318.20
4999.40000 1313.06
4999.50000 1322.99
4999.60000 1318.84
4999.70000 1328.80
4999.80000 1335.62
4999.90000 1335.83
5000.00000 1320.94
5000.10000 1318.53
5000.20000 1320.50
5000.30000 1330.45
5000.40000 1320.11
5000.50000 1328.12
5000.60000 1314.71
5000.70000 1315.89
5000.80000 1324.74
5000.90000 1323.78
5001.00000 1321.68
5001.10000 1321.21
5001.20000 1327.39
5001.30000 1313.93
5001.40000 1309.11
5001.50000 1316.51
5001.60000 1315.11
5001.70000 1303.98
5001.80000 1315.75
5001.90000 1304.13
5002.00000 1299.99
5002.10000 1325.44
5002.20000 1316.95
5002.30000 1306.28
5002.40000 1309.99
5002.50000 1322.82
5002.60000 1309.97
5002.70000 1317.86
5002.80000 1323.68
5002.90000 1318.96
5003.00000 1312.46
5003.10000 1325.03
5003.20000 1332.28
5003.30000 1322.20
5003.40000 1314.21
5003.50000 1324.28
5003.60000 1326.16
5003.70000 1314.36
5003.80000 1315.21
5003.90000 1305.10
5004.00000 1317.00
5004.10000 1309.49
5004.20000 1326.97
5004.30000 1330.25
5004.40000 1319.93
5004.50000 1325.62
5004.60000 1330.98
5004.70000 1317.52
5004.80000 1330.73
5004.90000 1320.34
5005.00000 1340.42
5005.10000 1330.24
5005.20000 1317.17
5005.30000 1317.81
5005.40000 1325.97
5005.50000 1328.42
5005.60000 1326.74
5005.70000 1319.29
5005.80000 1319.02
5005.90000 1325.45
5006.00000 1308.97
5006.10000 1321.05
5006.20000 1312.14
5006.30000 1322.10
5006.40000 1320.36
5006.50000 1311.67
5006.60000 1312.25
5006.70000 1331.72
5006.80000 1324.94
5006.90000 1302.85
5007.00000 1313.31
5007.10000 1325.87
5007.20000 1313.10
5007.30000 1309.24
5007.40000 1322.74
5007.50000 1318.40
5007.60000 1327.43
5007.70000 1319.76
5007.80000 1314.11
5007.90000 1322.04
5008.00000 1316.76
5008.10000 1315.02
5008.20000 1319.71
5008.30000 1325.90
5008.40000 1319.09
5008.50000 1333.44
5008.60000 1323.60
5008.70000 1331.91
5008.80000 1327.00
5008.90000 1340.18
5009.00000 1326.78
5009.10000 1320.83
5009.20000 1325.25
5009.30000 1330.69
5009.40000 1323.39
5009.50000 1321.59
5009.60000 1341.27
5009.70000 1338.05
5009.80000 1328.84
5009.90000 1334.24
5010.00000 1326.96
5010.10000 1340.34
5010.20000 1320.30
5010.30000 1342.47
5010.40000 1327.32
5010.50000 1335.03
5010.60000 1326.55
5010.70000 1333.08
5010.80000 1326.18
5010.90000 1335.50
5011.00000 1334.80
5011.10000 1316.83
5011.20000 1333.16
5011.30000 1339.49
5011.40000 1325.18
5011.50000 1342.05
5011.60000 1335.58
5011.70000 1329.23
5011.80000 1343.33
5011.90000 1342.18
5012.00000 1344.62
5012.10000 1329.11
5012.20000 1338.88
5012.30000 1328.19
5012.40000 1332.15
5012.50000 1329.72
5012.60000 1335.55
5012.70000 1335.06
5012.80000 1326.63
5012.90000 1346.41
5013.00000 1349.85
5013.10000 1329.98
5013.20000 1331.88
5013.30000 1340.00
5013.40000 1338.54
5013.50000 1353.68
5013.60000 1349.76
5013.70000 1355.90
5013.80000 1333.11
5013.90000 1346.42
5014.00000 1357.11
5014.10000 1365.38
5014.20000 1363.37
5014.30000 1365.63
5014.40000 1378.89
5014.50000 1373.11
5014.60000 1375.99
5014.70000 1377.10
5014.80000 1377.14
5014.90000 1382.14
5015.00000 1376.88
5015.10000 1389.83
5015.20000 1381.09
5015.30000 1385.99
5015.40000 1385.90
5015.50000 1395.13
5015.60000 1390.42
5015.70000 1389.78
5015.80000 1397.15
5015.90000 1389.45
5016.00000 1388.36
5016.10000 1396.63
5016.20000 1403.17
5016.30000 1408.16
5016.40000 1416.16
5016.50000 1436.89
5016.60000 1449.79
5016.70000 1454.26
5016.80000 1447.58
5016.90000 1466.14
5017.00000 1479.65
5017.10000 1478.30
5017.20000 1490.23
5017.30000 1500.26
5017.40000 1501.80
5017.50000 1483.46
5017.60000 1468.11
5017.70000 1475.85
5017.80000 1467.20
5017.90000 1468.82
5018.00000 1464.30
5018.10000 1457.42
5018.20000 1446.12
5018.30000 1443.85
5018.40000 1426.79
5018.50000 1415.87
5018.60000 1411.54
5018.70000 1414.65
5018.80000 1411.18
5018.90000 1416.59
5019.00000 1417.08
5019.10000 1406.35
5019.20000 1412.20
5019.30000 1424.57
5019.40000 1438.99
5019.50000 1437.74
5019.60000 1428.52
5019.70000 1426.22
5019.80000 1432.71
5019.90000 1433.41
5020.00000 1420.12
5020.10000 1433.86
5020.20000 1446.17
5020.30000 1443.68
5020.40000 1440.83
5020.50000 1450.41
5020.60000 1451.08
5020.70000 1449.49
5020.80000 1476.31
5020.90000 1471.09
5021.00000 1470.05
5021.10000 1471.86
5021.20000 1455.07
5021.30000 1444.97
5021.40000 1445.72
5021.50000 1436.95
5021.60000 1421.33
5021.70000 1441.77
5021.80000 1423.41
5021.90000 1424.63
5022.00000 1418.39
5022.10000 1397.96
5022.20000 1408.06
5022.30000 1402.60
5022.40000 1388.57
5022.50000 1390.64
5022.60000 1380.91
5022.70000 1386.34
5022.80000 1373.80
5022.90000 1376.71
5023.00000 1385.72
5023.10000 1376.16
5023.20000 1380.01
5023.30000 1379.92
5023.40000 1378.64
5023.50000 1366.67
5023.60000 1375.80
5023.70000 1359.06
5023.80000 1365.48
5023.90000 1374.27
5024.00000 1358.60
5024.10000 1364.83
5024.20000 1365.57
5024.30000 1360.08
5024.40000 1380.97
5024.50000 1358.08
5024.60000 1359.82
5024.70000 1360.15
5024.80000 1354.48
5024.90000 1367.62
5025.00000 1361.48
5025.10000 1342.14
5025.20000 1352.94
5025.30000 1342.33
5025.40000 1347.65
5025.50000 1358.42
5025.60000 1345.56
5025.70000 1357.00
5025.80000 1353.45
5025.90000 1359.18
5026.00000 1345.49
5026.10000 1347.75
5026.20000 1347.01
5026.30000 1346.06
5026.40000 1342.82
5026.50000 1341.40
5026.60000 1332.95
5026.70000 1343.92
5026.80000 1351.69
5026.90000 1351.49
5027.00000 1330.50
5027.10000 1352.87
5027.20000 1368.08
5027.30000 1351.56
5027.40000 1356.44
5027.50000 1371.60
5027.60000 1354.55
5027.70000 1355.41
5027.80000 1350.79
5027.90000 1345.61
5028.00000 1344.03
5028.10000 1342.79
5028.20000 1343.82
5028.30000 1346.65
5028.40000 1350.32
5028.50000 1352.73
5028.60000 1347.16
5028.70000 1355.95
5028.80000 1360.89
5028.90000 1356.76
5029.00000 1333.91
5029.10000 1345.50
5029.20000 1344.47
5029.30000 1343.36
5029.40000 1343.89
5029.50000 1364.81
5029.60000 1371.20
5029.70000 1348.03
5029.80000 1350.52
5029.90000 1340.12
5030.00000 1344.67
5030.10000 1355.62
5030.20000 1346.83
5030.30000 1348.60
5030.40000 1353.34
5030.50000 1365.13
5030.60000 1359.51
5030.70000 1351.93
5030.80000 1375.58
5030.90000 1341.22
5031.00000 1344.06
5031.10000 1358.81
5031.20000 1364.54
5031.30000 1357.99
5031.40000 1348.41
5031.50000 1361.16
5031.60000 1345.18
5031.70000 1348.61
5031.80000 1356.76
5031.90000 1358.78
5032.00000 1369.42
5032.10000 1362.33
5032.20000 1341.43
5032.30000 1362.06
5032.40000 1356.81
5032.50000 1354.09
5032.60000 1349.18
5032.70000 1350.57
5032.80000 1351.99
5032.90000 1356.11
5033.00000 1359.15
5033.10000 1358.06
5033.20000 1354.95
5033.30000 1359.55
5033.40000 1361.55
5033.50000 1366.95
5033.60000 1348.00
5033.70000 1346.21
5033.80000 1356.36
5033.90000 1362.15
5034.00000 1374.27
5034.10000 1359.14
5034.20000 1373.47
5034.30000 1361.87
5034.40000 1351.87
5034.50000 1349.35
5034.60000 1340.43
5034.70000 1345.94
5034.80000 1336.78
5034.90000 1363.75
5035.00000 1321.82
5035.10000 1338.01
5035.20000 1358.17
5035.30000 1366.82
5035.40000 1362.85
5035.50000 1373.89
5035.60000 1350.30
5035.70000 1350.04
5035.80000 1355.22
5035.90000 1338.58
5036.00000 1358.69
5036.10000 1351.81
5036.20000 1325.11
5036.30000 1340.55
5036.40000 1353.52
5036.50000 1366.70
5036.60000 1365.87
5036.70000 1349.33
5036.80000 1340.25
5036.90000 1360.54
5037.00000 1351.65
5037.10000 1374.14
5037.20000 1361.07
5037.30000 1364.85
5037.40000 1356.51
5037.50000 1357.43
5037.60000 1345.94
5037.70000 1354.19
5037.80000 1310.44
5037.90000 1361.34
5038.00000 1348.08
5038.10000 1364.15
5038.20000 1279.85
5038.30000 1334.25
5038.40000 1365.45
5038.50000 1364.06
5038.60000 1362.19
5038.70000 1355.53
5038.80000 1337.24
5038.90000 1374.54
5039.00000 1366.25
5039.10000 1369.63
5039.20000 1367.10
5039.30000 1353.81
5039.40000 1361.41
5039.50000 1368.82
5039.60000 1366.58
5039.70000 1376.59
5039.80000 1366.70
5039.90000 1366.47
5040.00000 1358.57
5040.10000 1358.45
5040.20000 1362.99
5040.30000 1382.40
5040.40000 1379.51
5040.50000 1367.35
5040.60000 1366.15
5040.70000 1357.03
5040.80000 1361.72
5040.90000 1363.27
5041.00000 1372.80
5041.10000 1348.82
5041.20000 1349.18
5041.30000 1353.96
5041.40000 1370.25
5041.50000 1356.98
5041.60000 1368.77
5041.70000 1372.35
5041.80000 1349.60
5041.90000 1356.24
5042.00000 1353.13
5042.10000 1336.53
5042.20000 1350.45
5042.30000 1337.50
5042.40000 1320.12
5042.50000 1338.27
5042.60000 1342.90
5042.70000 1343.94
5042.80000 1377.50
5042.90000 1349.57
5043.00000 1348.30
5043.10000 1374.59
5043.20000 1357.55
5043.30000 1347.60
5043.40000 1314.46
5043.50000 1331.15
5043.60000 1315.94
5043.70000 1344.09
5043.80000 1352.25
5043.90000 1363.33
5044.00000 1351.63
5044.10000 1358.51
5044.20000 1375.10
5044.30000 1344.47
5044.40000 1323.54
5044.50000 1320.34
5044.60000 1340.08
5044.70000 1337.34
5044.80000 1340.65
5044.90000 1355.12
5045.00000 1348.40
5045.10000 1355.57
5045.20000 1352.82
5045.30000 1332.75
5045.40000 1346.72
5045.50000 1347.62
5045.60000 1352.42
5045.70000 1340.44
5045.80000 1322.01
5045.90000 1334.98
5046.00000 1337.97
5046.10000 1340.39
5046.20000 1339.69
5046.30000 1332.33
5046.40000 1358.75
5046.50000 1349.17
5046.60000 1346.84
5046.70000 1349.86
5046.80000 1347.73
5046.90000 1345.83
5047.00000 1342.88
5047.10000 1339.37
5047.20000 1345.15
5047.30000 1336.64
5047.40000 1342.85
5047.50000 1339.78
5047.60000 1335.13
5047.70000 1328.43
5047.80000 1334.66
5047.90000 1337.70
5048.00000 1335.08
5048.10000 1325.83
5048.20000 1333.48
5048.30000 1330.10
5048.40000 1338.65
5048.50000 1336.91
5048.60000 1339.24
5048.70000 1346.52
5048.80000 1348.11
5048.90000 1329.96
5049.00000 1340.85
5049.10000 1351.37
5049.20000 1340.11
5049.30000 1332.98
5049.40000 1345.37
5049.50000 1348.70
5049.60000 1351.82
5049.70000 1339.31
5049.80000 1349.74
5049.90000 1342.44
5050.00000 1346.46
5050.10000 1340.06
5050.20000 1351.56
5050.30000 1354.07
5050.40000 1339.08
5050.50000 1347.14
5050.60000 1355.13
5050.70000 1355.04
5050.80000 1345.52
5050.90000 1355.87
5051.00000 1342.94
5051.10000 1358.24
5051.20000 1342.85
5051.30000 1350.21
5051.40000 1362.16
5051.50000 1348.30
5051.60000 1343.42
5051.70000 1347.26
5051.80000 1356.78
5051.90000 1349.31
5052.00000 1366.33
5052.10000 1360.73
5052.20000 1364.30
5052.30000 1362.74
5052.40000 1369.34
5052.50000 1367.47
5052.60000 1361.08
5052.70000 1370.85
5052.80000 1355.54
5052.90000 1364.98
5053.00000 1384.53
5053.10000 1386.65
5053.20000 1377.96
5053.30000 1376.89
5053.40000 1381.42
5053.50000 1372.27
5053.60000 1399.80
5053.70000 1377.84
5053.80000 1383.59
5053.90000 1388.33
5054.00000 1384.83
5054.10000 1383.17
5054.20000 1376.22
5054.30000 1358.86
5054.40000 1391.27
5054.50000 1381.62
5054.60000 1395.69
5054.70000 1391.70
5054.80000 1405.36
5054.90000 1411.07
5055.00000 1413.45
5055.10000 1408.33
5055.20000 1393.74
5055.30000 1391.74
5055.40000 1390.77
5055.50000 1389.42
5055.60000 1417.05
5055.70000 1399.12
5055.80000 1404.23
5055.90000 1421.02
5056.00000 1414.36
5056.10000 1407.89
5056.20000 1401.72
5056.30000 1390.87
5056.40000 1408.59
5056.50000 1405.90
5056.60000 1380.83
5056.70000 1391.97
5056.80000 1385.03
5056.90000 1352.76
5057.00000 1374.78
5057.10000 1386.69
5057.20000 1403.28
5057.30000 1397.44
5057.40000 1401.67
5057.50000 1398.11
5057.60000 1386.10
5057.70000 1398.54
5057.80000 1409.64
5057.90000 1397.58
5058.00000 1394.76
5058.10000 1357.26
5058.20000 1412.97
5058.30000 1413.40
5058.40000 1412.12
5058.50000 1396.66
5058.60000 1410.19
5058.70000 1382.24
5058.80000 1390.82
5058.90000 1415.15
5059.00000 1410.78
5059.10000 1395.10
5059.20000 1402.91
5059.30000 1407.08
5059.40000 1398.37
5059.50000 1392.92
5059.60000 1399.92
5059.70000 1391.92
5059.80000 1398.78
5059.90000 1390.80
5060.00000 1378.77
5060.10000 1384.95
5060.20000 1405.25
5060.30000 1404.57
5060.40000 1382.68
5060.50000 1348.14
5060.60000 1375.86
5060.70000 1397.97
5060.80000 1390.56
5060.90000 1393.97
5061.00000 1395.54
5061.10000 1385.56
5061.20000 1402.95
5061.30000 1398.56
5061.40000 1402.18
5061.50000 1388.79
5061.60000 1374.36
5061.70000 1387.54
5061.80000 1378.15
5061.90000 1376.89
5062.00000 1369.83
5062.10000 1364.08
5062.20000 1398.97
5062.30000 1407.70
5062.40000 1394.95
5062.50000 1391.16
5062.60000 1389.49
5062.70000 1390.36
5062.80000 1376.84
5062.90000 1390.53
5063.00000 1398.84
5063.10000 1390.69
5063.20000 1389.03
5063.30000 1383.05
5063.40000 1438.00
5063.50000 1401.44
5063.60000 1397.87
5063.70000 1392.83
5063.80000 1396.33
5063.90000 1394.99
5064.00000 1382.66
5064.10000 1395.33
5064.20000 1384.80
5064.30000 1378.11
5064.40000 1375.07
5064.50000 1386.34
5064.60000 1392.84
5064.70000 1388.46
5064.80000 1394.36
5064.90000 1385.58
5065.00000 1394.50
5065.10000 1398.11
5065.20000 1379.24
5065.30000 1407.45
5065.40000 1400.01
5065.50000 1385.18
5065.60000 1395.47
5065.70000 1403.29
5065.80000 1385.05
5065.90000 1387.78
5066.00000 1381.22
5066.10000 1388.46
5066.20000 1400.46
5066.30000 1376.87
5066.40000 1344.56
5066.50000 1365.60
5066.60000 1400.07
5066.70000 1389.41
5066.80000 1381.07
5066.90000 1380.47
5067.00000 1379.35
5067.10000 1403.56
5067.20000 1397.79
5067.30000 1398.95
5067.40000 1392.82
5067.50000 1382.27
5067.60000 1356.75
5067.70000 1347.14
5067.80000 1385.34
5067.90000 1389.46
5068.00000 1385.65
5068.10000 1395.82
5068.20000 1387.98
5068.30000 1394.00
5068.40000 1383.20
5068.50000 1401.66
5068.60000 1391.60
5068.70000 1382.33
5068.80000 1383.27
5068.90000 1408.43
5069.00000 1385.80
5069.10000 1386.19
5069.20000 1386.39
5069.30000 1394.53
5069.40000 1400.51
5069.50000 1391.12
5069.60000 1383.70
5069.70000 1400.33
5069.80000 1399.52
5069.90000 1396.92
5070.00000 1393.20
5070.10000 1405.05
5070.20000 1400.50
5070.30000 1392.02
5070.40000 1382.08
5070.50000 1403.44
5070.60000 1392.57
5070.70000 1389.15
5070.80000 1392.99
5070.90000 1407.81
5071.00000 1398.48
5071.10000 1399.80
5071.20000 1406.43
5071.30000 1407.73
5071.40000 1386.98
5071.50000 1387.33
5071.60000 1399.09
5071.70000 1380.83
5071.80000 1398.62
5071.90000 1390.64
5072.00000 1413.23
5072.10000 1402.58
5072.20000 1407.11
5072.30000 1398.81
5072.40000 1391.72
5072.50000 1396.38
5072.60000 1405.06
5072.70000 1380.29
5072.80000 1400.17
5072.90000 1409.70
5073.00000 1401.68
5073.10000 1389.92
5073.20000 1388.73
5073.30000 1366.58
5073.40000 1356.23
5073.50000 1384.55
5073.60000 1402.81
5073.70000 1387.75
5073.80000 1405.90
5073.90000 1403.77
5074.00000 1389.77
5074.10000 1396.87
5074.20000 1390.56
5074.30000 1382.08
5074.40000 1401.35
5074.50000 1390.22
5074.60000 1396.93
5074.70000 1397.29
5074.80000 1375.51
5074.90000 1385.74
5075.00000 1395.10
5075.10000 1391.53
5075.20000 1392.52
5075.30000 1398.79
5075.40000 1408.54
5075.50000 1386.25
5075.60000 1390.61
5075.70000 1407.30
5075.80000 1397.29
5075.90000 1400.71
5076.00000 1398.19
5076.10000 1395.49
5076.20000 1395.72
5076.30000 1371.71
5076.40000 1397.35
5076.50000 1408.79
5076.60000 1404.51
5076.70000 1384.46
5076.80000 1378.19
5076.90000 1345.29
5077.00000 1364.17
5077.10000 1388.53
5077.20000 1398.93
5077.30000 1395.50
5077.40000 1404.54
5077.50000 1396.23
5077.60000 1395.97
5077.70000 1400.59
5077.80000 1403.43
5077.90000 1360.97
5078.00000 1389.01
5078.10000 1396.98
5078.20000 1386.39
5078.30000 1388.87
5078.40000 1390.97
5078.50000 1384.92
5078.60000 1390.68
5078.70000 1386.50
5078.80000 1379.06
5078.90000 1380.46
5079.00000 1390.60
5079.10000 1402.28
5079.20000 1387.33
5079.30000 1400.28
5079.40000 1389.49
5079.50000 1387.14
5079.60000 1346.83
5079.70000 1384.64
5079.80000 1395.19
5079.90000 1389.24
5080.00000 1381.74
5080.10000 1390.20
5080.20000 1396.84
5080.30000 1390.81
5080.40000 1394.15
5080.50000 1385.75
5080.60000 1398.43
5080.70000 1393.67
5080.80000 1383.91
5080.90000 1400.16
5081.00000 1388.00
5081.10000 1387.05
5081.20000 1408.31
5081.30000 1399.43
5081.40000 1401.48
5081.50000 1400.25
5081.60000 1392.18
5081.70000 1411.21
5081.80000 1394.07
5081.90000 1403.31
5082.00000 1391.58
5082.10000 1399.29
5082.20000 1400.43
5082.30000 1400.65
5082.40000 1413.62
5082.50000 1383.82
5082.60000 1398.19
5082.70000 1400.39
5082.80000 1395.09
5082.90000 1385.86
5083.00000 1395.72
5083.10000 1394.84
5083.20000 1406.43
5083.30000 1392.98
5083.40000 1386.77
5083.50000 1407.18
5083.60000 1395.73
5083.70000 1408.00
5083.80000 1398.84
5083.90000 1407.36
5084.00000 1405.00
5084.10000 1392.37
5084.20000 1391.90
5084.30000 1370.62
5084.40000 1407.39
5084.50000 1398.25
5084.60000 1392.03
5084.70000 1392.22
5084.80000 1399.36
5084.90000 1402.83
5085.00000 1389.51
5085.10000 1398.79
5085.20000 1393.65
5085.30000 1401.83
5085.40000 1390.16
5085.50000 1393.18
5085.60000 1400.32
5085.70000 1399.94
5085.80000 1401.10
5085.90000 1389.11
5086.00000 1398.46
5086.10000 1414.19
5086.20000 1393.55
5086.30000 1390.82
5086.40000 1401.05
5086.50000 1397.99
5086.60000 1382.80
5086.70000 1400.29
5086.80000 1373.92
5086.90000 1400.40
5087.00000 1388.79
5087.10000 1367.40
5087.20000 1389.48
5087.30000 1400.32
5087.40000 1400.50
5087.50000 1382.92
5087.60000 1398.23
5087.70000 1409.10
5087.80000 1385.49
5087.90000 1391.51
5088.00000 1395.08
5088.10000 1398.14
5088.20000 1399.22
5088.30000 1396.86
5088.40000 1403.06
5088.50000 1387.63
5088.60000 1396.04
5088.70000 1407.04
5088.80000 1397.18
5088.90000 1402.68
5089.00000 1380.68
5089.10000 1386.58
5089.20000 1393.82
5089.30000 1403.83
5089.40000 1402.94
5089.50000 1383.23
5089.60000 1399.51
5089.70000 1398.41
5089.80000 1397.90
5089.90000 1376.24
5090.00000 1398.50
5090.10000 1396.99
5090.20000 1399.39
5090.30000 1396.83
5090.40000 1379.80
5090.50000 1389.73
5090.60000 1395.18
5090.70000 1401.05
5090.80000 1397.35
5090.90000 1391.77
5091.00000 1394.12
5091.10000 1405.18
5091.20000 1398.17
5091.30000 1394.44
5091.40000 1391.52
5091.50000 1394.40
5091.60000 1402.50
5091.70000 1385.62
5091.80000 1394.13
5091.90000 1394.12
5092.00000 1386.35
5092.10000 1402.15
5092.20000 1409.37
5092.30000 1384.81
5092.40000 1388.64
5092.50000 1388.05
5092.60000 1383.23
5092.70000 1367.43
5092.80000 1379.24
5092.90000 1385.10
5093.00000 1366.12
5093.10000 1376.67
5093.20000 1393.60
5093.30000 1391.14
5093.40000 1401.60
5093.50000 1390.82
5093.60000 1399.92
5093.70000 1390.15
5093.80000 1397.78
5093.90000 1391.31
5094.00000 1395.76
5094.10000 1389.02
5094.20000 1378.52
5094.30000 1385.74
5094.40000 1384.30
5094.50000 1372.35
5094.60000 1388.64
5094.70000 1393.90
5094.80000 1391.00
5094.90000 1381.49
5095.00000 1401.02
5095.10000 1408.28
5095.20000 1393.46
5095.30000 1386.96
5095.40000 1391.13
5095.50000 1405.90
5095.60000 1392.75
5095.70000 1401.74
5095.80000 1389.39
5095.90000 1401.47
5096.00000 1410.84
5096.10000 1400.91
5096.20000 1405.33
5096.30000 1390.67
5096.40000 1395.78
5096.50000 1388.83
5096.60000 1411.62
5096.70000 1401.71
5096.80000 1405.37
5096.90000 1402.67
5097.00000 1406.19
5097.10000 1401.65
5097.20000 1396.66
5097.30000 1402.42
5097.40000 1388.68
5097.50000 1391.95
5097.60000 1397.52
5097.70000 1407.25
5097.80000 1401.97
5097.90000 1406.43
5098.00000 1409.88
5098.10000 1403.67
5098.20000 1403.27
5098.30000 1403.99
5098.40000 1397.66
5098.50000 1401.63
5098.60000 1420.93
5098.70000 1392.23
5098.80000 1413.53
5098.90000 1409.76
5099.00000 1402.63
5099.10000 1412.68
5099.20000 1415.14
5099.30000 1415.29
5099.40000 1417.82
5099.50000 1415.94
5099.60000 1408.05
5099.70000 1398.41
5099.80000 1396.30
5099.90000 1399.40
5100.00000 1393.69
5100.10000 1408.17
5100.20000 1397.13
5100.30000 1396.88
5100.40000 1408.12
5100.50000 1395.95
5100.60000 1392.67
5100.70000 1402.68
5100.80000 1400.65
5100.90000 1396.98
5101.00000 1397.52
5101.10000 1400.65
5101.20000 1388.54
5101.30000 1386.30
5101.40000 1398.65
5101.50000 1403.24
5101.60000 1385.30
5101.70000 1386.16
5101.80000 1379.56
5101.90000 1413.86
5102.00000 1403.36
5102.10000 1393.64
5102.20000 1396.23
5102.30000 1400.41
5102.40000 1409.07
5102.50000 1401.26
5102.60000 1406.06
5102.70000 1399.18
5102.80000 1394.77
5102.90000 1397.64
5103.00000 1393.52
5103.10000 1402.51
5103.20000 1406.95
5103.30000 1406.51
5103.40000 1406.31
5103.50000 1412.91
5103.60000 1403.56
5103.70000 1405.14
5103.80000 1392.40
5103.90000 1409.30
5104.00000 1399.17
5104.10000 1399.26
5104.20000 1414.69
5104.30000 1407.35
5104.40000 1400.91
5104.50000 1395.31
5104.60000 1395.39
5104.70000 1392.88
5104.80000 1391.87
5104.90000 1393.00
5105.00000 1396.40
5105.10000 1399.45
5105.20000 1395.61
5105.30000 1401.49
5105.40000 1410.59
5105.50000 1393.11
5105.60000 1394.95
5105.70000 1385.89
5105.80000 1394.19
5105.90000 1400.79
5106.00000 1389.33
5106.10000 1397.48
5106.20000 1384.17
5106.30000 1391.81
5106.40000 1387.08
5106.50000 1392.31
5106.60000 1389.82
5106.70000 1389.54
5106.80000 1381.25
5106.90000 1384.10
5107.00000 1391.43
5107.10000 1390.72
5107.20000 1396.67
5107.30000 1389.82
5107.40000 1387.36
5107.50000 1393.03
5107.60000 1391.01
5107.70000 1384.38
5107.80000 1373.79
5107.90000 1378.69
5108.00000 1391.61
5108.10000 1391.79
5108.20000 1401.56
5108.30000 1396.08
5108.40000 1392.17
5108.50000 1390.21
5108.60000 1388.10
5108.70000 1394.35
5108.80000 1382.04
5108.90000 1377.12
5109.00000 1381.41
5109.10000 1394.94
5109.20000 1385.47
5109.30000 1377.68
5109.40000 1377.55
5109.50000 1375.43
5109.60000 1387.49
5109.70000 1395.51
5109.80000 1385.90
5109.90000 1388.54
5110.00000 1379.71
5110.10000 1380.88
5110.20000 1374.60
5110.30000 1377.61
5110.40000 1384.46
5110.50000 1392.09
5110.60000 1375.26
5110.70000 1395.44
5110.80000 1379.64
5110.90000 1379.26
5111.00000 1393.68
5111.10000 1377.67
5111.20000 1384.36
5111.30000 1388.90
5111.40000 1377.86
5111.50000 1378.24
5111.60000 1374.87
5111.70000 1388.73
5111.80000 1371.04
5111.90000 1372.23
5112.00000 1386.50
5112.10000 1386.66
5112.20000 1376.94
5112.30000 1375.54
5112.40000 1386.63
5112.50000 1379.02
5112.60000 1384.65
5112.70000 1371.26
5112.80000 1377.78
5112.90000 1373.40
5113.00000 1381.05
5113.10000 1379.44
5113.20000 1374.41
5113.30000 1373.69
5113.40000 1397.36
5113.50000 1378.52
5113.60000 1378.17
5113.70000 1370.58
5113.80000 1370.91
5113.90000 1389.14
5114.00000 1376.41
5114.10000 1380.93
5114.20000 1380.97
5114.30000 1384.59
5114.40000 1383.12
5114.50000 1379.38
5114.60000 1392.36
5114.70000 1384.66
5114.80000 1383.85
5114.90000 1374.60
5115.00000 1373.14
5115.10000 1376.57
5115.20000 1380.14
5115.30000 1390.81
5115.40000 1386.60
5115.50000 1389.35
5115.60000 1374.65
5115.70000 1382.61
5115.80000 1375.54
5115.90000 1395.65
5116.00000 1386.36
5116.10000 1386.87
5116.20000 1382.44
5116.30000 1374.32
5116.40000 1382.95
5116.50000 1373.80
5116.60000 1400.75
5116.70000 1379.12
5116.80000 1377.05
5116.90000 1371.44
5117.00000 1372.46
5117.10000 1374.83
5117.20000 1378.38
5117.30000 1376.72
5117.40000 1375.35
5117.50000 1378.86
5117.60000 1376.50
5117.70000 1389.65
5117.80000 1390.60
5117.90000 1386.84
5118.00000 1365.14
5118.10000 1371.75
5118.20000 1370.24
5118.30000 1381.92
5118.40000 1379.70
5118.50000 1395.85
5118.60000 1388.64
5118.70000 1385.48
5118.80000 1380.10
5118.90000 1394.01
5119.00000 1384.70
5119.10000 1386.59
5119.20000 1384.60
5119.30000 1381.30
5119.40000 1389.38
5119.50000 1383.69
5119.60000 1390.81
5119.70000 1374.05
5119.80000 1393.82
5119.90000 1383.13
5120.00000 1392.13
5120.10000 1381.64
5120.20000 1387.77
5120.30000 1386.20
5120.40000 1384.34
5120.50000 1395.15
5120.60000 1383.84
5120.70000 1388.08
5120.80000 1390.34
5120.90000 1383.03
5121.00000 1393.98
5121.10000 1376.02
5121.20000 1378.35
5121.30000 1377.58
5121.40000 1382.67
5121.50000 1377.95
5121.60000 1387.42
5121.70000 1387.00
5121.80000 1385.83
5121.90000 1381.00
5122.00000 1385.74
5122.10000 1390.46
5122.20000 1388.71
5122.30000 1371.87
5122.40000 1394.01
5122.50000 1398.43
5122.60000 1393.29
5122.70000 1385.63
5122.80000 1390.11
5122.90000 1385.17
5123.00000 1399.17
5123.10000 1388.63
5123.20000 1384.97
5123.30000 1384.00
5123.40000 1391.49
5123.50000 1400.89
5123.60000 1380.62
5123.70000 1384.47
5123.80000 1394.04
5123.90000 1402.45
5124.00000 1385.52
5124.10000 1393.25
5124.20000 1394.66
5124.30000 1392.86
5124.40000 1399.72
5124.50000 1392.55
5124.60000 1395.48
5124.70000 1400.10
5124.80000 1399.05
5124.90000 1398.96
5125.00000 1388.01
5125.10000 1395.12
5125.20000 1396.55
5125.30000 1401.16
5125.40000 1403.39
5125.50000 1398.20
5125.60000 1391.49
5125.70000 1397.21
5125.80000 1392.38
5125.90000 1396.45
5126.00000 1395.95
5126.10000 1402.07
5126.20000 1413.04
5126.30000 1391.20
5126.40000 1403.41
5126.50000 1401.54
5126.60000 1397.76
5126.70000 1406.78
5126.80000 1459.24
5126.90000 1416.51
5127.00000 1409.08
5127.10000 1416.78
5127.20000 1417.94
5127.30000 1408.72
5127.40000 1398.85
5127.50000 1407.53
5127.60000 1404.79
5127.70000 1415.49
5127.80000 1409.86
5127.90000 1408.70
5128.00000 1412.18
5128.10000 1395.11
5128.20000 1403.87
5128.30000 1404.80
5128.40000 1401.44
5128.50000 1389.43
5128.60000 1397.65
5128.70000 1407.11
5128.80000 1404.34
5128.90000 1425.41
5129.00000 1402.29
5129.10000 1405.56
5129.20000 1413.56
5129.30000 1405.59
5129.40000 1407.91
5129.50000 1412.78
5129.60000 1412.28
5129.70000 1412.13
5129.80000 1405.30
5129.90000 1427.45
5130.00000 1428.77
5130.10000 1419.73
5130.20000 1409.29
5130.30000 1409.44
5130.40000 1420.89
5130.50000 1413.98
5130.60000 1421.69
5130.70000 1421.04
5130.80000 1418.99
5130.90000 1427.22
5131.00000 1411.86
5131.10000 1428.12
5131.20000 1425.18
5131.30000 1423.47
5131.40000 1421.35
5131.50000 1425.91
5131.60000 1438.23
5131.70000 1419.81
5131.80000 1442.92
5131.90000 1426.71
5132.00000 1426.81
5132.10000 1429.58
5132.20000 1426.24
5132.30000 1415.39
5132.40000 1425.12
5132.50000 1426.92
5132.60000 1415.06
5132.70000 1415.51
5132.80000 1414.03
5132.90000 1415.00
5133.00000 1418.02
5133.10000 1421.97
5133.20000 1404.84
5133.30000 1408.80
5133.40000 1405.69
5133.50000 1410.13
5133.60000 1417.15
5133.70000 1416.01
5133.80000 1397.70
5133.90000 1404.53
5134.00000 1415.34
5134.10000 1390.02
5134.20000 1405.07
5134.30000 1415.86
5134.40000 1421.64
5134.50000 1418.24
5134.60000 1409.11
5134.70000 1400.50
5134.80000 1402.07
5134.90000 1402.95
5135.00000 1419.27
5135.10000 1409.18
5135.20000 1426.49
5135.30000 1418.44
5135.40000 1436.59
5135.50000 1417.96
5135.60000 1411.91
5135.70000 1412.13
5135.80000 1404.63
5135.90000 1409.08
5136.00000 1414.21
5136.10000 1418.61
5136.20000 1416.98
5136.30000 1419.51
5136.40000 1412.88
5136.50000 1406.09
5136.60000 1419.86
5136.70000 1409.79
5136.80000 1411.21
5136.90000 1398.74
5137.00000 1425.99
5137.10000 1401.65
5137.20000 1737.19
5137.30000 1427.07
5137.40000 1394.77
5137.50000 1400.67
5137.60000 1398.81
5137.70000 1396.45
5137.80000 1406.17
5137.90000 1406.49
5138.00000 1392.66
5138.10000 1406.96
5138.20000 1400.77
5138.30000 1399.82
5138.40000 1398.88
5138.50000 1386.12
5138.60000 1394.19
5138.70000 1395.60
5138.80000 1395.29
5138.90000 1390.79
5139.00000 1385.40
5139.10000 1390.18
5139.20000 1398.12
5139.30000 1401.97
5139.40000 1410.13
5139.50000 1399.65
5139.60000 1400.38
5139.70000 1393.30
5139.80000 1412.43
5139.90000 1393.51
5140.00000 1397.44
5140.10000 1402.00
5140.20000 1407.22
5140.30000 1406.57
5140.40000 1404.95
5140.50000 1395.95
5140.60000 1416.82
5140.70000 1389.08
5140.80000 1402.07
5140.90000 1406.09
5141.00000 1403.58
5141.10000 1397.99
5141.20000 1401.76
5141.30000 1388.26
5141.40000 1406.72
5141.50000 1406.75
5141.60000 1400.03
5141.70000 1397.42
5141.80000 1400.18
5141.90000 1398.29
5142.00000 1389.72
5142.10000 1388.01
5142.20000 1405.73
5142.30000 1401.39
5142.40000 1414.83
5142.50000 1383.92
5142.60000 1409.36
5142.70000 1400.49
5142.80000 1417.63
5142.90000 1398.86
5143.00000 1405.99
5143.10000 1408.90
5143.20000 1396.29
5143.30000 1405.03
5143.40000 1401.43
5143.50000 1415.56
5143.60000 1403.27
5143.70000 1410.17
5143.80000 1408.52
5143.90000 1399.74
5144.00000 1403.58
5144.10000 1419.20
5144.20000 1416.30
5144.30000 1409.01
5144.40000 1414.36
5144.50000 1396.64
5144.60000 1405.96
5144.70000 1419.09
5144.80000 1422.69
5144.90000 1417.63
5145.00000 1417.46
5145.10000 1396.95
5145.20000 1413.17
5145.30000 1403.82
5145.40000 1412.75
5145.50000 1398.63
5145.60000 1417.26
5145.70000 1412.56
5145.80000 1408.23
5145.90000 1406.00
5146.00000 1405.52
5146.10000 1389.74
5146.20000 1408.81
5146.30000 1404.41
5146.40000 1418.04
5146.50000 1411.72
5146.60000 1407.33
5146.70000 1396.59
5146.80000 1403.79
5146.90000 1408.36
5147.00000 1404.07
5147.10000 1409.44
5147.20000 1400.06
5147.30000 1420.76
5147.40000 1414.99
5147.50000 1406.12
5147.60000 1401.58
5147.70000 1407.87
5147.80000 1404.42
5147.90000 1420.68
5148.00000 1417.80
5148.10000 1415.57
5148.20000 1413.92
5148.30000 1398.41
5148.40000 1415.69
5148.50000 1427.95
5148.60000 1416.27
5148.70000 1422.99
5148.80000 1428.40
5148.90000 1402.07
5149.00000 1403.85
5149.10000 1403.07
5149.20000 1405.03
5149.30000 1402.90
5149.40000 1401.26
5149.50000 1424.20
5149.60000 1419.16
5149.70000 1417.85
5149.80000 1421.21
5149.90000 1391.39
5150.00000 1402.57
5150.10000 1404.26
5150.20000 1418.83
5150.30000 1406.84
5150.40000 1400.34
5150.50000 1396.75
5150.60000 1391.52
5150.70000 1396.64
5150.80000 1400.43
5150.90000 1404.31
5151.00000 1407.07
5151.10000 1402.49
5151.20000 1409.46
5151.30000 1411.78
5151.40000 1396.29
5151.50000 1409.19
5151.60000 1398.59
5151.70000 1404.68
5151.80000 1407.53
5151.90000 1410.58
5152.00000 1392.70
5152.10000 1396.85
5152.20000 1408.28
5152.30000 1390.74
5152.40000 1404.82
5152.50000 1401.39
5152.60000 1425.64
5152.70000 1410.65
5152.80000 1410.26
5152.90000 1415.97
5153.00000 1412.08
5153.10000 1416.74
5153.20000 1415.66
5153.30000 1407.85
5153.40000 1411.37
5153.50000 1407.27
5153.60000 1400.53
5153.70000 1399.77
5153.80000 1412.29
5153.90000 1418.93
5154.00000 1403.19
5154.10000 1409.03
5154.20000 1391.05
5154.30000 1403.27
5154.40000 1407.32
5154.50000 1401.93
5154.60000 1401.32
5154.70000 1391.89
5154.80000 1402.85
5154.90000 1400.49
5155.00000 1398.64
5155.10000 1406.78
5155.20000 1398.42
5155.30000 1398.45
5155.40000 1402.50
5155.50000 1398.08
5155.60000 1393.01
5155.70000 1383.25
5155.80000 1399.82
5155.90000 1399.36
5156.00000 1404.56
5156.10000 1399.21
5156.20000 1400.66
5156.30000 1402.08
5156.40000 1382.72
5156.50000 1389.17
5156.60000 1386.10
5156.70000 1398.57
5156.80000 1404.51
5156.90000 1414.89
5157.00000 1404.41
5157.10000 1393.82
5157.20000 1391.61
5157.30000 1409.22
5157.40000 1405.90
5157.50000 1395.21
5157.60000 1403.22
5157.70000 1394.91
5157.80000 1386.73
5157.90000 1393.42
5158.00000 1401.40
5158.10000 1407.65
5158.20000 1399.39
5158.30000 1388.69
5158.40000 1388.92
5158.50000 1396.26
5158.60000 1398.60
5158.70000 1376.27
5158.80000 1382.35
5158.90000 1388.27
5159.00000 1398.09
5159.10000 1381.82
5159.20000 1394.44
5159.30000 1387.04
5159.40000 1375.81
5159.50000 1395.60
5159.60000 1396.01
5159.70000 1377.57
5159.80000 1379.84
5159.90000 1385.86
5160.00000 1376.87
5160.10000 1374.71
5160.20000 1378.70
5160.30000 1389.51
5160.40000 1389.54
5160.50000 1375.12
5160.60000 1375.31
5160.70000 1384.80
5160.80000 1391.27
5160.90000 1372.68
5161.00000 1387.99
5161.10000 1385.10
5161.20000 1388.63
5161.30000 1371.88
5161.40000 1389.18
5161.50000 1375.33
5161.60000 1381.45
5161.70000 1379.99
5161.80000 1370.24
5161.90000 1383.11
5162.00000 1376.22
5162.10000 1383.18
5162.20000 1391.69
5162.30000 1373.32
5162.40000 1373.66
5162.50000 1368.72
5162.60000 1374.66
5162.70000 1384.87
5162.80000 1370.83
5162.90000 1377.03
5163.00000 1381.17
5163.10000 1382.01
5163.20000 1389.24
5163.30000 1381.41
5163.40000 1387.13
5163.50000 1387.30
5163.60000 1386.77
5163.70000 1396.67
5163.80000 1389.71
5163.90000 1388.92
5164.00000 1413.89
5164.10000 1405.15
5164.20000 1399.57
5164.30000 1399.43
5164.40000 1413.43
5164.50000 1414.54
5164.60000 1425.71
5164.70000 1421.41
5164.80000 1424.10
5164.90000 1417.58
5165.00000 1422.62
5165.10000 1426.50
5165.20000 1421.43
5165.30000 1435.31
5165.40000 1424.64
5165.50000 1437.31
5165.60000 1448.96
5165.70000 1446.35
5165.80000 1455.16
5165.90000 1460.27
5166.00000 1468.38
5166.10000 1470.91
5166.20000 1471.42
5166.30000 1464.02
5166.40000 1470.04
5166.50000 1470.48
5166.60000 1476.13
5166.70000 1481.82
5166.80000 1488.75
5166.90000 1490.41
5167.00000 1493.16
5167.10000 1499.18
5167.20000 1517.34
5167.30000 1517.12
5167.40000 1520.39
5167.50000 1532.31
5167.60000 1530.29
5167.70000 1548.76
5167.80000 1533.88
5167.90000 1557.05
5168.00000 1545.07
5168.10000 1539.60
5168.20000 1531.56
5168.30000 1529.68
5168.40000 1518.99
5168.50000 1514.72
5168.60000 1507.02
5168.70000 1506.48
5168.80000 1504.38
5168.90000 1504.79
5169.00000 1491.73
5169.10000 1495.41
5169.20000 1493.85
5169.30000 1500.79
5169.40000 1492.25
5169.50000 1494.56
5169.60000 1494.97
5169.70000 1517.38
5169.80000 1510.66
5169.90000 1518.35
5170.00000 1527.35
5170.10000 1537.36
5170.20000 1540.86
5170.30000 1547.88
5170.40000 1533.53
5170.50000 1543.95
5170.60000 1547.78
5170.70000 1542.83
5170.80000 1547.90
5170.90000 1545.16
5171.00000 1535.18
5171.10000 1535.79
5171.20000 1557.28
5171.30000 1561.63
5171.40000 1587.98
5171.50000 1571.48
5171.60000 1570.97
5171.70000 1552.71
5171.80000 1543.13
5171.90000 1542.30
5172.00000 1512.01
5172.10000 1519.71
5172.20000 1518.68
5172.30000 1514.00
5172.40000 1515.31
5172.50000 1485.56
5172.60000 1475.31
5172.70000 1478.88
5172.80000 1478.65
5172.90000 1462.21
5173.00000 1452.34
5173.10000 1442.12
5173.20000 1447.39
5173.30000 1457.33
5173.40000 1446.36
5173.50000 1431.05
5173.60000 1433.65
5173.70000 1435.12
5173.80000 1443.13
5173.90000 1424.93
5174.00000 1420.86
5174.10000 1424.70
5174.20000 1425.49
5174.30000 1419.84
5174.40000 1423.84
5174.50000 1420.76
5174.60000 1430.52
5174.70000 1423.70
5174.80000 1430.01
5174.90000 1430.67
5175.00000 1434.70
5175.10000 1425.99
5175.20000 1430.26
5175.30000 1433.55
5175.40000 1438.61
5175.50000 1422.89
5175.60000 1434.33
5175.70000 1421.22
5175.80000 1413.64
5175.90000 1412.64
5176.00000 1413.04
5176.10000 1411.93
5176.20000 1419.63
5176.30000 1385.20
5176.40000 1374.91
5176.50000 1386.50
5176.60000 1398.20
5176.70000 1398.26
5176.80000 1395.81
5176.90000 1416.59
5177.00000 1390.25
5177.10000 1385.26
5177.20000 1397.57
5177.30000 1392.09
5177.40000 1386.48
5177.50000 1385.30
5177.60000 1391.25
5177.70000 1393.61
5177.80000 1393.11
5177.90000 1404.21
5178.00000 1383.20
5178.10000 1386.04
5178.20000 1383.80
5178.30000 1382.59
5178.40000 1385.49
5178.50000 1381.45
5178.60000 1383.08
5178.70000 1381.06
5178.80000 1393.83
5178.90000 1385.06
5179.00000 1390.37
5179.10000 1382.08
5179.20000 1387.96
5179.30000 1392.33
5179.40000 1396.07
5179.50000 1392.30
5179.60000 1388.62
5179.70000 1386.73
5179.80000 1401.82
5179.90000 1397.63
5180.00000 1399.39
5180.10000 1391.94
5180.20000 1406.25
5180.30000 1396.36
5180.40000 1393.62
5180.50000 1408.74
5180.60000 1408.64
5180.70000 1402.63
5180.80000 1412.38
5180.90000 1403.18
5181.00000 1422.22
5181.10000 1413.12
5181.20000 1419.05
5181.30000 1428.18
5181.40000 1417.04
5181.50000 1406.77
5181.60000 1430.89
5181.70000 1432.65
5181.80000 1441.89
5181.90000 1425.46
5182.00000 1439.33
5182.10000 1428.16
5182.20000 1431.36
5182.30000 1434.99
5182.40000 1419.78
5182.50000 1429.76
5182.60000 1421.20
5182.70000 1434.94
5182.80000 1429.88
5182.90000 1435.25
5183.00000 1420.91
5183.10000 1420.19
5183.20000 1422.44
5183.30000 1412.68
5183.40000 1431.54
5183.50000 1423.39
5183.60000 1411.01
5183.70000 1406.19
5183.80000 1414.07
5183.90000 1418.87
5184.00000 1403.83
5184.10000 1405.87
5184.20000 1418.14
5184.30000 1413.03
5184.40000 1423.41
5184.50000 1404.97
5184.60000 1412.42
5184.70000 1404.87
5184.80000 1410.89
5184.90000 1413.53
5185.00000 1411.73
5185.10000 1411.25
5185.20000 1415.35
5185.30000 1416.83
5185.40000 1417.54
5185.50000 1415.42
5185.60000 1422.18
5185.70000 1433.52
5185.80000 1424.82
5185.90000 1435.32
5186.00000 1432.71
5186.10000 1444.02
5186.20000 1432.19
5186.30000 1417.34
5186.40000 1425.37
5186.50000 1427.72
5186.60000 1439.96
5186.70000 1443.18
5186.80000 1421.33
5186.90000 1441.29
5187.00000 1429.34
5187.10000 1421.43
5187.20000 1421.59
5187.30000 1442.27
5187.40000 1430.19
5187.50000 1423.17
5187.60000 1418.45
5187.70000 1419.55
5187.80000 1418.34
5187.90000 1423.15
5188.00000 1424.00
5188.10000 1413.31
5188.20000 1415.11
5188.30000 1421.25
5188.40000 1411.91
5188.50000 1410.12
5188.60000 1415.58
5188.70000 1406.74
5188.80000 1405.96
5188.90000 1406.81
5189.00000 1428.04
5189.10000 1406.02
5189.20000 1411.47
5189.30000 1398.19
5189.40000 1407.13
5189.50000 1419.35
5189.60000 1403.35
5189.70000 1397.52
5189.80000 1404.62
5189.90000 1401.28
5190.00000 1408.59
5190.10000 1411.09
5190.20000 1407.68
5190.30000 1408.28
5190.40000 1419.36
5190.50000 1398.40
5190.60000 1392.89
5190.70000 1400.82
5190.80000 1388.73
5190.90000 1401.07
5191.00000 1405.56
5191.10000 1417.80
5191.20000 1415.48
5191.30000 1410.08
5191.40000 1393.37
5191.50000 1411.34
5191.60000 1413.37
5191.70000 1406.07
5191.80000 1383.73
5191.90000 1402.29
5192.00000 1418.07
5192.10000 1401.10
5192.20000 1412.26
5192.30000 1413.90
5192.40000 1395.02
5192.50000 1399.08
5192.60000 1407.14
5192.70000 1395.90
5192.80000 1402.75
5192.90000 1400.39
5193.00000 1402.98
5193.10000 1401.89
5193.20000 1425.66
5193.30000 1417.75
5193.40000 1411.18
5193.50000 1413.73
5193.60000 1419.54
5193.70000 1413.30
5193.80000 1407.87
5193.90000 1410.13
5194.00000 1405.99
5194.10000 1411.16
5194.20000 1411.95
5194.30000 1420.48
5194.40000 1431.36
5194.50000 1420.61
5194.60000 1432.12
5194.70000 1433.92
5194.80000 1421.63
5194.90000 1430.17
5195.00000 1455.32
5195.10000 1439.97
5195.20000 1448.61
5195.30000 1457.54
5195.40000 1455.54
5195.50000 1450.67
5195.60000 1480.10
5195.70000 1460.62
5195.80000 1484.90
5195.90000 1487.23
5196.00000 1485.52
5196.10000 1485.74
5196.20000 1503.83
5196.30000 1518.27
5196.40000 1502.86
5196.50000 1501.88
5196.60000 1503.26
5196.70000 1489.42
5196.80000 1492.07
5196.90000 1472.65
5197.00000 1469.08
5197.10000 1459.40
5197.20000 1463.22
5197.30000 1458.70
5197.40000 1473.50
5197.50000 1460.47
5197.60000 1454.98
5197.70000 1452.60
5197.80000 1455.07
5197.90000 1453.34
5198.00000 1459.36
5198.10000 1464.36
5198.20000 1462.72
5198.30000 1473.76
5198.40000 1468.42
5198.50000 1451.47
5198.60000 1449.18
5198.70000 1457.25
5198.80000 1457.77
5198.90000 1460.76
5199.00000 1462.09
5199.10000 1474.47
5199.20000 1467.71
5199.30000 1476.11
5199.40000 1474.62
5199.50000 1483.15
5199.60000 1457.59
5199.70000 1473.13
5199.80000 1491.47
5199.90000 1487.80
5200.00000 1495.97
5200.10000 1492.82
5200.20000 1488.28
5200.30000 1488.87
5200.40000 1485.25
5200.50000 1487.44
5200.60000 1475.17
5200.70000 1484.78
5200.80000 1462.51
5200.90000 1470.58
5201.00000 1461.54
5201.10000 1463.24
5201.20000 1453.30
5201.30000 1450.49
5201.40000 1449.73
5201.50000 1443.52
5201.60000 1451.24
5201.70000 1436.85
5201.80000 1452.75
5201.90000 1448.49
5202.00000 1428.98
5202.10000 1432.43
5202.20000 1437.46
5202.30000 1424.15
5202.40000 1434.91
5202.50000 1444.53
5202.60000 1426.13
5202.70000 1428.12
5202.80000 1439.98
5202.90000 1411.72
5203.00000 1420.03
5203.10000 1418.24
5203.20000 1402.70
5203.30000 1424.18
5203.40000 1428.14
5203.50000 1427.29
5203.60000 1414.44
5203.70000 1419.74
5203.80000 1429.26
5203.90000 1424.60
5204.00000 1418.11
5204.10000 1404.32
5204.20000 1414.51
5204.30000 1407.83
5204.40000 1416.56
5204.50000 1403.85
5204.60000 1425.62
5204.70000 1392.86
5204.80000 1418.96
5204.90000 1418.49
5205.00000 1409.66
5205.10000 1431.28
5205.20000 1414.31
5205.30000 1412.11
5205.40000 1420.77
5205.50000 1416.23
5205.60000 1419.17
5205.70000 1418.34
5205.80000 1422.12
5205.90000 1416.87
5206.00000 1411.14
5206.10000 1416.78
5206.20000 1425.67
5206.30000 1429.05
5206.40000 1412.29
5206.50000 1430.26
5206.60000 1404.47
5206.70000 1415.37
5206.80000 1420.87
5206.90000 1436.43
5207.00000 1401.86
5207.10000 1421.68
5207.20000 1421.86
5207.30000 1418.77
5207.40000 1417.31
5207.50000 1425.63
5207.60000 1416.84
5207.70000 1421.17
5207.80000 1422.32
5207.90000 1418.40
5208.00000 1416.80
5208.10000 1426.50
5208.20000 1416.14
5208.30000 1422.24
5208.40000 1413.62
5208.50000 1407.48
5208.60000 1416.88
5208.70000 1423.11
5208.80000 1412.90
5208.90000 1414.44
5209.00000 1420.14
5209.10000 1418.55
5209.20000 1412.34
5209.30000 1424.37
5209.40000 1417.68
5209.50000 1413.85
5209.60000 1430.79
5209.70000 1416.73
5209.80000 1426.62
5209.90000 1415.03
5210.00000 1415.43
5210.10000 1414.74
5210.20000 1433.28
5210.30000 1435.77
5210.40000 1419.75
5210.50000 1429.88
5210.60000 1426.93
5210.70000 1410.01
5210.80000 1413.34
5210.90000 1423.56
5211.00000 1416.01
5211.10000 1407.65
5211.20000 1420.86
5211.30000 1421.67
5211.40000 1419.35
5211.50000 1412.40
5211.60000 1423.71
5211.70000 1424.44
5211.80000 1422.33
5211.90000 1421.50
5212.00000 1425.41
5212.10000 1429.60
5212.20000 1419.38
5212.30000 1421.05
5212.40000 1437.63
5212.50000 1425.76
5212.60000 1419.22
5212.70000 1430.17
5212.80000 1421.00
5212.90000 1414.21
5213.00000 1422.37
5213.10000 1433.12
5213.20000 1434.12
5213.30000 1430.66
5213.40000 1430.45
5213.50000 1434.42
5213.60000 1431.49
5213.70000 1425.09
5213.80000 1431.64
5213.90000 1432.56
5214.00000 1428.28
5214.10000 1442.85
5214.20000 1437.60
5214.30000 1436.85
5214.40000 1438.01
5214.50000 1427.36
5214.60000 1442.97
5214.70000 1436.00
5214.80000 1437.86
5214.90000 1422.96
5215.00000 1441.53
5215.10000 1436.13
5215.20000 1422.73
5215.30000 1431.69
5215.40000 1437.50
5215.50000 1442.41
5215.60000 1426.83
5215.70000 1433.82
5215.80000 1429.68
5215.90000 1430.53
5216.00000 1426.90
5216.10000 1431.71
5216.20000 1425.24
5216.30000 1417.05
5216.40000 1424.63
5216.50000 1430.91
5216.60000 1421.72
5216.70000 1422.29
5216.80000 1424.69
5216.90000 1415.69
5217.00000 1420.60
5217.10000 1438.47
5217.20000 1415.15
5217.30000 1418.93
5217.40000 1420.30
5217.50000 1421.86
5217.60000 1425.07
5217.70000 1432.74
5217.80000 1435.33
5217.90000 1429.61
5218.00000 1428.73
5218.10000 1441.74
5218.20000 1422.43
5218.30000 1405.60
5218.40000 1433.34
5218.50000 1424.63
5218.60000 1426.63
5218.70000 1435.07
5218.80000 1423.89
5218.90000 1436.73
5219.00000 1429.59
5219.10000 1431.08
5219.20000 1429.19
5219.30000 1430.63
5219.40000 1432.83
5219.50000 1433.29
5219.60000 1428.09
5219.70000 1437.94
5219.80000 1425.52
5219.90000 1431.95
5220.00000 1433.78
5220.10000 1432.16
5220.20000 1436.75
5220.30000 1437.24
5220.40000 1416.27
5220.50000 1425.25
5220.60000 1426.42
5220.70000 1420.88
5220.80000 1430.98
5220.90000 1431.10
5221.00000 1429.56
5221.10000 1430.82
5221.20000 1438.99
5221.30000 1420.12
5221.40000 1444.26
5221.50000 1439.83
5221.60000 1426.93
5221.70000 1427.44
5221.80000 1429.05
5221.90000 1435.62
5222.00000 1442.32
5222.10000 1426.31
5222.20000 1430.11
5222.30000 1429.12
5222.40000 1433.08
5222.50000 1423.22
5222.60000 1430.76
5222.70000 1431.91
5222.80000 1437.54
5222.90000 1437.72
5223.00000 1435.97
5223.10000 1440.20
5223.20000 1444.73
5223.30000 1449.20
5223.40000 1437.96
5223.50000 1432.70
5223.60000 1441.54
5223.70000 1466.91
5223.80000 1449.44
5223.90000 1441.62
5224.00000 1438.66
5224.10000 1430.18
5224.20000 1455.44
5224.30000 1441.25
5224.40000 1455.95
5224.50000 1458.94
5224.60000 1456.32
5224.70000 1456.52
5224.80000 1457.68
5224.90000 1450.08
5225.00000 1463.38
5225.10000 1456.19
5225.20000 1450.79
5225.30000 1454.23
5225.40000 1461.38
5225.50000 1476.39
5225.60000 1466.24
5225.70000 1457.07
5225.80000 1450.09
5225.90000 1459.98
5226.00000 1454.25
5226.10000 1446.34
5226.20000 1462.25
5226.30000 1445.00
5226.40000 1451.88
5226.50000 1454.69
5226.60000 1458.44
5226.70000 1446.86
5226.80000 1451.65
5226.90000 1452.85
5227.00000 1444.77
5227.10000 1458.53
5227.20000 1441.75
5227.30000 1442.60
5227.40000 1442.92
5227.50000 1460.62
5227.60000 1447.43
5227.70000 1450.42
5227.80000 1471.40
5227.90000 1445.06
5228.00000 1446.87
5228.10000 1453.71
5228.20000 1460.61
5228.30000 1452.92
5228.40000 1454.37
5228.50000 1460.36
5228.60000 1449.23
5228.70000 1438.25
5228.80000 1457.15
5228.90000 1446.43
5229.00000 1470.25
5229.10000 1458.64
5229.20000 1449.31
5229.30000 1459.98
5229.40000 1472.41
5229.50000 1473.29
5229.60000 1460.92
5229.70000 1456.76
5229.80000 1455.19
5229.90000 1467.83
5230.00000 1460.46
5230.10000 1459.64
5230.20000 1455.02
5230.30000 1470.50
5230.40000 1451.23
5230.50000 1465.43
5230.60000 1463.33
5230.70000 1480.15
5230.80000 1464.26
5230.90000 1470.77
5231.00000 1471.47
5231.10000 1474.55
5231.20000 1487.78
5231.30000 1473.70
5231.40000 1483.00
5231.50000 1473.34
5231.60000 1474.92
5231.70000 1488.16
5231.80000 1475.80
5231.90000 1490.29
5232.00000 1489.40
5232.10000 1494.31
5232.20000 1504.78
5232.30000 1483.20
5232.40000 1491.58
5232.50000 1503.10
5232.60000 1504.15
5232.70000 1514.45
5232.80000 1519.57
5232.90000 1519.65
5233.00000 1528.59
5233.10000 1526.93
5233.20000 1547.13
5233.30000 1550.03
5233.40000 1558.46
5233.50000 1552.90
5233.60000 1534.03
5233.70000 1540.06
5233.80000 1525.79
5233.90000 1522.73
5234.00000 1510.43
5234.10000 1502.00
5234.20000 1498.27
5234.30000 1517.47
5234.40000 1510.56
5234.50000 1515.20
5234.60000 1492.70
5234.70000 1507.51
5234.80000 1489.40
5234.90000 1504.66
5235.00000 1502.96
5235.10000 1505.01
5235.20000 1503.43
5235.30000 1504.49
5235.40000 1501.09
5235.50000 1511.03
5235.60000 1510.49
5235.70000 1505.96
5235.80000 1507.84
5235.90000 1506.62
5236.00000 1506.84
5236.10000 1520.75
5236.20000 1514.57
5236.30000 1497.81
5236.40000 1503.95
5236.50000 1513.27
5236.60000 1521.59
5236.70000 1502.38
5236.80000 1519.23
5236.90000 1519.74
5237.00000 1537.38
5237.10000 1521.33
5237.20000 1523.11
5237.30000 1526.56
5237.40000 1525.92
5237.50000 1518.64
5237.60000 1522.38
5237.70000 1517.99
5237.80000 1513.71
5237.90000 1511.49
5238.00000 1511.70
5238.10000 1506.14
5238.20000 1497.66
5238.30000 1489.52
5238.40000 1492.16
5238.50000 1476.58
5238.60000 1492.62
5238.70000 1485.00
5238.80000 1484.95
5238.90000 1467.46
5239.00000 1483.78
5239.10000 1471.12
5239.20000 1463.91
5239.30000 1470.10
5239.40000 1468.31
5239.50000 1460.91
5239.60000 1464.78
5239.70000 1455.85
5239.80000 1468.35
5239.90000 1468.96
5240.00000 1467.40
5240.10000 1464.12
5240.20000 1455.56
5240.30000 1464.91
5240.40000 1463.06
5240.50000 1460.02
5240.60000 1454.24
5240.70000 1446.90
5240.80000 1456.87
5240.90000 1461.95
5241.00000 1441.53
5241.10000 1449.95
5241.20000 1442.14
5241.30000 1445.43
5241.40000 1449.10
5241.50000 1446.20
5241.60000 1441.79
5241.70000 1449.33
5241.80000 1460.28
5241.90000 1470.61
5242.00000 1446.29
5242.10000 1448.83
5242.20000 1450.78
5242.30000 1449.18
5242.40000 1447.86
5242.50000 1445.02
5242.60000 1444.95
5242.70000 1454.49
5242.80000 1441.84
5242.90000 1443.70
5243.00000 1435.28
5243.10000 1437.82
5243.20000 1449.27
5243.30000 1447.04
5243.40000 1437.70
5243.50000 1451.60
5243.60000 1448.38
5243.70000 1450.51
5243.80000 1454.34
5243.90000 1440.63
5244.00000 1442.82
5244.10000 1441.94
5244.20000 1445.81
5244.30000 1447.44
5244.40000 1444.76
5244.50000 1455.85
5244.60000 1455.77
5244.70000 1451.54
5244.80000 1449.66
5244.90000 1451.00
5245.00000 1457.80
5245.10000 1455.72
5245.20000 1453.48
5245.30000 1449.99
5245.40000 1458.14
5245.50000 1435.26
5245.60000 1446.70
5245.70000 1444.62
5245.80000 1435.03
5245.90000 1439.56
5246.00000 1440.52
5246.10000 1451.71
5246.20000 1449.46
5246.30000 1443.17
5246.40000 1461.61
5246.50000 1446.98
5246.60000 1464.81
5246.70000 1456.32
5246.80000 1470.04
5246.90000 1457.60
5247.00000 1462.37
5247.10000 1457.57
5247.20000 1459.79
5247.30000 1445.35
5247.40000 1457.90
5247.50000 1458.26
5247.60000 1460.76
5247.70000 1445.08
5247.80000 1466.99
5247.90000 1461.47
5248.00000 1444.88
5248.10000 1460.17
5248.20000 1457.18
5248.30000 1460.90
5248.40000 1460.43
5248.50000 1453.85
5248.60000 1450.75
5248.70000 1461.53
5248.80000 1456.81
5248.90000 1457.29
5249.00000 1449.83
5249.10000 1455.41
5249.20000 1469.15
5249.30000 1456.19
5249.40000 1466.18
5249.50000 1458.32
5249.60000 1473.02
5249.70000 1466.91
5249.80000 1476.99
5249.90000 1468.92
5250.00000 1478.37
5250.10000 1469.40
5250.20000 1470.47
5250.30000 1464.93
5250.40000 1470.39
5250.50000 1465.50
5250.60000 1458.28
5250.70000 1461.76
5250.80000 1466.21
5250.90000 1462.65
5251.00000 1485.89
5251.10000 1461.19
5251.20000 1473.36
5251.30000 1467.33
5251.40000 1469.84
5251.50000 1466.32
5251.60000 1472.63
5251.70000 1457.42
5251.80000 1466.64
5251.90000 1470.15
5252.00000 1476.01
5252.10000 1478.70
5252.20000 1451.56
5252.30000 1471.23
5252.40000 1468.08
5252.50000 1475.16
5252.60000 1490.87
5252.70000 1477.79
5252.80000 1477.16
5252.90000 1487.80
5253.00000 1490.08
5253.10000 1499.81
5253.20000 1490.73
5253.30000 1486.71
5253.40000 1490.53
5253.50000 1488.26
5253.60000 1501.70
5253.70000 1505.51
5253.80000 1487.56
5253.90000 1485.89
5254.00000 1481.37
5254.10000 1480.12
5254.20000 1475.00
5254.30000 1482.66
5254.40000 1494.19
5254.50000 1489.51
5254.60000 1478.06
5254.70000 1484.16
5254.80000 1474.83
5254.90000 1476.35
5255.00000 1462.57
5255.10000 1461.39
5255.20000 1486.42
5255.30000 1483.27
5255.40000 1494.91
5255.50000 1478.56
5255.60000 1470.74
5255.70000 1475.57
5255.80000 1472.75
5255.90000 1468.47
5256.00000 1482.41
5256.10000 1469.73
5256.20000 1470.60
5256.30000 1462.92
5256.40000 1467.39
5256.50000 1470.59
5256.60000 1483.18
5256.70000 1486.15
5256.80000 1483.84
5256.90000 1475.17
5257.00000 1469.67
5257.10000 1479.41
5257.20000 1484.98
5257.30000 1485.73
5257.40000 1479.77
5257.50000 1483.46
5257.60000 1480.59
5257.70000 1470.08
5257.80000 1478.73
5257.90000 1467.74
5258.00000 1468.65
5258.10000 1467.54
5258.20000 1481.85
5258.30000 1473.19
5258.40000 1468.26
5258.50000 1476.18
5258.60000 1474.74
5258.70000 1471.86
5258.80000 1484.88
5258.90000 1463.68
5259.00000 1468.36
5259.10000 1473.73
5259.20000 1483.49
5259.30000 1471.40
5259.40000 1466.67
5259.50000 1479.64
5259.60000 1476.24
5259.70000 1475.10
5259.80000 1470.04
5259.90000 1458.77
5260.00000 1469.36
5260.10000 1471.38
5260.20000 1465.45
5260.30000 1479.35
5260.40000 1482.33
5260.50000 1477.35
5260.60000 1468.76
5260.70000 1522.24
5260.80000 1456.60
5260.90000 1514.97
5261.00000 1563.58
5261.10000 1464.41
5261.20000 1458.24
5261.30000 1488.04
5261.40000 1465.42
5261.50000 1483.73
5261.60000 1482.31
5261.70000 1471.77
5261.80000 1470.76
5261.90000 1478.20
5262.00000 1480.42
5262.10000 1489.95
5262.20000 1485.91
5262.30000 1454.87
5262.40000 1477.93
5262.50000 1489.65
5262.60000 1476.90
5262.70000 1478.42
5262.80000 1467.55
5262.90000 1478.24
5263.00000 1488.57
5263.10000 1489.95
5263.20000 1486.72
5263.30000 1493.60
5263.40000 1501.01
5263.50000 1502.91
5263.60000 1486.45
5263.70000 1507.90
5263.80000 1490.07
5263.90000 1478.78
5264.00000 1478.27
5264.10000 1481.91
5264.20000 1474.76
5264.30000 1482.01
5264.40000 1480.15
5264.50000 1494.04
5264.60000 1480.93
5264.70000 1486.72
5264.80000 1480.43
5264.90000 1476.40
5265.00000 1485.79
5265.10000 1468.60
5265.20000 1476.44
5265.30000 1492.62
5265.40000 1474.81
5265.50000 1506.37
5265.60000 1502.62
5265.70000 1491.15
5265.80000 1481.06
5265.90000 1483.96
5266.00000 1501.66
5266.10000 1489.79
5266.20000 1476.47
5266.30000 1486.74
5266.40000 1490.03
5266.50000 1487.80
5266.60000 1501.17
5266.70000 1493.49
5266.80000 1492.78
5266.90000 1503.82
5267.00000 1491.67
5267.10000 1498.45
5267.20000 1510.93
5267.30000 1510.29
5267.40000 1504.82
5267.50000 1500.25
5267.60000 1520.64
5267.70000 1514.79
5267.80000 1512.25
5267.90000 1511.54
5268.00000 1506.41
5268.10000 1494.10
5268.20000 1495.69
5268.30000 1504.55
5268.40000 1518.76
5268.50000 1486.34
5268.60000 1495.43
5268.70000 1496.56
5268.80000 1493.38
5268.90000 1491.38
5269.00000 1496.27
5269.10000 1482.12
5269.20000 1505.05
5269.30000 1470.26
5269.40000 1482.17
5269.50000 1487.58
5269.60000 1476.63
5269.70000 1483.21
5269.80000 1475.04
5269.90000 1481.15
5270.00000 1484.34
5270.10000 1479.26
5270.20000 1477.02
5270.30000 1491.42
5270.40000 1503.41
5270.50000 1485.53
5270.60000 1479.13
5270.70000 1491.94
5270.80000 1486.52
5270.90000 1492.71
5271.00000 1490.95
5271.10000 1496.04
5271.20000 1503.97
5271.30000 1499.73
5271.40000 1497.34
5271.50000 1485.62
5271.60000 1483.83
5271.70000 1490.97
5271.80000 1494.06
5271.90000 1478.64
5272.00000 1497.25
5272.10000 1505.49
5272.20000 1510.29
5272.30000 1502.63
5272.40000 1519.45
5272.50000 1512.07
5272.60000 1521.93
5272.70000 1516.51
5272.80000 1519.91
5272.90000 1531.29
5273.00000 1532.52
5273.10000 1536.17
5273.20000 1518.79
5273.30000 1537.91
5273.40000 1544.57
5273.50000 1540.68
5273.60000 1554.23
5273.70000 1545.79
5273.80000 1540.65
5273.90000 1544.51
5274.00000 1560.57
5274.10000 1582.08
5274.20000 1561.39
5274.30000 1577.30
5274.40000 1566.75
5274.50000 1579.58
5274.60000 1595.86
5274.70000 1590.41
5274.80000 1603.25
5274.90000 1590.65
5275.00000 1591.08
5275.10000 1574.25
5275.20000 1561.91
5275.30000 1556.08
5275.40000 1566.75
5275.50000 1558.72
5275.60000 1541.79
5275.70000 1547.25
5275.80000 1536.16
5275.90000 1535.25
5276.00000 1532.66
5276.10000 1524.84
5276.20000 1533.83
5276.30000 1526.91
5276.40000 1528.35
5276.50000 1532.72
5276.60000 1541.10
5276.70000 1538.52
5276.80000 1533.29
5276.90000 1546.90
5277.00000 1532.20
5277.10000 1523.96
5277.20000 1555.56
5277.30000 1540.42
5277.40000 1562.72
5277.50000 1550.97
5277.60000 1544.43
5277.70000 1558.63
5277.80000 1559.92
5277.90000 1554.69
5278.00000 1558.97
5278.10000 1573.68
5278.20000 1569.06
5278.30000 1570.94
5278.40000 1574.88
5278.50000 1580.60
5278.60000 1593.22
5278.70000 1588.10
5278.80000 1582.84
5278.90000 1571.34
5279.00000 1558.50
5279.10000 1558.81
5279.20000 1555.99
5279.30000 1541.69
5279.40000 1554.39
5279.50000 1536.51
5279.60000 1535.18
5279.70000 1528.58
5279.80000 1528.97
5279.90000 1521.56
5280.00000 1531.59
5280.10000 1513.46
5280.20000 1518.18
5280.30000 1531.18
5280.40000 1516.76
5280.50000 1508.33
5280.60000 1501.73
5280.70000 1511.37
5280.80000 1498.41
5280.90000 1520.81
5281.00000 1502.12
5281.10000 1518.87
5281.20000 1509.56
5281.30000 1520.87
5281.40000 1517.25
5281.50000 1520.10
5281.60000 1524.49
5281.70000 1524.38
5281.80000 1527.99
5281.90000 1521.84
5282.00000 1531.81
5282.10000 1550.02
5282.20000 1535.23
5282.30000 1528.28
5282.40000 1549.62
5282.50000 1570.97
5282.60000 1542.21
5282.70000 1550.29
5282.80000 1557.31
5282.90000 1565.10
5283.00000 1552.55
5283.10000 1554.69
5283.20000 1552.87
5283.30000 1537.68
5283.40000 1539.49
5283.50000 1498.64
5283.60000 1533.86
5283.70000 1530.90
5283.80000 1520.99
5283.90000 1513.84
5284.00000 1519.71
5284.10000 1523.71
5284.20000 1510.98
5284.30000 1503.69
5284.40000 1506.50
5284.50000 1521.74
5284.60000 1501.25
5284.70000 1509.56
5284.80000 1498.10
5284.90000 1501.36
5285.00000 1496.65
5285.10000 1501.16
5285.20000 1513.75
5285.30000 1510.70
5285.40000 1506.42
5285.50000 1514.91
5285.60000 1502.47
5285.70000 1519.43
5285.80000 1522.30
5285.90000 1516.49
5286.00000 1513.97
5286.10000 1520.53
5286.20000 1518.54
5286.30000 1525.80
5286.40000 1519.41
5286.50000 1539.00
5286.60000 1535.93
5286.70000 1545.53
5286.80000 1544.96
5286.90000 1538.06
5287.00000 1531.79
5287.10000 1538.23
5287.20000 1519.52
5287.30000 1541.62
5287.40000 1524.43
5287.50000 1512.71
5287.60000 1512.42
5287.70000 1512.40
5287.80000 1515.37
5287.90000 1504.05
5288.00000 1494.00
5288.10000 1506.15
5288.20000 1506.09
5288.30000 1506.22
5288.40000 1490.96
5288.50000 1512.34
5288.60000 1490.12
5288.70000 1494.07
5288.80000 1486.17
5288.90000 1495.40
5289.00000 1496.29
5289.10000 1500.21
5289.20000 1492.20
5289.30000 1481.78
5289.40000 1488.56
5289.50000 1476.51
5289.60000 1470.33
5289.70000 1471.89
5289.80000 1483.86
5289.90000 1480.10
5290.00000 1491.53
5290.10000 1475.93
5290.20000 1484.55
5290.30000 1481.82
5290.40000 1481.63
5290.50000 1469.02
5290.60000 1471.52
5290.70000 1480.40
5290.80000 1468.20
5290.90000 1481.80
5291.00000 1485.15
5291.10000 1468.56
5291.20000 1481.29
5291.30000 1482.82
5291.40000 1487.45
5291.50000 1476.84
5291.60000 1488.20
5291.70000 1490.92
5291.80000 1497.95
5291.90000 1477.58
5292.00000 1485.48
5292.10000 1475.38
5292.20000 1476.68
5292.30000 1476.74
5292.40000 1479.39
5292.50000 1481.85
5292.60000 1487.03
5292.70000 1484.30
5292.80000 1486.35
5292.90000 1472.08
5293.00000 1485.21
5293.10000 1486.12
5293.20000 1467.66
5293.30000 1480.99
5293.40000 1479.41
5293.50000 1465.26
5293.60000 1478.15
5293.70000 1465.13
5293.80000 1481.16
5293.90000 1478.54
5294.00000 1477.80
5294.10000 1490.28
5294.20000 1491.40
5294.30000 1476.54
5294.40000 1474.06
5294.50000 1494.70
5294.60000 1482.41
5294.70000 1474.18
5294.80000 1482.48
5294.90000 1483.00
5295.00000 1465.42
5295.10000 1476.08
5295.20000 1484.31
5295.30000 1473.21
5295.40000 1474.52
5295.50000 1486.20
5295.60000 1491.52
5295.70000 1498.17
5295.80000 1495.68
5295.90000 1490.68
5296.00000 1475.70
5296.10000 1477.52
5296.20000 1480.89
5296.30000 1479.39
5296.40000 1487.34
5296.50000 1486.72
5296.60000 1489.40
5296.70000 1492.77
5296.80000 1488.67
5296.90000 1482.26
5297.00000 1479.32
5297.10000 1487.00
5297.20000 1482.08
5297.30000 1483.04
5297.40000 1492.40
5297.50000 1481.08
5297.60000 1490.69
5297.70000 1474.62
5297.80000 1489.65
5297.90000 1470.36
5298.00000 1482.52
5298.10000 1485.44
5298.20000 1493.62
5298.30000 1476.32
5298.40000 1483.57
5298.50000 1471.18
5298.60000 1479.06
5298.70000 1479.83
5298.80000 1470.61
5298.90000 1475.50
5299.00000 1480.00
5299.10000 1472.24
5299.20000 1478.64
5299.30000 1476.66
5299.40000 1479.94
5299.50000 1465.30
5299.60000 1477.90
5299.70000 1483.72
5299.80000 1481.30
5299.90000 1477.68
5300.00000 1488.80
5300.10000 1490.54
5300.20000 1478.39
5300.30000 1489.91
5300.40000 1482.09
5300.50000 1475.64
5300.60000 1490.94
5300.70000 1476.21
5300.80000 1484.61
5300.90000 1480.19
5301.00000 1488.96
5301.10000 1487.14
5301.20000 1486.19
5301.30000 1482.27
5301.40000 1493.38
5301.50000 1491.30
5301.60000 1484.83
5301.70000 1495.42
5301.80000 1485.12
5301.90000 1505.75
5302.00000 1484.45
5302.10000 1493.50
5302.20000 1499.44
5302.30000 1497.17
5302.40000 1484.00
5302.50000 1499.01
5302.60000 1506.49
5302.70000 1484.46
5302.80000 1504.79
5302.90000 1500.76
5303.00000 1488.74
5303.10000 1493.13
5303.20000 1494.49
5303.30000 1505.66
5303.40000 1505.78
5303.50000 1506.88
5303.60000 1503.00
5303.70000 1505.12
5303.80000 1519.38
5303.90000 1506.90
5304.00000 1508.41
5304.10000 1516.97
5304.20000 1516.84
5304.30000 1518.78
5304.40000 1521.16
5304.50000 1499.60
5304.60000 1508.13
5304.70000 1498.50
5304.80000 1503.00
5304.90000 1503.46
5305.00000 1505.25
5305.10000 1502.22
5305.20000 1501.26
5305.30000 1504.34
5305.40000 1522.22
5305.50000 1501.45
5305.60000 1493.67
5305.70000 1521.30
5305.80000 1507.28
5305.90000 1500.05
5306.00000 1508.38
5306.10000 1509.28
5306.20000 1507.88
5306.30000 1510.28
5306.40000 1515.18
5306.50000 1509.96
5306.60000 1503.59
5306.70000 1517.22
5306.80000 1506.52
5306.90000 1500.43
5307.00000 1510.35
5307.10000 1494.59
5307.20000 1515.00
5307.30000 1499.55
5307.40000 1511.33
5307.50000 1508.39
5307.60000 1506.22
5307.70000 1506.12
5307.80000 1506.18
5307.90000 1514.35
5308.00000 1501.85
5308.10000 1507.44
5308.20000 1506.50
5308.30000 1522.49
5308.40000 1517.99
5308.50000 1518.80
5308.60000 1513.10
5308.70000 1517.44
5308.80000 1512.06
5308.90000 1517.85
5309.00000 1517.22
5309.10000 1524.90
5309.20000 1513.68
5309.30000 1508.92
5309.40000 1513.07
5309.50000 1518.91
5309.60000 1511.03
5309.70000 1511.55
5309.80000 1515.77
5309.90000 1512.46
5310.00000 1525.48
5310.10000 1520.78
5310.20000 1515.10
5310.30000 1513.50
5310.40000 1515.49
5310.50000 1511.03
5310.60000 1518.69
5310.70000 1508.05
5310.80000 1509.59
5310.90000 1521.47
5311.00000 1508.21
5311.10000 1524.90
5311.20000 1519.67
5311.30000 1519.97
5311.40000 1527.74
5311.50000 1518.61
5311.60000 1525.98
5311.70000 1525.39
5311.80000 1522.90
5311.90000 1528.78
5312.00000 1532.61
5312.10000 1532.76
5312.20000 1513.54
5312.30000 1531.53
5312.40000 1522.53
5312.50000 1526.12
5312.60000 1528.36
5312.70000 1533.45
5312.80000 1534.49
5312.90000 1538.84
5313.00000 1537.64
5313.10000 1552.34
5313.20000 1524.99
5313.30000 1541.13
5313.40000 1550.18
5313.50000 1552.40
5313.60000 1565.28
5313.70000 1567.00
5313.80000 1572.25
5313.90000 1588.21
5314.00000 1589.57
5314.10000 1593.49
5314.20000 1590.21
5314.30000 1604.44
5314.40000 1608.85
5314.50000 1615.51
5314.60000 1635.32
5314.70000 1643.97
5314.80000 1655.06
5314.90000 1659.16
5315.00000 1683.02
5315.10000 1694.02
5315.20000 1718.12
5315.30000 1732.77
5315.40000 1719.51
5315.50000 1728.65
5315.60000 1712.68
5315.70000 1701.90
5315.80000 1688.76
5315.90000 1678.11
5316.00000 1663.37
5316.10000 1644.89
5316.20000 1646.85
5316.30000 1655.29
5316.40000 1639.44
5316.50000 1630.16
5316.60000 1629.99
5316.70000 1618.63
5316.80000 1615.50
5316.90000 1613.92
5317.00000 1599.41
5317.10000 1613.07
5317.20000 1629.35
5317.30000 1619.21
5317.40000 1633.86
5317.50000 1613.48
5317.60000 1620.54
5317.70000 1622.27
5317.80000 1626.42
5317.90000 1626.75
5318.00000 1638.18
5318.10000 1647.63
5318.20000 1648.57
5318.30000 1642.66
5318.40000 1650.33
5318.50000 1650.08
5318.60000 1661.20
5318.70000 1654.23
5318.80000 1663.31
5318.90000 1664.83
5319.00000 1682.54
5319.10000 1674.25
5319.20000 1681.87
5319.30000 1684.97
5319.40000 1670.79
5319.50000 1663.20
5319.60000 1665.18
5319.70000 1644.70
5319.80000 1632.25
5319.90000 1632.53
5320.00000 1618.83
5320.10000 1599.26
5320.20000 1588.09
5320.30000 1595.88
5320.40000 1598.29
5320.50000 1586.66
5320.60000 1579.59
5320.70000 1569.56
5320.80000 1570.89
5320.90000 1571.00
5321.00000 1556.03
5321.10000 1553.37
5321.20000 1546.33
5321.30000 1544.35
5321.40000 1543.61
5321.50000 1545.65
5321.60000 1548.07
5321.70000 1544.51
5321.80000 1542.83
5321.90000 1530.57
5322.00000 1533.98
5322.10000 1527.00
5322.20000 1533.42
5322.30000 1536.36
5322.40000 1529.80
5322.50000 1535.20
5322.60000 1532.79
5322.70000 1544.01
5322.80000 1531.57
5322.90000 1536.18
5323.00000 1545.14
5323.10000 1541.30
5323.20000 1535.76
5323.30000 1540.88
5323.40000 1549.55
5323.50000 1540.85
5323.60000 1539.78
5323.70000 1550.29
5323.80000 1549.96
5323.90000 1539.32
5324.00000 1539.56
5324.10000 1551.26
5324.20000 1545.54
5324.30000 1550.49
5324.40000 1536.99
5324.50000 1542.04
5324.60000 1543.15
5324.70000 1552.12
5324.80000 1552.00
5324.90000 1547.84
5325.00000 1549.70
5325.10000 1551.89
5325.20000 1538.24
5325.30000 1528.64
5325.40000 1533.67
5325.50000 1541.63
5325.60000 1535.98
5325.70000 1548.19
5325.80000 1537.23
5325.90000 1544.45
5326.00000 1555.91
5326.10000 1550.09
5326.20000 1539.42
5326.30000 1539.67
5326.40000 1548.66
5326.50000 1548.50
5326.60000 1549.19
5326.70000 1546.72
5326.80000 1550.57
5326.90000 1553.09
5327.00000 1542.17
5327.10000 1559.37
5327.20000 1541.50
5327.30000 1552.19
5327.40000 1539.81
5327.50000 1558.15
5327.60000 1549.88
5327.70000 1549.19
5327.80000 1546.19
5327.90000 1551.79
5328.00000 1556.88
5328.10000 1550.00
5328.20000 1562.98
5328.30000 1557.68
5328.40000 1553.17
5328.50000 1546.50
5328.60000 1545.62
5328.70000 1550.18
5328.80000 1542.82
5328.90000 1548.56
5329.00000 1547.11
5329.10000 1543.94
5329.20000 1537.54
5329.30000 1551.59
5329.40000 1539.97
5329.50000 1541.26
5329.60000 1548.37
5329.70000 1541.52
5329.80000 1540.75
5329.90000 1542.82
5330.00000 1532.94
5330.10000 1531.89
5330.20000 1553.11
5330.30000 1539.63
5330.40000 1540.03
5330.50000 1518.94
5330.60000 1528.98
5330.70000 1529.95
5330.80000 1543.96
5330.90000 1530.92
5331.00000 1526.60
5331.10000 1537.57
5331.20000 1546.99
5331.30000 1531.36
5331.40000 1540.14
5331.50000 1539.23
5331.60000 1540.58
5331.70000 1525.65
5331.80000 1547.71
5331.90000 1556.62
5332.00000 1536.96
5332.10000 1542.01
5332.20000 1550.33
5332.30000 1542.89
5332.40000 1549.51
5332.50000 1534.91
5332.60000 1543.78
5332.70000 1539.21
5332.80000 1531.95
5332.90000 1523.55
5333.00000 1537.04
5333.10000 1538.85
5333.20000 1532.24
5333.30000 1522.16
5333.40000 1522.93
5333.50000 1539.79
5333.60000 1536.37
5333.70000 1540.56
5333.80000 1520.59
5333.90000 1546.18
5334.00000 1540.65
5334.10000 1539.90
5334.20000 1546.21
5334.30000 1541.56
5334.40000 1543.87
5334.50000 1536.78
5334.60000 1536.05
5334.70000 1542.49
5334.80000 1542.05
5334.90000 1552.77
5335.00000 1538.08
5335.10000 1543.20
5335.20000 1550.42
5335.30000 1567.76
5335.40000 1535.98
5335.50000 1553.88
5335.60000 1552.09
5335.70000 1545.39
5335.80000 1555.12
5335.90000 1554.97
5336.00000 1553.28
5336.10000 1561.31
5336.20000 1553.20
5336.30000 1556.26
5336.40000 1554.01
5336.50000 1556.35
5336.60000 1545.64
5336.70000 1547.00
5336.80000 1558.16
5336.90000 1552.26
5337.00000 1547.66
5337.10000 1555.64
5337.20000 1536.77
5337.30000 1556.82
5337.40000 1546.28
5337.50000 1539.91
5337.60000 1551.97
5337.70000 1552.35
5337.80000 1549.60
5337.90000 1553.26
5338.00000 1559.49
5338.10000 1556.31
5338.20000 1538.15
5338.30000 1543.32
5338.40000 1551.77
5338.50000 1546.97
5338.60000 1556.21
5338.70000 1547.14
5338.80000 1566.09
5338.90000 1553.07
5339.00000 1550.30
5339.10000 1537.85
5339.20000 1545.77
5339.30000 1548.80
5339.40000 1542.48
5339.50000 1550.71
5339.60000 1557.11
5339.70000 1541.30
5339.80000 1551.09
5339.90000 1550.62
5340.00000 1557.21
5340.10000 1547.83
5340.20000 1530.24
5340.30000 1558.52
5340.40000 1548.99
5340.50000 1545.28
5340.60000 1541.62
5340.70000 1532.64
5340.80000 1540.16
5340.90000 1553.53
5341.00000 1535.29
5341.10000 1529.85
5341.20000 1531.70
5341.30000 1549.28
5341.40000 1544.75
5341.50000 1543.38
5341.60000 1528.77
5341.70000 1542.71
5341.80000 1533.74
5341.90000 1529.47
5342.00000 1553.46
5342.10000 1529.49
5342.20000 1530.94
5342.30000 1534.29
5342.40000 1543.99
5342.50000 1528.91
5342.60000 1525.00
5342.70000 1540.30
5342.80000 1537.61
5342.90000 1526.03
5343.00000 1531.38
5343.10000 1532.84
5343.20000 1524.83
5343.30000 1525.72
5343.40000 1527.32
5343.50000 1529.13
5343.60000 1535.40
5343.70000 1523.55
5343.80000 1539.27
5343.90000 1541.17
5344.00000 1544.27
5344.10000 1537.30
5344.20000 1535.79
5344.30000 1535.92
5344.40000 1541.25
5344.50000 1541.77
5344.60000 1540.55
5344.70000 1539.61
5344.80000 1528.84
5344.90000 1528.97
5345.00000 1525.03
5345.10000 1529.37
5345.20000 1523.27
5345.30000 1525.25
5345.40000 1537.07
5345.50000 1524.30
5345.60000 1526.90
5345.70000 1521.62
5345.80000 1533.15
5345.90000 1533.51
5346.00000 1531.51
5346.10000 1533.23
5346.20000 1510.51
5346.30000 1523.27
5346.40000 1524.85
5346.50000 1512.88
5346.60000 1526.71
5346.70000 1550.61
5346.80000 1537.01
5346.90000 1541.39
5347.00000 1544.30
5347.10000 1526.60
5347.20000 1524.81
5347.30000 1546.75
5347.40000 1517.79
5347.50000 1538.27
5347.60000 1521.90
5347.70000 1520.72
5347.80000 1525.99
5347.90000 1518.33
5348.00000 1529.04
5348.10000 1526.99
5348.20000 1529.98
5348.30000 1542.85
5348.40000 1525.47
5348.50000 1530.80
5348.60000 1525.44
5348.70000 1533.67
5348.80000 1529.93
5348.90000 1524.42
5349.00000 1523.99
5349.10000 1519.05
5349.20000 1522.67
5349.30000 1511.61
5349.40000 1544.33
5349.50000 1540.07
5349.60000 1538.37
5349.70000 1545.03
5349.80000 1522.73
5349.90000 1537.21
5350.00000 1532.77
5350.10000 1529.06
5350.20000 1512.94
5350.30000 1538.82
5350.40000 1541.01
5350.50000 1525.96
5350.60000 1527.64
5350.70000 1528.73
5350.80000 1532.14
5350.90000 1541.71
5351.00000 1536.85
5351.10000 1529.23
5351.20000 1539.33
5351.30000 1539.10
5351.40000 1527.60
5351.50000 1527.10
5351.60000 1521.32
5351.70000 1549.59
5351.80000 1542.78
5351.90000 1528.17
5352.00000 1524.26
5352.10000 1525.05
5352.20000 1543.30
5352.30000 1531.51
5352.40000 1525.28
5352.50000 1532.55
5352.60000 1525.70
5352.70000 1527.38
5352.80000 1528.10
5352.90000 1526.04
5353.00000 1528.61
5353.10000 1524.22
5353.20000 1530.59
5353.30000 1536.30
5353.40000 1530.16
5353.50000 1538.79
5353.60000 1539.96
5353.70000 1548.37
5353.80000 1525.80
5353.90000 1539.36
5354.00000 1529.27
5354.10000 1531.71
5354.20000 1519.76
5354.30000 1539.09
5354.40000 1522.36
5354.50000 1538.50
5354.60000 1530.20
5354.70000 1539.11
5354.80000 1544.46
5354.90000 1524.67
5355.00000 1531.31
5355.10000 1539.43
5355.20000 1552.24
5355.30000 1542.42
5355.40000 1525.74
5355.50000 1531.61
5355.60000 1529.32
5355.70000 1532.35
5355.80000 1535.17
5355.90000 1532.19
5356.00000 1533.05
5356.10000 1527.63
5356.20000 1531.25
5356.30000 1536.39
5356.40000 1528.64
5356.50000 1522.15
5356.60000 1525.53
5356.70000 1536.64
5356.80000 1542.52
5356.90000 1533.47
5357.00000 1529.61
5357.10000 1530.99
5357.20000 1520.44
5357.30000 1534.53
5357.40000 1541.85
5357.50000 1539.22
5357.60000 1535.68
5357.70000 1536.96
5357.80000 1541.67
5357.90000 1550.76
5358.00000 1523.54
5358.10000 1521.81
5358.20000 1531.59
5358.30000 1535.63
5358.40000 1536.54
5358.50000 1528.86
5358.60000 1532.77
5358.70000 1529.29
5358.80000 1542.43
5358.90000 1544.83
5359.00000 1536.41
5359.10000 1535.85
5359.20000 1564.29
5359.30000 1540.47
5359.40000 1538.83
5359.50000 1548.93
5359.60000 1557.93
5359.70000 1556.47
5359.80000 1562.71
5359.90000 1560.32
5360.00000 1578.92
5360.10000 1571.23
5360.20000 1579.45
5360.30000 1573.95
5360.40000 1595.66
5360.50000 1588.59
5360.60000 1589.37
5360.70000 1594.55
5360.80000 1603.36
5360.90000 1600.21
5361.00000 1602.51
5361.10000 1630.94
5361.20000 1632.51
5361.30000 1646.63
5361.40000 1641.87
5361.50000 1647.16
5361.60000 1628.74
5361.70000 1616.10
5361.80000 1619.49
5361.90000 1630.55
5362.00000 1624.20
5362.10000 1610.61
5362.20000 1604.01
5362.30000 1610.66
5362.40000 1585.84
5362.50000 1586.82
5362.60000 1592.05
5362.70000 1592.39
5362.80000 1585.37
5362.90000 1584.35
5363.00000 1576.69
5363.10000 1570.65
5363.20000 1586.29
5363.30000 1581.47
5363.40000 1564.12
5363.50000 1564.05
5363.60000 1565.32
5363.70000 1565.77
5363.80000 1573.03
5363.90000 1573.00
5364.00000 1576.16
5364.10000 1567.80
5364.20000 1578.58
5364.30000 1569.30
5364.40000 1583.53
5364.50000 1593.20
5364.60000 1587.01
5364.70000 1597.73
5364.80000 1593.10
5364.90000 1595.07
5365.00000 1600.25
5365.10000 1617.07
5365.20000 1622.11
5365.30000 1639.54
5365.40000 1632.04
5365.50000 1627.07
5365.60000 1633.04
5365.70000 1625.81
5365.80000 1632.03
5365.90000 1630.80
5366.00000 1627.89
5366.10000 1610.52
5366.20000 1601.94
5366.30000 1618.51
5366.40000 1604.05
5366.50000 1609.14
5366.60000 1602.24
5366.70000 1588.54
5366.80000 1596.23
5366.90000 1605.51
5367.00000 1596.12
5367.10000 1589.62
5367.20000 1591.01
5367.30000 1591.80
5367.40000 1581.84
5367.50000 1570.45
5367.60000 1587.97
5367.70000 1569.74
5367.80000 1586.36
5367.90000 1578.20
5368.00000 1568.68
5368.10000 1563.70
5368.20000 1579.88
5368.30000 1589.93
5368.40000 1577.04
5368.50000 1563.25
5368.60000 1554.85
5368.70000 1578.69
5368.80000 1570.06
5368.90000 1548.18
5369.00000 1569.95
5369.10000 1568.11
5369.20000 1566.48
5369.30000 1564.65
5369.40000 1568.98
5369.50000 1542.52
5369.60000 1554.56
5369.70000 1567.16
5369.80000 1565.19
5369.90000 1569.96
5370.00000 1571.24
5370.10000 1561.65
5370.20000 1559.03
5370.30000 1570.70
5370.40000 1551.20
5370.50000 1543.01
5370.60000 1558.79
5370.70000 1561.54
5370.80000 1547.81
5370.90000 1560.26
5371.00000 1553.89
5371.10000 1550.55
5371.20000 1568.53
5371.30000 1548.53
5371.40000 1554.70
5371.50000 1556.62
5371.60000 1564.03
5371.70000 1563.26
5371.80000 1554.09
5371.90000 1541.98
5372.00000 1562.68
5372.10000 1568.67
5372.20000 1557.13
5372.30000 1559.48
5372.40000 1560.82
5372.50000 1561.80
5372.60000 1546.19
5372.70000 1556.52
5372.80000 1568.02
5372.90000 1583.85
5373.00000 1564.21
5373.10000 1573.33
5373.20000 1576.82
5373.30000 1562.30
5373.40000 1571.14
5373.50000 1553.04
5373.60000 1565.16
5373.70000 1559.75
5373.80000 1565.82
5373.90000 1566.15
5374.00000 1575.39
5374.10000 1560.82
5374.20000 1554.51
5374.30000 1551.48
5374.40000 1573.26
5374.50000 1571.48
5374.60000 1539.36
5374.70000 1561.13
5374.80000 1551.02
5374.90000 1555.95
5375.00000 1575.57
5375.10000 1562.65
5375.20000 1561.25
5375.30000 1563.50
5375.40000 1547.42
5375.50000 1568.24
5375.60000 1559.24
5375.70000 1549.28
5375.80000 1552.90
5375.90000 1561.40
5376.00000 1548.23
5376.10000 1557.78
5376.20000 1549.62
5376.30000 1542.28
5376.40000 1554.71
5376.50000 1549.67
5376.60000 1545.10
5376.70000 1561.16
5376.80000 1553.64
5376.90000 1560.33
5377.00000 1556.91
5377.10000 1569.78
5377.20000 1581.27
5377.30000 1550.19
5377.40000 1557.92
5377.50000 1555.05
5377.60000 1549.87
5377.70000 1560.87
5377.80000 1572.70
5377.90000 1564.97
5378.00000 1563.81
5378.10000 1558.76
5378.20000 1556.20
5378.30000 1565.72
5378.40000 1557.87
5378.50000 1561.93
5378.60000 1563.17
5378.70000 1564.08
5378.80000 1567.20
5378.90000 1569.96
5379.00000 1560.84
5379.10000 1561.80
5379.20000 1580.61
5379.30000 1571.86
5379.40000 1567.66
5379.50000 1560.60
5379.60000 1574.76
5379.70000 1575.85
5379.80000 1562.12
5379.90000 1571.22
5380.00000 1564.13
5380.10000 1554.10
5380.20000 1562.54
5380.30000 1573.04
5380.40000 1568.55
5380.50000 1556.43
5380.60000 1569.85
5380.70000 1558.53
5380.80000 1573.13
5380.90000 1564.32
5381.00000 1557.99
5381.10000 1556.08
5381.20000 1554.62
5381.30000 1570.16
5381.40000 1561.24
5381.50000 1572.37
5381.60000 1578.21
5381.70000 1548.14
5381.80000 1556.74
5381.90000 1573.59
5382.00000 1564.78
5382.10000 1566.75
5382.20000 1559.50
5382.30000 1558.19
5382.40000 1562.58
5382.50000 1567.38
5382.60000 1572.81
5382.70000 1569.27
5382.80000 1576.70
5382.90000 1576.56
5383.00000 1555.66
5383.10000 1562.13
5383.20000 1553.81
5383.30000 1563.54
5383.40000 1556.33
5383.50000 1566.50
5383.60000 1559.01
5383.70000 1564.94
5383.80000 1581.84
5383.90000 1584.65
5384.00000 1569.49
5384.10000 1565.40
5384.20000 1577.69
5384.30000 1575.01
5384.40000 1567.69
5384.50000 1566.00
5384.60000 1572.64
5384.70000 1563.61
5384.80000 1564.10
5384.90000 1578.32
5385.00000 1570.37
5385.10000 1560.69
5385.20000 1551.53
5385.30000 1562.57
5385.40000 1555.89
5385.50000 1572.91
5385.60000 1560.50
5385.70000 1569.37
5385.80000 1576.58
5385.90000 1570.01
5386.00000 1584.33
5386.10000 1572.25
5386.20000 1556.16
5386.30000 1560.81
5386.40000 1555.00
5386.50000 1565.31
5386.60000 1561.32
5386.70000 1548.88
5386.80000 1555.32
5386.90000 1569.83
5387.00000 1564.19
5387.10000 1634.56
5387.20000 1578.86
5387.30000 1558.46
5387.40000 1569.58
5387.50000 1563.35
5387.60000 1559.77
5387.70000 1559.16
5387.80000 1577.00
5387.90000 1570.72
5388.00000 1563.05
5388.10000 1569.03
5388.20000 1559.41
5388.30000 1560.61
5388.40000 1561.14
5388.50000 1559.25
5388.60000 1566.53
5388.70000 1549.54
5388.80000 1562.09
5388.90000 1561.65
5389.00000 1562.83
5389.10000 1561.44
5389.20000 1549.97
5389.30000 1557.82
5389.40000 1562.58
5389.50000 1559.29
5389.60000 1563.70
5389.70000 1561.49
5389.80000 1568.18
5389.90000 1568.75
5390.00000 1564.68
5390.10000 1562.16
5390.20000 1560.77
5390.30000 1560.72
5390.40000 1564.48
5390.50000 1544.64
5390.60000 1570.51
5390.70000 1562.09
5390.80000 1550.21
5390.90000 1561.41
5391.00000 1563.08
5391.10000 1557.98
5391.20000 1568.31
5391.30000 1567.23
5391.40000 1547.28
5391.50000 1564.10
5391.60000 1547.60
5391.70000 1572.64
5391.80000 1584.14
5391.90000 1593.48
5392.00000 1567.72
5392.10000 1554.77
5392.20000 1556.06
5392.30000 1572.55
5392.40000 1578.04
5392.50000 1568.90
5392.60000 1564.09
5392.70000 1552.91
5392.80000 1568.87
5392.90000 1575.68
5393.00000 1568.31
5393.10000 1586.33
5393.20000 1576.94
5393.30000 1582.92
5393.40000 1567.31
5393.50000 1576.06
5393.60000 1580.81
5393.70000 1563.16
5393.80000 1583.61
5393.90000 1572.35
5394.00000 1581.48
5394.10000 1583.76
5394.20000 1582.88
5394.30000 1595.54
5394.40000 1582.00
5394.50000 1583.37
5394.60000 1583.40
5394.70000 1580.14
5394.80000 1577.52
5394.90000 1580.08
5395.00000 1571.12
5395.10000 1573.51
5395.20000 1579.97
5395.30000 1574.13
5395.40000 1575.55
5395.50000 1580.37
5395.60000 1565.59
5395.70000 1579.40
5395.80000 1579.98
5395.90000 1596.15
5396.00000 1574.47
5396.10000 1575.39
5396.20000 1570.61
5396.30000 1574.51
5396.40000 1564.36
5396.50000 1582.44
5396.60000 1569.27
5396.70000 1580.76
5396.80000 1580.26
5396.90000 1570.75
5397.00000 1583.51
5397.10000 1574.74
5397.20000 1577.98
5397.30000 1577.87
5397.40000 1584.18
5397.50000 1571.63
5397.60000 1573.43
5397.70000 1565.41
5397.80000 1590.24
5397.90000 1580.37
5398.00000 1573.36
5398.10000 1572.94
5398.20000 1574.09
5398.30000 1574.94
5398.40000 1573.06
5398.50000 1571.43
5398.60000 1571.19
5398.70000 1578.03
5398.80000 1574.51
5398.90000 1585.16
5399.00000 1582.98
5399.10000 1563.38
5399.20000 1563.04
5399.30000 1566.88
5399.40000 1576.74
5399.50000 1572.88
5399.60000 1578.45
5399.70000 1591.79
5399.80000 1590.05
5399.90000 1591.74
5400.00000 1603.53
5400.10000 1587.62
5400.20000 1584.00
5400.30000 1587.15
5400.40000 1580.40
5400.50000 1579.43
5400.60000 1584.53
5400.70000 1591.50
5400.80000 1593.46
5400.90000 1582.94
5401.00000 1591.30
5401.10000 1582.60
5401.20000 1591.20
5401.30000 1594.97
5401.40000 1588.98
5401.50000 1583.52
5401.60000 1571.15
5401.70000 1578.25
5401.80000 1573.38
5401.90000 1583.81
5402.00000 1579.71
5402.10000 1576.25
5402.20000 1573.98
5402.30000 1581.73
5402.40000 1579.95
5402.50000 1575.26
5402.60000 1564.22
5402.70000 1571.68
5402.80000 1576.51
5402.90000 1585.59
5403.00000 1563.07
5403.10000 1568.42
5403.20000 1576.41
5403.30000 1576.33
5403.40000 1563.93
5403.50000 1572.70
5403.60000 1578.53
5403.70000 1578.47
5403.80000 1577.50
5403.90000 1570.24
5404.00000 1571.99
5404.10000 1565.86
5404.20000 1571.29
5404.30000 1576.33
5404.40000 1574.65
5404.50000 1555.46
5404.60000 1573.60
5404.70000 1563.70
5404.80000 1557.64
5404.90000 1542.99
5405.00000 1545.43
5405.10000 1553.65
5405.20000 1565.83
5405.30000 1550.47
5405.40000 1565.67
5405.50000 1573.13
5405.60000 1562.56
5405.70000 1583.13
5405.80000 1575.51
5405.90000 1572.37
5406.00000 1562.59
5406.10000 1587.50
5406.20000 1571.14
5406.30000 1573.47
5406.40000 1582.51
5406.50000 1574.76
5406.60000 1576.91
5406.70000 1577.54
5406.80000 1572.59
5406.90000 1584.16
5407.00000 1579.18
5407.10000 1575.56
5407.20000 1584.00
5407.30000 1571.18
5407.40000 1563.71
5407.50000 1571.52
5407.60000 1545.87
5407.70000 1556.76
5407.80000 1570.33
5407.90000 1572.72
5408.00000 1572.71
5408.10000 1585.22
5408.20000 1559.44
5408.30000 1568.02
5408.40000 1580.33
5408.50000 1564.27
5408.60000 1581.24
5408.70000 1577.05
5408.80000 1561.34
5408.90000 1563.42
5409.00000 1576.39
5409.10000 1561.66
5409.20000 1560.05
5409.30000 1577.84
5409.40000 1566.58
5409.50000 1574.90
5409.60000 1557.57
5409.70000 1559.04
5409.80000 1574.28
5409.90000 1560.37
5410.00000 1534.04
5410.10000 1572.41
5410.20000 1551.92
5410.30000 1565.37
5410.40000 1565.51
5410.50000 1554.51
5410.60000 1583.49
5410.70000 1581.72
5410.80000 1572.57
5410.90000 1574.30
5411.00000 1582.75
5411.10000 1573.25
5411.20000 1581.13
5411.30000 1583.15
5411.40000 1570.18
5411.50000 1568.73
5411.60000 1579.97
5411.70000 1590.74
5411.80000 1573.98
5411.90000 1574.36
5412.00000 1590.51
5412.10000 1582.68
5412.20000 1573.61
5412.30000 1576.97
5412.40000 1586.04
5412.50000 1584.43
5412.60000 1562.51
5412.70000 1570.98
5412.80000 1583.83
5412.90000 1584.42
5413.00000 1572.64
5413.10000 1566.49
5413.20000 1574.32
5413.30000 1571.47
5413.40000 1556.10
5413.50000 1574.67
5413.60000 1541.09
5413.70000 1561.91
5413.80000 1565.75
5413.90000 1565.54
5414.00000 1568.12
5414.10000 1561.02
5414.20000 1570.68
5414.30000 1564.48
5414.40000 1560.84
5414.50000 1551.98
5414.60000 1548.47
5414.70000 1548.80
5414.80000 1544.85
5414.90000 1514.81
5415.00000 1559.92
5415.10000 1558.68
5415.20000 1555.43
5415.30000 1552.89
5415.40000 1576.61
5415.50000 1577.60
5415.60000 1557.02
5415.70000 1561.20
5415.80000 1567.70
5415.90000 1566.28
5416.00000 1580.20
5416.10000 1562.93
5416.20000 1569.40
5416.30000 1560.16
5416.40000 1566.93
5416.50000 1570.50
5416.60000 1571.06
5416.70000 1656.87
5416.80000 1605.41
5416.90000 1571.51
5417.00000 1579.40
5417.10000 1567.89
5417.20000 1569.52
5417.30000 1574.81
5417.40000 1581.54
5417.50000 1565.45
5417.60000 1578.72
5417.70000 1564.75
5417.80000 1565.46
5417.90000 1584.73
5418.00000 1566.23
5418.10000 1580.72
5418.20000 1603.09
5418.30000 1573.99
5418.40000 1561.79
5418.50000 1572.51
5418.60000 1559.49
5418.70000 1558.53
5418.80000 1543.09
5418.90000 1562.81
5419.00000 1558.71
5419.10000 1549.80
5419.20000 1537.96
5419.30000 1538.53
5419.40000 1533.40
5419.50000 1526.58
5419.60000 1536.36
5419.70000 1542.35
5419.80000 1544.91
5419.90000 1524.88
5420.00000 1557.40
5420.10000 1557.98
5420.20000 1567.27
5420.30000 1551.16
5420.40000 1571.50
5420.50000 1539.49
5420.60000 1560.82
5420.70000 1552.45
5420.80000 1555.92
5420.90000 1548.65
5421.00000 1564.48
5421.10000 1550.87
5421.20000 1548.66
5421.30000 1558.96
5421.40000 1553.41
5421.50000 1578.53
5421.60000 1560.28
5421.70000 1543.40
5421.80000 1550.52
5421.90000 1558.55
5422.00000 1563.25
5422.10000 1578.90
5422.20000 1579.59
5422.30000 1592.55
5422.40000 1580.89
5422.50000 1582.25
5422.60000 1583.51
5422.70000 1591.49
5422.80000 1610.86
5422.90000 1587.13
5423.00000 1604.26
5423.10000 1604.03
5423.20000 1607.66
5423.30000 1583.16
5423.40000 1578.61
5423.50000 1588.74
5423.60000 1598.96
5423.70000 1606.74
5423.80000 1603.92
5423.90000 1591.89
5424.00000 1601.94
5424.10000 1580.95
5424.20000 1604.75
5424.30000 1596.63
5424.40000 1588.03
5424.50000 1583.03
5424.60000 1598.05
5424.70000 1600.15
5424.80000 1592.86
5424.90000 1592.63
5425.00000 1579.31
5425.10000 1585.75
5425.20000 1588.78
5425.30000 1558.09
5425.40000 1574.12
5425.50000 1571.93
5425.60000 1586.05
5425.70000 1573.50
5425.80000 1572.37
5425.90000 1584.38
5426.00000 1576.70
5426.10000 1584.84
5426.20000 1582.97
5426.30000 1571.56
5426.40000 1579.07
5426.50000 1577.14
5426.60000 1584.05
5426.70000 1582.72
5426.80000 1595.87
5426.90000 1598.33
5427.00000 1583.20
5427.10000 1591.29
5427.20000 1598.30
5427.30000 1594.86
5427.40000 1596.71
5427.50000 1603.85
5427.60000 1597.17
5427.70000 1615.65
5427.80000 1602.87
5427.90000 1602.28
5428.00000 1607.35
5428.10000 1604.77
5428.20000 1602.79
5428.30000 1592.72
5428.40000 1602.53
5428.50000 1607.02
5428.60000 1605.34
5428.70000 1595.77
5428.80000 1596.85
5428.90000 1578.71
5429.00000 1573.82
5429.10000 1574.83
5429.20000 1568.58
5429.30000 1593.22
5429.40000 1582.27
5429.50000 1599.25
5429.60000 1586.14
5429.70000 1573.57
5429.80000 1563.53
5429.90000 1591.58
5430.00000 1575.60
5430.10000 1570.04
5430.20000 1579.04
5430.30000 1583.16
5430.40000 1578.77
5430.50000 1565.16
5430.60000 1564.34
5430.70000 1572.49
5430.80000 1561.70
5430.90000 1550.19
5431.00000 1570.30
5431.10000 1596.70
5431.20000 1573.91
5431.30000 1560.10
5431.40000 1590.66
5431.50000 1584.40
5431.60000 1572.41
5431.70000 1586.94
5431.80000 1566.98
5431.90000 1588.31
5432.00000 1584.10
5432.10000 1561.15
5432.20000 1590.61
5432.30000 1575.38
5432.40000 1584.69
5432.50000 1570.76
5432.60000 1571.42
5432.70000 1571.17
5432.80000 1572.02
5432.90000 1584.52
5433.00000 1572.12
5433.10000 1565.89
5433.20000 1563.14
5433.30000 1582.23
5433.40000 1566.56
5433.50000 1559.43
5433.60000 1578.44
5433.70000 1560.77
5433.80000 1552.40
5433.90000 1572.89
5434.00000 1566.30
5434.10000 1575.70
5434.20000 1574.48
5434.30000 1572.31
5434.40000 1560.86
5434.50000 1553.09
5434.60000 1546.22
5434.70000 1559.70
5434.80000 1562.50
5434.90000 1551.00
5435.00000 1560.15
5435.10000 1571.48
5435.20000 1551.38
5435.30000 1561.46
5435.40000 1544.26
5435.50000 1568.09
5435.60000 1586.79
5435.70000 1592.31
5435.80000 1566.89
5435.90000 1564.57
5436.00000 1542.96
5436.10000 1531.31
5436.20000 1576.56
5436.30000 1555.33
5436.40000 1562.29
5436.50000 1573.84
5436.60000 1568.80
5436.70000 1575.50
5436.80000 1558.31
5436.90000 1548.22
5437.00000 1561.47
5437.10000 1566.58
5437.20000 1548.69
5437.30000 1566.73
5437.40000 1582.32
5437.50000 1589.32
5437.60000 1528.09
5437.70000 1542.09
5437.80000 1552.87
5437.90000 1551.34
5438.00000 1542.00
5438.10000 1550.49
5438.20000 1551.67
5438.30000 1558.34
5438.40000 1550.66
5438.50000 1563.54
5438.60000 1553.80
5438.70000 1550.64
5438.80000 1542.48
5438.90000 1549.05
5439.00000 1555.69
5439.10000 1528.43
5439.20000 1553.89
5439.30000 1554.87
5439.40000 1533.11
5439.50000 1545.02
5439.60000 1557.38
5439.70000 1554.22
5439.80000 1560.23
5439.90000 1542.40
5440.00000 1554.54
5440.10000 1555.95
5440.20000 1549.44
5440.30000 1553.58
5440.40000 1561.88
5440.50000 1562.62
5440.60000 1542.18
5440.70000 1537.58
5440.80000 1539.84
5440.90000 1549.08
5441.00000 1549.93
5441.10000 1549.13
5441.20000 1568.45
5441.30000 1546.00
5441.40000 1541.81
5441.50000 1547.18
5441.60000 1538.22
5441.70000 1543.78
5441.80000 1555.86
5441.90000 1539.80
5442.00000 1552.85
5442.10000 1548.06
5442.20000 1537.22
5442.30000 1548.98
5442.40000 1524.06
5442.50000 1547.17
5442.60000 1535.91
5442.70000 1547.34
5442.80000 1543.42
5442.90000 1533.06
5443.00000 1552.14
5443.10000 1552.55
5443.20000 1556.60
5443.30000 1551.87
5443.40000 1558.97
5443.50000 1530.89
5443.60000 1538.98
5443.70000 1545.25
5443.80000 1569.04
5443.90000 1561.54
5444.00000 1541.51
5444.10000 1567.23
5444.20000 1561.64
5444.30000 1544.63
5444.40000 1550.66
5444.50000 1567.11
5444.60000 1550.18
5444.70000 1542.44
5444.80000 1559.46
5444.90000 1545.39
5445.00000 1549.84
5445.10000 1556.74
5445.20000 1561.28
5445.30000 1548.06
5445.40000 1556.17
5445.50000 1543.39
5445.60000 1552.36
5445.70000 1546.09
5445.80000 1548.90
5445.90000 1544.33
5446.00000 1540.65
5446.10000 1539.43
5446.20000 1534.77
5446.30000 1559.32
5446.40000 1539.91
5446.50000 1537.45
5446.60000 1538.17
5446.70000 1546.05
5446.80000 1543.07
5446.90000 1536.04
5447.00000 1530.31
5447.10000 1537.25
5447.20000 1550.06
5447.30000 1551.07
5447.40000 1543.69
5447.50000 1538.90
5447.60000 1536.81
5447.70000 1537.99
5447.80000 1523.76
5447.90000 1528.93
5448.00000 1545.64
5448.10000 1544.92
5448.20000 1535.76
5448.30000 1540.67
5448.40000 1549.66
5448.50000 1521.06
5448.60000 1516.86
5448.70000 1527.05
5448.80000 1508.23
5448.90000 1534.21
5449.00000 1525.68
5449.10000 1536.82
5449.20000 1541.94
5449.30000 1544.64
5449.40000 1534.20
5449.50000 1526.39
5449.60000 1546.72
5449.70000 1537.58
5449.80000 1551.88
5449.90000 1519.15
5450.00000 1522.25
5450.10000 1537.35
5450.20000 1534.02
5450.30000 1532.90
5450.40000 1549.57
5450.50000 1538.00
5450.60000 1530.97
5450.70000 1534.72
5450.80000 1522.45
5450.90000 1510.14
5451.00000 1546.45
5451.10000 1538.29
5451.20000 1536.08
5451.30000 1541.72
5451.40000 1534.13
5451.50000 1546.36
5451.60000 1539.83
5451.70000 1524.79
5451.80000 1541.27
5451.90000 1536.55
5452.00000 1534.93
5452.10000 1530.68
5452.20000 1547.20
5452.30000 1531.13
5452.40000 1520.35
5452.50000 1537.98
5452.60000 1532.28
5452.70000 1545.88
5452.80000 1550.24
5452.90000 1541.04
5453.00000 1530.24
5453.10000 1547.16
5453.20000 1531.07
5453.30000 1542.62
5453.40000 1526.75
5453.50000 1532.08
5453.60000 1528.22
5453.70000 1534.68
5453.80000 1522.79
5453.90000 1536.62
5454.00000 1549.03
5454.10000 1534.34
5454.20000 1537.55
5454.30000 1533.44
5454.40000 1536.72
5454.50000 1539.18
5454.60000 1536.15
5454.70000 1541.43
5454.80000 1531.66
5454.90000 1537.79
5455.00000 1533.18
5455.10000 1527.93
5455.20000 1533.92
5455.30000 1544.02
5455.40000 1546.06
5455.50000 1541.41
5455.60000 1533.98
5455.70000 1539.83
5455.80000 1522.51
5455.90000 1533.83
5456.00000 1549.08
5456.10000 1548.34
5456.20000 1529.02
5456.30000 1553.30
5456.40000 1540.41
5456.50000 1550.29
5456.60000 1536.06
5456.70000 1539.81
5456.80000 1532.69
5456.90000 1510.61
5457.00000 1546.65
5457.10000 1540.79
5457.20000 1540.38
5457.30000 1529.11
5457.40000 1540.30
5457.50000 1553.14
5457.60000 1535.20
5457.70000 1543.90
5457.80000 1560.96
5457.90000 1548.24
5458.00000 1533.26
5458.10000 1574.65
5458.20000 1557.80
5458.30000 1553.01
5458.40000 1545.86
5458.50000 1554.81
5458.60000 1545.70
5458.70000 1555.66
5458.80000 1543.88
5458.90000 1574.33
5459.00000 1547.14
5459.10000 1548.19
5459.20000 1554.40
5459.30000 1546.95
5459.40000 1555.34
5459.50000 1559.32
5459.60000 1570.41
5459.70000 1555.84
5459.80000 1562.66
5459.90000 1515.95
5460.00000 1543.20
5460.10000 1561.61
5460.20000 1542.90
5460.30000 1546.72
5460.40000 1557.88
5460.50000 1555.92
5460.60000 1547.58
5460.70000 1556.00
5460.80000 1551.51
5460.90000 1552.36
5461.00000 1557.96
5461.10000 1551.02
5461.20000 1563.68
5461.30000 1542.54
5461.40000 1543.57
5461.50000 1544.88
5461.60000 1555.84
5461.70000 1549.53
5461.80000 1552.42
5461.90000 1556.40
5462.00000 1560.16
5462.10000 1558.68
5462.20000 1563.90
5462.30000 1552.68
5462.40000 1549.62
5462.50000 1538.40
5462.60000 1550.58
5462.70000 1561.25
5462.80000 1551.60
5462.90000 1532.44
5463.00000 1541.75
5463.10000 1547.88
5463.20000 1540.58
5463.30000 1552.08
5463.40000 1539.52
5463.50000 1560.66
5463.60000 1552.41
5463.70000 1560.09
5463.80000 1553.09
5463.90000 1539.18
5464.00000 1553.97
5464.10000 1565.16
5464.20000 1549.83
5464.30000 1554.11
5464.40000 1562.11
5464.50000 1556.49
5464.60000 1541.73
5464.70000 1553.77
5464.80000 1555.76
5464.90000 1555.28
5465.00000 1546.72
5465.10000 1549.88
5465.20000 1567.18
5465.30000 1552.55
5465.40000 1547.34
5465.50000 1548.76
5465.60000 1545.93
5465.70000 1541.64
5465.80000 1556.14
5465.90000 1558.37
5466.00000 1555.94
5466.10000 1556.23
5466.20000 1552.51
5466.30000 1556.96
5466.40000 1561.93
5466.50000 1550.06
5466.60000 1555.49
5466.70000 1565.10
5466.80000 1580.26
5466.90000 1546.59
5467.00000 1552.11
5467.10000 1548.85
5467.20000 1553.08
5467.30000 1552.46
5467.40000 1555.80
5467.50000 1571.47
5467.60000 1548.79
5467.70000 1562.82
5467.80000 1558.48
5467.90000 1552.03
5468.00000 1554.50
5468.10000 1549.02
5468.20000 1542.19
5468.30000 1559.00
5468.40000 1550.50
5468.50000 1553.15
5468.60000 1566.01
5468.70000 1558.40
5468.80000 1574.09
5468.90000 1570.84
5469.00000 1562.11
5469.10000 1560.18
5469.20000 1570.79
5469.30000 1567.34
5469.40000 1567.11
5469.50000 1551.79
5469.60000 1563.95
5469.70000 1555.20
5469.80000 1559.18
5469.90000 1564.59
5470.00000 1575.90
5470.10000 1554.56
5470.20000 1550.58
5470.30000 1557.95
5470.40000 1542.03
5470.50000 1560.51
5470.60000 1563.38
5470.70000 1563.01
5470.80000 1543.89
5470.90000 1571.01
5471.00000 1565.49
5471.10000 1562.17
5471.20000 1549.01
5471.30000 1558.54
5471.40000 1542.49
5471.50000 1562.39
5471.60000 1570.12
5471.70000 1558.00
5471.80000 1568.71
5471.90000 1569.32
5472.00000 1562.68
5472.10000 1569.43
5472.20000 1560.99
5472.30000 1570.04
5472.40000 1556.51
5472.50000 1575.79
5472.60000 1554.36
5472.70000 1573.44
5472.80000 1558.61
5472.90000 1566.40
5473.00000 1561.92
5473.10000 1554.67
5473.20000 1560.30
5473.30000 1569.58
5473.40000 1568.64
5473.50000 1580.59
5473.60000 1574.47
5473.70000 1561.21
5473.80000 1567.82
5473.90000 1564.33
5474.00000 1560.56
5474.10000 1565.67
5474.20000 1552.96
5474.30000 1565.49
5474.40000 1579.47
5474.50000 1565.07
5474.60000 1574.16
5474.70000 1564.15
5474.80000 1571.13
5474.90000 1573.22
5475.00000 1566.79
5475.10000 1561.53
5475.20000 1577.19
5475.30000 1571.84
5475.40000 1574.42
5475.50000 1580.35
5475.60000 1582.06
5475.70000 1583.62
5475.80000 1587.01
5475.90000 1582.98
5476.00000 1572.01
5476.10000 1573.03
5476.20000 1583.33
5476.30000 1571.60
5476.40000 1576.25
5476.50000 1574.59
5476.60000 1584.06
5476.70000 1568.67
5476.80000 1581.35
5476.90000 1576.14
5477.00000 1580.88
5477.10000 1578.87
5477.20000 1566.89
5477.30000 1552.06
5477.40000 1583.45
5477.50000 1561.89
5477.60000 1582.36
5477.70000 1567.95
5477.80000 1572.58
5477.90000 1582.74
5478.00000 1571.77
5478.10000 1586.53
5478.20000 1566.97
5478.30000 1577.84
5478.40000 1573.75
5478.50000 1585.59
5478.60000 1568.64
5478.70000 1559.00
5478.80000 1572.16
5478.90000 1573.00
5479.00000 1576.93
5479.10000 1568.31
5479.20000 1565.30
5479.30000 1560.13
5479.40000 1567.31
5479.50000 1573.93
5479.60000 1579.60
5479.70000 1570.85
5479.80000 1576.44
5479.90000 1579.05
5480.00000 1574.93
5480.10000 1573.35
5480.20000 1576.35
5480.30000 1579.57
5480.40000 1579.11
5480.50000 1575.25
5480.60000 1586.34
5480.70000 1579.15
5480.80000 1582.74
5480.90000 1579.19
5481.00000 1592.39
5481.10000 1577.89
5481.20000 1578.48
5481.30000 1564.25
5481.40000 1564.27
5481.50000 1561.89
5481.60000 1570.88
5481.70000 1581.37
5481.80000 1583.43
5481.90000 1567.46
5482.00000 1583.45
5482.10000 1580.21
5482.20000 1569.90
5482.30000 1574.84
5482.40000 1572.96
5482.50000 1565.44
5482.60000 1574.86
5482.70000 1571.59
5482.80000 1566.77
5482.90000 1568.77
5483.00000 1567.42
5483.10000 1556.17
5483.20000 1568.85
5483.30000 1559.62
5483.40000 1565.33
5483.50000 1566.45
5483.60000 1566.92
5483.70000 1573.97
5483.80000 1569.35
5483.90000 1561.19
5484.00000 1561.70
5484.10000 1563.07
5484.20000 1556.35
5484.30000 1552.51
5484.40000 1554.70
5484.50000 1565.53
5484.60000 1549.78
5484.70000 1566.44
5484.80000 1571.90
5484.90000 1555.61
5485.00000 1558.39
5485.10000 1556.49
5485.20000 1552.01
5485.30000 1549.30
5485.40000 1559.85
5485.50000 1555.46
5485.60000 1561.04
5485.70000 1556.71
5485.80000 1557.59
5485.90000 1543.83
5486.00000 1550.57
5486.10000 1547.02
5486.20000 1538.81
5486.30000 1561.02
5486.40000 1550.72
5486.50000 1543.24
5486.60000 1554.17
5486.70000 1551.59
5486.80000 1535.11
5486.90000 1531.15
5487.00000 1542.43
5487.10000 1536.00
5487.20000 1538.03
5487.30000 1543.12
5487.40000 1539.42
5487.50000 1537.28
5487.60000 1547.15
5487.70000 1544.78
5487.80000 1548.11
5487.90000 1544.61
5488.00000 1530.23
5488.10000 1540.35
5488.20000 1546.20
5488.30000 1543.94
5488.40000 1559.29
5488.50000 1543.98
5488.60000 1543.88
5488.70000 1546.33
5488.80000 1550.71
5488.90000 1554.86
5489.00000 1544.06
5489.10000 1555.13
5489.20000 1554.69
5489.30000 1552.45
5489.40000 1555.40
5489.50000 1562.81
5489.60000 1564.23
5489.70000 1566.80
5489.80000 1565.71
5489.90000 1545.72
5490.00000 1563.33
5490.10000 1556.55
5490.20000 1558.53
5490.30000 1563.68
5490.40000 1576.00
5490.50000 1570.81
5490.60000 1574.20
5490.70000 1553.07
5490.80000 1556.37
5490.90000 1561.02
5491.00000 1566.78
5491.10000 1559.79
5491.20000 1569.83
5491.30000 1568.50
5491.40000 1576.35
5491.50000 1570.87
5491.60000 1563.75
5491.70000 1562.13
5491.80000 1566.42
5491.90000 1576.66
5492.00000 1571.74
5492.10000 1556.01
5492.20000 1569.27
5492.30000 1565.29
5492.40000 1573.28
5492.50000 1578.07
5492.60000 1583.04
5492.70000 1569.95
5492.80000 1571.21
5492.90000 1584.22
5493.00000 1578.67
5493.10000 1561.13
5493.20000 1583.13
5493.30000 1566.21
5493.40000 1586.43
5493.50000 1583.25
5493.60000 1581.61
5493.70000 1588.91
5493.80000 1577.38
5493.90000 1571.62
5494.00000 1579.64
5494.10000 1569.02
5494.20000 1548.88
5494.30000 1555.63
5494.40000 1545.28
5494.50000 1525.47
5494.60000 1529.88
5494.70000 1527.79
5494.80000 1544.32
5494.90000 1567.73
5495.00000 1582.19
5495.10000 1580.98
5495.20000 1583.08
5495.30000 1578.85
5495.40000 1578.31
5495.50000 1593.17
5495.60000 1568.46
5495.70000 1569.89
5495.80000 1572.16
5495.90000 1582.73
5496.00000 1565.45
5496.10000 1577.21
5496.20000 1566.26
5496.30000 1568.08
5496.40000 1575.22
5496.50000 1578.04
5496.60000 1570.64
5496.70000 1578.61
5496.80000 1565.65
5496.90000 1573.64
5497.00000 1560.94
5497.10000 1571.32
5497.20000 1560.26
5497.30000 1558.34
5497.40000 1568.39
5497.50000 1561.96
5497.60000 1569.20
5497.70000 1567.82
5497.80000 1574.65
5497.90000 1567.21
5498.00000 1569.59
5498.10000 1564.31
5498.20000 1586.46
5498.30000 1572.78
5498.40000 1565.60
5498.50000 1563.19
5498.60000 1564.75
5498.70000 1570.76
5498.80000 1567.22
5498.90000 1581.17
5499.00000 1584.96
5499.10000 1583.05
5499.20000 1572.07
5499.30000 1570.39
5499.40000 1569.52
5499.50000 1577.35
5499.60000 1582.98
5499.70000 1575.51
5499.80000 1593.49
5499.90000 1597.67
5500.00000 1585.19
5500.10000 1583.06
5500.20000 1573.98
5500.30000 1587.90
5500.40000 1592.01
5500.50000 1584.55
5500.60000 1585.27
5500.70000 1592.42
5500.80000 1575.55
5500.90000 1604.46
5501.00000 1576.25
5501.10000 1591.98
5501.20000 1594.99
5501.30000 1602.04
5501.40000 1599.35
5501.50000 1603.40
5501.60000 1600.85
5501.70000 1582.75
5501.80000 1592.54
5501.90000 1587.42
5502.00000 1596.20
5502.10000 1588.49
5502.20000 1577.35
5502.30000 1586.90
5502.40000 1595.00
5502.50000 1594.23
5502.60000 1589.11
5502.70000 1581.14
5502.80000 1586.31
5502.90000 1592.35
5503.00000 1592.48
5503.10000 1589.16
5503.20000 1586.47
5503.30000 1577.99
5503.40000 1577.90
5503.50000 1574.15
5503.60000 1576.47
5503.70000 1575.75
5503.80000 1581.87
5503.90000 1592.57
5504.00000 1591.36
5504.10000 1583.33
5504.20000 1585.92
5504.30000 1597.97
5504.40000 1590.72
5504.50000 1598.85
5504.60000 1600.96
5504.70000 1601.87
5504.80000 1582.40
5504.90000 1594.51
5505.00000 1587.05
5505.10000 1600.65
5505.20000 1597.44
5505.30000 1601.02
5505.40000 1586.40
5505.50000 1613.72
5505.60000 1604.79
5505.70000 1604.16
5505.80000 1615.23
5505.90000 1595.81
5506.00000 1610.24
5506.10000 1590.02
5506.20000 1593.79
5506.30000 1590.66
5506.40000 1590.56
5506.50000 1575.86
5506.60000 1573.87
5506.70000 1589.73
5506.80000 1576.38
5506.90000 1574.37
5507.00000 1571.15
5507.10000 1580.79
5507.20000 1567.69
5507.30000 1583.48
5507.40000 1585.93
5507.50000 1586.21
5507.60000 1582.13
5507.70000 1576.65
5507.80000 1572.66
5507.90000 1560.52
5508.00000 1571.39
5508.10000 1564.79
5508.20000 1572.27
5508.30000 1569.63
5508.40000 1569.29
5508.50000 1557.10
5508.60000 1564.90
5508.70000 1580.78
5508.80000 1553.69
5508.90000 1554.44
5509.00000 1562.47
5509.10000 1559.46
5509.20000 1543.84
5509.30000 1570.76
5509.40000 1579.24
5509.50000 1565.41
5509.60000 1586.96
5509.70000 1596.81
5509.80000 1583.70
5509.90000 1576.63
5510.00000 1590.00
5510.10000 1593.57
5510.20000 1585.68
5510.30000 1590.08
5510.40000 1576.96
5510.50000 1588.44
5510.60000 1583.85
5510.70000 1588.43
5510.80000 1578.14
5510.90000 1581.11
5511.00000 1583.63
5511.10000 1587.93
5511.20000 1587.34
5511.30000 1585.71
5511.40000 1582.00
5511.50000 1581.62
5511.60000 1577.31
5511.70000 1582.30
5511.80000 1589.79
5511.90000 1591.66
5512.00000 1589.76
5512.10000 1576.36
5512.20000 1593.12
5512.30000 1586.70
5512.40000 1585.16
5512.50000 1588.64
5512.60000 1575.14
5512.70000 1577.20
5512.80000 1581.33
5512.90000 1579.10
5513.00000 1543.29
5513.10000 1542.68
5513.20000 1545.97
5513.30000 1551.89
5513.40000 1559.97
5513.50000 1586.76
5513.60000 1583.78
5513.70000 1590.33
5513.80000 1571.33
5513.90000 1594.70
5514.00000 1588.60
5514.10000 1598.10
5514.20000 1595.98
5514.30000 1562.97
5514.40000 1575.48
5514.50000 1571.28
5514.60000 1588.17
5514.70000 1582.76
5514.80000 1568.46
5514.90000 1570.02
5515.00000 1574.96
5515.10000 1594.92
5515.20000 1583.95
5515.30000 1578.56
5515.40000 1583.12
5515.50000 1588.48
5515.60000 1582.40
5515.70000 1575.90
5515.80000 1586.28
5515.90000 1581.71
5516.00000 1572.30
5516.10000 1572.52
5516.20000 1586.74
5516.30000 1576.91
5516.40000 1551.81
5516.50000 1570.54
5516.60000 1566.52
5516.70000 1563.30
5516.80000 1585.17
5516.90000 1574.69
5517.00000 1578.74
5517.10000 1585.07
5517.20000 1584.20
5517.30000 1590.51
5517.40000 1587.72
5517.50000 1575.63
5517.60000 1585.80
5517.70000 1582.14
5517.80000 1586.37
5517.90000 1573.86
5518.00000 1585.95
5518.10000 1589.68
5518.20000 1581.37
5518.30000 1589.15
5518.40000 1582.54
5518.50000 1572.51
5518.60000 1589.52
5518.70000 1583.55
5518.80000 1577.88
5518.90000 1594.75
5519.00000 1575.61
5519.10000 1581.04
5519.20000 1567.44
5519.30000 1582.14
5519.40000 1575.65
5519.50000 1574.41
5519.60000 1584.45
5519.70000 1580.41
5519.80000 1575.66
5519.90000 1581.05
5520.00000 1572.21
5520.10000 1582.63
5520.20000 1571.71
5520.30000 1587.28
5520.40000 1583.00
5520.50000 1575.26
5520.60000 1570.89
5520.70000 1581.89
5520.80000 1574.42
5520.90000 1587.04
5521.00000 1581.12
5521.10000 1578.75
5521.20000 1573.39
5521.30000 1578.42
5521.40000 1585.64
5521.50000 1566.56
5521.60000 1582.98
5521.70000 1583.92
5521.80000 1581.15
5521.90000 1579.04
5522.00000 1574.87
5522.10000 1583.67
5522.20000 1587.64
5522.30000 1587.72
5522.40000 1594.46
5522.50000 1580.12
5522.60000 1577.86
5522.70000 1602.01
5522.80000 1581.47
5522.90000 1595.22
5523.00000 1585.51
5523.10000 1589.81
5523.20000 1589.50
5523.30000 1600.71
5523.40000 1589.70
5523.50000 1598.22
5523.60000 1584.74
5523.70000 1591.37
5523.80000 1601.34
5523.90000 1601.15
5524.00000 1584.99
5524.10000 1614.85
5524.20000 1591.14
5524.30000 1592.43
5524.40000 1607.53
5524.50000 1590.83
5524.60000 1590.25
5524.70000 1605.13
5524.80000 1606.24
5524.90000 1609.81
5525.00000 1595.86
5525.10000 1599.24
5525.20000 1596.78
5525.30000 1604.95
5525.40000 1612.49
5525.50000 1600.42
5525.60000 1599.63
5525.70000 1603.36
5525.80000 1595.79
5525.90000 1603.46
5526.00000 1593.59
5526.10000 1613.77
5526.20000 1589.20
5526.30000 1606.49
5526.40000 1595.40
5526.50000 1594.17
5526.60000 1592.32
5526.70000 1608.94
5526.80000 1610.97
5526.90000 1607.74
5527.00000 1633.38
5527.10000 1625.74
5527.20000 1612.53
5527.30000 1610.78
5527.40000 1627.16
5527.50000 1623.85
5527.60000 1619.96
5527.70000 1623.21
5527.80000 1619.12
5527.90000 1614.83
5528.00000 1618.15
5528.10000 1613.80
5528.20000 1609.81
5528.30000 1635.24
5528.40000 1607.65
5528.50000 1617.42
5528.60000 1630.76
5528.70000 1624.10
5528.80000 1624.92
5528.90000 1623.70
5529.00000 1617.81
5529.10000 1608.18
5529.20000 1611.37
5529.30000 1630.01
5529.40000 1623.61
5529.50000 1618.68
5529.60000 1614.91
5529.70000 1627.79
5529.80000 1625.38
5529.90000 1610.72
5530.00000 1634.11
5530.10000 1627.96
5530.20000 1628.92
5530.30000 1616.17
5530.40000 1623.47
5530.50000 1661.67
5530.60000 1627.10
5530.70000 1634.45
5530.80000 1617.18
5530.90000 1625.29
5531.00000 1636.56
5531.10000 1652.19
5531.20000 1639.31
5531.30000 1644.79
5531.40000 1642.19
5531.50000 1638.10
5531.60000 1642.24
5531.70000 1647.16
5531.80000 1666.92
5531.90000 1633.96
5532.00000 1649.08
5532.10000 1646.57
5532.20000 1655.76
5532.30000 1682.76
5532.40000 1675.00
5532.50000 1674.29
5532.60000 1684.42
5532.70000 1687.63
5532.80000 1685.98
5532.90000 1688.79
5533.00000 1694.86
5533.10000 1709.08
5533.20000 1699.39
5533.30000 1728.25
5533.40000 1732.55
5533.50000 1718.56
5533.60000 1691.36
5533.70000 1701.96
5533.80000 1691.87
5533.90000 1678.08
5534.00000 1687.86
5534.10000 1672.11
5534.20000 1672.28
5534.30000 1680.23
5534.40000 1656.81
5534.50000 1658.81
5534.60000 1659.94
5534.70000 1658.43
5534.80000 1623.87
5534.90000 1658.15
5535.00000 1640.19
5535.10000 1633.28
5535.20000 1629.45
5535.30000 1622.60
5535.40000 1616.14
5535.50000 1619.51
5535.60000 1621.86
5535.70000 1625.05
5535.80000 1619.92
5535.90000 1624.33
5536.00000 1609.54
5536.10000 1625.45
5536.20000 1619.86
5536.30000 1630.67
5536.40000 1656.75
5536.50000 1644.87
5536.60000 1633.99
5536.70000 1640.36
5536.80000 1650.98
5536.90000 1654.09
5537.00000 1659.22
5537.10000 1666.97
5537.20000 1671.56
5537.30000 1674.71
5537.40000 1693.58
5537.50000 1680.49
5537.60000 1674.95
5537.70000 1672.58
5537.80000 1668.49
5537.90000 1656.18
5538.00000 1669.04
5538.10000 1643.93
5538.20000 1646.61
5538.30000 1656.03
5538.40000 1640.52
5538.50000 1663.04
5538.60000 1650.19
5538.70000 1648.29
5538.80000 1639.68
5538.90000 1634.21
5539.00000 1632.58
5539.10000 1636.88
5539.20000 1635.45
5539.30000 1619.41
5539.40000 1625.67
5539.50000 1626.59
5539.60000 1624.55
5539.70000 1626.48
5539.80000 1617.95
5539.90000 1728.93
5540.00000 1626.98
5540.10000 1619.88
5540.20000 1618.75
5540.30000 1607.06
5540.40000 1609.68
5540.50000 1597.22
5540.60000 1585.51
5540.70000 1607.47
5540.80000 1602.88
5540.90000 1594.83
5541.00000 1619.18
5541.10000 1616.50
5541.20000 1611.18
5541.30000 1613.21
5541.40000 1605.55
5541.50000 1606.53
5541.60000 1608.82
5541.70000 1593.94
5541.80000 1601.08
5541.90000 1606.27
5542.00000 1601.70
5542.10000 1589.49
5542.20000 1587.22
5542.30000 1596.42
5542.40000 1599.07
5542.50000 1583.15
5542.60000 1600.14
5542.70000 1605.36
5542.80000 1624.65
5542.90000 1609.45
5543.00000 1612.79
5543.10000 1611.06
5543.20000 1625.78
5543.30000 1617.03
5543.40000 1632.59
5543.50000 1607.54
5543.60000 1622.36
5543.70000 1623.97
5543.80000 1613.61
5543.90000 1617.55
5544.00000 1616.01
5544.10000 1610.68
5544.20000 1634.21
5544.30000 1607.56
5544.40000 1614.20
5544.50000 1610.25
5544.60000 1616.37
5544.70000 1627.67
5544.80000 1613.68
5544.90000 1613.41
5545.00000 1602.95
5545.10000 1599.04
5545.20000 1562.17
5545.30000 1545.04
5545.40000 1553.97
5545.50000 1562.66
5545.60000 1557.90
5545.70000 1578.81
5545.80000 1571.06
5545.90000 1588.35
5546.00000 1598.04
5546.10000 1583.13
5546.20000 1620.45
5546.30000 1606.64
5546.40000 1619.74
5546.50000 1614.81
5546.60000 1610.82
5546.70000 1607.67
5546.80000 1599.00
5546.90000 1591.41
5547.00000 1595.46
5547.10000 1600.41
5547.20000 1592.15
5547.30000 1609.61
5547.40000 1610.55
5547.50000 1621.01
5547.60000 1622.01
5547.70000 1622.30
5547.80000 1618.82
5547.90000 1620.41
5548.00000 1618.36
5548.10000 1605.46
5548.20000 1612.65
5548.30000 1630.07
5548.40000 1642.08
5548.50000 1628.76
5548.60000 1635.71
5548.70000 1621.97
5548.80000 1618.31
5548.90000 1619.03
5549.00000 1614.97
5549.10000 1615.65
5549.20000 1621.29
5549.30000 1616.23
5549.40000 1625.63
5549.50000 1615.60
5549.60000 1618.86
5549.70000 1607.29
5549.80000 1601.63
5549.90000 1607.34
5550.00000 1618.56
5550.10000 1635.36
5550.20000 1637.32
5550.30000 1613.07
5550.40000 1626.72
5550.50000 1625.29
5550.60000 1614.03
5550.70000 1628.57
5550.80000 1617.67
5550.90000 1623.88
5551.00000 1615.54
5551.10000 1627.56
5551.20000 1629.80
5551.30000 1620.71
5551.40000 1624.86
5551.50000 1608.99
5551.60000 1614.32
5551.70000 1619.59
5551.80000 1625.82
5551.90000 1615.44
5552.00000 1621.29
5552.10000 1613.29
5552.20000 1617.78
5552.30000 1615.61
5552.40000 1627.27
5552.50000 1615.81
5552.60000 1609.52
5552.70000 1608.63
5552.80000 1621.74
5552.90000 1617.37
5553.00000 1611.11
5553.10000 1620.23
5553.20000 1612.89
5553.30000 1624.40
5553.40000 1610.06
5553.50000 1619.45
5553.60000 1624.62
5553.70000 1619.67
5553.80000 1619.02
5553.90000 1612.29
5554.00000 1620.37
5554.10000 1617.88
5554.20000 1614.89
5554.30000 1618.09
5554.40000 1605.11
5554.50000 1617.38
5554.60000 1620.90
5554.70000 1604.29
5554.80000 1613.66
5554.90000 1614.95
5555.00000 1615.39
5555.10000 1616.07
5555.20000 1638.49
5555.30000 1616.19
5555.40000 1616.81
5555.50000 1626.74
5555.60000 1627.58
5555.70000 1623.72
5555.80000 1624.22
5555.90000 1616.03
5556.00000 1615.13
5556.10000 1607.23
5556.20000 1611.03
5556.30000 1617.85
5556.40000 1622.62
5556.50000 1611.56
5556.60000 1620.87
5556.70000 1611.31
5556.80000 1610.92
5556.90000 1620.67
5557.00000 1620.28
5557.10000 1618.86
5557.20000 1624.71
5557.30000 1616.27
5557.40000 1618.72
5557.50000 1625.10
5557.60000 1623.60
5557.70000 1624.04
5557.80000 1623.79
5557.90000 1626.76
5558.00000 1616.44
5558.10000 1615.66
5558.20000 1627.37
5558.30000 1619.00
5558.40000 1630.71
5558.50000 1624.35
5558.60000 1616.90
5558.70000 1621.55
5558.80000 1619.93
5558.90000 1640.59
5559.00000 1619.41
5559.10000 1630.07
5559.20000 1616.24
5559.30000 1620.99
5559.40000 1624.22
5559.50000 1618.67
5559.60000 1623.66
5559.70000 1621.47
5559.80000 1616.68
5559.90000 1625.02
5560.00000 1621.95
5560.10000 1608.60
5560.20000 1612.60
5560.30000 1622.55
5560.40000 1631.21
5560.50000 1610.16
5560.60000 1626.74
5560.70000 1629.65
5560.80000 1614.63
5560.90000 1615.70
5561.00000 1622.63
5561.10000 1632.28
5561.20000 1620.80
5561.30000 1613.82
5561.40000 1608.28
5561.50000 1627.30
5561.60000 1636.84
5561.70000 1625.73
5561.80000 1622.14
5561.90000 1635.36
5562.00000 1625.35
5562.10000 1635.40
5562.20000 1619.98
5562.30000 1627.05
5562.40000 1618.64
5562.50000 1634.76
5562.60000 1623.96
5562.70000 1640.63
5562.80000 1630.72
5562.90000 1627.07
5563.00000 1636.06
5563.10000 1634.53
5563.20000 1609.77
5563.30000 1607.00
5563.40000 1620.97
5563.50000 1633.99
5563.60000 1613.48
5563.70000 1608.21
5563.80000 1611.17
5563.90000 1620.82
5564.00000 1613.46
5564.10000 1634.04
5564.20000 1625.14
5564.30000 1635.84
5564.40000 1628.11
5564.50000 1628.89
5564.60000 1614.50
5564.70000 1635.00
5564.80000 1632.39
5564.90000 1624.46
5565.00000 1638.47
5565.10000 1626.75
5565.20000 1628.95
5565.30000 1621.74
5565.40000 1640.20
5565.50000 1621.96
5565.60000 1624.32
5565.70000 1631.88
5565.80000 1624.72
5565.90000 1617.10
5566.00000 1615.50
5566.10000 1626.00
5566.20000 1619.79
5566.30000 1624.09
5566.40000 1622.99
5566.50000 1623.48
5566.60000 1625.53
5566.70000 1627.61
5566.80000 1631.18
5566.90000 1619.93
5567.00000 1647.14
5567.10000 1627.31
5567.20000 1624.76
5567.30000 1635.39
5567.40000 1628.08
5567.50000 1635.23
5567.60000 1645.59
5567.70000 1626.03
5567.80000 1633.07
5567.90000 1611.90
5568.00000 1614.68
5568.10000 1617.96
5568.20000 1622.02
5568.30000 1621.95
5568.40000 1619.35
5568.50000 1622.01
5568.60000 1629.93
5568.70000 1626.73
5568.80000 1613.54
5568.90000 1622.31
5569.00000 1630.86
5569.10000 1617.72
5569.20000 1601.29
5569.30000 1620.72
5569.40000 1617.51
5569.50000 1616.48
5569.60000 1624.68
5569.70000 1626.44
5569.80000 1618.95
5569.90000 1626.50
5570.00000 1633.42
5570.10000 1633.73
5570.20000 1624.83
5570.30000 1618.24
5570.40000 1614.42
5570.50000 1627.23
5570.60000 1620.39
5570.70000 1623.71
5570.80000 1622.61
5570.90000 1629.70
5571.00000 1625.00
5571.10000 1615.61
5571.20000 1617.53
5571.30000 1628.51
5571.40000 1616.06
5571.50000 1611.10
5571.60000 1616.14
5571.70000 1629.35
5571.80000 1624.67
5571.90000 1604.37
5572.00000 1614.32
5572.10000 1616.27
5572.20000 1616.35
5572.30000 1624.49
5572.40000 1619.17
5572.50000 1599.36
5572.60000 1621.30
5572.70000 1615.11
5572.80000 1614.29
5572.90000 1617.89
5573.00000 1622.23
5573.10000 1617.51
5573.20000 1630.20
5573.30000 1622.37
5573.40000 1623.39
5573.50000 1624.73
5573.60000 1634.51
5573.70000 1619.77
5573.80000 1624.76
5573.90000 1615.78
5574.00000 1623.11
5574.10000 1615.22
5574.20000 1630.11
5574.30000 1624.72
5574.40000 1620.67
5574.50000 1616.75
5574.60000 1619.42
5574.70000 1613.90
5574.80000 1615.28
5574.90000 1622.87
5575.00000 1624.16
5575.10000 1629.07
5575.20000 1625.20
5575.30000 1611.18
5575.40000 1618.71
5575.50000 1621.62
5575.60000 1623.18
5575.70000 1624.03
5575.80000 1629.24
5575.90000 1633.91
5576.00000 1623.55
5576.10000 1627.03
5576.20000 1609.68
5576.30000 1612.03
5576.40000 1619.75
5576.50000 1605.97
5576.60000 1616.59
5576.70000 1617.32
5576.80000 1612.35
5576.90000 1622.39
5577.00000 1617.60
5577.10000 1626.27
5577.20000 1613.91
5577.30000 1612.46
5577.40000 1613.41
5577.50000 1608.86
5577.60000 1618.97
5577.70000 1616.08
5577.80000 1625.27
5577.90000 1625.51
5578.00000 1615.20
5578.10000 1614.89
5578.20000 1622.81
5578.30000 1616.72
5578.40000 1609.30
5578.50000 1603.19
5578.60000 1607.33
5578.70000 1602.49
5578.80000 1606.26
5578.90000 1606.97
5579.00000 1611.38
5579.10000 1617.48
5579.20000 1606.18
5579.30000 1618.93
5579.40000 1624.90
5579.50000 1623.86
5579.60000 1625.60
5579.70000 1627.92
5579.80000 1613.72
5579.90000 1614.08
5580.00000 1616.13
5580.10000 1607.61
5580.20000 1614.31
5580.30000 1612.43
5580.40000 1620.56
5580.50000 1629.19
5580.60000 1639.28
5580.70000 1638.20
5580.80000 1635.20
5580.90000 1618.63
5581.00000 1611.30
5581.10000 1605.15
5581.20000 1596.32
5581.30000 1608.55
5581.40000 1616.47
5581.50000 1620.53
5581.60000 1616.27
5581.70000 1611.03
5581.80000 1606.98
5581.90000 1612.47
5582.00000 1601.29
5582.10000 1621.82
5582.20000 1599.47
5582.30000 1631.44
5582.40000 1618.23
5582.50000 1623.25
5582.60000 1635.24
5582.70000 1617.22
5582.80000 1617.87
5582.90000 1617.86
5583.00000 1622.32
5583.10000 1618.63
5583.20000 1607.71
5583.30000 1608.61
5583.40000 1619.65
5583.50000 1623.00
5583.60000 1606.25
5583.70000 1607.49
5583.80000 1599.63
5583.90000 1612.90
5584.00000 1618.83
5584.10000 1618.29
5584.20000 1623.77
5584.30000 1620.19
5584.40000 1626.79
5584.50000 1619.92
5584.60000 1613.20
5584.70000 1600.38
5584.80000 1619.34
5584.90000 1611.41
5585.00000 1612.86
5585.10000 1616.54
5585.20000 1626.87
5585.30000 1611.88
5585.40000 1614.39
5585.50000 1639.49
5585.60000 1623.17
5585.70000 1615.84
5585.80000 1611.66
5585.90000 1613.60
5586.00000 1636.24
5586.10000 1628.06
5586.20000 1613.43
5586.30000 1613.93
5586.40000 1619.84
5586.50000 1597.51
5586.60000 1621.14
5586.70000 1617.19
5586.80000 1621.93
5586.90000 1622.28
5587.00000 1626.18
5587.10000 1625.16
5587.20000 1619.93
5587.30000 1617.92
5587.40000 1621.83
5587.50000 1620.35
5587.60000 1618.54
5587.70000 1601.91
5587.80000 1613.58
5587.90000 1609.93
5588.00000 1615.07
5588.10000 1625.23
5588.20000 1627.19
5588.30000 1618.23
5588.40000 1621.53
5588.50000 1612.29
5588.60000 1613.31
5588.70000 1609.59
5588.80000 1620.79
5588.90000 1614.57
5589.00000 1628.80
5589.10000 1616.40
5589.20000 1618.20
5589.30000 1610.62
5589.40000 1621.20
5589.50000 1630.52
5589.60000 1626.21
5589.70000 1623.21
5589.80000 1627.04
5589.90000 1625.02
5590.00000 1608.33
5590.10000 1607.49
5590.20000 1623.69
5590.30000 1625.13
5590.40000 1617.63
5590.50000 1621.60
5590.60000 1622.67
5590.70000 1606.02
5590.80000 1618.09
5590.90000 1614.74
5591.00000 1614.27
5591.10000 1627.81
5591.20000 1610.90
5591.30000 1612.13
5591.40000 1611.85
5591.50000 1602.29
5591.60000 1627.35
5591.70000 1617.87
5591.80000 1604.09
5591.90000 1610.36
5592.00000 1614.32
5592.10000 1621.54
5592.20000 1615.25
5592.30000 1584.82
5592.40000 1590.52
5592.50000 1594.92
5592.60000 1604.04
5592.70000 1599.22
5592.80000 1599.24
5592.90000 1610.75
5593.00000 1616.21
5593.10000 1614.20
5593.20000 1613.55
5593.30000 1588.17
5593.40000 1625.70
5593.50000 1619.15
5593.60000 1606.39
5593.70000 1603.06
5593.80000 1601.48
5593.90000 1613.61
5594.00000 1609.48
5594.10000 1607.47
5594.20000 1614.20
5594.30000 1596.40
5594.40000 1607.55
5594.50000 1603.53
5594.60000 1614.53
5594.70000 1604.74
5594.80000 1605.98
5594.90000 1577.48
5595.00000 1583.11
5595.10000 1575.66
5595.20000 1583.42
5595.30000 1584.96
5595.40000 1600.52
5595.50000 1609.59
5595.60000 1602.48
5595.70000 1597.25
5595.80000 1614.42
5595.90000 1618.37
5596.00000 1609.53
5596.10000 1614.92
5596.20000 1602.78
5596.30000 1605.05
5596.40000 1588.21
5596.50000 1614.18
5596.60000 1583.40
5596.70000 1597.33
5596.80000 1601.92
5596.90000 1595.90
5597.00000 1606.58
5597.10000 1616.04
5597.20000 1612.10
5597.30000 1592.87
5597.40000 1609.36
5597.50000 1593.05
5597.60000 1611.13
5597.70000 1602.67
5597.80000 1598.58
5597.90000 1587.08
5598.00000 1609.96
5598.10000 1601.61
5598.20000 1611.68
5598.30000 1597.54
5598.40000 1608.63
5598.50000 1597.58
5598.60000 1587.56
5598.70000 1601.76
5598.80000 1590.40
5598.90000 1603.46
5599.00000 1585.45
5599.10000 1586.48
5599.20000 1607.94
5599.30000 1601.08
5599.40000 1607.93
5599.50000 1601.08
5599.60000 1625.50
5599.70000 1609.90
5599.80000 1610.98
5599.90000 1594.58
5600.00000 1587.73
5600.10000 1606.60
5600.20000 1604.14
5600.30000 1576.07
5600.40000 1588.87
5600.50000 1590.01
5600.60000 1595.25
5600.70000 1592.83
5600.80000 1595.72
5600.90000 1582.37
5601.00000 1597.41
5601.10000 1607.08
5601.20000 1594.11
5601.30000 1585.87
5601.40000 1576.99
5601.50000 1587.46
5601.60000 1576.07
5601.70000 1609.82
5601.80000 1581.89
5601.90000 1618.39
5602.00000 1604.11
5602.10000 1592.33
5602.20000 1595.92
5602.30000 1593.66
5602.40000 1602.41
5602.50000 1598.30
5602.60000 1592.68
5602.70000 1603.50
5602.80000 1606.24
5602.90000 1604.11
5603.00000 1595.88
5603.10000 1624.46
5603.20000 1599.87
5603.30000 1603.59
5603.40000 1591.63
5603.50000 1597.05
5603.60000 1604.17
5603.70000 1592.30
5603.80000 1582.32
5603.90000 1613.40
5604.00000 1603.06
5604.10000 1591.50
5604.20000 1601.97
5604.30000 1599.39
5604.40000 1592.62
5604.50000 1611.85
5604.60000 1604.28
5604.70000 1583.71
5604.80000 1590.21
5604.90000 1584.57
5605.00000 1600.67
5605.10000 1602.18
5605.20000 1600.82
5605.30000 1597.14
5605.40000 1607.18
5605.50000 1600.84
5605.60000 1599.80
5605.70000 1609.44
5605.80000 1594.52
5605.90000 1598.17
5606.00000 1607.69
5606.10000 1600.48
5606.20000 1592.39
5606.30000 1604.02
5606.40000 1623.02
5606.50000 1606.21
5606.60000 1606.48
5606.70000 1598.64
5606.80000 1599.10
5606.90000 1604.98
5607.00000 1607.17
5607.10000 1605.82
5607.20000 1611.83
5607.30000 1604.88
5607.40000 1613.86
5607.50000 1600.13
5607.60000 1596.29
5607.70000 1599.41
5607.80000 1603.81
5607.90000 1599.01
5608.00000 1609.05
5608.10000 1602.14
5608.20000 1601.50
5608.30000 1597.89
5608.40000 1606.09
5608.50000 1606.08
5608.60000 1603.81
5608.70000 1600.69
5608.80000 1595.26
5608.90000 1606.59
5609.00000 1595.34
5609.10000 1602.00
5609.20000 1593.84
5609.30000 1596.00
5609.40000 1594.21
5609.50000 1595.09
5609.60000 1603.41
5609.70000 1594.41
5609.80000 1591.34
5609.90000 1588.21
5610.00000 1604.47
5610.10000 1597.87
5610.20000 1600.60
5610.30000 1588.80
5610.40000 1581.09
5610.50000 1593.56
5610.60000 1597.42
5610.70000 1601.54
5610.80000 1595.45
5610.90000 1595.21
5611.00000 1598.68
5611.10000 1600.85
5611.20000 1606.13
5611.30000 1598.50
5611.40000 1590.16
5611.50000 1595.83
5611.60000 1589.27
5611.70000 1597.74
5611.80000 1591.73
5611.90000 1603.23
5612.00000 1608.07
5612.10000 1601.49
5612.20000 1604.73
5612.30000 1588.82
5612.40000 1595.54
5612.50000 1597.21
5612.60000 1602.77
5612.70000 1602.55
5612.80000 1625.18
5612.90000 1607.98
5613.00000 1604.17
5613.10000 1605.27
5613.20000 1601.45
5613.30000 1620.41
5613.40000 1629.01
5613.50000 1609.08
5613.60000 1604.87
5613.70000 1605.36
5613.80000 1607.73
5613.90000 1616.58
5614.00000 1613.36
5614.10000 1608.99
5614.20000 1620.23
5614.30000 1603.50
5614.40000 1595.93
5614.50000 1598.86
5614.60000 1599.53
5614.70000 1621.10
5614.80000 1616.84
5614.90000 1600.57
5615.00000 1592.66
5615.10000 1627.11
5615.20000 1615.80
5615.30000 1600.14
5615.40000 1603.18
5615.50000 1595.47
5615.60000 1603.17
5615.70000 1591.90
5615.80000 1608.82
5615.90000 1603.28
5616.00000 1596.30
5616.10000 1599.27
5616.20000 1612.39
5616.30000 1600.14
5616.40000 1600.36
5616.50000 1620.71
5616.60000 1600.94
5616.70000 1602.52
5616.80000 1598.69
5616.90000 1619.19
5617.00000 1603.99
5617.10000 1603.90
5617.20000 1597.43
5617.30000 1614.53
5617.40000 1613.54
5617.50000 1617.51
5617.60000 1609.03
5617.70000 1616.54
5617.80000 1616.22
5617.90000 1613.92
5618.00000 1612.90
5618.10000 1600.39
5618.20000 1614.85
5618.30000 1620.47
5618.40000 1605.68
5618.50000 1615.73
5618.60000 1606.20
5618.70000 1605.29
5618.80000 1604.43
5618.90000 1615.41
5619.00000 1609.28
5619.10000 1607.61
5619.20000 1613.61
5619.30000 1604.95
5619.40000 1615.29
5619.50000 1609.15
5619.60000 1626.63
5619.70000 1613.31
5619.80000 1602.25
5619.90000 1615.73
5620.00000 1602.30
5620.10000 1598.96
5620.20000 1635.31
5620.30000 1613.26
5620.40000 1613.19
5620.50000 1625.65
5620.60000 1625.18
5620.70000 1616.25
5620.80000 1616.99
5620.90000 1612.95
5621.00000 1617.91
5621.10000 1616.75
5621.20000 1613.56
5621.30000 1610.71
5621.40000 1609.33
5621.50000 1608.08
5621.60000 1620.12
5621.70000 1609.19
5621.80000 1595.81
5621.90000 1619.82
5622.00000 1604.29
5622.10000 1599.69
5622.20000 1604.26
5622.30000 1613.60
5622.40000 1609.13
5622.50000 1623.40
5622.60000 1604.10
5622.70000 1614.06
5622.80000 1628.36
5622.90000 1624.25
5623.00000 1608.43
5623.10000 1599.47
5623.20000 1613.78
5623.30000 1626.55
5623.40000 1618.05
5623.50000 1594.04
5623.60000 1621.17
5623.70000 1621.65
5623.80000 1604.61
5623.90000 1601.73
5624.00000 1609.97
5624.10000 1615.02
5624.20000 1616.11
5624.30000 1607.50
5624.40000 1623.60
5624.50000 1617.15
5624.60000 1617.16
5624.70000 1637.10
5624.80000 1612.93
5624.90000 1617.02
5625.00000 1606.80
5625.10000 1611.40
5625.20000 1603.62
5625.30000 1609.39
5625.40000 1601.56
5625.50000 1626.07
5625.60000 1623.24
5625.70000 1617.27
5625.80000 1614.74
5625.90000 1614.32
5626.00000 1617.04
5626.10000 1633.75
5626.20000 1612.44
5626.30000 1606.46
5626.40000 1610.99
5626.50000 1601.13
5626.60000 1621.03
5626.70000 1605.93
5626.80000 1608.28
5626.90000 1602.29
5627.00000 1620.01
5627.10000 1602.37
5627.20000 1614.87
5627.30000 1612.15
5627.40000 1601.98
5627.50000 1603.20
5627.60000 1607.19
5627.70000 1611.92
5627.80000 1606.78
5627.90000 1603.77
5628.00000 1606.64
5628.10000 1609.21
5628.20000 1608.28
5628.30000 1615.05
5628.40000 1606.38
5628.50000 1615.59
5628.60000 1607.64
5628.70000 1609.36
5628.80000 1599.15
5628.90000 1602.12
5629.00000 1612.69
5629.10000 1609.51
5629.20000 1604.45
5629.30000 1613.29
5629.40000 1611.97
5629.50000 1603.78
5629.60000 1596.31
5629.70000 1619.30
5629.80000 1611.98
5629.90000 1601.66
5630.00000 1613.75
5630.10000 1606.46
5630.20000 1614.89
5630.30000 1605.15
5630.40000 1615.13
5630.50000 1607.88
5630.60000 1598.55
5630.70000 1598.27
5630.80000 1611.72
5630.90000 1605.26
5631.00000 1606.30
5631.10000 1607.75
5631.20000 1578.79
5631.30000 1593.28
5631.40000 1600.09
5631.50000 1619.69
5631.60000 1618.39
5631.70000 1595.87
5631.80000 1603.33
5631.90000 1611.53
5632.00000 1607.48
5632.10000 1600.73
5632.20000 1597.77
5632.30000 1612.44
5632.40000 1599.43
5632.50000 1597.66
5632.60000 1592.58
5632.70000 1603.66
5632.80000 1586.00
5632.90000 1592.60
5633.00000 1594.25
5633.10000 1598.91
5633.20000 1596.89
5633.30000 1587.65
5633.40000 1593.11
5633.50000 1586.57
5633.60000 1591.85
5633.70000 1585.25
5633.80000 1600.64
5633.90000 1599.87
5634.00000 1594.65
5634.10000 1578.81
5634.20000 1601.25
5634.30000 1594.05
5634.40000 1591.98
5634.50000 1609.59
5634.60000 1585.16
5634.70000 1592.25
5634.80000 1600.43
5634.90000 1599.42
5635.00000 1595.44
5635.10000 1597.18
5635.20000 1582.00
5635.30000 1583.96
5635.40000 1585.43
5635.50000 1597.04
5635.60000 1597.40
5635.70000 1601.66
5635.80000 1588.25
5635.90000 1593.44
5636.00000 1577.27
5636.10000 1587.70
5636.20000 1606.25
5636.30000 1603.93
5636.40000 1597.44
5636.50000 1588.40
5636.60000 1586.53
5636.70000 1605.69
5636.80000 1601.23
5636.90000 1590.52
5637.00000 1593.04
5637.10000 1603.30
5637.20000 1595.87
5637.30000 1596.33
5637.40000 1606.26
5637.50000 1596.48
5637.60000 1598.94
5637.70000 1598.61
5637.80000 1589.13
5637.90000 1601.41
5638.00000 1600.50
5638.10000 1608.34
5638.20000 1602.49
5638.30000 1602.50
5638.40000 1606.43
5638.50000 1605.70
5638.60000 1608.47
5638.70000 1612.95
5638.80000 1600.43
5638.90000 1621.89
5639.00000 1613.62
5639.10000 1601.58
5639.20000 1621.42
5639.30000 1596.92
5639.40000 1597.29
5639.50000 1583.48
5639.60000 1592.86
5639.70000 1594.92
5639.80000 1602.91
5639.90000 1605.19
5640.00000 1602.72
5640.10000 1607.84
5640.20000 1596.91
5640.30000 1602.81
5640.40000 1603.72
5640.50000 1589.40
5640.60000 1599.64
5640.70000 1597.70
5640.80000 1588.64
5640.90000 1583.18
5641.00000 1598.17
5641.10000 1585.41
5641.20000 1590.19
5641.30000 1581.84
5641.40000 1604.13
5641.50000 1613.65
5641.60000 1589.69
5641.70000 1587.74
5641.80000 1604.82
5641.90000 1600.29
5642.00000 1605.41
5642.10000 1592.05
5642.20000 1591.76
5642.30000 1592.59
5642.40000 1597.17
5642.50000 1602.58
5642.60000 1599.65
5642.70000 1603.05
5642.80000 1599.22
5642.90000 1596.14
5643.00000 1600.77
5643.10000 1587.36
5643.20000 1607.59
5643.30000 1587.90
5643.40000 1590.02
5643.50000 1596.59
5643.60000 1599.00
5643.70000 1616.85
5643.80000 1585.79
5643.90000 1593.99
5644.00000 1607.60
5644.10000 1592.56
5644.20000 1593.55
5644.30000 1589.67
5644.40000 1599.60
5644.50000 1608.09
5644.60000 1604.68
5644.70000 1603.12
5644.80000 1608.96
5644.90000 1602.48
5645.00000 1600.96
5645.10000 1588.09
5645.20000 1600.16
5645.30000 1596.73
5645.40000 1593.94
5645.50000 1595.56
5645.60000 1601.51
5645.70000 1581.21
5645.80000 1598.88
5645.90000 1587.22
5646.00000 1582.33
5646.10000 1579.00
5646.20000 1594.20
5646.30000 1595.11
5646.40000 1593.41
5646.50000 1580.03
5646.60000 1587.70
5646.70000 1587.30
5646.80000 1581.87
5646.90000 1599.17
5647.00000 1588.36
5647.10000 1601.54
5647.20000 1608.29
5647.30000 1586.38
5647.40000 1591.22
5647.50000 1584.45
5647.60000 1605.22
5647.70000 1590.60
5647.80000 1581.36
5647.90000 1600.43
5648.00000 1598.80
5648.10000 1603.53
5648.20000 1586.93
5648.30000 1592.36
5648.40000 1606.52
5648.50000 1596.58
5648.60000 1605.69
5648.70000 1605.43
5648.80000 1592.90
5648.90000 1588.33
5649.00000 1587.45
5649.10000 1605.67
5649.20000 1591.57
5649.30000 1590.35
5649.40000 1588.69
5649.50000 1589.30
5649.60000 1592.37
5649.70000 1596.39
5649.80000 1589.58
5649.90000 1603.83
5650.00000 1582.56
5650.10000 1589.24
5650.20000 1588.01
5650.30000 1593.31
5650.40000 1601.39
5650.50000 1590.20
5650.60000 1601.66
5650.70000 1603.06
5650.80000 1593.91
5650.90000 1590.85
5651.00000 1570.45
5651.10000 1597.55
5651.20000 1585.50
5651.30000 1592.01
5651.40000 1594.91
5651.50000 1593.35
5651.60000 1591.89
5651.70000 1595.92
5651.80000 1600.48
5651.90000 1591.49
5652.00000 1577.19
5652.10000 1588.13
5652.20000 1572.95
5652.30000 1579.42
5652.40000 1594.42
5652.50000 1574.46
5652.60000 1582.51
5652.70000 1585.75
5652.80000 1587.95
5652.90000 1581.60
5653.00000 1580.50
5653.10000 1601.64
5653.20000 1585.10
5653.30000 1598.53
5653.40000 1582.74
5653.50000 1585.79
5653.60000 1591.25
5653.70000 1590.82
5653.80000 1590.60
5653.90000 1599.91
5654.00000 1585.10
5654.10000 1595.60
5654.20000 1583.54
5654.30000 1593.30
5654.40000 1599.75
5654.50000 1599.14
5654.60000 1603.76
5654.70000 1600.30
5654.80000 1588.71
5654.90000 1591.58
5655.00000 1585.56
5655.10000 1594.56
5655.20000 1589.50
5655.30000 1612.53
5655.40000 1600.38
5655.50000 1588.50
5655.60000 1595.67
5655.70000 1597.95
5655.80000 1601.41
5655.90000 1596.44
5656.00000 1605.01
5656.10000 1616.70
5656.20000 1599.75
5656.30000 1605.20
5656.40000 1606.29
5656.50000 1612.70
5656.60000 1601.82
5656.70000 1601.61
5656.80000 1594.78
5656.90000 1593.02
5657.00000 1602.25
5657.10000 1603.36
5657.20000 1591.72
5657.30000 1595.80
5657.40000 1594.38
5657.50000 1613.10
5657.60000 1598.09
5657.70000 1582.91
5657.80000 1597.34
5657.90000 1598.93
5658.00000 1595.37
5658.10000 1591.53
5658.20000 1585.54
5658.30000 1595.62
5658.40000 1606.62
5658.50000 1599.95
5658.60000 1596.96
5658.70000 1604.50
5658.80000 1592.30
5658.90000 1587.03
5659.00000 1592.79
5659.10000 1584.82
5659.20000 1600.15
5659.30000 1590.48
5659.40000 1586.24
5659.50000 1595.44
5659.60000 1583.33
5659.70000 1593.56
5659.80000 1594.51
5659.90000 1596.33
5660.00000 1585.82
5660.10000 1598.71
5660.20000 1589.20
5660.30000 1588.20
5660.40000 1597.01
5660.50000 1597.30
5660.60000 1586.88
5660.70000 1586.78
5660.80000 1600.91
5660.90000 1594.52
5661.00000 1594.05
5661.10000 1597.09
5661.20000 1602.20
5661.30000 1594.45
5661.40000 1590.74
5661.50000 1595.71
5661.60000 1580.90
5661.70000 1580.83
5661.80000 1585.15
5661.90000 1595.28
5662.00000 1601.02
5662.10000 1601.21
5662.20000 1577.01
5662.30000 1583.60
5662.40000 1585.31
5662.50000 1573.06
5662.60000 1581.43
5662.70000 1581.35
5662.80000 1576.02
5662.90000 1566.96
5663.00000 1558.77
5663.10000 1569.31
5663.20000 1567.46
5663.30000 1576.59
5663.40000 1567.90
5663.50000 1564.76
5663.60000 1573.71
5663.70000 1571.85
5663.80000 1576.84
5663.90000 1576.62
5664.00000 1571.24
5664.10000 1565.02
5664.20000 1562.38
5664.30000 1585.22
5664.40000 1551.68
5664.50000 1564.10
5664.60000 1559.98
5664.70000 1581.37
5664.80000 1581.56
5664.90000 1571.26
5665.00000 1582.68
5665.10000 1563.74
5665.20000 1583.29
5665.30000 1563.58
5665.40000 1585.12
5665.50000 1579.77
5665.60000 1565.14
5665.70000 1561.89
5665.80000 1573.45
5665.90000 1571.34
5666.00000 1578.03
5666.10000 1586.95
5666.20000 1578.13
5666.30000 1589.93
5666.40000 1571.51
5666.50000 1573.22
5666.60000 1572.75
5666.70000 1572.32
5666.80000 1568.67
5666.90000 1564.04
5667.00000 1571.36
5667.10000 1571.08
5667.20000 1568.70
5667.30000 1573.32
5667.40000 1563.40
5667.50000 1559.85
5667.60000 1572.49
5667.70000 1559.56
5667.80000 1561.77
5667.90000 1556.78
5668.00000 1566.44
5668.10000 1572.05
5668.20000 1570.22
5668.30000 1569.72
5668.40000 1564.94
5668.50000 1561.75
5668.60000 1575.42
5668.70000 1576.01
5668.80000 1562.88
5668.90000 1562.28
5669.00000 1561.96
5669.10000 1571.40
5669.20000 1557.17
5669.30000 1550.97
5669.40000 1540.66
5669.50000 1552.22
5669.60000 1557.90
5669.70000 1557.12
5669.80000 1544.55
5669.90000 1563.06
5670.00000 1568.97
5670.10000 1558.37
5670.20000 1554.46
5670.30000 1556.24
5670.40000 1556.54
5670.50000 1559.71
5670.60000 1538.42
5670.70000 1562.00
5670.80000 1561.15
5670.90000 1550.36
5671.00000 1561.78
5671.10000 1569.78
5671.20000 1573.19
5671.30000 1559.19
5671.40000 1566.37
5671.50000 1550.16
5671.60000 1546.67
5671.70000 1551.50
5671.80000 1554.31
5671.90000 1552.64
5672.00000 1550.22
5672.10000 1552.26
5672.20000 1560.31
5672.30000 1559.85
5672.40000 1553.03
5672.50000 1534.52
5672.60000 1547.90
5672.70000 1555.67
5672.80000 1549.43
5672.90000 1551.75
5673.00000 1546.03
5673.10000 1555.16
5673.20000 1540.61
5673.30000 1544.22
5673.40000 1544.58
5673.50000 1543.27
5673.60000 1550.64
5673.70000 1555.74
5673.80000 1535.37
5673.90000 1547.45
5674.00000 1538.33
5674.10000 1535.90
5674.20000 1537.88
5674.30000 1542.13
5674.40000 1539.91
5674.50000 1537.02
5674.60000 1543.80
5674.70000 1552.16
5674.80000 1533.01
5674.90000 1550.13
5675.00000 1557.07
5675.10000 1552.88
5675.20000 1544.00
5675.30000 1560.44
5675.40000 1555.30
5675.50000 1546.64
5675.60000 1557.40
5675.70000 1556.49
5675.80000 1564.12
5675.90000 1546.66
5676.00000 1544.57
5676.10000 1539.05
5676.20000 1541.61
5676.30000 1537.37
5676.40000 1542.88
5676.50000 1551.92
5676.60000 1542.76
5676.70000 1536.54
5676.80000 1567.82
5676.90000 1550.05
5677.00000 1540.75
5677.10000 1541.48
5677.20000 1544.90
5677.30000 1534.02
5677.40000 1544.79
5677.50000 1552.47
5677.60000 1539.67
5677.70000 1553.06
5677.80000 1545.70
5677.90000 1548.99
5678.00000 1536.72
5678.10000 1532.22
5678.20000 1541.57
5678.30000 1551.10
5678.40000 1555.75
5678.50000 1533.85
5678.60000 1550.56
5678.70000 1550.45
5678.80000 1551.88
5678.90000 1551.75
5679.00000 1549.37
5679.10000 1551.47
5679.20000 1543.96
5679.30000 1532.10
5679.40000 1559.59
5679.50000 1538.03
5679.60000 1535.34
5679.70000 1548.78
5679.80000 1549.30
5679.90000 1553.61
5680.00000 1538.93
5680.10000 1523.52
5680.20000 1540.81
5680.30000 1540.14
5680.40000 1535.93
5680.50000 1528.52
5680.60000 1538.30
5680.70000 1553.02
5680.80000 1545.36
5680.90000 1555.71
5681.00000 1551.56
5681.10000 1551.51
5681.20000 1543.28
5681.30000 1527.72
5681.40000 1549.81
5681.50000 1561.88
5681.60000 1538.36
5681.70000 1549.57
5681.80000 1556.50
5681.90000 1549.20
5682.00000 1539.36
5682.10000 1545.58
5682.20000 1529.83
5682.30000 1510.03
5682.40000 1549.11
5682.50000 1544.93
5682.60000 1552.80
5682.70000 1550.16
5682.80000 1544.34
5682.90000 1550.93
5683.00000 1546.89
5683.10000 1549.00
5683.20000 1538.12
5683.30000 1533.07
5683.40000 1547.25
5683.50000 1539.63
5683.60000 1534.29
5683.70000 1545.94
5683.80000 1551.21
5683.90000 1556.31
5684.00000 1553.15
5684.10000 1548.99
5684.20000 1537.74
5684.30000 1515.18
5684.40000 1494.60
5684.50000 1534.29
5684.60000 1544.19
5684.70000 1554.92
5684.80000 1546.14
5684.90000 1555.11
5685.00000 1531.23
5685.10000 1538.61
5685.20000 1558.20
5685.30000 1545.04
5685.40000 1544.84
5685.50000 1562.65
5685.60000 1534.71
5685.70000 1550.75
5685.80000 1540.36
5685.90000 1535.56
5686.00000 1528.78
5686.10000 1533.11
5686.20000 1559.33
5686.30000 1551.67
5686.40000 1540.69
5686.50000 1546.52
5686.60000 1553.04
5686.70000 1568.37
5686.80000 1527.95
5686.90000 1541.56
5687.00000 1551.95
5687.10000 1555.47
5687.20000 1565.95
5687.30000 1558.22
5687.40000 1568.28
5687.50000 1552.31
5687.60000 1555.27
5687.70000 1545.12
5687.80000 1566.03
5687.90000 1561.85
5688.00000 1477.33
5688.10000 1518.03
5688.20000 1543.84
5688.30000 1564.63
5688.40000 1564.19
5688.50000 1574.25
5688.60000 1570.80
5688.70000 1557.69
5688.80000 1554.25
5688.90000 1569.17
5689.00000 1552.54
5689.10000 1531.57
5689.20000 1556.10
5689.30000 1553.25
5689.40000 1552.18
5689.50000 1570.47
5689.60000 1549.35
5689.70000 1555.98
5689.80000 1553.89
5689.90000 1542.38
5690.00000 1531.67
5690.10000 1509.92
5690.20000 1514.00
5690.30000 1558.52
5690.40000 1540.83
5690.50000 1532.31
5690.60000 1550.00
5690.70000 1542.64
5690.80000 1541.20
5690.90000 1507.13
5691.00000 1489.92
5691.10000 1525.99
5691.20000 1538.78
5691.30000 1558.48
5691.40000 1554.26
5691.50000 1542.15
5691.60000 1546.40
5691.70000 1557.56
5691.80000 1543.30
5691.90000 1537.69
5692.00000 1556.05
5692.10000 1534.97
5692.20000 1547.51
5692.30000 1537.92
5692.40000 1549.18
5692.50000 1549.31
5692.60000 1552.15
5692.70000 1554.29
5692.80000 1542.52
5692.90000 1495.57
5693.00000 1483.62
5693.10000 1535.60
5693.20000 1550.17
5693.30000 1521.16
5693.40000 1544.31
5693.50000 1540.63
5693.60000 1548.48
5693.70000 1549.73
5693.80000 1554.67
5693.90000 1548.91
5694.00000 1551.43
5694.10000 1536.22
5694.20000 1527.08
5694.30000 1533.07
5694.40000 1548.30
5694.50000 1549.77
5694.60000 1548.89
5694.70000 1536.81
5694.80000 1538.21
5694.90000 1553.12
5695.00000 1546.11
5695.10000 1547.47
5695.20000 1560.69
5695.30000 1543.81
5695.40000 1546.22
5695.50000 1544.50
5695.60000 1557.70
5695.70000 1556.09
5695.80000 1557.43
5695.90000 1550.29
5696.00000 1546.47
5696.10000 1543.08
5696.20000 1545.00
5696.30000 1531.13
5696.40000 1541.59
5696.50000 1516.93
5696.60000 1537.66
5696.70000 1542.02
5696.80000 1542.15
5696.90000 1539.03
5697.00000 1539.84
5697.10000 1553.69
5697.20000 1554.32
5697.30000 1512.52
5697.40000 1518.39
5697.50000 1553.72
5697.60000 1550.02
5697.70000 1548.32
5697.80000 1536.11
5697.90000 1541.46
5698.00000 1555.17
5698.10000 1548.54
5698.20000 1542.17
5698.30000 1540.15
5698.40000 1550.71
5698.50000 1553.26
5698.60000 1539.90
5698.70000 1493.74
5698.80000 1518.23
5698.90000 1543.67
5699.00000 1540.00
5699.10000 1536.95
5699.20000 1523.02
5699.30000 1538.25
5699.40000 1543.55
5699.50000 1551.06
5699.60000 1540.48
5699.70000 1546.72
5699.80000 1498.35
5699.90000 1493.65
5700.00000 1534.19
5700.10000 1540.29
5700.20000 1551.76
5700.30000 1552.55
5700.40000 1552.06
5700.50000 1552.48
5700.60000 1551.54
5700.70000 1545.89
5700.80000 1552.29
5700.90000 1549.18
5701.00000 1557.33
5701.10000 1543.17
5701.20000 1528.45
5701.30000 1494.60
5701.40000 1544.96
5701.50000 1558.78
5701.60000 1544.94
5701.70000 1564.32
5701.80000 1568.00
5701.90000 1570.46
5702.00000 1558.10
5702.10000 1559.29
5702.20000 1543.80
5702.30000 1552.79
5702.40000 1569.59
5702.50000 1564.10
5702.60000 1568.69
5702.70000 1566.13
5702.80000 1561.35
5702.90000 1557.40
5703.00000 1563.75
5703.10000 1566.08
5703.20000 1544.79
5703.30000 1543.59
5703.40000 1552.94
5703.50000 1549.18
5703.60000 1549.84
5703.70000 1565.71
5703.80000 1551.56
5703.90000 1533.61
5704.00000 1552.32
5704.10000 1544.08
5704.20000 1546.14
5704.30000 1546.01
5704.40000 1536.67
5704.50000 1544.66
5704.60000 1530.70
5704.70000 1526.63
5704.80000 1531.53
5704.90000 1543.46
5705.00000 1530.04
5705.10000 1542.56
5705.20000 1531.65
5705.30000 1548.66
5705.40000 1524.36
5705.50000 1545.56
5705.60000 1539.25
5705.70000 1523.14
5705.80000 1537.43
5705.90000 1532.22
5706.00000 1528.30
5706.10000 1540.38
5706.20000 1534.69
5706.30000 1540.50
5706.40000 1537.23
5706.50000 1548.72
5706.60000 1543.84
5706.70000 1529.42
5706.80000 1536.62
5706.90000 1526.93
5707.00000 1531.02
5707.10000 1550.90
5707.20000 1544.87
5707.30000 1557.28
5707.40000 1562.05
5707.50000 1552.33
5707.60000 1551.86
5707.70000 1564.06
5707.80000 1547.42
5707.90000 1545.19
5708.00000 1545.01
5708.10000 1555.19
5708.20000 1542.12
5708.30000 1540.04
5708.40000 1548.51
5708.50000 1564.39
5708.60000 1562.31
5708.70000 1579.88
5708.80000 1571.02
5708.90000 1570.71
5709.00000 1577.00
5709.10000 1556.66
5709.20000 1559.06
5709.30000 1559.32
5709.40000 1564.69
5709.50000 1575.35
5709.60000 1562.97
5709.70000 1572.95
5709.80000 1565.97
5709.90000 1563.69
5710.00000 1566.80
5710.10000 1574.46
5710.20000 1570.87
5710.30000 1581.74
5710.40000 1573.38
5710.50000 1573.90
5710.60000 1562.37
5710.70000 1558.68
5710.80000 1549.65
5710.90000 1561.51
5711.00000 1562.45
5711.10000 1562.29
5711.20000 1549.10
5711.30000 1536.62
5711.40000 1552.11
5711.50000 1542.72
5711.60000 1556.34
5711.70000 1553.21
5711.80000 1551.50
5711.90000 1539.89
5712.00000 1527.10
5712.10000 1538.27
5712.20000 1559.82
5712.30000 1544.64
5712.40000 1567.34
5712.50000 1570.48
5712.60000 1558.76
5712.70000 1555.29
5712.80000 1571.81
5712.90000 1566.58
5713.00000 1561.84
5713.10000 1560.33
5713.20000 1569.27
5713.30000 1569.05
5713.40000 1563.29
5713.50000 1561.41
5713.60000 1579.64
5713.70000 1571.28
5713.80000 1562.54
5713.90000 1565.77
5714.00000 1562.97
5714.10000 1557.12
5714.20000 1553.92
5714.30000 1562.39
5714.40000 1569.02
5714.50000 1576.02
5714.60000 1542.20
5714.70000 1558.97
5714.80000 1578.70
5714.90000 1555.90
5715.00000 1567.52
5715.10000 1570.03
5715.20000 1573.25
5715.30000 1575.53
5715.40000 1568.55
5715.50000 1558.17
5715.60000 1575.46
5715.70000 1573.94
5715.80000 1560.86
5715.90000 1552.50
5716.00000 1552.54
5716.10000 1567.67
5716.20000 1560.91
5716.30000 1567.19
5716.40000 1554.33
5716.50000 1541.71
5716.60000 1561.47
5716.70000 1559.28
5716.80000 1551.72
5716.90000 1553.06
5717.00000 1548.88
5717.10000 1568.79
5717.20000 1572.12
5717.30000 1559.90
5717.40000 1564.23
5717.50000 1562.74
5717.60000 1567.75
5717.70000 1567.98
5717.80000 1565.43
5717.90000 1561.42
5718.00000 1515.56
5718.10000 1528.10
5718.20000 1548.94
5718.30000 1555.82
5718.40000 1554.57
5718.50000 1578.80
5718.60000 1571.71
5718.70000 1567.79
5718.80000 1574.31
5718.90000 1575.22
5719.00000 1559.20
5719.10000 1563.94
5719.20000 1558.61
5719.30000 1553.44
5719.40000 1550.58
5719.50000 1534.60
5719.60000 1560.69
5719.70000 1542.89
5719.80000 1545.33
5719.90000 1536.53
5720.00000 1543.47
5720.10000 1464.80
5720.20000 1518.32
5720.30000 1557.15
5720.40000 1554.85
5720.50000 1553.53
5720.60000 1560.54
5720.70000 1547.19
5720.80000 1562.81
5720.90000 1558.68
5721.00000 1532.39
5721.10000 1550.97
5721.20000 1582.88
5721.30000 1564.22
5721.40000 1558.37
5721.50000 1570.51
5721.60000 1566.43
5721.70000 1577.04
5721.80000 1564.58
5721.90000 1572.83
5722.00000 1554.98
5722.10000 1563.44
5722.20000 1567.94
5722.30000 1559.47
5722.40000 1553.47
5722.50000 1514.13
5722.60000 1553.60
5722.70000 1557.71
5722.80000 1548.58
5722.90000 1564.56
5723.00000 1568.57
5723.10000 1561.68
5723.20000 1555.67
5723.30000 1561.68
5723.40000 1577.42
5723.50000 1561.07
5723.60000 1563.21
5723.70000 1584.61
5723.80000 1557.57
5723.90000 1557.49
5724.00000 1555.91
5724.10000 1564.11
5724.20000 1568.17
5724.30000 1571.33
5724.40000 1534.86
5724.50000 1551.91
5724.60000 1560.02
5724.70000 1566.03
5724.80000 1565.85
5724.90000 1563.61
5725.00000 1562.55
5725.10000 1554.42
5725.20000 1565.33
5725.30000 1569.03
5725.40000 1557.15
5725.50000 1557.21
5725.60000 1578.90
5725.70000 1578.13
5725.80000 1570.35
5725.90000 1571.82
5726.00000 1573.00
5726.10000 1564.17
5726.20000 1574.14
5726.30000 1559.39
5726.40000 1561.01
5726.50000 1574.85
5726.60000 1561.59
5726.70000 1570.93
5726.80000 1550.11
5726.90000 1560.28
5727.00000 1576.81
5727.10000 1578.12
5727.20000 1558.38
5727.30000 1544.87
5727.40000 1518.57
5727.50000 1555.49
5727.60000 1562.77
5727.70000 1563.67
5727.80000 1558.71
5727.90000 1567.76
5728.00000 1569.81
5728.10000 1557.59
5728.20000 1575.47
5728.30000 1559.70
5728.40000 1573.00
5728.50000 1568.24
5728.60000 1567.79
5728.70000 1568.40
5728.80000 1562.32
5728.90000 1567.47
5729.00000 1531.79
5729.10000 1557.28
5729.20000 1562.96
5729.30000 1558.90
5729.40000 1552.72
5729.50000 1567.34
5729.60000 1570.92
5729.70000 1559.27
5729.80000 1559.29
5729.90000 1568.53
5730.00000 1549.73
5730.10000 1547.87
5730.20000 1508.95
5730.30000 1534.30
5730.40000 1548.73
5730.50000 1560.41
5730.60000 1569.72
5730.70000 1563.76
5730.80000 1562.77
5730.90000 1563.28
5731.00000 1572.94
5731.10000 1564.79
5731.20000 1575.66
5731.30000 1582.29
5731.40000 1574.59
5731.50000 1585.94
5731.60000 1591.72
5731.70000 1576.90
5731.80000 1572.77
5731.90000 1562.68
5732.00000 1573.59
5732.10000 1565.07
5732.20000 1574.51
5732.30000 1566.98
5732.40000 1568.49
5732.50000 1573.69
5732.60000 1567.52
5732.70000 1557.66
5732.80000 1567.23
5732.90000 1568.79
5733.00000 1565.48
5733.10000 1543.00
5733.20000 1555.32
5733.30000 1541.02
5733.40000 1536.52
5733.50000 1540.35
5733.60000 1534.32
5733.70000 1542.40
5733.80000 1552.10
5733.90000 1558.52
5734.00000 1546.61
5734.10000 1548.28
5734.20000 1546.82
5734.30000 1560.64
5734.40000 1563.63
5734.50000 1548.48
5734.60000 1544.74
5734.70000 1548.94
5734.80000 1552.96
5734.90000 1558.20
5735.00000 1549.56
5735.10000 1560.08
5735.20000 1540.15
5735.30000 1546.43
5735.40000 1558.13
5735.50000 1559.54
5735.60000 1555.39
5735.70000 1555.61
5735.80000 1548.60
5735.90000 1550.65
5736.00000 1552.24
5736.10000 1517.77
5736.20000 1539.00
5736.30000 1544.41
5736.40000 1559.07
5736.50000 1554.78
5736.60000 1546.43
5736.70000 1547.57
5736.80000 1556.85
5736.90000 1559.32
5737.00000 1552.30
5737.10000 1544.98
5737.20000 1553.51
5737.30000 1561.52
5737.40000 1552.64
5737.50000 1541.47
5737.60000 1554.07
5737.70000 1555.61
5737.80000 1547.90
5737.90000 1545.69
5738.00000 1553.55
5738.10000 1543.24
5738.20000 1473.90
5738.30000 1528.81
5738.40000 1551.15
5738.50000 1558.86
5738.60000 1529.26
5738.70000 1548.35
5738.80000 1548.54
5738.90000 1544.19
5739.00000 1543.82
5739.10000 1543.58
5739.20000 1548.08
5739.30000 1537.04
5739.40000 1562.50
5739.50000 1554.13
5739.60000 1548.13
5739.70000 1544.21
5739.80000 1556.55
5739.90000 1545.74
5740.00000 1548.09
5740.10000 1546.84
5740.20000 1540.17
5740.30000 1554.25
5740.40000 1555.12
5740.50000 1548.99
5740.60000 1563.69
5740.70000 1538.45
5740.80000 1533.31
5740.90000 1550.28
5741.00000 1537.21
5741.10000 1529.51
5741.20000 1528.57
5741.30000 1540.59
5741.40000 1533.56
5741.50000 1533.02
5741.60000 1551.26
5741.70000 1532.99
5741.80000 1538.13
5741.90000 1536.17
5742.00000 1543.40
5742.10000 1545.93
5742.20000 1528.81
5742.30000 1538.66
5742.40000 1538.14
5742.50000 1529.53
5742.60000 1531.72
5742.70000 1515.09
5742.80000 1519.38
5742.90000 1538.28
5743.00000 1538.72
5743.10000 1536.21
5743.20000 1536.76
5743.30000 1556.87
5743.40000 1551.07
5743.50000 1549.99
5743.60000 1547.62
5743.70000 1547.90
5743.80000 1629.32
5743.90000 1624.68
5744.00000 1555.00
5744.10000 1537.60
5744.20000 1534.67
5744.30000 1528.67
5744.40000 1544.25
5744.50000 1567.30
5744.60000 1545.97
5744.70000 1545.29
5744.80000 1544.13
5744.90000 1544.45
5745.00000 1543.64
5745.10000 1548.01
5745.20000 1538.39
5745.30000 1548.60
5745.40000 1521.31
5745.50000 1524.12
5745.60000 1541.82
5745.70000 1548.05
5745.80000 1547.51
5745.90000 1553.08
5746.00000 1536.44
5746.10000 1539.05
5746.20000 1529.08
5746.30000 1488.87
5746.40000 1523.34
5746.50000 1548.32
5746.60000 1549.57
5746.70000 1554.95
5746.80000 1542.59
5746.90000 1549.45
5747.00000 1535.98
5747.10000 1528.04
5747.20000 1535.85
5747.30000 1547.47
5747.40000 1551.73
5747.50000 1537.58
5747.60000 1542.63
5747.70000 1543.24
5747.80000 1550.95
5747.90000 1540.57
5748.00000 1558.45
5748.10000 1547.78
5748.20000 1549.23
5748.30000 1564.75
5748.40000 1554.66
5748.50000 1542.23
5748.60000 1555.52
5748.70000 1561.02
5748.80000 1557.68
5748.90000 1568.13
5749.00000 1565.20
5749.10000 1555.80
5749.20000 1566.61
5749.30000 1560.05
5749.40000 1560.98
5749.50000 1556.98
5749.60000 1557.83
5749.70000 1555.93
5749.80000 1566.48
5749.90000 1557.92
5750.00000 1564.18
5750.10000 1563.93
5750.20000 1565.04
5750.30000 1546.60
5750.40000 1543.96
5750.50000 1558.44
5750.60000 1563.64
5750.70000 1575.37
5750.80000 1570.53
5750.90000 1557.02
5751.00000 1562.47
5751.10000 1557.26
5751.20000 1566.55
5751.30000 1557.73
5751.40000 1569.34
5751.50000 1570.45
5751.60000 1573.01
5751.70000 1561.13
5751.80000 1560.63
5751.90000 1561.84
5752.00000 1565.01
5752.10000 1552.28
5752.20000 1565.64
5752.30000 1554.60
5752.40000 1570.94
5752.50000 1559.21
5752.60000 1573.81
5752.70000 1562.98
5752.80000 1566.67
5752.90000 1581.28
5753.00000 1552.85
5753.10000 1577.65
5753.20000 1580.18
5753.30000 1577.62
5753.40000 1549.16
5753.50000 1534.21
5753.60000 1559.05
5753.70000 1551.49
5753.80000 1564.88
5753.90000 1559.52
5754.00000 1563.30
5754.10000 1564.75
5754.20000 1565.48
5754.30000 1570.55
5754.40000 1567.11
5754.50000 1564.74
5754.60000 1571.49
5754.70000 1530.48
5754.80000 1553.03
5754.90000 1554.90
5755.00000 1551.08
5755.10000 1561.17
5755.20000 1554.68
5755.30000 1565.77
5755.40000 1568.48
5755.50000 1560.62
5755.60000 1574.53
5755.70000 1575.53
5755.80000 1574.95
5755.90000 1550.54
5756.00000 1555.43
5756.10000 1570.87
5756.20000 1572.03
5756.30000 1559.03
5756.40000 1560.48
5756.50000 1564.52
5756.60000 1568.43
5756.70000 1574.30
5756.80000 1568.70
5756.90000 1555.05
5757.00000 1567.74
5757.10000 1574.47
5757.20000 1564.91
5757.30000 1568.03
5757.40000 1577.84
5757.50000 1568.42
5757.60000 1569.42
5757.70000 1555.20
5757.80000 1575.67
5757.90000 1559.90
5758.00000 1567.29
5758.10000 1557.13
5758.20000 1562.70
5758.30000 1573.93
5758.40000 1577.33
5758.50000 1586.31
5758.60000 1562.80
5758.70000 1560.71
5758.80000 1561.34
5758.90000 1567.12
5759.00000 1546.35
5759.10000 1558.88
5759.20000 1557.90
5759.30000 1546.68
5759.40000 1563.79
5759.50000 1553.61
5759.60000 1549.73
5759.70000 1557.27
5759.80000 1552.79
5759.90000 1552.97
5760.00000 1574.65
5760.10000 1561.12
5760.20000 1567.32
5760.30000 1556.55
5760.40000 1571.78
5760.50000 1559.93
5760.60000 1566.76
5760.70000 1561.12
5760.80000 1553.07
5760.90000 1557.42
5761.00000 1549.48
5761.10000 1546.62
5761.20000 1561.15
5761.30000 1561.90
5761.40000 1564.10
5761.50000 1561.33
5761.60000 1550.68
5761.70000 1557.16
5761.80000 1551.30
5761.90000 1564.93
5762.00000 1565.60
5762.10000 1552.95
5762.20000 1544.94
5762.30000 1548.40
5762.40000 1568.32
5762.50000 1560.40
5762.60000 1557.48
5762.70000 1562.92
5762.80000 1571.73
5762.90000 1554.62
5763.00000 1541.06
5763.10000 1528.09
5763.20000 1540.24
5763.30000 1526.65
5763.40000 1537.53
5763.50000 1554.37
5763.60000 1573.66
5763.70000 1557.22
5763.80000 1536.36
5763.90000 1533.79
5764.00000 1541.29
5764.10000 1559.36
5764.20000 1560.13
5764.30000 1565.61
5764.40000 1553.13
5764.50000 1564.11
5764.60000 1557.97
5764.70000 1555.10
5764.80000 1560.76
5764.90000 1556.52
5765.00000 1551.34
5765.10000 1557.60
5765.20000 1560.09
5765.30000 1538.18
5765.40000 1550.82
5765.50000 1544.52
5765.60000 1549.05
5765.70000 1543.62
5765.80000 1532.42
5765.90000 1528.83
5766.00000 1547.62
5766.10000 1546.00
5766.20000 1538.78
5766.30000 1534.76
5766.40000 1519.57
5766.50000 1509.70
5766.60000 1514.16
5766.70000 1514.70
5766.80000 1513.97
5766.90000 1518.16
5767.00000 1532.44
5767.10000 1538.47
5767.20000 1549.74
5767.30000 1541.18
5767.40000 1530.15
5767.50000 1539.81
5767.60000 1547.51
5767.70000 1534.41
5767.80000 1540.58
5767.90000 1548.29
5768.00000 1544.91
5768.10000 1547.70
5768.20000 1553.49
5768.30000 1557.81
5768.40000 1547.14
5768.50000 1542.91
5768.60000 1551.78
5768.70000 1557.43
5768.80000 1554.85
5768.90000 1546.50
5769.00000 1550.09
5769.10000 1551.74
5769.20000 1556.84
5769.30000 1543.70
5769.40000 1532.77
5769.50000 1521.06
5769.60000 1527.20
5769.70000 1523.80
5769.80000 1534.32
5769.90000 1516.09
5770.00000 1543.19
5770.10000 1534.76
5770.20000 1527.00
5770.30000 1526.57
5770.40000 1526.93
5770.50000 1524.91
5770.60000 1531.55
5770.70000 1538.85
5770.80000 1532.75
5770.90000 1542.68
5771.00000 1525.01
5771.10000 1554.31
5771.20000 1545.08
5771.30000 1536.94
5771.40000 1535.28
5771.50000 1547.98
5771.60000 1529.41
5771.70000 1532.28
5771.80000 1520.71
5771.90000 1524.37
5772.00000 1516.71
5772.10000 1527.72
5772.20000 1525.33
5772.30000 1533.63
5772.40000 1540.86
5772.50000 1515.86
5772.60000 1521.74
5772.70000 1530.86
5772.80000 1521.93
5772.90000 1516.46
5773.00000 1513.71
5773.10000 1507.73
5773.20000 1506.06
5773.30000 1518.20
5773.40000 1506.22
5773.50000 1521.06
5773.60000 1530.04
5773.70000 1515.57
5773.80000 1529.36
5773.90000 1537.31
5774.00000 1536.91
5774.10000 1522.29
5774.20000 1524.20
5774.30000 1531.26
5774.40000 1533.24
5774.50000 1535.36
5774.60000 1533.04
5774.70000 1529.68
5774.80000 1540.06
5774.90000 1548.38
5775.00000 1521.41
5775.10000 1541.98
5775.20000 1538.55
5775.30000 1540.28
5775.40000 1536.79
5775.50000 1531.66
5775.60000 1533.18
5775.70000 1534.05
5775.80000 1533.39
5775.90000 1518.54
5776.00000 1542.82
5776.10000 1522.53
5776.20000 1516.40
5776.30000 1522.95
5776.40000 1520.33
5776.50000 1529.11
5776.60000 1510.30
5776.70000 1522.91
5776.80000 1510.30
5776.90000 1528.61
5777.00000 1526.29
5777.10000 1527.53
5777.20000 1537.78
5777.30000 1543.93
5777.40000 1519.03
5777.50000 1526.66
5777.60000 1533.41
5777.70000 1524.25
5777.80000 1522.15
5777.90000 1523.77
5778.00000 1528.04
5778.10000 1526.52
5778.20000 1521.55
5778.30000 1517.43
5778.40000 1531.85
5778.50000 1520.60
5778.60000 1531.21
5778.70000 1526.05
5778.80000 1515.69
5778.90000 1532.45
5779.00000 1515.76
5779.10000 1501.16
5779.20000 1511.04
5779.30000 1499.33
5779.40000 1503.31
5779.50000 1496.54
5779.60000 1466.31
5779.70000 1448.03
5779.80000 1436.47
5779.90000 1404.62
5780.00000 1383.69
5780.10000 1379.61
5780.20000 1349.14
5780.30000 1349.60
5780.40000 1340.94
5780.50000 1336.11
5780.60000 1299.46
5780.70000 1295.12
5780.80000 1290.53
5780.90000 1293.67
5781.00000 1288.00
5781.10000 1282.27
5781.20000 1306.59
5781.30000 1321.18
5781.40000 1316.50
5781.50000 1346.19
5781.60000 1363.08
5781.70000 1375.74
5781.80000 1403.03
5781.90000 1420.62
5782.00000 1410.51
5782.10000 1437.52
5782.20000 1441.25
5782.30000 1453.25
5782.40000 1463.35
5782.50000 1464.18
5782.60000 1460.15
5782.70000 1481.77
5782.80000 1484.92
5782.90000 1498.70
5783.00000 1495.02
5783.10000 1512.54
5783.20000 1516.08
5783.30000 1511.80
5783.40000 1533.43
5783.50000 1496.75
5783.60000 1510.07
5783.70000 1519.39
5783.80000 1535.53
5783.90000 1541.16
5784.00000 1534.39
5784.10000 1536.63
5784.20000 1540.76
5784.30000 1527.39
5784.40000 1527.33
5784.50000 1539.75
5784.60000 1529.54
5784.70000 1527.00
5784.80000 1542.75
5784.90000 1536.78
5785.00000 1529.04
5785.10000 1523.03
5785.20000 1524.43
5785.30000 1520.14
5785.40000 1532.79
5785.50000 1527.17
5785.60000 1531.38
5785.70000 1515.99
5785.80000 1525.88
5785.90000 1502.45
5786.00000 1512.71
5786.10000 1538.13
5786.20000 1535.64
5786.30000 1521.85
5786.40000 1538.46
5786.50000 1540.56
5786.60000 1525.59
5786.70000 1530.16
5786.80000 1534.97
5786.90000 1528.80
5787.00000 1538.67
5787.10000 1551.79
5787.20000 1533.18
5787.30000 1530.27
5787.40000 1533.41
5787.50000 1546.51
5787.60000 1525.16
5787.70000 1536.59
5787.80000 1531.56
5787.90000 1534.90
5788.00000 1521.63
5788.10000 1533.36
5788.20000 1534.92
5788.30000 1549.55
5788.40000 1539.52
5788.50000 1523.10
5788.60000 1539.58
5788.70000 1525.81
5788.80000 1531.43
5788.90000 1531.35
5789.00000 1547.05
5789.10000 1539.17
5789.20000 1541.06
5789.30000 1530.50
5789.40000 1514.06
5789.50000 1524.67
5789.60000 1540.23
5789.70000 1529.37
5789.80000 1528.52
5789.90000 1556.53
5790.00000 1539.49
5790.10000 1548.02
5790.20000 1548.66
5790.30000 1543.50
5790.40000 1550.79
5790.50000 1553.20
5790.60000 1539.63
5790.70000 1543.22
5790.80000 1555.57
5790.90000 1541.86
5791.00000 1551.08
5791.10000 1563.91
5791.20000 1558.98
5791.30000 1552.01
5791.40000 1546.41
5791.50000 1554.43
5791.60000 1558.89
5791.70000 1561.56
5791.80000 1545.89
5791.90000 1551.20
5792.00000 1564.58
5792.10000 1555.66
5792.20000 1565.53
5792.30000 1561.14
5792.40000 1555.10
5792.50000 1542.43
5792.60000 1558.91
5792.70000 1564.03
5792.80000 1549.33
5792.90000 1565.22
5793.00000 1545.51
5793.10000 1560.58
5793.20000 1544.66
5793.30000 1547.63
5793.40000 1552.60
5793.50000 1535.66
5793.60000 1536.48
5793.70000 1541.11
5793.80000 1533.48
5793.90000 1538.54
5794.00000 1539.72
5794.10000 1553.43
5794.20000 1551.45
5794.30000 1557.46
5794.40000 1547.33
5794.50000 1562.90
5794.60000 1549.70
5794.70000 1551.87
5794.80000 1553.33
5794.90000 1559.57
5795.00000 1536.34
5795.10000 1568.05
5795.20000 1547.60
5795.30000 1547.19
5795.40000 1532.56
5795.50000 1546.91
5795.60000 1535.92
5795.70000 1544.42
5795.80000 1539.84
5795.90000 1556.75
5796.00000 1550.44
5796.10000 1538.52
5796.20000 1551.71
5796.30000 1540.88
5796.40000 1560.71
5796.50000 1543.43
5796.60000 1546.59
5796.70000 1538.86
5796.80000 1554.03
5796.90000 1543.74
5797.00000 1536.13
5797.10000 1498.48
5797.20000 1458.25
5797.30000 1370.26
5797.40000 1265.34
5797.50000 1268.04
5797.60000 1292.71
5797.70000 1299.32
5797.80000 1364.46
5797.90000 1413.73
5798.00000 1442.79
5798.10000 1450.01
5798.20000 1481.55
5798.30000 1525.68
5798.40000 1532.12
5798.50000 1530.04
5798.60000 1521.70
5798.70000 1534.32
5798.80000 1527.22
5798.90000 1549.13
5799.00000 1549.93
5799.10000 1556.04
5799.20000 1568.10
5799.30000 1557.78
5799.40000 1550.63
5799.50000 1549.55
5799.60000 1590.04
5799.70000 1576.44
5799.80000 1552.66
5799.90000 1556.47
5800.00000 1568.36
5800.10000 1562.69
5800.20000 1574.96
5800.30000 1564.41
5800.40000 1549.85
5800.50000 1563.05
5800.60000 1560.48
5800.70000 1561.83
5800.80000 1569.99
5800.90000 1569.11
5801.00000 1560.09
5801.10000 1560.78
5801.20000 1550.27
5801.30000 1553.41
5801.40000 1550.62
5801.50000 1554.90
5801.60000 1564.39
5801.70000 1554.50
5801.80000 1565.29
5801.90000 1550.35
5802.00000 1556.15
5802.10000 1542.90
5802.20000 1580.28
5802.30000 1561.43
5802.40000 1561.29
5802.50000 1565.31
5802.60000 1565.71
5802.70000 1563.32
5802.80000 1552.77
5802.90000 1561.45
5803.00000 1568.72
5803.10000 1558.38
5803.20000 1559.00
5803.30000 1559.84
5803.40000 1567.70
5803.50000 1560.67
5803.60000 1554.86
5803.70000 1579.73
5803.80000 1572.97
5803.90000 1542.34
5804.00000 1564.62
5804.10000 1568.97
5804.20000 1566.27
5804.30000 1570.28
5804.40000 1566.45
5804.50000 1568.10
5804.60000 1565.44
5804.70000 1575.22
5804.80000 1548.33
5804.90000 1561.48
5805.00000 1567.95
5805.10000 1554.75
5805.20000 1564.56
5805.30000 1577.19
5805.40000 1580.59
5805.50000 1566.05
5805.60000 1561.87
5805.70000 1567.97
5805.80000 1565.88
5805.90000 1558.54
5806.00000 1558.41
5806.10000 1562.96
5806.20000 1545.03
5806.30000 1550.84
5806.40000 1574.26
5806.50000 1564.96
5806.60000 1569.54
5806.70000 1571.61
5806.80000 1573.98
5806.90000 1550.37
5807.00000 1553.76
5807.10000 1552.72
5807.20000 1557.95
5807.30000 1565.65
5807.40000 1586.96
5807.50000 1569.61
5807.60000 1573.84
5807.70000 1573.14
5807.80000 1568.62
5807.90000 1570.51
5808.00000 1565.25
5808.10000 1562.57
5808.20000 1575.29
5808.30000 1566.01
5808.40000 1571.36
5808.50000 1560.49
5808.60000 1567.46
5808.70000 1561.76
5808.80000 1557.19
5808.90000 1552.40
5809.00000 1570.20
5809.10000 1564.68
5809.20000 1564.36
5809.30000 1551.24
5809.40000 1559.56
5809.50000 1547.63
5809.60000 1548.97
5809.70000 1548.79
5809.80000 1556.01
5809.90000 1564.18
5810.00000 1552.28
5810.10000 1541.45
5810.20000 1564.31
5810.30000 1566.96
5810.40000 1564.27
5810.50000 1569.33
5810.60000 1568.50
5810.70000 1574.08
5810.80000 1583.90
5810.90000 1572.36
5811.00000 1564.92
5811.10000 1575.70
5811.20000 1570.62
5811.30000 1577.40
5811.40000 1576.21
5811.50000 1567.76
5811.60000 1578.64
5811.70000 1577.13
5811.80000 1560.13
5811.90000 1566.36
5812.00000 1579.99
5812.10000 1561.49
5812.20000 1567.73
5812.30000 1557.99
5812.40000 1567.29
5812.50000 1580.87
5812.60000 1573.50
5812.70000 1575.58
5812.80000 1577.20
5812.90000 1560.14
5813.00000 1565.56
5813.10000 1566.50
5813.20000 1575.79
5813.30000 1579.13
5813.40000 1568.90
5813.50000 1580.63
5813.60000 1568.06
5813.70000 1582.63
5813.80000 1583.34
5813.90000 1573.28
5814.00000 1557.63
5814.10000 1566.15
5814.20000 1573.01
5814.30000 1570.64
5814.40000 1576.72
5814.50000 1568.72
5814.60000 1563.72
5814.70000 1554.76
5814.80000 1575.82
5814.90000 1576.86
5815.00000 1569.81
5815.10000 1551.38
5815.20000 1561.54
5815.30000 1571.09
5815.40000 1568.01
5815.50000 1572.69
5815.60000 1587.71
5815.70000 1569.68
5815.80000 1562.32
5815.90000 1573.18
5816.00000 1570.46
5816.10000 1550.96
5816.20000 1565.92
5816.30000 1574.50
5816.40000 1569.58
5816.50000 1582.41
5816.60000 1580.33
5816.70000 1558.85
5816.80000 1570.90
5816.90000 1568.43
5817.00000 1562.68
5817.10000 1575.78
5817.20000 1582.67
5817.30000 1584.74
5817.40000 1572.41
5817.50000 1575.04
5817.60000 1588.07
5817.70000 1579.97
5817.80000 1580.39
5817.90000 1557.10
5818.00000 1573.23
5818.10000 1555.77
5818.20000 1556.37
5818.30000 1558.85
5818.40000 1572.14
5818.50000 1560.00
5818.60000 1582.10
5818.70000 1575.25
5818.80000 1573.50
5818.90000 1564.97
5819.00000 1556.21
5819.10000 1559.15
5819.20000 1552.62
5819.30000 1566.55
5819.40000 1590.45
5819.50000 1566.74
5819.60000 1566.62
5819.70000 1560.86
5819.80000 1567.71
5819.90000 1569.44
5820.00000 1577.43
5820.10000 1573.51
5820.20000 1578.87
5820.30000 1577.80
5820.40000 1572.44
5820.50000 1584.11
5820.60000 1569.69
5820.70000 1568.90
5820.80000 1573.09
5820.90000 1569.70
5821.00000 1575.10
5821.10000 1568.48
5821.20000 1563.39
5821.30000 1561.21
5821.40000 1576.54
5821.50000 1568.92
5821.60000 1580.23
5821.70000 1567.86
5821.80000 1569.94
5821.90000 1582.74
5822.00000 1572.83
5822.10000 1590.37
5822.20000 1577.88
5822.30000 1573.06
5822.40000 1573.90
5822.50000 1580.93
5822.60000 1556.93
5822.70000 1565.95
5822.80000 1577.98
5822.90000 1573.64
5823.00000 1584.04
5823.10000 1573.74
5823.20000 1585.75
5823.30000 1573.42
5823.40000 1561.85
5823.50000 1573.23
5823.60000 1573.57
5823.70000 1575.29
5823.80000 1575.66
5823.90000 1574.66
5824.00000 1570.91
5824.10000 1560.21
5824.20000 1579.04
5824.30000 1572.71
5824.40000 1560.90
5824.50000 1575.63
5824.60000 1583.19
5824.70000 1575.44
5824.80000 1586.34
5824.90000 1574.31
5825.00000 1575.56
5825.10000 1576.56
5825.20000 1563.21
5825.30000 1571.42
5825.40000 1578.49
5825.50000 1583.34
5825.60000 1574.87
5825.70000 1568.22
5825.80000 1575.83
5825.90000 1566.12
5826.00000 1556.89
5826.10000 1568.20
5826.20000 1574.47
5826.30000 1568.15
5826.40000 1577.98
5826.50000 1568.69
5826.60000 1565.84
5826.70000 1561.97
5826.80000 1568.70
5826.90000 1570.58
5827.00000 1568.44
5827.10000 1562.93
5827.20000 1566.89
5827.30000 1578.65
5827.40000 1563.20
5827.50000 1573.26
5827.60000 1577.80
5827.70000 1559.38
5827.80000 1563.30
5827.90000 1564.07
5828.00000 1565.68
5828.10000 1568.37
5828.20000 1556.21
5828.30000 1565.44
5828.40000 1572.03
5828.50000 1568.74
5828.60000 1560.60
5828.70000 1560.60
5828.80000 1555.07
5828.90000 1555.29
5829.00000 1547.39
5829.10000 1556.66
5829.20000 1554.25
5829.30000 1550.35
5829.40000 1561.03
5829.50000 1561.06
5829.60000 1568.70
5829.70000 1574.45
5829.80000 1571.41
5829.90000 1565.56
5830.00000 1572.96
5830.10000 1582.14
5830.20000 1565.75
5830.30000 1573.45
5830.40000 1577.98
5830.50000 1569.81
5830.60000 1564.98
5830.70000 1581.79
5830.80000 1574.24
5830.90000 1578.71
5831.00000 1574.08
5831.10000 1563.88
5831.20000 1569.66
5831.30000 1568.93
5831.40000 1562.84
5831.50000 1564.56
5831.60000 1568.92
5831.70000 1569.76
5831.80000 1568.83
5831.90000 1563.71
5832.00000 1570.76
5832.10000 1574.44
5832.20000 1566.66
5832.30000 1578.96
5832.40000 1567.99
5832.50000 1571.53
5832.60000 1561.94
5832.70000 1577.30
5832.80000 1568.01
5832.90000 1561.99
5833.00000 1568.42
5833.10000 1572.03
5833.20000 1573.43
5833.30000 1575.99
5833.40000 1584.03
5833.50000 1564.08
5833.60000 1568.71
5833.70000 1571.35
5833.80000 1562.98
5833.90000 1565.37
5834.00000 1570.99
5834.10000 1563.25
5834.20000 1573.29
5834.30000 1573.82
5834.40000 1564.68
5834.50000 1556.12
5834.60000 1555.58
5834.70000 1569.21
5834.80000 1562.00
5834.90000 1560.30
5835.00000 1559.64
5835.10000 1570.83
5835.20000 1571.11
5835.30000 1568.92
5835.40000 1570.38
5835.50000 1565.72
5835.60000 1563.70
5835.70000 1571.94
5835.80000 1566.57
5835.90000 1567.53
5836.00000 1565.80
5836.10000 1568.90
5836.20000 1577.74
5836.30000 1552.85
5836.40000 1573.87
5836.50000 1570.40
5836.60000 1586.47
5836.70000 1576.72
5836.80000 1576.19
5836.90000 1573.81
5837.00000 1573.34
5837.10000 1567.88
5837.20000 1561.12
5837.30000 1572.18
5837.40000 1572.20
5837.50000 1568.93
5837.60000 1581.49
5837.70000 1574.27
5837.80000 1578.63
5837.90000 1568.94
5838.00000 1560.28
5838.10000 1572.79
5838.20000 1570.84
5838.30000 1571.54
5838.40000 1560.67
5838.50000 1561.77
5838.60000 1558.46
5838.70000 1556.40
5838.80000 1571.22
5838.90000 1570.48
5839.00000 1566.77
5839.10000 1559.86
5839.20000 1563.85
5839.30000 1583.67
5839.40000 1575.51
5839.50000 1568.14
5839.60000 1565.16
5839.70000 1564.16
5839.80000 1563.62
5839.90000 1567.71
5840.00000 1563.57
5840.10000 1562.70
5840.20000 1566.68
5840.30000 1571.41
5840.40000 1573.82
5840.50000 1581.71
5840.60000 1566.16
5840.70000 1570.23
5840.80000 1565.84
5840.90000 1577.51
5841.00000 1569.20
5841.10000 1554.50
5841.20000 1541.00
5841.30000 1552.47
5841.40000 1552.53
5841.50000 1556.20
5841.60000 1559.91
5841.70000 1558.72
5841.80000 1560.14
5841.90000 1564.11
5842.00000 1569.20
5842.10000 1553.10
5842.20000 1567.84
5842.30000 1575.24
5842.40000 1568.43
5842.50000 1548.24
5842.60000 1548.68
5842.70000 1559.00
5842.80000 1564.42
5842.90000 1549.40
5843.00000 1542.07
5843.10000 1544.81
5843.20000 1561.65
5843.30000 1559.79
5843.40000 1559.58
5843.50000 1557.67
5843.60000 1561.62
5843.70000 1567.77
5843.80000 1564.50
5843.90000 1566.53
5844.00000 1553.67
5844.10000 1545.73
5844.20000 1550.59
5844.30000 1563.02
5844.40000 1571.93
5844.50000 1565.32
5844.60000 1555.74
5844.70000 1577.43
5844.80000 1563.61
5844.90000 1555.88
5845.00000 1567.02
5845.10000 1548.42
5845.20000 1553.48
5845.30000 1545.45
5845.40000 1545.66
5845.50000 1543.82
5845.60000 1546.34
5845.70000 1547.74
5845.80000 1549.99
5845.90000 1550.74
5846.00000 1552.62
5846.10000 1596.20
5846.20000 1595.19
5846.30000 1551.91
5846.40000 1559.66
5846.50000 1563.22
5846.60000 1569.19
5846.70000 1560.73
5846.80000 1566.39
5846.90000 1577.03
5847.00000 1575.01
5847.10000 1569.34
5847.20000 1560.22
5847.30000 1569.14
5847.40000 1551.86
5847.50000 1562.79
5847.60000 1568.50
5847.70000 1575.60
5847.80000 1561.57
5847.90000 1560.43
5848.00000 1570.38
5848.10000 1566.62
5848.20000 1568.48
5848.30000 1561.50
5848.40000 1563.66
5848.50000 1567.83
5848.60000 1565.02
5848.70000 1568.44
5848.80000 1557.33
5848.90000 1555.00
5849.00000 1571.32
5849.10000 1554.28
5849.20000 1560.98
5849.30000 1574.23
5849.40000 1572.46
5849.50000 1550.09
5849.60000 1558.83
5849.70000 1546.07
5849.80000 1532.11
5849.90000 1503.92
5850.00000 1474.04
5850.10000 1472.05
5850.20000 1454.96
5850.30000 1438.34
5850.40000 1434.94
5850.50000 1450.25
5850.60000 1456.89
5850.70000 1489.17
5850.80000 1517.94
5850.90000 1547.25
5851.00000 1548.09
5851.10000 1564.54
5851.20000 1549.63
5851.30000 1549.49
5851.40000 1543.91
5851.50000 1568.92
5851.60000 1550.64
5851.70000 1550.38
5851.80000 1545.19
5851.90000 1562.95
5852.00000 1571.98
5852.10000 1577.03
5852.20000 1568.24
5852.30000 1561.40
5852.40000 1573.21
5852.50000 1568.03
5852.60000 1563.31
5852.70000 1570.26
5852.80000 1560.61
5852.90000 1568.88
5853.00000 1560.33
5853.10000 1571.31
5853.20000 1552.66
5853.30000 1559.98
5853.40000 1560.43
5853.50000 1554.01
5853.60000 1567.42
5853.70000 1569.94
5853.80000 1574.22
5853.90000 1570.42
5854.00000 1564.40
5854.10000 1563.52
5854.20000 1575.44
5854.30000 1561.73
5854.40000 1573.89
5854.50000 1576.75
5854.60000 1581.49
5854.70000 1566.09
5854.80000 1553.27
5854.90000 1582.07
5855.00000 1563.62
5855.10000 1550.40
5855.20000 1560.11
5855.30000 1553.72
5855.40000 1544.03
5855.50000 1554.54
5855.60000 1564.82
5855.70000 1566.06
5855.80000 1554.27
5855.90000 1561.00
5856.00000 1563.37
5856.10000 1560.75
5856.20000 1553.67
5856.30000 1557.69
5856.40000 1562.66
5856.50000 1568.04
5856.60000 1565.22
5856.70000 1564.53
5856.80000 1564.86
5856.90000 1573.34
5857.00000 1564.73
5857.10000 1561.59
5857.20000 1564.04
5857.30000 1583.90
5857.40000 1585.65
5857.50000 1566.00
5857.60000 1578.01
5857.70000 1568.22
5857.80000 1557.19
5857.90000 1569.61
5858.00000 1576.98
5858.10000 1564.76
5858.20000 1565.73
5858.30000 1572.98
5858.40000 1564.89
5858.50000 1566.88
5858.60000 1571.44
5858.70000 1566.59
5858.80000 1570.76
5858.90000 1578.48
5859.00000 1571.13
5859.10000 1569.20
5859.20000 1552.40
5859.30000 1561.29
5859.40000 1550.47
5859.50000 1543.68
5859.60000 1556.24
5859.70000 1572.21
5859.80000 1565.48
5859.90000 1570.15
5860.00000 1573.51
5860.10000 1543.04
5860.20000 1514.23
5860.30000 1556.00
5860.40000 1561.14
5860.50000 1586.07
5860.60000 1578.96
5860.70000 1564.76
5860.80000 1568.48
5860.90000 1568.81
5861.00000 1565.89
5861.10000 1560.68
5861.20000 1565.15
5861.30000 1563.42
5861.40000 1578.56
5861.50000 1565.40
5861.60000 1560.64
5861.70000 1553.69
5861.80000 1564.19
5861.90000 1552.25
5862.00000 1569.27
5862.10000 1561.64
5862.20000 1552.11
5862.30000 1555.31
5862.40000 1565.57
5862.50000 1565.14
5862.60000 1566.87
5862.70000 1556.95
5862.80000 1562.46
5862.90000 1562.87
5863.00000 1568.30
5863.10000 1557.93
5863.20000 1560.27
5863.30000 1563.51
5863.40000 1556.07
5863.50000 1555.95
5863.60000 1559.89
5863.70000 1563.81
5863.80000 1559.33
5863.90000 1569.38
5864.00000 1561.83
5864.10000 1560.11
5864.20000 1567.57
5864.30000 1571.55
5864.40000 1559.51
5864.50000 1566.75
5864.60000 1554.64
5864.70000 1554.98
5864.80000 1558.54
5864.90000 1548.45
5865.00000 1548.85
5865.10000 1563.62
5865.20000 1557.20
5865.30000 1549.64
5865.40000 1555.32
5865.50000 1547.98
5865.60000 1556.84
5865.70000 1568.18
5865.80000 1567.58
5865.90000 1562.67
5866.00000 1554.20
5866.10000 1555.54
5866.20000 1546.75
5866.30000 1553.54
5866.40000 1555.04
5866.50000 1552.48
5866.60000 1552.39
5866.70000 1555.11
5866.80000 1565.12
5866.90000 1562.48
5867.00000 1554.17
5867.10000 1557.33
5867.20000 1563.78
5867.30000 1558.61
5867.40000 1558.21
5867.50000 1557.16
5867.60000 1573.82
5867.70000 1560.31
5867.80000 1574.08
5867.90000 1557.48
5868.00000 1563.91
5868.10000 1544.15
5868.20000 1524.70
5868.30000 1561.05
5868.40000 1546.88
5868.50000 1542.51
5868.60000 1551.59
5868.70000 1531.57
5868.80000 1540.62
5868.90000 1547.02
5869.00000 1527.84
5869.10000 1546.68
5869.20000 1525.94
5869.30000 1521.80
5869.40000 1533.49
5869.50000 1521.54
5869.60000 1546.31
5869.70000 1533.61
5869.80000 1540.89
5869.90000 1521.39
5870.00000 1526.84
5870.10000 1528.17
5870.20000 1538.22
5870.30000 1532.32
5870.40000 1519.27
5870.50000 1543.13
5870.60000 1545.90
5870.70000 1543.03
5870.80000 1530.72
5870.90000 1550.57
5871.00000 1546.55
5871.10000 1526.94
5871.20000 1504.34
5871.30000 1517.64
5871.40000 1547.45
5871.50000 1544.92
5871.60000 1537.81
5871.70000 1529.31
5871.80000 1517.79
5871.90000 1540.87
5872.00000 1550.97
5872.10000 1557.36
5872.20000 1566.78
5872.30000 1564.06
5872.40000 1545.97
5872.50000 1567.99
5872.60000 1590.19
5872.70000 1578.47
5872.80000 1582.12
5872.90000 1595.15
5873.00000 1599.60
5873.10000 1619.26
5873.20000 1629.09
5873.30000 1616.28
5873.40000 1636.69
5873.50000 1633.35
5873.60000 1643.84
5873.70000 1640.56
5873.80000 1647.33
5873.90000 1650.40
5874.00000 1672.59
5874.10000 1641.95
5874.20000 1657.20
5874.30000 1661.44
5874.40000 1662.71
5874.50000 1653.48
5874.60000 1632.13
5874.70000 1619.55
5874.80000 1635.68
5874.90000 1622.54
5875.00000 1628.18
5875.10000 1608.84
5875.20000 1608.74
5875.30000 1612.69
5875.40000 1614.34
5875.50000 1599.43
5875.60000 1570.56
5875.70000 1553.63
5875.80000 1565.53
5875.90000 1578.39
5876.00000 1552.41
5876.10000 1522.16
5876.20000 1527.41
5876.30000 1555.87
5876.40000 1568.82
5876.50000 1562.56
5876.60000 1531.10
5876.70000 1487.09
5876.80000 1552.24
5876.90000 1545.69
5877.00000 1504.95
5877.10000 1570.77
5877.20000 1591.64
5877.30000 1595.67
5877.40000 1591.57
5877.50000 1595.12
5877.60000 1613.28
5877.70000 1612.67
5877.80000 1599.10
5877.90000 1605.09
5878.00000 1630.46
5878.10000 1633.93
5878.20000 1655.60
5878.30000 1664.52
5878.40000 1659.86
5878.50000 1676.48
5878.60000 1668.82
5878.70000 1662.68
5878.80000 1660.96
5878.90000 1637.56
5879.00000 1632.07
5879.10000 1641.36
5879.20000 1638.04
5879.30000 1635.51
5879.40000 1636.98
5879.50000 1633.25
5879.60000 1626.56
5879.70000 1614.77
5879.80000 1576.64
5879.90000 1638.06
5880.00000 1605.41
5880.10000 1555.00
5880.20000 1514.59
5880.30000 1523.25
5880.40000 1598.94
5880.50000 1578.06
5880.60000 1590.98
5880.70000 1586.74
5880.80000 1595.03
5880.90000 1578.71
5881.00000 1576.16
5881.10000 1559.93
5881.20000 1580.48
5881.30000 1534.21
5881.40000 1547.17
5881.50000 1478.81
5881.60000 1505.62
5881.70000 1526.85
5881.80000 1563.15
5881.90000 1551.86
5882.00000 1560.24
5882.10000 1556.47
5882.20000 1557.95
5882.30000 1537.51
5882.40000 1470.32
5882.50000 1472.19
5882.60000 1521.68
5882.70000 1555.67
5882.80000 1552.71
5882.90000 1531.79
5883.00000 1520.26
5883.10000 1514.27
5883.20000 1557.85
5883.30000 1503.91
5883.40000 1491.02
5883.50000 1524.56
5883.60000 1524.14
5883.70000 1548.28
5883.80000 1568.91
5883.90000 1560.70
5884.00000 1564.26
5884.10000 1566.03
5884.20000 1575.48
5884.30000 1557.81
5884.40000 1454.54
5884.50000 1410.07
5884.60000 1553.68
5884.70000 1564.08
5884.80000 1537.16
5884.90000 1577.60
5885.00000 1574.74
5885.10000 1590.29
5885.20000 1585.90
5885.30000 1588.77
5885.40000 1579.12
5885.50000 1580.01
5885.60000 1590.31
5885.70000 1583.34
5885.80000 1579.69
5885.90000 1582.21
5886.00000 1559.08
5886.10000 1542.09
5886.20000 1537.48
5886.30000 1574.39
5886.40000 1571.41
5886.50000 1374.46
5886.60000 1448.01
5886.70000 1580.50
5886.80000 1586.39
5886.90000 1475.20
5887.00000 1528.71
5887.10000 1587.33
5887.20000 1555.26
5887.30000 1575.47
5887.40000 1593.87
5887.50000 1599.57
5887.60000 1601.28
5887.70000 1529.13
5887.80000 1376.32
5887.90000 1582.45
5888.00000 1615.47
5888.10000 1575.37
5888.20000 1438.36
5888.30000 1546.73
5888.40000 1581.11
5888.50000 1617.66
5888.60000 1641.22
5888.70000 1632.99
5888.80000 1635.56
5888.90000 1632.19
5889.00000 1619.11
5889.10000 1612.98
5889.20000 1543.68
5889.30000 1496.30
5889.40000 1559.81
5889.50000 1503.14
5889.60000 1515.78
5889.70000 1183.04
5889.80000 925.13
5889.90000 1152.80
5890.00000 744.94
5890.10000 909.24
5890.20000 605.06
5890.30000 41.50
5890.40000 5.47
5890.50000 38.93
5890.60000 413.89
5890.70000 840.47
5890.80000 754.14
5890.90000 1222.67
5891.00000 1405.76
5891.10000 1489.94
5891.20000 1554.97
5891.30000 1559.64
5891.40000 1585.23
5891.50000 1598.78
5891.60000 1606.59
5891.70000 1556.31
5891.80000 1588.78
5891.90000 1607.72
5892.00000 1562.58
5892.10000 1516.67
5892.20000 1340.72
5892.30000 1516.05
5892.40000 1624.97
5892.50000 1616.12
5892.60000 1625.56
5892.70000 1627.89
5892.80000 1633.80
5892.90000 1507.04
5893.00000 1503.13
5893.10000 1616.76
5893.20000 1624.80
5893.30000 1641.09
5893.40000 1622.15
5893.50000 1602.89
5893.60000 1511.17
5893.70000 1593.11
5893.80000 1628.72
5893.90000 1635.18
5894.00000 1578.44
5894.10000 1530.08
5894.20000 1609.92
5894.30000 1633.52
5894.40000 1631.10
5894.50000 1645.59
5894.60000 1641.40
5894.70000 1622.07
5894.80000 1636.65
5894.90000 1573.38
5895.00000 1581.50
5895.10000 1603.75
5895.20000 1609.41
5895.30000 1594.91
5895.40000 1585.70
5895.50000 1465.62
5895.60000 1505.74
5895.70000 1218.06
5895.80000 1232.08
5895.90000 1252.13
5896.00000 1061.68
5896.10000 1248.98
5896.20000 724.50
5896.30000 62.55
5896.40000 12.10
5896.50000 64.48
5896.60000 909.37
5896.70000 1100.75
5896.80000 1148.76
5896.90000 1396.90
5897.00000 1375.76
5897.10000 1465.83
5897.20000 1571.64
5897.30000 1546.55
5897.40000 1445.54
5897.50000 1560.48
5897.60000 1571.47
5897.70000 1580.42
5897.80000 1605.22
5897.90000 1587.30
5898.00000 1523.38
5898.10000 1553.96
5898.20000 1592.31
5898.30000 1589.26
5898.40000 1603.87
5898.50000 1573.23
5898.60000 1566.80
5898.70000 1341.78
5898.80000 1507.77
5898.90000 1573.78
5899.00000 1604.87
5899.10000 1631.60
5899.20000 1617.19
5899.30000 1604.20
5899.40000 1584.48
5899.50000 1517.33
5899.60000 1484.43
5899.70000 1587.53
5899.80000 1604.33
5899.90000 1594.02
5900.00000 1604.93
5900.10000 1604.46
5900.20000 1571.45
5900.30000 1577.48
5900.40000 1525.20
5900.50000 1359.16
5900.60000 1261.92
5900.70000 1497.60
5900.80000 1561.64
5900.90000 1572.26
5901.00000 1534.47
5901.10000 1560.04
5901.20000 1557.76
5901.30000 1577.34
5901.40000 1566.80
5901.50000 1540.16
5901.60000 1587.67
5901.70000 1573.75
5901.80000 1517.89
5901.90000 1518.32
5902.00000 1227.88
5902.10000 1416.92
5902.20000 1565.44
5902.30000 1582.95
5902.40000 1585.60
5902.50000 1586.82
5902.60000 1542.87
5902.70000 1470.49
5902.80000 1534.95
5902.90000 1581.57
5903.00000 1575.31
5903.10000 1577.62
5903.20000 1570.09
5903.30000 1563.14
5903.40000 1581.37
5903.50000 1595.10
5903.60000 1592.42
5903.70000 1589.28
5903.80000 1593.33
5903.90000 1603.92
5904.00000 1584.74
5904.10000 1496.31
5904.20000 1558.38
5904.30000 1552.53
5904.40000 1539.69
5904.50000 1546.06
5904.60000 1594.15
5904.70000 1596.74
5904.80000 1579.68
5904.90000 1568.13
5905.00000 1593.22
5905.10000 1588.41
5905.20000 1576.41
5905.30000 1577.35
5905.40000 1572.82
5905.50000 1590.44
5905.60000 1566.83
5905.70000 1529.75
5905.80000 1538.02
5905.90000 1508.48
5906.00000 1574.96
5906.10000 1569.45
5906.20000 1586.89
5906.30000 1580.47
5906.40000 1577.63
5906.50000 1570.83
5906.60000 1593.06
5906.70000 1573.40
5906.80000 1573.90
5906.90000 1576.65
5907.00000 1591.71
5907.10000 1607.29
5907.20000 1600.59
5907.30000 1603.67
5907.40000 1578.94
5907.50000 1586.42
5907.60000 1573.38
5907.70000 1568.84
5907.80000 1513.56
5907.90000 1531.30
5908.00000 1555.35
5908.10000 1574.43
5908.20000 1576.05
5908.30000 1557.07
5908.40000 1486.33
5908.50000 1552.15
5908.60000 1574.60
5908.70000 1525.87
5908.80000 1481.90
5908.90000 1551.95
5909.00000 1574.68
5909.10000 1572.58
5909.20000 1575.86
5909.30000 1573.21
5909.40000 1575.33
5909.50000 1476.90
5909.60000 1433.27
5909.70000 1570.84
5909.80000 1584.07
5909.90000 1580.10
5910.00000 1558.28
5910.10000 1579.12
5910.20000 1587.16
5910.30000 1588.06
5910.40000 1576.91
5910.50000 1569.70
5910.60000 1565.07
5910.70000 1501.48
5910.80000 1475.62
5910.90000 1528.68
5911.00000 1520.92
5911.10000 1528.20
5911.20000 1504.72
5911.30000 1410.89
5911.40000 1490.23
5911.50000 1547.73
5911.60000 1562.93
5911.70000 1575.15
5911.80000 1585.20
5911.90000 1602.74
5912.00000 1584.54
5912.10000 1594.76
5912.20000 1596.63
5912.30000 1583.82
5912.40000 1571.12
5912.50000 1567.83
5912.60000 1564.91
5912.70000 1590.31
5912.80000 1589.39
5912.90000 1589.40
5913.00000 1587.86
5913.10000 1565.74
5913.20000 1536.82
5913.30000 1540.37
5913.40000 1567.69
5913.50000 1493.62
5913.60000 1458.07
5913.70000 1566.37
5913.80000 1591.86
5913.90000 1606.81
5914.00000 1590.31
5914.10000 1596.26
5914.20000 1593.86
5914.30000 1594.70
5914.40000 1594.69
5914.50000 1566.48
5914.60000 1590.98
5914.70000 1517.56
5914.80000 1497.34
5914.90000 1581.92
5915.00000 1572.33
5915.10000 1578.66
5915.20000 1578.91
5915.30000 1580.86
5915.40000 1562.32
5915.50000 1491.32
5915.60000 1572.68
5915.70000 1582.42
5915.80000 1567.58
5915.90000 1571.17
5916.00000 1466.49
5916.10000 1529.76
5916.20000 1485.31
5916.30000 1571.40
5916.40000 1581.53
5916.50000 1583.95
5916.60000 1564.19
5916.70000 1579.14
5916.80000 1588.74
5916.90000 1591.51
5917.00000 1591.53
5917.10000 1541.27
5917.20000 1558.22
5917.30000 1577.06
5917.40000 1569.26
5917.50000 1583.75
5917.60000 1587.73
5917.70000 1584.61
5917.80000 1567.76
5917.90000 1541.31
5918.00000 1548.98
5918.10000 1587.40
5918.20000 1587.50
5918.30000 1580.73
5918.40000 1577.19
5918.50000 1555.61
5918.60000 1561.96
5918.70000 1574.95
5918.80000 1567.88
5918.90000 1470.59
5919.00000 1312.94
5919.10000 1510.68
5919.20000 1572.34
5919.30000 1573.26
5919.40000 1568.51
5919.50000 1479.06
5919.60000 1268.44
5919.70000 1453.28
5919.80000 1568.04
5919.90000 1573.88
5920.00000 1566.41
5920.10000 1489.02
5920.20000 1166.15
5920.30000 1471.54
5920.40000 1561.97
5920.50000 1567.77
5920.60000 1578.27
5920.70000 1563.41
5920.80000 1583.07
5920.90000 1588.08
5921.00000 1546.20
5921.10000 1444.92
5921.20000 1530.87
5921.30000 1573.40
5921.40000 1565.23
5921.50000 1573.91
5921.60000 1582.53
5921.70000 1552.35
5921.80000 1585.41
5921.90000 1572.30
5922.00000 1593.39
5922.10000 1582.00
5922.20000 1542.51
5922.30000 1570.67
5922.40000 1586.44
5922.50000 1580.89
5922.60000 1578.15
5922.70000 1569.84
5922.80000 1557.90
5922.90000 1505.87
5923.00000 1491.49
5923.10000 1398.42
5923.20000 1526.60
5923.30000 1519.72
5923.40000 1561.65
5923.50000 1576.45
5923.60000 1557.26
5923.70000 1538.30
5923.80000 1513.42
5923.90000 1526.25
5924.00000 1544.94
5924.10000 1507.72
5924.20000 1381.81
5924.30000 1404.00
5924.40000 1347.36
5924.50000 1515.69
5924.60000 1552.97
5924.70000 1543.20
5924.80000 1339.54
5924.90000 1411.46
5925.00000 1561.57
5925.10000 1557.32
5925.20000 1564.81
5925.30000 1556.82
5925.40000 1563.68
5925.50000 1468.75
5925.60000 1422.77
5925.70000 1549.73
5925.80000 1576.93
5925.90000 1560.80
5926.00000 1564.65
5926.10000 1573.79
5926.20000 1580.46
5926.30000 1565.31
5926.40000 1576.23
5926.50000 1569.87
5926.60000 1560.46
5926.70000 1575.14
5926.80000 1574.56
5926.90000 1589.35
5927.00000 1587.12
5927.10000 1570.56
5927.20000 1559.62
5927.30000 1587.02
5927.40000 1575.09
5927.50000 1584.20
5927.60000 1577.47
5927.70000 1599.94
5927.80000 1593.73
5927.90000 1586.00
5928.00000 1583.68
5928.10000 1577.19
5928.20000 1575.98
5928.30000 1568.92
5928.40000 1578.85
5928.50000 1578.67
5928.60000 1569.25
5928.70000 1573.23
5928.80000 1470.13
5928.90000 1454.39
5929.00000 1556.17
5929.10000 1582.46
5929.20000 1574.13
5929.30000 1573.05
5929.40000 1557.51
5929.50000 1552.89
5929.60000 1555.23
5929.70000 1541.42
5929.80000 1565.65
5929.90000 1569.87
5930.00000 1546.83
5930.10000 1576.52
5930.20000 1571.48
5930.30000 1588.27
5930.40000 1567.64
5930.50000 1565.13
5930.60000 1572.02
5930.70000 1578.11
5930.80000 1578.69
5930.90000 1579.41
5931.00000 1579.43
5931.10000 1561.16
5931.20000 1550.33
5931.30000 1572.48
5931.40000 1582.88
5931.50000 1562.05
5931.60000 1553.94
5931.70000 1590.45
5931.80000 1580.66
5931.90000 1586.07
5932.00000 1582.03
5932.10000 1570.38
5932.20000 1581.90
5932.30000 1592.05
5932.40000 1579.87
5932.50000 1559.89
5932.60000 1403.53
5932.70000 1362.80
5932.80000 1555.17
5932.90000 1575.54
5933.00000 1574.78
5933.10000 1570.77
5933.20000 1557.76
5933.30000 1448.93
5933.40000 1468.73
5933.50000 1571.63
5933.60000 1561.20
5933.70000 1569.11
5933.80000 1587.75
5933.90000 1590.59
5934.00000 1591.21
5934.10000 1581.78
5934.20000 1572.45
5934.30000 1565.92
5934.40000 1563.15
5934.50000 1563.33
5934.60000 1553.99
5934.70000 1542.86
5934.80000 1562.47
5934.90000 1580.74
5935.00000 1565.76
5935.10000 1568.95
5935.20000 1581.28
5935.30000 1570.26
5935.40000 1578.31
5935.50000 1588.27
5935.60000 1581.27
5935.70000 1565.68
5935.80000 1561.73
5935.90000 1579.68
5936.00000 1575.75
5936.10000 1574.13
5936.20000 1578.76
5936.30000 1533.79
5936.40000 1481.54
5936.50000 1562.24
5936.60000 1568.46
5936.70000 1572.32
5936.80000 1580.47
5936.90000 1589.34
5937.00000 1578.47
5937.10000 1582.77
5937.20000 1577.05
5937.30000 1589.48
5937.40000 1576.21
5937.50000 1566.10
5937.60000 1565.29
5937.70000 1574.32
5937.80000 1566.30
5937.90000 1557.17
5938.00000 1544.43
5938.10000 1575.33
5938.20000 1575.09
5938.30000 1579.05
5938.40000 1562.45
5938.50000 1521.94
5938.60000 1486.73
5938.70000 1545.53
5938.80000 1572.26
5938.90000 1568.69
5939.00000 1584.39
5939.10000 1575.29
5939.20000 1569.84
5939.30000 1579.14
5939.40000 1584.76
5939.50000 1583.01
5939.60000 1571.51
5939.70000 1573.66
5939.80000 1580.15
5939.90000 1579.16
5940.00000 1588.23
5940.10000 1586.57
5940.20000 1585.16
5940.30000 1583.96
5940.40000 1565.02
5940.50000 1530.52
5940.60000 1558.19
5940.70000 1558.40
5940.80000 1570.29
5940.90000 1528.77
5941.00000 1447.53
5941.10000 1552.21
5941.20000 1557.29
5941.30000 1578.28
5941.40000 1526.49
5941.50000 1507.94
5941.60000 1314.15
5941.70000 1335.13
5941.80000 1506.53
5941.90000 1553.99
5942.00000 1564.78
5942.10000 1520.96
5942.20000 1309.30
5942.30000 1528.44
5942.40000 1568.55
5942.50000 1580.47
5942.60000 1575.23
5942.70000 1574.36
5942.80000 1527.45
5942.90000 1463.27
5943.00000 1352.47
5943.10000 1265.88
5943.20000 1397.84
5943.30000 1530.23
5943.40000 1556.02
5943.50000 1580.40
5943.60000 1564.13
5943.70000 1565.99
5943.80000 1577.07
5943.90000 1579.39
5944.00000 1585.53
5944.10000 1568.85
5944.20000 1581.32
5944.30000 1581.35
5944.40000 1575.86
5944.50000 1581.70
5944.60000 1562.87
5944.70000 1571.63
5944.80000 1518.25
5944.90000 1443.57
5945.00000 1563.03
5945.10000 1584.19
5945.20000 1543.34
5945.30000 1470.31
5945.40000 1545.05
5945.50000 1562.20
5945.60000 1578.31
5945.70000 1560.56
5945.80000 1495.88
5945.90000 1490.99
5946.00000 1553.30
5946.10000 1537.80
5946.20000 1446.82
5946.30000 1515.08
5946.40000 1533.38
5946.50000 1396.51
5946.60000 1298.17
5946.70000 1530.63
5946.80000 1568.10
5946.90000 1569.94
5947.00000 1570.24
5947.10000 1569.29
5947.20000 1543.71
5947.30000 1535.34
5947.40000 1413.24
5947.50000 1483.56
5947.60000 1321.63
5947.70000 1426.68
5947.80000 1521.03
5947.90000 1518.36
5948.00000 1522.74
5948.10000 1561.92
5948.20000 1565.40
5948.30000 1576.41
5948.40000 1568.50
5948.50000 1588.92
5948.60000 1576.01
5948.70000 1563.81
5948.80000 1529.58
5948.90000 1558.15
5949.00000 1586.40
5949.10000 1579.97
5949.20000 1567.28
5949.30000 1525.76
5949.40000 1539.21
5949.50000 1542.92
5949.60000 1517.43
5949.70000 1361.44
5949.80000 1435.98
5949.90000 1550.38
5950.00000 1557.07
5950.10000 1566.01
5950.20000 1524.23
5950.30000 1516.89
5950.40000 1460.42
5950.50000 1558.76
5950.60000 1574.06
5950.70000 1556.43
5950.80000 1568.93
5950.90000 1514.80
5951.00000 1578.53
5951.10000 1596.17
5951.20000 1587.37
5951.30000 1578.61
5951.40000 1571.78
5951.50000 1543.66
5951.60000 1570.41
5951.70000 1591.28
5951.80000 1582.47
5951.90000 1582.21
5952.00000 1542.18
5952.10000 1516.64
5952.20000 1580.05
5952.30000 1588.82
5952.40000 1587.00
5952.50000 1598.90
5952.60000 1577.33
5952.70000 1587.17
5952.80000 1576.61
5952.90000 1575.94
5953.00000 1588.43
5953.10000 1577.68
5953.20000 1598.15
5953.30000 1572.30
5953.40000 1561.29
5953.50000 1574.48
5953.60000 1583.77
5953.70000 1585.39
5953.80000 1580.06
5953.90000 1589.20
5954.00000 1562.81
5954.10000 1578.92
5954.20000 1587.31
5954.30000 1587.62
5954.40000 1594.16
5954.50000 1594.10
5954.60000 1605.26
5954.70000 1591.31
5954.80000 1592.79
5954.90000 1577.01
5955.00000 1578.51
5955.10000 1591.04
5955.20000 1592.87
5955.30000 1607.40
5955.40000 1586.27
5955.50000 1446.94
5955.60000 1550.16
5955.70000 1595.10
5955.80000 1603.61
5955.90000 1601.53
5956.00000 1616.66
5956.10000 1600.23
5956.20000 1598.09
5956.30000 1611.02
5956.40000 1584.28
5956.50000 1597.64
5956.60000 1589.12
5956.70000 1591.59
5956.80000 1587.26
5956.90000 1489.49
5957.00000 1555.88
5957.10000 1597.29
5957.20000 1597.07
5957.30000 1563.06
5957.40000 1555.12
5957.50000 1600.00
5957.60000 1590.65
5957.70000 1599.41
5957.80000 1589.22
5957.90000 1605.00
5958.00000 1605.14
5958.10000 1591.29
5958.20000 1593.06
5958.30000 1588.98
5958.40000 1440.86
5958.50000 1449.95
5958.60000 1582.78
5958.70000 1551.11
5958.80000 1442.22
5958.90000 1522.89
5959.00000 1551.45
5959.10000 1513.13
5959.20000 1388.21
5959.30000 1536.02
5959.40000 1559.84
5959.50000 1571.22
5959.60000 1561.56
5959.70000 1564.63
5959.80000 1561.80
5959.90000 1573.69
5960.00000 1584.38
5960.10000 1596.17
5960.20000 1603.96
5960.30000 1591.56
5960.40000 1589.86
5960.50000 1557.53
5960.60000 1564.22
5960.70000 1599.59
5960.80000 1602.58
5960.90000 1596.11
5961.00000 1590.65
5961.10000 1591.38
5961.20000 1595.83
5961.30000 1576.92
5961.40000 1573.15
5961.50000 1591.45
5961.60000 1600.76
5961.70000 1589.27
5961.80000 1579.74
5961.90000 1581.80
5962.00000 1552.55
5962.10000 1577.97
5962.20000 1570.41
5962.30000 1573.05
5962.40000 1569.73
5962.50000 1591.07
5962.60000 1589.00
5962.70000 1561.11
5962.80000 1579.19
5962.90000 1572.00
5963.00000 1492.38
5963.10000 1537.23
5963.20000 1570.08
5963.30000 1568.24
5963.40000 1589.66
5963.50000 1592.17
5963.60000 1582.73
5963.70000 1570.73
5963.80000 1571.27
5963.90000 1589.35
5964.00000 1585.94
5964.10000 1570.60
5964.20000 1576.06
5964.30000 1576.23
5964.40000 1584.49
5964.50000 1590.27
5964.60000 1586.55
5964.70000 1593.94
5964.80000 1580.02
5964.90000 1564.89
5965.00000 1582.99
5965.10000 1585.80
5965.20000 1583.89
5965.30000 1585.30
5965.40000 1570.87
5965.50000 1552.10
5965.60000 1571.22
5965.70000 1565.28
5965.80000 1563.68
5965.90000 1581.04
5966.00000 1565.27
5966.10000 1576.56
5966.20000 1582.62
5966.30000 1568.52
5966.40000 1552.21
5966.50000 1550.94
5966.60000 1552.96
5966.70000 1561.72
5966.80000 1528.81
5966.90000 1507.29
5967.00000 1553.00
5967.10000 1545.88
5967.20000 1442.81
5967.30000 1503.27
5967.40000 1569.49
5967.50000 1570.78
5967.60000 1565.70
5967.70000 1565.94
5967.80000 1538.33
5967.90000 1518.12
5968.00000 1573.38
5968.10000 1565.94
5968.20000 1511.98
5968.30000 1508.16
5968.40000 1392.83
5968.50000 1509.35
5968.60000 1508.14
5968.70000 1536.20
5968.80000 1418.27
5968.90000 1436.47
5969.00000 1526.39
5969.10000 1563.66
5969.20000 1572.39
5969.30000 1562.75
5969.40000 1554.45
5969.50000 1548.29
5969.60000 1479.94
5969.70000 1543.18
5969.80000 1577.18
5969.90000 1544.48
5970.00000 1564.95
5970.10000 1568.27
5970.20000 1581.01
5970.30000 1576.63
5970.40000 1567.80
5970.50000 1551.64
5970.60000 1465.31
5970.70000 1504.51
5970.80000 1544.38
5970.90000 1554.06
5971.00000 1560.39
5971.10000 1568.57
5971.20000 1545.06
5971.30000 1550.90
5971.40000 1565.15
5971.50000 1578.88
5971.60000 1578.83
5971.70000 1561.75
5971.80000 1518.00
5971.90000 1397.55
5972.00000 1505.39
5972.10000 1569.83
5972.20000 1564.42
5972.30000 1556.88
5972.40000 1552.47
5972.50000 1577.61
5972.60000 1554.80
5972.70000 1566.02
5972.80000 1568.57
5972.90000 1557.39
5973.00000 1565.09
5973.10000 1559.21
5973.20000 1581.31
5973.30000 1563.27
5973.40000 1546.18
5973.50000 1575.86
5973.60000 1560.08
5973.70000 1565.75
5973.80000 1564.83
5973.90000 1568.78
5974.00000 1564.55
5974.10000 1562.75
5974.20000 1558.98
5974.30000 1554.89
5974.40000 1553.42
5974.50000 1540.56
5974.60000 1556.16
5974.70000 1545.98
5974.80000 1536.64
5974.90000 1546.99
5975.00000 1563.42
5975.10000 1581.69
5975.20000 1561.23
5975.30000 1574.96
5975.40000 1582.41
5975.50000 1575.05
5975.60000 1509.96
5975.70000 1392.98
5975.80000 1511.90
5975.90000 1578.39
5976.00000 1569.72
5976.10000 1564.79
5976.20000 1568.54
5976.30000 1566.53
5976.40000 1560.21
5976.50000 1540.32
5976.60000 1565.92
5976.70000 1574.04
5976.80000 1591.06
5976.90000 1562.65
5977.00000 1577.56
5977.10000 1537.06
5977.20000 1564.58
5977.30000 1573.80
5977.40000 1560.94
5977.50000 1507.69
5977.60000 1395.68
5977.70000 1531.80
5977.80000 1579.08
5977.90000 1567.09
5978.00000 1539.03
5978.10000 1571.48
5978.20000 1574.09
5978.30000 1549.21
5978.40000 1495.43
5978.50000 1549.64
5978.60000 1587.65
5978.70000 1573.62
5978.80000 1598.75
5978.90000 1574.20
5979.00000 1585.49
5979.10000 1584.21
5979.20000 1574.54
5979.30000 1593.54
5979.40000 1590.09
5979.50000 1591.34
5979.60000 1563.17
5979.70000 1575.24
5979.80000 1576.39
5979.90000 1578.45
5980.00000 1588.06
5980.10000 1587.37
5980.20000 1581.77
5980.30000 1583.09
5980.40000 1597.03
5980.50000 1586.84
5980.60000 1593.47
5980.70000 1550.47
5980.80000 1571.52
5980.90000 1598.30
5981.00000 1578.74
5981.10000 1571.72
5981.20000 1601.89
5981.30000 1575.60
5981.40000 1592.13
5981.50000 1597.40
5981.60000 1599.73
5981.70000 1598.71
5981.80000 1555.82
5981.90000 1591.33
5982.00000 1585.80
5982.10000 1596.40
5982.20000 1578.94
5982.30000 1589.65
5982.40000 1594.05
5982.50000 1564.57
5982.60000 1589.89
5982.70000 1577.12
5982.80000 1571.50
5982.90000 1565.61
5983.00000 1580.50
5983.10000 1586.59
5983.20000 1557.67
5983.30000 1565.48
5983.40000 1564.78
5983.50000 1585.83
5983.60000 1571.24
5983.70000 1576.43
5983.80000 1584.91
5983.90000 1578.16
5984.00000 1593.57
5984.10000 1584.26
5984.20000 1578.68
5984.30000 1588.11
5984.40000 1582.41
5984.50000 1576.43
5984.60000 1588.37
5984.70000 1576.21
5984.80000 1559.31
5984.90000 1568.01
5985.00000 1588.59
5985.10000 1584.81
5985.20000 1584.46
5985.30000 1574.06
5985.40000 1597.68
5985.50000 1575.54
5985.60000 1569.19
5985.70000 1564.61
5985.80000 1486.96
5985.90000 1572.31
5986.00000 1584.00
5986.10000 1584.27
5986.20000 1579.43
5986.30000 1566.88
5986.40000 1593.33
5986.50000 1595.08
5986.60000 1600.52
5986.70000 1582.54
5986.80000 1579.83
5986.90000 1567.14
5987.00000 1582.16
5987.10000 1577.79
5987.20000 1591.84
5987.30000 1579.41
5987.40000 1582.27
5987.50000 1572.16
5987.60000 1595.13
5987.70000 1584.55
5987.80000 1608.35
5987.90000 1607.96
5988.00000 1601.99
5988.10000 1601.05
5988.20000 1607.60
5988.30000 1601.61
5988.40000 1590.36
5988.50000 1590.79
5988.60000 1573.67
5988.70000 1570.03
5988.80000 1590.72
5988.90000 1604.38
5989.00000 1617.19
5989.10000 1552.77
5989.20000 1572.63
5989.30000 1630.77
5989.40000 1631.18
5989.50000 1633.42
5989.60000 1651.39
5989.70000 1645.06
5989.80000 1585.61
5989.90000 1567.79
5990.00000 1605.33
5990.10000 1616.05
5990.20000 1608.63
5990.30000 1624.12
5990.40000 1613.34
5990.50000 1615.60
5990.60000 1604.33
5990.70000 1622.31
5990.80000 1604.62
5990.90000 1614.11
5991.00000 1599.43
5991.10000 1599.60
5991.20000 1572.74
5991.30000 1604.16
5991.40000 1526.01
5991.50000 1580.27
5991.60000 1599.39
5991.70000 1614.39
5991.80000 1631.52
5991.90000 1595.96
5992.00000 1588.79
5992.10000 1607.24
5992.20000 1607.42
5992.30000 1596.91
5992.40000 1592.92
5992.50000 1553.50
5992.60000 1524.40
5992.70000 1585.16
5992.80000 1605.63
5992.90000 1614.34
5993.00000 1628.62
5993.10000 1610.86
5993.20000 1617.89
5993.30000 1616.58
5993.40000 1611.64
5993.50000 1622.20
5993.60000 1589.26
5993.70000 1616.22
5993.80000 1621.60
5993.90000 1633.89
5994.00000 1619.20
5994.10000 1615.04
5994.20000 1609.64
5994.30000 1624.18
5994.40000 1613.03
5994.50000 1624.19
5994.60000 1617.25
5994.70000 1637.79
5994.80000 1636.63
5994.90000 1612.22
5995.00000 1603.95
5995.10000 1542.37
5995.20000 1580.49
5995.30000 1611.75
5995.40000 1621.70
5995.50000 1612.61
5995.60000 1614.83
5995.70000 1593.38
5995.80000 1588.76
5995.90000 1598.01
5996.00000 1606.22
5996.10000 1607.72
5996.20000 1583.50
5996.30000 1584.92
5996.40000 1590.94
5996.50000 1584.85
5996.60000 1591.16
5996.70000 1587.05
5996.80000 1577.52
5996.90000 1578.84
5997.00000 1588.18
5997.10000 1577.15
5997.20000 1576.40
5997.30000 1583.76
5997.40000 1592.85
5997.50000 1593.94
5997.60000 1581.69
5997.70000 1580.45
5997.80000 1577.16
5997.90000 1527.16
5998.00000 1569.61
5998.10000 1593.50
5998.20000 1579.48
5998.30000 1596.68
5998.40000 1578.54
5998.50000 1574.19
5998.60000 1583.69
5998.70000 1586.55
5998.80000 1567.95
5998.90000 1578.92
5999.00000 1594.47
5999.10000 1584.16
5999.20000 1581.32
5999.30000 1604.08
5999.40000 1593.31
5999.50000 1594.65
5999.60000 1593.20
5999.70000 1575.25
5999.80000 1588.61
5999.90000 1601.01
6000.00000 1581.88
6000.10000 1580.56
6000.20000 1538.75
6000.30000 1514.59
6000.40000 1575.68
6000.50000 1576.81
6000.60000 1586.42
6000.70000 1581.77
6000.80000 1585.02
6000.90000 1599.53
6001.00000 1584.74
6001.10000 1608.93
6001.20000 1591.06
6001.30000 1609.33
6001.40000 1588.51
6001.50000 1581.58
6001.60000 1587.95
6001.70000 1592.65
6001.80000 1585.79
6001.90000 1584.97
6002.00000 1597.55
6002.10000 1584.92
6002.20000 1598.31
6002.30000 1584.49
6002.40000 1586.20
6002.50000 1594.38
6002.60000 1592.45
6002.70000 1567.07
6002.80000 1582.03
6002.90000 1592.96
6003.00000 1570.34
6003.10000 1571.98
6003.20000 1573.81
6003.30000 1596.17
6003.40000 1579.08
6003.50000 1594.04
6003.60000 1588.87
6003.70000 1591.00
6003.80000 1598.31
6003.90000 1588.30
6004.00000 1594.23
6004.10000 1590.76
6004.20000 1580.04
6004.30000 1575.70
6004.40000 1564.72
6004.50000 1570.40
6004.60000 1576.95
6004.70000 1571.87
6004.80000 1580.02
6004.90000 1581.53
6005.00000 1585.03
6005.10000 1584.01
6005.20000 1533.21
6005.30000 1560.27
6005.40000 1565.38
6005.50000 1559.92
6005.60000 1588.15
6005.70000 1575.65
6005.80000 1586.26
6005.90000 1588.45
6006.00000 1572.90
6006.10000 1571.22
6006.20000 1575.17
6006.30000 1582.44
6006.40000 1571.98
6006.50000 1582.45
6006.60000 1579.34
6006.70000 1579.81
6006.80000 1591.04
6006.90000 1590.73
6007.00000 1580.51
6007.10000 1577.17
6007.20000 1569.88
6007.30000 1585.52
6007.40000 1575.05
6007.50000 1565.68
6007.60000 1562.90
6007.70000 1601.40
6007.80000 1585.29
6007.90000 1587.05
6008.00000 1576.31
6008.10000 1566.78
6008.20000 1566.40
6008.30000 1584.12
6008.40000 1575.00
6008.50000 1567.36
6008.60000 1564.97
6008.70000 1570.31
6008.80000 1577.82
6008.90000 1587.89
6009.00000 1574.16
6009.10000 1587.16
6009.20000 1572.64
6009.30000 1562.88
6009.40000 1583.02
6009.50000 1561.58
6009.60000 1566.96
6009.70000 1569.31
6009.80000 1555.64
6009.90000 1530.71
6010.00000 1548.02
6010.10000 1558.73
6010.20000 1565.13
6010.30000 1562.69
6010.40000 1550.25
6010.50000 1564.88
6010.60000 1564.68
6010.70000 1562.03
6010.80000 1566.56
6010.90000 1563.42
6011.00000 1559.13
6011.10000 1575.41
6011.20000 1572.11
6011.30000 1570.21
6011.40000 1558.36
6011.50000 1576.04
6011.60000 1560.81
6011.70000 1566.36
6011.80000 1560.31
6011.90000 1562.16
6012.00000 1556.58
6012.10000 1560.33
6012.20000 1559.05
6012.30000 1574.10
6012.40000 1557.35
6012.50000 1569.27
6012.60000 1573.24
6012.70000 1574.71
6012.80000 1583.46
6012.90000 1589.96
6013.00000 1586.58
6013.10000 1572.45
6013.20000 1578.80
6013.30000 1563.79
6013.40000 1583.23
6013.50000 1575.24
6013.60000 1583.70
6013.70000 1575.70
6013.80000 1574.09
6013.90000 1575.64
6014.00000 1587.37
6014.10000 1572.72
6014.20000 1587.58
6014.30000 1576.76
6014.40000 1580.56
6014.50000 1582.97
6014.60000 1582.95
6014.70000 1587.82
6014.80000 1591.69
6014.90000 1573.97
6015.00000 1585.53
6015.10000 1569.67
6015.20000 1556.13
6015.30000 1580.85
6015.40000 1563.33
6015.50000 1570.24
6015.60000 1565.65
6015.70000 1583.51
6015.80000 1578.16
6015.90000 1584.79
6016.00000 1591.61
6016.10000 1572.51
6016.20000 1584.33
6016.30000 1579.17
6016.40000 1566.65
6016.50000 1567.56
6016.60000 1574.86
6016.70000 1576.66
6016.80000 1597.28
6016.90000 1575.51
6017.00000 1583.89
6017.10000 1596.42
6017.20000 1600.53
6017.30000 1595.31
6017.40000 1586.37
6017.50000 1584.24
6017.60000 1580.55
6017.70000 1570.83
6017.80000 1587.29
6017.90000 1596.90
6018.00000 1640.70
6018.10000 1591.28
6018.20000 1586.28
6018.30000 1595.28
6018.40000 1597.96
6018.50000 1582.03
6018.60000 1605.58
6018.70000 1594.17
6018.80000 1594.50
6018.90000 1597.59
6019.00000 1588.46
6019.10000 1569.49
6019.20000 1574.85
6019.30000 1580.54
6019.40000 1595.52
6019.50000 1573.26
6019.60000 1573.43
6019.70000 1569.61
6019.80000 1582.02
6019.90000 1575.19
6020.00000 1581.56
6020.10000 1586.42
6020.20000 1584.46
6020.30000 1590.19
6020.40000 1594.39
6020.50000 1577.43
6020.60000 1578.98
6020.70000 1592.97
6020.80000 1574.74
6020.90000 1587.11
6021.00000 1572.97
6021.10000 1595.18
6021.20000 1583.91
6021.30000 1569.58
6021.40000 1580.42
6021.50000 1583.85
6021.60000 1580.46
6021.70000 1587.92
6021.80000 1584.47
6021.90000 1577.66
6022.00000 1583.26
6022.10000 1582.01
6022.20000 1580.90
6022.30000 1584.84
6022.40000 1582.45
6022.50000 1587.36
6022.60000 1589.06
6022.70000 1577.09
6022.80000 1589.34
6022.90000 1590.79
6023.00000 1569.94
6023.10000 1592.40
6023.20000 1575.85
6023.30000 1575.97
6023.40000 1574.82
6023.50000 1576.58
6023.60000 1575.76
6023.70000 1578.05
6023.80000 1578.05
6023.90000 1575.58
6024.00000 1572.23
6024.10000 1576.89
6024.20000 1576.58
6024.30000 1568.22
6024.40000 1573.42
6024.50000 1575.86
6024.60000 1574.34
6024.70000 1581.61
6024.80000 1585.49
6024.90000 1593.00
6025.00000 1585.51
6025.10000 1589.67
6025.20000 1602.73
6025.30000 1578.98
6025.40000 1579.48
6025.50000 1590.38
6025.60000 1583.57
6025.70000 1589.02
6025.80000 1580.74
6025.90000 1593.02
6026.00000 1594.05
6026.10000 1594.98
6026.20000 1583.31
6026.30000 1583.32
6026.40000 1581.08
6026.50000 1582.43
6026.60000 1582.75
6026.70000 1587.45
6026.80000 1585.07
6026.90000 1573.54
6027.00000 1581.83
6027.10000 1569.67
6027.20000 1592.55
6027.30000 1580.78
6027.40000 1577.89
6027.50000 1586.71
6027.60000 1576.34
6027.70000 1574.01
6027.80000 1575.82
6027.90000 1592.30
6028.00000 1578.55
6028.10000 1581.56
6028.20000 1581.66
6028.30000 1572.56
6028.40000 1570.39
6028.50000 1575.24
6028.60000 1587.41
6028.70000 1583.45
6028.80000 1592.49
6028.90000 1590.60
6029.00000 1585.94
6029.10000 1571.91
6029.20000 1576.56
6029.30000 1586.00
6029.40000 1594.74
6029.50000 1584.36
6029.60000 1583.54
6029.70000 1576.86
6029.80000 1595.51
6029.90000 1605.89
6030.00000 1576.29
6030.10000 1586.08
6030.20000 1583.79
6030.30000 1567.99
6030.40000 1587.43
6030.50000 1590.47
6030.60000 1582.91
6030.70000 1592.42
6030.80000 1575.31
6030.90000 1568.20
6031.00000 1581.01
6031.10000 1574.50
6031.20000 1582.61
6031.30000 1580.39
6031.40000 1598.01
6031.50000 1591.91
6031.60000 1581.13
6031.70000 1589.73
6031.80000 1590.42
6031.90000 1593.70
6032.00000 1575.05
6032.10000 1590.49
6032.20000 1590.26
6032.30000 1582.85
6032.40000 1578.14
6032.50000 1578.53
6032.60000 1584.98
6032.70000 1582.45
6032.80000 1593.63
6032.90000 1585.07
6033.00000 1581.81
6033.10000 1589.68
6033.20000 1581.74
6033.30000 1569.58
6033.40000 1576.96
6033.50000 1574.71
6033.60000 1583.42
6033.70000 1572.22
6033.80000 1580.33
6033.90000 1582.78
6034.00000 1579.27
6034.10000 1578.36
6034.20000 1580.17
6034.30000 1586.37
6034.40000 1576.93
6034.50000 1582.32
6034.60000 1583.51
6034.70000 1571.42
6034.80000 1577.77
6034.90000 1583.98
6035.00000 1577.64
6035.10000 1569.63
6035.20000 1584.62
6035.30000 1586.90
6035.40000 1575.62
6035.50000 1571.73
6035.60000 1575.01
6035.70000 1567.32
6035.80000 1577.68
6035.90000 1584.98
6036.00000 1561.45
6036.10000 1566.65
6036.20000 1575.89
6036.30000 1553.34
6036.40000 1568.59
6036.50000 1569.80
6036.60000 1570.80
6036.70000 1573.67
6036.80000 1561.49
6036.90000 1573.18
6037.00000 1574.25
6037.10000 1567.73
6037.20000 1581.98
6037.30000 1563.61
6037.40000 1563.11
6037.50000 1566.66
6037.60000 1564.88
6037.70000 1569.71
6037.80000 1571.36
6037.90000 1572.34
6038.00000 1571.40
6038.10000 1582.30
6038.20000 1568.90
6038.30000 1566.14
6038.40000 1558.11
6038.50000 1562.18
6038.60000 1567.08
6038.70000 1582.64
6038.80000 1581.80
6038.90000 1571.08
6039.00000 1578.65
6039.10000 1583.06
6039.20000 1574.20
6039.30000 1555.87
6039.40000 1579.31
6039.50000 1574.21
6039.60000 1569.22
6039.70000 1568.48
6039.80000 1586.21
6039.90000 1597.36
6040.00000 1589.21
6040.10000 1585.10
6040.20000 1580.15
6040.30000 1576.62
6040.40000 1572.23
6040.50000 1569.06
6040.60000 1570.99
6040.70000 1587.57
6040.80000 1577.95
6040.90000 1570.45
6041.00000 1581.39
6041.10000 1584.79
6041.20000 1571.33
6041.30000 1575.53
6041.40000 1575.11
6041.50000 1578.02
6041.60000 1572.19
6041.70000 1573.86
6041.80000 1568.66
6041.90000 1561.81
6042.00000 1571.08
6042.10000 1572.32
6042.20000 1580.25
6042.30000 1580.97
6042.40000 1587.73
6042.50000 1577.12
6042.60000 1590.04
6042.70000 1593.09
6042.80000 1575.03
6042.90000 1583.03
6043.00000 1575.53
6043.10000 1582.87
6043.20000 1582.93
6043.30000 1572.00
6043.40000 1583.13
6043.50000 1576.38
6043.60000 1578.13
6043.70000 1587.74
6043.80000 1588.93
6043.90000 1589.31
6044.00000 1582.59
6044.10000 1579.53
6044.20000 1589.19
6044.30000 1598.63
6044.40000 1586.08
6044.50000 1573.76
6044.60000 1583.48
6044.70000 1582.52
6044.80000 1570.40
6044.90000 1589.61
6045.00000 1580.15
6045.10000 1572.39
6045.20000 1579.60
6045.30000 1584.12
6045.40000 1584.78
6045.50000 1573.93
6045.60000 1576.52
6045.70000 1575.37
6045.80000 1576.39
6045.90000 1579.34
6046.00000 1574.61
6046.10000 1577.10
6046.20000 1570.75
6046.30000 1578.02
6046.40000 1581.02
6046.50000 1575.40
6046.60000 1582.69
6046.70000 1595.59
6046.80000 1577.35
6046.90000 1571.31
6047.00000 1569.28
6047.10000 1567.68
6047.20000 1577.01
6047.30000 1580.50
6047.40000 1572.73
6047.50000 1574.37
6047.60000 1578.68
6047.70000 1577.66
6047.80000 1579.30
6047.90000 1553.60
6048.00000 1581.53
6048.10000 1578.36
6048.20000 1595.15
6048.30000 1573.64
6048.40000 1571.34
6048.50000 1577.61
6048.60000 1578.15
6048.70000 1573.96
6048.80000 1565.44
6048.90000 1574.39
6049.00000 1596.76
6049.10000 1573.35
6049.20000 1582.50
6049.30000 1577.34
6049.40000 1582.74
6049.50000 1571.68
6049.60000 1571.61
6049.70000 1573.23
6049.80000 1586.98
6049.90000 1566.36
6050.00000 1585.79
6050.10000 1573.30
6050.20000 1574.26
6050.30000 1586.92
6050.40000 1574.78
6050.50000 1576.71
6050.60000 1585.13
6050.70000 1575.11
6050.80000 1581.27
6050.90000 1577.61
6051.00000 1593.05
6051.10000 1571.89
6051.20000 1564.13
6051.30000 1571.99
6051.40000 1566.84
6051.50000 1562.28
6051.60000 1571.70
6051.70000 1573.04
6051.80000 1578.84
6051.90000 1576.51
6052.00000 1562.32
6052.10000 1574.51
6052.20000 1569.16
6052.30000 1563.22
6052.40000 1568.46
6052.50000 1585.75
6052.60000 1574.36
6052.70000 1558.42
6052.80000 1593.70
6052.90000 1577.57
6053.00000 1570.90
6053.10000 1580.41
6053.20000 1575.68
6053.30000 1569.10
6053.40000 1574.60
6053.50000 1573.18
6053.60000 1565.14
6053.70000 1573.17
6053.80000 1565.02
6053.90000 1565.55
6054.00000 1569.83
6054.10000 1565.93
6054.20000 1569.13
6054.30000 1571.38
6054.40000 1570.37
6054.50000 1570.93
6054.60000 1565.64
6054.70000 1565.67
6054.80000 1566.74
6054.90000 1557.42
6055.00000 1567.09
6055.10000 1565.11
6055.20000 1560.62
6055.30000 1569.98
6055.40000 1568.00
6055.50000 1564.84
6055.60000 1580.32
6055.70000 1571.14
6055.80000 1563.05
6055.90000 1573.02
6056.00000 1556.78
6056.10000 1568.15
6056.20000 1566.44
6056.30000 1569.64
6056.40000 1577.68
6056.50000 1574.03
6056.60000 1569.52
6056.70000 1562.81
6056.80000 1571.00
6056.90000 1574.47
6057.00000 1565.76
6057.10000 1575.22
6057.20000 1574.12
6057.30000 1573.23
6057.40000 1568.21
6057.50000 1571.84
6057.60000 1579.31
6057.70000 1564.45
6057.80000 1561.24
6057.90000 1551.37
6058.00000 1558.44
6058.10000 1559.20
6058.20000 1553.57
6058.30000 1562.40
6058.40000 1559.43
6058.50000 1564.31
6058.60000 1561.64
6058.70000 1582.96
6058.80000 1563.96
6058.90000 1574.46
6059.00000 1576.04
6059.10000 1577.10
6059.20000 1564.88
6059.30000 1556.31
6059.40000 1562.88
6059.50000 1571.90
6059.60000 1558.69
6059.70000 1555.44
6059.80000 1564.93
6059.90000 1553.21
6060.00000 1544.52
6060.10000 1552.34
6060.20000 1549.82
6060.30000 1550.38
6060.40000 1559.81
6060.50000 1551.19
6060.60000 1558.57
6060.70000 1560.37
6060.80000 1556.16
6060.90000 1545.10
6061.00000 1562.82
6061.10000 1561.10
6061.20000 1571.29
6061.30000 1542.07
6061.40000 1559.52
6061.50000 1561.32
6061.60000 1574.68
6061.70000 1569.46
6061.80000 1566.95
6061.90000 1571.37
6062.00000 1560.64
6062.10000 1557.02
6062.20000 1575.00
6062.30000 1564.89
6062.40000 1577.98
6062.50000 1574.84
6062.60000 1565.14
6062.70000 1581.22
6062.80000 1574.47
6062.90000 1574.63
6063.00000 1574.51
6063.10000 1570.45
6063.20000 1564.83
6063.30000 1567.47
6063.40000 1577.49
6063.50000 1567.32
6063.60000 1570.73
6063.70000 1567.53
6063.80000 1575.90
6063.90000 1573.49
6064.00000 1563.12
6064.10000 1570.59
6064.20000 1565.13
6064.30000 1564.13
6064.40000 1560.41
6064.50000 1570.95
6064.60000 1563.52
6064.70000 1561.67
6064.80000 1569.58
6064.90000 1570.90
6065.00000 1577.84
6065.10000 1566.33
6065.20000 1576.15
6065.30000 1573.28
6065.40000 1555.67
6065.50000 1561.07
6065.60000 1550.83
6065.70000 1536.90
6065.80000 1544.63
6065.90000 1538.30
6066.00000 1549.55
6066.10000 1551.48
6066.20000 1563.62
6066.30000 1562.85
6066.40000 1562.64
6066.50000 1564.84
6066.60000 1563.01
6066.70000 1564.20
6066.80000 1573.21
6066.90000 1561.16
6067.00000 1549.18
6067.10000 1554.06
6067.20000 1568.94
6067.30000 1569.87
6067.40000 1563.45
6067.50000 1560.19
6067.60000 1565.61
6067.70000 1570.34
6067.80000 1569.12
6067.90000 1567.91
6068.00000 1573.09
6068.10000 1570.49
6068.20000 1548.05
6068.30000 1562.05
6068.40000 1562.38
6068.50000 1560.78
6068.60000 1552.39
6068.70000 1570.48
6068.80000 1564.96
6068.90000 1552.58
6069.00000 1547.24
6069.10000 1566.43
6069.20000 1559.52
6069.30000 1555.96
6069.40000 1536.95
6069.50000 1555.57
6069.60000 1564.59
6069.70000 1577.20
6069.80000 1568.29
6069.90000 1567.40
6070.00000 1552.86
6070.10000 1574.12
6070.20000 1560.72
6070.30000 1562.41
6070.40000 1585.37
6070.50000 1567.34
6070.60000 1558.95
6070.70000 1570.70
6070.80000 1572.41
6070.90000 1569.90
6071.00000 1560.09
6071.10000 1562.79
6071.20000 1569.73
6071.30000 1561.65
6071.40000 1557.47
6071.50000 1561.05
6071.60000 1576.72
6071.70000 1555.50
6071.80000 1541.12
6071.90000 1545.43
6072.00000 1558.87
6072.10000 1555.47
6072.20000 1545.77
6072.30000 1554.18
6072.40000 1560.01
6072.50000 1565.64
6072.60000 1581.51
6072.70000 1560.95
6072.80000 1557.09
6072.90000 1551.58
6073.00000 1571.66
6073.10000 1562.22
6073.20000 1574.54
6073.30000 1566.89
6073.40000 1561.39
6073.50000 1561.96
6073.60000 1560.51
6073.70000 1556.14
6073.80000 1554.94
6073.90000 1566.95
6074.00000 1574.12
6074.10000 1553.97
6074.20000 1568.51
6074.30000 1556.65
6074.40000 1555.80
6074.50000 1562.56
6074.60000 1567.60
6074.70000 1561.21
6074.80000 1550.14
6074.90000 1578.84
6075.00000 1556.98
6075.10000 1571.36
6075.20000 1550.81
6075.30000 1557.30
6075.40000 1559.60
6075.50000 1557.75
6075.60000 1548.92
6075.70000 1568.19
6075.80000 1565.26
6075.90000 1571.36
6076.00000 1561.07
6076.10000 1547.58
6076.20000 1569.66
6076.30000 1542.14
6076.40000 1556.07
6076.50000 1558.72
6076.60000 1561.67
6076.70000 1570.46
6076.80000 1548.78
6076.90000 1563.21
6077.00000 1552.42
6077.10000 1549.49
6077.20000 1555.61
6077.30000 1570.97
6077.40000 1559.70
6077.50000 1559.70
6077.60000 1573.62
6077.70000 1580.50
6077.80000 1559.23
6077.90000 1545.02
6078.00000 1558.98
6078.10000 1557.68
6078.20000 1562.78
6078.30000 1559.74
6078.40000 1564.78
6078.50000 1556.81
6078.60000 1547.03
6078.70000 1556.74
6078.80000 1565.58
6078.90000 1562.54
6079.00000 1537.20
6079.10000 1544.46
6079.20000 1566.30
6079.30000 1554.45
6079.40000 1537.29
6079.50000 1563.02
6079.60000 1562.76
6079.70000 1556.76
6079.80000 1561.66
6079.90000 1559.02
6080.00000 1568.15
6080.10000 1564.87
6080.20000 1541.97
6080.30000 1556.87
6080.40000 1562.68
6080.50000 1562.59
6080.60000 1568.04
6080.70000 1550.31
6080.80000 1554.83
6080.90000 1565.56
6081.00000 1557.84
6081.10000 1558.23
6081.20000 1583.45
6081.30000 1575.11
6081.40000 1579.71
6081.50000 1575.93
6081.60000 1561.81
6081.70000 1576.47
6081.80000 1554.02
6081.90000 1571.70
6082.00000 1590.28
6082.10000 1577.90
6082.20000 1573.54
6082.30000 1584.08
6082.40000 1578.60
6082.50000 1585.49
6082.60000 1574.83
6082.70000 1576.20
6082.80000 1587.59
6082.90000 1570.31
6083.00000 1575.09
6083.10000 1581.62
6083.20000 1559.33
6083.30000 1576.41
6083.40000 1570.67
6083.50000 1564.10
6083.60000 1587.37
6083.70000 1567.47
6083.80000 1559.73
6083.90000 1574.81
6084.00000 1562.38
6084.10000 1563.35
6084.20000 1567.36
6084.30000 1572.90
6084.40000 1566.83
6084.50000 1565.56
6084.60000 1567.57
6084.70000 1573.67
6084.80000 1569.85
6084.90000 1550.20
6085.00000 1562.34
6085.10000 1562.95
6085.20000 1559.67
6085.30000 1564.90
6085.40000 1553.97
6085.50000 1558.05
6085.60000 1564.77
6085.70000 1585.68
6085.80000 1567.41
6085.90000 1559.44
6086.00000 1570.49
6086.10000 1567.43
6086.20000 1562.00
6086.30000 1565.96
6086.40000 1574.73
6086.50000 1569.28
6086.60000 1558.69
6086.70000 1563.13
6086.80000 1580.77
6086.90000 1579.54
6087.00000 1585.16
6087.10000 1573.54
6087.20000 1566.71
6087.30000 1573.53
6087.40000 1579.95
6087.50000 1579.77
6087.60000 1582.74
6087.70000 1572.84
6087.80000 1580.56
6087.90000 1572.09
6088.00000 1558.08
6088.10000 1583.96
6088.20000 1581.50
6088.30000 1570.49
6088.40000 1574.21
6088.50000 1569.40
6088.60000 1572.93
6088.70000 1568.81
6088.80000 1567.32
6088.90000 1576.12
6089.00000 1566.52
6089.10000 1572.65
6089.20000 1579.09
6089.30000 1579.53
6089.40000 1572.78
6089.50000 1580.27
6089.60000 1565.84
6089.70000 1568.50
6089.80000 1561.87
6089.90000 1550.04
6090.00000 1551.74
6090.10000 1528.85
6090.20000 1510.85
6090.30000 1480.61
6090.40000 1495.03
6090.50000 1481.72
6090.60000 1504.83
6090.70000 1533.72
6090.80000 1544.11
6090.90000 1547.41
6091.00000 1552.77
6091.10000 1555.40
6091.20000 1556.25
6091.30000 1557.64
6091.40000 1560.74
6091.50000 1564.12
6091.60000 1567.16
6091.70000 1562.85
6091.80000 1570.68
6091.90000 1566.04
6092.00000 1561.41
6092.10000 1555.21
6092.20000 1561.53
6092.30000 1567.01
6092.40000 1547.32
6092.50000 1515.12
6092.60000 1470.82
6092.70000 1551.90
6092.80000 1570.03
6092.90000 1558.63
6093.00000 1552.98
6093.10000 1550.14
6093.20000 1558.19
6093.30000 1567.61
6093.40000 1564.08
6093.50000 1551.16
6093.60000 1570.39
6093.70000 1577.61
6093.80000 1572.90
6093.90000 1576.65
6094.00000 1557.55
6094.10000 1559.88
6094.20000 1555.91
6094.30000 1560.55
6094.40000 1558.52
6094.50000 1571.29
6094.60000 1564.78
6094.70000 1568.01
6094.80000 1565.98
6094.90000 1576.68
6095.00000 1558.38
6095.10000 1541.89
6095.20000 1567.66
6095.30000 1564.69
6095.40000 1569.15
6095.50000 1554.94
6095.60000 1568.98
6095.70000 1557.51
6095.80000 1577.33
6095.90000 1568.72
6096.00000 1574.35
6096.10000 1551.37
6096.20000 1564.75
6096.30000 1553.98
6096.40000 1564.87
6096.50000 1553.90
6096.60000 1558.57
6096.70000 1565.33
6096.80000 1564.59
6096.90000 1560.78
6097.00000 1569.10
6097.10000 1570.14
6097.20000 1555.06
6097.30000 1562.56
6097.40000 1565.33
6097.50000 1565.26
6097.60000 1548.84
6097.70000 1574.14
6097.80000 1574.96
6097.90000 1557.71
6098.00000 1559.51
6098.10000 1564.29
6098.20000 1552.80
6098.30000 1565.56
6098.40000 1558.71
6098.50000 1577.68
6098.60000 1552.69
6098.70000 1561.70
6098.80000 1562.26
6098.90000 1572.64
6099.00000 1554.42
6099.10000 1566.38
6099.20000 1563.59
6099.30000 1556.41
6099.40000 1569.61
6099.50000 1567.37
6099.60000 1547.97
6099.70000 1565.08
6099.80000 1569.58
6099.90000 1559.89
6100.00000 1558.11
6100.10000 1566.57
6100.20000 1555.58
6100.30000 1560.56
6100.40000 1567.95
6100.50000 1568.05
6100.60000 1566.23
6100.70000 1566.12
6100.80000 1557.70
6100.90000 1567.66
6101.00000 1572.23
6101.10000 1575.44
6101.20000 1562.98
6101.30000 1586.47
6101.40000 1563.57
6101.50000 1558.37
6101.60000 1550.96
6101.70000 1563.49
6101.80000 1562.43
6101.90000 1567.46
6102.00000 1573.61
6102.10000 1563.76
6102.20000 1572.52
6102.30000 1569.91
6102.40000 1572.07
6102.50000 1555.22
6102.60000 1552.70
6102.70000 1554.80
6102.80000 1570.28
6102.90000 1557.42
6103.00000 1560.77
6103.10000 1570.38
6103.20000 1570.46
6103.30000 1569.42
6103.40000 1562.49
6103.50000 1562.77
6103.60000 1571.86
6103.70000 1581.11
6103.80000 1577.25
6103.90000 1582.26
6104.00000 1562.96
6104.10000 1573.59
6104.20000 1560.83
6104.30000 1566.31
6104.40000 1581.94
6104.50000 1572.07
6104.60000 1578.46
6104.70000 1579.98
6104.80000 1575.09
6104.90000 1566.60
6105.00000 1573.16
6105.10000 1589.06
6105.20000 1572.94
6105.30000 1584.84
6105.40000 1560.81
6105.50000 1573.61
6105.60000 1572.58
6105.70000 1576.95
6105.80000 1576.97
6105.90000 1576.68
6106.00000 1569.62
6106.10000 1586.37
6106.20000 1567.56
6106.30000 1568.62
6106.40000 1580.33
6106.50000 1581.98
6106.60000 1572.48
6106.70000 1568.52
6106.80000 1574.14
6106.90000 1565.53
6107.00000 1567.00
6107.10000 1554.27
6107.20000 1565.17
6107.30000 1559.79
6107.40000 1568.54
6107.50000 1576.28
6107.60000 1565.37
6107.70000 1569.38
6107.80000 1562.23
6107.90000 1562.27
6108.00000 1550.41
6108.10000 1562.17
6108.20000 1556.88
6108.30000 1567.93
6108.40000 1544.02
6108.50000 1554.71
6108.60000 1540.47
6108.70000 1539.02
6108.80000 1556.77
6108.90000 1578.08
6109.00000 1566.89
6109.10000 1552.51
6109.20000 1559.77
6109.30000 1586.50
6109.40000 1561.34
6109.50000 1569.18
6109.60000 1574.51
6109.70000 1562.69
6109.80000 1569.89
6109.90000 1560.54
6110.00000 1571.43
6110.10000 1564.23
6110.20000 1561.39
6110.30000 1563.32
6110.40000 1554.60
6110.50000 1556.87
6110.60000 1576.85
6110.70000 1565.06
6110.80000 1554.83
6110.90000 1549.82
6111.00000 1568.05
6111.10000 1566.13
6111.20000 1565.91
6111.30000 1563.96
6111.40000 1558.71
6111.50000 1568.55
6111.60000 1571.22
6111.70000 1568.01
6111.80000 1565.40
6111.90000 1565.88
6112.00000 1568.42
6112.10000 1561.18
6112.20000 1569.87
6112.30000 1568.20
6112.40000 1571.16
6112.50000 1562.05
6112.60000 1565.38
6112.70000 1562.03
6112.80000 1566.46
6112.90000 1575.45
6113.00000 1568.12
6113.10000 1564.22
6113.20000 1558.33
6113.30000 1566.62
6113.40000 1546.95
6113.50000 1538.66
6113.60000 1528.57
6113.70000 1527.17
6113.80000 1527.02
6113.90000 1526.53
6114.00000 1547.18
6114.10000 1549.19
6114.20000 1566.74
6114.30000 1557.64
6114.40000 1563.69
6114.50000 1564.03
6114.60000 1569.08
6114.70000 1554.31
6114.80000 1554.48
6114.90000 1569.54
6115.00000 1557.39
6115.10000 1556.48
6115.20000 1570.96
6115.30000 1558.38
6115.40000 1575.04
6115.50000 1555.49
6115.60000 1571.50
6115.70000 1568.87
6115.80000 1571.23
6115.90000 1560.27
6116.00000 1564.72
6116.10000 1554.71
6116.20000 1576.21
6116.30000 1575.11
6116.40000 1587.66
6116.50000 1573.58
6116.60000 1572.12
6116.70000 1577.45
6116.80000 1558.38
6116.90000 1562.71
6117.00000 1566.75
6117.10000 1558.41
6117.20000 1556.00
6117.30000 1557.24
6117.40000 1561.36
6117.50000 1550.59
6117.60000 1545.15
6117.70000 1555.35
6117.80000 1561.59
6117.90000 1573.39
6118.00000 1565.76
6118.10000 1564.84
6118.20000 1569.15
6118.30000 1561.65
6118.40000 1568.07
6118.50000 1553.17
6118.60000 1566.02
6118.70000 1574.57
6118.80000 1562.95
6118.90000 1558.89
6119.00000 1553.61
6119.10000 1559.92
6119.20000 1565.29
6119.30000 1566.52
6119.40000 1553.97
6119.50000 1552.49
6119.60000 1568.70
6119.70000 1564.33
6119.80000 1570.95
6119.90000 1564.55
6120.00000 1562.55
6120.10000 1570.11
6120.20000 1577.59
6120.30000 1575.52
6120.40000 1584.39
6120.50000 1576.32
6120.60000 1574.54
6120.70000 1568.68
6120.80000 1566.21
6120.90000 1555.39
6121.00000 1561.51
6121.10000 1570.87
6121.20000 1563.19
6121.30000 1563.95
6121.40000 1561.94
6121.50000 1563.83
6121.60000 1572.46
6121.70000 1562.73
6121.80000 1564.23
6121.90000 1564.53
6122.00000 1555.57
6122.10000 1571.54
6122.20000 1569.34
6122.30000 1580.41
6122.40000 1576.86
6122.50000 1570.91
6122.60000 1569.49
6122.70000 1575.08
6122.80000 1576.54
6122.90000 1567.30
6123.00000 1560.05
6123.10000 1578.66
6123.20000 1579.95
6123.30000 1570.32
6123.40000 1563.90
6123.50000 1557.17
6123.60000 1567.31
6123.70000 1580.24
6123.80000 1563.23
6123.90000 1568.42
6124.00000 1569.01
6124.10000 1583.44
6124.20000 1571.65
6124.30000 1570.92
6124.40000 1582.99
6124.50000 1572.64
6124.60000 1567.32
6124.70000 1570.29
6124.80000 1575.05
6124.90000 1571.25
6125.00000 1568.03
6125.10000 1560.54
6125.20000 1574.34
6125.30000 1578.01
6125.40000 1569.35
6125.50000 1572.14
6125.60000 1581.21
6125.70000 1579.37
6125.80000 1577.34
6125.90000 1579.94
6126.00000 1575.02
6126.10000 1578.45
6126.20000 1569.17
6126.30000 1569.43
6126.40000 1567.05
6126.50000 1577.72
6126.60000 1573.89
6126.70000 1582.96
6126.80000 1590.38
6126.90000 1578.47
6127.00000 1596.26
6127.10000 1579.36
6127.20000 1580.11
6127.30000 1580.11
6127.40000 1571.18
6127.50000 1580.10
6127.60000 1590.62
6127.70000 1574.33
6127.80000 1580.08
6127.90000 1589.55
6128.00000 1564.51
6128.10000 1571.68
6128.20000 1568.61
6128.30000 1556.34
6128.40000 1578.81
6128.50000 1570.63
6128.60000 1583.29
6128.70000 1567.73
6128.80000 1575.31
6128.90000 1583.68
6129.00000 1562.85
6129.10000 1562.67
6129.20000 1574.62
6129.30000 1584.29
6129.40000 1580.81
6129.50000 1564.82
6129.60000 1559.73
6129.70000 1565.93
6129.80000 1566.94
6129.90000 1565.01
6130.00000 1564.24
6130.10000 1575.79
6130.20000 1566.68
6130.30000 1568.64
6130.40000 1564.85
6130.50000 1570.34
6130.60000 1556.29
6130.70000 1578.36
6130.80000 1562.28
6130.90000 1567.18
6131.00000 1549.18
6131.10000 1569.45
6131.20000 1567.29
6131.30000 1570.29
6131.40000 1567.37
6131.50000 1574.48
6131.60000 1567.01
6131.70000 1565.84
6131.80000 1568.63
6131.90000 1548.66
6132.00000 1552.21
6132.10000 1562.66
6132.20000 1568.38
6132.30000 1561.75
6132.40000 1562.74
6132.50000 1552.46
6132.60000 1549.68
6132.70000 1562.99
6132.80000 1572.06
6132.90000 1560.32
6133.00000 1559.20
6133.10000 1566.19
6133.20000 1569.81
6133.30000 1581.41
6133.40000 1568.98
6133.50000 1577.45
6133.60000 1562.70
6133.70000 1564.24
6133.80000 1572.06
6133.90000 1554.14
6134.00000 1562.24
6134.10000 1563.14
6134.20000 1560.24
6134.30000 1563.78
6134.40000 1569.16
6134.50000 1570.61
6134.60000 1574.79
6134.70000 1577.64
6134.80000 1557.91
6134.90000 1567.34
6135.00000 1556.90
6135.10000 1560.10
6135.20000 1563.23
6135.30000 1555.94
6135.40000 1560.11
6135.50000 1550.89
6135.60000 1570.08
6135.70000 1561.70
6135.80000 1566.79
6135.90000 1571.69
6136.00000 1564.34
6136.10000 1548.22
6136.20000 1550.61
6136.30000 1549.68
6136.40000 1556.11
6136.50000 1545.77
6136.60000 1546.99
6136.70000 1555.08
6136.80000 1540.12
6136.90000 1535.66
6137.00000 1550.27
6137.10000 1556.95
6137.20000 1549.78
6137.30000 1551.55
6137.40000 1544.61
6137.50000 1554.47
6137.60000 1554.35
6137.70000 1546.74
6137.80000 1559.95
6137.90000 1549.46
6138.00000 1548.70
6138.10000 1543.43
6138.20000 1550.26
6138.30000 1548.24
6138.40000 1548.28
6138.50000 1555.92
6138.60000 1548.07
6138.70000 1553.90
6138.80000 1544.38
6138.90000 1545.98
6139.00000 1542.13
6139.10000 1560.60
6139.20000 1564.54
6139.30000 1559.92
6139.40000 1555.30
6139.50000 1550.48
6139.60000 1554.83
6139.70000 1554.51
6139.80000 1559.76
6139.90000 1546.67
6140.00000 1550.38
6140.10000 1545.63
6140.20000 1532.16
6140.30000 1537.99
6140.40000 1521.89
6140.50000 1530.81
6140.60000 1529.38
6140.70000 1526.99
6140.80000 1544.09
6140.90000 1537.97
6141.00000 1538.73
6141.10000 1542.67
6141.20000 1557.78
6141.30000 1557.67
6141.40000 1558.65
6141.50000 1556.61
6141.60000 1553.68
6141.70000 1555.79
6141.80000 1566.59
6141.90000 1552.86
6142.00000 1561.11
6142.10000 1553.38
6142.20000 1548.52
6142.30000 1556.91
6142.40000 1546.75
6142.50000 1549.62
6142.60000 1552.21
6142.70000 1555.24
6142.80000 1563.64
6142.90000 1552.56
6143.00000 1556.15
6143.10000 1540.75
6143.20000 1547.10
6143.30000 1555.63
6143.40000 1561.11
6143.50000 1546.85
6143.60000 1544.32
6143.70000 1547.86
6143.80000 1555.57
6143.90000 1562.68
6144.00000 1561.47
6144.10000 1565.08
6144.20000 1553.63
6144.30000 1567.27
6144.40000 1569.64
6144.50000 1576.50
6144.60000 1571.55
6144.70000 1579.17
6144.80000 1566.95
6144.90000 1587.60
6145.00000 1578.73
6145.10000 1589.33
6145.20000 1584.18
6145.30000 1590.72
6145.40000 1588.65
6145.50000 1586.52
6145.60000 1593.83
6145.70000 1599.21
6145.80000 1599.03
6145.90000 1601.29
6146.00000 1592.08
6146.10000 1596.59
6146.20000 1606.10
6146.30000 1589.05
6146.40000 1609.33
6146.50000 1598.63
6146.60000 1589.71
6146.70000 1607.26
6146.80000 1606.38
6146.90000 1621.62
6147.00000 1616.16
6147.10000 1605.30
6147.20000 1619.96
6147.30000 1606.97
6147.40000 1609.28
6147.50000 1610.24
6147.60000 1607.54
6147.70000 1609.00
6147.80000 1614.39
6147.90000 1595.61
6148.00000 1590.73
6148.10000 1581.33
6148.20000 1586.06
6148.30000 1584.91
6148.40000 1584.95
6148.50000 1589.33
6148.60000 1572.12
6148.70000 1592.33
6148.80000 1579.56
6148.90000 1578.34
6149.00000 1576.87
6149.10000 1586.90
6149.20000 1574.93
6149.30000 1582.28
6149.40000 1580.92
6149.50000 1589.92
6149.60000 1587.57
6149.70000 1579.21
6149.80000 1592.80
6149.90000 1586.81
6150.00000 1595.61
6150.10000 1589.68
6150.20000 1584.21
6150.30000 1583.23
6150.40000 1571.06
6150.50000 1585.04
6150.60000 1584.95
6150.70000 1592.66
6150.80000 1599.14
6150.90000 1596.75
6151.00000 1595.84
6151.10000 1591.81
6151.20000 1603.29
6151.30000 1600.15
6151.40000 1605.99
6151.50000 1598.65
6151.60000 1586.38
6151.70000 1589.51
6151.80000 1591.95
6151.90000 1598.10
6152.00000 1596.32
6152.10000 1586.40
6152.20000 1598.38
6152.30000 1610.13
6152.40000 1589.79
6152.50000 1588.47
6152.60000 1602.59
6152.70000 1607.65
6152.80000 1584.94
6152.90000 1590.03
6153.00000 1595.56
6153.10000 1591.90
6153.20000 1584.59
6153.30000 1575.71
6153.40000 1575.42
6153.50000 1583.78
6153.60000 1576.84
6153.70000 1572.25
6153.80000 1574.87
6153.90000 1572.79
6154.00000 1571.42
6154.10000 1572.15
6154.20000 1579.39
6154.30000 1570.09
6154.40000 1562.74
6154.50000 1566.58
6154.60000 1560.00
6154.70000 1563.27
6154.80000 1562.18
6154.90000 1565.12
6155.00000 1565.30
6155.10000 1553.64
6155.20000 1557.38
6155.30000 1548.61
6155.40000 1561.26
6155.50000 1563.04
6155.60000 1558.21
6155.70000 1554.29
6155.80000 1554.77
6155.90000 1567.27
6156.00000 1549.99
6156.10000 1553.72
6156.20000 1553.91
6156.30000 1552.77
6156.40000 1564.02
6156.50000 1562.15
6156.60000 1559.56
6156.70000 1557.38
6156.80000 1552.16
6156.90000 1567.12
6157.00000 1561.59
6157.10000 1558.80
6157.20000 1554.90
6157.30000 1562.29
6157.40000 1559.20
6157.50000 1559.77
6157.60000 1554.22
6157.70000 1557.80
6157.80000 1555.94
6157.90000 1561.99
6158.00000 1550.42
6158.10000 1566.46
6158.20000 1559.59
6158.30000 1567.28
6158.40000 1547.99
6158.50000 1562.08
6158.60000 1557.84
6158.70000 1565.03
6158.80000 1549.56
6158.90000 1544.20
6159.00000 1550.35
6159.10000 1538.39
6159.20000 1549.86
6159.30000 1534.97
6159.40000 1548.30
6159.50000 1555.41
6159.60000 1549.58
6159.70000 1553.87
6159.80000 1564.01
6159.90000 1550.80
6160.00000 1541.06
6160.10000 1544.53
6160.20000 1566.36
6160.30000 1547.97
6160.40000 1550.17
6160.50000 1537.43
6160.60000 1549.03
6160.70000 1546.43
6160.80000 1546.50
6160.90000 1553.68
6161.00000 1541.85
6161.10000 1553.37
6161.20000 1551.36
6161.30000 1541.97
6161.40000 1549.48
6161.50000 1544.11
6161.60000 1559.36
6161.70000 1550.47
6161.80000 1542.26
6161.90000 1548.12
6162.00000 1545.78
6162.10000 1529.96
6162.20000 1532.84
6162.30000 1533.32
6162.40000 1508.23
6162.50000 1518.22
6162.60000 1518.46
6162.70000 1544.53
6162.80000 1548.53
6162.90000 1528.99
6163.00000 1529.66
6163.10000 1523.12
6163.20000 1534.26
6163.30000 1541.79
6163.40000 1536.27
6163.50000 1537.46
6163.60000 1537.87
6163.70000 1537.52
6163.80000 1532.63
6163.90000 1531.73
6164.00000 1512.96
6164.10000 1528.35
6164.20000 1513.92
6164.30000 1517.65
6164.40000 1527.23
6164.50000 1519.60
6164.60000 1516.27
6164.70000 1513.07
6164.80000 1518.76
6164.90000 1513.62
6165.00000 1528.25
6165.10000 1535.47
6165.20000 1527.68
6165.30000 1520.68
6165.40000 1521.00
6165.50000 1520.78
6165.60000 1516.03
6165.70000 1525.29
6165.80000 1531.75
6165.90000 1529.76
6166.00000 1514.65
6166.10000 1516.93
6166.20000 1522.59
6166.30000 1507.85
6166.40000 1509.25
6166.50000 1501.21
6166.60000 1517.29
6166.70000 1517.25
6166.80000 1519.94
6166.90000 1508.63
6167.00000 1505.48
6167.10000 1507.41
6167.20000 1519.21
6167.30000 1514.78
6167.40000 1511.29
6167.50000 1531.05
6167.60000 1531.15
6167.70000 1517.67
6167.80000 1512.11
6167.90000 1513.03
6168.00000 1505.38
6168.10000 1512.40
6168.20000 1516.11
6168.30000 1516.62
6168.40000 1522.06
6168.50000 1517.55
6168.60000 1506.68
6168.70000 1523.58
6168.80000 1514.03
6168.90000 1509.13
6169.00000 1516.58
6169.10000 1515.03
6169.20000 1506.73
6169.30000 1514.55
6169.40000 1529.64
6169.50000 1530.70
6169.60000 1527.37
6169.70000 1512.91
6169.80000 1519.96
6169.90000 1529.00
6170.00000 1514.87
6170.10000 1508.45
6170.20000 1517.08
6170.30000 1509.62
6170.40000 1518.95
6170.50000 1526.23
6170.60000 1515.01
6170.70000 1517.80
6170.80000 1509.46
6170.90000 1520.36
6171.00000 1519.96
6171.10000 1512.15
6171.20000 1515.58
6171.30000 1518.40
6171.40000 1507.00
6171.50000 1512.24
6171.60000 1526.36
6171.70000 1523.22
6171.80000 1521.08
6171.90000 1518.43
6172.00000 1533.05
6172.10000 1511.48
6172.20000 1523.61
6172.30000 1530.01
6172.40000 1522.01
6172.50000 1529.04
6172.60000 1525.99
6172.70000 1515.83
6172.80000 1511.53
6172.90000 1528.56
6173.00000 1518.09
6173.10000 1518.71
6173.20000 1522.12
6173.30000 1508.70
6173.40000 1506.86
6173.50000 1526.45
6173.60000 1514.20
6173.70000 1522.73
6173.80000 1518.58
6173.90000 1525.05
6174.00000 1531.07
6174.10000 1527.31
6174.20000 1530.23
6174.30000 1513.41
6174.40000 1524.76
6174.50000 1525.98
6174.60000 1526.44
6174.70000 1523.48
6174.80000 1528.69
6174.90000 1525.45
6175.00000 1516.21
6175.10000 1527.87
6175.20000 1533.71
6175.30000 1520.42
6175.40000 1530.22
6175.50000 1526.13
6175.60000 1516.51
6175.70000 1526.20
6175.80000 1521.49
6175.90000 1526.16
6176.00000 1517.03
6176.10000 1539.01
6176.20000 1527.88
6176.30000 1505.11
6176.40000 1529.29
6176.50000 1534.32
6176.60000 1510.23
6176.70000 1510.16
6176.80000 1528.93
6176.90000 1512.93
6177.00000 1518.08
6177.10000 1518.79
6177.20000 1523.50
6177.30000 1511.37
6177.40000 1510.04
6177.50000 1513.28
6177.60000 1517.50
6177.70000 1506.63
6177.80000 1506.82
6177.90000 1517.47
6178.00000 1523.22
6178.10000 1511.75
6178.20000 1506.96
6178.30000 1524.92
6178.40000 1509.32
6178.50000 1517.82
6178.60000 1518.31
6178.70000 1518.53
6178.80000 1526.80
6178.90000 1528.45
6179.00000 1507.47
6179.10000 1516.87
6179.20000 1502.76
6179.30000 1519.45
6179.40000 1509.43
6179.50000 1534.37
6179.60000 1534.00
6179.70000 1516.46
6179.80000 1514.14
6179.90000 1519.79
6180.00000 1505.50
6180.10000 1522.00
6180.20000 1512.04
6180.30000 1520.70
6180.40000 1522.13
6180.50000 1514.68
6180.60000 1509.86
6180.70000 1500.63
6180.80000 1509.35
6180.90000 1516.63
6181.00000 1511.07
6181.10000 1507.35
6181.20000 1518.21
6181.30000 1518.65
6181.40000 1509.47
6181.50000 1512.04
6181.60000 1502.29
6181.70000 1508.96
6181.80000 1510.31
6181.90000 1516.85
6182.00000 1511.27
6182.10000 1525.05
6182.20000 1514.24
6182.30000 1503.04
6182.40000 1525.74
6182.50000 1512.75
6182.60000 1511.86
6182.70000 1514.11
6182.80000 1499.24
6182.90000 1508.07
6183.00000 1496.66
6183.10000 1492.99
6183.20000 1514.84
6183.30000 1510.16
6183.40000 1510.38
6183.50000 1506.59
6183.60000 1503.03
6183.70000 1510.50
6183.80000 1496.82
6183.90000 1513.78
6184.00000 1512.88
6184.10000 1521.58
6184.20000 1524.84
6184.30000 1513.32
6184.40000 1517.92
6184.50000 1513.61
6184.60000 1513.42
6184.70000 1510.73
6184.80000 1513.55
6184.90000 1514.02
6185.00000 1514.34
6185.10000 1518.75
6185.20000 1506.81
6185.30000 1526.13
6185.40000 1508.26
6185.50000 1513.65
6185.60000 1514.63
6185.70000 1493.68
6185.80000 1496.84
6185.90000 1511.01
6186.00000 1519.92
6186.10000 1500.94
6186.20000 1505.54
6186.30000 1497.95
6186.40000 1495.01
6186.50000 1492.18
6186.60000 1507.55
6186.70000 1513.99
6186.80000 1516.77
6186.90000 1518.88
6187.00000 1504.43
6187.10000 1505.96
6187.20000 1512.02
6187.30000 1481.52
6187.40000 1490.87
6187.50000 1496.80
6187.60000 1495.99
6187.70000 1507.69
6187.80000 1507.47
6187.90000 1499.18
6188.00000 1514.59
6188.10000 1505.55
6188.20000 1505.93
6188.30000 1513.33
6188.40000 1518.19
6188.50000 1521.15
6188.60000 1520.48
6188.70000 1506.85
6188.80000 1508.62
6188.90000 1514.78
6189.00000 1514.70
6189.10000 1523.30
6189.20000 1526.67
6189.30000 1510.47
6189.40000 1518.62
6189.50000 1501.67
6189.60000 1505.28
6189.70000 1498.37
6189.80000 1515.72
6189.90000 1509.74
6190.00000 1515.66
6190.10000 1515.96
6190.20000 1518.60
6190.30000 1514.79
6190.40000 1512.89
6190.50000 1514.66
6190.60000 1517.71
6190.70000 1513.27
6190.80000 1519.35
6190.90000 1512.80
6191.00000 1510.79
6191.10000 1512.45
6191.20000 1512.38
6191.30000 1514.89
6191.40000 1512.81
6191.50000 1523.33
6191.60000 1513.59
6191.70000 1516.70
6191.80000 1522.77
6191.90000 1514.54
6192.00000 1519.66
6192.10000 1528.26
6192.20000 1520.97
6192.30000 1517.24
6192.40000 1517.10
6192.50000 1515.16
6192.60000 1514.92
6192.70000 1521.84
6192.80000 1527.16
6192.90000 1521.41
6193.00000 1524.07
6193.10000 1517.69
6193.20000 1513.88
6193.30000 1517.77
6193.40000 1514.48
6193.50000 1505.19
6193.60000 1505.37
6193.70000 1512.76
6193.80000 1527.56
6193.90000 1514.25
6194.00000 1520.81
6194.10000 1534.43
6194.20000 1516.49
6194.30000 1523.35
6194.40000 1524.73
6194.50000 1528.68
6194.60000 1530.50
6194.70000 1522.82
6194.80000 1521.65
6194.90000 1512.23
6195.00000 1516.92
6195.10000 1504.06
6195.20000 1500.78
6195.30000 1507.01
6195.40000 1500.00
6195.50000 1516.11
6195.60000 1516.68
6195.70000 1523.97
6195.80000 1539.79
6195.90000 1533.82
6196.00000 1527.73
6196.10000 1510.01
6196.20000 1489.35
6196.30000 1470.67
6196.40000 1416.88
6196.50000 1380.12
6196.60000 1406.53
6196.70000 1449.54
6196.80000 1501.16
6196.90000 1522.57
6197.00000 1519.97
6197.10000 1539.86
6197.20000 1527.19
6197.30000 1520.66
6197.40000 1528.42
6197.50000 1526.49
6197.60000 1520.41
6197.70000 1539.75
6197.80000 1525.91
6197.90000 1520.85
6198.00000 1520.31
6198.10000 1518.94
6198.20000 1547.99
6198.30000 1523.74
6198.40000 1522.06
6198.50000 1540.08
6198.60000 1534.76
6198.70000 1532.59
6198.80000 1521.43
6198.90000 1518.01
6199.00000 1514.79
6199.10000 1524.83
6199.20000 1514.62
6199.30000 1526.66
6199.40000 1503.53
6199.50000 1512.32
6199.60000 1518.76
6199.70000 1525.48
6199.80000 1540.44
6199.90000 1530.22
6200.00000 1523.31
6200.10000 1515.01
6200.20000 1523.69
6200.30000 1521.28
6200.40000 1526.11
6200.50000 1533.81
6200.60000 1521.35
6200.70000 1516.45
6200.80000 1521.66
6200.90000 1512.48
6201.00000 1529.61
6201.10000 1509.98
6201.20000 1528.90
6201.30000 1518.10
6201.40000 1538.30
6201.50000 1538.71
6201.60000 1519.74
6201.70000 1535.68
6201.80000 1526.95
6201.90000 1503.33
6202.00000 1504.67
6202.10000 1505.27
6202.20000 1498.95
6202.30000 1493.43
6202.40000 1510.44
6202.50000 1497.78
6202.60000 1485.77
6202.70000 1476.91
6202.80000 1468.26
6202.90000 1472.90
6203.00000 1462.81
6203.10000 1458.17
6203.20000 1462.93
6203.30000 1438.89
6203.40000 1432.82
6203.50000 1422.87
6203.60000 1432.67
6203.70000 1436.87
6203.80000 1435.51
6203.90000 1437.97
6204.00000 1438.82
6204.10000 1457.82
6204.20000 1483.82
6204.30000 1495.11
6204.40000 1502.89
6204.50000 1505.69
6204.60000 1496.74
6204.70000 1497.28
6204.80000 1509.39
6204.90000 1501.85
6205.00000 1501.90
6205.10000 1506.22
6205.20000 1500.40
6205.30000 1503.01
6205.40000 1514.49
6205.50000 1505.22
6205.60000 1507.45
6205.70000 1512.16
6205.80000 1524.88
6205.90000 1515.29
6206.00000 1506.78
6206.10000 1525.09
6206.20000 1509.29
6206.30000 1525.13
6206.40000 1509.19
6206.50000 1511.66
6206.60000 1513.83
6206.70000 1510.58
6206.80000 1523.22
6206.90000 1516.16
6207.00000 1526.93
6207.10000 1528.02
6207.20000 1515.99
6207.30000 1510.56
6207.40000 1526.11
6207.50000 1525.39
6207.60000 1512.12
6207.70000 1511.05
6207.80000 1525.64
6207.90000 1519.63
6208.00000 1525.93
6208.10000 1515.10
6208.20000 1524.17
6208.30000 1532.82
6208.40000 1521.01
6208.50000 1529.48
6208.60000 1538.89
6208.70000 1526.20
6208.80000 1525.89
6208.90000 1539.92
6209.00000 1532.00
6209.10000 1515.84
6209.20000 1528.28
6209.30000 1549.27
6209.40000 1533.74
6209.50000 1538.04
6209.60000 1518.76
6209.70000 1530.15
6209.80000 1528.95
6209.90000 1538.24
6210.00000 1536.23
6210.10000 1526.98
6210.20000 1517.44
6210.30000 1526.63
6210.40000 1534.78
6210.50000 1536.40
6210.60000 1523.51
6210.70000 1525.52
6210.80000 1517.65
6210.90000 1539.20
6211.00000 1531.24
6211.10000 1513.14
6211.20000 1519.29
6211.30000 1516.47
6211.40000 1525.77
6211.50000 1507.94
6211.60000 1524.88
6211.70000 1528.25
6211.80000 1531.62
6211.90000 1507.04
6212.00000 1524.02
6212.10000 1512.33
6212.20000 1496.39
6212.30000 1509.96
6212.40000 1508.84
6212.50000 1512.93
6212.60000 1502.53
6212.70000 1510.76
6212.80000 1531.65
6212.90000 1523.95
6213.00000 1535.24
6213.10000 1539.30
6213.20000 1527.98
6213.30000 1519.81
6213.40000 1509.23
6213.50000 1510.93
6213.60000 1522.08
6213.70000 1512.70
6213.80000 1520.25
6213.90000 1517.78
6214.00000 1532.43
6214.10000 1536.02
6214.20000 1528.13
6214.30000 1508.82
6214.40000 1534.30
6214.50000 1530.84
6214.60000 1526.04
6214.70000 1522.69
6214.80000 1513.17
6214.90000 1522.74
6215.00000 1527.52
6215.10000 1525.59
6215.20000 1530.28
6215.30000 1532.90
6215.40000 1525.85
6215.50000 1525.31
6215.60000 1543.07
6215.70000 1519.93
6215.80000 1523.36
6215.90000 1513.67
6216.00000 1516.08
6216.10000 1529.56
6216.20000 1518.37
6216.30000 1506.33
6216.40000 1519.36
6216.50000 1503.06
6216.60000 1510.36
6216.70000 1523.48
6216.80000 1531.87
6216.90000 1529.14
6217.00000 1531.69
6217.10000 1516.62
6217.20000 1531.84
6217.30000 1541.59
6217.40000 1540.81
6217.50000 1531.13
6217.60000 1542.22
6217.70000 1534.25
6217.80000 1540.76
6217.90000 1535.46
6218.00000 1533.97
6218.10000 1545.47
6218.20000 1533.09
6218.30000 1546.24
6218.40000 1535.82
6218.50000 1539.59
6218.60000 1532.29
6218.70000 1532.55
6218.80000 1536.31
6218.90000 1523.31
6219.00000 1528.09
6219.10000 1536.93
6219.20000 1532.19
6219.30000 1535.81
6219.40000 1518.08
6219.50000 1538.42
6219.60000 1523.71
6219.70000 1524.00
6219.80000 1552.91
6219.90000 1537.02
6220.00000 1535.60
6220.10000 1528.86
6220.20000 1552.66
6220.30000 1535.10
6220.40000 1527.58
6220.50000 1524.31
6220.60000 1520.69
6220.70000 1526.11
6220.80000 1534.12
6220.90000 1533.04
6221.00000 1538.95
6221.10000 1523.07
6221.20000 1521.40
6221.30000 1525.20
6221.40000 1517.27
6221.50000 1519.97
6221.60000 1518.51
6221.70000 1521.48
6221.80000 1521.62
6221.90000 1531.56
6222.00000 1544.91
6222.10000 1524.08
6222.20000 1525.30
6222.30000 1539.67
6222.40000 1528.47
6222.50000 1522.06
6222.60000 1532.21
6222.70000 1540.73
6222.80000 1532.52
6222.90000 1536.44
6223.00000 1534.91
6223.10000 1534.02
6223.20000 1536.82
6223.30000 1544.39
6223.40000 1531.02
6223.50000 1526.81
6223.60000 1528.42
6223.70000 1537.39
6223.80000 1535.37
6223.90000 1533.59
6224.00000 1521.91
6224.10000 1526.54
6224.20000 1523.67
6224.30000 1535.80
6224.40000 1529.72
6224.50000 1525.71
6224.60000 1547.28
6224.70000 1528.73
6224.80000 1536.19
6224.90000 1541.03
6225.00000 1534.84
6225.10000 1528.81
6225.20000 1541.36
6225.30000 1536.80
6225.40000 1526.76
6225.50000 1534.14
6225.60000 1535.77
6225.70000 1535.41
6225.80000 1523.66
6225.90000 1528.98
6226.00000 1536.82
6226.10000 1541.49
6226.20000 1545.89
6226.30000 1536.83
6226.40000 1540.67
6226.50000 1536.33
6226.60000 1538.34
6226.70000 1513.34
6226.80000 1518.01
6226.90000 1531.95
6227.00000 1529.32
6227.10000 1531.89
6227.20000 1542.41
6227.30000 1555.23
6227.40000 1550.39
6227.50000 1556.67
6227.60000 1537.76
6227.70000 1548.33
6227.80000 1530.36
6227.90000 1536.15
6228.00000 1548.75
6228.10000 1546.99
6228.20000 1548.67
6228.30000 1534.82
6228.40000 1537.40
6228.50000 1538.71
6228.60000 1547.25
6228.70000 1538.52
6228.80000 1541.47
6228.90000 1549.84
6229.00000 1542.27
6229.10000 1559.68
6229.20000 1553.56
6229.30000 1554.49
6229.40000 1537.36
6229.50000 1566.70
6229.60000 1563.84
6229.70000 1548.94
6229.80000 1542.60
6229.90000 1550.29
6230.00000 1546.41
6230.10000 1560.12
6230.20000 1559.08
6230.30000 1548.80
6230.40000 1552.75
6230.50000 1550.40
6230.60000 1547.34
6230.70000 1550.71
6230.80000 1547.52
6230.90000 1545.82
6231.00000 1565.85
6231.10000 1560.21
6231.20000 1559.99
6231.30000 1549.09
6231.40000 1544.36
6231.50000 1556.97
6231.60000 1558.77
6231.70000 1550.38
6231.80000 1551.91
6231.90000 1560.84
6232.00000 1554.03
6232.10000 1556.18
6232.20000 1557.19
6232.30000 1571.10
6232.40000 1561.56
6232.50000 1567.66
6232.60000 1563.63
6232.70000 1568.81
6232.80000 1563.69
6232.90000 1552.00
6233.00000 1553.11
6233.10000 1550.80
6233.20000 1563.94
6233.30000 1564.24
6233.40000 1563.12
6233.50000 1559.44
6233.60000 1557.55
6233.70000 1557.69
6233.80000 1556.16
6233.90000 1558.04
6234.00000 1567.34
6234.10000 1562.79
6234.20000 1553.68
6234.30000 1544.34
6234.40000 1555.12
6234.50000 1528.35
6234.60000 1535.24
6234.70000 1528.52
6234.80000 1560.89
6234.90000 1565.71
6235.00000 1576.62
6235.10000 1580.23
6235.20000 1587.59
6235.30000 1582.21
6235.40000 1585.33
6235.50000 1589.69
6235.60000 1586.50
6235.70000 1592.64
6235.80000 1594.56
6235.90000 1600.75
6236.00000 1605.12
6236.10000 1599.89
6236.20000 1606.13
6236.30000 1598.27
6236.40000 1589.40
6236.50000 1601.38
6236.60000 1615.14
6236.70000 1620.05
6236.80000 1618.61
6236.90000 1611.00
6237.00000 1606.60
6237.10000 1592.43
6237.20000 1592.86
6237.30000 1588.17
6237.40000 1591.52
6237.50000 1576.92
6237.60000 1593.56
6237.70000 1590.38
6237.80000 1596.76
6237.90000 1588.18
6238.00000 1591.36
6238.10000 1585.35
6238.20000 1578.90
6238.30000 1588.43
6238.40000 1580.03
6238.50000 1589.58
6238.60000 1569.63
6238.70000 1560.32
6238.80000 1562.59
6238.90000 1567.97
6239.00000 1584.55
6239.10000 1569.89
6239.20000 1575.27
6239.30000 1559.39
6239.40000 1554.39
6239.50000 1568.42
6239.60000 1571.02
6239.70000 1567.34
6239.80000 1577.20
6239.90000 1568.50
6240.00000 1578.49
6240.10000 1564.30
6240.20000 1575.99
6240.30000 1554.78
6240.40000 1557.30
6240.50000 1580.53
6240.60000 1577.86
6240.70000 1575.04
6240.80000 1576.12
6240.90000 1577.73
6241.00000 1559.08
6241.10000 1581.97
6241.20000 1592.18
6241.30000 1584.03
6241.40000 1594.87
6241.50000 1588.06
6241.60000 1601.27
6241.70000 1598.24
6241.80000 1595.54
6241.90000 1602.66
6242.00000 1584.16
6242.10000 1586.54
6242.20000 1603.16
6242.30000 1605.24
6242.40000 1597.05
6242.50000 1587.55
6242.60000 1588.30
6242.70000 1580.08
6242.80000 1582.03
6242.90000 1577.81
6243.00000 1586.22
6243.10000 1593.93
6243.20000 1597.93
6243.30000 1591.83
6243.40000 1586.53
6243.50000 1595.41
6243.60000 1592.60
6243.70000 1589.31
6243.80000 1579.77
6243.90000 1585.68
6244.00000 1594.45
6244.10000 1589.74
6244.20000 1588.93
6244.30000 1587.38
6244.40000 1589.65
6244.50000 1580.59
6244.60000 1569.83
6244.70000 1574.57
6244.80000 1580.41
6244.90000 1580.52
6245.00000 1592.39
6245.10000 1591.04
6245.20000 1581.98
6245.30000 1606.02
6245.40000 1604.93
6245.50000 1618.69
6245.60000 1596.30
6245.70000 1607.53
6245.80000 1609.70
6245.90000 1621.97
6246.00000 1610.40
6246.10000 1615.38
6246.20000 1616.17
6246.30000 1626.43
6246.40000 1621.03
6246.50000 1621.47
6246.60000 1615.42
6246.70000 1608.90
6246.80000 1607.16
6246.90000 1601.10
6247.00000 1599.29
6247.10000 1620.50
6247.20000 1610.27
6247.30000 1613.09
6247.40000 1604.40
6247.50000 1597.86
6247.60000 1590.51
6247.70000 1596.28
6247.80000 1609.29
6247.90000 1593.52
6248.00000 1582.17
6248.10000 1605.25
6248.20000 1592.98
6248.30000 1589.22
6248.40000 1586.60
6248.50000 1595.75
6248.60000 1601.06
6248.70000 1588.90
6248.80000 1592.98
6248.90000 1588.25
6249.00000 1597.09
6249.10000 1605.83
6249.20000 1605.40
6249.30000 1597.26
6249.40000 1592.51
6249.50000 1599.90
6249.60000 1596.79
6249.70000 1600.35
6249.80000 1602.96
6249.90000 1600.95
6250.00000 1599.19
6250.10000 1602.54
6250.20000 1612.83
6250.30000 1614.72
6250.40000 1618.24
6250.50000 1621.88
6250.60000 1621.83
6250.70000 1628.36
6250.80000 1606.17
6250.90000 1618.93
6251.00000 1614.01
6251.10000 1598.37
6251.20000 1593.67
6251.30000 1585.21
6251.40000 1582.91
6251.50000 1595.24
6251.60000 1585.15
6251.70000 1596.58
6251.80000 1600.73
6251.90000 1605.41
6252.00000 1585.57
6252.10000 1596.25
6252.20000 1590.31
6252.30000 1586.35
6252.40000 1584.19
6252.50000 1580.40
6252.60000 1544.73
6252.70000 1563.71
6252.80000 1550.16
6252.90000 1542.91
6253.00000 1553.80
6253.10000 1554.08
6253.20000 1541.19
6253.30000 1543.46
6253.40000 1550.05
6253.50000 1558.99
6253.60000 1542.07
6253.70000 1536.89
6253.80000 1537.01
6253.90000 1528.27
6254.00000 1539.19
6254.10000 1548.71
6254.20000 1526.63
6254.30000 1526.89
6254.40000 1533.16
6254.50000 1534.97
6254.60000 1536.05
6254.70000 1537.71
6254.80000 1524.10
6254.90000 1527.18
6255.00000 1539.25
6255.10000 1537.62
6255.20000 1528.02
6255.30000 1524.29
6255.40000 1522.54
6255.50000 1523.27
6255.60000 1509.16
6255.70000 1531.84
6255.80000 1515.63
6255.90000 1520.01
6256.00000 1528.73
6256.10000 1529.82
6256.20000 1510.42
6256.30000 1526.80
6256.40000 1518.39
6256.50000 1535.65
6256.60000 1527.15
6256.70000 1513.30
6256.80000 1531.69
6256.90000 1531.74
6257.00000 1520.25
6257.10000 1534.47
6257.20000 1531.77
6257.30000 1531.67
6257.40000 1512.83
6257.50000 1522.64
6257.60000 1516.01
6257.70000 1529.17
6257.80000 1516.00
6257.90000 1527.19
6258.00000 1524.09
6258.10000 1510.67
6258.20000 1518.60
6258.30000 1521.17
6258.40000 1537.89
6258.50000 1532.38
6258.60000 1516.39
6258.70000 1519.33
6258.80000 1519.41
6258.90000 1532.96
6259.00000 1524.89
6259.10000 1513.99
6259.20000 1513.67
6259.30000 1524.82
6259.40000 1519.46
6259.50000 1519.90
6259.60000 1522.18
6259.70000 1529.56
6259.80000 1513.82
6259.90000 1506.60
6260.00000 1520.25
6260.10000 1515.59
6260.20000 1517.02
6260.30000 1520.06
6260.40000 1517.65
6260.50000 1516.40
6260.60000 1520.28
6260.70000 1518.26
6260.80000 1515.20
6260.90000 1531.01
6261.00000 1526.07
6261.10000 1513.86
6261.20000 1515.43
6261.30000 1525.39
6261.40000 1514.20
6261.50000 1517.59
6261.60000 1503.10
6261.70000 1499.60
6261.80000 1516.81
6261.90000 1507.29
6262.00000 1506.69
6262.10000 1509.53
6262.20000 1512.93
6262.30000 1518.90
6262.40000 1516.45
6262.50000 1515.81
6262.60000 1524.14
6262.70000 1519.45
6262.80000 1512.26
6262.90000 1503.72
6263.00000 1527.15
6263.10000 1509.14
6263.20000 1509.44
6263.30000 1521.59
6263.40000 1504.46
6263.50000 1510.15
6263.60000 1517.70
6263.70000 1523.05
6263.80000 1508.09
6263.90000 1522.79
6264.00000 1521.47
6264.10000 1514.72
6264.20000 1506.69
6264.30000 1527.59
6264.40000 1525.44
6264.50000 1536.48
6264.60000 1514.71
6264.70000 1513.26
6264.80000 1516.43
6264.90000 1507.04
6265.00000 1512.86
6265.10000 1513.39
6265.20000 1509.86
6265.30000 1517.91
6265.40000 1516.65
6265.50000 1508.91
6265.60000 1519.15
6265.70000 1524.08
6265.80000 1526.40
6265.90000 1514.22
6266.00000 1518.13
6266.10000 1503.58
6266.20000 1525.57
6266.30000 1510.97
6266.40000 1512.34
6266.50000 1511.12
6266.60000 1513.02
6266.70000 1515.53
6266.80000 1516.07
6266.90000 1497.30
6267.00000 1520.64
6267.10000 1512.09
6267.20000 1511.30
6267.30000 1515.51
6267.40000 1506.24
6267.50000 1508.25
6267.60000 1511.35
6267.70000 1513.18
6267.80000 1523.30
6267.90000 1514.59
6268.00000 1508.16
6268.10000 1510.12
6268.20000 1491.76
6268.30000 1511.94
6268.40000 1501.77
6268.50000 1495.26
6268.60000 1507.07
6268.70000 1511.79
6268.80000 1509.82
6268.90000 1509.14
6269.00000 1506.16
6269.10000 1485.18
6269.20000 1496.45
6269.30000 1485.28
6269.40000 1485.50
6269.50000 1493.62
6269.60000 1484.89
6269.70000 1489.10
6269.80000 1477.82
6269.90000 1460.44
6270.00000 1447.65
6270.10000 1439.40
6270.20000 1426.01
6270.30000 1434.29
6270.40000 1425.35
6270.50000 1438.26
6270.60000 1446.65
6270.70000 1453.84
6270.80000 1448.67
6270.90000 1468.60
6271.00000 1455.43
6271.10000 1477.67
6271.20000 1489.86
6271.30000 1484.70
6271.40000 1483.13
6271.50000 1495.00
6271.60000 1500.30
6271.70000 1478.83
6271.80000 1483.98
6271.90000 1489.48
6272.00000 1486.25
6272.10000 1488.20
6272.20000 1505.03
6272.30000 1495.91
6272.40000 1492.56
6272.50000 1492.72
6272.60000 1500.31
6272.70000 1507.63
6272.80000 1501.49
6272.90000 1496.11
6273.00000 1472.51
6273.10000 1489.75
6273.20000 1490.41
6273.30000 1492.09
6273.40000 1509.47
6273.50000 1508.14
6273.60000 1504.19
6273.70000 1515.34
6273.80000 1503.14
6273.90000 1487.10
6274.00000 1508.24
6274.10000 1511.83
6274.20000 1502.69
6274.30000 1513.46
6274.40000 1497.56
6274.50000 1501.40
6274.60000 1499.29
6274.70000 1518.34
6274.80000 1518.61
6274.90000 1503.26
6275.00000 1498.17
6275.10000 1483.90
6275.20000 1493.88
6275.30000 1499.21
6275.40000 1499.01
6275.50000 1498.94
6275.60000 1496.43
6275.70000 1511.74
6275.80000 1495.91
6275.90000 1452.21
6276.00000 1486.03
6276.10000 1470.15
6276.20000 1497.12
6276.30000 1494.47
6276.40000 1499.26
6276.50000 1510.38
6276.60000 1505.09
6276.70000 1488.45
6276.80000 1492.65
6276.90000 1508.45
6277.00000 1487.99
6277.10000 1454.48
6277.20000 1192.19
6277.30000 1399.05
6277.40000 1253.27
6277.50000 1363.98
6277.60000 1450.91
6277.70000 1469.68
6277.80000 1453.14
6277.90000 1177.78
6278.00000 1208.77
6278.10000 1228.69
6278.20000 1273.53
6278.30000 1346.10
6278.40000 1391.61
6278.50000 1424.02
6278.60000 1251.35
6278.70000 900.99
6278.80000 1373.68
6278.90000 1432.72
6279.00000 1388.70
6279.10000 1468.46
6279.20000 1488.02
6279.30000 1476.58
6279.40000 1393.78
6279.50000 1201.47
6279.60000 1411.36
6279.70000 1127.20
6279.80000 1410.15
6279.90000 1458.74
6280.00000 1486.76
6280.10000 1472.29
6280.20000 1472.08
6280.30000 1478.49
6280.40000 1418.77
6280.50000 1152.74
6280.60000 1429.47
6280.70000 1468.67
6280.80000 1451.17
6280.90000 1404.35
6281.00000 1133.71
6281.10000 1413.23
6281.20000 1455.84
6281.30000 1464.00
6281.40000 1458.20
6281.50000 1453.82
6281.60000 1444.50
6281.70000 1387.57
6281.80000 1202.16
6281.90000 1436.84
6282.00000 1456.02
6282.10000 1445.77
6282.20000 1427.12
6282.30000 1405.16
6282.40000 1413.99
6282.50000 1280.41
6282.60000 1245.42
6282.70000 1437.20
6282.80000 1431.42
6282.90000 1433.13
6283.00000 1415.09
6283.10000 1362.18
6283.20000 1385.38
6283.30000 1209.14
6283.40000 1308.15
6283.50000 1392.40
6283.60000 1397.56
6283.70000 1386.93
6283.80000 1377.22
6283.90000 1370.83
6284.00000 1360.55
6284.10000 1355.99
6284.20000 1362.01
6284.30000 1320.06
6284.40000 1177.56
6284.50000 1344.17
6284.60000 1355.34
6284.70000 1371.10
6284.80000 1378.47
6284.90000 1377.63
6285.00000 1380.99
6285.10000 1313.22
6285.20000 1359.05
6285.30000 1379.91
6285.40000 1391.79
6285.50000 1390.60
6285.60000 1408.01
6285.70000 1394.65
6285.80000 1417.04
6285.90000 1429.15
6286.00000 1426.87
6286.10000 1403.21
6286.20000 1414.41
6286.30000 1388.83
6286.40000 1333.60
6286.50000 1394.07
6286.60000 1437.11
6286.70000 1443.26
6286.80000 1453.63
6286.90000 1452.95
6287.00000 1454.48
6287.10000 1469.53
6287.20000 1478.28
6287.30000 1472.86
6287.40000 1460.96
6287.50000 1488.63
6287.60000 1476.81
6287.70000 1479.68
6287.80000 1435.47
6287.90000 1447.60
6288.00000 1452.83
6288.10000 1446.42
6288.20000 1428.28
6288.30000 1341.23
6288.40000 1363.18
6288.50000 1476.18
6288.60000 1478.51
6288.70000 1486.90
6288.80000 1491.35
6288.90000 1504.05
6289.00000 1484.99
6289.10000 1490.70
6289.20000 1486.01
6289.30000 1504.99
6289.40000 1501.35
6289.50000 1477.95
6289.60000 1475.94
6289.70000 1443.48
6289.80000 1463.04
6289.90000 1464.48
6290.00000 1290.06
6290.10000 1461.69
6290.20000 1483.85
6290.30000 1509.57
6290.40000 1508.84
6290.50000 1510.27
6290.60000 1492.95
6290.70000 1476.50
6290.80000 1251.04
6290.90000 1411.68
6291.00000 1499.66
6291.10000 1493.49
6291.20000 1495.12
6291.30000 1500.93
6291.40000 1469.99
6291.50000 1491.58
6291.60000 1504.39
6291.70000 1509.76
6291.80000 1507.77
6291.90000 1516.98
6292.00000 1500.97
6292.10000 1509.49
6292.20000 1510.53
6292.30000 1523.54
6292.40000 1503.20
6292.50000 1512.08
6292.60000 1514.51
6292.70000 1391.37
6292.80000 1294.67
6292.90000 1574.90
6293.00000 1512.10
6293.10000 1495.84
6293.20000 1435.73
6293.30000 1486.30
6293.40000 1508.93
6293.50000 1354.09
6293.60000 1272.00
6293.70000 1482.23
6293.80000 1505.13
6293.90000 1508.01
6294.00000 1506.90
6294.10000 1517.66
6294.20000 1513.66
6294.30000 1523.23
6294.40000 1518.59
6294.50000 1510.79
6294.60000 1503.28
6294.70000 1517.55
6294.80000 1526.36
6294.90000 1514.87
6295.00000 1518.60
6295.10000 1516.32
6295.20000 1484.75
6295.30000 1469.01
6295.40000 1503.39
6295.50000 1518.38
6295.60000 1515.39
6295.70000 1430.37
6295.80000 1217.84
6295.90000 1507.25
6296.00000 1523.53
6296.10000 1514.96
6296.20000 1516.36
6296.30000 1507.40
6296.40000 1508.31
6296.50000 1372.17
6296.60000 1233.14
6296.70000 1500.21
6296.80000 1508.20
6296.90000 1505.34
6297.00000 1535.19
6297.10000 1508.38
6297.20000 1509.12
6297.30000 1502.60
6297.40000 1525.86
6297.50000 1510.13
6297.60000 1508.19
6297.70000 1517.78
6297.80000 1488.76
6297.90000 1435.63
6298.00000 1509.22
6298.10000 1510.91
6298.20000 1515.86
6298.30000 1510.24
6298.40000 1512.09
6298.50000 1534.55
6298.60000 1525.46
6298.70000 1522.45
6298.80000 1522.77
6298.90000 1499.37
6299.00000 1361.05
6299.10000 1289.64
6299.20000 1518.69
6299.30000 1510.83
6299.40000 1520.09
6299.50000 1513.66
6299.60000 1508.68
6299.70000 1500.06
6299.80000 1234.39
6299.90000 1375.94
6300.00000 1501.56
6300.10000 1518.91
6300.20000 1516.51
6300.30000 1516.60
6300.40000 1516.10
6300.50000 1502.59
6300.60000 1510.42
6300.70000 1515.44
6300.80000 1515.40
6300.90000 1578.44
6301.00000 1511.47
6301.10000 1522.79
6301.20000 1516.55
6301.30000 1518.24
6301.40000 1519.89
6301.50000 1508.62
6301.60000 1519.18
6301.70000 1506.34
6301.80000 1522.79
6301.90000 1518.68
6302.00000 1529.48
6302.10000 1524.09
6302.20000 1508.67
6302.30000 1522.93
6302.40000 1516.94
6302.50000 1473.98
6302.60000 1247.58
6302.70000 1468.14
6302.80000 1515.05
6302.90000 1526.11
6303.00000 1517.00
6303.10000 1527.88
6303.20000 1522.59
6303.30000 1412.85
6303.40000 1286.10
6303.50000 1518.28
6303.60000 1524.90
6303.70000 1530.28
6303.80000 1520.42
6303.90000 1519.01
6304.00000 1523.86
6304.10000 1526.15
6304.20000 1511.13
6304.30000 1525.16
6304.40000 1523.61
6304.50000 1520.36
6304.60000 1514.81
6304.70000 1525.52
6304.80000 1539.45
6304.90000 1534.15
6305.00000 1528.78
6305.10000 1525.03
6305.20000 1532.57
6305.30000 1526.78
6305.40000 1526.48
6305.50000 1523.89
6305.60000 1523.52
6305.70000 1518.14
6305.80000 1512.97
6305.90000 1515.47
6306.00000 1514.29
6306.10000 1514.76
6306.20000 1510.73
6306.30000 1494.76
6306.40000 1306.47
6306.50000 1472.56
6306.60000 1526.16
6306.70000 1531.09
6306.80000 1515.56
6306.90000 1512.11
6307.00000 1505.78
6307.10000 1426.06
6307.20000 1328.01
6307.30000 1512.64
6307.40000 1515.30
6307.50000 1526.25
6307.60000 1531.08
6307.70000 1509.48
6307.80000 1510.97
6307.90000 1518.43
6308.00000 1514.11
6308.10000 1515.53
6308.20000 1516.89
6308.30000 1514.99
6308.40000 1515.79
6308.50000 1522.66
6308.60000 1527.31
6308.70000 1536.41
6308.80000 1525.13
6308.90000 1511.37
6309.00000 1519.23
6309.10000 1526.39
6309.20000 1521.51
6309.30000 1519.14
6309.40000 1510.15
6309.50000 1506.30
6309.60000 1515.46
6309.70000 1512.27
6309.80000 1526.15
6309.90000 1530.67
6310.00000 1484.81
6310.10000 1512.91
6310.20000 1523.01
6310.30000 1517.32
6310.40000 1478.94
6310.50000 1367.95
6310.60000 1505.31
6310.70000 1528.96
6310.80000 1531.99
6310.90000 1535.05
6311.00000 1527.35
6311.10000 1517.96
6311.20000 1399.61
6311.30000 1444.87
6311.40000 1529.39
6311.50000 1515.59
6311.60000 1535.45
6311.70000 1538.56
6311.80000 1531.44
6311.90000 1526.10
6312.00000 1529.53
6312.10000 1532.03
6312.20000 1526.19
6312.30000 1516.66
6312.40000 1514.25
6312.50000 1535.42
6312.60000 1521.91
6312.70000 1535.16
6312.80000 1540.21
6312.90000 1545.67
6313.00000 1543.71
6313.10000 1532.51
6313.20000 1538.80
6313.30000 1548.40
6313.40000 1545.79
6313.50000 1532.76
6313.60000 1538.83
6313.70000 1564.44
6313.80000 1560.57
6313.90000 1561.93
6314.00000 1553.60
6314.10000 1562.76
6314.20000 1567.48
6314.30000 1565.74
6314.40000 1570.92
6314.50000 1587.38
6314.60000 1579.08
6314.70000 1572.76
6314.80000 1491.95
6314.90000 1520.63
6315.00000 1588.11
6315.10000 1595.64
6315.20000 1595.01
6315.30000 1590.36
6315.40000 1603.82
6315.50000 1579.06
6315.60000 1496.20
6315.70000 1595.78
6315.80000 1613.42
6315.90000 1626.27
6316.00000 1625.66
6316.10000 1618.30
6316.20000 1648.22
6316.30000 1651.11
6316.40000 1650.03
6316.50000 1654.23
6316.60000 1637.94
6316.70000 1639.81
6316.80000 1643.49
6316.90000 1563.54
6317.00000 1591.35
6317.10000 1612.07
6317.20000 1625.98
6317.30000 1607.76
6317.40000 1612.83
6317.50000 1619.00
6317.60000 1606.66
6317.70000 1586.04
6317.80000 1574.25
6317.90000 1580.73
6318.00000 1592.87
6318.10000 1601.39
6318.20000 1614.06
6318.30000 1624.59
6318.40000 1612.34
6318.50000 1608.26
6318.60000 1610.35
6318.70000 1609.61
6318.80000 1608.47
6318.90000 1616.07
6319.00000 1604.10
6319.10000 1620.34
6319.20000 1622.70
6319.30000 1623.59
6319.40000 1589.04
6319.50000 1574.66
6319.60000 1613.08
6319.70000 1629.46
6319.80000 1625.30
6319.90000 1624.50
6320.00000 1642.11
6320.10000 1603.95
6320.20000 1546.04
6320.30000 1619.06
6320.40000 1613.31
6320.50000 1549.88
6320.60000 1599.26
6320.70000 1642.32
6320.80000 1651.81
6320.90000 1638.76
6321.00000 1657.03
6321.10000 1645.30
6321.20000 1673.72
6321.30000 1641.90
6321.40000 1638.45
6321.50000 1633.04
6321.60000 1636.68
6321.70000 1625.15
6321.80000 1633.13
6321.90000 1596.99
6322.00000 1598.70
6322.10000 1612.16
6322.20000 1608.99
6322.30000 1611.13
6322.40000 1600.02
6322.50000 1590.47
6322.60000 1595.67
6322.70000 1586.70
6322.80000 1589.12
6322.90000 1591.90
6323.00000 1577.50
6323.10000 1568.76
6323.20000 1576.26
6323.30000 1582.53
6323.40000 1597.50
6323.50000 1584.59
6323.60000 1584.99
6323.70000 1552.64
6323.80000 1558.71
6323.90000 1562.49
6324.00000 1565.45
6324.10000 1539.03
6324.20000 1542.58
6324.30000 1492.80
6324.40000 1472.25
6324.50000 1489.61
6324.60000 1520.29
6324.70000 1535.86
6324.80000 1536.66
6324.90000 1539.24
6325.00000 1528.70
6325.10000 1491.37
6325.20000 1528.06
6325.30000 1533.30
6325.40000 1519.87
6325.50000 1521.46
6325.60000 1515.14
6325.70000 1526.12
6325.80000 1536.75
6325.90000 1543.07
6326.00000 1554.12
6326.10000 1546.72
6326.20000 1537.94
6326.30000 1528.05
6326.40000 1529.37
6326.50000 1543.78
6326.60000 1552.91
6326.70000 1549.58
6326.80000 1532.85
6326.90000 1548.71
6327.00000 1526.99
6327.10000 1534.49
6327.20000 1538.53
6327.30000 1559.50
6327.40000 1540.10
6327.50000 1541.28
6327.60000 1544.22
6327.70000 1541.89
6327.80000 1537.65
6327.90000 1543.17
6328.00000 1540.21
6328.10000 1534.80
6328.20000 1543.71
6328.30000 1535.28
6328.40000 1549.34
6328.50000 1544.46
6328.60000 1545.72
6328.70000 1549.02
6328.80000 1544.31
6328.90000 1540.60
6329.00000 1541.31
6329.10000 1536.22
6329.20000 1549.30
6329.30000 1532.64
6329.40000 1543.52
6329.50000 1509.22
6329.60000 1537.40
6329.70000 1555.29
6329.80000 1545.84
6329.90000 1522.92
6330.00000 1532.73
6330.10000 1530.57
6330.20000 1506.62
6330.30000 1518.48
6330.40000 1517.75
6330.50000 1517.49
6330.60000 1506.62
6330.70000 1513.37
6330.80000 1519.98
6330.90000 1533.01
6331.00000 1540.96
6331.10000 1533.89
6331.20000 1533.41
6331.30000 1532.32
6331.40000 1537.85
6331.50000 1538.30
6331.60000 1539.45
6331.70000 1540.53
6331.80000 1541.55
6331.90000 1525.29
6332.00000 1524.36
6332.10000 1534.53
6332.20000 1546.99
6332.30000 1541.38
6332.40000 1543.68
6332.50000 1531.82
6332.60000 1504.41
6332.70000 1497.35
6332.80000 1539.35
6332.90000 1543.32
6333.00000 1545.89
6333.10000 1541.65
6333.20000 1548.80
6333.30000 1535.17
6333.40000 1535.02
6333.50000 1547.38
6333.60000 1555.89
6333.70000 1550.03
6333.80000 1529.21
6333.90000 1548.28
6334.00000 1545.41
6334.10000 1546.40
6334.20000 1557.63
6334.30000 1554.66
6334.40000 1556.05
6334.50000 1558.58
6334.60000 1549.46
6334.70000 1561.25
6334.80000 1553.44
6334.90000 1553.57
6335.00000 1539.53
6335.10000 1559.43
6335.20000 1558.43
6335.30000 1549.53
6335.40000 1552.81
6335.50000 1557.94
6335.60000 1546.07
6335.70000 1537.81
6335.80000 1561.41
6335.90000 1559.78
6336.00000 1562.04
6336.10000 1554.06
6336.20000 1561.38
6336.30000 1561.18
6336.40000 1550.89
6336.50000 1559.97
6336.60000 1539.50
6336.70000 1540.90
6336.80000 1536.15
6336.90000 1542.28
6337.00000 1557.06
6337.10000 1541.55
6337.20000 1562.29
6337.30000 1538.37
6337.40000 1561.99
6337.50000 1555.29
6337.60000 1549.75
6337.70000 1553.17
6337.80000 1550.65
6337.90000 1548.90
6338.00000 1545.84
6338.10000 1551.36
6338.20000 1549.29
6338.30000 1559.80
6338.40000 1545.39
6338.50000 1546.49
6338.60000 1545.37
6338.70000 1542.93
6338.80000 1541.00
6338.90000 1542.63
6339.00000 1545.72
6339.10000 1549.36
6339.20000 1546.84
6339.30000 1551.02
6339.40000 1549.99
6339.50000 1554.14
6339.60000 1569.15
6339.70000 1554.22
6339.80000 1557.72
6339.90000 1549.68
6340.00000 1542.19
6340.10000 1562.43
6340.20000 1545.62
6340.30000 1549.44
6340.40000 1558.83
6340.50000 1572.78
6340.60000 1552.66
6340.70000 1537.42
6340.80000 1551.66
6340.90000 1550.82
6341.00000 1550.95
6341.10000 1557.37
6341.20000 1553.63
6341.30000 1552.01
6341.40000 1559.35
6341.50000 1565.81
6341.60000 1550.43
6341.70000 1573.03
6341.80000 1549.51
6341.90000 1544.08
6342.00000 1568.61
6342.10000 1558.31
6342.20000 1568.79
6342.30000 1560.26
6342.40000 1558.81
6342.50000 1562.87
6342.60000 1560.73
6342.70000 1564.96
6342.80000 1552.00
6342.90000 1551.64
6343.00000 1505.94
6343.10000 1561.57
6343.20000 1585.59
6343.30000 1571.85
6343.40000 1572.51
6343.50000 1573.65
6343.60000 1564.12
6343.70000 1572.83
6343.80000 1582.72
6343.90000 1583.72
6344.00000 1586.40
6344.10000 1576.55
6344.20000 1573.90
6344.30000 1596.72
6344.40000 1584.20
6344.50000 1591.97
6344.60000 1598.70
6344.70000 1605.57
6344.80000 1593.42
6344.90000 1596.92
6345.00000 1591.04
6345.10000 1596.96
6345.20000 1612.97
6345.30000 1605.84
6345.40000 1609.89
6345.50000 1615.31
6345.60000 1622.39
6345.70000 1633.31
6345.80000 1613.02
6345.90000 1611.15
6346.00000 1614.29
6346.10000 1606.46
6346.20000 1613.96
6346.30000 1617.33
6346.40000 1611.04
6346.50000 1597.15
6346.60000 1601.47
6346.70000 1593.96
6346.80000 1591.73
6346.90000 1620.42
6347.00000 1593.11
6347.10000 1599.95
6347.20000 1600.37
6347.30000 1597.91
6347.40000 1598.25
6347.50000 1584.45
6347.60000 1544.94
6347.70000 1585.73
6347.80000 1586.09
6347.90000 1566.46
6348.00000 1587.04
6348.10000 1596.50
6348.20000 1598.51
6348.30000 1596.60
6348.40000 1585.65
6348.50000 1607.47
6348.60000 1605.08
6348.70000 1603.63
6348.80000 1606.70
6348.90000 1597.65
6349.00000 1599.97
6349.10000 1606.72
6349.20000 1618.14
6349.30000 1598.33
6349.40000 1619.22
6349.50000 1609.70
6349.60000 1615.37
6349.70000 1621.12
6349.80000 1620.77
6349.90000 1620.53
6350.00000 1615.32
6350.10000 1633.88
6350.20000 1613.30
6350.30000 1617.53
6350.40000 1609.89
6350.50000 1611.85
6350.60000 1614.40
6350.70000 1620.05
6350.80000 1606.29
6350.90000 1594.50
6351.00000 1606.13
6351.10000 1582.82
6351.20000 1578.54
6351.30000 1545.24
6351.40000 1572.16
6351.50000 1601.31
6351.60000 1592.96
6351.70000 1588.21
6351.80000 1583.64
6351.90000 1593.86
6352.00000 1583.43
6352.10000 1574.09
6352.20000 1560.08
6352.30000 1584.53
6352.40000 1607.99
6352.50000 1588.28
6352.60000 1575.52
6352.70000 1645.86
6352.80000 1664.14
6352.90000 1587.80
6353.00000 1557.08
6353.10000 1567.44
6353.20000 1567.76
6353.30000 1547.44
6353.40000 1563.21
6353.50000 1555.72
6353.60000 1554.80
6353.70000 1559.45
6353.80000 1563.39
6353.90000 1552.70
6354.00000 1549.40
6354.10000 1545.67
6354.20000 1568.75
6354.30000 1557.36
6354.40000 1559.04
6354.50000 1555.80
6354.60000 1557.09
6354.70000 1573.79
6354.80000 1553.23
6354.90000 1557.83
6355.00000 1556.69
6355.10000 1560.44
6355.20000 1554.58
6355.30000 1558.38
6355.40000 1558.81
6355.50000 1561.94
6355.60000 1559.02
6355.70000 1553.77
6355.80000 1547.91
6355.90000 1523.05
6356.00000 1550.34
6356.10000 1543.27
6356.20000 1555.09
6356.30000 1568.35
6356.40000 1570.62
6356.50000 1562.68
6356.60000 1553.49
6356.70000 1556.96
6356.80000 1563.52
6356.90000 1554.15
6357.00000 1562.82
6357.10000 1568.63
6357.20000 1567.07
6357.30000 1572.72
6357.40000 1581.60
6357.50000 1555.54
6357.60000 1567.93
6357.70000 1569.05
6357.80000 1567.71
6357.90000 1561.89
6358.00000 1563.72
6358.10000 1561.19
6358.20000 1568.32
6358.30000 1556.04
6358.40000 1549.60
6358.50000 1567.18
6358.60000 1562.04
6358.70000 1552.05
6358.80000 1564.01
6358.90000 1558.23
6359.00000 1554.24
6359.10000 1564.47
6359.20000 1555.81
6359.30000 1562.13
6359.40000 1561.77
6359.50000 1554.42
6359.60000 1554.57
6359.70000 1549.85
6359.80000 1559.25
6359.90000 1561.48
6360.00000 1564.51
6360.10000 1578.28
6360.20000 1568.70
6360.30000 1568.97
6360.40000 1570.69
6360.50000 1560.79
6360.60000 1563.07
6360.70000 1564.03
6360.80000 1575.11
6360.90000 1568.62
6361.00000 1569.83
6361.10000 1564.43
6361.20000 1576.07
6361.30000 1576.19
6361.40000 1562.02
6361.50000 1567.12
6361.60000 1568.67
6361.70000 1546.18
6361.80000 1542.47
6361.90000 1543.01
6362.00000 1570.11
6362.10000 1562.23
6362.20000 1559.87
6362.30000 1539.73
6362.40000 1555.57
6362.50000 1566.32
6362.60000 1556.22
6362.70000 1556.88
6362.80000 1551.28
6362.90000 1562.18
6363.00000 1558.00
6363.10000 1549.48
6363.20000 1555.19
6363.30000 1557.68
6363.40000 1565.78
6363.50000 1562.70
6363.60000 1565.84
6363.70000 1558.82
6363.80000 1562.09
6363.90000 1565.27
6364.00000 1572.79
6364.10000 1578.71
6364.20000 1566.25
6364.30000 1573.19
6364.40000 1575.86
6364.50000 1568.24
6364.60000 1572.92
6364.70000 1568.90
6364.80000 1576.49
6364.90000 1570.92
6365.00000 1584.47
6365.10000 1563.07
6365.20000 1575.13
6365.30000 1579.64
6365.40000 1572.27
6365.50000 1573.19
6365.60000 1577.30
6365.70000 1584.38
6365.80000 1573.46
6365.90000 1584.94
6366.00000 1573.52
6366.10000 1580.63
6366.20000 1596.57
6366.30000 1569.86
6366.40000 1582.60
6366.50000 1585.51
6366.60000 1586.12
6366.70000 1585.83
6366.80000 1610.11
6366.90000 1595.37
6367.00000 1611.54
6367.10000 1608.61
6367.20000 1606.90
6367.30000 1608.98
6367.40000 1618.42
6367.50000 1614.62
6367.60000 1604.73
6367.70000 1598.92
6367.80000 1571.08
6367.90000 1578.82
6368.00000 1574.99
6368.10000 1588.60
6368.20000 1591.08
6368.30000 1602.87
6368.40000 1617.29
6368.50000 1617.91
6368.60000 1614.97
6368.70000 1617.57
6368.80000 1604.71
6368.90000 1606.49
6369.00000 1590.94
6369.10000 1585.17
6369.20000 1592.68
6369.30000 1604.33
6369.40000 1599.71
6369.50000 1600.32
6369.60000 1612.16
6369.70000 1614.23
6369.80000 1632.79
6369.90000 1621.23
6370.00000 1613.40
6370.10000 1608.71
6370.20000 1597.41
6370.30000 1611.77
6370.40000 1618.69
6370.50000 1623.94
6370.60000 1621.07
6370.70000 1606.23
6370.80000 1621.71
6370.90000 1614.33
6371.00000 1620.56
6371.10000 1614.19
6371.20000 1614.78
6371.30000 1624.34
6371.40000 1603.63
6371.50000 1618.91
6371.60000 1601.37
6371.70000 1621.03
6371.80000 1604.67
6371.90000 1591.19
6372.00000 1621.55
6372.10000 1609.34
6372.20000 1591.65
6372.30000 1605.89
6372.40000 1627.92
6372.50000 1633.13
6372.60000 1617.27
6372.70000 1621.38
6372.80000 1613.77
6372.90000 1614.62
6373.00000 1616.17
6373.10000 1616.82
6373.20000 1632.12
6373.30000 1619.72
6373.40000 1625.78
6373.50000 1613.96
6373.60000 1623.21
6373.70000 1609.97
6373.80000 1630.27
6373.90000 1624.41
6374.00000 1619.33
6374.10000 1626.06
6374.20000 1632.55
6374.30000 1641.96
6374.40000 1625.61
6374.50000 1638.91
6374.60000 1626.99
6374.70000 1615.59
6374.80000 1617.31
6374.90000 1616.15
6375.00000 1618.77
6375.10000 1601.26
6375.20000 1617.27
6375.30000 1610.20
6375.40000 1617.01
6375.50000 1613.98
6375.60000 1599.09
6375.70000 1602.92
6375.80000 1598.79
6375.90000 1597.58
6376.00000 1597.94
6376.10000 1597.76
6376.20000 1587.70
6376.30000 1562.19
6376.40000 1530.61
6376.50000 1516.04
6376.60000 1531.81
6376.70000 1538.16
6376.80000 1550.94
6376.90000 1555.47
6377.00000 1553.09
6377.10000 1578.05
6377.20000 1575.74
6377.30000 1562.48
6377.40000 1557.85
6377.50000 1563.83
6377.60000 1577.52
6377.70000 1567.10
6377.80000 1564.61
6377.90000 1573.82
6378.00000 1584.39
6378.10000 1576.98
6378.20000 1590.45
6378.30000 1589.97
6378.40000 1592.63
6378.50000 1588.95
6378.60000 1586.22
6378.70000 1580.15
6378.80000 1592.00
6378.90000 1593.06
6379.00000 1589.43
6379.10000 1580.73
6379.20000 1569.92
6379.30000 1574.97
6379.40000 1558.47
6379.50000 1521.69
6379.60000 1438.15
6379.70000 1374.05
6379.80000 1329.40
6379.90000 1339.95
6380.00000 1335.61
6380.10000 1423.57
6380.20000 1531.64
6380.30000 1598.74
6380.40000 1611.02
6380.50000 1614.09
6380.60000 1622.35
6380.70000 1621.78
6380.80000 1641.44
6380.90000 1625.37
6381.00000 1633.72
6381.10000 1637.75
6381.20000 1641.29
6381.30000 1649.87
6381.40000 1646.37
6381.50000 1664.55
6381.60000 1642.02
6381.70000 1629.41
6381.80000 1659.64
6381.90000 1662.75
6382.00000 1678.17
6382.10000 1670.87
6382.20000 1681.94
6382.30000 1673.89
6382.40000 1679.82
6382.50000 1679.85
6382.60000 1679.59
6382.70000 1668.32
6382.80000 1672.39
6382.90000 1667.44
6383.00000 1671.41
6383.10000 1661.34
6383.20000 1669.52
6383.30000 1668.74
6383.40000 1673.08
6383.50000 1679.76
6383.60000 1680.31
6383.70000 1681.78
6383.80000 1685.83
6383.90000 1687.96
6384.00000 1687.46
6384.10000 1681.41
6384.20000 1695.47
6384.30000 1675.13
6384.40000 1682.13
6384.50000 1674.59
6384.60000 1684.82
6384.70000 1666.22
6384.80000 1677.26
6384.90000 1688.79
6385.00000 1676.42
6385.10000 1691.74
6385.20000 1671.23
6385.30000 1660.73
6385.40000 1670.39
6385.50000 1672.56
6385.60000 1667.54
6385.70000 1675.70
6385.80000 1685.35
6385.90000 1679.89
6386.00000 1682.15
6386.10000 1685.44
6386.20000 1678.49
6386.30000 1690.22
6386.40000 1690.48
6386.50000 1680.00
6386.60000 1702.17
6386.70000 1700.16
6386.80000 1702.60
6386.90000 1698.09
6387.00000 1702.30
6387.10000 1692.77
6387.20000 1690.68
6387.30000 1690.20
6387.40000 1686.39
6387.50000 1677.88
6387.60000 1677.88
6387.70000 1670.61
6387.80000 1666.88
6387.90000 1667.11
6388.00000 1671.67
6388.10000 1666.62
6388.20000 1665.34
6388.30000 1662.30
6388.40000 1656.27
6388.50000 1649.93
6388.60000 1661.66
6388.70000 1667.91
6388.80000 1645.81
6388.90000 1635.93
6389.00000 1646.06
6389.10000 1647.92
6389.20000 1652.78
6389.30000 1652.70
6389.40000 1631.63
6389.50000 1639.76
6389.60000 1626.00
6389.70000 1643.90
6389.80000 1627.61
6389.90000 1616.04
6390.00000 1630.26
6390.10000 1616.60
6390.20000 1600.56
6390.30000 1600.49
6390.40000 1628.40
6390.50000 1622.03
6390.60000 1604.24
6390.70000 1614.46
6390.80000 1610.73
6390.90000 1617.05
6391.00000 1609.32
6391.10000 1609.55
6391.20000 1607.67
6391.30000 1612.02
6391.40000 1598.11
6391.50000 1585.85
6391.60000 1594.64
6391.70000 1606.07
6391.80000 1606.07
6391.90000 1603.67
6392.00000 1601.29
6392.10000 1585.76
6392.20000 1596.17
6392.30000 1595.64
6392.40000 1608.50
6392.50000 1610.29
6392.60000 1607.36
6392.70000 1602.04
6392.80000 1597.54
6392.90000 1579.42
6393.00000 1589.30
6393.10000 1599.96
6393.20000 1590.28
6393.30000 1591.47
6393.40000 1591.19
6393.50000 1595.63
6393.60000 1599.73
6393.70000 1600.17
6393.80000 1585.38
6393.90000 1585.97
6394.00000 1611.76
6394.10000 1599.65
6394.20000 1602.28
6394.30000 1605.44
6394.40000 1600.12
6394.50000 1592.42
6394.60000 1599.87
6394.70000 1584.46
6394.80000 1588.04
6394.90000 1583.50
6395.00000 1589.54
6395.10000 1594.48
6395.20000 1600.59
6395.30000 1611.01
6395.40000 1587.24
6395.50000 1589.02
6395.60000 1602.82
6395.70000 1613.30
6395.80000 1601.86
6395.90000 1613.41
6396.00000 1595.89
6396.10000 1598.92
6396.20000 1593.64
6396.30000 1601.74
6396.40000 1592.98
6396.50000 1601.52
6396.60000 1589.16
6396.70000 1594.91
6396.80000 1589.19
6396.90000 1594.47
6397.00000 1582.58
6397.10000 1553.89
6397.20000 1560.74
6397.30000 1574.03
6397.40000 1572.60
6397.50000 1563.76
6397.60000 1587.86
6397.70000 1589.28
6397.80000 1579.73
6397.90000 1589.15
6398.00000 1598.52
6398.10000 1577.88
6398.20000 1597.79
6398.30000 1600.10
6398.40000 1594.41
6398.50000 1611.52
6398.60000 1611.26
6398.70000 1605.28
6398.80000 1611.14
6398.90000 1596.82
6399.00000 1586.63
6399.10000 1599.14
6399.20000 1594.58
6399.30000 1604.18
6399.40000 1598.33
6399.50000 1592.12
6399.60000 1599.69
6399.70000 1601.16
6399.80000 1596.82
6399.90000 1607.26
6400.00000 1600.00
6400.10000 1597.42
6400.20000 1592.20
6400.30000 1602.94
6400.40000 1603.54
6400.50000 1589.12
6400.60000 1593.79
6400.70000 1591.37
6400.80000 1580.74
6400.90000 1594.48
6401.00000 1577.11
6401.10000 1590.69
6401.20000 1588.24
6401.30000 1580.54
6401.40000 1596.35
6401.50000 1605.71
6401.60000 1608.11
6401.70000 1596.61
6401.80000 1606.79
6401.90000 1589.62
6402.00000 1594.15
6402.10000 1610.47
6402.20000 1598.68
6402.30000 1606.82
6402.40000 1603.52
6402.50000 1621.84
6402.60000 1603.39
6402.70000 1607.43
6402.80000 1599.44
6402.90000 1608.57
6403.00000 1587.93
6403.10000 1623.74
6403.20000 1599.78
6403.30000 1604.82
6403.40000 1612.95
6403.50000 1602.80
6403.60000 1630.78
6403.70000 1619.80
6403.80000 1599.83
6403.90000 1622.36
6404.00000 1612.54
6404.10000 1614.14
6404.20000 1624.65
6404.30000 1620.69
6404.40000 1619.21
6404.50000 1625.12
6404.60000 1613.10
6404.70000 1617.58
6404.80000 1601.84
6404.90000 1621.74
6405.00000 1634.26
6405.10000 1615.12
6405.20000 1619.45
6405.30000 1612.22
6405.40000 1625.69
6405.50000 1610.42
6405.60000 1613.55
6405.70000 1611.45
6405.80000 1611.44
6405.90000 1612.93
6406.00000 1609.62
6406.10000 1628.98
6406.20000 1598.58
6406.30000 1611.60
6406.40000 1617.74
6406.50000 1617.77
6406.60000 1603.81
6406.70000 1602.94
6406.80000 1600.72
6406.90000 1607.55
6407.00000 1614.76
6407.10000 1605.29
6407.20000 1609.03
6407.30000 1604.62
6407.40000 1599.84
6407.50000 1610.39
6407.60000 1610.06
6407.70000 1620.64
6407.80000 1617.61
6407.90000 1607.12
6408.00000 1614.74
6408.10000 1614.99
6408.20000 1602.20
6408.30000 1601.99
6408.40000 1621.10
6408.50000 1613.24
6408.60000 1611.96
6408.70000 1604.20
6408.80000 1584.59
6408.90000 1616.02
6409.00000 1604.14
6409.10000 1620.40
6409.20000 1596.72
6409.30000 1595.71
6409.40000 1611.47
6409.50000 1608.88
6409.60000 1614.36
6409.70000 1583.57
6409.80000 1598.03
6409.90000 1611.84
6410.00000 1614.50
6410.10000 1612.37
6410.20000 1601.57
6410.30000 1614.71
6410.40000 1595.84
6410.50000 1592.21
6410.60000 1595.35
6410.70000 1591.13
6410.80000 1611.17
6410.90000 1596.28
6411.00000 1598.38
6411.10000 1600.61
6411.20000 1607.69
6411.30000 1614.50
6411.40000 1612.65
6411.50000 1609.23
6411.60000 1617.38
6411.70000 1623.15
6411.80000 1594.28
6411.90000 1626.30
6412.00000 1608.12
6412.10000 1617.50
6412.20000 1632.51
6412.30000 1626.14
6412.40000 1621.03
6412.50000 1623.09
6412.60000 1620.56
6412.70000 1618.60
6412.80000 1624.90
6412.90000 1625.86
6413.00000 1638.73
6413.10000 1624.00
6413.20000 1628.84
6413.30000 1642.31
6413.40000 1637.50
6413.50000 1626.54
6413.60000 1639.53
6413.70000 1639.82
6413.80000 1626.58
6413.90000 1646.52
6414.00000 1641.28
6414.10000 1654.53
6414.20000 1642.10
6414.30000 1641.21
6414.40000 1643.79
6414.50000 1645.77
6414.60000 1649.03
6414.70000 1651.03
6414.80000 1652.16
6414.90000 1650.37
6415.00000 1649.62
6415.10000 1667.49
6415.20000 1658.38
6415.30000 1680.09
6415.40000 1670.99
6415.50000 1658.44
6415.60000 1670.49
6415.70000 1656.52
6415.80000 1658.21
6415.90000 1658.63
6416.00000 1646.55
6416.10000 1648.55
6416.20000 1646.11
6416.30000 1655.05
6416.40000 1648.21
6416.50000 1645.80
6416.60000 1664.05
6416.70000 1658.95
6416.80000 1651.70
6416.90000 1643.84
6417.00000 1650.17
6417.10000 1654.96
6417.20000 1656.27
6417.30000 1637.62
6417.40000 1651.20
6417.50000 1648.71
6417.60000 1641.32
6417.70000 1636.07
6417.80000 1651.17
6417.90000 1648.73
6418.00000 1643.76
6418.10000 1652.12
6418.20000 1651.78
6418.30000 1652.50
6418.40000 1662.49
6418.50000 1669.94
6418.60000 1659.43
6418.70000 1660.50
6418.80000 1672.74
6418.90000 1645.58
6419.00000 1655.99
6419.10000 1658.12
6419.20000 1656.29
6419.30000 1667.35
6419.40000 1666.37
6419.50000 1676.47
6419.60000 1665.73
6419.70000 1675.86
6419.80000 1680.22
6419.90000 1674.02
6420.00000 1672.19
6420.10000 1663.53
6420.20000 1680.08
6420.30000 1699.50
6420.40000 1689.15
6420.50000 1680.34
6420.60000 1673.64
6420.70000 1676.53
6420.80000 1673.07
6420.90000 1676.72
6421.00000 1667.88
6421.10000 1665.03
6421.20000 1670.18
6421.30000 1666.14
6421.40000 1677.83
6421.50000 1664.27
6421.60000 1684.55
6421.70000 1657.93
6421.80000 1663.22
6421.90000 1661.35
6422.00000 1658.87
6422.10000 1653.22
6422.20000 1655.98
6422.30000 1658.00
6422.40000 1661.11
6422.50000 1651.73
6422.60000 1653.65
6422.70000 1659.15
6422.80000 1656.98
6422.90000 1653.92
6423.00000 1656.61
6423.10000 1649.59
6423.20000 1646.35
6423.30000 1657.00
6423.40000 1635.64
6423.50000 1646.79
6423.60000 1658.04
6423.70000 1660.68
6423.80000 1649.64
6423.90000 1634.39
6424.00000 1639.50
6424.10000 1633.11
6424.20000 1656.20
6424.30000 1648.14
6424.40000 1642.89
6424.50000 1632.34
6424.60000 1643.24
6424.70000 1633.38
6424.80000 1648.46
6424.90000 1646.91
6425.00000 1628.66
6425.10000 1648.00
6425.20000 1660.08
6425.30000 1658.34
6425.40000 1638.38
6425.50000 1636.93
6425.60000 1628.88
6425.70000 1644.38
6425.80000 1635.54
6425.90000 1639.51
6426.00000 1645.29
6426.10000 1629.14
6426.20000 1616.34
6426.30000 1636.79
6426.40000 1616.84
6426.50000 1626.61
6426.60000 1632.50
6426.70000 1635.22
6426.80000 1640.21
6426.90000 1643.63
6427.00000 1648.73
6427.10000 1652.20
6427.20000 1660.53
6427.30000 1658.29
6427.40000 1666.07
6427.50000 1652.40
6427.60000 1651.55
6427.70000 1672.39
6427.80000 1668.70
6427.90000 1655.59
6428.00000 1676.71
6428.10000 1669.86
6428.20000 1664.06
6428.30000 1658.09
6428.40000 1660.41
6428.50000 1674.49
6428.60000 1655.36
6428.70000 1671.98
6428.80000 1672.88
6428.90000 1682.00
6429.00000 1680.07
6429.10000 1671.34
6429.20000 1690.66
6429.30000 1672.70
6429.40000 1678.74
6429.50000 1698.88
6429.60000 1684.21
6429.70000 1706.51
6429.80000 1689.90
6429.90000 1689.12
6430.00000 1715.56
6430.10000 1698.51
6430.20000 1715.13
6430.30000 1721.01
6430.40000 1719.87
6430.50000 1742.13
6430.60000 1732.62
6430.70000 1730.09
6430.80000 1736.97
6430.90000 1717.97
6431.00000 1709.58
6431.10000 1715.95
6431.20000 1717.67
6431.30000 1734.13
6431.40000 1717.30
6431.50000 1713.00
6431.60000 1714.31
6431.70000 1727.02
6431.80000 1713.57
6431.90000 1712.56
6432.00000 1711.94
6432.10000 1727.29
6432.20000 1715.91
6432.30000 1704.52
6432.40000 1702.52
6432.50000 1703.14
6432.60000 1698.42
6432.70000 1702.84
6432.80000 1688.77
6432.90000 1699.84
6433.00000 1684.38
6433.10000 1685.33
6433.20000 1686.74
6433.30000 1682.56
6433.40000 1665.91
6433.50000 1664.52
6433.60000 1662.15
6433.70000 1681.79
6433.80000 1689.54
6433.90000 1697.14
6434.00000 1693.18
6434.10000 1692.53
6434.20000 1695.09
6434.30000 1683.03
6434.40000 1698.51
6434.50000 1702.04
6434.60000 1708.05
6434.70000 1720.20
6434.80000 1701.94
6434.90000 1714.21
6435.00000 1700.98
6435.10000 1700.62
6435.20000 1697.27
6435.30000 1731.40
6435.40000 1726.22
6435.50000 1729.25
6435.60000 1736.60
6435.70000 1730.20
6435.80000 1760.52
6435.90000 1731.89
6436.00000 1740.85
6436.10000 1749.00
6436.20000 1754.24
6436.30000 1756.52
6436.40000 1795.72
6436.50000 1739.00
6436.60000 1723.91
6436.70000 1731.95
6436.80000 1721.38
6436.90000 1711.22
6437.00000 1709.79
6437.10000 1720.25
6437.20000 1696.86
6437.30000 1712.29
6437.40000 1698.75
6437.50000 1698.96
6437.60000 1687.25
6437.70000 1689.88
6437.80000 1698.76
6437.90000 1691.30
6438.00000 1696.93
6438.10000 1682.38
6438.20000 1670.19
6438.30000 1697.23
6438.40000 1686.94
6438.50000 1695.47
6438.60000 1675.07
6438.70000 1670.09
6438.80000 1670.63
6438.90000 1665.63
6439.00000 1680.72
6439.10000 1665.34
6439.20000 1667.75
6439.30000 1673.95
6439.40000 1672.79
6439.50000 1666.54
6439.60000 1664.35
6439.70000 1660.30
6439.80000 1643.56
6439.90000 1643.43
6440.00000 1634.36
6440.10000 1636.29
6440.20000 1632.83
6440.30000 1642.44
6440.40000 1663.99
6440.50000 1672.38
6440.60000 1694.99
6440.70000 1677.21
6440.80000 1675.39
6440.90000 1666.05
6441.00000 1697.34
6441.10000 1694.34
6441.20000 1711.19
6441.30000 1696.43
6441.40000 1690.60
6441.50000 1697.35
6441.60000 1693.02
6441.70000 1702.87
6441.80000 1688.66
6441.90000 1682.81
6442.00000 1687.64
6442.10000 1699.79
6442.20000 1695.24
6442.30000 1686.65
6442.40000 1691.00
6442.50000 1680.13
6442.60000 1713.64
6442.70000 1695.35
6442.80000 1703.32
6442.90000 1694.22
6443.00000 1687.41
6443.10000 1707.97
6443.20000 1690.82
6443.30000 1685.70
6443.40000 1690.60
6443.50000 1703.91
6443.60000 1696.34
6443.70000 1679.00
6443.80000 1703.06
6443.90000 1699.44
6444.00000 1690.90
6444.10000 1681.92
6444.20000 1679.50
6444.30000 1695.32
6444.40000 1696.46
6444.50000 1716.23
6444.60000 1703.17
6444.70000 1695.07
6444.80000 1691.96
6444.90000 1684.18
6445.00000 1675.66
6445.10000 1688.79
6445.20000 1686.56
6445.30000 1694.38
6445.40000 1687.09
6445.50000 1665.94
6445.60000 1669.74
6445.70000 1643.58
6445.80000 1632.24
6445.90000 1628.67
6446.00000 1660.40
6446.10000 1672.32
6446.20000 1664.04
6446.30000 1671.36
6446.40000 1675.19
6446.50000 1691.39
6446.60000 1679.29
6446.70000 1669.09
6446.80000 1682.70
6446.90000 1691.37
6447.00000 1685.14
6447.10000 1678.54
6447.20000 1696.63
6447.30000 1682.28
6447.40000 1687.11
6447.50000 1685.94
6447.60000 1676.71
6447.70000 1680.65
6447.80000 1683.55
6447.90000 1686.90
6448.00000 1702.19
6448.10000 1688.37
6448.20000 1682.24
6448.30000 1689.74
6448.40000 1686.85
6448.50000 1641.09
6448.60000 1645.62
6448.70000 1677.22
6448.80000 1678.83
6448.90000 1680.31
6449.00000 1683.28
6449.10000 1676.15
6449.20000 1671.92
6449.30000 1671.88
6449.40000 1663.71
6449.50000 1668.56
6449.60000 1647.55
6449.70000 1642.27
6449.80000 1650.18
6449.90000 1645.80
6450.00000 1651.76
6450.10000 1641.18
6450.20000 1661.96
6450.30000 1738.66
6450.40000 1738.13
6450.50000 1728.26
6450.60000 1682.08
6450.70000 1688.65
6450.80000 1690.79
6450.90000 1679.80
6451.00000 1679.03
6451.10000 1681.88
6451.20000 1685.32
6451.30000 1682.03
6451.40000 1691.40
6451.50000 1676.05
6451.60000 1693.41
6451.70000 1688.88
6451.80000 1694.52
6451.90000 1694.25
6452.00000 1699.67
6452.10000 1702.89
6452.20000 1706.80
6452.30000 1701.38
6452.40000 1699.21
6452.50000 1702.96
6452.60000 1720.05
6452.70000 1715.59
6452.80000 1715.76
6452.90000 1718.89
6453.00000 1729.86
6453.10000 1725.83
6453.20000 1754.91
6453.30000 1738.93
6453.40000 1752.02
6453.50000 1755.78
6453.60000 1750.39
6453.70000 1779.04
6453.80000 1770.36
6453.90000 1767.62
6454.00000 1792.34
6454.10000 1797.47
6454.20000 1813.81
6454.30000 1806.86
6454.40000 1817.27
6454.50000 1795.53
6454.60000 1803.12
6454.70000 1803.21
6454.80000 1768.11
6454.90000 1818.95
6455.00000 1814.47
6455.10000 1806.36
6455.20000 1794.84
6455.30000 1780.79
6455.40000 1776.13
6455.50000 1773.88
6455.60000 1784.95
6455.70000 1761.48
6455.80000 1771.78
6455.90000 1766.54
6456.00000 1762.31
6456.10000 1743.25
6456.20000 1738.21
6456.30000 1741.39
6456.40000 1737.12
6456.50000 1739.16
6456.60000 1741.38
6456.70000 1741.70
6456.80000 1728.15
6456.90000 1726.91
6457.00000 1736.95
6457.10000 1739.19
6457.20000 1744.52
6457.30000 1741.42
6457.40000 1755.39
6457.50000 1729.45
6457.60000 1736.56
6457.70000 1724.98
6457.80000 1736.06
6457.90000 1765.22
6458.00000 1756.95
6458.10000 1758.19
6458.20000 1778.95
6458.30000 1777.69
6458.40000 1791.77
6458.50000 1775.59
6458.60000 1789.59
6458.70000 1789.51
6458.80000 1785.14
6458.90000 1798.96
6459.00000 1792.58
6459.10000 1791.19
6459.20000 1786.74
6459.30000 1764.91
6459.40000 1758.07
6459.50000 1667.41
6459.60000 1793.58
6459.70000 1804.52
6459.80000 1800.47
6459.90000 1788.92
6460.00000 1796.19
6460.10000 1778.24
6460.20000 1761.15
6460.30000 1701.38
6460.40000 1752.54
6460.50000 1774.51
6460.60000 1727.74
6460.70000 1752.02
6460.80000 1717.69
6460.90000 1724.76
6461.00000 1742.20
6461.10000 1734.11
6461.20000 1736.86
6461.30000 1731.14
6461.40000 1734.52
6461.50000 1732.57
6461.60000 1717.51
6461.70000 1739.48
6461.80000 1727.35
6461.90000 1730.80
6462.00000 1729.81
6462.10000 1720.29
6462.20000 1715.72
6462.30000 1708.27
6462.40000 1666.83
6462.50000 1639.59
6462.60000 1673.43
6462.70000 1688.09
6462.80000 1691.92
6462.90000 1704.92
6463.00000 1704.49
6463.10000 1698.71
6463.20000 1704.67
6463.30000 1702.21
6463.40000 1706.54
6463.50000 1697.03
6463.60000 1692.19
6463.70000 1702.03
6463.80000 1660.92
6463.90000 1683.21
6464.00000 1659.84
6464.10000 1598.87
6464.20000 1654.70
6464.30000 1673.31
6464.40000 1654.46
6464.50000 1667.73
6464.60000 1694.76
6464.70000 1679.31
6464.80000 1692.77
6464.90000 1674.67
6465.00000 1582.68
6465.10000 1610.90
6465.20000 1705.61
6465.30000 1703.43
6465.40000 1705.63
6465.50000 1693.90
6465.60000 1699.80
6465.70000 1712.79
6465.80000 1694.47
6465.90000 1690.33
6466.00000 1680.25
6466.10000 1686.11
6466.20000 1687.95
6466.30000 1697.77
6466.40000 1708.48
6466.50000 1696.29
6466.60000 1697.50
6466.70000 1676.64
6466.80000 1643.69
6466.90000 1629.97
6467.00000 1672.61
6467.10000 1699.10
6467.20000 1662.00
6467.30000 1617.49
6467.40000 1651.76
6467.50000 1676.45
6467.60000 1680.45
6467.70000 1692.95
6467.80000 1700.71
6467.90000 1697.78
6468.00000 1697.02
6468.10000 1673.26
6468.20000 1609.45
6468.30000 1682.61
6468.40000 1675.64
6468.50000 1618.29
6468.60000 1648.94
6468.70000 1687.58
6468.80000 1687.77
6468.90000 1682.39
6469.00000 1669.20
6469.10000 1695.26
6469.20000 1689.08
6469.30000 1700.91
6469.40000 1699.09
6469.50000 1684.10
6469.60000 1694.23
6469.70000 1701.76
6469.80000 1690.08
6469.90000 1640.15
6470.00000 1618.89
6470.10000 1695.59
6470.20000 1604.86
6470.30000 1579.31
6470.40000 1689.40
6470.50000 1671.97
6470.60000 1606.40
6470.70000 1650.68
6470.80000 1696.19
6470.90000 1699.34
6471.00000 1700.55
6471.10000 1701.00
6471.20000 1718.14
6471.30000 1713.02
6471.40000 1702.17
6471.50000 1693.25
6471.60000 1692.46
6471.70000 1691.60
6471.80000 1674.27
6471.90000 1699.81
6472.00000 1716.43
6472.10000 1716.27
6472.20000 1721.61
6472.30000 1712.56
6472.40000 1706.52
6472.50000 1698.79
6472.60000 1706.56
6472.70000 1703.11
6472.80000 1698.69
6472.90000 1698.20
6473.00000 1644.59
6473.10000 1527.64
6473.20000 1594.47
6473.30000 1664.07
6473.40000 1709.84
6473.50000 1699.71
6473.60000 1694.87
6473.70000 1645.03
6473.80000 1507.59
6473.90000 1669.15
6474.00000 1705.96
6474.10000 1690.20
6474.20000 1689.11
6474.30000 1690.34
6474.40000 1703.97
6474.50000 1696.79
6474.60000 1703.54
6474.70000 1648.31
6474.80000 1666.93
6474.90000 1688.11
6475.00000 1714.65
6475.10000 1703.41
6475.20000 1694.15
6475.30000 1692.55
6475.40000 1686.98
6475.50000 1678.81
6475.60000 1561.08
6475.70000 1420.15
6475.80000 1387.53
6475.90000 1575.83
6476.00000 1676.68
6476.10000 1689.05
6476.20000 1674.77
6476.30000 1625.73
6476.40000 1328.04
6476.50000 1449.23
6476.60000 1671.31
6476.70000 1688.49
6476.80000 1697.89
6476.90000 1704.38
6477.00000 1705.14
6477.10000 1686.27
6477.20000 1640.67
6477.30000 1698.67
6477.40000 1688.14
6477.50000 1669.75
6477.60000 1600.83
6477.70000 1647.08
6477.80000 1685.05
6477.90000 1668.44
6478.00000 1642.08
6478.10000 1670.52
6478.20000 1697.00
6478.30000 1688.88
6478.40000 1703.60
6478.50000 1720.17
6478.60000 1718.20
6478.70000 1714.26
6478.80000 1710.10
6478.90000 1711.92
6479.00000 1721.90
6479.10000 1731.98
6479.20000 1718.66
6479.30000 1722.27
6479.40000 1725.13
6479.50000 1726.31
6479.60000 1717.08
6479.70000 1669.66
6479.80000 1548.51
6479.90000 1673.96
6480.00000 1693.44
6480.10000 1617.68
6480.20000 1693.55
6480.30000 1713.60
6480.40000 1724.87
6480.50000 1694.63
6480.60000 1560.87
6480.70000 1345.75
6480.80000 1660.10
6480.90000 1702.15
6481.00000 1727.23
6481.10000 1724.83
6481.20000 1731.96
6481.30000 1719.92
6481.40000 1734.11
6481.50000 1719.17
6481.60000 1698.09
6481.70000 1718.90
6481.80000 1743.21
6481.90000 1734.06
6482.00000 1726.69
6482.10000 1703.27
6482.20000 1701.35
6482.30000 1670.50
6482.40000 1723.21
6482.50000 1734.09
6482.60000 1716.98
6482.70000 1730.50
6482.80000 1734.25
6482.90000 1732.76
6483.00000 1717.64
6483.10000 1732.63
6483.20000 1736.04
6483.30000 1729.73
6483.40000 1717.22
6483.50000 1715.73
6483.60000 1700.33
6483.70000 1708.60
6483.80000 1483.24
6483.90000 1413.63
6484.00000 1682.21
6484.10000 1719.79
6484.20000 1698.94
6484.30000 1642.52
6484.40000 1549.03
6484.50000 1542.93
6484.60000 1577.97
6484.70000 1689.00
6484.80000 1720.96
6484.90000 1719.63
6485.00000 1720.85
6485.10000 1714.42
6485.20000 1698.14
6485.30000 1655.80
6485.40000 1734.55
6485.50000 1724.17
6485.60000 1744.04
6485.70000 1737.55
6485.80000 1743.97
6485.90000 1750.50
6486.00000 1724.42
6486.10000 1689.88
6486.20000 1656.58
6486.30000 1697.92
6486.40000 1730.54
6486.50000 1756.45
6486.60000 1751.76
6486.70000 1745.64
6486.80000 1753.24
6486.90000 1763.79
6487.00000 1758.24
6487.10000 1745.95
6487.20000 1747.39
6487.30000 1678.02
6487.40000 1516.03
6487.50000 1707.04
6487.60000 1746.31
6487.70000 1751.45
6487.80000 1747.46
6487.90000 1741.28
6488.00000 1740.83
6488.10000 1756.53
6488.20000 1729.25
6488.30000 1761.83
6488.40000 1776.03
6488.50000 1766.19
6488.60000 1689.61
6488.70000 1693.98
6488.80000 1771.19
6488.90000 1779.06
6489.00000 1780.19
6489.10000 1782.87
6489.20000 1780.14
6489.30000 1766.82
6489.40000 1768.63
6489.50000 1773.09
6489.60000 1768.07
6489.70000 1664.89
6489.80000 1664.07
6489.90000 1756.57
6490.00000 1761.92
6490.10000 1763.54
6490.20000 1756.50
6490.30000 1754.17
6490.40000 1778.19
6490.50000 1773.18
6490.60000 1776.33
6490.70000 1784.84
6490.80000 1781.90
6490.90000 1783.29
6491.00000 1783.87
6491.10000 1787.69
6491.20000 1779.16
6491.30000 1694.04
6491.40000 1322.68
6491.50000 1606.95
6491.60000 1767.54
6491.70000 1782.12
6491.80000 1805.62
6491.90000 1795.49
6492.00000 1791.79
6492.10000 1794.62
6492.20000 1793.82
6492.30000 1798.87
6492.40000 1789.51
6492.50000 1792.14
6492.60000 1782.97
6492.70000 1786.29
6492.80000 1791.88
6492.90000 1774.12
6493.00000 1779.85
6493.10000 1783.25
6493.20000 1796.84
6493.30000 1782.87
6493.40000 1733.35
6493.50000 1472.55
6493.60000 1596.31
6493.70000 1752.30
6493.80000 1726.53
6493.90000 1704.89
6494.00000 1781.60
6494.10000 1788.05
6494.20000 1804.17
6494.30000 1802.19
6494.40000 1805.89
6494.50000 1800.18
6494.60000 1810.42
6494.70000 1806.05
6494.80000 1787.08
6494.90000 1789.86
6495.00000 1723.06
6495.10000 1745.04
6495.20000 1780.35
6495.30000 1788.30
6495.40000 1788.88
6495.50000 1813.47
6495.60000 1806.37
6495.70000 1808.15
6495.80000 1798.48
6495.90000 1803.67
6496.00000 1797.48
6496.10000 1800.05
6496.20000 1794.08
6496.30000 1763.78
6496.40000 1621.39
6496.50000 1344.13
6496.60000 1690.33
6496.70000 1774.02
6496.80000 1781.12
6496.90000 1786.22
6497.00000 1779.54
6497.10000 1794.42
6497.20000 1787.42
6497.30000 1781.55
6497.40000 1777.21
6497.50000 1768.06
6497.60000 1768.52
6497.70000 1781.35
6497.80000 1762.24
6497.90000 1757.47
6498.00000 1754.41
6498.10000 1687.26
6498.20000 1626.26
6498.30000 1700.85
6498.40000 1765.72
6498.50000 1751.91
6498.60000 1752.01
6498.70000 1736.16
6498.80000 1752.72
6498.90000 1754.71
6499.00000 1764.38
6499.10000 1749.87
6499.20000 1769.09
6499.30000 1770.69
6499.40000 1774.75
6499.50000 1766.84
6499.60000 1747.78
6499.70000 1768.74
6499.80000 1774.08
6499.90000 1758.07
6500.00000 1754.41
6500.10000 1760.11
6500.20000 1767.61
6500.30000 1766.53
6500.40000 1766.30
6500.50000 1748.28
6500.60000 1734.87
6500.70000 1762.14
6500.80000 1754.87
6500.90000 1748.73
6501.00000 1758.10
6501.10000 1744.87
6501.20000 1765.62
6501.30000 1756.43
6501.40000 1764.81
6501.50000 1755.47
6501.60000 1749.92
6501.70000 1768.00
6501.80000 1767.70
6501.90000 1768.10
6502.00000 1738.80
6502.10000 1733.90
6502.20000 1746.56
6502.30000 1749.76
6502.40000 1735.01
6502.50000 1750.05
6502.60000 1762.27
6502.70000 1764.22
6502.80000 1749.67
6502.90000 1757.56
6503.00000 1762.73
6503.10000 1752.02
6503.20000 1728.86
6503.30000 1742.61
6503.40000 1759.45
6503.50000 1748.45
6503.60000 1768.45
6503.70000 1771.90
6503.80000 1767.57
6503.90000 1761.08
6504.00000 1776.86
6504.10000 1758.72
6504.20000 1738.14
6504.30000 1741.15
6504.40000 1756.81
6504.50000 1787.22
6504.60000 1793.95
6504.70000 1771.39
6504.80000 1688.67
6504.90000 1721.74
6505.00000 1775.58
6505.10000 1801.11
6505.20000 1789.64
6505.30000 1772.00
6505.40000 1762.76
6505.50000 1780.54
6505.60000 1779.55
6505.70000 1781.90
6505.80000 1765.96
6505.90000 1787.95
6506.00000 1772.49
6506.10000 1761.43
6506.20000 1760.24
6506.30000 1759.05
6506.40000 1773.96
6506.50000 1770.99
6506.60000 1769.44
6506.70000 1770.01
6506.80000 1763.86
6506.90000 1777.87
6507.00000 1774.48
6507.10000 1779.56
6507.20000 1772.10
6507.30000 1782.87
6507.40000 1780.41
6507.50000 1789.42
6507.60000 1775.69
6507.70000 1774.50
6507.80000 1784.75
6507.90000 1777.40
6508.00000 1781.53
6508.10000 1788.90
6508.20000 1768.93
6508.30000 1735.92
6508.40000 1781.40
6508.50000 1762.52
6508.60000 1773.59
6508.70000 1781.33
6508.80000 1784.82
6508.90000 1761.18
6509.00000 1783.34
6509.10000 1759.60
6509.20000 1584.90
6509.30000 1692.31
6509.40000 1767.57
6509.50000 1775.30
6509.60000 1800.23
6509.70000 1780.39
6509.80000 1791.82
6509.90000 1788.50
6510.00000 1784.55
6510.10000 1801.40
6510.20000 1789.02
6510.30000 1793.77
6510.40000 1782.12
6510.50000 1772.32
6510.60000 1795.52
6510.70000 1792.28
6510.80000 1801.32
6510.90000 1810.48
6511.00000 1790.29
6511.10000 1781.99
6511.20000 1779.48
6511.30000 1775.78
6511.40000 1795.66
6511.50000 1791.36
6511.60000 1787.12
6511.70000 1794.38
6511.80000 1801.82
6511.90000 1801.28
6512.00000 1780.14
6512.10000 1813.53
6512.20000 1806.64
6512.30000 1794.87
6512.40000 1815.44
6512.50000 1794.95
6512.60000 1681.49
6512.70000 1736.03
6512.80000 1775.09
6512.90000 1702.51
6513.00000 1813.89
6513.10000 1836.61
6513.20000 1832.05
6513.30000 1849.59
6513.40000 1862.40
6513.50000 1867.48
6513.60000 1884.56
6513.70000 1894.68
6513.80000 1892.42
6513.90000 1896.30
6514.00000 1907.22
6514.10000 1922.23
6514.20000 1889.27
6514.30000 1916.53
6514.40000 1930.04
6514.50000 1917.70
6514.60000 1919.60
6514.70000 1899.41
6514.80000 1884.72
6514.90000 1800.53
6515.00000 1848.24
6515.10000 1876.48
6515.20000 1847.55
6515.30000 1554.50
6515.40000 1523.80
6515.50000 1843.66
6515.60000 1870.09
6515.70000 1879.20
6515.80000 1887.33
6515.90000 1869.35
6516.00000 1876.01
6516.10000 1874.42
6516.20000 1849.82
6516.30000 1834.18
6516.40000 1773.43
6516.50000 1699.77
6516.60000 1798.82
6516.70000 1836.10
6516.80000 1836.76
6516.90000 1829.45
6517.00000 1761.24
6517.10000 1511.94
6517.20000 1295.82
6517.30000 1487.26
6517.40000 1775.39
6517.50000 1821.72
6517.60000 1819.64
6517.70000 1623.38
6517.80000 1780.06
6517.90000 1875.40
6518.00000 1888.65
6518.10000 1878.69
6518.20000 1873.80
6518.30000 1878.12
6518.40000 1895.17
6518.50000 1865.28
6518.60000 1773.48
6518.70000 1842.33
6518.80000 1898.01
6518.90000 1901.38
6519.00000 1922.48
6519.10000 1901.07
6519.20000 1893.62
6519.30000 1910.06
6519.40000 1919.94
6519.50000 1925.47
6519.60000 1877.12
6519.70000 1886.05
6519.80000 1848.94
6519.90000 1887.02
6520.00000 1781.83
6520.10000 1634.42
6520.20000 1816.97
6520.30000 1879.96
6520.40000 1888.13
6520.50000 1879.50
6520.60000 1850.80
6520.70000 1854.33
6520.80000 1834.43
6520.90000 1807.77
6521.00000 1812.43
6521.10000 1792.47
6521.20000 1802.91
6521.30000 1787.50
6521.40000 1785.69
6521.50000 1796.04
6521.60000 1808.02
6521.70000 1805.55
6521.80000 1820.90
6521.90000 1805.61
6522.00000 1816.20
6522.10000 1824.09
6522.20000 1788.14
6522.30000 1840.27
6522.40000 1798.34
6522.50000 1772.28
6522.60000 1789.56
6522.70000 1804.22
6522.80000 1753.67
6522.90000 1793.48
6523.00000 1798.70
6523.10000 1807.08
6523.20000 1822.92
6523.30000 1802.12
6523.40000 1799.28
6523.50000 1795.11
6523.60000 1795.91
6523.70000 1804.33
6523.80000 1799.69
6523.90000 1715.82
6524.00000 1762.50
6524.10000 1791.55
6524.20000 1768.00
6524.30000 1749.98
6524.40000 1642.05
6524.50000 1521.95
6524.60000 1764.18
6524.70000 1780.10
6524.80000 1793.65
6524.90000 1803.93
6525.00000 1786.28
6525.10000 1788.25
6525.20000 1803.85
6525.30000 1789.49
6525.40000 1808.24
6525.50000 1800.56
6525.60000 1799.15
6525.70000 1807.92
6525.80000 1818.97
6525.90000 1806.93
6526.00000 1804.00
6526.10000 1811.47
6526.20000 1817.55
6526.30000 1796.55
6526.40000 1772.46
6526.50000 1795.45
6526.60000 1808.66
6526.70000 1792.29
6526.80000 1801.29
6526.90000 1800.17
6527.00000 1799.04
6527.10000 1791.99
6527.20000 1807.39
6527.30000 1809.66
6527.40000 1818.52
6527.50000 1801.83
6527.60000 1796.72
6527.70000 1807.73
6527.80000 1810.39
6527.90000 1818.63
6528.00000 1792.35
6528.10000 1793.34
6528.20000 1793.13
6528.30000 1797.40
6528.40000 1822.06
6528.50000 1835.24
6528.60000 1811.32
6528.70000 1825.85
6528.80000 1813.54
6528.90000 1824.39
6529.00000 1821.87
6529.10000 1843.11
6529.20000 1837.34
6529.30000 1804.88
6529.40000 1814.86
6529.50000 1824.15
6529.60000 1827.69
6529.70000 1837.69
6529.80000 1825.26
6529.90000 1808.87
6530.00000 1820.93
6530.10000 1845.29
6530.20000 1832.21
6530.30000 1813.83
6530.40000 1830.19
6530.50000 1828.25
6530.60000 1824.18
6530.70000 1831.46
6530.80000 1834.20
6530.90000 1817.96
6531.00000 1828.01
6531.10000 1819.80
6531.20000 1780.08
6531.30000 1812.06
6531.40000 1819.69
6531.50000 1816.90
6531.60000 1823.25
6531.70000 1834.24
6531.80000 1848.20
6531.90000 1842.22
6532.00000 1859.90
6532.10000 1841.33
6532.20000 1844.62
6532.30000 1839.52
6532.40000 1833.69
6532.50000 1855.45
6532.60000 1838.20
6532.70000 1843.56
6532.80000 1830.95
6532.90000 1696.65
6533.00000 1540.54
6533.10000 1785.85
6533.20000 1842.21
6533.30000 1851.55
6533.40000 1846.45
6533.50000 1849.08
6533.60000 1856.37
6533.70000 1859.74
6533.80000 1860.93
6533.90000 1854.66
6534.00000 1856.04
6534.10000 1862.41
6534.20000 1857.40
6534.30000 1856.30
6534.40000 1864.62
6534.50000 1838.45
6534.60000 1697.41
6534.70000 1762.50
6534.80000 1842.60
6534.90000 1832.87
6535.00000 1868.58
6535.10000 1861.16
6535.20000 1852.18
6535.30000 1828.38
6535.40000 1874.58
6535.50000 1868.69
6535.60000 1836.18
6535.70000 1861.32
6535.80000 1890.61
6535.90000 1894.13
6536.00000 1883.43
6536.10000 1884.04
6536.20000 1897.27
6536.30000 1894.18
6536.40000 1894.90
6536.50000 1896.58
6536.60000 1884.82
6536.70000 1890.61
6536.80000 1883.95
6536.90000 1894.33
6537.00000 1881.05
6537.10000 1882.23
6537.20000 1877.52
6537.30000 1816.91
6537.40000 1809.09
6537.50000 1889.17
6537.60000 1905.68
6537.70000 1906.45
6537.80000 1896.76
6537.90000 1912.36
6538.00000 1896.21
6538.10000 1913.48
6538.20000 1937.35
6538.30000 1919.48
6538.40000 1928.95
6538.50000 1934.09
6538.60000 1949.16
6538.70000 1935.73
6538.80000 1935.39
6538.90000 1936.83
6539.00000 1938.24
6539.10000 1955.80
6539.20000 1933.79
6539.30000 1939.14
6539.40000 1947.31
6539.50000 1952.59
6539.60000 1945.87
6539.70000 1952.46
6539.80000 1965.06
6539.90000 1939.12
6540.00000 1962.93
6540.10000 1943.12
6540.20000 1947.41
6540.30000 1959.81
6540.40000 1984.37
6540.50000 1972.77
6540.60000 1970.00
6540.70000 1979.03
6540.80000 1957.38
6540.90000 1963.16
6541.00000 1968.40
6541.10000 1963.41
6541.20000 1968.37
6541.30000 1985.94
6541.40000 1972.08
6541.50000 1994.91
6541.60000 1985.60
6541.70000 1978.88
6541.80000 1984.63
6541.90000 1990.01
6542.00000 1992.19
6542.10000 1989.90
6542.20000 2009.51
6542.30000 1988.90
6542.40000 1991.39
6542.50000 2020.03
6542.60000 2004.64
6542.70000 2008.44
6542.80000 1980.01
6542.90000 1859.54
6543.00000 1898.52
6543.10000 2014.81
6543.20000 2005.80
6543.30000 2025.90
6543.40000 2038.41
6543.50000 2015.26
6543.60000 1992.35
6543.70000 2009.53
6543.80000 2021.19
6543.90000 2027.58
6544.00000 2046.54
6544.10000 2050.69
6544.20000 2022.97
6544.30000 2027.49
6544.40000 1963.00
6544.50000 1576.95
6544.60000 1760.40
6544.70000 2001.38
6544.80000 2041.05
6544.90000 2076.11
6545.00000 2070.67
6545.10000 2085.94
6545.20000 2092.87
6545.30000 2085.30
6545.40000 2112.70
6545.50000 2103.25
6545.60000 2093.06
6545.70000 2094.33
6545.80000 2105.62
6545.90000 2116.78
6546.00000 2108.60
6546.10000 2117.17
6546.20000 2107.88
6546.30000 2098.18
6546.40000 2046.51
6546.50000 2095.30
6546.60000 2152.28
6546.70000 2144.56
6546.80000 2148.13
6546.90000 2160.26
6547.00000 2172.36
6547.10000 2183.59
6547.20000 2167.31
6547.30000 2169.88
6547.40000 2176.36
6547.50000 2189.68
6547.60000 2178.27
6547.70000 2177.46
6547.80000 2194.46
6547.90000 2193.44
6548.00000 2199.56
6548.10000 2206.38
6548.20000 2176.67
6548.30000 1966.02
6548.40000 2116.13
6548.50000 2237.54
6548.60000 2230.57
6548.70000 2255.00
6548.80000 2235.19
6548.90000 2265.45
6549.00000 2232.59
6549.10000 2212.39
6549.20000 1913.59
6549.30000 1959.71
6549.40000 2229.66
6549.50000 2272.53
6549.60000 2275.83
6549.70000 2291.68
6549.80000 2280.05
6549.90000 2325.77
6550.00000 2332.76
6550.10000 2357.31
6550.20000 2355.81
6550.30000 2342.57
6550.40000 2356.90
6550.50000 2350.28
6550.60000 2380.61
6550.70000 2403.78
6550.80000 2382.99
6550.90000 2415.69
6551.00000 2442.88
6551.10000 2431.17
6551.20000 2425.34
6551.30000 2461.53
6551.40000 2476.99
6551.50000 2489.96
6551.60000 2484.18
6551.70000 2498.49
6551.80000 2500.99
6551.90000 2521.32
6552.00000 2498.13
6552.10000 2531.42
6552.20000 2540.13
6552.30000 2555.65
6552.40000 2563.86
6552.50000 2576.44
6552.60000 2582.01
6552.70000 2565.24
6552.80000 2635.37
6552.90000 2646.59
6553.00000 2633.52
6553.10000 2613.40
6553.20000 2266.36
6553.30000 2239.15
6553.40000 2608.69
6553.50000 2735.49
6553.60000 2758.16
6553.70000 2776.73
6553.80000 2782.07
6553.90000 2835.59
6554.00000 2844.51
6554.10000 2851.07
6554.20000 2869.15
6554.30000 2819.60
6554.40000 2631.59
6554.50000 2813.43
6554.60000 2922.27
6554.70000 2987.81
6554.80000 3032.29
6554.90000 3064.83
6555.00000 3112.75
6555.10000 3170.47
6555.20000 3173.74
6555.30000 3178.16
6555.40000 3211.85
6555.50000 3297.18
6555.60000 3310.71
6555.70000 3348.84
6555.80000 3439.87
6555.90000 3465.30
6556.00000 3500.88
6556.10000 3547.45
6556.20000 3594.88
6556.30000 3658.49
6556.40000 3717.42
6556.50000 3775.04
6556.60000 3844.45
6556.70000 3898.58
6556.80000 3976.84
6556.90000 4052.70
6557.00000 4127.48
6557.10000 4212.18
6557.20000 4287.80
6557.30000 4369.49
6557.40000 4440.20
6557.50000 4513.30
6557.60000 4605.58
6557.70000 4587.59
6557.80000 4167.53
6557.90000 4776.41
6558.00000 5029.44
6558.10000 5169.55
6558.20000 5305.33
6558.30000 5462.44
6558.40000 5589.60
6558.50000 5653.73
6558.60000 5811.13
6558.70000 5821.69
6558.80000 5870.37
6558.90000 6292.34
6559.00000 6493.44
6559.10000 6645.43
6559.20000 6749.28
6559.30000 6950.41
6559.40000 7178.25
6559.50000 7439.06
6559.60000 7612.25
6559.70000 7786.74
6559.80000 7964.86
6559.90000 8158.94
6560.00000 8373.77
6560.10000 8536.43
6560.20000 8757.98
6560.30000 8954.30
6560.40000 9092.99
6560.50000 9208.81
6560.60000 9282.61
6560.70000 9308.76
6560.80000 9393.63
6560.90000 9374.23
6561.00000 9404.15
6561.10000 9053.98
6561.20000 9513.83
6561.30000 9852.52
6561.40000 9992.93
6561.50000 10130.91
6561.60000 10265.40
6561.70000 10104.49
6561.80000 10416.66
6561.90000 10821.24
6562.00000 11079.69
6562.10000 11211.39
6562.20000 11299.59
6562.30000 11268.61
6562.40000 11209.46
6562.50000 11145.83
6562.60000 11111.13
6562.70000 11034.74
6562.80000 10881.42
6562.90000 10841.36
6563.00000 10638.92
6563.10000 10327.12
6563.20000 10498.57
6563.30000 10448.14
6563.40000 10388.78
6563.50000 10390.01
6563.60000 10374.37
6563.70000 10373.10
6563.80000 10314.85
6563.90000 10230.97
6564.00000 10256.51
6564.10000 9843.55
6564.20000 9933.87
6564.30000 10213.12
6564.40000 10251.44
6564.50000 10285.64
6564.60000 10089.20
6564.70000 9678.74
6564.80000 8903.48
6564.90000 9388.74
6565.00000 9975.60
6565.10000 9965.92
6565.20000 9814.92
6565.30000 9674.10
6565.40000 9491.90
6565.50000 9452.97
6565.60000 9365.07
6565.70000 9275.04
6565.80000 9193.10
6565.90000 9152.42
6566.00000 9102.36
6566.10000 8996.74
6566.20000 8970.77
6566.30000 9028.09
6566.40000 9062.66
6566.50000 9097.56
6566.60000 9134.51
6566.70000 9125.78
6566.80000 9057.89
6566.90000 8962.40
6567.00000 8806.79
6567.10000 8649.51
6567.20000 8443.99
6567.30000 8352.77
6567.40000 8233.67
6567.50000 8006.53
6567.60000 7848.20
6567.70000 7648.71
6567.80000 7434.16
6567.90000 7231.68
6568.00000 7075.78
6568.10000 6888.27
6568.20000 6682.77
6568.30000 6460.07
6568.40000 6258.79
6568.50000 6111.34
6568.60000 5974.76
6568.70000 5807.62
6568.80000 5695.57
6568.90000 5562.79
6569.00000 5445.41
6569.10000 5289.01
6569.20000 5134.97
6569.30000 4952.84
6569.40000 4727.79
6569.50000 4628.62
6569.60000 4687.94
6569.70000 4590.12
6569.80000 4508.11
6569.90000 4392.89
6570.00000 4283.14
6570.10000 4210.70
6570.20000 4186.53
6570.30000 4126.32
6570.40000 4048.53
6570.50000 3962.27
6570.60000 3897.71
6570.70000 3812.08
6570.80000 3757.02
6570.90000 3702.14
6571.00000 3628.71
6571.10000 3574.19
6571.20000 3506.68
6571.30000 3476.13
6571.40000 3437.44
6571.50000 3415.18
6571.60000 3344.16
6571.70000 3320.48
6571.80000 3302.07
6571.90000 3276.59
6572.00000 3204.65
6572.10000 3172.45
6572.20000 3141.87
6572.30000 3129.29
6572.40000 3104.36
6572.50000 3037.59
6572.60000 2900.54
6572.70000 2544.69
6572.80000 2763.06
6572.90000 2925.88
6573.00000 2905.67
6573.10000 2916.02
6573.20000 2866.27
6573.30000 2858.72
6573.40000 2833.81
6573.50000 2820.21
6573.60000 2783.66
6573.70000 2769.31
6573.80000 2756.37
6573.90000 2743.15
6574.00000 2729.15
6574.10000 2711.26
6574.20000 2680.46
6574.30000 2672.28
6574.40000 2671.37
6574.50000 2669.40
6574.60000 2648.10
6574.70000 2635.95
6574.80000 2618.10
6574.90000 2596.93
6575.00000 2584.51
6575.10000 2554.25
6575.20000 2556.77
6575.30000 2499.09
6575.40000 2294.77
6575.50000 1969.68
6575.60000 2375.91
6575.70000 2474.59
6575.80000 2480.80
6575.90000 2486.46
6576.00000 2470.55
6576.10000 2477.23
6576.20000 2456.46
6576.30000 2455.61
6576.40000 2435.55
6576.50000 2451.89
6576.60000 2404.61
6576.70000 2385.96
6576.80000 2382.48
6576.90000 2388.25
6577.00000 2367.05
6577.10000 2376.68
6577.20000 2362.11
6577.30000 2370.99
6577.40000 2365.54
6577.50000 2353.48
6577.60000 2334.86
6577.70000 2327.35
6577.80000 2339.02
6577.90000 2334.76
6578.00000 2316.01
6578.10000 2312.08
6578.20000 2310.89
6578.30000 2299.18
6578.40000 2290.63
6578.50000 2289.57
6578.60000 2277.96
6578.70000 2295.74
6578.80000 2268.61
6578.90000 2266.23
6579.00000 2254.31
6579.10000 2263.91
6579.20000 2250.68
6579.30000 2254.38
6579.40000 2238.90
6579.50000 2240.61
6579.60000 2237.83
6579.70000 2235.05
6579.80000 2274.48
6579.90000 2213.49
6580.00000 2234.91
6580.10000 2214.22
6580.20000 2196.37
6580.30000 2213.93
6580.40000 2210.64
6580.50000 2204.22
6580.60000 2200.57
6580.70000 2189.37
6580.80000 2184.48
6580.90000 2167.72
6581.00000 2167.70
6581.10000 2190.32
6581.20000 2165.54
6581.30000 2150.26
6581.40000 2027.71
6581.50000 2113.34
6581.60000 2144.42
6581.70000 2149.49
6581.80000 2155.79
6581.90000 2141.65
6582.00000 2141.46
6582.10000 2162.98
6582.20000 2151.87
6582.30000 2150.87
6582.40000 2146.86
6582.50000 2151.49
6582.60000 2152.67
6582.70000 2141.24
6582.80000 2137.28
6582.90000 2126.89
6583.00000 2121.71
6583.10000 2117.78
6583.20000 2130.07
6583.30000 2118.47
6583.40000 2121.38
6583.50000 2129.87
6583.60000 2120.43
6583.70000 2121.63
6583.80000 2130.75
6583.90000 2084.33
6584.00000 2103.40
6584.10000 2075.20
6584.20000 2059.05
6584.30000 2102.01
6584.40000 2122.87
6584.50000 2117.94
6584.60000 2107.60
6584.70000 2108.90
6584.80000 2115.89
6584.90000 2123.73
6585.00000 2126.91
6585.10000 2106.95
6585.20000 2093.09
6585.30000 2103.11
6585.40000 2101.53
6585.50000 2123.49
6585.60000 2091.67
6585.70000 2091.42
6585.80000 2065.40
6585.90000 2064.70
6586.00000 2070.85
6586.10000 2076.99
6586.20000 2062.89
6586.30000 2026.94
6586.40000 2023.77
6586.50000 2041.63
6586.60000 2060.75
6586.70000 2067.58
6586.80000 2058.84
6586.90000 2046.77
6587.00000 2058.06
6587.10000 1920.53
6587.20000 1945.85
6587.30000 1963.96
6587.40000 2026.19
6587.50000 2035.17
6587.60000 2026.97
6587.70000 2046.47
6587.80000 2021.11
6587.90000 2045.07
6588.00000 2042.00
6588.10000 2046.91
6588.20000 2040.92
6588.30000 2040.37
6588.40000 2042.15
6588.50000 2038.20
6588.60000 2047.35
6588.70000 2043.03
6588.80000 2040.83
6588.90000 2032.01
6589.00000 2039.39
6589.10000 2021.46
6589.20000 2003.79
6589.30000 2025.75
6589.40000 2012.99
6589.50000 2020.91
6589.60000 2031.71
6589.70000 2023.27
6589.80000 2023.03
6589.90000 2030.32
6590.00000 2029.56
6590.10000 2031.17
6590.20000 2021.04
6590.30000 2020.45
6590.40000 2003.93
6590.50000 2000.37
6590.60000 2011.20
6590.70000 2003.29
6590.80000 1996.09
6590.90000 1997.42
6591.00000 2003.60
6591.10000 1993.67
6591.20000 1988.13
6591.30000 2006.30
6591.40000 1987.51
6591.50000 1991.36
6591.60000 1985.38
6591.70000 1982.13
6591.80000 1964.39
6591.90000 1980.27
6592.00000 1986.51
6592.10000 1991.67
6592.20000 1981.49
6592.30000 1981.06
6592.40000 1966.75
6592.50000 1977.17
6592.60000 1974.84
6592.70000 1972.80
6592.80000 1982.30
6592.90000 1952.74
6593.00000 1978.55
6593.10000 1964.55
6593.20000 1959.14
6593.30000 1969.92
6593.40000 1978.27
6593.50000 1985.92
6593.60000 1962.47
6593.70000 1956.66
6593.80000 1962.99
6593.90000 1968.38
6594.00000 1959.21
6594.10000 1948.21
6594.20000 1960.38
6594.30000 1967.81
6594.40000 1955.35
6594.50000 1962.21
6594.60000 1964.80
6594.70000 1958.12
6594.80000 1970.75
6594.90000 1945.65
6595.00000 1903.72
6595.10000 1955.75
6595.20000 1957.55
6595.30000 2004.61
6595.40000 1973.88
6595.50000 1966.72
6595.60000 1968.88
6595.70000 1970.84
6595.80000 1981.03
6595.90000 1977.57
6596.00000 1978.54
6596.10000 1974.03
6596.20000 1971.04
6596.30000 1967.56
6596.40000 1974.22
6596.50000 1986.72
6596.60000 1983.35
6596.70000 1978.16
6596.80000 1979.29
6596.90000 1965.40
6597.00000 1985.03
6597.10000 1967.07
6597.20000 1967.50
6597.30000 1962.71
6597.40000 1975.45
6597.50000 1972.16
6597.60000 1947.57
6597.70000 1942.28
6597.80000 1949.02
6597.90000 1953.64
6598.00000 1951.54
6598.10000 1957.66
6598.20000 1970.55
6598.30000 1972.53
6598.40000 1956.98
6598.50000 1966.76
6598.60000 1978.17
6598.70000 1973.99
6598.80000 1973.10
6598.90000 1970.20
6599.00000 1955.60
6599.10000 1967.33
6599.20000 1968.05
6599.30000 1964.13
6599.40000 1975.04
6599.50000 1969.06
6599.60000 1973.74
6599.70000 1976.43
6599.80000 1969.45
6599.90000 1889.18
6600.00000 1884.42
6600.10000 1968.28
6600.20000 1965.94
6600.30000 1929.34
6600.40000 1947.97
6600.50000 1950.93
6600.60000 1967.59
6600.70000 1942.59
6600.80000 1960.25
6600.90000 1967.18
6601.00000 1965.48
6601.10000 1961.20
6601.20000 1975.92
6601.30000 1970.00
6601.40000 1967.29
6601.50000 1977.60
6601.60000 1997.20
6601.70000 1967.28
6601.80000 1954.32
6601.90000 1955.30
6602.00000 1973.25
6602.10000 1962.59
6602.20000 1957.73
6602.30000 1958.43
6602.40000 1959.13
6602.50000 1954.68
6602.60000 1927.16
6602.70000 1942.09
6602.80000 1913.12
6602.90000 1926.72
6603.00000 1953.89
6603.10000 1943.28
6603.20000 1962.84
6603.30000 1946.04
6603.40000 1952.53
6603.50000 1963.29
6603.60000 1953.86
6603.70000 1953.23
6603.80000 1953.81
6603.90000 1968.24
6604.00000 1948.43
6604.10000 1945.11
6604.20000 1943.90
6604.30000 1952.54
6604.40000 1949.44
6604.50000 1953.56
6604.60000 1955.45
6604.70000 1959.91
6604.80000 1963.55
6604.90000 1947.14
6605.00000 1946.32
6605.10000 1936.95
6605.20000 1947.74
6605.30000 1942.01
6605.40000 1940.28
6605.50000 1928.84
6605.60000 1945.50
6605.70000 1946.44
6605.80000 1948.33
6605.90000 1943.43
6606.00000 1951.05
6606.10000 1935.65
6606.20000 1904.74
6606.30000 1935.88
6606.40000 1937.31
6606.50000 1952.76
6606.60000 1940.48
6606.70000 1946.75
6606.80000 1928.42
6606.90000 1939.22
6607.00000 1949.28
6607.10000 1945.64
6607.20000 1930.86
6607.30000 1909.24
6607.40000 1944.20
6607.50000 1933.29
6607.60000 1919.51
6607.70000 1934.49
6607.80000 1935.20
6607.90000 1940.88
6608.00000 1941.71
6608.10000 1928.05
6608.20000 1937.77
6608.30000 1951.24
6608.40000 1944.29
6608.50000 1937.94
6608.60000 1925.64
6608.70000 1935.96
6608.80000 1937.82
6608.90000 1949.26
6609.00000 1951.40
6609.10000 1951.78
6609.20000 1949.25
6609.30000 1946.50
6609.40000 1949.32
6609.50000 1939.37
6609.60000 1961.78
6609.70000 1949.08
6609.80000 1941.49
6609.90000 1948.07
6610.00000 1933.20
6610.10000 1960.17
6610.20000 1952.25
6610.30000 1959.61
6610.40000 1944.89
6610.50000 1942.99
6610.60000 1939.84
6610.70000 1937.13
6610.80000 1947.46
6610.90000 1955.85
6611.00000 1947.14
6611.10000 1954.33
6611.20000 1936.53
6611.30000 1935.13
6611.40000 1932.69
6611.50000 1940.63
6611.60000 1940.90
6611.70000 1928.63
6611.80000 1942.11
6611.90000 1943.24
6612.00000 1931.56
6612.10000 1928.88
6612.20000 1935.25
6612.30000 1937.02
6612.40000 1915.00
6612.50000 1915.83
6612.60000 1933.09
6612.70000 1921.68
6612.80000 1940.13
6612.90000 1951.51
6613.00000 1930.61
6613.10000 1916.91
6613.20000 1906.40
6613.30000 1930.46
6613.40000 1933.66
6613.50000 1924.62
6613.60000 1855.44
6613.70000 1756.52
6613.80000 1650.07
6613.90000 1630.83
6614.00000 1633.99
6614.10000 1580.81
6614.20000 1592.89
6614.30000 1616.50
6614.40000 1657.65
6614.50000 1672.48
6614.60000 1721.41
6614.70000 1786.71
6614.80000 1822.71
6614.90000 1839.73
6615.00000 1857.09
6615.10000 1872.79
6615.20000 1883.23
6615.30000 1909.63
6615.40000 1923.45
6615.50000 1937.73
6615.60000 1926.15
6615.70000 1938.63
6615.80000 1938.55
6615.90000 1932.81
6616.00000 1950.35
6616.10000 1924.50
6616.20000 1922.64
6616.30000 1941.33
6616.40000 1945.46
6616.50000 1955.33
6616.60000 1934.26
6616.70000 1928.26
6616.80000 1930.74
6616.90000 1942.18
6617.00000 1940.70
6617.10000 1932.47
6617.20000 1930.37
6617.30000 1941.75
6617.40000 1930.57
6617.50000 1942.27
6617.60000 1946.64
6617.70000 1926.20
6617.80000 1924.60
6617.90000 1951.31
6618.00000 1917.11
6618.10000 1929.00
6618.20000 1946.50
6618.30000 1932.71
6618.40000 1925.91
6618.50000 1919.78
6618.60000 1934.74
6618.70000 1929.65
6618.80000 1929.94
6618.90000 1941.50
6619.00000 1922.80
6619.10000 1932.27
6619.20000 1922.31
6619.30000 1913.59
6619.40000 1921.06
6619.50000 1925.49
6619.60000 1917.58
6619.70000 1945.56
6619.80000 1932.18
6619.90000 1937.56
6620.00000 1944.86
6620.10000 1921.51
6620.20000 1934.76
6620.30000 1904.81
6620.40000 1936.26
6620.50000 1945.03
6620.60000 1946.12
6620.70000 1923.84
6620.80000 1942.85
6620.90000 1921.18
6621.00000 1918.97
6621.10000 1937.32
6621.20000 1931.75
6621.30000 1960.68
6621.40000 1930.91
6621.50000 1928.15
6621.60000 1936.61
6621.70000 1933.71
6621.80000 1921.43
6621.90000 1934.44
6622.00000 1929.48
6622.10000 1917.50
6622.20000 1937.58
6622.30000 1930.78
6622.40000 1936.98
6622.50000 1918.97
6622.60000 1925.33
6622.70000 1928.22
6622.80000 1923.13
6622.90000 1923.61
6623.00000 1934.49
6623.10000 1926.42
6623.20000 1917.96
6623.30000 1901.36
6623.40000 1910.08
6623.50000 1905.58
6623.60000 1929.73
6623.70000 1912.39
6623.80000 1922.08
6623.90000 1926.82
6624.00000 1931.18
6624.10000 1936.14
6624.20000 1939.87
6624.30000 1921.29
6624.40000 1937.96
6624.50000 1942.04
6624.60000 1946.92
6624.70000 1925.46
6624.80000 1955.10
6624.90000 1951.76
6625.00000 1943.19
6625.10000 1930.86
6625.20000 1950.69
6625.30000 1929.18
6625.40000 1939.07
6625.50000 1937.40
6625.60000 1947.65
6625.70000 1946.14
6625.80000 1920.95
6625.90000 1942.30
6626.00000 1935.26
6626.10000 1936.13
6626.20000 1931.93
6626.30000 2057.82
6626.40000 2107.26
6626.50000 1927.74
6626.60000 1924.86
6626.70000 1944.04
6626.80000 1925.89
6626.90000 1917.28
6627.00000 1926.31
6627.10000 1928.70
6627.20000 1934.19
6627.30000 1926.77
6627.40000 1933.10
6627.50000 1949.91
6627.60000 1935.58
6627.70000 1930.23
6627.80000 1936.12
6627.90000 1934.87
6628.00000 1923.41
6628.10000 1931.86
6628.20000 1947.89
6628.30000 1922.68
6628.40000 1902.37
6628.50000 1943.23
6628.60000 1912.92
6628.70000 1911.56
6628.80000 1906.40
6628.90000 1923.01
6629.00000 1932.97
6629.10000 1914.47
6629.20000 1925.27
6629.30000 1931.08
6629.40000 1931.83
6629.50000 1936.28
6629.60000 1948.88
6629.70000 1943.40
6629.80000 1929.58
6629.90000 1929.03
6630.00000 1936.41
6630.10000 1936.98
6630.20000 1936.78
6630.30000 1916.08
6630.40000 1923.60
6630.50000 1937.80
6630.60000 1944.18
6630.70000 1933.40
6630.80000 1953.10
6630.90000 1950.95
6631.00000 1938.10
6631.10000 1933.34
6631.20000 1929.83
6631.30000 1908.36
6631.40000 1921.81
6631.50000 1923.71
6631.60000 1910.19
6631.70000 1920.82
6631.80000 1931.38
6631.90000 1946.36
6632.00000 1946.23
6632.10000 1934.09
6632.20000 1922.16
6632.30000 1930.14
6632.40000 1932.65
6632.50000 1948.82
6632.60000 1942.82
6632.70000 1935.03
6632.80000 1942.17
6632.90000 1929.25
6633.00000 1903.78
6633.10000 1907.57
6633.20000 1918.84
6633.30000 1911.54
6633.40000 1898.97
6633.50000 1929.49
6633.60000 1922.83
6633.70000 1898.19
6633.80000 1917.69
6633.90000 1926.78
6634.00000 1939.43
6634.10000 1926.75
6634.20000 1927.19
6634.30000 1934.71
6634.40000 1928.96
6634.50000 1928.15
6634.60000 1917.55
6634.70000 1939.24
6634.80000 1902.70
6634.90000 1928.49
6635.00000 1941.44
6635.10000 1931.32
6635.20000 1933.34
6635.30000 1940.24
6635.40000 1936.70
6635.50000 1943.52
6635.60000 1930.59
6635.70000 1931.03
6635.80000 1910.55
6635.90000 1920.27
6636.00000 1938.77
6636.10000 1919.80
6636.20000 1934.53
6636.30000 1931.38
6636.40000 1938.47
6636.50000 1947.91
6636.60000 1932.35
6636.70000 1933.38
6636.80000 1931.28
6636.90000 1906.14
6637.00000 1927.93
6637.10000 1939.33
6637.20000 1923.12
6637.30000 1903.52
6637.40000 1930.12
6637.50000 1944.54
6637.60000 1933.47
6637.70000 1947.90
6637.80000 1913.25
6637.90000 1921.41
6638.00000 1942.99
6638.10000 1932.71
6638.20000 1944.19
6638.30000 1923.98
6638.40000 1942.49
6638.50000 1937.56
6638.60000 1944.20
6638.70000 1932.36
6638.80000 1948.83
6638.90000 1910.02
6639.00000 1916.64
6639.10000 1943.37
6639.20000 1933.41
6639.30000 1934.80
6639.40000 1923.24
6639.50000 1926.23
6639.60000 1926.20
6639.70000 1930.30
6639.80000 1940.47
6639.90000 1917.54
6640.00000 1949.70
6640.10000 1929.57
6640.20000 1919.05
6640.30000 1923.72
6640.40000 1943.12
6640.50000 1965.70
6640.60000 1938.77
6640.70000 1931.97
6640.80000 1932.47
6640.90000 1954.12
6641.00000 1933.67
6641.10000 1933.18
6641.20000 1947.46
6641.30000 1935.92
6641.40000 1922.90
6641.50000 1938.70
6641.60000 1936.62
6641.70000 1932.98
6641.80000 1939.05
6641.90000 1930.54
6642.00000 1934.26
6642.10000 1925.79
6642.20000 1928.70
6642.30000 1942.68
6642.40000 1930.16
6642.50000 1952.47
6642.60000 1948.71
6642.70000 1922.39
6642.80000 1912.64
6642.90000 1921.57
6643.00000 1910.17
6643.10000 1937.26
6643.20000 1920.53
6643.30000 1950.37
6643.40000 1927.23
6643.50000 1916.85
6643.60000 1919.36
6643.70000 1920.47
6643.80000 1937.72
6643.90000 1942.41
6644.00000 1939.13
6644.10000 1947.12
6644.20000 1917.56
6644.30000 1911.89
6644.40000 1926.23
6644.50000 1911.36
6644.60000 1896.71
6644.70000 1911.29
6644.80000 1936.97
6644.90000 1925.64
6645.00000 1930.93
6645.10000 1940.55
6645.20000 1921.11
6645.30000 1941.07
6645.40000 1947.97
6645.50000 1936.37
6645.60000 1921.39
6645.70000 1945.37
6645.80000 1942.64
6645.90000 1917.31
6646.00000 1926.11
6646.10000 1955.41
6646.20000 1926.84
6646.30000 1952.38
6646.40000 1934.28
6646.50000 1933.79
6646.60000 1939.30
6646.70000 1933.22
6646.80000 1915.64
6646.90000 1945.24
6647.00000 1924.03
6647.10000 1942.63
6647.20000 1921.24
6647.30000 1950.07
6647.40000 1953.07
6647.50000 1956.26
6647.60000 1941.97
6647.70000 1952.53
6647.80000 1942.49
6647.90000 1923.74
6648.00000 1954.82
6648.10000 1950.28
6648.20000 1940.05
6648.30000 1946.79
6648.40000 1945.53
6648.50000 1949.37
6648.60000 1960.89
6648.70000 1943.94
6648.80000 1938.30
6648.90000 1950.89
6649.00000 1930.37
6649.10000 1929.01
6649.20000 1945.46
6649.30000 1925.77
6649.40000 1934.01
6649.50000 1925.57
6649.60000 1935.63
6649.70000 1934.07
6649.80000 1942.64
6649.90000 1924.65
6650.00000 1946.77
6650.10000 1950.83
6650.20000 1939.33
6650.30000 1945.93
6650.40000 1957.64
6650.50000 1959.10
6650.60000 1959.23
6650.70000 1946.03
6650.80000 1929.46
6650.90000 1941.51
6651.00000 1944.85
6651.10000 1946.11
6651.20000 1953.39
6651.30000 1953.39
6651.40000 1954.31
6651.50000 1966.74
6651.60000 1937.71
6651.70000 1947.35
6651.80000 1948.21
6651.90000 1949.73
6652.00000 1960.64
6652.10000 1966.09
6652.20000 1966.40
6652.30000 1955.71
6652.40000 1969.46
6652.50000 1935.40
6652.60000 1951.11
6652.70000 1963.26
6652.80000 1932.95
6652.90000 1943.33
6653.00000 1946.17
6653.10000 1942.79
6653.20000 1957.51
6653.30000 1937.85
6653.40000 1948.88
6653.50000 1952.40
6653.60000 1941.55
6653.70000 1959.90
6653.80000 1943.30
6653.90000 1941.24
6654.00000 1957.45
6654.10000 1966.71
6654.20000 1950.20
6654.30000 1938.10
6654.40000 1962.64
6654.50000 1954.50
6654.60000 1962.56
6654.70000 1950.09
6654.80000 1958.93
6654.90000 1971.21
6655.00000 1939.24
6655.10000 1968.74
6655.20000 1964.68
6655.30000 1946.55
6655.40000 1963.34
6655.50000 1941.25
6655.60000 1933.04
6655.70000 1938.16
6655.80000 1965.71
6655.90000 1962.80
6656.00000 1945.40
6656.10000 1967.61
6656.20000 1971.99
6656.30000 1967.82
6656.40000 1985.66
6656.50000 1965.42
6656.60000 1962.12
6656.70000 1967.32
6656.80000 1960.13
6656.90000 1963.22
6657.00000 1979.87
6657.10000 1965.93
6657.20000 1970.44
6657.30000 1961.27
6657.40000 1960.25
6657.50000 1962.61
6657.60000 1946.52
6657.70000 1965.01
6657.80000 1956.59
6657.90000 1966.97
6658.00000 1949.98
6658.10000 1997.75
6658.20000 1960.57
6658.30000 1962.46
6658.40000 1955.60
6658.50000 1963.22
6658.60000 1980.64
6658.70000 1980.57
6658.80000 1985.96
6658.90000 1967.76
6659.00000 1967.04
6659.10000 1965.35
6659.20000 1970.15
6659.30000 1968.10
6659.40000 1965.26
6659.50000 1967.41
6659.60000 1968.66
6659.70000 1950.74
6659.80000 1969.23
6659.90000 1967.16
6660.00000 1981.65
6660.10000 1978.71
6660.20000 1973.10
6660.30000 1965.01
6660.40000 1982.36
6660.50000 1985.08
6660.60000 1982.38
6660.70000 1968.92
6660.80000 1953.65
6660.90000 1948.10
6661.00000 1903.86
6661.10000 1864.30
6661.20000 1876.63
6661.30000 1852.23
6661.40000 1853.57
6661.50000 1897.72
6661.60000 1942.48
6661.70000 1946.68
6661.80000 1961.42
6661.90000 1984.73
6662.00000 1981.91
6662.10000 1979.24
6662.20000 1974.67
6662.30000 1982.14
6662.40000 1961.68
6662.50000 1942.51
6662.60000 1963.80
6662.70000 1958.73
6662.80000 1981.84
6662.90000 1989.62
6663.00000 1973.14
6663.10000 1982.30
6663.20000 1993.57
6663.30000 1981.63
6663.40000 1986.60
6663.50000 1975.93
6663.60000 1976.83
6663.70000 1984.75
6663.80000 1980.50
6663.90000 1968.62
6664.00000 1997.18
6664.10000 1983.82
6664.20000 1979.37
6664.30000 1977.65
6664.40000 1985.58
6664.50000 1969.38
6664.60000 1990.50
6664.70000 1979.49
6664.80000 1979.01
6664.90000 1990.24
6665.00000 2014.64
6665.10000 1999.49
6665.20000 1993.69
6665.30000 1985.98
6665.40000 2009.76
6665.50000 1987.83
6665.60000 1963.33
6665.70000 1951.09
6665.80000 1953.88
6665.90000 1947.36
6666.00000 1967.89
6666.10000 1982.57
6666.20000 1981.05
6666.30000 1981.89
6666.40000 1989.07
6666.50000 2005.25
6666.60000 2004.41
6666.70000 1994.90
6666.80000 1995.20
6666.90000 1985.34
6667.00000 1962.40
6667.10000 1967.19
6667.20000 1961.34
6667.30000 1980.83
6667.40000 1965.00
6667.50000 1964.83
6667.60000 1991.12
6667.70000 1986.70
6667.80000 2000.32
6667.90000 1981.47
6668.00000 1998.52
6668.10000 1996.74
6668.20000 1989.28
6668.30000 1984.29
6668.40000 1983.54
6668.50000 1973.61
6668.60000 1984.27
6668.70000 1999.13
6668.80000 1996.42
6668.90000 1990.62
6669.00000 1975.74
6669.10000 1988.21
6669.20000 1989.86
6669.30000 1987.64
6669.40000 1965.91
6669.50000 1982.26
6669.60000 1969.38
6669.70000 1980.03
6669.80000 1974.20
6669.90000 1952.44
6670.00000 1975.91
6670.10000 1999.81
6670.20000 1971.48
6670.30000 1987.93
6670.40000 1978.73
6670.50000 1977.00
6670.60000 1948.77
6670.70000 1968.70
6670.80000 1953.99
6670.90000 1953.19
6671.00000 1951.42
6671.10000 1955.15
6671.20000 1978.09
6671.30000 1957.89
6671.40000 1964.16
6671.50000 1958.59
6671.60000 1934.12
6671.70000 1954.45
6671.80000 1945.15
6671.90000 1972.90
6672.00000 1964.37
6672.10000 1951.14
6672.20000 1939.80
6672.30000 1949.37
6672.40000 1951.58
6672.50000 1926.20
6672.60000 1924.57
6672.70000 1909.38
6672.80000 1898.13
6672.90000 1908.14
6673.00000 1915.73
6673.10000 1923.57
6673.20000 1941.97
6673.30000 1934.45
6673.40000 1944.37
6673.50000 1945.93
6673.60000 1946.45
6673.70000 1952.80
6673.80000 1951.42
6673.90000 1970.13
6674.00000 1954.83
6674.10000 1956.69
6674.20000 1964.75
6674.30000 1952.71
6674.40000 1955.18
6674.50000 1936.28
6674.60000 1967.70
6674.70000 1962.64
6674.80000 1956.16
6674.90000 1978.79
6675.00000 1973.16
6675.10000 1963.86
6675.20000 1972.41
6675.30000 1971.70
6675.40000 1998.78
6675.50000 1988.77
6675.60000 1994.47
6675.70000 2015.03
6675.80000 2005.66
6675.90000 2010.05
6676.00000 1996.82
6676.10000 1986.99
6676.20000 2011.69
6676.30000 2018.58
6676.40000 2034.22
6676.50000 2016.61
6676.60000 2021.23
6676.70000 2014.21
6676.80000 2019.00
6676.90000 1995.67
6677.00000 1989.87
6677.10000 1995.03
6677.20000 1979.84
6677.30000 1984.20
6677.40000 2003.71
6677.50000 2014.04
6677.60000 1993.90
6677.70000 1991.07
6677.80000 2012.80
6677.90000 1981.04
6678.00000 1975.02
6678.10000 1996.37
6678.20000 1975.04
6678.30000 1981.86
6678.40000 1968.31
6678.50000 1978.18
6678.60000 1971.64
6678.70000 1958.32
6678.80000 1970.85
6678.90000 1974.05
6679.00000 1969.25
6679.10000 1969.38
6679.20000 1985.22
6679.30000 1962.24
6679.40000 1978.69
6679.50000 1978.98
6679.60000 1956.20
6679.70000 1974.79
6679.80000 1978.92
6679.90000 1983.64
6680.00000 1991.01
6680.10000 1970.35
6680.20000 1998.77
6680.30000 1993.75
6680.40000 2001.77
6680.50000 2001.03
6680.60000 1996.88
6680.70000 1982.57
6680.80000 1994.99
6680.90000 2003.63
6681.00000 2008.07
6681.10000 2002.79
6681.20000 1988.10
6681.30000 2029.83
6681.40000 2009.43
6681.50000 2003.46
6681.60000 1999.29
6681.70000 2017.03
6681.80000 2029.84
6681.90000 2004.97
6682.00000 2009.14
6682.10000 2003.41
6682.20000 2002.43
6682.30000 1992.31
6682.40000 2005.75
6682.50000 2001.07
6682.60000 2022.19
6682.70000 1996.24
6682.80000 2016.15
6682.90000 1999.06
6683.00000 2009.73
6683.10000 1995.30
6683.20000 1995.78
6683.30000 1985.01
6683.40000 1978.10
6683.50000 1987.29
6683.60000 1964.26
6683.70000 1988.63
6683.80000 1990.02
6683.90000 1997.50
6684.00000 1984.61
6684.10000 1973.10
6684.20000 1978.49
6684.30000 1971.25
6684.40000 1973.17
6684.50000 1969.12
6684.60000 1973.34
6684.70000 1978.02
6684.80000 1968.48
6684.90000 1964.52
6685.00000 1971.16
6685.10000 1977.44
6685.20000 1964.38
6685.30000 1967.90
6685.40000 1940.30
6685.50000 1976.68
6685.60000 1960.27
6685.70000 1964.03
6685.80000 1976.73
6685.90000 1975.13
6686.00000 1984.63
6686.10000 1972.41
6686.20000 1967.24
6686.30000 1979.47
6686.40000 1958.02
6686.50000 1968.14
6686.60000 1982.52
6686.70000 1975.32
6686.80000 1982.95
6686.90000 1982.08
6687.00000 1990.73
6687.10000 1979.24
6687.20000 1994.70
6687.30000 1987.39
6687.40000 1993.63
6687.50000 1997.55
6687.60000 1986.68
6687.70000 1991.96
6687.80000 2023.39
6687.90000 2008.38
6688.00000 2021.92
6688.10000 1997.26
6688.20000 2003.91
6688.30000 2010.92
6688.40000 2024.14
6688.50000 2017.38
6688.60000 1996.40
6688.70000 2016.48
6688.80000 2018.05
6688.90000 2016.58
6689.00000 2032.61
6689.10000 2024.64
6689.20000 2039.34
6689.30000 2015.23
6689.40000 2023.68
6689.50000 2015.85
6689.60000 2017.45
6689.70000 2025.95
6689.80000 2003.44
6689.90000 2022.25
6690.00000 1996.68
6690.10000 2002.19
6690.20000 2018.68
6690.30000 2008.54
6690.40000 2016.70
6690.50000 2040.09
6690.60000 2012.43
6690.70000 2020.70
6690.80000 2032.84
6690.90000 2036.40
6691.00000 2021.57
6691.10000 2015.33
6691.20000 2028.15
6691.30000 2020.95
6691.40000 2028.81
6691.50000 2014.70
6691.60000 2037.35
6691.70000 2019.04
6691.80000 2029.16
6691.90000 2026.53
6692.00000 2035.01
6692.10000 2020.05
6692.20000 2034.61
6692.30000 2031.30
6692.40000 2020.91
6692.50000 2033.24
6692.60000 2037.29
6692.70000 2023.38
6692.80000 2020.99
6692.90000 2024.28
6693.00000 2039.17
6693.10000 2029.87
6693.20000 2048.33
6693.30000 2028.20
6693.40000 2029.59
6693.50000 2041.88
6693.60000 2037.40
6693.70000 2042.76
6693.80000 2047.52
6693.90000 2034.18
6694.00000 2031.67
6694.10000 2034.50
6694.20000 2028.73
6694.30000 2021.82
6694.40000 2023.30
6694.50000 2050.10
6694.60000 2018.96
6694.70000 2038.34
6694.80000 2028.45
6694.90000 2016.88
6695.00000 2012.49
6695.10000 2023.87
6695.20000 2025.02
6695.30000 2023.59
6695.40000 2021.74
6695.50000 2044.39
6695.60000 2042.39
6695.70000 2043.47
6695.80000 2040.39
6695.90000 2044.11
6696.00000 2038.90
6696.10000 2020.68
6696.20000 2033.90
6696.30000 2046.11
6696.40000 2041.97
6696.50000 2032.53
6696.60000 2024.49
6696.70000 2029.00
6696.80000 2029.58
6696.90000 2059.88
6697.00000 2031.23
6697.10000 2026.61
6697.20000 2028.01
6697.30000 2024.80
6697.40000 2041.71
6697.50000 2023.98
6697.60000 2027.09
6697.70000 2026.86
6697.80000 2026.03
6697.90000 2008.69
6698.00000 2028.62
6698.10000 2019.64
6698.20000 2047.19
6698.30000 2042.60
6698.40000 2032.58
6698.50000 2044.08
6698.60000 2029.08
6698.70000 2047.97
6698.80000 2031.53
6698.90000 2032.26
6699.00000 2026.30
6699.10000 2018.19
6699.20000 2031.41
6699.30000 2012.04
6699.40000 2009.84
6699.50000 2007.79
6699.60000 1987.58
6699.70000 1979.94
6699.80000 1979.27
6699.90000 1965.39
6700.00000 1982.88
6700.10000 1979.70
6700.20000 2014.06
6700.30000 2012.66
6700.40000 2030.82
6700.50000 2035.66
6700.60000 2037.29
6700.70000 2025.79
6700.80000 2033.62
6700.90000 2033.00
6701.00000 2036.58
6701.10000 2019.12
6701.20000 2019.95
6701.30000 2028.98
6701.40000 2026.48
6701.50000 2026.75
6701.60000 2043.99
6701.70000 2024.72
6701.80000 2026.39
6701.90000 2024.39
6702.00000 2028.52
6702.10000 2032.77
6702.20000 2027.56
6702.30000 2041.78
6702.40000 2020.78
6702.50000 2013.06
6702.60000 2009.32
6702.70000 2005.33
6702.80000 2017.33
6702.90000 2027.68
6703.00000 2042.14
6703.10000 2035.16
6703.20000 2033.23
6703.30000 2047.02
6703.40000 2037.91
6703.50000 2057.15
6703.60000 2051.56
6703.70000 2053.77
6703.80000 2053.35
6703.90000 2055.82
6704.00000 2055.80
6704.10000 2033.32
6704.20000 2051.82
6704.30000 2044.44
6704.40000 2058.53
6704.50000 2040.92
6704.60000 2034.13
6704.70000 2052.82
6704.80000 2048.68
6704.90000 2055.81
6705.00000 2043.30
6705.10000 2044.16
6705.20000 2051.31
6705.30000 2048.50
6705.40000 2034.06
6705.50000 2030.43
6705.60000 2043.19
6705.70000 2054.83
6705.80000 2054.84
6705.90000 2066.25
6706.00000 2056.63
6706.10000 2051.57
6706.20000 2052.79
6706.30000 2056.61
6706.40000 2054.40
6706.50000 2062.45
6706.60000 2072.73
6706.70000 2057.49
6706.80000 2044.81
6706.90000 2053.53
6707.00000 2038.70
6707.10000 2042.26
6707.20000 2042.91
6707.30000 2048.24
6707.40000 2055.34
6707.50000 2064.99
6707.60000 2064.06
6707.70000 2057.07
6707.80000 2050.91
6707.90000 2063.45
6708.00000 2049.11
6708.10000 2030.68
6708.20000 2071.51
6708.30000 2057.42
6708.40000 2012.30
6708.50000 2032.17
6708.60000 2022.11
6708.70000 2036.68
6708.80000 2048.08
6708.90000 2067.46
6709.00000 2061.96
6709.10000 2061.90
6709.20000 2054.58
6709.30000 2049.65
6709.40000 2059.94
6709.50000 2058.90
6709.60000 2051.69
6709.70000 2052.85
6709.80000 2059.78
6709.90000 2058.26
6710.00000 2046.87
6710.10000 2044.53
6710.20000 2052.34
6710.30000 2041.42
6710.40000 2031.71
6710.50000 2059.22
6710.60000 2070.71
6710.70000 2040.80
6710.80000 2067.99
6710.90000 2059.34
6711.00000 2056.77
6711.10000 2054.28
6711.20000 2057.72
6711.30000 2061.24
6711.40000 2057.87
6711.50000 2047.12
6711.60000 2068.11
6711.70000 2056.55
6711.80000 2057.01
6711.90000 2060.39
6712.00000 2059.27
6712.10000 2049.42
6712.20000 2065.42
6712.30000 2057.34
6712.40000 2041.06
6712.50000 2066.02
6712.60000 2064.60
6712.70000 2060.03
6712.80000 2053.05
6712.90000 2074.41
6713.00000 2058.72
6713.10000 2082.89
6713.20000 2075.34
6713.30000 2073.81
6713.40000 2061.51
6713.50000 2059.98
6713.60000 2067.00
6713.70000 2065.45
6713.80000 2046.59
6713.90000 2041.58
6714.00000 2052.04
6714.10000 2057.01
6714.20000 2056.61
6714.30000 2057.26
6714.40000 2052.51
6714.50000 2054.35
6714.60000 2062.26
6714.70000 2060.56
6714.80000 2079.41
6714.90000 2065.88
6715.00000 2052.27
6715.10000 2051.34
6715.20000 2051.82
6715.30000 2057.21
6715.40000 2050.68
6715.50000 2059.32
6715.60000 2065.71
6715.70000 2062.58
6715.80000 2060.49
6715.90000 2064.35
6716.00000 2056.89
6716.10000 2065.32
6716.20000 2068.36
6716.30000 2069.32
6716.40000 2066.99
6716.50000 2065.64
6716.60000 2064.25
6716.70000 2051.06
6716.80000 2088.66
6716.90000 2070.35
6717.00000 2083.62
6717.10000 2065.74
6717.20000 2038.36
6717.30000 2070.19
6717.40000 2048.72
6717.50000 2060.46
6717.60000 2068.98
6717.70000 2068.66
6717.80000 2055.37
6717.90000 2076.38
6718.00000 2066.04
6718.10000 2059.96
6718.20000 2071.91
6718.30000 2072.78
6718.40000 2060.08
6718.50000 2065.94
6718.60000 2073.15
6718.70000 2063.55
6718.80000 2054.91
6718.90000 2053.27
6719.00000 2060.25
6719.10000 2068.24
6719.20000 2054.57
6719.30000 2058.57
6719.40000 2059.88
6719.50000 2059.68
6719.60000 2059.69
6719.70000 2063.98
6719.80000 2060.03
6719.90000 2049.32
6720.00000 2069.11
6720.10000 2071.37
6720.20000 2063.73
6720.30000 2062.73
6720.40000 2061.78
6720.50000 2063.88
6720.60000 2051.24
6720.70000 2066.06
6720.80000 2044.85
6720.90000 2058.53
6721.00000 2064.68
6721.10000 2053.59
6721.20000 2056.49
6721.30000 2062.88
6721.40000 2053.34
6721.50000 2060.05
6721.60000 2065.04
6721.70000 2069.04
6721.80000 2074.15
6721.90000 2057.40
6722.00000 2082.46
6722.10000 2058.14
6722.20000 2058.55
6722.30000 2060.03
6722.40000 2056.64
6722.50000 2070.07
6722.60000 2069.86
6722.70000 2056.38
6722.80000 2059.97
6722.90000 2058.95
6723.00000 2058.79
6723.10000 2076.03
6723.20000 2061.87
6723.30000 2082.77
6723.40000 2083.85
6723.50000 2068.26
6723.60000 2071.44
6723.70000 2054.05
6723.80000 2061.63
6723.90000 2054.04
6724.00000 2053.72
6724.10000 2064.17
6724.20000 2063.37
6724.30000 2067.52
6724.40000 2052.15
6724.50000 2064.14
6724.60000 2058.19
6724.70000 2066.83
6724.80000 2064.23
6724.90000 2049.60
6725.00000 2068.14
6725.10000 2065.65
6725.20000 2070.58
6725.30000 2074.13
6725.40000 2060.23
6725.50000 2062.31
6725.60000 2064.40
6725.70000 2073.23
6725.80000 2069.66
6725.90000 2070.00
6726.00000 2062.66
6726.10000 2074.87
6726.20000 2077.47
6726.30000 2051.27
6726.40000 2060.85
6726.50000 2078.09
6726.60000 2068.50
6726.70000 2078.33
6726.80000 2068.54
6726.90000 2055.08
6727.00000 2072.04
6727.10000 2079.73
6727.20000 2073.27
6727.30000 2073.56
6727.40000 2077.61
6727.50000 2068.93
6727.60000 2052.88
6727.70000 2066.13
6727.80000 2057.36
6727.90000 2055.03
6728.00000 2059.50
6728.10000 2058.07
6728.20000 2066.15
6728.30000 2052.05
6728.40000 2065.14
6728.50000 2074.92
6728.60000 2073.43
6728.70000 2074.13
6728.80000 2049.54
6728.90000 2051.18
6729.00000 2057.08
6729.10000 2053.99
6729.20000 2067.84
6729.30000 2059.67
6729.40000 2068.26
6729.50000 2053.20
6729.60000 2051.22
6729.70000 2046.45
6729.80000 2026.63
6729.90000 2017.70
6730.00000 2028.93
6730.10000 2039.47
6730.20000 2041.94
6730.30000 2063.07
6730.40000 2063.75
6730.50000 2062.91
6730.60000 2070.93
6730.70000 2070.39
6730.80000 2062.43
6730.90000 2084.19
6731.00000 2060.10
6731.10000 2059.76
6731.20000 2048.13
6731.30000 2046.12
6731.40000 2078.76
6731.50000 2075.00
6731.60000 2066.33
6731.70000 2075.87
6731.80000 2071.11
6731.90000 2067.63
6732.00000 2055.63
6732.10000 2076.26
6732.20000 2071.13
6732.30000 2051.36
6732.40000 2080.87
6732.50000 2055.90
6732.60000 2046.23
6732.70000 2062.98
6732.80000 2075.64
6732.90000 2074.07
6733.00000 2072.14
6733.10000 2065.09
6733.20000 2051.48
6733.30000 2053.81
6733.40000 2074.13
6733.50000 2067.81
6733.60000 2040.22
6733.70000 2049.96
6733.80000 2047.29
6733.90000 2061.81
6734.00000 2063.98
6734.10000 2050.73
6734.20000 2042.50
6734.30000 2063.64
6734.40000 2078.06
6734.50000 2068.15
6734.60000 2057.70
6734.70000 2066.65
6734.80000 2048.70
6734.90000 2054.64
6735.00000 2069.06
6735.10000 2076.04
6735.20000 2057.52
6735.30000 2064.15
6735.40000 2062.14
6735.50000 2060.16
6735.60000 2048.36
6735.70000 2063.36
6735.80000 2052.45
6735.90000 2057.52
6736.00000 2063.81
6736.10000 2058.98
6736.20000 2066.80
6736.30000 2069.12
6736.40000 2062.85
6736.50000 2046.90
6736.60000 2058.60
6736.70000 2045.36
6736.80000 2045.75
6736.90000 2066.93
6737.00000 2069.50
6737.10000 2057.41
6737.20000 2071.88
6737.30000 2062.73
6737.40000 2069.73
6737.50000 2066.07
6737.60000 2051.34
6737.70000 2051.19
6737.80000 2063.66
6737.90000 2060.69
6738.00000 2049.92
6738.10000 2067.62
6738.20000 2078.23
6738.30000 2052.05
6738.40000 2061.39
6738.50000 2080.98
6738.60000 2067.10
6738.70000 2063.72
6738.80000 2066.21
6738.90000 2056.13
6739.00000 2060.65
6739.10000 2058.39
6739.20000 2075.90
6739.30000 2083.10
6739.40000 2074.02
6739.50000 2055.32
6739.60000 2057.60
6739.70000 2055.85
6739.80000 2063.34
6739.90000 2071.69
6740.00000 2077.63
6740.10000 2079.98
6740.20000 2073.17
6740.30000 2053.99
6740.40000 2075.26
6740.50000 2080.14
6740.60000 2096.97
6740.70000 2055.23
6740.80000 2067.79
6740.90000 2069.84
6741.00000 2044.76
6741.10000 2067.12
6741.20000 2070.84
6741.30000 2064.86
6741.40000 2058.76
6741.50000 2044.59
6741.60000 2066.42
6741.70000 2065.94
6741.80000 2073.63
6741.90000 2059.83
6742.00000 2076.73
6742.10000 2072.42
6742.20000 2061.74
6742.30000 2074.17
6742.40000 2092.51
6742.50000 2068.16
6742.60000 2059.58
6742.70000 2072.02
6742.80000 2079.24
6742.90000 2064.33
6743.00000 2078.73
6743.10000 2087.08
6743.20000 2063.26
6743.30000 2059.96
6743.40000 2083.55
6743.50000 2058.53
6743.60000 2069.14
6743.70000 2076.46
6743.80000 2068.07
6743.90000 2070.22
6744.00000 2069.89
6744.10000 2067.46
6744.20000 2086.19
6744.30000 2084.81
6744.40000 2072.68
6744.50000 2060.10
6744.60000 2056.91
6744.70000 2066.21
6744.80000 2072.27
6744.90000 2051.82
6745.00000 2068.43
6745.10000 2070.27
6745.20000 2064.96
6745.30000 2066.48
6745.40000 2079.68
6745.50000 2084.97
6745.60000 2089.56
6745.70000 2087.96
6745.80000 2076.44
6745.90000 2088.16
6746.00000 2083.64
6746.10000 2069.30
6746.20000 2073.27
6746.30000 2084.69
6746.40000 2068.03
6746.50000 2080.04
6746.60000 2065.83
6746.70000 2086.77
6746.80000 2086.29
6746.90000 2079.62
6747.00000 2082.33
6747.10000 2068.75
6747.20000 2076.04
6747.30000 2076.63
6747.40000 2082.00
6747.50000 2076.83
6747.60000 2069.52
6747.70000 2079.31
6747.80000 2085.89
6747.90000 2078.38
6748.00000 2082.42
6748.10000 2067.01
6748.20000 2084.17
6748.30000 2074.60
6748.40000 2073.03
6748.50000 2066.02
6748.60000 2064.91
6748.70000 2071.64
6748.80000 2080.83
6748.90000 2070.60
6749.00000 2090.77
6749.10000 2070.16
6749.20000 2072.57
6749.30000 2070.28
6749.40000 2093.03
6749.50000 2082.53
6749.60000 2073.07
6749.70000 2069.71
6749.80000 2083.75
6749.90000 2101.41
6750.00000 2083.34
6750.10000 2086.59
6750.20000 2080.05
6750.30000 2088.47
6750.40000 2084.27
6750.50000 2082.28
6750.60000 2081.96
6750.70000 2085.46
6750.80000 2073.15
6750.90000 2079.67
6751.00000 2056.80
6751.10000 2082.12
6751.20000 2075.33
6751.30000 2083.04
6751.40000 2052.71
6751.50000 2079.36
6751.60000 2103.29
6751.70000 2068.02
6751.80000 2094.17
6751.90000 2092.21
6752.00000 2070.82
6752.10000 2091.03
6752.20000 2067.58
6752.30000 2087.54
6752.40000 2085.61
6752.50000 2099.99
6752.60000 2089.91
6752.70000 2085.57
6752.80000 2068.25
6752.90000 2085.66
6753.00000 2069.73
6753.10000 2056.13
6753.20000 2091.36
6753.30000 2063.92
6753.40000 2074.91
6753.50000 2064.79
6753.60000 2084.65
6753.70000 2070.05
6753.80000 2079.66
6753.90000 2088.66
6754.00000 2101.33
6754.10000 2089.43
6754.20000 2089.69
6754.30000 2070.47
6754.40000 2079.20
6754.50000 2063.39
6754.60000 2089.34
6754.70000 2103.06
6754.80000 2096.35
6754.90000 2095.47
6755.00000 2098.03
6755.10000 2086.38
6755.20000 2089.15
6755.30000 2071.25
6755.40000 2098.14
6755.50000 2083.97
6755.60000 2091.72
6755.70000 2095.54
6755.80000 2090.39
6755.90000 2088.43
6756.00000 2097.41
6756.10000 2085.22
6756.20000 2092.19
6756.30000 2083.75
6756.40000 2089.95
6756.50000 2068.60
6756.60000 2084.12
6756.70000 2093.31
6756.80000 2092.19
6756.90000 2081.61
6757.00000 2091.73
6757.10000 2092.42
6757.20000 2081.02
6757.30000 2093.44
6757.40000 2100.10
6757.50000 2081.54
6757.60000 2083.39
6757.70000 2098.35
6757.80000 2086.72
6757.90000 2096.03
6758.00000 2082.00
6758.10000 2090.68
6758.20000 2078.27
6758.30000 2087.47
6758.40000 2084.65
6758.50000 2082.12
6758.60000 2080.56
6758.70000 2065.79
6758.80000 2077.12
6758.90000 2085.45
6759.00000 2085.81
6759.10000 2071.52
6759.20000 2084.57
6759.30000 2083.89
6759.40000 2084.69
6759.50000 2062.86
6759.60000 2078.59
6759.70000 2089.16
6759.80000 2085.66
6759.90000 2091.58
6760.00000 2081.00
6760.10000 2072.85
6760.20000 2079.78
6760.30000 2071.31
6760.40000 2085.60
6760.50000 2087.67
6760.60000 2088.68
6760.70000 2088.73
6760.80000 2086.42
6760.90000 2089.59
6761.00000 2082.85
6761.10000 2093.22
6761.20000 2089.06
6761.30000 2080.71
6761.40000 2084.43
6761.50000 2083.17
6761.60000 2099.95
6761.70000 2097.30
6761.80000 2081.13
6761.90000 2076.74
6762.00000 2078.29
6762.10000 2081.41
6762.20000 2071.10
6762.30000 2103.05
6762.40000 2080.57
6762.50000 2089.38
6762.60000 2079.32
6762.70000 2096.37
6762.80000 2097.22
6762.90000 2057.01
6763.00000 2090.89
6763.10000 2101.39
6763.20000 2088.90
6763.30000 2078.97
6763.40000 2093.75
6763.50000 2105.87
6763.60000 2106.29
6763.70000 2084.96
6763.80000 2084.24
6763.90000 2084.67
6764.00000 2083.28
6764.10000 2108.76
6764.20000 2097.36
6764.30000 2087.49
6764.40000 2070.73
6764.50000 2081.26
6764.60000 2085.97
6764.70000 2083.55
6764.80000 2082.89
6764.90000 2098.19
6765.00000 2073.30
6765.10000 2095.95
6765.20000 2109.90
6765.30000 2080.82
6765.40000 2086.49
6765.50000 2069.19
6765.60000 2088.52
6765.70000 2082.26
6765.80000 2093.25
6765.90000 2075.69
6766.00000 2086.15
6766.10000 2079.96
6766.20000 2083.76
6766.30000 2085.02
6766.40000 2090.37
6766.50000 2104.03
6766.60000 2077.54
6766.70000 2094.44
6766.80000 2098.83
6766.90000 2076.95
6767.00000 2087.27
6767.10000 2103.46
6767.20000 2096.15
6767.30000 2099.42
6767.40000 2096.19
6767.50000 2072.50
6767.60000 2082.46
6767.70000 2095.77
6767.80000 2070.26
6767.90000 2090.55
6768.00000 2073.08
6768.10000 2089.58
6768.20000 2067.51
6768.30000 2063.44
6768.40000 2081.91
6768.50000 2074.77
6768.60000 2086.16
6768.70000 2090.34
6768.80000 2104.50
6768.90000 2092.61
6769.00000 2098.85
6769.10000 2096.88
6769.20000 2116.17
6769.30000 2078.57
6769.40000 2084.30
6769.50000 2086.89
6769.60000 2086.28
6769.70000 2070.94
6769.80000 2084.67
6769.90000 2085.40
6770.00000 2109.45
6770.10000 2087.57
6770.20000 2097.05
6770.30000 2089.35
6770.40000 2076.72
6770.50000 2071.54
6770.60000 2055.04
6770.70000 2087.53
6770.80000 2074.75
6770.90000 2074.29
6771.00000 2108.81
6771.10000 2061.38
6771.20000 2083.02
6771.30000 2092.74
6771.40000 2076.75
6771.50000 2083.94
6771.60000 2094.48
6771.70000 2087.92
6771.80000 2090.67
6771.90000 2085.64
6772.00000 2085.71
6772.10000 2098.42
6772.20000 2100.77
6772.30000 2081.27
6772.40000 2095.64
6772.50000 2096.04
6772.60000 2086.23
6772.70000 2094.81
6772.80000 2120.44
6772.90000 2093.66
6773.00000 2103.86
6773.10000 2122.66
6773.20000 2090.05
6773.30000 2093.67
6773.40000 2106.64
6773.50000 2090.44
6773.60000 2089.58
6773.70000 2087.80
6773.80000 2108.75
6773.90000 2107.92
6774.00000 2085.00
6774.10000 2093.36
6774.20000 2082.65
6774.30000 2062.37
6774.40000 2098.34
6774.50000 2104.47
6774.60000 2092.45
6774.70000 2081.44
6774.80000 2101.14
6774.90000 2113.21
6775.00000 2087.91
6775.10000 2097.29
6775.20000 2090.05
6775.30000 2095.63
6775.40000 2106.39
6775.50000 2091.44
6775.60000 2075.29
6775.70000 2102.62
6775.80000 2087.89
6775.90000 2086.22
6776.00000 2091.69
6776.10000 2088.70
6776.20000 2110.41
6776.30000 2124.94
6776.40000 2096.70
6776.50000 2108.39
6776.60000 2083.62
6776.70000 2095.27
6776.80000 2075.88
6776.90000 2070.62
6777.00000 2083.75
6777.10000 2075.63
6777.20000 2108.32
6777.30000 2097.47
6777.40000 2078.71
6777.50000 2085.69
6777.60000 2111.96
6777.70000 2106.99
6777.80000 2094.10
6777.90000 2078.21
6778.00000 2108.02
6778.10000 2102.63
6778.20000 2084.62
6778.30000 2088.07
6778.40000 2082.67
6778.50000 2075.68
6778.60000 2093.08
6778.70000 2099.76
6778.80000 2077.80
6778.90000 2090.59
6779.00000 2110.52
6779.10000 2116.65
6779.20000 2096.56
6779.30000 2091.13
6779.40000 2110.24
6779.50000 2079.12
6779.60000 2110.02
6779.70000 2070.38
6779.80000 2086.13
6779.90000 2113.91
6780.00000 2107.68
6780.10000 2097.26
6780.20000 2088.67
6780.30000 2095.28
6780.40000 2098.20
6780.50000 2084.38
6780.60000 2103.03
6780.70000 2086.57
6780.80000 2096.98
6780.90000 2105.03
6781.00000 2105.01
6781.10000 2096.06
6781.20000 2091.25
6781.30000 2092.23
6781.40000 2110.41
6781.50000 2094.63
6781.60000 2099.96
6781.70000 2088.62
6781.80000 2101.63
6781.90000 2098.68
6782.00000 2091.30
6782.10000 2110.56
6782.20000 2112.94
6782.30000 2113.17
6782.40000 2097.86
6782.50000 2098.77
6782.60000 2102.59
6782.70000 2106.70
6782.80000 2108.90
6782.90000 2104.22
6783.00000 2112.97
6783.10000 2107.69
6783.20000 2104.86
6783.30000 2105.97
6783.40000 2109.89
6783.50000 2095.97
6783.60000 2087.48
6783.70000 2115.03
6783.80000 2098.29
6783.90000 2096.82
6784.00000 2096.91
6784.10000 2108.37
6784.20000 2104.39
6784.30000 2098.81
6784.40000 2119.67
6784.50000 2107.03
6784.60000 2107.18
6784.70000 2120.38
6784.80000 2113.55
6784.90000 2114.96
6785.00000 2109.75
6785.10000 2123.63
6785.20000 2115.93
6785.30000 2102.05
6785.40000 2118.27
6785.50000 2110.59
6785.60000 2111.86
6785.70000 2116.33
6785.80000 2096.90
6785.90000 2117.66
6786.00000 2126.40
6786.10000 2114.24
6786.20000 2110.53
6786.30000 2116.60
6786.40000 2122.64
6786.50000 2126.04
6786.60000 2134.17
6786.70000 2110.17
6786.80000 2117.29
6786.90000 2123.78
6787.00000 2117.74
6787.10000 2125.45
6787.20000 2115.91
6787.30000 2123.27
6787.40000 2118.33
6787.50000 2114.69
6787.60000 2124.97
6787.70000 2131.35
6787.80000 2113.35
6787.90000 2127.41
6788.00000 2115.76
6788.10000 2117.80
6788.20000 2128.50
6788.30000 2135.80
6788.40000 2132.18
6788.50000 2139.04
6788.60000 2141.12
6788.70000 2138.32
6788.80000 2115.71
6788.90000 2113.18
6789.00000 2099.03
6789.10000 2098.76
6789.20000 2108.82
6789.30000 2134.28
6789.40000 2117.44
6789.50000 2107.37
6789.60000 2129.11
6789.70000 2124.02
6789.80000 2122.80
6789.90000 2132.18
6790.00000 2126.36
6790.10000 2118.11
6790.20000 2121.20
6790.30000 2113.53
6790.40000 2120.75
6790.50000 2143.92
6790.60000 2131.91
6790.70000 2118.66
6790.80000 2137.60
6790.90000 2114.84
6791.00000 2120.50
6791.10000 2134.76
6791.20000 2115.41
6791.30000 2126.16
6791.40000 2114.14
6791.50000 2121.12
6791.60000 2121.82
6791.70000 2138.57
6791.80000 2123.28
6791.90000 2127.77
6792.00000 2135.51
6792.10000 2130.59
6792.20000 2135.53
6792.30000 2131.00
6792.40000 2139.72
6792.50000 2136.48
6792.60000 2136.97
6792.70000 2122.80
6792.80000 2138.41
6792.90000 2122.73
6793.00000 2117.30
6793.10000 2120.20
6793.20000 2114.65
6793.30000 2127.06
6793.40000 2105.17
6793.50000 2157.06
6793.60000 2119.56
6793.70000 2141.04
6793.80000 2121.04
6793.90000 2173.76
6794.00000 2148.80
6794.10000 2132.73
6794.20000 2146.72
6794.30000 2152.79
6794.40000 2145.65
6794.50000 2148.55
6794.60000 2143.82
6794.70000 2152.13
6794.80000 2139.51
6794.90000 2147.64
6795.00000 2120.62
6795.10000 2136.53
6795.20000 2121.89
6795.30000 2130.82
6795.40000 2127.91
6795.50000 2132.20
6795.60000 2115.68
6795.70000 2104.19
6795.80000 2124.77
6795.90000 2138.49
6796.00000 2087.17
6796.10000 2112.19
6796.20000 2125.70
6796.30000 2123.77
6796.40000 2127.97
6796.50000 2135.94
6796.60000 2140.25
6796.70000 2143.37
6796.80000 2141.73
6796.90000 2145.45
6797.00000 2139.98
6797.10000 2116.58
6797.20000 2150.46
6797.30000 2123.64
6797.40000 2124.99
6797.50000 2129.84
6797.60000 2132.91
6797.70000 2139.11
6797.80000 2138.89
6797.90000 2140.04
6798.00000 2158.38
6798.10000 2140.12
6798.20000 2149.58
6798.30000 2133.19
6798.40000 2138.70
6798.50000 2146.31
6798.60000 2146.63
6798.70000 2134.34
6798.80000 2157.26
6798.90000 2154.80
6799.00000 2146.75
6799.10000 2135.44
6799.20000 2145.30
6799.30000 2130.93
6799.40000 2153.28
6799.50000 2128.14
6799.60000 2123.83
6799.70000 2137.66
6799.80000 2160.46
6799.90000 2156.66
6800.00000 2150.89
6800.10000 2156.17
6800.20000 2164.94
6800.30000 2118.69
6800.40000 2168.80
6800.50000 2133.09
6800.60000 2124.81
6800.70000 2141.77
6800.80000 2134.46
6800.90000 2151.04
6801.00000 2143.46
6801.10000 2143.63
6801.20000 2117.94
6801.30000 2137.67
6801.40000 2129.31
6801.50000 2138.38
6801.60000 2146.66
6801.70000 2148.39
6801.80000 2125.02
6801.90000 2132.58
6802.00000 2107.00
6802.10000 2131.87
6802.20000 2121.89
6802.30000 2124.34
6802.40000 2136.75
6802.50000 2134.96
6802.60000 2166.02
6802.70000 2133.47
6802.80000 2144.08
6802.90000 2153.47
6803.00000 2156.81
6803.10000 2145.65
6803.20000 2144.52
6803.30000 2157.04
6803.40000 2174.03
6803.50000 2152.55
6803.60000 2159.75
6803.70000 2130.32
6803.80000 2165.30
6803.90000 2129.67
6804.00000 2118.41
6804.10000 2225.72
6804.20000 2136.68
6804.30000 2150.03
6804.40000 2146.39
6804.50000 2132.81
6804.60000 2130.56
6804.70000 2147.45
6804.80000 2143.07
6804.90000 2134.27
6805.00000 2149.76
6805.10000 2140.67
6805.20000 2146.81
6805.30000 2133.86
6805.40000 2147.06
6805.50000 2155.40
6805.60000 2138.28
6805.70000 2156.81
6805.80000 2136.88
6805.90000 2152.56
6806.00000 2140.51
6806.10000 2141.47
6806.20000 2143.15
6806.30000 2139.53
6806.40000 2155.20
6806.50000 2152.76
6806.60000 2151.58
6806.70000 2158.11
6806.80000 2148.56
6806.90000 2150.93
6807.00000 2146.91
6807.10000 2150.31
6807.20000 2157.80
6807.30000 2144.82
6807.40000 2134.14
6807.50000 2145.20
6807.60000 2130.17
6807.70000 2143.04
6807.80000 2154.39
6807.90000 2151.11
6808.00000 2152.29
6808.10000 2161.73
6808.20000 2161.73
6808.30000 2159.43
6808.40000 2143.20
6808.50000 2142.21
6808.60000 2173.96
6808.70000 2166.82
6808.80000 2141.52
6808.90000 2128.27
6809.00000 2156.23
6809.10000 2165.32
6809.20000 2164.69
6809.30000 2139.55
6809.40000 2156.43
6809.50000 2164.11
6809.60000 2148.94
6809.70000 2157.34
6809.80000 2157.65
6809.90000 2140.20
6810.00000 2154.20
6810.10000 2131.06
6810.20000 2151.52
6810.30000 2145.89
6810.40000 2131.83
6810.50000 2174.52
6810.60000 2157.74
6810.70000 2147.44
6810.80000 2166.82
6810.90000 2141.96
6811.00000 2165.14
6811.10000 2165.03
6811.20000 2136.08
6811.30000 2131.63
6811.40000 2152.58
6811.50000 2150.61
6811.60000 2141.72
6811.70000 2126.75
6811.80000 2130.32
6811.90000 2156.47
6812.00000 2133.67
6812.10000 2144.36
6812.20000 2124.83
6812.30000 2118.71
6812.40000 2131.37
6812.50000 2127.98
6812.60000 2144.48
6812.70000 2159.36
6812.80000 2144.91
6812.90000 2156.48
6813.00000 2147.90
6813.10000 2154.17
6813.20000 2149.02
6813.30000 2154.99
6813.40000 2134.71
6813.50000 2155.36
6813.60000 2160.47
6813.70000 2144.67
6813.80000 2153.91
6813.90000 2140.68
6814.00000 2134.52
6814.10000 2148.62
6814.20000 2145.98
6814.30000 2137.32
6814.40000 2134.56
6814.50000 2140.41
6814.60000 2143.87
6814.70000 2148.14
6814.80000 2168.74
6814.90000 2159.32
6815.00000 2164.78
6815.10000 2157.98
6815.20000 2156.23
6815.30000 2140.11
6815.40000 2159.56
6815.50000 2179.57
6815.60000 2169.52
6815.70000 2154.49
6815.80000 2142.53
6815.90000 2175.23
6816.00000 2145.24
6816.10000 2153.60
6816.20000 2160.45
6816.30000 2165.35
6816.40000 2154.92
6816.50000 2167.45
6816.60000 2162.86
6816.70000 2149.84
6816.80000 2149.79
6816.90000 2167.62
6817.00000 2187.89
6817.10000 2161.75
6817.20000 2171.36
6817.30000 2176.68
6817.40000 2161.53
6817.50000 2162.61
6817.60000 2145.09
6817.70000 2171.63
6817.80000 2154.66
6817.90000 2157.53
6818.00000 2140.34
6818.10000 2142.86
6818.20000 2171.55
6818.30000 2152.49
6818.40000 2158.27
6818.50000 2138.95
6818.60000 2151.69
6818.70000 2146.87
6818.80000 2172.14
6818.90000 2142.81
6819.00000 2159.84
6819.10000 2164.57
6819.20000 2179.38
6819.30000 2179.46
6819.40000 2157.50
6819.50000 2173.43
6819.60000 2156.63
6819.70000 2164.91
6819.80000 2160.21
6819.90000 2154.24
6820.00000 2165.22
6820.10000 2165.10
6820.20000 2163.30
6820.30000 2165.65
6820.40000 2164.67
6820.50000 2171.69
6820.60000 2154.56
6820.70000 2175.73
6820.80000 2166.35
6820.90000 2165.90
6821.00000 2176.31
6821.10000 2176.98
6821.20000 2178.91
6821.30000 2172.47
6821.40000 2168.72
6821.50000 2162.50
6821.60000 2174.19
6821.70000 2136.31
6821.80000 2151.07
6821.90000 2155.17
6822.00000 2156.15
6822.10000 2161.15
6822.20000 2182.55
6822.30000 2173.01
6822.40000 2177.98
6822.50000 2197.63
6822.60000 2177.36
6822.70000 2172.09
6822.80000 2174.46
6822.90000 2175.94
6823.00000 2153.44
6823.10000 2168.63
6823.20000 2165.44
6823.30000 2184.03
6823.40000 2160.94
6823.50000 2173.54
6823.60000 2174.59
6823.70000 2158.94
6823.80000 2165.95
6823.90000 2171.31
6824.00000 2174.04
6824.10000 2164.98
6824.20000 2153.06
6824.30000 2170.77
6824.40000 2165.14
6824.50000 2154.93
6824.60000 2181.03
6824.70000 2165.15
6824.80000 2184.82
6824.90000 2195.43
6825.00000 2183.88
6825.10000 2179.38
6825.20000 2160.86
6825.30000 2174.17
6825.40000 2171.17
6825.50000 2183.21
6825.60000 2168.15
6825.70000 2163.61
6825.80000 2178.37
6825.90000 2163.24
6826.00000 2180.00
6826.10000 2168.33
6826.20000 2168.14
6826.30000 2175.27
6826.40000 2187.15
6826.50000 2201.48
6826.60000 2167.27
6826.70000 2171.82
6826.80000 2167.73
6826.90000 2164.74
6827.00000 2196.38
6827.10000 2180.75
6827.20000 2175.58
6827.30000 2186.01
6827.40000 2155.07
6827.50000 2169.69
6827.60000 2160.98
6827.70000 2156.01
6827.80000 2150.95
6827.90000 2161.85
6828.00000 2167.89
6828.10000 2186.47
6828.20000 2159.35
6828.30000 2160.36
6828.40000 2158.09
6828.50000 2168.52
6828.60000 2182.73
6828.70000 2160.95
6828.80000 2154.77
6828.90000 2173.77
6829.00000 2178.24
6829.10000 2159.44
6829.20000 2152.44
6829.30000 2169.59
6829.40000 2190.60
6829.50000 2197.31
6829.60000 2172.17
6829.70000 2143.62
6829.80000 2130.86
6829.90000 2155.93
6830.00000 2183.81
6830.10000 2171.64
6830.20000 2201.31
6830.30000 2178.30
6830.40000 2178.27
6830.50000 2176.67
6830.60000 2159.50
6830.70000 2168.61
6830.80000 2169.94
6830.90000 2167.78
6831.00000 2176.48
6831.10000 2179.04
6831.20000 2170.78
6831.30000 2175.67
6831.40000 2162.36
6831.50000 2169.93
6831.60000 2172.51
6831.70000 2169.31
6831.80000 2167.11
6831.90000 2174.14
6832.00000 2177.16
6832.10000 2166.48
6832.20000 2175.28
6832.30000 2175.95
6832.40000 2158.86
6832.50000 2181.21
6832.60000 2183.87
6832.70000 2172.90
6832.80000 2170.53
6832.90000 2178.73
6833.00000 2176.44
6833.10000 2157.30
6833.20000 2178.61
6833.30000 2167.69
6833.40000 2164.26
6833.50000 2173.87
6833.60000 2166.58
6833.70000 2159.71
6833.80000 2172.86
6833.90000 2182.33
6834.00000 2172.93
6834.10000 2176.64
6834.20000 2186.66
6834.30000 2191.17
6834.40000 2162.15
6834.50000 2169.59
6834.60000 2183.87
6834.70000 2168.11
6834.80000 2189.70
6834.90000 2175.61
6835.00000 2174.03
6835.10000 2176.73
6835.20000 2170.48
6835.30000 2182.91
6835.40000 2170.74
6835.50000 2177.40
6835.60000 2168.36
6835.70000 2181.11
6835.80000 2172.36
6835.90000 2168.77
6836.00000 2161.93
6836.10000 2157.57
6836.20000 2167.34
6836.30000 2156.69
6836.40000 2182.02
6836.50000 2178.73
6836.60000 2180.93
6836.70000 2172.21
6836.80000 2178.99
6836.90000 2168.57
6837.00000 2183.74
6837.10000 2185.17
6837.20000 2174.23
6837.30000 2171.73
6837.40000 2188.19
6837.50000 2190.85
6837.60000 2161.91
6837.70000 2193.05
6837.80000 2178.00
6837.90000 2186.72
6838.00000 2160.43
6838.10000 2163.40
6838.20000 2173.09
6838.30000 2165.63
6838.40000 2140.78
6838.50000 2167.57
6838.60000 2157.88
6838.70000 2179.32
6838.80000 2157.79
6838.90000 2179.07
6839.00000 2174.77
6839.10000 2182.38
6839.20000 2163.33
6839.30000 2167.05
6839.40000 2177.81
6839.50000 2163.34
6839.60000 2181.61
6839.70000 2154.75
6839.80000 2167.52
6839.90000 2181.42
6840.00000 2178.19
6840.10000 2173.59
6840.20000 2171.81
6840.30000 2166.29
6840.40000 2195.41
6840.50000 2184.08
6840.60000 2166.61
6840.70000 2185.02
6840.80000 2176.69
6840.90000 2183.67
6841.00000 2175.58
6841.10000 2164.24
6841.20000 2167.13
6841.30000 2175.70
6841.40000 2184.06
6841.50000 2168.32
6841.60000 2177.04
6841.70000 2179.07
6841.80000 2167.70
6841.90000 2166.02
6842.00000 2168.61
6842.10000 2167.96
6842.20000 2149.59
6842.30000 2174.40
6842.40000 2163.87
6842.50000 2166.41
6842.60000 2165.69
6842.70000 2164.84
6842.80000 2170.23
6842.90000 2195.83
6843.00000 2153.58
6843.10000 2152.87
6843.20000 2152.82
6843.30000 2153.83
6843.40000 2160.47
6843.50000 2156.97
6843.60000 2145.80
6843.70000 2147.20
6843.80000 2134.45
6843.90000 2163.99
6844.00000 2150.82
6844.10000 2162.10
6844.20000 2152.95
6844.30000 2144.75
6844.40000 2143.04
6844.50000 2149.31
6844.60000 2154.85
6844.70000 2170.63
6844.80000 2151.03
6844.90000 2171.52
6845.00000 2170.61
6845.10000 2176.42
6845.20000 2165.17
6845.30000 2175.81
6845.40000 2177.49
6845.50000 2168.25
6845.60000 2159.57
6845.70000 2159.91
6845.80000 2166.90
6845.90000 2158.12
6846.00000 2150.37
6846.10000 2171.70
6846.20000 2179.58
6846.30000 2158.84
6846.40000 2157.71
6846.50000 2168.88
6846.60000 2155.00
6846.70000 2169.07
6846.80000 2160.61
6846.90000 2160.47
6847.00000 2174.15
6847.10000 2176.17
6847.20000 2170.42
6847.30000 2179.75
6847.40000 2168.97
6847.50000 2164.24
6847.60000 2168.06
6847.70000 2158.85
6847.80000 2172.74
6847.90000 2153.27
6848.00000 2157.81
6848.10000 2152.18
6848.20000 2165.73
6848.30000 2164.67
6848.40000 2144.87
6848.50000 2159.71
6848.60000 2173.92
6848.70000 2189.64
6848.80000 2185.80
6848.90000 2173.56
6849.00000 2158.60
6849.10000 2168.61
6849.20000 2159.85
6849.30000 2156.76
6849.40000 2162.61
6849.50000 2159.60
6849.60000 2160.47
6849.70000 2163.44
6849.80000 2164.01
6849.90000 2151.07
6850.00000 2151.72
6850.10000 2161.03
6850.20000 2186.46
6850.30000 2165.04
6850.40000 2179.26
6850.50000 2156.07
6850.60000 2169.05
6850.70000 2162.53
6850.80000 2158.33
6850.90000 2176.51
6851.00000 2176.52
6851.10000 2159.68
6851.20000 2153.79
6851.30000 2168.54
6851.40000 2167.87
6851.50000 2166.87
6851.60000 2185.80
6851.70000 2162.88
6851.80000 2169.32
6851.90000 2182.74
6852.00000 2176.64
6852.10000 2169.16
6852.20000 2165.12
6852.30000 2170.57
6852.40000 2161.48
6852.50000 2161.93
6852.60000 2163.29
6852.70000 2151.89
6852.80000 2157.36
6852.90000 2145.11
6853.00000 2145.47
6853.10000 2159.96
6853.20000 2159.98
6853.30000 2141.89
6853.40000 2153.59
6853.50000 2151.93
6853.60000 2149.93
6853.70000 2152.44
6853.80000 2155.73
6853.90000 2155.33
6854.00000 2168.25
6854.10000 2169.17
6854.20000 2172.19
6854.30000 2166.72
6854.40000 2165.69
6854.50000 2153.69
6854.60000 2157.78
6854.70000 2179.02
6854.80000 2178.45
6854.90000 2163.14
6855.00000 2175.63
6855.10000 2181.64
6855.20000 2168.65
6855.30000 2175.88
6855.40000 2170.57
6855.50000 2168.35
6855.60000 2174.51
6855.70000 2174.73
6855.80000 2181.32
6855.90000 2171.93
6856.00000 2175.89
6856.10000 2168.79
6856.20000 2154.41
6856.30000 2167.84
6856.40000 2163.32
6856.50000 2171.77
6856.60000 2150.61
6856.70000 2174.56
6856.80000 2169.73
6856.90000 2165.65
6857.00000 2171.98
6857.10000 2167.02
6857.20000 2161.73
6857.30000 2179.18
6857.40000 2176.32
6857.50000 2176.59
6857.60000 2153.57
6857.70000 2179.11
6857.80000 2160.70
6857.90000 2173.35
6858.00000 2151.02
6858.10000 2168.42
6858.20000 2166.82
6858.30000 2183.66
6858.40000 2183.04
6858.50000 2189.56
6858.60000 2197.71
6858.70000 2166.07
6858.80000 2158.64
6858.90000 2159.57
6859.00000 2168.67
6859.10000 2194.04
6859.20000 2172.36
6859.30000 2169.17
6859.40000 2168.20
6859.50000 2176.66
6859.60000 2161.78
6859.70000 2186.71
6859.80000 2170.57
6859.90000 2168.12
6860.00000 2160.44
6860.10000 2169.40
6860.20000 2161.26
6860.30000 2148.33
6860.40000 2175.13
6860.50000 2161.14
6860.60000 2156.54
6860.70000 2161.02
6860.80000 2173.64
6860.90000 2175.70
6861.00000 2152.62
6861.10000 2155.50
6861.20000 2171.35
6861.30000 2163.88
6861.40000 2164.22
6861.50000 2164.99
6861.60000 2168.15
6861.70000 2189.03
6861.80000 2161.75
6861.90000 2172.68
6862.00000 2160.60
6862.10000 2173.42
6862.20000 2172.66
6862.30000 2168.23
6862.40000 2174.60
6862.50000 2172.27
6862.60000 2177.68
6862.70000 2173.77
6862.80000 2170.17
6862.90000 2162.01
6863.00000 2150.40
6863.10000 2170.77
6863.20000 2172.66
6863.30000 2171.79
6863.40000 2186.89
6863.50000 2167.52
6863.60000 2182.69
6863.70000 2166.30
6863.80000 2174.05
6863.90000 2188.73
6864.00000 2166.55
6864.10000 2177.60
6864.20000 2173.26
6864.30000 2174.46
6864.40000 2160.74
6864.50000 2169.98
6864.60000 2198.56
6864.70000 2176.20
6864.80000 2168.22
6864.90000 2168.98
6865.00000 2176.75
6865.10000 2174.30
6865.20000 2177.17
6865.30000 2183.63
6865.40000 2166.54
6865.50000 2172.67
6865.60000 2163.08
6865.70000 2199.62
6865.80000 2183.09
6865.90000 2180.92
6866.00000 2161.28
6866.10000 2158.27
6866.20000 2182.51
6866.30000 2172.43
6866.40000 2160.08
6866.50000 2168.18
6866.60000 2169.03
6866.70000 2183.36
6866.80000 2181.66
6866.90000 2173.75
6867.00000 2175.13
6867.10000 2178.99
6867.20000 2173.28
6867.30000 2167.43
6867.40000 2181.49
6867.50000 2155.03
6867.60000 2152.01
6867.70000 2100.02
6867.80000 1444.37
6867.90000 606.12
6868.00000 1359.41
6868.10000 1298.18
6868.20000 710.23
6868.30000 1611.95
6868.40000 1980.00
6868.50000 1672.12
6868.60000 1814.33
6868.70000 1097.71
6868.80000 444.24
6868.90000 484.75
6869.00000 1393.48
6869.10000 1141.18
6869.20000 654.08
6869.30000 1511.94
6869.40000 1789.34
6869.50000 1028.52
6869.60000 424.73
6869.70000 722.81
6869.80000 857.19
6869.90000 1800.67
6870.00000 2005.86
6870.10000 2030.91
6870.20000 1890.32
6870.30000 1751.38
6870.40000 1711.32
6870.50000 791.55
6870.60000 59.01
6870.70000 811.71
6870.80000 1733.61
6870.90000 1961.09
6871.00000 2015.34
6871.10000 2071.20
6871.20000 2020.76
6871.30000 1938.06
6871.40000 1889.65
6871.50000 1364.06
6871.60000 347.31
6871.70000 1180.93
6871.80000 1443.78
6871.90000 502.93
6872.00000 652.04
6872.10000 1698.74
6872.20000 1978.48
6872.30000 2046.46
6872.40000 2050.99
6872.50000 2001.72
6872.60000 1991.34
6872.70000 1923.41
6872.80000 1347.20
6872.90000 332.23
6873.00000 1165.02
6873.10000 1850.77
6873.20000 1943.47
6873.30000 1827.01
6873.40000 1190.57
6873.50000 251.86
6873.60000 1137.45
6873.70000 1850.96
6873.80000 2023.64
6873.90000 2064.66
6874.00000 2053.13
6874.10000 2032.31
6874.20000 2016.44
6874.30000 1730.45
6874.40000 694.72
6874.50000 560.36
6874.60000 1685.70
6874.70000 1981.53
6874.80000 2049.96
6874.90000 2053.66
6875.00000 2034.41
6875.10000 1916.28
6875.20000 1331.67
6875.30000 306.18
6875.40000 1042.64
6875.50000 1842.37
6875.60000 2021.72
6875.70000 2076.76
6875.80000 2088.68
6875.90000 2079.49
6876.00000 2009.98
6876.10000 1767.67
6876.20000 717.58
6876.30000 654.07
6876.40000 1759.55
6876.50000 2050.40
6876.60000 2085.76
6876.70000 2122.37
6876.80000 2105.12
6876.90000 2121.45
6877.00000 2094.38
6877.10000 2058.97
6877.20000 1862.98
6877.30000 996.88
6877.40000 419.79
6877.50000 1562.00
6877.60000 1962.82
6877.70000 2042.30
6877.80000 2082.35
6877.90000 2088.86
6878.00000 2061.55
6878.10000 1997.22
6878.20000 1426.21
6878.30000 468.67
6878.40000 1470.59
6878.50000 2011.35
6878.60000 2107.83
6878.70000 2138.57
6878.80000 2145.30
6878.90000 2151.96
6879.00000 2163.66
6879.10000 2146.63
6879.20000 2146.99
6879.30000 2130.58
6879.40000 2121.01
6879.50000 2038.69
6879.60000 1533.66
6879.70000 534.44
6879.80000 1515.95
6879.90000 2035.19
6880.00000 2120.32
6880.10000 2132.49
6880.20000 2160.95
6880.30000 2148.39
6880.40000 2098.10
6880.50000 1701.60
6880.60000 893.22
6880.70000 1871.28
6880.80000 2127.79
6880.90000 2174.93
6881.00000 2165.14
6881.10000 2175.21
6881.20000 2169.75
6881.30000 2178.31
6881.40000 2192.14
6881.50000 2191.22
6881.60000 2201.00
6881.70000 2193.55
6881.80000 2201.24
6881.90000 2207.41
6882.00000 2195.11
6882.10000 2193.27
6882.20000 2192.28
6882.30000 2197.35
6882.40000 2197.05
6882.50000 2203.53
6882.60000 2200.01
6882.70000 2187.11
6882.80000 2203.45
6882.90000 2186.87
6883.00000 2181.87
6883.10000 2185.66
6883.20000 2189.18
6883.30000 2166.93
6883.40000 2199.96
6883.50000 2199.45
6883.60000 2183.06
6883.70000 2194.73
6883.80000 2188.56
6883.90000 2181.29
6884.00000 2174.89
6884.10000 2166.86
6884.20000 2138.76
6884.30000 2068.26
6884.40000 1518.51
6884.50000 575.10
6884.60000 1636.73
6884.70000 2048.72
6884.80000 2134.41
6884.90000 2135.51
6885.00000 2165.21
6885.10000 2169.72
6885.20000 2182.13
6885.30000 2162.25
6885.40000 2158.93
6885.50000 2177.24
6885.60000 2185.14
6885.70000 2151.55
6885.80000 2180.94
6885.90000 2164.98
6886.00000 2164.89
6886.10000 2122.14
6886.20000 2056.67
6886.30000 1652.11
6886.40000 513.93
6886.50000 1304.46
6886.60000 1969.12
6886.70000 2077.30
6886.80000 2094.66
6886.90000 2156.14
6887.00000 2097.20
6887.10000 2049.49
6887.20000 1921.90
6887.30000 1342.86
6887.40000 362.79
6887.50000 1247.82
6887.60000 1861.17
6887.70000 2034.81
6887.80000 2099.93
6887.90000 2102.25
6888.00000 2163.40
6888.10000 2140.00
6888.20000 2122.98
6888.30000 2158.53
6888.40000 2165.01
6888.50000 2157.58
6888.60000 2117.81
6888.70000 2147.40
6888.80000 2183.06
6888.90000 2180.49
6889.00000 2174.65
6889.10000 2127.33
6889.20000 2128.00
6889.30000 2066.55
6889.40000 1988.54
6889.50000 1456.37
6889.60000 339.97
6889.70000 1221.70
6889.80000 1904.99
6889.90000 2019.76
6890.00000 2086.32
6890.10000 2114.11
6890.20000 2052.35
6890.30000 2005.35
6890.40000 1768.39
6890.50000 769.71
6890.60000 426.09
6890.70000 1561.48
6890.80000 1962.21
6890.90000 2047.19
6891.00000 2153.39
6891.10000 2145.96
6891.20000 2135.97
6891.30000 2158.63
6891.40000 2132.94
6891.50000 2144.16
6891.60000 2122.82
6891.70000 2167.01
6891.80000 2180.97
6891.90000 2164.52
6892.00000 2171.40
6892.10000 2173.15
6892.20000 2140.16
6892.30000 2111.71
6892.40000 2087.36
6892.50000 2162.53
6892.60000 2121.55
6892.70000 2092.41
6892.80000 2021.85
6892.90000 1650.53
6893.00000 437.65
6893.10000 825.65
6893.20000 1761.95
6893.30000 2036.85
6893.40000 2088.41
6893.50000 2096.38
6893.60000 2083.86
6893.70000 2042.46
6893.80000 1813.31
6893.90000 832.97
6894.00000 359.58
6894.10000 1461.86
6894.20000 1985.38
6894.30000 2076.64
6894.40000 2121.49
6894.50000 2155.69
6894.60000 2152.06
6894.70000 2173.84
6894.80000 2172.18
6894.90000 2175.87
6895.00000 2148.45
6895.10000 2131.48
6895.20000 2187.61
6895.30000 2176.81
6895.40000 2189.79
6895.50000 2185.21
6895.60000 2165.24
6895.70000 2183.19
6895.80000 2197.07
6895.90000 2184.36
6896.00000 2153.39
6896.10000 2166.75
6896.20000 2137.06
6896.30000 2129.22
6896.40000 2093.99
6896.50000 1945.45
6896.60000 1336.17
6896.70000 311.91
6896.80000 1298.99
6896.90000 1944.81
6897.00000 2077.80
6897.10000 2091.29
6897.20000 2107.11
6897.30000 2054.50
6897.40000 1968.54
6897.50000 1525.90
6897.60000 382.97
6897.70000 893.48
6897.80000 1835.18
6897.90000 2024.62
6898.00000 2119.16
6898.10000 2131.66
6898.20000 2154.14
6898.30000 2153.11
6898.40000 2161.02
6898.50000 2149.14
6898.60000 2159.76
6898.70000 2152.34
6898.80000 2178.83
6898.90000 2186.02
6899.00000 2171.50
6899.10000 2172.92
6899.20000 2167.86
6899.30000 2187.19
6899.40000 2196.45
6899.50000 2192.07
6899.60000 2191.84
6899.70000 2195.95
6899.80000 2206.80
6899.90000 2177.52
6900.00000 2149.32
6900.10000 2134.50
6900.20000 2127.83
6900.30000 2111.62
6900.40000 2039.12
6900.50000 1592.62
6900.60000 396.40
6900.70000 1179.72
6900.80000 1942.86
6900.90000 2082.32
6901.00000 2125.18
6901.10000 2115.52
6901.20000 2111.26
6901.30000 2020.48
6901.40000 1664.69
6901.50000 474.69
6901.60000 919.79
6901.70000 1880.05
6901.80000 2083.45
6901.90000 2123.35
6902.00000 2180.86
6902.10000 2170.45
6902.20000 2173.03
6902.30000 2198.06
6902.40000 2173.77
6902.50000 2173.01
6902.60000 2193.25
6902.70000 2203.15
6902.80000 2222.55
6902.90000 2181.49
6903.00000 2198.01
6903.10000 2199.59
6903.20000 2190.61
6903.30000 2206.90
6903.40000 2189.71
6903.50000 2199.88
6903.60000 2201.97
6903.70000 2175.15
6903.80000 2152.43
6903.90000 2199.42
6904.00000 2200.76
6904.10000 2184.79
6904.20000 2187.86
6904.30000 2182.34
6904.40000 2130.38
6904.50000 2090.25
6904.60000 1969.76
6904.70000 1271.77
6904.80000 511.65
6904.90000 1696.75
6905.00000 2064.06
6905.10000 2144.19
6905.20000 2111.81
6905.30000 2133.37
6905.40000 2104.58
6905.50000 1964.23
6905.60000 1322.24
6905.70000 437.36
6905.80000 1608.94
6905.90000 2049.55
6906.00000 2124.76
6906.10000 2156.60
6906.20000 2155.31
6906.30000 2180.73
6906.40000 2193.36
6906.50000 2168.26
6906.60000 2169.73
6906.70000 2095.86
6906.80000 2156.49
6906.90000 2203.38
6907.00000 2201.72
6907.10000 2189.22
6907.20000 2199.19
6907.30000 2205.31
6907.40000 2209.24
6907.50000 2230.55
6907.60000 2202.46
6907.70000 2156.00
6907.80000 2210.54
6907.90000 2215.06
6908.00000 2227.01
6908.10000 2208.08
6908.20000 2203.17
6908.30000 2170.91
6908.40000 2172.64
6908.50000 2217.39
6908.60000 2191.35
6908.70000 2190.18
6908.80000 2186.25
6908.90000 2143.51
6909.00000 2083.97
6909.10000 1603.63
6909.20000 610.00
6909.30000 1655.20
6909.40000 2107.68
6909.50000 2154.27
6909.60000 2173.62
6909.70000 2237.87
6909.80000 2463.72
6909.90000 2059.67
6910.00000 1514.38
6910.10000 604.95
6910.20000 1681.40
6910.30000 2088.62
6910.40000 2170.07
6910.50000 2177.94
6910.60000 2210.78
6910.70000 2226.98
6910.80000 2211.51
6910.90000 2144.31
6911.00000 2211.52
6911.10000 2210.40
6911.20000 2183.60
6911.30000 2233.51
6911.40000 2217.95
6911.50000 2226.55
6911.60000 2225.55
6911.70000 2176.99
6911.80000 2207.69
6911.90000 2213.39
6912.00000 2135.71
6912.10000 2173.39
6912.20000 2200.22
6912.30000 2227.41
6912.40000 2221.80
6912.50000 2208.51
6912.60000 2188.73
6912.70000 2209.37
6912.80000 2222.28
6912.90000 2208.80
6913.00000 2217.30
6913.10000 2216.85
6913.20000 2204.92
6913.30000 2213.35
6913.40000 2173.01
6913.50000 2178.25
6913.60000 2174.70
6913.70000 2088.61
6913.80000 1401.60
6913.90000 995.17
6914.00000 1920.60
6914.10000 2102.87
6914.20000 2177.22
6914.30000 2160.08
6914.40000 2161.89
6914.50000 2180.11
6914.60000 2050.99
6914.70000 1224.49
6914.80000 1111.12
6914.90000 2048.87
6915.00000 2146.81
6915.10000 2191.79
6915.20000 2185.76
6915.30000 2192.61
6915.40000 2220.52
6915.50000 2225.67
6915.60000 2209.73
6915.70000 2213.48
6915.80000 2222.36
6915.90000 2236.04
6916.00000 2248.97
6916.10000 2218.20
6916.20000 2170.31
6916.30000 2158.30
6916.40000 2200.51
6916.50000 2239.20
6916.60000 2234.79
6916.70000 2239.82
6916.80000 2243.33
6916.90000 2250.33
6917.00000 2208.89
6917.10000 2174.94
6917.20000 2208.02
6917.30000 2242.34
6917.40000 2242.49
6917.50000 2229.44
6917.60000 2242.39
6917.70000 2242.96
6917.80000 2236.47
6917.90000 2266.49
6918.00000 2231.38
6918.10000 2153.30
6918.20000 2157.91
6918.30000 2219.78
6918.40000 2230.41
6918.50000 2219.20
6918.60000 2178.70
6918.70000 1794.79
6918.80000 1086.70
6918.90000 2012.09
6919.00000 2199.77
6919.10000 2192.20
6919.20000 2210.12
6919.30000 2194.87
6919.40000 2186.26
6919.50000 2114.08
6919.60000 1553.63
6919.70000 1189.21
6919.80000 2069.33
6919.90000 2145.86
6920.00000 2124.81
6920.10000 2218.08
6920.20000 2215.22
6920.30000 2226.69
6920.40000 2230.63
6920.50000 2237.00
6920.60000 2236.37
6920.70000 2254.31
6920.80000 2230.64
6920.90000 2249.97
6921.00000 2255.02
6921.10000 2227.36
6921.20000 2272.93
6921.30000 2255.53
6921.40000 2227.67
6921.50000 2219.73
6921.60000 2216.59
6921.70000 2258.59
6921.80000 2255.09
6921.90000 2245.69
6922.00000 2258.53
6922.10000 2231.10
6922.20000 2213.38
6922.30000 2233.06
6922.40000 2250.23
6922.50000 2244.77
6922.60000 2202.03
6922.70000 2218.38
6922.80000 2254.05
6922.90000 2179.17
6923.00000 2170.39
6923.10000 2109.75
6923.20000 2147.00
6923.30000 2202.19
6923.40000 2225.51
6923.50000 2239.94
6923.60000 2212.49
6923.70000 2176.93
6923.80000 2181.68
6923.90000 1663.20
6924.00000 1159.92
6924.10000 1936.66
6924.20000 2196.97
6924.30000 2243.64
6924.40000 2197.71
6924.50000 2193.53
6924.60000 2219.00
6924.70000 2160.63
6924.80000 1359.68
6924.90000 1653.89
6925.00000 2161.07
6925.10000 2080.85
6925.20000 2135.43
6925.30000 2219.56
6925.40000 2247.67
6925.50000 2224.07
6925.60000 2277.39
6925.70000 2248.14
6925.80000 2230.43
6925.90000 2259.60
6926.00000 2279.74
6926.10000 2251.43
6926.20000 2251.45
6926.30000 2291.21
6926.40000 2270.92
6926.50000 2268.08
6926.60000 2255.68
6926.70000 2274.12
6926.80000 2259.49
6926.90000 2265.62
6927.00000 2257.83
6927.10000 2310.20
6927.20000 2140.51
6927.30000 2106.37
6927.40000 1943.41
6927.50000 2145.57
6927.60000 2255.03
6927.70000 2217.00
6927.80000 2199.80
6927.90000 2225.67
6928.00000 2245.36
6928.10000 2265.14
6928.20000 2250.15
6928.30000 2248.34
6928.40000 2245.55
6928.50000 2258.32
6928.60000 2273.52
6928.70000 2268.45
6928.80000 2249.30
6928.90000 2282.15
6929.00000 2225.17
6929.10000 2223.71
6929.20000 2229.67
6929.30000 2109.05
6929.40000 1575.31
6929.50000 2122.03
6929.60000 2204.39
6929.70000 2034.66
6929.80000 1916.54
6929.90000 1899.77
6930.00000 1710.13
6930.10000 2140.03
6930.20000 1887.06
6930.30000 1665.41
6930.40000 2104.44
6930.50000 1806.57
6930.60000 1960.63
6930.70000 2200.20
6930.80000 2247.96
6930.90000 2246.12
6931.00000 2253.82
6931.10000 2231.91
6931.20000 2146.18
6931.30000 2150.66
6931.40000 2237.02
6931.50000 2188.69
6931.60000 2216.30
6931.70000 2222.17
6931.80000 2225.19
6931.90000 2121.44
6932.00000 1966.17
6932.10000 2198.17
6932.20000 2225.05
6932.30000 2198.17
6932.40000 1997.78
6932.50000 2093.91
6932.60000 2208.40
6932.70000 2097.70
6932.80000 2062.21
6932.90000 2180.92
6933.00000 2245.29
6933.10000 2247.92
6933.20000 2273.30
6933.30000 2263.33
6933.40000 2258.09
6933.50000 2237.19
6933.60000 2256.27
6933.70000 2251.25
6933.80000 2245.19
6933.90000 2254.25
6934.00000 2223.32
6934.10000 2004.46
6934.20000 1910.36
6934.30000 1911.51
6934.40000 1923.04
6934.50000 1654.26
6934.60000 2135.67
6934.70000 2248.01
6934.80000 2225.43
6934.90000 2237.21
6935.00000 2161.95
6935.10000 1850.44
6935.20000 2194.26
6935.30000 2247.42
6935.40000 2229.13
6935.50000 2238.65
6935.60000 2251.88
6935.70000 2235.32
6935.80000 2180.69
6935.90000 1989.85
6936.00000 1975.65
6936.10000 2180.11
6936.20000 2211.34
6936.30000 2242.37
6936.40000 2194.36
6936.50000 2064.09
6936.60000 2208.63
6936.70000 2243.04
6936.80000 2232.38
6936.90000 2275.54
6937.00000 2283.42
6937.10000 2266.73
6937.20000 2253.85
6937.30000 2252.42
6937.40000 2260.09
6937.50000 2238.56
6937.60000 2257.36
6937.70000 2263.54
6937.80000 2237.69
6937.90000 2241.75
6938.00000 2251.76
6938.10000 2233.63
6938.20000 2198.02
6938.30000 1742.16
6938.40000 1479.47
6938.50000 2115.84
6938.60000 2224.77
6938.70000 2223.86
6938.80000 2156.57
6938.90000 1888.88
6939.00000 2022.65
6939.10000 2223.13
6939.20000 2269.36
6939.30000 2246.75
6939.40000 2282.36
6939.50000 2268.49
6939.60000 2269.80
6939.70000 2236.71
6939.80000 2258.06
6939.90000 2244.91
6940.00000 2238.40
6940.10000 2206.37
6940.20000 1933.14
6940.30000 1471.62
6940.40000 1906.76
6940.50000 2131.79
6940.60000 2206.04
6940.70000 2103.81
6940.80000 1485.33
6940.90000 1410.58
6941.00000 1913.64
6941.10000 2083.64
6941.20000 2227.50
6941.30000 2252.77
6941.40000 2246.58
6941.50000 2256.38
6941.60000 2159.42
6941.70000 2062.55
6941.80000 2000.76
6941.90000 1674.40
6942.00000 2129.94
6942.10000 2230.91
6942.20000 2248.23
6942.30000 2248.72
6942.40000 2250.83
6942.50000 2261.97
6942.60000 2206.55
6942.70000 2064.76
6942.80000 1446.04
6942.90000 1786.38
6943.00000 1793.75
6943.10000 1929.63
6943.20000 2190.62
6943.30000 2236.69
6943.40000 2258.19
6943.50000 2272.07
6943.60000 2271.26
6943.70000 2270.05
6943.80000 2268.76
6943.90000 2277.40
6944.00000 2244.33
6944.10000 2264.34
6944.20000 2223.75
6944.30000 2131.92
6944.40000 1671.88
6944.50000 1334.72
6944.60000 2074.78
6944.70000 2228.38
6944.80000 2234.67
6944.90000 2226.32
6945.00000 2222.29
6945.10000 2237.27
6945.20000 2236.15
6945.30000 2251.65
6945.40000 2251.72
6945.50000 2260.85
6945.60000 2263.37
6945.70000 2269.46
6945.80000 2275.87
6945.90000 2275.02
6946.00000 2266.02
6946.10000 2276.66
6946.20000 2282.36
6946.30000 2288.13
6946.40000 2266.10
6946.50000 2272.11
6946.60000 2270.60
6946.70000 2261.91
6946.80000 2254.55
6946.90000 2271.51
6947.00000 2267.13
6947.10000 2264.37
6947.20000 2210.11
6947.30000 2211.60
6947.40000 2273.47
6947.50000 2268.52
6947.60000 2273.03
6947.70000 2247.87
6947.80000 2244.97
6947.90000 2206.31
6948.00000 2089.40
6948.10000 1667.16
6948.20000 967.51
6948.30000 1452.23
6948.40000 2047.74
6948.50000 2225.02
6948.60000 2237.97
6948.70000 2266.44
6948.80000 2256.58
6948.90000 2268.91
6949.00000 2256.94
6949.10000 2268.03
6949.20000 2274.96
6949.30000 2257.87
6949.40000 2236.41
6949.50000 2193.74
6949.60000 1899.80
6949.70000 1507.80
6949.80000 1771.32
6949.90000 2167.63
6950.00000 2226.80
6950.10000 2236.37
6950.20000 2250.93
6950.30000 2274.27
6950.40000 2252.39
6950.50000 2254.83
6950.60000 2282.49
6950.70000 2273.03
6950.80000 2279.74
6950.90000 2283.93
6951.00000 2273.61
6951.10000 2267.91
6951.20000 2261.12
6951.30000 2203.46
6951.40000 1833.18
6951.50000 2026.60
6951.60000 2234.64
6951.70000 2240.34
6951.80000 2257.90
6951.90000 2100.01
6952.00000 2213.69
6952.10000 2275.08
6952.20000 2270.53
6952.30000 2244.40
6952.40000 2263.29
6952.50000 2263.72
6952.60000 2291.74
6952.70000 2289.68
6952.80000 2284.99
6952.90000 2265.73
6953.00000 2220.17
6953.10000 2276.17
6953.20000 2275.63
6953.30000 2289.87
6953.40000 2281.83
6953.50000 2289.30
6953.60000 2285.60
6953.70000 2239.02
6953.80000 2247.72
6953.90000 2265.28
6954.00000 2264.69
6954.10000 2215.06
6954.20000 1827.37
6954.30000 1809.17
6954.40000 1983.89
6954.50000 2066.32
6954.60000 2225.14
6954.70000 2289.44
6954.80000 2287.93
6954.90000 2303.99
6955.00000 2285.64
6955.10000 2283.09
6955.20000 2270.90
6955.30000 2274.31
6955.40000 2300.78
6955.50000 2301.16
6955.60000 2288.90
6955.70000 2291.64
6955.80000 2286.23
6955.90000 2277.93
6956.00000 2264.01
6956.10000 2259.17
6956.20000 2257.11
6956.30000 2216.05
6956.40000 2255.50
6956.50000 2270.73
6956.60000 2281.21
6956.70000 2274.84
6956.80000 2224.40
6956.90000 2119.26
6957.00000 1563.78
6957.10000 872.42
6957.20000 1324.10
6957.30000 2045.66
6957.40000 2207.18
6957.50000 2270.46
6957.60000 2270.78
6957.70000 2269.00
6957.80000 2291.76
6957.90000 2279.94
6958.00000 2242.03
6958.10000 2228.31
6958.20000 2287.80
6958.30000 2268.89
6958.40000 2293.64
6958.50000 2302.06
6958.60000 2298.17
6958.70000 2293.60
6958.80000 2284.91
6958.90000 2259.19
6959.00000 2287.38
6959.10000 2274.06
6959.20000 2299.55
6959.30000 2298.27
6959.40000 2305.57
6959.50000 2292.14
6959.60000 2247.02
6959.70000 2278.63
6959.80000 2265.74
6959.90000 2244.65
6960.00000 2068.99
6960.10000 1389.47
6960.20000 1795.62
6960.30000 2181.92
6960.40000 2260.80
6960.50000 2277.32
6960.60000 2284.32
6960.70000 2292.32
6960.80000 2288.51
6960.90000 2301.69
6961.00000 2303.46
6961.10000 2309.20
6961.20000 2292.01
6961.30000 2263.06
6961.40000 2256.59
6961.50000 2255.97
6961.60000 2269.94
6961.70000 2222.03
6961.80000 1979.08
6961.90000 1183.70
6962.00000 1553.63
6962.10000 2127.46
6962.20000 2264.69
6962.30000 2284.54
6962.40000 2297.59
6962.50000 2301.16
6962.60000 2282.59
6962.70000 2299.76
6962.80000 2302.60
6962.90000 2302.34
6963.00000 2304.76
6963.10000 2296.63
6963.20000 2288.65
6963.30000 2292.29
6963.40000 2305.41
6963.50000 2309.69
6963.60000 2332.70
6963.70000 2294.23
6963.80000 2379.71
6963.90000 2354.48
6964.00000 2303.51
6964.10000 2292.80
6964.20000 2304.41
6964.30000 2244.18
6964.40000 2267.29
6964.50000 2315.51
6964.60000 2300.24
6964.70000 2312.83
6964.80000 2307.19
6964.90000 2305.07
6965.00000 2275.20
6965.10000 2211.44
6965.20000 1916.61
6965.30000 2111.72
6965.40000 2276.51
6965.50000 2293.24
6965.60000 2279.61
6965.70000 2193.85
6965.80000 2209.59
6965.90000 2296.74
6966.00000 2289.50
6966.10000 2304.71
6966.20000 2312.30
6966.30000 2309.22
6966.40000 2297.40
6966.50000 2316.45
6966.60000 2304.64
6966.70000 2298.03
6966.80000 2311.83
6966.90000 2297.78
6967.00000 2304.70
6967.10000 2301.91
6967.20000 2297.80
6967.30000 2325.57
6967.40000 2322.27
6967.50000 2317.03
6967.60000 2312.09
6967.70000 2320.01
6967.80000 2308.18
6967.90000 2316.89
6968.00000 2295.19
6968.10000 2305.92
6968.20000 2306.60
6968.30000 2309.05
6968.40000 2296.28
6968.50000 2299.65
6968.60000 2298.96
6968.70000 2322.39
6968.80000 2320.80
6968.90000 2312.07
6969.00000 2326.92
6969.10000 2319.53
6969.20000 2330.43
6969.30000 2323.90
6969.40000 2327.88
6969.50000 2330.45
6969.60000 2327.24
6969.70000 2285.55
6969.80000 2314.18
6969.90000 2320.18
6970.00000 2314.53
6970.10000 2317.41
6970.20000 2317.61
6970.30000 2316.19
6970.40000 2320.13
6970.50000 2323.09
6970.60000 2318.78
6970.70000 2311.94
6970.80000 2301.48
6970.90000 2311.46
6971.00000 2292.05
6971.10000 2242.79
6971.20000 2201.76
6971.30000 2274.02
6971.40000 2260.63
6971.50000 2081.40
6971.60000 2052.47
6971.70000 2273.26
6971.80000 2238.36
6971.90000 2266.65
6972.00000 2291.36
6972.10000 2298.34
6972.20000 2297.82
6972.30000 2302.37
6972.40000 2285.27
6972.50000 2235.39
6972.60000 2278.70
6972.70000 2307.16
6972.80000 2308.20
6972.90000 2313.33
6973.00000 2306.97
6973.10000 2297.00
6973.20000 2320.36
6973.30000 2320.62
6973.40000 2305.64
6973.50000 2311.22
6973.60000 2303.50
6973.70000 2306.43
6973.80000 2296.81
6973.90000 2321.05
6974.00000 2305.78
6974.10000 2278.15
6974.20000 2291.72
6974.30000 2305.43
6974.40000 2302.88
6974.50000 2299.87
6974.60000 2284.77
6974.70000 2304.19
6974.80000 2315.77
6974.90000 2330.27
6975.00000 2316.39
6975.10000 2290.08
6975.20000 2295.02
6975.30000 2303.54
6975.40000 2278.75
6975.50000 2323.38
6975.60000 2304.91
6975.70000 2331.24
6975.80000 2318.71
6975.90000 2325.23
6976.00000 2308.39
6976.10000 2305.67
6976.20000 2314.55
6976.30000 2311.93
6976.40000 2318.99
6976.50000 2304.98
6976.60000 2323.97
6976.70000 2287.75
6976.80000 2291.28
6976.90000 2286.87
6977.00000 2327.87
6977.10000 2306.81
6977.20000 2310.93
6977.30000 2324.73
6977.40000 2321.31
6977.50000 2322.28
6977.60000 2331.20
6977.70000 2315.05
6977.80000 2303.15
6977.90000 2300.87
6978.00000 2239.87
6978.10000 1980.69
6978.20000 1923.71
6978.30000 2245.92
6978.40000 2293.90
6978.50000 2313.05
6978.60000 2312.07
6978.70000 2316.16
6978.80000 2299.29
6978.90000 2319.69
6979.00000 2307.88
6979.10000 2288.19
6979.20000 2312.71
6979.30000 2316.33
6979.40000 2290.84
6979.50000 2320.15
6979.60000 2295.30
6979.70000 2333.23
6979.80000 2315.48
6979.90000 2242.84
6980.00000 2273.27
6980.10000 2304.40
6980.20000 2298.59
6980.30000 2311.36
6980.40000 2314.37
6980.50000 2322.32
6980.60000 2330.24
6980.70000 2315.68
6980.80000 2298.46
6980.90000 2304.95
6981.00000 2318.36
6981.10000 2322.29
6981.20000 2331.59
6981.30000 2318.40
6981.40000 2317.21
6981.50000 2317.11
6981.60000 2318.33
6981.70000 2320.64
6981.80000 2300.71
6981.90000 2290.37
6982.00000 2250.19
6982.10000 1968.26
6982.20000 2106.08
6982.30000 2284.25
6982.40000 2301.30
6982.50000 2309.99
6982.60000 2284.78
6982.70000 2297.39
6982.80000 2327.55
6982.90000 2263.04
6983.00000 2270.30
6983.10000 2287.93
6983.20000 2311.86
6983.30000 2327.92
6983.40000 2337.55
6983.50000 2303.72
6983.60000 2317.21
6983.70000 2327.19
6983.80000 2323.12
6983.90000 2343.29
6984.00000 2330.41
6984.10000 2321.46
6984.20000 2330.95
6984.30000 2332.03
6984.40000 2324.93
6984.50000 2338.97
6984.60000 2328.84
6984.70000 2300.47
6984.80000 2239.87
6984.90000 2323.99
6985.00000 2329.53
6985.10000 2334.28
6985.20000 2323.76
6985.30000 2318.23
6985.40000 2320.46
6985.50000 2264.01
6985.60000 2065.30
6985.70000 2211.56
6985.80000 2309.11
6985.90000 2331.37
6986.00000 2337.02
6986.10000 2298.19
6986.20000 2310.05
6986.30000 2316.81
6986.40000 2263.33
6986.50000 2210.77
6986.60000 2307.90
6986.70000 2321.42
6986.80000 2312.07
6986.90000 2304.46
6987.00000 2285.00
6987.10000 2187.89
6987.20000 1580.36
6987.30000 1540.58
6987.40000 2142.03
6987.50000 2272.15
6987.60000 2279.00
6987.70000 2306.26
6987.80000 2303.20
6987.90000 2312.92
6988.00000 2321.70
6988.10000 2316.65
6988.20000 2329.35
6988.30000 2317.88
6988.40000 2240.95
6988.50000 2078.56
6988.60000 2164.90
6988.70000 2290.68
6988.80000 2312.67
6988.90000 2314.30
6989.00000 2315.98
6989.10000 2315.29
6989.20000 2302.89
6989.30000 2307.06
6989.40000 2266.09
6989.50000 2154.00
6989.60000 1500.55
6989.70000 1360.98
6989.80000 2080.89
6989.90000 2240.29
6990.00000 2285.16
6990.10000 2311.42
6990.20000 2299.72
6990.30000 2313.34
6990.40000 2328.72
6990.50000 2319.42
6990.60000 2301.41
6990.70000 2276.48
6990.80000 2286.24
6990.90000 2258.94
6991.00000 1917.25
6991.10000 1965.08
6991.20000 2257.34
6991.30000 2303.70
6991.40000 2320.40
6991.50000 2312.50
6991.60000 2282.31
6991.70000 2134.54
6991.80000 2203.35
6991.90000 2295.24
6992.00000 2322.99
6992.10000 2313.48
6992.20000 2311.20
6992.30000 2309.65
6992.40000 2253.13
6992.50000 2183.30
6992.60000 2287.04
6992.70000 2314.26
6992.80000 2323.28
6992.90000 2309.38
6993.00000 2328.79
6993.10000 2330.01
6993.20000 2309.89
6993.30000 2274.11
6993.40000 2172.41
6993.50000 2029.82
6993.60000 2133.28
6993.70000 2172.36
6993.80000 2206.33
6993.90000 2188.40
6994.00000 2172.08
6994.10000 1944.19
6994.20000 1554.17
6994.30000 2048.63
6994.40000 2258.10
6994.50000 2279.88
6994.60000 2260.84
6994.70000 2007.15
6994.80000 1716.98
6994.90000 2186.47
6995.00000 2281.33
6995.10000 2305.03
6995.20000 2276.60
6995.30000 2126.10
6995.40000 2270.14
6995.50000 2308.66
6995.60000 2316.07
6995.70000 2312.76
6995.80000 2328.74
6995.90000 2337.87
6996.00000 2340.83
6996.10000 2327.94
6996.20000 2338.07
6996.30000 2336.09
6996.40000 2330.08
6996.50000 2330.32
6996.60000 2325.48
6996.70000 2352.25
6996.80000 2334.35
6996.90000 2337.98
6997.00000 2318.19
6997.10000 2336.38
6997.20000 2351.46
6997.30000 2334.38
6997.40000 2337.60
6997.50000 2347.52
6997.60000 2333.95
6997.70000 2303.12
6997.80000 2306.39
6997.90000 2350.23
6998.00000 2346.29
6998.10000 2336.76
6998.20000 2342.52
6998.30000 2322.32
6998.40000 2297.66
6998.50000 2284.28
6998.60000 2196.30
6998.70000 2079.27
6998.80000 2222.00
6998.90000 2253.46
6999.00000 2317.84
6999.10000 2321.68
6999.20000 2298.05
6999.30000 2162.83
6999.40000 1894.35
6999.50000 2111.20
6999.60000 1522.95
6999.70000 1709.36
6999.80000 2215.89
6999.90000 2249.00
7000.00000 2301.64
7000.10000 2349.27
7000.20000 2324.20
7000.30000 2278.00
7000.40000 2328.33
7000.50000 2357.33
7000.60000 2348.96
7000.70000 2340.98
7000.80000 2368.44
7000.90000 2343.50
7001.00000 2348.52
7001.10000 2347.93
7001.20000 2344.75
7001.30000 2338.19
7001.40000 2346.49
7001.50000 2322.68
7001.60000 2265.58
7001.70000 2343.63
7001.80000 2343.68
7001.90000 2331.08
7002.00000 2342.97
7002.10000 2339.70
7002.20000 2338.57
7002.30000 2343.76
7002.40000 2362.63
7002.50000 2357.15
7002.60000 2343.93
7002.70000 2288.43
7002.80000 2134.25
7002.90000 2252.20
7003.00000 2317.59
7003.10000 2323.60
7003.20000 2323.28
7003.30000 2291.58
7003.40000 2347.85
7003.50000 2351.97
7003.60000 2343.48
7003.70000 2367.81
7003.80000 2361.00
7003.90000 2350.47
7004.00000 2355.64
7004.10000 2371.70
7004.20000 2369.42
7004.30000 2350.10
7004.40000 2357.97
7004.50000 2352.86
7004.60000 2348.52
7004.70000 2337.24
7004.80000 2318.07
7004.90000 2207.67
7005.00000 1999.21
7005.10000 2146.45
7005.20000 2230.28
7005.30000 2144.31
7005.40000 1557.32
7005.50000 1860.03
7005.60000 2221.27
7005.70000 2151.15
7005.80000 1865.96
7005.90000 2167.96
7006.00000 2165.30
7006.10000 2200.68
7006.20000 2238.54
7006.30000 2136.76
7006.40000 2279.24
7006.50000 2324.29
7006.60000 2325.83
7006.70000 2294.24
7006.80000 2166.32
7006.90000 2182.11
7007.00000 2273.18
7007.10000 2322.30
7007.20000 2324.66
7007.30000 2276.92
7007.40000 2244.92
7007.50000 2316.79
7007.60000 2341.63
7007.70000 2321.26
7007.80000 2288.64
7007.90000 2306.44
7008.00000 2338.73
7008.10000 2303.29
7008.20000 2291.78
7008.30000 2312.88
7008.40000 2250.21
7008.50000 2323.25
7008.60000 2321.79
7008.70000 2347.16
7008.80000 2321.89
7008.90000 2189.35
7009.00000 2278.25
7009.10000 2339.68
7009.20000 2339.41
7009.30000 2344.19
7009.40000 2363.77
7009.50000 2356.90
7009.60000 2368.39
7009.70000 2358.53
7009.80000 2323.35
7009.90000 2203.20
7010.00000 2295.61
7010.10000 2328.48
7010.20000 2331.98
7010.30000 2329.64
7010.40000 2282.38
7010.50000 2091.20
7010.60000 2243.42
7010.70000 2384.64
7010.80000 2337.09
7010.90000 2335.83
7011.00000 2319.96
7011.10000 2329.51
7011.20000 2316.77
7011.30000 2260.51
7011.40000 2250.82
7011.50000 2296.06
7011.60000 2163.64
7011.70000 2200.05
7011.80000 2275.81
7011.90000 2005.58
7012.00000 1777.62
7012.10000 2131.43
7012.20000 2292.60
7012.30000 2332.32
7012.40000 2340.99
7012.50000 2339.52
7012.60000 2332.94
7012.70000 2346.36
7012.80000 2333.33
7012.90000 2315.04
7013.00000 2315.73
7013.10000 2337.06
7013.20000 2335.45
7013.30000 2322.90
7013.40000 2339.55
7013.50000 2310.29
7013.60000 2332.44
7013.70000 2322.38
7013.80000 2354.08
7013.90000 2322.15
7014.00000 2278.63
7014.10000 2313.03
7014.20000 2340.43
7014.30000 2314.59
7014.40000 2316.71
7014.50000 2297.50
7014.60000 2322.88
7014.70000 2330.86
7014.80000 2349.94
7014.90000 2356.33
7015.00000 2339.62
7015.10000 2354.96
7015.20000 2344.03
7015.30000 2335.61
7015.40000 2345.70
7015.50000 2314.68
7015.60000 2270.09
7015.70000 2292.45
7015.80000 2325.35
7015.90000 2225.05
7016.00000 2093.73
7016.10000 2277.17
7016.20000 2271.40
7016.30000 2277.54
7016.40000 2284.34
7016.50000 2180.65
7016.60000 1927.17
7016.70000 2121.76
7016.80000 2272.13
7016.90000 2217.48
7017.00000 2028.15
7017.10000 1308.43
7017.20000 1673.32
7017.30000 2189.55
7017.40000 2296.86
7017.50000 2310.70
7017.60000 2323.74
7017.70000 2332.97
7017.80000 2398.94
7017.90000 2333.10
7018.00000 2218.60
7018.10000 2143.71
7018.20000 2322.12
7018.30000 2329.05
7018.40000 2337.80
7018.50000 2355.77
7018.60000 2342.96
7018.70000 2356.87
7018.80000 2360.38
7018.90000 2351.00
7019.00000 2339.27
7019.10000 2328.19
7019.20000 2349.02
7019.30000 2337.89
7019.40000 2278.68
7019.50000 2265.17
7019.60000 2332.00
7019.70000 2329.87
7019.80000 2332.24
7019.90000 2295.47
7020.00000 2081.81
7020.10000 2171.51
7020.20000 2297.26
7020.30000 2335.95
7020.40000 2344.06
7020.50000 2334.35
7020.60000 2322.43
7020.70000 2289.25
7020.80000 2284.06
7020.90000 2284.98
7021.00000 2318.94
7021.10000 2331.80
7021.20000 2278.03
7021.30000 2171.33
7021.40000 2267.36
7021.50000 2197.68
7021.60000 2275.80
7021.70000 2328.89
7021.80000 2326.06
7021.90000 2355.37
7022.00000 2357.82
7022.10000 2319.24
7022.20000 2255.70
7022.30000 2336.94
7022.40000 2348.78
7022.50000 2358.59
7022.60000 2345.66
7022.70000 2342.34
7022.80000 2332.56
7022.90000 2338.63
7023.00000 2325.96
7023.10000 2286.87
7023.20000 2116.37
7023.30000 2236.41
7023.40000 2331.19
7023.50000 2316.21
7023.60000 2313.93
7023.70000 2326.18
7023.80000 2315.58
7023.90000 2299.43
7024.00000 2204.27
7024.10000 1822.24
7024.20000 1472.99
7024.30000 2133.03
7024.40000 2298.37
7024.50000 2328.45
7024.60000 2339.55
7024.70000 2344.65
7024.80000 2317.96
7024.90000 2338.65
7025.00000 2348.15
7025.10000 2324.40
7025.20000 2314.45
7025.30000 2340.11
7025.40000 2261.35
7025.50000 2130.32
7025.60000 2281.03
7025.70000 2305.42
7025.80000 2324.02
7025.90000 2335.10
7026.00000 2336.09
7026.10000 2340.23
7026.20000 2338.10
7026.30000 2328.15
7026.40000 2342.99
7026.50000 2332.00
7026.60000 2308.17
7026.70000 2344.66
7026.80000 2343.11
7026.90000 2324.66
7027.00000 2198.02
7027.10000 2085.57
7027.20000 2288.55
7027.30000 2323.06
7027.40000 2289.57
7027.50000 2180.58
7027.60000 1758.57
7027.70000 2084.21
7027.80000 2264.18
7027.90000 2261.73
7028.00000 2137.62
7028.10000 1546.54
7028.20000 1551.88
7028.30000 2160.56
7028.40000 2231.59
7028.50000 1972.40
7028.60000 2073.22
7028.70000 2294.13
7028.80000 2304.93
7028.90000 2320.26
7029.00000 2362.07
7029.10000 2354.48
7029.20000 2360.93
7029.30000 2360.19
7029.40000 2348.03
7029.50000 2338.53
7029.60000 2327.99
7029.70000 2227.33
7029.80000 2271.11
7029.90000 2296.10
7030.00000 2318.40
7030.10000 2342.94
7030.20000 2341.03
7030.30000 2340.25
7030.40000 2297.80
7030.50000 2337.65
7030.60000 2342.84
7030.70000 2338.98
7030.80000 2325.94
7030.90000 2319.94
7031.00000 2318.79
7031.10000 2352.80
7031.20000 2327.80
7031.30000 2256.24
7031.40000 2299.20
7031.50000 2363.58
7031.60000 2359.38
7031.70000 2359.82
7031.80000 2342.17
7031.90000 2329.85
7032.00000 2349.35
7032.10000 2338.20
7032.20000 2355.40
7032.30000 2324.42
7032.40000 2330.77
7032.50000 2350.35
7032.60000 2366.18
7032.70000 2336.97
7032.80000 2355.86
7032.90000 2333.01
7033.00000 2319.88
7033.10000 2363.94
7033.20000 2371.41
7033.30000 2349.15
7033.40000 2340.48
7033.50000 2331.85
7033.60000 2340.23
7033.70000 2390.66
7033.80000 2372.31
7033.90000 2388.59
7034.00000 2353.16
7034.10000 2356.68
7034.20000 2342.75
7034.30000 2376.68
7034.40000 2368.26
7034.50000 2347.56
7034.60000 2355.43
7034.70000 2363.44
7034.80000 2343.97
7034.90000 2356.00
7035.00000 2353.55
7035.10000 2345.01
7035.20000 2367.80
7035.30000 2350.08
7035.40000 2366.38
7035.50000 2366.13
7035.60000 2356.76
7035.70000 2363.22
7035.80000 2360.16
7035.90000 2348.15
7036.00000 2377.92
7036.10000 2371.25
7036.20000 2379.55
7036.30000 2379.91
7036.40000 2368.36
7036.50000 2361.63
7036.60000 2376.43
7036.70000 2346.04
7036.80000 2362.07
7036.90000 2366.60
7037.00000 2379.03
7037.10000 2372.60
7037.20000 2376.36
7037.30000 2350.91
7037.40000 2367.20
7037.50000 2354.40
7037.60000 2350.19
7037.70000 2342.09
7037.80000 2173.07
7037.90000 2059.38
7038.00000 2248.15
7038.10000 2210.00
7038.20000 1752.75
7038.30000 2114.79
7038.40000 2322.77
7038.50000 2340.64
7038.60000 2349.04
7038.70000 2370.16
7038.80000 2357.28
7038.90000 2365.24
7039.00000 2358.12
7039.10000 2371.36
7039.20000 2392.14
7039.30000 2350.60
7039.40000 2329.67
7039.50000 2377.17
7039.60000 2374.01
7039.70000 2359.20
7039.80000 2355.74
7039.90000 2218.55
7040.00000 2126.90
7040.10000 2325.32
7040.20000 2322.62
7040.30000 2262.86
7040.40000 1805.29
7040.50000 1554.50
7040.60000 2179.54
7040.70000 2329.60
7040.80000 2370.51
7040.90000 2369.83
7041.00000 2373.37
7041.10000 2366.39
7041.20000 2347.10
7041.30000 2358.12
7041.40000 2384.32
7041.50000 2397.64
7041.60000 2379.01
7041.70000 2367.59
7041.80000 2356.78
7041.90000 2381.98
7042.00000 2379.29
7042.10000 2375.49
7042.20000 2372.16
7042.30000 2311.57
7042.40000 2167.37
7042.50000 2252.17
7042.60000 2357.23
7042.70000 2361.60
7042.80000 2387.77
7042.90000 2383.39
7043.00000 2367.24
7043.10000 2336.82
7043.20000 2347.82
7043.30000 2384.35
7043.40000 2398.97
7043.50000 2386.26
7043.60000 2370.65
7043.70000 2369.44
7043.80000 2367.72
7043.90000 2364.19
7044.00000 2334.38
7044.10000 2359.25
7044.20000 2353.72
7044.30000 2364.85
7044.40000 2323.24
7044.50000 2387.79
7044.60000 2370.77
7044.70000 2339.09
7044.80000 2363.25
7044.90000 2385.66
7045.00000 2350.68
7045.10000 2312.72
7045.20000 2304.34
7045.30000 2368.18
7045.40000 2378.90
7045.50000 2354.69
7045.60000 2352.89
7045.70000 2390.25
7045.80000 2353.74
7045.90000 2376.12
7046.00000 2374.59
7046.10000 2393.75
7046.20000 2388.61
7046.30000 2359.25
7046.40000 2358.46
7046.50000 2384.49
7046.60000 2377.71
7046.70000 2380.33
7046.80000 2401.75
7046.90000 2374.31
7047.00000 2375.23
7047.10000 2368.24
7047.20000 2364.09
7047.30000 2365.19
7047.40000 2344.99
7047.50000 2147.02
7047.60000 2188.34
7047.70000 2357.60
7047.80000 2340.47
7047.90000 2367.34
7048.00000 2296.28
7048.10000 2314.30
7048.20000 2357.12
7048.30000 2382.59
7048.40000 2396.01
7048.50000 2351.02
7048.60000 2364.72
7048.70000 2337.11
7048.80000 2356.31
7048.90000 2321.73
7049.00000 2345.97
7049.10000 2378.51
7049.20000 2384.90
7049.30000 2367.36
7049.40000 2365.21
7049.50000 2369.48
7049.60000 2361.92
7049.70000 2353.24
7049.80000 2366.05
7049.90000 2362.83
7050.00000 2356.16
7050.10000 2340.71
7050.20000 2381.95
7050.30000 2389.31
7050.40000 2384.41
7050.50000 2396.65
7050.60000 2382.61
7050.70000 2385.00
7050.80000 2383.59
7050.90000 2386.01
7051.00000 2363.44
7051.10000 2256.47
7051.20000 2228.33
7051.30000 2341.60
7051.40000 2251.83
7051.50000 1858.98
7051.60000 2034.39
7051.70000 2319.79
7051.80000 2332.11
7051.90000 2323.81
7052.00000 2334.38
7052.10000 2394.51
7052.20000 2377.74
7052.30000 2373.52
7052.40000 2331.59
7052.50000 2323.76
7052.60000 2337.26
7052.70000 2365.55
7052.80000 2376.45
7052.90000 2350.43
7053.00000 2270.96
7053.10000 2170.14
7053.20000 2212.10
7053.30000 2234.22
7053.40000 1880.85
7053.50000 2009.19
7053.60000 2325.86
7053.70000 2389.02
7053.80000 2407.71
7053.90000 2370.80
7054.00000 2390.16
7054.10000 2384.06
7054.20000 2338.86
7054.30000 2363.18
7054.40000 2374.91
7054.50000 2348.95
7054.60000 2374.99
7054.70000 2381.64
7054.80000 2414.66
7054.90000 2406.86
7055.00000 2402.24
7055.10000 2391.50
7055.20000 2382.55
7055.30000 2363.04
7055.40000 2256.65
7055.50000 2350.10
7055.60000 2370.82
7055.70000 2372.90
7055.80000 2390.22
7055.90000 2379.36
7056.00000 2367.28
7056.10000 2382.98
7056.20000 2385.47
7056.30000 2345.24
7056.40000 2351.05
7056.50000 2362.65
7056.60000 2359.16
7056.70000 2396.29
7056.80000 2385.63
7056.90000 2344.43
7057.00000 2345.50
7057.10000 2355.24
7057.20000 2387.63
7057.30000 2347.21
7057.40000 2359.75
7057.50000 2346.90
7057.60000 2115.76
7057.70000 1956.48
7057.80000 2289.22
7057.90000 2343.55
7058.00000 2359.47
7058.10000 2367.96
7058.20000 2364.38
7058.30000 2357.37
7058.40000 2361.68
7058.50000 2378.15
7058.60000 2387.91
7058.70000 2353.43
7058.80000 2277.63
7058.90000 2206.68
7059.00000 2336.58
7059.10000 2360.46
7059.20000 2357.02
7059.30000 2299.06
7059.40000 2314.52
7059.50000 2353.15
7059.60000 2380.59
7059.70000 2390.11
7059.80000 2372.17
7059.90000 2375.20
7060.00000 2399.03
7060.10000 2387.80
7060.20000 2352.59
7060.30000 2305.75
7060.40000 2363.38
7060.50000 2372.39
7060.60000 2377.77
7060.70000 2373.06
7060.80000 2396.88
7060.90000 2394.46
7061.00000 2353.57
7061.10000 2211.98
7061.20000 2293.63
7061.30000 2307.57
7061.40000 2371.33
7061.50000 2366.13
7061.60000 2394.66
7061.70000 2379.84
7061.80000 2388.28
7061.90000 2430.50
7062.00000 2417.70
7062.10000 2354.70
7062.20000 2240.75
7062.30000 2399.80
7062.40000 2466.48
7062.50000 2448.86
7062.60000 2424.71
7062.70000 2443.44
7062.80000 2476.08
7062.90000 2448.51
7063.00000 2463.31
7063.10000 2451.27
7063.20000 2463.23
7063.30000 2430.09
7063.40000 2376.76
7063.50000 2429.34
7063.60000 2470.79
7063.70000 2463.22
7063.80000 2468.39
7063.90000 2456.89
7064.00000 2410.89
7064.10000 2190.98
7064.20000 2323.14
7064.30000 2413.26
7064.40000 2453.56
7064.50000 2456.79
7064.60000 2457.17
7064.70000 2423.40
7064.80000 2441.14
7064.90000 2445.56
7065.00000 2448.39
7065.10000 2442.02
7065.20000 2412.58
7065.30000 2323.16
7065.40000 2378.14
7065.50000 2380.38
7065.60000 2434.61
7065.70000 2437.50
7065.80000 2417.21
7065.90000 2436.34
7066.00000 2423.27
7066.10000 2418.19
7066.20000 2306.99
7066.30000 2046.30
7066.40000 2174.24
7066.50000 2384.10
7066.60000 2412.58
7066.70000 2430.52
7066.80000 2391.29
7066.90000 2365.95
7067.00000 2387.34
7067.10000 2433.89
7067.20000 2422.48
7067.30000 2445.39
7067.40000 2430.13
7067.50000 2344.77
7067.60000 2388.73
7067.70000 2416.19
7067.80000 2441.26
7067.90000 2431.76
7068.00000 2431.65
7068.10000 2447.20
7068.20000 2430.99
7068.30000 2456.04
7068.40000 2460.85
7068.50000 2436.07
7068.60000 2366.63
7068.70000 2423.59
7068.80000 2462.11
7068.90000 2457.57
7069.00000 2445.68
7069.10000 2464.74
7069.20000 2430.68
7069.30000 2392.84
7069.40000 2407.85
7069.50000 2391.25
7069.60000 2404.48
7069.70000 2399.77
7069.80000 2425.39
7069.90000 2419.54
7070.00000 2408.47
7070.10000 2401.64
7070.20000 2391.73
7070.30000 2393.34
7070.40000 2364.78
7070.50000 2398.38
7070.60000 2404.24
7070.70000 2410.12
7070.80000 2426.86
7070.90000 2424.73
7071.00000 2384.77
7071.10000 2406.03
7071.20000 2363.68
7071.30000 2361.15
7071.40000 2400.28
7071.50000 2398.48
7071.60000 2392.16
7071.70000 2414.01
7071.80000 2400.09
7071.90000 2359.93
7072.00000 2358.20
7072.10000 2391.58
7072.20000 2375.15
7072.30000 2339.17
7072.40000 2351.77
7072.50000 2377.57
7072.60000 2317.86
7072.70000 2256.85
7072.80000 2338.09
7072.90000 2366.59
7073.00000 2358.64
7073.10000 2335.35
7073.20000 2285.72
7073.30000 2336.25
7073.40000 2390.15
7073.50000 2381.27
7073.60000 2371.98
7073.70000 2390.19
7073.80000 2382.75
7073.90000 2373.94
7074.00000 2375.43
7074.10000 2318.54
7074.20000 2355.05
7074.30000 2315.95
7074.40000 2348.71
7074.50000 2382.42
7074.60000 2396.56
7074.70000 2417.01
7074.80000 2407.90
7074.90000 2409.91
7075.00000 2394.93
7075.10000 2387.74
7075.20000 2383.07
7075.30000 2405.76
7075.40000 2383.14
7075.50000 2341.05
7075.60000 2330.72
7075.70000 2354.71
7075.80000 2374.53
7075.90000 2355.11
7076.00000 2391.41
7076.10000 2395.28
7076.20000 2376.77
7076.30000 2352.68
7076.40000 2405.93
7076.50000 2409.58
7076.60000 2399.34
7076.70000 2389.90
7076.80000 2376.08
7076.90000 2396.13
7077.00000 2421.81
7077.10000 2423.34
7077.20000 2430.52
7077.30000 2421.64
7077.40000 2407.86
7077.50000 2420.67
7077.60000 2426.44
7077.70000 2426.49
7077.80000 2409.16
7077.90000 2393.33
7078.00000 2379.65
7078.10000 2401.27
7078.20000 2352.12
7078.30000 2364.27
7078.40000 2307.17
7078.50000 2261.10
7078.60000 2358.29
7078.70000 2372.05
7078.80000 2332.26
7078.90000 2157.49
7079.00000 2276.64
7079.10000 2387.21
7079.20000 2426.19
7079.30000 2425.18
7079.40000 2377.15
7079.50000 2218.86
7079.60000 2325.49
7079.70000 2383.27
7079.80000 2389.64
7079.90000 2366.10
7080.00000 2412.48
7080.10000 2371.35
7080.20000 2289.60
7080.30000 2236.87
7080.40000 2372.59
7080.50000 2371.27
7080.60000 2375.96
7080.70000 2443.93
7080.80000 2399.81
7080.90000 2424.56
7081.00000 2417.27
7081.10000 2429.43
7081.20000 2426.23
7081.30000 2419.56
7081.40000 2430.71
7081.50000 2412.30
7081.60000 2339.92
7081.70000 2312.97
7081.80000 2399.75
7081.90000 2400.09
7082.00000 2428.91
7082.10000 2422.04
7082.20000 2404.14
7082.30000 2453.41
7082.40000 2441.07
7082.50000 2421.03
7082.60000 2414.67
7082.70000 2416.74
7082.80000 2427.48
7082.90000 2410.43
7083.00000 2415.81
7083.10000 2377.55
7083.20000 2415.60
7083.30000 2413.28
7083.40000 2382.60
7083.50000 2386.73
7083.60000 2403.98
7083.70000 2418.45
7083.80000 2439.93
7083.90000 2413.01
7084.00000 2415.91
7084.10000 2418.38
7084.20000 2424.72
7084.30000 2406.49
7084.40000 2418.18
7084.50000 2436.59
7084.60000 2406.08
7084.70000 2406.94
7084.80000 2410.67
7084.90000 2416.38
7085.00000 2424.71
7085.10000 2422.58
7085.20000 2420.83
7085.30000 2404.04
7085.40000 2404.26
7085.50000 2399.52
7085.60000 2366.64
7085.70000 2388.33
7085.80000 2400.61
7085.90000 2400.67
7086.00000 2390.59
7086.10000 2410.52
7086.20000 2399.59
7086.30000 2408.18
7086.40000 2419.29
7086.50000 2399.40
7086.60000 2420.02
7086.70000 2393.52
7086.80000 2392.24
7086.90000 2376.05
7087.00000 2336.26
7087.10000 2368.94
7087.20000 2413.68
7087.30000 2410.67
7087.40000 2393.14
7087.50000 2432.35
7087.60000 2431.56
7087.70000 2443.32
7087.80000 2415.18
7087.90000 2413.07
7088.00000 2420.61
7088.10000 2411.53
7088.20000 2421.71
7088.30000 2416.57
7088.40000 2420.75
7088.50000 2446.93
7088.60000 2398.25
7088.70000 2355.89
7088.80000 2155.19
7088.90000 2176.59
7089.00000 2354.95
7089.10000 2402.89
7089.20000 2409.84
7089.30000 2385.99
7089.40000 2413.73
7089.50000 2419.84
7089.60000 2425.37
7089.70000 2404.67
7089.80000 2416.21
7089.90000 2428.50
7090.00000 2449.82
7090.10000 2402.30
7090.20000 2422.93
7090.30000 2395.60
7090.40000 2376.23
7090.50000 2396.25
7090.60000 2434.47
7090.70000 2415.77
7090.80000 2418.88
7090.90000 2435.57
7091.00000 2436.34
7091.10000 2444.49
7091.20000 2418.51
7091.30000 2388.33
7091.40000 2377.66
7091.50000 2421.81
7091.60000 2422.81
7091.70000 2423.11
7091.80000 2354.79
7091.90000 2364.06
7092.00000 2396.64
7092.10000 2391.18
7092.20000 2413.38
7092.30000 2447.04
7092.40000 2435.90
7092.50000 2442.24
7092.60000 2433.37
7092.70000 2427.24
7092.80000 2420.47
7092.90000 2419.62
7093.00000 2406.25
7093.10000 2399.02
7093.20000 2413.05
7093.30000 2422.19
7093.40000 2414.07
7093.50000 2421.90
7093.60000 2426.94
7093.70000 2351.66
7093.80000 2357.74
7093.90000 2439.95
7094.00000 2428.42
7094.10000 2432.58
7094.20000 2442.76
7094.30000 2418.38
7094.40000 2407.71
7094.50000 2426.99
7094.60000 2426.86
7094.70000 2322.89
7094.80000 2365.76
7094.90000 2428.94
7095.00000 2439.41
7095.10000 2441.39
7095.20000 2433.06
7095.30000 2431.76
7095.40000 2402.02
7095.50000 2450.75
7095.60000 2388.32
7095.70000 2375.83
7095.80000 2423.67
7095.90000 2426.41
7096.00000 2430.60
7096.10000 2449.68
7096.20000 2410.14
7096.30000 2382.58
7096.40000 2428.21
7096.50000 2420.55
7096.60000 2383.58
7096.70000 2427.68
7096.80000 2420.89
7096.90000 2437.14
7097.00000 2433.97
7097.10000 2400.19
7097.20000 2421.86
7097.30000 2415.57
7097.40000 2456.87
7097.50000 2439.93
7097.60000 2413.39
7097.70000 2418.18
7097.80000 2433.50
7097.90000 2432.50
7098.00000 2436.79
7098.10000 2444.72
7098.20000 2441.81
7098.30000 2373.67
7098.40000 2392.81
7098.50000 2415.68
7098.60000 2460.18
7098.70000 2429.11
7098.80000 2453.11
7098.90000 2454.36
7099.00000 2453.53
7099.10000 2451.66
7099.20000 2421.62
7099.30000 2404.92
7099.40000 2402.80
7099.50000 2406.28
7099.60000 2376.40
7099.70000 2420.20
7099.80000 2419.69
7099.90000 2391.40
7100.00000 2362.94
7100.10000 2396.80
7100.20000 2384.21
7100.30000 2413.27
7100.40000 2428.59
7100.50000 2432.07
7100.60000 2428.93
7100.70000 2432.66
7100.80000 2389.18
7100.90000 2410.04
7101.00000 2447.91
7101.10000 2452.27
7101.20000 2450.80
7101.30000 2404.88
7101.40000 2315.71
7101.50000 2400.73
7101.60000 2441.87
7101.70000 2445.04
7101.80000 2436.40
7101.90000 2422.61
7102.00000 2437.79
7102.10000 2455.32
7102.20000 2409.40
7102.30000 2404.02
7102.40000 2430.90
7102.50000 2453.27
7102.60000 2439.25
7102.70000 2430.41
7102.80000 2438.74
7102.90000 2338.62
7103.00000 2316.81
7103.10000 2427.13
7103.20000 2470.00
7103.30000 2460.81
7103.40000 2462.77
7103.50000 2443.55
7103.60000 2447.75
7103.70000 2432.67
7103.80000 2386.72
7103.90000 2398.72
7104.00000 2463.40
7104.10000 2470.15
7104.20000 2508.40
7104.30000 2472.23
7104.40000 2434.69
7104.50000 2434.66
7104.60000 2390.41
7104.70000 2430.06
7104.80000 2460.14
7104.90000 2417.13
7105.00000 2421.22
7105.10000 2432.11
7105.20000 2437.36
7105.30000 2428.30
7105.40000 2437.07
7105.50000 2443.83
7105.60000 2450.18
7105.70000 2428.78
7105.80000 2430.49
7105.90000 2413.28
7106.00000 2424.12
7106.10000 2440.22
7106.20000 2440.86
7106.30000 2451.77
7106.40000 2438.32
7106.50000 2416.83
7106.60000 2409.20
7106.70000 2420.93
7106.80000 2322.80
7106.90000 2333.29
7107.00000 2389.37
7107.10000 2338.80
7107.20000 2379.12
7107.30000 2457.49
7107.40000 2437.95
7107.50000 2451.23
7107.60000 2446.38
7107.70000 2424.84
7107.80000 2432.78
7107.90000 2467.95
7108.00000 2457.21
7108.10000 2443.53
7108.20000 2452.23
7108.30000 2434.69
7108.40000 2434.07
7108.50000 2469.79
7108.60000 2449.15
7108.70000 2449.83
7108.80000 2455.69
7108.90000 2457.53
7109.00000 2453.04
7109.10000 2433.65
7109.20000 2449.09
7109.30000 2472.13
7109.40000 2473.75
7109.50000 2436.00
7109.60000 2430.50
7109.70000 2419.27
7109.80000 2390.00
7109.90000 2375.05
7110.00000 2383.91
7110.10000 2453.79
7110.20000 2446.73
7110.30000 2477.21
7110.40000 2435.72
7110.50000 2457.41
7110.60000 2461.37
7110.70000 2451.46
7110.80000 2441.53
7110.90000 2419.88
7111.00000 2407.96
7111.10000 2453.03
7111.20000 2460.69
7111.30000 2469.02
7111.40000 2451.75
7111.50000 2470.14
7111.60000 2473.34
7111.70000 2414.61
7111.80000 2418.67
7111.90000 2425.49
7112.00000 2405.16
7112.10000 2441.86
7112.20000 2464.98
7112.30000 2423.93
7112.40000 2442.22
7112.50000 2437.56
7112.60000 2359.92
7112.70000 2446.88
7112.80000 2481.71
7112.90000 2462.28
7113.00000 2471.82
7113.10000 2477.80
7113.20000 2457.49
7113.30000 2462.69
7113.40000 2456.46
7113.50000 2443.37
7113.60000 2458.65
7113.70000 2463.96
7113.80000 2449.99
7113.90000 2468.18
7114.00000 2475.54
7114.10000 2484.07
7114.20000 2456.12
7114.30000 2458.66
7114.40000 2436.67
7114.50000 2442.69
7114.60000 2395.17
7114.70000 2442.69
7114.80000 2448.31
7114.90000 2463.57
7115.00000 2482.60
7115.10000 2461.55
7115.20000 2458.81
7115.30000 2453.07
7115.40000 2445.56
7115.50000 2446.89
7115.60000 2460.65
7115.70000 2464.74
7115.80000 2463.91
7115.90000 2451.89
7116.00000 2445.27
7116.10000 2463.56
7116.20000 2349.42
7116.30000 2421.17
7116.40000 2437.94
7116.50000 2420.85
7116.60000 2420.51
7116.70000 2430.97
7116.80000 2426.46
7116.90000 2434.26
7117.00000 2422.17
7117.10000 2431.41
7117.20000 2447.22
7117.30000 2451.34
7117.40000 2459.62
7117.50000 2467.96
7117.60000 2456.55
7117.70000 2460.39
7117.80000 2459.38
7117.90000 2495.17
7118.00000 2473.49
7118.10000 2474.42
7118.20000 2473.71
7118.30000 2466.14
7118.40000 2461.54
7118.50000 2438.11
7118.60000 2441.07
7118.70000 2433.69
7118.80000 2431.78
7118.90000 2316.41
7119.00000 2186.16
7119.10000 2370.97
7119.20000 2448.65
7119.30000 2455.24
7119.40000 2464.38
7119.50000 2461.64
7119.60000 2455.37
7119.70000 2448.10
7119.80000 2441.71
7119.90000 2416.66
7120.00000 2389.28
7120.10000 2425.16
7120.20000 2451.50
7120.30000 2455.05
7120.40000 2389.38
7120.50000 2389.58
7120.60000 2411.83
7120.70000 2446.98
7120.80000 2432.17
7120.90000 2450.36
7121.00000 2457.25
7121.10000 2449.83
7121.20000 2438.53
7121.30000 2472.00
7121.40000 2453.09
7121.50000 2451.03
7121.60000 2442.33
7121.70000 2452.05
7121.80000 2449.24
7121.90000 2465.99
7122.00000 2467.30
7122.10000 2468.67
7122.20000 2447.16
7122.30000 2397.29
7122.40000 2437.39
7122.50000 2446.25
7122.60000 2464.26
7122.70000 2443.35
7122.80000 2443.95
7122.90000 2431.78
7123.00000 2424.79
7123.10000 2407.47
7123.20000 2397.09
7123.30000 2435.00
7123.40000 2431.60
7123.50000 2412.97
7123.60000 2451.64
7123.70000 2465.39
7123.80000 2419.51
7123.90000 2442.74
7124.00000 2447.09
7124.10000 2448.55
7124.20000 2450.05
7124.30000 2465.19
7124.40000 2448.33
7124.50000 2462.68
7124.60000 2432.78
7124.70000 2414.98
7124.80000 2453.57
7124.90000 2432.75
7125.00000 2446.78
7125.10000 2463.91
7125.20000 2436.67
7125.30000 2446.76
7125.40000 2439.30
7125.50000 2429.28
7125.60000 2423.08
7125.70000 2437.49
7125.80000 2464.70
7125.90000 2461.54
7126.00000 2453.64
7126.10000 2441.70
7126.20000 2456.19
7126.30000 2455.68
7126.40000 2454.49
7126.50000 2445.84
7126.60000 2439.98
7126.70000 2455.08
7126.80000 2465.29
7126.90000 2479.04
7127.00000 2459.58
7127.10000 2432.50
7127.20000 2470.57
7127.30000 2467.63
7127.40000 2445.43
7127.50000 2444.53
7127.60000 2442.81
7127.70000 2430.54
7127.80000 2436.65
7127.90000 2452.86
7128.00000 2429.22
7128.10000 2459.02
7128.20000 2460.84
7128.30000 2449.57
7128.40000 2387.13
7128.50000 2393.97
7128.60000 2445.48
7128.70000 2416.95
7128.80000 2341.64
7128.90000 2318.82
7129.00000 2417.23
7129.10000 2427.27
7129.20000 2453.28
7129.30000 2437.56
7129.40000 2443.82
7129.50000 2446.19
7129.60000 2444.62
7129.70000 2399.46
7129.80000 2347.53
7129.90000 2417.43
7130.00000 2432.16
7130.10000 2420.63
7130.20000 2395.81
7130.30000 2438.47
7130.40000 2428.41
7130.50000 2449.63
7130.60000 2415.24
7130.70000 2415.53
7130.80000 2391.63
7130.90000 2425.63
7131.00000 2447.24
7131.10000 2453.90
7131.20000 2440.98
7131.30000 2459.29
7131.40000 2449.48
7131.50000 2422.82
7131.60000 2348.66
7131.70000 2416.84
7131.80000 2447.16
7131.90000 2433.90
7132.00000 2398.09
7132.10000 2444.46
7132.20000 2441.37
7132.30000 2438.98
7132.40000 2405.90
7132.50000 2410.43
7132.60000 2445.99
7132.70000 2438.99
7132.80000 2452.94
7132.90000 2434.05
7133.00000 2449.63
7133.10000 2450.68
7133.20000 2460.59
7133.30000 2447.49
7133.40000 2420.40
7133.50000 2424.36
7133.60000 2451.17
7133.70000 2436.38
7133.80000 2435.02
7133.90000 2464.78
7134.00000 2475.64
7134.10000 2467.07
7134.20000 2450.01
7134.30000 2460.04
7134.40000 2448.57
7134.50000 2446.33
7134.60000 2437.02
7134.70000 2393.79
7134.80000 2268.35
7134.90000 2400.50
7135.00000 2463.84
7135.10000 2447.33
7135.20000 2448.42
7135.30000 2450.27
7135.40000 2461.03
7135.50000 2464.17
7135.60000 2444.54
7135.70000 2422.23
7135.80000 2425.49
7135.90000 2441.37
7136.00000 2455.43
7136.10000 2470.80
7136.20000 2468.28
7136.30000 2455.41
7136.40000 2447.28
7136.50000 2450.81
7136.60000 2456.39
7136.70000 2426.47
7136.80000 2448.69
7136.90000 2449.45
7137.00000 2411.57
7137.10000 2427.10
7137.20000 2434.57
7137.30000 2424.80
7137.40000 2434.13
7137.50000 2435.47
7137.60000 2416.73
7137.70000 2417.03
7137.80000 2395.99
7137.90000 2335.99
7138.00000 2402.33
7138.10000 2253.25
7138.20000 2197.72
7138.30000 2409.55
7138.40000 2410.47
7138.50000 2431.10
7138.60000 2410.65
7138.70000 2398.23
7138.80000 2385.44
7138.90000 2429.41
7139.00000 2428.43
7139.10000 2441.17
7139.20000 2415.07
7139.30000 2449.83
7139.40000 2452.45
7139.50000 2452.87
7139.60000 2439.76
7139.70000 2438.34
7139.80000 2434.96
7139.90000 2450.63
7140.00000 2438.93
7140.10000 2434.40
7140.20000 2398.57
7140.30000 2412.48
7140.40000 2422.04
7140.50000 2445.34
7140.60000 2444.19
7140.70000 2443.40
7140.80000 2415.51
7140.90000 2331.21
7141.00000 2305.18
7141.10000 2421.29
7141.20000 2435.53
7141.30000 2463.83
7141.40000 2434.09
7141.50000 2426.03
7141.60000 2410.60
7141.70000 2444.44
7141.80000 2387.74
7141.90000 2437.61
7142.00000 2426.84
7142.10000 2415.72
7142.20000 2448.48
7142.30000 2442.28
7142.40000 2432.38
7142.50000 2454.94
7142.60000 2418.95
7142.70000 2436.93
7142.80000 2400.44
7142.90000 2415.00
7143.00000 2411.51
7143.10000 2405.62
7143.20000 2435.42
7143.30000 2447.95
7143.40000 2419.36
7143.50000 2427.34
7143.60000 2296.02
7143.70000 2208.15
7143.80000 2358.91
7143.90000 2441.42
7144.00000 2426.93
7144.10000 2446.15
7144.20000 2428.97
7144.30000 2429.28
7144.40000 2449.26
7144.50000 2461.18
7144.60000 2456.16
7144.70000 2446.37
7144.80000 2449.22
7144.90000 2450.50
7145.00000 2462.11
7145.10000 2460.88
7145.20000 2476.99
7145.30000 2429.51
7145.40000 2428.31
7145.50000 2433.99
7145.60000 2439.75
7145.70000 2418.01
7145.80000 2383.04
7145.90000 2438.93
7146.00000 2450.26
7146.10000 2416.78
7146.20000 2401.41
7146.30000 2438.56
7146.40000 2436.18
7146.50000 2408.61
7146.60000 2395.54
7146.70000 2430.42
7146.80000 2391.85
7146.90000 2393.68
7147.00000 2436.27
7147.10000 2426.30
7147.20000 2394.81
7147.30000 2403.59
7147.40000 2439.06
7147.50000 2426.09
7147.60000 2443.77
7147.70000 2433.74
7147.80000 2436.81
7147.90000 2436.52
7148.00000 2426.94
7148.10000 2388.32
7148.20000 2312.95
7148.30000 1939.43
7148.40000 2179.22
7148.50000 2342.31
7148.60000 2417.66
7148.70000 2439.84
7148.80000 2447.47
7148.90000 2421.71
7149.00000 2453.78
7149.10000 2447.38
7149.20000 2430.05
7149.30000 2416.15
7149.40000 2411.39
7149.50000 2436.79
7149.60000 2434.88
7149.70000 2446.82
7149.80000 2435.54
7149.90000 2429.70
7150.00000 2432.29
7150.10000 2431.31
7150.20000 2417.40
7150.30000 2403.32
7150.40000 2373.76
7150.50000 2331.80
7150.60000 2405.77
7150.70000 2440.83
7150.80000 2359.74
7150.90000 2372.03
7151.00000 2430.90
7151.10000 2430.66
7151.20000 2414.33
7151.30000 2284.39
7151.40000 2201.64
7151.50000 2334.33
7151.60000 2378.51
7151.70000 2366.08
7151.80000 2145.19
7151.90000 2229.17
7152.00000 2415.87
7152.10000 2455.80
7152.20000 2448.12
7152.30000 2450.46
7152.40000 2425.81
7152.50000 2404.70
7152.60000 2409.10
7152.70000 2437.67
7152.80000 2414.26
7152.90000 2439.26
7153.00000 2430.69
7153.10000 2427.48
7153.20000 2412.04
7153.30000 2422.18
7153.40000 2437.64
7153.50000 2419.95
7153.60000 2406.89
7153.70000 2416.34
7153.80000 2409.89
7153.90000 2434.87
7154.00000 2368.27
7154.10000 2422.81
7154.20000 2428.96
7154.30000 2430.00
7154.40000 2328.82
7154.50000 2337.25
7154.60000 2407.36
7154.70000 2424.46
7154.80000 2428.47
7154.90000 2414.11
7155.00000 2435.86
7155.10000 2428.32
7155.20000 2463.13
7155.30000 2450.99
7155.40000 2428.88
7155.50000 2428.16
7155.60000 2457.06
7155.70000 2396.61
7155.80000 2354.44
7155.90000 2418.86
7156.00000 2444.08
7156.10000 2406.67
7156.20000 2369.72
7156.30000 2398.34
7156.40000 2405.93
7156.50000 2423.20
7156.60000 2454.02
7156.70000 2414.68
7156.80000 2448.10
7156.90000 2445.21
7157.00000 2326.77
7157.10000 2078.17
7157.20000 2326.54
7157.30000 2394.12
7157.40000 2432.34
7157.50000 2432.82
7157.60000 2434.16
7157.70000 2419.21
7157.80000 2424.62
7157.90000 2427.84
7158.00000 2441.84
7158.10000 2424.00
7158.20000 2384.39
7158.30000 2367.26
7158.40000 2354.82
7158.50000 2432.42
7158.60000 2431.88
7158.70000 2437.76
7158.80000 2443.22
7158.90000 2449.76
7159.00000 2439.78
7159.10000 2423.62
7159.20000 2442.83
7159.30000 2402.59
7159.40000 2173.56
7159.50000 2065.39
7159.60000 2373.59
7159.70000 2410.12
7159.80000 2401.23
7159.90000 2330.48
7160.00000 2138.80
7160.10000 2312.04
7160.20000 2405.49
7160.30000 2420.46
7160.40000 2422.16
7160.50000 2417.86
7160.60000 2445.17
7160.70000 2406.64
7160.80000 2441.08
7160.90000 2438.88
7161.00000 2419.88
7161.10000 2424.32
7161.20000 2448.93
7161.30000 2429.08
7161.40000 2443.83
7161.50000 2415.09
7161.60000 2422.38
7161.70000 2429.16
7161.80000 2446.38
7161.90000 2442.19
7162.00000 2412.01
7162.10000 2424.45
7162.20000 2408.07
7162.30000 2390.85
7162.40000 2414.28
7162.50000 2384.00
7162.60000 2357.03
7162.70000 2075.62
7162.80000 2183.25
7162.90000 2368.66
7163.00000 2394.92
7163.10000 2416.14
7163.20000 2433.84
7163.30000 2405.68
7163.40000 2278.87
7163.50000 2363.98
7163.60000 2430.76
7163.70000 2399.42
7163.80000 2422.05
7163.90000 2408.25
7164.00000 2383.78
7164.10000 2440.25
7164.20000 2422.93
7164.30000 2405.89
7164.40000 2288.37
7164.50000 2194.66
7164.60000 2325.80
7164.70000 2392.59
7164.80000 2324.69
7164.90000 2183.12
7165.00000 2046.18
7165.10000 2085.33
7165.20000 2314.51
7165.30000 2333.07
7165.40000 2409.38
7165.50000 2371.79
7165.60000 2347.82
7165.70000 2413.47
7165.80000 2413.55
7165.90000 2423.26
7166.00000 2427.32
7166.10000 2399.11
7166.20000 2335.73
7166.30000 2368.61
7166.40000 2240.52
7166.50000 2339.42
7166.60000 2393.06
7166.70000 2318.44
7166.80000 2173.89
7166.90000 2291.38
7167.00000 2225.38
7167.10000 2343.35
7167.20000 2369.24
7167.30000 2329.04
7167.40000 2315.48
7167.50000 2394.26
7167.60000 2323.97
7167.70000 2222.37
7167.80000 1991.11
7167.90000 2227.80
7168.00000 1694.77
7168.10000 1778.60
7168.20000 2280.88
7168.30000 2319.36
7168.40000 2134.84
7168.50000 1510.65
7168.60000 712.80
7168.70000 1709.32
7168.80000 2255.79
7168.90000 2349.11
7169.00000 2382.12
7169.10000 2390.17
7169.20000 2392.17
7169.30000 2390.84
7169.40000 2328.38
7169.50000 2332.99
7169.60000 2385.84
7169.70000 2131.36
7169.80000 2122.39
7169.90000 2374.72
7170.00000 2396.05
7170.10000 2422.92
7170.20000 2449.38
7170.30000 2404.73
7170.40000 2402.39
7170.50000 2224.15
7170.60000 1974.87
7170.70000 1979.20
7170.80000 1736.21
7170.90000 2221.47
7171.00000 1869.15
7171.10000 2069.39
7171.20000 1503.65
7171.30000 1371.77
7171.40000 2145.22
7171.50000 2153.67
7171.60000 2004.09
7171.70000 2235.25
7171.80000 2163.94
7171.90000 2402.92
7172.00000 2418.25
7172.10000 2383.12
7172.20000 2392.35
7172.30000 2399.34
7172.40000 2363.87
7172.50000 2342.68
7172.60000 2109.54
7172.70000 2099.62
7172.80000 2346.72
7172.90000 2388.92
7173.00000 2365.75
7173.10000 2328.51
7173.20000 2222.87
7173.30000 1716.60
7173.40000 846.02
7173.50000 1543.93
7173.60000 1541.28
7173.70000 2090.83
7173.80000 2273.74
7173.90000 2249.97
7174.00000 1692.64
7174.10000 794.66
7174.20000 1386.97
7174.30000 1991.01
7174.40000 1621.25
7174.50000 1530.34
7174.60000 2179.78
7174.70000 2209.86
7174.80000 1561.29
7174.90000 1539.86
7175.00000 2241.32
7175.10000 2371.57
7175.20000 2404.02
7175.30000 2429.49
7175.40000 2416.70
7175.50000 2405.27
7175.60000 2410.91
7175.70000 2402.42
7175.80000 2409.58
7175.90000 2402.66
7176.00000 2285.21
7176.10000 2338.31
7176.20000 2373.62
7176.30000 2409.96
7176.40000 2383.35
7176.50000 2336.36
7176.60000 1947.51
7176.70000 1545.12
7176.80000 1340.61
7176.90000 1649.48
7177.00000 2247.81
7177.10000 2342.76
7177.20000 2382.25
7177.30000 2390.15
7177.40000 2369.39
7177.50000 2363.29
7177.60000 2223.87
7177.70000 1758.05
7177.80000 1013.13
7177.90000 1633.61
7178.00000 960.84
7178.10000 713.38
7178.20000 1222.25
7178.30000 889.67
7178.40000 1641.07
7178.50000 2234.30
7178.60000 2335.84
7178.70000 2379.89
7178.80000 2359.29
7178.90000 2346.80
7179.00000 2164.11
7179.10000 1515.14
7179.20000 2061.70
7179.30000 2354.99
7179.40000 2353.23
7179.50000 2361.82
7179.60000 2349.88
7179.70000 2316.35
7179.80000 2390.59
7179.90000 2235.37
7180.00000 1910.63
7180.10000 2301.63
7180.20000 2383.42
7180.30000 2282.09
7180.40000 2355.08
7180.50000 2429.77
7180.60000 2386.43
7180.70000 2426.36
7180.80000 2377.15
7180.90000 2336.80
7181.00000 2388.32
7181.10000 2410.70
7181.20000 2424.50
7181.30000 2416.65
7181.40000 2420.76
7181.50000 2437.93
7181.60000 2389.06
7181.70000 2367.03
7181.80000 2321.85
7181.90000 2160.69
7182.00000 2127.04
7182.10000 1628.76
7182.20000 398.04
7182.30000 904.34
7182.40000 1067.66
7182.50000 1341.66
7182.60000 2146.14
7182.70000 2319.96
7182.80000 2370.06
7182.90000 2368.97
7183.00000 2320.74
7183.10000 2272.13
7183.20000 2397.43
7183.30000 2402.55
7183.40000 2365.99
7183.50000 2208.08
7183.60000 2315.30
7183.70000 2422.51
7183.80000 2413.92
7183.90000 2396.22
7184.00000 2415.50
7184.10000 2400.85
7184.20000 2398.00
7184.30000 2428.85
7184.40000 2425.43
7184.50000 2368.04
7184.60000 2364.75
7184.70000 2303.92
7184.80000 2224.60
7184.90000 2014.84
7185.00000 1343.08
7185.10000 657.50
7185.20000 65.63
7185.30000 508.91
7185.40000 1492.75
7185.50000 1876.52
7185.60000 1982.01
7185.70000 2183.08
7185.80000 2293.63
7185.90000 2315.35
7186.00000 2329.35
7186.10000 2316.24
7186.20000 2361.38
7186.30000 2347.41
7186.40000 2341.46
7186.50000 2292.85
7186.60000 2197.95
7186.70000 1839.11
7186.80000 763.54
7186.90000 975.04
7187.00000 734.91
7187.10000 499.42
7187.20000 1634.41
7187.30000 2098.83
7187.40000 2202.92
7187.50000 2141.88
7187.60000 1680.43
7187.70000 842.55
7187.80000 1535.80
7187.90000 1714.05
7188.00000 872.99
7188.10000 208.34
7188.20000 1178.74
7188.30000 1952.33
7188.40000 2221.27
7188.50000 2300.84
7188.60000 2301.77
7188.70000 2354.25
7188.80000 2354.67
7188.90000 2392.87
7189.00000 2422.01
7189.10000 2415.05
7189.20000 2358.55
7189.30000 2310.70
7189.40000 2350.12
7189.50000 2404.64
7189.60000 2277.96
7189.70000 2125.18
7189.80000 2329.39
7189.90000 2405.28
7190.00000 2418.36
7190.10000 2425.30
7190.20000 2414.89
7190.30000 2429.49
7190.40000 2440.53
7190.50000 2450.47
7190.60000 2436.99
7190.70000 2426.52
7190.80000 2444.04
7190.90000 2396.81
7191.00000 2425.06
7191.10000 2397.84
7191.20000 2399.09
7191.30000 2394.49
7191.40000 2389.14
7191.50000 2372.24
7191.60000 2297.49
7191.70000 2254.75
7191.80000 2226.80
7191.90000 2075.82
7192.00000 1659.38
7192.10000 595.81
7192.20000 170.53
7192.30000 880.28
7192.40000 1636.65
7192.50000 1238.24
7192.60000 1275.73
7192.70000 2104.33
7192.80000 2233.56
7192.90000 2289.80
7193.00000 2230.80
7193.10000 1687.76
7193.20000 1582.22
7193.30000 2205.76
7193.40000 2291.74
7193.50000 2357.53
7193.60000 2364.06
7193.70000 2361.63
7193.80000 2334.24
7193.90000 2321.16
7194.00000 2134.17
7194.10000 1720.78
7194.20000 811.47
7194.30000 715.25
7194.40000 731.40
7194.50000 880.85
7194.60000 1907.88
7194.70000 2214.55
7194.80000 2263.76
7194.90000 2298.35
7195.00000 2390.56
7195.10000 2365.05
7195.20000 2342.58
7195.30000 2358.98
7195.40000 2320.72
7195.50000 2295.55
7195.60000 2071.76
7195.70000 1129.47
7195.80000 1531.71
7195.90000 2148.70
7196.00000 2294.44
7196.10000 2383.18
7196.20000 2371.57
7196.30000 2360.42
7196.40000 2037.29
7196.50000 1680.40
7196.60000 2111.55
7196.70000 2324.27
7196.80000 2394.57
7196.90000 2419.02
7197.00000 2416.48
7197.10000 2350.26
7197.20000 2320.62
7197.30000 2337.10
7197.40000 2392.36
7197.50000 2407.16
7197.60000 2400.90
7197.70000 2340.83
7197.80000 2118.90
7197.90000 1327.02
7198.00000 1651.66
7198.10000 1830.35
7198.20000 2196.47
7198.30000 2321.15
7198.40000 2227.22
7198.50000 1489.53
7198.60000 1436.04
7198.70000 2136.07
7198.80000 2275.28
7198.90000 2215.99
7199.00000 1932.57
7199.10000 893.95
7199.20000 1401.81
7199.30000 2156.06
7199.40000 2311.11
7199.50000 2310.11
7199.60000 2342.07
7199.70000 2365.39
7199.80000 2383.32
7199.90000 2415.77
7200.00000 2407.38
7200.10000 2391.21
7200.20000 2409.80
7200.30000 2413.37
7200.40000 2362.02
7200.50000 2319.41
7200.60000 2331.36
7200.70000 2178.56
7200.80000 2243.60
7200.90000 2135.38
7201.00000 1480.79
7201.10000 836.96
7201.20000 413.23
7201.30000 1021.69
7201.40000 1883.09
7201.50000 2100.37
7201.60000 2039.28
7201.70000 1736.41
7201.80000 794.69
7201.90000 206.86
7202.00000 1058.57
7202.10000 1677.07
7202.20000 1741.65
7202.30000 2112.91
7202.40000 2196.12
7202.50000 2278.98
7202.60000 2364.07
7202.70000 2640.77
7202.80000 2383.03
7202.90000 2324.27
7203.00000 2360.99
7203.10000 2407.55
7203.20000 2335.55
7203.30000 2276.58
7203.40000 2336.73
7203.50000 2311.74
7203.60000 2311.01
7203.70000 2376.97
7203.80000 2413.64
7203.90000 2415.14
7204.00000 2386.91
7204.10000 2380.69
7204.20000 2368.23
7204.30000 2295.64
7204.40000 2199.82
7204.50000 1687.61
7204.60000 1740.63
7204.70000 2021.74
7204.80000 1764.59
7204.90000 956.76
7205.00000 223.78
7205.10000 979.72
7205.20000 1852.62
7205.30000 2158.53
7205.40000 2278.02
7205.50000 2211.85
7205.60000 2313.17
7205.70000 2383.73
7205.80000 2376.16
7205.90000 2344.69
7206.00000 2345.65
7206.10000 2377.86
7206.20000 2301.39
7206.30000 2323.10
7206.40000 2368.20
7206.50000 2362.68
7206.60000 2301.44
7206.70000 2232.95
7206.80000 2114.80
7206.90000 1823.03
7207.00000 1039.55
7207.10000 185.69
7207.20000 670.89
7207.30000 1660.36
7207.40000 2075.40
7207.50000 2234.48
7207.60000 2334.00
7207.70000 2386.52
7207.80000 2397.40
7207.90000 2415.16
7208.00000 2421.17
7208.10000 2447.33
7208.20000 2429.96
7208.30000 2403.43
7208.40000 2393.10
7208.50000 2351.24
7208.60000 2347.02
7208.70000 2415.81
7208.80000 2415.68
7208.90000 2344.48
7209.00000 2394.56
7209.10000 2421.63
7209.20000 2430.86
7209.30000 2443.30
7209.40000 2442.53
7209.50000 2439.27
7209.60000 2439.32
7209.70000 2419.38
7209.80000 2406.24
7209.90000 2361.51
7210.00000 2254.11
7210.10000 1799.20
7210.20000 870.80
7210.30000 1635.13
7210.40000 2232.93
7210.50000 2347.01
7210.60000 2379.98
7210.70000 2398.71
7210.80000 2392.19
7210.90000 2402.09
7211.00000 2421.60
7211.10000 2355.35
7211.20000 2308.76
7211.30000 2436.60
7211.40000 2441.91
7211.50000 2427.40
7211.60000 2442.70
7211.70000 2391.17
7211.80000 2161.24
7211.90000 1720.85
7212.00000 2185.12
7212.10000 2400.03
7212.20000 2423.10
7212.30000 2431.04
7212.40000 2432.89
7212.50000 2448.74
7212.60000 2384.17
7212.70000 2234.85
7212.80000 2322.45
7212.90000 2403.06
7213.00000 2437.03
7213.10000 2447.37
7213.20000 2420.35
7213.30000 2462.57
7213.40000 2459.24
7213.50000 2450.59
7213.60000 2462.31
7213.70000 2467.08
7213.80000 2467.47
7213.90000 2464.32
7214.00000 2454.08
7214.10000 2452.31
7214.20000 2448.81
7214.30000 2430.45
7214.40000 2444.52
7214.50000 2418.43
7214.60000 2403.66
7214.70000 2441.30
7214.80000 2480.47
7214.90000 2446.59
7215.00000 2450.48
7215.10000 2441.33
7215.20000 2380.51
7215.30000 2368.78
7215.40000 2387.08
7215.50000 2437.54
7215.60000 2415.02
7215.70000 2435.84
7215.80000 2449.89
7215.90000 2454.29
7216.00000 2447.08
7216.10000 2418.71
7216.20000 2325.93
7216.30000 2389.16
7216.40000 2415.67
7216.50000 2452.62
7216.60000 2436.83
7216.70000 2393.71
7216.80000 2391.02
7216.90000 2384.25
7217.00000 2333.91
7217.10000 1984.89
7217.20000 1078.81
7217.30000 1669.77
7217.40000 2271.12
7217.50000 2402.99
7217.60000 2437.64
7217.70000 2456.32
7217.80000 2460.62
7217.90000 2441.25
7218.00000 2431.82
7218.10000 2451.32
7218.20000 2429.73
7218.30000 2372.47
7218.40000 2429.02
7218.50000 2443.55
7218.60000 2344.76
7218.70000 1944.63
7218.80000 2217.20
7218.90000 2415.06
7219.00000 2438.54
7219.10000 2435.96
7219.20000 2430.80
7219.30000 2328.51
7219.40000 2414.43
7219.50000 2470.73
7219.60000 2458.65
7219.70000 2337.74
7219.80000 2307.33
7219.90000 2469.12
7220.00000 2502.57
7220.10000 2494.29
7220.20000 2500.05
7220.30000 2468.17
7220.40000 2499.70
7220.50000 2504.43
7220.60000 2516.49
7220.70000 2490.36
7220.80000 2455.60
7220.90000 2482.64
7221.00000 2530.77
7221.10000 2516.38
7221.20000 2516.95
7221.30000 2496.76
7221.40000 2512.17
7221.50000 2488.84
7221.60000 2493.19
7221.70000 2519.52
7221.80000 2517.24
7221.90000 2508.14
7222.00000 2487.30
7222.10000 2487.85
7222.20000 2455.51
7222.30000 2470.79
7222.40000 2499.07
7222.50000 2488.22
7222.60000 2480.92
7222.70000 2518.49
7222.80000 2481.37
7222.90000 2477.49
7223.00000 2489.43
7223.10000 2478.06
7223.20000 2483.60
7223.30000 2500.55
7223.40000 2485.21
7223.50000 2443.43
7223.60000 2352.52
7223.70000 2185.64
7223.80000 2360.42
7223.90000 2394.17
7224.00000 2302.13
7224.10000 2167.78
7224.20000 1698.55
7224.30000 668.70
7224.40000 1281.25
7224.50000 1964.71
7224.60000 2147.12
7224.70000 2238.06
7224.80000 2232.99
7224.90000 2273.80
7225.00000 2310.18
7225.10000 2373.16
7225.20000 2404.32
7225.30000 2428.51
7225.40000 2438.09
7225.50000 2432.87
7225.60000 2457.56
7225.70000 2428.20
7225.80000 2439.84
7225.90000 2497.65
7226.00000 2482.79
7226.10000 2510.04
7226.20000 2476.82
7226.30000 2488.96
7226.40000 2452.15
7226.50000 2491.61
7226.60000 2495.19
7226.70000 2461.09
7226.80000 2493.63
7226.90000 2514.60
7227.00000 2500.34
7227.10000 2499.35
7227.20000 2506.43
7227.30000 2517.46
7227.40000 2496.11
7227.50000 2485.67
7227.60000 2476.70
7227.70000 2480.04
7227.80000 2443.12
7227.90000 2379.42
7228.00000 2176.45
7228.10000 1540.33
7228.20000 899.70
7228.30000 1732.17
7228.40000 2220.04
7228.50000 2396.75
7228.60000 2403.90
7228.70000 2387.66
7228.80000 2390.30
7228.90000 2239.64
7229.00000 2264.05
7229.10000 2448.80
7229.20000 2497.92
7229.30000 2494.34
7229.40000 2485.01
7229.50000 2453.02
7229.60000 2457.02
7229.70000 2450.48
7229.80000 2478.00
7229.90000 2493.45
7230.00000 2468.61
7230.10000 2478.10
7230.20000 2485.31
7230.30000 2474.24
7230.40000 2469.25
7230.50000 2470.56
7230.60000 2503.37
7230.70000 2489.84
7230.80000 2452.10
7230.90000 2452.53
7231.00000 2427.07
7231.10000 2451.52
7231.20000 2437.18
7231.30000 2344.71
7231.40000 2278.38
7231.50000 2387.88
7231.60000 2371.27
7231.70000 2212.47
7231.80000 2355.33
7231.90000 2444.33
7232.00000 2438.36
7232.10000 2434.17
7232.20000 2405.65
7232.30000 2380.61
7232.40000 2374.65
7232.50000 2396.36
7232.60000 2385.01
7232.70000 2305.41
7232.80000 2074.29
7232.90000 1251.23
7233.00000 1638.67
7233.10000 2202.35
7233.20000 2271.12
7233.30000 2170.81
7233.40000 1879.99
7233.50000 990.35
7233.60000 238.65
7233.70000 1237.28
7233.80000 2124.20
7233.90000 2215.98
7234.00000 2282.28
7234.10000 2340.49
7234.20000 2348.03
7234.30000 2368.09
7234.40000 2401.58
7234.50000 2384.45
7234.60000 2356.07
7234.70000 2369.17
7234.80000 2308.27
7234.90000 2160.40
7235.00000 1786.48
7235.10000 1156.46
7235.20000 1631.73
7235.30000 1166.11
7235.40000 200.37
7235.50000 603.76
7235.60000 1611.44
7235.70000 2076.81
7235.80000 2252.50
7235.90000 2261.05
7236.00000 2286.74
7236.10000 2304.02
7236.20000 2335.77
7236.30000 2375.56
7236.40000 2367.61
7236.50000 2347.76
7236.60000 2228.51
7236.70000 1820.81
7236.80000 760.85
7236.90000 1288.38
7237.00000 2096.22
7237.10000 2102.85
7237.20000 2169.87
7237.30000 2388.71
7237.40000 2428.84
7237.50000 2445.43
7237.60000 2437.87
7237.70000 2446.21
7237.80000 2448.00
7237.90000 2461.61
7238.00000 2454.49
7238.10000 2452.07
7238.20000 2449.82
7238.30000 2443.39
7238.40000 2448.19
7238.50000 2377.96
7238.60000 2270.34
7238.70000 2243.87
7238.80000 2416.16
7238.90000 2437.32
7239.00000 2384.92
7239.10000 2432.59
7239.20000 2440.34
7239.30000 2448.17
7239.40000 2472.62
7239.50000 2489.30
7239.60000 2445.03
7239.70000 2294.07
7239.80000 2338.42
7239.90000 2409.52
7240.00000 2423.54
7240.10000 2396.21
7240.20000 2298.23
7240.30000 2271.92
7240.40000 2149.43
7240.50000 1543.56
7240.60000 1922.53
7240.70000 2249.92
7240.80000 2294.06
7240.90000 2342.52
7241.00000 2241.79
7241.10000 1987.77
7241.20000 1268.99
7241.30000 381.01
7241.40000 472.78
7241.50000 372.52
7241.60000 1116.76
7241.70000 1964.42
7241.80000 2243.26
7241.90000 2324.16
7242.00000 2352.12
7242.10000 2407.83
7242.20000 2425.03
7242.30000 2413.74
7242.40000 2441.90
7242.50000 2439.28
7242.60000 2453.37
7242.70000 2448.44
7242.80000 2442.12
7242.90000 2425.29
7243.00000 2461.73
7243.10000 2441.64
7243.20000 2456.45
7243.30000 2459.92
7243.40000 2422.89
7243.50000 2429.59
7243.60000 2416.35
7243.70000 2387.23
7243.80000 2360.13
7243.90000 2291.94
7244.00000 2142.04
7244.10000 1395.78
7244.20000 862.30
7244.30000 1036.41
7244.40000 271.42
7244.50000 1112.36
7244.60000 1997.12
7244.70000 2238.71
7244.80000 2343.28
7244.90000 2374.42
7245.00000 2402.02
7245.10000 2434.70
7245.20000 2399.41
7245.30000 2291.13
7245.40000 2311.59
7245.50000 2400.45
7245.60000 2436.15
7245.70000 2424.90
7245.80000 2449.81
7245.90000 2412.91
7246.00000 2371.22
7246.10000 2216.74
7246.20000 2120.65
7246.30000 1342.72
7246.40000 867.01
7246.50000 1938.61
7246.60000 2266.41
7246.70000 2306.41
7246.80000 2381.78
7246.90000 2440.43
7247.00000 2444.53
7247.10000 2441.57
7247.20000 2433.42
7247.30000 2421.50
7247.40000 2323.19
7247.50000 2247.82
7247.60000 2364.28
7247.70000 2102.32
7247.80000 1767.57
7247.90000 1382.09
7248.00000 1777.16
7248.10000 2163.93
7248.20000 2372.75
7248.30000 2432.62
7248.40000 2442.16
7248.50000 2426.27
7248.60000 2435.02
7248.70000 2458.61
7248.80000 2428.98
7248.90000 2451.86
7249.00000 2478.27
7249.10000 2455.37
7249.20000 2446.16
7249.30000 2432.32
7249.40000 2365.99
7249.50000 2147.58
7249.60000 1617.40
7249.70000 1914.28
7249.80000 2335.95
7249.90000 2409.71
7250.00000 2375.75
7250.10000 2284.77
7250.20000 2408.97
7250.30000 2422.31
7250.40000 2438.38
7250.50000 2450.09
7250.60000 2416.93
7250.70000 2378.30
7250.80000 2087.55
7250.90000 1340.74
7251.00000 1868.59
7251.10000 2337.13
7251.20000 2372.35
7251.30000 2408.29
7251.40000 2241.53
7251.50000 2281.11
7251.60000 2425.70
7251.70000 2451.49
7251.80000 2462.25
7251.90000 2468.64
7252.00000 2454.12
7252.10000 2449.63
7252.20000 2453.20
7252.30000 2438.44
7252.40000 2433.02
7252.50000 2418.26
7252.60000 2399.41
7252.70000 2225.35
7252.80000 2008.10
7252.90000 1838.12
7253.00000 848.78
7253.10000 355.56
7253.20000 1419.66
7253.30000 2030.59
7253.40000 2054.12
7253.50000 1581.14
7253.60000 1548.62
7253.70000 2057.62
7253.80000 1777.09
7253.90000 818.67
7254.00000 1395.69
7254.10000 1971.02
7254.20000 2022.13
7254.30000 1688.28
7254.40000 581.41
7254.50000 1315.49
7254.60000 2158.18
7254.70000 2355.99
7254.80000 2405.62
7254.90000 2411.52
7255.00000 2436.54
7255.10000 2439.75
7255.20000 2444.89
7255.30000 2426.68
7255.40000 2433.38
7255.50000 2447.41
7255.60000 2468.61
7255.70000 2478.56
7255.80000 2468.42
7255.90000 2489.55
7256.00000 2479.63
7256.10000 2458.70
7256.20000 2476.49
7256.30000 2472.85
7256.40000 2472.91
7256.50000 2460.65
7256.60000 2403.11
7256.70000 2357.81
7256.80000 2426.61
7256.90000 2483.71
7257.00000 2489.76
7257.10000 2477.50
7257.20000 2425.64
7257.30000 2467.75
7257.40000 2461.06
7257.50000 2475.23
7257.60000 2410.11
7257.70000 2167.53
7257.80000 1946.56
7257.90000 2216.09
7258.00000 1781.69
7258.10000 1484.23
7258.20000 2228.74
7258.30000 2351.25
7258.40000 2323.54
7258.50000 2003.97
7258.60000 1189.09
7258.70000 1422.56
7258.80000 2222.93
7258.90000 2403.77
7259.00000 2411.22
7259.10000 2401.55
7259.20000 2398.37
7259.30000 2162.79
7259.40000 2143.13
7259.50000 2401.98
7259.60000 2443.25
7259.70000 2444.11
7259.80000 2325.51
7259.90000 2413.51
7260.00000 2420.85
7260.10000 2425.18
7260.20000 2352.25
7260.30000 2337.06
7260.40000 2426.43
7260.50000 2448.74
7260.60000 2432.04
7260.70000 2294.12
7260.80000 2213.42
7260.90000 2220.80
7261.00000 2229.71
7261.10000 2391.05
7261.20000 2408.61
7261.30000 2229.59
7261.40000 1560.94
7261.50000 1894.73
7261.60000 2304.52
7261.70000 2391.23
7261.80000 2435.19
7261.90000 2419.20
7262.00000 2311.27
7262.10000 1851.89
7262.20000 2045.93
7262.30000 2376.43
7262.40000 2369.40
7262.50000 2352.95
7262.60000 2251.31
7262.70000 1548.88
7262.80000 1950.73
7262.90000 2398.29
7263.00000 2425.30
7263.10000 2436.11
7263.20000 2434.85
7263.30000 2461.94
7263.40000 2424.17
7263.50000 2349.32
7263.60000 1873.97
7263.70000 1600.47
7263.80000 2215.58
7263.90000 2365.42
7264.00000 2258.81
7264.10000 2137.72
7264.20000 2348.82
7264.30000 2410.49
7264.40000 2403.29
7264.50000 2419.31
7264.60000 2373.79
7264.70000 2386.66
7264.80000 2406.30
7264.90000 2318.74
7265.00000 2009.98
7265.10000 1502.17
7265.20000 1251.37
7265.30000 694.04
7265.40000 1601.13
7265.50000 2202.16
7265.60000 2313.81
7265.70000 2304.28
7265.80000 2181.49
7265.90000 2219.01
7266.00000 2161.97
7266.10000 1809.39
7266.20000 802.14
7266.30000 212.13
7266.40000 1080.21
7266.50000 1921.49
7266.60000 2173.44
7266.70000 2273.76
7266.80000 2348.29
7266.90000 2403.24
7267.00000 2433.32
7267.10000 2430.21
7267.20000 2446.55
7267.30000 2440.70
7267.40000 2442.69
7267.50000 2450.43
7267.60000 2457.64
7267.70000 2465.72
7267.80000 2462.52
7267.90000 2480.45
7268.00000 2462.75
7268.10000 2444.10
7268.20000 2451.11
7268.30000 2448.88
7268.40000 2442.06
7268.50000 2440.32
7268.60000 2419.97
7268.70000 2379.87
7268.80000 2366.06
7268.90000 2301.49
7269.00000 2424.76
7269.10000 2407.46
7269.20000 2283.10
7269.30000 2331.55
7269.40000 2417.20
7269.50000 2459.45
7269.60000 2465.04
7269.70000 2461.35
7269.80000 2470.68
7269.90000 2453.62
7270.00000 2452.97
7270.10000 2402.28
7270.20000 2378.69
7270.30000 2243.20
7270.40000 1655.65
7270.50000 1652.67
7270.60000 2091.54
7270.70000 2206.41
7270.80000 1783.82
7270.90000 1974.20
7271.00000 2139.08
7271.10000 2378.80
7271.20000 2420.77
7271.30000 2417.90
7271.40000 2433.89
7271.50000 2360.94
7271.60000 2383.55
7271.70000 2434.52
7271.80000 2400.05
7271.90000 2413.89
7272.00000 2441.67
7272.10000 2475.29
7272.20000 2406.99
7272.30000 2430.39
7272.40000 2430.33
7272.50000 2411.48
7272.60000 2427.19
7272.70000 2399.28
7272.80000 2360.55
7272.90000 2401.21
7273.00000 2394.99
7273.10000 2369.61
7273.20000 2332.28
7273.30000 2283.65
7273.40000 2123.36
7273.50000 1631.46
7273.60000 531.13
7273.70000 245.18
7273.80000 1162.13
7273.90000 1949.29
7274.00000 2202.71
7274.10000 2300.94
7274.20000 2343.58
7274.30000 2353.14
7274.40000 2347.92
7274.50000 2274.68
7274.60000 2345.66
7274.70000 2382.10
7274.80000 2391.43
7274.90000 2331.42
7275.00000 2363.74
7275.10000 2374.71
7275.20000 2383.11
7275.30000 2350.49
7275.40000 2378.53
7275.50000 2398.76
7275.60000 2364.10
7275.70000 2348.86
7275.80000 2312.00
7275.90000 2177.12
7276.00000 1565.67
7276.10000 586.69
7276.20000 1414.15
7276.30000 2092.14
7276.40000 2173.64
7276.50000 1951.25
7276.60000 2145.09
7276.70000 2286.45
7276.80000 2301.37
7276.90000 2088.07
7277.00000 1522.15
7277.10000 1916.48
7277.20000 1666.80
7277.30000 1714.45
7277.40000 2050.18
7277.50000 1541.77
7277.60000 1632.41
7277.70000 2047.86
7277.80000 1692.41
7277.90000 1494.03
7278.00000 912.18
7278.10000 341.11
7278.20000 1327.14
7278.30000 1992.27
7278.40000 2204.27
7278.50000 2282.49
7278.60000 2202.54
7278.70000 1690.66
7278.80000 1293.51
7278.90000 2057.00
7279.00000 2233.39
7279.10000 2321.99
7279.20000 2356.05
7279.30000 2357.12
7279.40000 2164.51
7279.50000 1920.03
7279.60000 2276.10
7279.70000 2395.89
7279.80000 2419.27
7279.90000 2436.79
7280.00000 2415.38
7280.10000 2410.23
7280.20000 2392.86
7280.30000 2157.27
7280.40000 1819.89
7280.50000 2271.67
7280.60000 2408.33
7280.70000 2420.47
7280.80000 2419.80
7280.90000 2431.94
7281.00000 2396.93
7281.10000 2403.75
7281.20000 2356.30
7281.30000 2054.14
7281.40000 1993.81
7281.50000 2301.03
7281.60000 2194.73
7281.70000 2086.18
7281.80000 2346.80
7281.90000 2408.67
7282.00000 2398.27
7282.10000 2390.02
7282.20000 2263.75
7282.30000 2327.95
7282.40000 2384.87
7282.50000 2405.06
7282.60000 2412.18
7282.70000 2405.72
7282.80000 2310.47
7282.90000 1902.20
7283.00000 1445.65
7283.10000 2155.07
7283.20000 2354.05
7283.30000 2395.93
7283.40000 2410.64
7283.50000 2440.95
7283.60000 2439.83
7283.70000 2426.89
7283.80000 2328.79
7283.90000 2038.67
7284.00000 2264.02
7284.10000 2352.38
7284.20000 2404.12
7284.30000 2428.77
7284.40000 2439.52
7284.50000 2453.40
7284.60000 2454.68
7284.70000 2465.74
7284.80000 2447.84
7284.90000 2425.96
7285.00000 2444.07
7285.10000 2478.23
7285.20000 2489.46
7285.30000 2472.38
7285.40000 2447.97
7285.50000 2449.24
7285.60000 2447.35
7285.70000 2429.41
7285.80000 2447.88
7285.90000 2454.15
7286.00000 2371.42
7286.10000 2363.97
7286.20000 2461.26
7286.30000 2434.87
7286.40000 2443.79
7286.50000 2469.52
7286.60000 2444.20
7286.70000 2461.72
7286.80000 2443.75
7286.90000 2460.77
7287.00000 2449.07
7287.10000 2394.10
7287.20000 2446.58
7287.30000 2431.53
7287.40000 2459.42
7287.50000 2419.53
7287.60000 2404.28
7287.70000 2386.39
7287.80000 2288.41
7287.90000 2136.70
7288.00000 1253.47
7288.10000 655.55
7288.20000 1754.31
7288.30000 2236.60
7288.40000 2313.69
7288.50000 2249.76
7288.60000 2217.86
7288.70000 2034.58
7288.80000 1147.35
7288.90000 1631.45
7289.00000 2241.87
7289.10000 2346.10
7289.20000 2400.69
7289.30000 2415.89
7289.40000 2412.86
7289.50000 2502.69
7289.60000 2431.71
7289.70000 2444.76
7289.80000 2438.37
7289.90000 2457.10
7290.00000 2453.37
7290.10000 2433.67
7290.20000 2444.81
7290.30000 2417.54
7290.40000 2284.33
7290.50000 1967.03
7290.60000 2188.17
7290.70000 2311.17
7290.80000 2232.08
7290.90000 1990.77
7291.00000 1122.76
7291.10000 234.28
7291.20000 760.60
7291.30000 1866.45
7291.40000 2187.64
7291.50000 2294.05
7291.60000 2287.63
7291.70000 1964.78
7291.80000 1458.32
7291.90000 2092.27
7292.00000 2246.71
7292.10000 2018.00
7292.20000 2282.03
7292.30000 2397.36
7292.40000 2397.13
7292.50000 2373.19
7292.60000 2357.12
7292.70000 2272.05
7292.80000 1754.11
7292.90000 1471.46
7293.00000 2201.16
7293.10000 2380.19
7293.20000 2390.67
7293.30000 2063.38
7293.40000 1467.72
7293.50000 2204.50
7293.60000 2369.52
7293.70000 2398.76
7293.80000 2417.11
7293.90000 2365.48
7294.00000 1993.79
7294.10000 1767.24
7294.20000 2286.85
7294.30000 2400.40
7294.40000 2438.31
7294.50000 2425.58
7294.60000 2355.95
7294.70000 2419.17
7294.80000 2394.51
7294.90000 2314.43
7295.00000 2109.57
7295.10000 2028.26
7295.20000 2373.56
7295.30000 2404.27
7295.40000 2398.31
7295.50000 2084.05
7295.60000 1935.44
7295.70000 1373.68
7295.80000 1635.31
7295.90000 2294.54
7296.00000 2387.48
7296.10000 2409.84
7296.20000 2294.09
7296.30000 1931.03
7296.40000 2270.89
7296.50000 2420.44
7296.60000 2425.80
7296.70000 2440.78
7296.80000 2419.43
7296.90000 2183.80
7297.00000 2102.67
7297.10000 2422.29
7297.20000 2462.40
7297.30000 2461.72
7297.40000 2466.47
7297.50000 2448.07
7297.60000 2467.05
7297.70000 2391.73
7297.80000 2373.68
7297.90000 2443.23
7298.00000 2452.30
7298.10000 2446.83
7298.20000 2464.63
7298.30000 2479.10
7298.40000 2451.24
7298.50000 2463.89
7298.60000 2462.67
7298.70000 2424.71
7298.80000 2211.29
7298.90000 2120.78
7299.00000 2378.52
7299.10000 2436.90
7299.20000 2450.51
7299.30000 2474.06
7299.40000 2461.76
7299.50000 2455.66
7299.60000 2447.31
7299.70000 2456.21
7299.80000 2452.91
7299.90000 2460.11
7300.00000 2433.22
7300.10000 2378.04
7300.20000 2135.02
7300.30000 1724.06
7300.40000 1835.51
7300.50000 1857.88
7300.60000 1288.19
7300.70000 1842.08
7300.80000 2331.58
7300.90000 2427.58
7301.00000 2405.29
7301.10000 2417.03
7301.20000 2386.44
7301.30000 2346.62
7301.40000 2296.67
7301.50000 2305.54
7301.60000 2187.38
7301.70000 2372.32
7301.80000 2403.51
7301.90000 2347.24
7302.00000 2335.30
7302.10000 2382.45
7302.20000 2428.21
7302.30000 2459.00
7302.40000 2442.44
7302.50000 2415.55
7302.60000 2404.37
7302.70000 2260.08
7302.80000 1631.16
7302.90000 1953.91
7303.00000 2193.57
7303.10000 2287.52
7303.20000 2253.49
7303.30000 1918.57
7303.40000 2139.82
7303.50000 2196.17
7303.60000 2270.40
7303.70000 2166.74
7303.80000 1555.70
7303.90000 635.24
7304.00000 1604.85
7304.10000 2191.64
7304.20000 2338.11
7304.30000 2328.69
7304.40000 2284.70
7304.50000 2342.99
7304.60000 2276.28
7304.70000 1853.47
7304.80000 872.88
7304.90000 517.71
7305.00000 1646.71
7305.10000 2241.80
7305.20000 2368.85
7305.30000 2407.07
7305.40000 2403.04
7305.50000 2406.23
7305.60000 2335.78
7305.70000 2296.84
7305.80000 2457.65
7305.90000 2478.34
7306.00000 2456.20
7306.10000 2478.37
7306.20000 2451.20
7306.30000 2257.48
7306.40000 2368.62
7306.50000 2383.57
7306.60000 2349.35
7306.70000 2373.63
7306.80000 2410.52
7306.90000 2449.25
7307.00000 2496.47
7307.10000 2500.46
7307.20000 2521.32
7307.30000 2510.70
7307.40000 2505.28
7307.50000 2508.26
7307.60000 2471.12
7307.70000 2494.40
7307.80000 2492.43
7307.90000 2499.81
7308.00000 2470.29
7308.10000 2477.80
7308.20000 2446.97
7308.30000 2465.95
7308.40000 2466.32
7308.50000 2492.80
7308.60000 2445.20
7308.70000 2414.57
7308.80000 2443.23
7308.90000 2486.40
7309.00000 2457.26
7309.10000 2452.77
7309.20000 2425.02
7309.30000 2218.78
7309.40000 1584.95
7309.50000 1488.13
7309.60000 2226.18
7309.70000 2359.10
7309.80000 2366.23
7309.90000 2346.74
7310.00000 2265.09
7310.10000 1873.04
7310.20000 829.21
7310.30000 1338.44
7310.40000 2112.15
7310.50000 2361.32
7310.60000 2408.53
7310.70000 2399.30
7310.80000 2207.06
7310.90000 1832.46
7311.00000 2205.53
7311.10000 2224.05
7311.20000 2391.19
7311.30000 2310.80
7311.40000 2346.87
7311.50000 2283.08
7311.60000 1989.61
7311.70000 2246.56
7311.80000 2314.83
7311.90000 2203.12
7312.00000 2251.85
7312.10000 2340.32
7312.20000 2239.46
7312.30000 2435.41
7312.40000 2462.87
7312.50000 2485.85
7312.60000 2479.22
7312.70000 2502.12
7312.80000 2472.29
7312.90000 2387.86
7313.00000 2334.69
7313.10000 2390.86
7313.20000 2129.29
7313.30000 1332.40
7313.40000 1935.25
7313.50000 2348.03
7313.60000 2262.06
7313.70000 2222.86
7313.80000 2240.50
7313.90000 2067.04
7314.00000 2381.67
7314.10000 2406.92
7314.20000 2359.84
7314.30000 2465.16
7314.40000 2486.65
7314.50000 2474.57
7314.60000 2478.36
7314.70000 2484.22
7314.80000 2467.42
7314.90000 2456.06
7315.00000 2462.10
7315.10000 2422.45
7315.20000 2224.95
7315.30000 2242.29
7315.40000 2416.01
7315.50000 2436.01
7315.60000 2445.00
7315.70000 2453.39
7315.80000 2436.33
7315.90000 2396.02
7316.00000 2392.92
7316.10000 2137.36
7316.20000 1378.88
7316.30000 1946.98
7316.40000 2341.54
7316.50000 2353.27
7316.60000 2179.70
7316.70000 2388.41
7316.80000 2442.54
7316.90000 2486.09
7317.00000 2517.54
7317.10000 2465.23
7317.20000 2421.80
7317.30000 2435.36
7317.40000 2336.62
7317.50000 2133.67
7317.60000 2026.97
7317.70000 2358.66
7317.80000 2337.08
7317.90000 1944.65
7318.00000 1197.62
7318.10000 2024.88
7318.20000 2382.02
7318.30000 2437.46
7318.40000 2439.55
7318.50000 2434.05
7318.60000 2386.79
7318.70000 2133.36
7318.80000 1773.66
7318.90000 2042.12
7319.00000 2076.19
7319.10000 1770.58
7319.20000 2016.96
7319.30000 1551.85
7319.40000 909.09
7319.50000 1863.79
7319.60000 2335.05
7319.70000 2411.55
7319.80000 2434.76
7319.90000 2444.06
7320.00000 2449.19
7320.10000 2458.77
7320.20000 2473.43
7320.30000 2473.25
7320.40000 2469.96
7320.50000 2477.43
7320.60000 2493.58
7320.70000 2475.22
7320.80000 2475.34
7320.90000 2457.91
7321.00000 2464.98
7321.10000 2470.94
7321.20000 2456.94
7321.30000 2455.42
7321.40000 2422.17
7321.50000 2132.13
7321.60000 1901.89
7321.70000 2298.06
7321.80000 2435.52
7321.90000 2448.94
7322.00000 2470.10
7322.10000 2431.95
7322.20000 2408.01
7322.30000 2467.82
7322.40000 2467.00
7322.50000 2465.38
7322.60000 2464.54
7322.70000 2466.35
7322.80000 2460.25
7322.90000 2448.62
7323.00000 2446.37
7323.10000 2467.58
7323.20000 2488.09
7323.30000 2475.71
7323.40000 2461.22
7323.50000 2469.71
7323.60000 2460.26
7323.70000 2491.59
7323.80000 2462.05
7323.90000 2467.24
7324.00000 2466.69
7324.10000 2484.72
7324.20000 2482.84
7324.30000 2486.71
7324.40000 2427.70
7324.50000 2400.61
7324.60000 2041.80
7324.70000 1708.57
7324.80000 2258.15
7324.90000 2421.15
7325.00000 2465.23
7325.10000 2460.01
7325.20000 2431.46
7325.30000 2342.73
7325.40000 2185.41
7325.50000 2389.57
7325.60000 2476.28
7325.70000 2469.08
7325.80000 2475.88
7325.90000 2485.02
7326.00000 2476.44
7326.10000 2459.92
7326.20000 2442.62
7326.30000 2454.35
7326.40000 2473.97
7326.50000 2481.09
7326.60000 2433.94
7326.70000 2463.96
7326.80000 2494.23
7326.90000 2488.59
7327.00000 2481.09
7327.10000 2464.11
7327.20000 2447.29
7327.30000 2424.55
7327.40000 2378.40
7327.50000 2404.06
7327.60000 2402.93
7327.70000 2247.19
7327.80000 1918.33
7327.90000 2206.47
7328.00000 1973.67
7328.10000 1717.12
7328.20000 2298.17
7328.30000 2414.87
7328.40000 2443.86
7328.50000 2427.61
7328.60000 2440.26
7328.70000 2426.66
7328.80000 2383.29
7328.90000 2345.44
7329.00000 2389.22
7329.10000 2436.64
7329.20000 2423.77
7329.30000 2461.96
7329.40000 2444.70
7329.50000 2443.25
7329.60000 2476.49
7329.70000 2449.58
7329.80000 2431.87
7329.90000 2409.20
7330.00000 2422.82
7330.10000 2420.98
7330.20000 2432.59
7330.30000 2419.32
7330.40000 2470.14
7330.50000 2455.11
7330.60000 2427.84
7330.70000 2428.58
7330.80000 2471.21
7330.90000 2446.96
7331.00000 2419.36
7331.10000 2427.77
7331.20000 2429.38
7331.30000 2397.57
7331.40000 2284.27
7331.50000 1755.01
7331.60000 1774.59
7331.70000 2294.12
7331.80000 2408.02
7331.90000 2452.16
7332.00000 2459.51
7332.10000 2450.41
7332.20000 2458.83
7332.30000 2441.69
7332.40000 2434.30
7332.50000 2433.92
7332.60000 2473.03
7332.70000 2436.33
7332.80000 2444.30
7332.90000 2462.64
7333.00000 2463.87
7333.10000 2446.14
7333.20000 2445.73
7333.30000 2430.15
7333.40000 2361.01
7333.50000 2298.56
7333.60000 2077.17
7333.70000 2069.24
7333.80000 1997.34
7333.90000 2351.23
7334.00000 2408.90
7334.10000 2405.01
7334.20000 2336.74
7334.30000 1984.19
7334.40000 1287.75
7334.50000 2110.04
7334.60000 2380.00
7334.70000 2396.67
7334.80000 2395.67
7334.90000 2432.26
7335.00000 2422.11
7335.10000 2422.74
7335.20000 2423.79
7335.30000 2423.04
7335.40000 2439.76
7335.50000 2436.77
7335.60000 2444.07
7335.70000 2432.47
7335.80000 2378.05
7335.90000 2265.17
7336.00000 1747.83
7336.10000 1867.28
7336.20000 2311.81
7336.30000 2369.79
7336.40000 2313.42
7336.50000 2373.01
7336.60000 2446.21
7336.70000 2422.58
7336.80000 2441.78
7336.90000 2440.08
7337.00000 2452.28
7337.10000 2450.17
7337.20000 2454.59
7337.30000 2448.50
7337.40000 2451.31
7337.50000 2426.13
7337.60000 2442.65
7337.70000 2406.25
7337.80000 2357.83
7337.90000 2444.83
7338.00000 2466.58
7338.10000 2454.40
7338.20000 2436.84
7338.30000 2456.63
7338.40000 2463.31
7338.50000 2434.96
7338.60000 2441.16
7338.70000 2441.92
7338.80000 2461.17
7338.90000 2474.02
7339.00000 2449.78
7339.10000 2470.24
7339.20000 2442.74
7339.30000 2467.31
7339.40000 2469.98
7339.50000 2437.12
7339.60000 2459.49
7339.70000 2457.76
7339.80000 2450.85
7339.90000 2437.30
7340.00000 2357.61
7340.10000 2366.01
7340.20000 2423.44
7340.30000 2458.34
7340.40000 2458.02
7340.50000 2421.47
7340.60000 2466.04
7340.70000 2435.35
7340.80000 2401.06
7340.90000 2310.28
7341.00000 2376.66
7341.10000 2454.60
7341.20000 2435.79
7341.30000 2456.53
7341.40000 2446.78
7341.50000 2460.58
7341.60000 2447.62
7341.70000 2477.92
7341.80000 2446.46
7341.90000 2428.33
7342.00000 2296.08
7342.10000 2265.52
7342.20000 2376.38
7342.30000 2427.13
7342.40000 2417.88
7342.50000 2407.63
7342.60000 2438.02
7342.70000 2423.59
7342.80000 2430.61
7342.90000 2461.40
7343.00000 2462.76
7343.10000 2437.11
7343.20000 2436.11
7343.30000 2434.23
7343.40000 2439.63
7343.50000 2454.13
7343.60000 2464.11
7343.70000 2443.88
7343.80000 2439.39
7343.90000 2446.32
7344.00000 2461.87
7344.10000 2436.26
7344.20000 2442.06
7344.30000 2449.72
7344.40000 2408.77
7344.50000 2340.45
7344.60000 1941.59
7344.70000 1893.91
7344.80000 2308.14
7344.90000 2278.12
7345.00000 2337.59
7345.10000 2419.98
7345.20000 2432.30
7345.30000 2392.05
7345.40000 2178.66
7345.50000 1831.69
7345.60000 2275.96
7345.70000 2407.63
7345.80000 2421.45
7345.90000 2442.21
7346.00000 2437.10
7346.10000 2457.12
7346.20000 2472.20
7346.30000 2444.13
7346.40000 2463.88
7346.50000 2444.22
7346.60000 2422.05
7346.70000 2460.77
7346.80000 2419.67
7346.90000 2433.24
7347.00000 2439.49
7347.10000 2453.91
7347.20000 2450.04
7347.30000 2443.97
7347.40000 2429.74
7347.50000 2459.99
7347.60000 2477.84
7347.70000 2437.51
7347.80000 2460.70
7347.90000 2419.33
7348.00000 2336.95
7348.10000 2412.28
7348.20000 2456.43
7348.30000 2447.64
7348.40000 2453.63
7348.50000 2431.39
7348.60000 2397.08
7348.70000 2183.90
7348.80000 2186.56
7348.90000 2282.32
7349.00000 2378.21
7349.10000 2444.90
7349.20000 2450.35
7349.30000 2456.14
7349.40000 2474.45
7349.50000 2461.74
7349.60000 2450.70
7349.70000 2468.35
7349.80000 2370.10
7349.90000 2032.98
7350.00000 2073.61
7350.10000 2175.36
7350.20000 1724.87
7350.30000 2253.26
7350.40000 2431.52
7350.50000 2386.71
7350.60000 2406.12
7350.70000 2288.31
7350.80000 2023.95
7350.90000 2318.57
7351.00000 2401.43
7351.10000 2423.58
7351.20000 2476.55
7351.30000 2469.40
7351.40000 2469.04
7351.50000 2466.38
7351.60000 2473.54
7351.70000 2473.91
7351.80000 2456.11
7351.90000 2481.20
7352.00000 2441.67
7352.10000 2448.25
7352.20000 2480.05
7352.30000 2460.88
7352.40000 2465.33
7352.50000 2463.47
7352.60000 2490.69
7352.70000 2465.50
7352.80000 2467.26
7352.90000 2450.39
7353.00000 2500.52
7353.10000 2461.78
7353.20000 2487.75
7353.30000 2480.51
7353.40000 2452.64
7353.50000 2398.39
7353.60000 2443.54
7353.70000 2402.33
7353.80000 2415.72
7353.90000 2356.05
7354.00000 2351.57
7354.10000 2382.72
7354.20000 2446.83
7354.30000 2467.33
7354.40000 2448.63
7354.50000 2439.79
7354.60000 2265.89
7354.70000 2387.23
7354.80000 2478.10
7354.90000 2469.79
7355.00000 2547.98
7355.10000 2551.04
7355.20000 2406.22
7355.30000 2274.87
7355.40000 2367.68
7355.50000 2450.17
7355.60000 2461.15
7355.70000 2466.88
7355.80000 2484.64
7355.90000 2470.53
7356.00000 2474.22
7356.10000 2450.83
7356.20000 2473.90
7356.30000 2488.00
7356.40000 2484.71
7356.50000 2478.03
7356.60000 2495.79
7356.70000 2490.87
7356.80000 2475.49
7356.90000 2300.29
7357.00000 2170.30
7357.10000 2341.34
7357.20000 2428.13
7357.30000 2474.44
7357.40000 2464.96
7357.50000 2427.04
7357.60000 2408.81
7357.70000 2270.57
7357.80000 1934.81
7357.90000 2217.37
7358.00000 2446.46
7358.10000 2437.73
7358.20000 2428.07
7358.30000 2432.97
7358.40000 2439.15
7358.50000 2451.29
7358.60000 2408.89
7358.70000 2455.92
7358.80000 2484.44
7358.90000 2483.66
7359.00000 2494.24
7359.10000 2504.87
7359.20000 2486.77
7359.30000 2470.22
7359.40000 2465.05
7359.50000 2305.89
7359.60000 2219.09
7359.70000 2418.40
7359.80000 2472.61
7359.90000 2467.15
7360.00000 2464.29
7360.10000 2473.64
7360.20000 2478.37
7360.30000 2481.02
7360.40000 2483.59
7360.50000 2485.61
7360.60000 2458.93
7360.70000 2478.33
7360.80000 2430.99
7360.90000 2356.88
7361.00000 1977.90
7361.10000 1875.98
7361.20000 2316.26
7361.30000 2422.49
7361.40000 2442.37
7361.50000 2438.95
7361.60000 2420.62
7361.70000 2192.88
7361.80000 2238.46
7361.90000 2420.48
7362.00000 2457.53
7362.10000 2434.06
7362.20000 2297.03
7362.30000 2297.78
7362.40000 2399.37
7362.50000 2359.54
7362.60000 2404.50
7362.70000 2366.42
7362.80000 2404.61
7362.90000 2426.16
7363.00000 2460.82
7363.10000 2445.40
7363.20000 2384.36
7363.30000 2399.42
7363.40000 2442.70
7363.50000 2479.32
7363.60000 2448.31
7363.70000 2451.86
7363.80000 2459.03
7363.90000 2453.78
7364.00000 2449.33
7364.10000 2471.29
7364.20000 2415.67
7364.30000 2322.25
7364.40000 1852.01
7364.50000 1884.71
7364.60000 2325.12
7364.70000 2442.29
7364.80000 2460.65
7364.90000 2453.31
7365.00000 2461.34
7365.10000 2443.49
7365.20000 2432.46
7365.30000 2461.91
7365.40000 2423.69
7365.50000 2443.78
7365.60000 2443.84
7365.70000 2458.12
7365.80000 2444.69
7365.90000 2426.69
7366.00000 2233.84
7366.10000 2379.49
7366.20000 2420.75
7366.30000 2286.02
7366.40000 2169.80
7366.50000 2226.63
7366.60000 2413.73
7366.70000 2404.51
7366.80000 2388.82
7366.90000 2440.77
7367.00000 2471.79
7367.10000 2449.47
7367.20000 2421.19
7367.30000 2379.67
7367.40000 2423.60
7367.50000 2400.44
7367.60000 2391.23
7367.70000 2349.85
7367.80000 2359.83
7367.90000 2357.87
7368.00000 2392.94
7368.10000 2452.75
7368.20000 2473.38
7368.30000 2461.76
7368.40000 2465.42
7368.50000 2476.08
7368.60000 2451.91
7368.70000 2463.80
7368.80000 2484.55
7368.90000 2455.47
7369.00000 2420.97
7369.10000 2149.76
7369.20000 1933.65
7369.30000 2351.57
7369.40000 2450.78
7369.50000 2428.76
7369.60000 2425.49
7369.70000 2399.24
7369.80000 2230.40
7369.90000 1718.59
7370.00000 2099.04
7370.10000 2368.13
7370.20000 2396.42
7370.30000 2385.82
7370.40000 2454.42
7370.50000 2461.97
7370.60000 2427.47
7370.70000 2399.34
7370.80000 2396.20
7370.90000 2437.98
7371.00000 2449.12
7371.10000 2458.56
7371.20000 2438.66
7371.30000 2469.83
7371.40000 2484.05
7371.50000 2407.86
7371.60000 2432.19
7371.70000 2472.11
7371.80000 2474.10
7371.90000 2476.77
7372.00000 2459.20
7372.10000 2337.99
7372.20000 2087.06
7372.30000 2319.59
7372.40000 2448.82
7372.50000 2474.25
7372.60000 2472.40
7372.70000 2483.51
7372.80000 2453.63
7372.90000 2495.43
7373.00000 2461.68
7373.10000 2441.78
7373.20000 2466.83
7373.30000 2481.51
7373.40000 2500.94
7373.50000 2498.79
7373.60000 2512.88
7373.70000 2477.64
7373.80000 2471.41
7373.90000 2462.49
7374.00000 2431.74
7374.10000 2439.89
7374.20000 2458.16
7374.30000 2338.87
7374.40000 2352.11
7374.50000 2444.43
7374.60000 2477.99
7374.70000 2462.11
7374.80000 2494.96
7374.90000 2493.47
7375.00000 2466.66
7375.10000 2475.38
7375.20000 2487.62
7375.30000 2459.57
7375.40000 2477.99
7375.50000 2494.68
7375.60000 2510.29
7375.70000 2479.47
7375.80000 2474.12
7375.90000 2490.75
7376.00000 2475.50
7376.10000 2511.53
7376.20000 2494.04
7376.30000 2486.79
7376.40000 2467.90
7376.50000 2497.14
7376.60000 2491.00
7376.70000 2490.20
7376.80000 2505.49
7376.90000 2458.93
7377.00000 2355.01
7377.10000 2437.06
7377.20000 2414.14
7377.30000 2467.30
7377.40000 2469.72
7377.50000 2486.38
7377.60000 2472.64
7377.70000 2498.92
7377.80000 2505.38
7377.90000 2487.89
7378.00000 2486.20
7378.10000 2504.35
7378.20000 2495.49
7378.30000 2476.07
7378.40000 2469.67
7378.50000 2348.45
7378.60000 2249.83
7378.70000 2436.53
7378.80000 2449.16
7378.90000 2416.57
7379.00000 2225.74
7379.10000 2275.46
7379.20000 2464.65
7379.30000 2465.30
7379.40000 2484.54
7379.50000 2475.76
7379.60000 2479.68
7379.70000 2499.28
7379.80000 2497.82
7379.90000 2484.58
7380.00000 2501.75
7380.10000 2499.13
7380.20000 2476.38
7380.30000 2479.99
7380.40000 2469.34
7380.50000 2487.80
7380.60000 2479.31
7380.70000 2471.23
7380.80000 2491.46
7380.90000 2482.59
7381.00000 2475.12
7381.10000 2479.49
7381.20000 2421.27
7381.30000 2486.90
7381.40000 2489.24
7381.50000 2482.76
7381.60000 2500.22
7381.70000 2488.57
7381.80000 2495.98
7381.90000 2468.42
7382.00000 2463.46
7382.10000 2492.36
7382.20000 2364.47
7382.30000 2415.21
7382.40000 2477.96
7382.50000 2485.87
7382.60000 2465.73
7382.70000 2435.86
7382.80000 2475.43
7382.90000 2469.27
7383.00000 2339.48
7383.10000 2279.12
7383.20000 2407.80
7383.30000 2372.00
7383.40000 2424.58
7383.50000 2475.25
7383.60000 2491.87
7383.70000 2479.21
7383.80000 2426.65
7383.90000 2469.23
7384.00000 2401.32
7384.10000 2391.84
7384.20000 2470.38
7384.30000 2348.42
7384.40000 1884.62
7384.50000 2125.85
7384.60000 2433.50
7384.70000 2490.05
7384.80000 2492.49
7384.90000 2502.85
7385.00000 2481.35
7385.10000 2500.60
7385.20000 2504.64
7385.30000 2498.04
7385.40000 2509.06
7385.50000 2493.75
7385.60000 2504.89
7385.70000 2520.90
7385.80000 2509.96
7385.90000 2503.88
7386.00000 2501.48
7386.10000 2491.18
7386.20000 2502.26
7386.30000 2494.75
7386.40000 2515.92
7386.50000 2487.37
7386.60000 2480.49
7386.70000 2498.69
7386.80000 2486.12
7386.90000 2490.37
7387.00000 2524.37
7387.10000 2505.09
7387.20000 2484.79
7387.30000 2483.33
7387.40000 2518.32
7387.50000 2506.18
7387.60000 2499.92
7387.70000 2497.88
7387.80000 2480.43
7387.90000 2505.29
7388.00000 2508.72
7388.10000 2511.21
7388.20000 2502.99
7388.30000 2504.18
7388.40000 2506.55
7388.50000 2498.93
7388.60000 2509.18
7388.70000 2506.23
7388.80000 2509.15
7388.90000 2521.91
7389.00000 2491.90
7389.10000 2490.36
7389.20000 2430.82
7389.30000 2409.11
7389.40000 2501.28
7389.50000 2519.87
7389.60000 2518.99
7389.70000 2509.67
7389.80000 2497.06
7389.90000 2520.19
7390.00000 2486.14
7390.10000 2471.79
7390.20000 2443.27
7390.30000 2481.78
7390.40000 2520.38
7390.50000 2495.99
7390.60000 2509.38
7390.70000 2498.65
7390.80000 2471.21
7390.90000 2191.69
7391.00000 2248.88
7391.10000 2460.62
7391.20000 2467.67
7391.30000 2511.73
7391.40000 2498.55
7391.50000 2494.07
7391.60000 2488.28
7391.70000 2483.42
7391.80000 2462.29
7391.90000 2257.77
7392.00000 2056.34
7392.10000 2408.88
7392.20000 2468.27
7392.30000 2461.41
7392.40000 2288.71
7392.50000 2375.99
7392.60000 2470.87
7392.70000 2507.29
7392.80000 2523.68
7392.90000 2527.15
7393.00000 2506.84
7393.10000 2486.20
7393.20000 2472.58
7393.30000 2497.65
7393.40000 2475.08
7393.50000 2512.12
7393.60000 2509.21
7393.70000 2493.90
7393.80000 2489.43
7393.90000 2487.48
7394.00000 2495.15
7394.10000 2504.61
7394.20000 2517.32
7394.30000 2498.09
7394.40000 2475.30
7394.50000 2473.41
7394.60000 2511.90
7394.70000 2511.02
7394.80000 2510.94
7394.90000 2496.62
7395.00000 2498.26
7395.10000 2497.70
7395.20000 2514.03
7395.30000 2486.87
7395.40000 2498.45
7395.50000 2495.21
7395.60000 2491.72
7395.70000 2514.93
7395.80000 2506.28
7395.90000 2492.97
7396.00000 2522.28
7396.10000 2508.09
7396.20000 2493.80
7396.30000 2479.13
7396.40000 2481.19
7396.50000 2483.66
7396.60000 2457.12
7396.70000 2190.91
7396.80000 2145.86
7396.90000 2410.24
7397.00000 2427.39
7397.10000 2497.37
7397.20000 2505.17
7397.30000 2462.71
7397.40000 2367.62
7397.50000 2366.29
7397.60000 2444.81
7397.70000 2427.15
7397.80000 2261.51
7397.90000 2375.42
7398.00000 2482.71
7398.10000 2494.63
7398.20000 2468.41
7398.30000 2477.61
7398.40000 2499.74
7398.50000 2472.99
7398.60000 2454.02
7398.70000 2485.63
7398.80000 2462.13
7398.90000 2460.05
7399.00000 2500.70
7399.10000 2496.11
7399.20000 2496.78
7399.30000 2487.35
7399.40000 2484.90
7399.50000 2510.18
7399.60000 2517.09
7399.70000 2509.48
7399.80000 2518.23
7399.90000 2478.22
7400.00000 2403.55
7400.10000 2449.41
7400.20000 2514.19
7400.30000 2527.73
7400.40000 2531.18
7400.50000 2501.38
7400.60000 2502.92
7400.70000 2495.96
7400.80000 2497.57
7400.90000 2500.52
7401.00000 2495.72
7401.10000 2515.16
7401.20000 2498.01
7401.30000 2494.48
7401.40000 2488.99
7401.50000 2487.41
7401.60000 2506.63
7401.70000 2497.80
7401.80000 2509.13
7401.90000 2485.84
7402.00000 2481.69
7402.10000 2464.36
7402.20000 2486.14
7402.30000 2487.54
7402.40000 2506.51
7402.50000 2505.02
7402.60000 2483.79
7402.70000 2519.47
7402.80000 2533.04
7402.90000 2506.51
7403.00000 2502.37
7403.10000 2506.12
7403.20000 2491.25
7403.30000 2488.81
7403.40000 2494.27
7403.50000 2476.46
7403.60000 2506.58
7403.70000 2493.53
7403.80000 2508.75
7403.90000 2495.40
7404.00000 2496.33
7404.10000 2487.49
7404.20000 2492.08
7404.30000 2468.56
7404.40000 2470.27
7404.50000 2437.16
7404.60000 2428.89
7404.70000 2500.89
7404.80000 2482.26
7404.90000 2488.67
7405.00000 2498.24
7405.10000 2497.12
7405.20000 2497.91
7405.30000 2508.40
7405.40000 2496.88
7405.50000 2511.25
7405.60000 2526.96
7405.70000 2513.17
7405.80000 2485.96
7405.90000 2488.20
7406.00000 2512.09
7406.10000 2502.73
7406.20000 2502.19
7406.30000 2494.50
7406.40000 2499.39
7406.50000 2470.01
7406.60000 2471.48
7406.70000 2516.79
7406.80000 2514.29
7406.90000 2460.05
7407.00000 2395.23
7407.10000 2477.51
7407.20000 2518.28
7407.30000 2510.61
7407.40000 2495.53
7407.50000 2512.20
7407.60000 2519.68
7407.70000 2503.78
7407.80000 2508.17
7407.90000 2504.43
7408.00000 2465.20
7408.10000 2458.56
7408.20000 2486.58
7408.30000 2523.44
7408.40000 2527.27
7408.50000 2517.71
7408.60000 2496.81
7408.70000 2483.64
7408.80000 2436.74
7408.90000 2435.94
7409.00000 2486.59
7409.10000 2531.55
7409.20000 2526.56
7409.30000 2527.21
7409.40000 2494.64
7409.50000 2512.16
7409.60000 2532.83
7409.70000 2491.63
7409.80000 2491.60
7409.90000 2512.25
7410.00000 2531.65
7410.10000 2518.68
7410.20000 2519.57
7410.30000 2500.49
7410.40000 2517.45
7410.50000 2536.11
7410.60000 2519.41
7410.70000 2516.35
7410.80000 2493.89
7410.90000 2483.87
7411.00000 2418.31
7411.10000 2457.64
7411.20000 2493.38
7411.30000 2474.97
7411.40000 2272.04
7411.50000 2336.53
7411.60000 2517.47
7411.70000 2497.18
7411.80000 2532.00
7411.90000 2487.09
7412.00000 2491.75
7412.10000 2555.59
7412.20000 2534.73
7412.30000 2538.64
7412.40000 2535.13
7412.50000 2549.31
7412.60000 2537.40
7412.70000 2537.24
7412.80000 2532.83
7412.90000 2537.92
7413.00000 2505.96
7413.10000 2513.90
7413.20000 2539.77
7413.30000 2529.53
7413.40000 2525.16
7413.50000 2524.68
7413.60000 2551.44
7413.70000 2501.89
7413.80000 2539.79
7413.90000 2527.60
7414.00000 2498.40
7414.10000 2532.85
7414.20000 2510.81
7414.30000 2510.45
7414.40000 2515.25
7414.50000 2488.39
7414.60000 2499.88
7414.70000 2520.87
7414.80000 2533.68
7414.90000 2534.16
7415.00000 2503.12
7415.10000 2492.80
7415.20000 2472.09
7415.30000 2427.36
7415.40000 2458.62
7415.50000 2513.18
7415.60000 2542.54
7415.70000 2513.94
7415.80000 2504.47
7415.90000 2508.04
7416.00000 2512.51
7416.10000 2497.74
7416.20000 2448.35
7416.30000 2478.48
7416.40000 2489.74
7416.50000 2528.57
7416.60000 2516.50
7416.70000 2540.00
7416.80000 2526.45
7416.90000 2518.16
7417.00000 2469.66
7417.10000 2445.71
7417.20000 2517.96
7417.30000 2514.05
7417.40000 2512.15
7417.50000 2512.35
7417.60000 2532.68
7417.70000 2516.53
7417.80000 2489.81
7417.90000 2502.13
7418.00000 2513.09
7418.10000 2495.56
7418.20000 2507.43
7418.30000 2516.29
7418.40000 2503.22
7418.50000 2506.07
7418.60000 2507.09
7418.70000 2494.27
7418.80000 2510.75
7418.90000 2522.84
7419.00000 2522.43
7419.10000 2529.70
7419.20000 2500.61
7419.30000 2521.55
7419.40000 2515.51
7419.50000 2529.37
7419.60000 2500.72
7419.70000 2501.07
7419.80000 2518.54
7419.90000 2520.11
7420.00000 2520.38
7420.10000 2537.54
7420.20000 2520.32
7420.30000 2532.63
7420.40000 2510.98
7420.50000 2525.85
7420.60000 2519.33
7420.70000 2540.40
7420.80000 2526.25
7420.90000 2522.98
7421.00000 2524.81
7421.10000 2522.25
7421.20000 2517.69
7421.30000 2503.52
7421.40000 2514.68
7421.50000 2509.74
7421.60000 2519.81
7421.70000 2410.59
7421.80000 2431.56
7421.90000 2470.01
7422.00000 2497.69
7422.10000 2495.54
7422.20000 2498.09
7422.30000 2503.96
7422.40000 2516.10
7422.50000 2503.67
7422.60000 2510.66
7422.70000 2502.04
7422.80000 2475.88
7422.90000 2499.36
7423.00000 2521.22
7423.10000 2511.29
7423.20000 2505.97
7423.30000 2506.70
7423.40000 2462.12
7423.50000 2436.43
7423.60000 2502.74
7423.70000 2480.78
7423.80000 2488.29
7423.90000 2481.26
7424.00000 2492.38
7424.10000 2507.58
7424.20000 2484.64
7424.30000 2485.04
7424.40000 2490.98
7424.50000 2473.09
7424.60000 2478.25
7424.70000 2511.06
7424.80000 2505.71
7424.90000 2497.08
7425.00000 2574.55
7425.10000 2482.78
7425.20000 2497.28
7425.30000 2437.47
7425.40000 2341.63
7425.50000 2447.54
7425.60000 2487.88
7425.70000 2477.52
7425.80000 2463.94
7425.90000 2479.19
7426.00000 2489.59
7426.10000 2465.42
7426.20000 2459.67
7426.30000 2433.94
7426.40000 2471.19
7426.50000 2447.03
7426.60000 2447.72
7426.70000 2460.79
7426.80000 2477.55
7426.90000 2492.87
7427.00000 2504.45
7427.10000 2506.06
7427.20000 2479.92
7427.30000 2504.21
7427.40000 2496.30
7427.50000 2499.31
7427.60000 2503.54
7427.70000 2504.01
7427.80000 2525.51
7427.90000 2496.45
7428.00000 2473.18
7428.10000 2487.68
7428.20000 2498.48
7428.30000 2491.90
7428.40000 2444.91
7428.50000 2503.65
7428.60000 2518.96
7428.70000 2472.94
7428.80000 2493.76
7428.90000 2491.94
7429.00000 2487.76
7429.10000 2482.29
7429.20000 2486.53
7429.30000 2477.51
7429.40000 2496.22
7429.50000 2484.95
7429.60000 2510.14
7429.70000 2509.20
7429.80000 2487.79
7429.90000 2506.75
7430.00000 2462.31
7430.10000 2494.42
7430.20000 2479.87
7430.30000 2486.14
7430.40000 2511.03
7430.50000 2483.55
7430.60000 2486.79
7430.70000 2473.30
7430.80000 2484.49
7430.90000 2495.31
7431.00000 2477.16
7431.10000 2479.71
7431.20000 2475.01
7431.30000 2499.29
7431.40000 2505.02
7431.50000 2488.75
7431.60000 2477.15
7431.70000 2458.25
7431.80000 2470.59
7431.90000 2484.22
7432.00000 2459.03
7432.10000 2479.68
7432.20000 2462.03
7432.30000 2474.21
7432.40000 2491.81
7432.50000 2492.19
7432.60000 2475.85
7432.70000 2497.01
7432.80000 2480.70
7432.90000 2476.00
7433.00000 2500.36
7433.10000 2472.39
7433.20000 2466.67
7433.30000 2503.72
7433.40000 2476.23
7433.50000 2475.17
7433.60000 2436.40
7433.70000 2482.43
7433.80000 2472.28
7433.90000 2489.47
7434.00000 2504.82
7434.10000 2485.46
7434.20000 2488.40
7434.30000 2486.83
7434.40000 2481.92
7434.50000 2491.31
7434.60000 2490.26
7434.70000 2471.90
7434.80000 2472.48
7434.90000 2480.41
7435.00000 2483.75
7435.10000 2478.66
7435.20000 2486.25
7435.30000 2472.94
7435.40000 2455.95
7435.50000 2456.71
7435.60000 2485.19
7435.70000 2468.26
7435.80000 2466.09
7435.90000 2497.76
7436.00000 2475.94
7436.10000 2458.77
7436.20000 2479.92
7436.30000 2493.45
7436.40000 2507.52
7436.50000 2502.36
7436.60000 2488.64
7436.70000 2487.77
7436.80000 2481.49
7436.90000 2515.50
7437.00000 2500.85
7437.10000 2489.34
7437.20000 2514.81
7437.30000 2501.96
7437.40000 2481.38
7437.50000 2480.67
7437.60000 2486.77
7437.70000 2482.80
7437.80000 2481.49
7437.90000 2478.44
7438.00000 2487.14
7438.10000 2494.16
7438.20000 2494.63
7438.30000 2515.00
7438.40000 2486.43
7438.50000 2492.42
7438.60000 2466.89
7438.70000 2497.27
7438.80000 2489.99
7438.90000 2512.61
7439.00000 2498.96
7439.10000 2514.26
7439.20000 2503.74
7439.30000 2513.85
7439.40000 2502.37
7439.50000 2524.64
7439.60000 2516.77
7439.70000 2513.74
7439.80000 2507.93
7439.90000 2511.75
7440.00000 2518.64
7440.10000 2518.88
7440.20000 2486.70
7440.30000 2526.60
7440.40000 2530.72
7440.50000 2515.74
7440.60000 2507.12
7440.70000 2502.61
7440.80000 2528.91
7440.90000 2506.69
7441.00000 2501.37
7441.10000 2500.27
7441.20000 2533.17
7441.30000 2482.52
7441.40000 2436.24
7441.50000 2487.28
7441.60000 2482.25
7441.70000 2475.77
7441.80000 2468.05
7441.90000 2520.73
7442.00000 2521.48
7442.10000 2517.77
7442.20000 2502.23
7442.30000 2486.51
7442.40000 2482.56
7442.50000 2500.49
7442.60000 2494.47
7442.70000 2515.84
7442.80000 2475.21
7442.90000 2467.53
7443.00000 2494.13
7443.10000 2515.02
7443.20000 2496.29
7443.30000 2504.96
7443.40000 2493.01
7443.50000 2492.83
7443.60000 2481.22
7443.70000 2513.67
7443.80000 2518.01
7443.90000 2514.77
7444.00000 2527.17
7444.10000 2508.85
7444.20000 2535.79
7444.30000 2514.63
7444.40000 2523.44
7444.50000 2502.96
7444.60000 2517.03
7444.70000 2506.21
7444.80000 2512.39
7444.90000 2529.52
7445.00000 2552.67
7445.10000 2539.70
7445.20000 2532.48
7445.30000 2528.52
7445.40000 2532.17
7445.50000 2540.29
7445.60000 2552.86
7445.70000 2541.35
7445.80000 2555.81
7445.90000 2553.45
7446.00000 2538.41
7446.10000 2576.53
7446.20000 2556.08
7446.30000 2557.57
7446.40000 2546.96
7446.50000 2536.16
7446.60000 2538.20
7446.70000 2564.04
7446.80000 2584.20
7446.90000 2792.94
7447.00000 2602.36
7447.10000 2561.61
7447.20000 2552.82
7447.30000 2551.92
7447.40000 2538.67
7447.50000 2550.91
7447.60000 2565.09
7447.70000 2547.16
7447.80000 2553.43
7447.90000 2547.00
7448.00000 2552.79
7448.10000 2531.79
7448.20000 2546.28
7448.30000 2535.08
7448.40000 2509.19
7448.50000 2543.58
7448.60000 2526.38
7448.70000 2521.08
7448.80000 2512.84
7448.90000 2525.03
7449.00000 2523.23
7449.10000 2535.16
7449.20000 2524.04
7449.30000 2516.44
7449.40000 2519.81
7449.50000 2506.75
7449.60000 2511.45
7449.70000 2516.27
7449.80000 2519.39
7449.90000 2515.00
7450.00000 2526.55
7450.10000 2492.70
7450.20000 2517.80
7450.30000 2501.73
7450.40000 2519.74
7450.50000 2523.57
7450.60000 2524.07
7450.70000 2539.31
7450.80000 2498.51
7450.90000 2518.21
7451.00000 2505.35
7451.10000 2517.38
7451.20000 2530.37
7451.30000 2524.14
7451.40000 2526.66
7451.50000 2519.63
7451.60000 2497.74
7451.70000 2514.88
7451.80000 2504.32
7451.90000 2498.55
7452.00000 2492.00
7452.10000 2527.95
7452.20000 2491.02
7452.30000 2521.74
7452.40000 2524.40
7452.50000 2526.65
7452.60000 2517.02
7452.70000 2537.01
7452.80000 2525.45
7452.90000 2530.84
7453.00000 2521.11
7453.10000 2534.75
7453.20000 2524.50
7453.30000 2546.29
7453.40000 2546.65
7453.50000 2552.55
7453.60000 2527.26
7453.70000 2547.60
7453.80000 2536.09
7453.90000 2554.47
7454.00000 2531.27
7454.10000 2521.81
7454.20000 2538.52
7454.30000 2538.31
7454.40000 2535.26
7454.50000 2530.52
7454.60000 2508.83
7454.70000 2524.67
7454.80000 2520.75
7454.90000 2536.39
7455.00000 2528.02
7455.10000 2504.04
7455.20000 2517.77
7455.30000 2520.04
7455.40000 2518.76
7455.50000 2515.74
7455.60000 2531.69
7455.70000 2497.29
7455.80000 2536.25
7455.90000 2528.61
7456.00000 2515.71
7456.10000 2502.10
7456.20000 2513.13
7456.30000 2510.44
7456.40000 2543.23
7456.50000 2527.15
7456.60000 2509.42
7456.70000 2496.73
7456.80000 2501.91
7456.90000 2505.35
7457.00000 2525.74
7457.10000 2534.08
7457.20000 2544.46
7457.30000 2514.07
7457.40000 2516.61
7457.50000 2525.31
7457.60000 2534.28
7457.70000 2548.15
7457.80000 2522.05
7457.90000 2540.58
7458.00000 2545.12
7458.10000 2556.20
7458.20000 2534.84
7458.30000 2523.25
7458.40000 2530.99
7458.50000 2576.06
7458.60000 2562.09
7458.70000 2557.90
7458.80000 2563.81
7458.90000 2574.57
7459.00000 2545.50
7459.10000 2520.26
7459.20000 2578.21
7459.30000 2571.91
7459.40000 2559.05
7459.50000 2568.21
7459.60000 2586.13
7459.70000 2572.82
7459.80000 2588.28
7459.90000 2568.61
7460.00000 2596.86
7460.10000 2571.75
7460.20000 2596.34
7460.30000 2605.78
7460.40000 2593.12
7460.50000 2603.82
7460.60000 2593.77
7460.70000 2597.65
7460.80000 2562.22
7460.90000 2581.75
7461.00000 2585.38
7461.10000 2584.03
7461.20000 2590.49
7461.30000 2573.90
7461.40000 2570.98
7461.50000 2585.91
7461.60000 2544.99
7461.70000 2559.51
7461.80000 2546.45
7461.90000 2581.34
7462.00000 2565.36
7462.10000 2537.74
7462.20000 2542.69
7462.30000 2559.02
7462.40000 2550.10
7462.50000 2563.80
7462.60000 2565.90
7462.70000 2573.50
7462.80000 2560.73
7462.90000 2555.15
7463.00000 2552.85
7463.10000 2563.30
7463.20000 2538.56
7463.30000 2544.60
7463.40000 2524.90
7463.50000 2541.30
7463.60000 2545.20
7463.70000 2529.37
7463.80000 2532.54
7463.90000 2536.67
7464.00000 2538.58
7464.10000 2569.31
7464.20000 2545.43
7464.30000 2567.55
7464.40000 2551.92
7464.50000 2560.05
7464.60000 2567.37
7464.70000 2571.28
7464.80000 2570.52
7464.90000 2542.27
7465.00000 2582.81
7465.10000 2588.69
7465.20000 2569.14
7465.30000 2562.40
7465.40000 2593.95
7465.50000 2604.20
7465.60000 2607.04
7465.70000 2597.00
7465.80000 2586.92
7465.90000 2603.65
7466.00000 2606.93
7466.10000 2587.60
7466.20000 2591.63
7466.30000 2589.57
7466.40000 2594.64
7466.50000 2614.19
7466.60000 2584.03
7466.70000 2570.57
7466.80000 2579.88
7466.90000 2600.36
7467.00000 2594.47
7467.10000 2597.92
7467.20000 2604.30
7467.30000 2586.88
7467.40000 2595.80
7467.50000 2573.75
7467.60000 2579.14
7467.70000 2542.25
7467.80000 2559.40
7467.90000 2544.34
7468.00000 2561.35
7468.10000 2557.53
7468.20000 2533.90
7468.30000 2561.29
7468.40000 2539.86
7468.50000 2531.32
7468.60000 2527.17
7468.70000 2545.72
7468.80000 2509.89
7468.90000 2524.73
7469.00000 2543.07
7469.10000 2534.83
7469.20000 2557.37
7469.30000 2522.96
7469.40000 2517.82
7469.50000 2521.79
7469.60000 2495.10
7469.70000 2515.58
7469.80000 2506.41
7469.90000 2505.42
7470.00000 2517.84
7470.10000 2535.55
7470.20000 2509.18
7470.30000 2517.51
7470.40000 2514.05
7470.50000 2536.08
7470.60000 2519.84
7470.70000 2490.06
7470.80000 2505.96
7470.90000 2517.01
7471.00000 2527.30
7471.10000 2499.31
7471.20000 2517.06
7471.30000 2533.25
7471.40000 2535.11
7471.50000 2518.93
7471.60000 2504.54
7471.70000 2534.75
7471.80000 2533.57
7471.90000 2570.74
7472.00000 2554.33
7472.10000 2520.91
7472.20000 2514.46
7472.30000 2538.92
7472.40000 2535.14
7472.50000 2531.62
7472.60000 2527.67
7472.70000 2529.12
7472.80000 2515.65
7472.90000 2510.05
7473.00000 2509.63
7473.10000 2505.77
7473.20000 2495.44
7473.30000 2499.94
7473.40000 2492.65
7473.50000 2515.15
7473.60000 2512.27
7473.70000 2501.62
7473.80000 2514.62
7473.90000 2500.65
7474.00000 2502.25
7474.10000 2525.43
7474.20000 2521.40
7474.30000 2521.40
7474.40000 2519.33
7474.50000 2506.08
7474.60000 2511.98
7474.70000 2525.49
7474.80000 2510.57
7474.90000 2511.95
7475.00000 2497.93
7475.10000 2521.95
7475.20000 2497.76
7475.30000 2520.58
7475.40000 2496.96
7475.50000 2516.80
7475.60000 2524.26
7475.70000 2512.58
7475.80000 2512.79
7475.90000 2516.67
7476.00000 2528.26
7476.10000 2521.40
7476.20000 2487.70
7476.30000 2508.96
7476.40000 2524.61
7476.50000 2496.97
7476.60000 2513.29
7476.70000 2526.29
7476.80000 2503.04
7476.90000 2503.94
7477.00000 2497.08
7477.10000 2498.57
7477.20000 2491.95
7477.30000 2514.55
7477.40000 2487.00
7477.50000 2510.85
7477.60000 2506.29
7477.70000 2524.12
7477.80000 2515.85
7477.90000 2511.91
7478.00000 2519.74
7478.10000 2501.82
7478.20000 2505.88
7478.30000 2508.52
7478.40000 2502.38
7478.50000 2491.55
7478.60000 2498.16
7478.70000 2524.86
7478.80000 2493.52
7478.90000 2485.72
7479.00000 2491.74
7479.10000 2475.26
7479.20000 2470.15
7479.30000 2508.65
7479.40000 2496.45
7479.50000 2506.33
7479.60000 2532.70
7479.70000 2515.27
7479.80000 2531.79
7479.90000 2497.64
7480.00000 2509.64
7480.10000 2513.99
7480.20000 2497.02
7480.30000 2495.21
7480.40000 2509.44
7480.50000 2497.29
7480.60000 2504.00
7480.70000 2504.02
7480.80000 2516.78
7480.90000 2507.23
7481.00000 2522.64
7481.10000 2497.74
7481.20000 2497.33
7481.30000 2511.33
7481.40000 2524.68
7481.50000 2528.79
7481.60000 2533.53
7481.70000 2522.64
7481.80000 2523.84
7481.90000 2506.66
7482.00000 2536.50
7482.10000 2482.10
7482.20000 2501.23
7482.30000 2491.36
7482.40000 2541.97
7482.50000 2504.20
7482.60000 2501.17
7482.70000 2518.48
7482.80000 2526.29
7482.90000 2489.86
7483.00000 2522.64
7483.10000 2540.65
7483.20000 2486.13
7483.30000 2512.75
7483.40000 2510.80
7483.50000 2514.36
7483.60000 2495.22
7483.70000 2506.50
7483.80000 2516.13
7483.90000 2520.43
7484.00000 2502.00
7484.10000 2504.59
7484.20000 2514.79
7484.30000 2520.48
7484.40000 2499.94
7484.50000 2485.30
7484.60000 2498.37
7484.70000 2524.64
7484.80000 2492.11
7484.90000 2485.32
7485.00000 2504.78
7485.10000 2475.93
7485.20000 2533.09
7485.30000 2511.53
7485.40000 2508.62
7485.50000 2504.85
7485.60000 2512.53
7485.70000 2502.84
7485.80000 2512.91
7485.90000 2501.32
7486.00000 2514.71
7486.10000 2499.09
7486.20000 2496.85
7486.30000 2487.87
7486.40000 2522.43
7486.50000 2514.99
7486.60000 2502.43
7486.70000 2490.71
7486.80000 2508.27
7486.90000 2483.81
7487.00000 2503.75
7487.10000 2481.52
7487.20000 2487.62
7487.30000 2508.31
7487.40000 2506.62
7487.50000 2497.45
7487.60000 2482.95
7487.70000 2513.71
7487.80000 2509.62
7487.90000 2495.20
7488.00000 2490.24
7488.10000 2512.99
7488.20000 2516.03
7488.30000 2517.45
7488.40000 2500.52
7488.50000 2501.76
7488.60000 2527.64
7488.70000 2512.74
7488.80000 2520.22
7488.90000 2477.65
7489.00000 2486.51
7489.10000 2496.39
7489.20000 2516.27
7489.30000 2500.06
7489.40000 2495.25
7489.50000 2511.19
7489.60000 2510.47
7489.70000 2496.12
7489.80000 2498.48
7489.90000 2497.25
7490.00000 2516.12
7490.10000 2503.54
7490.20000 2476.35
7490.30000 2502.59
7490.40000 2485.64
7490.50000 2490.74
7490.60000 2500.62
7490.70000 2511.39
7490.80000 2484.89
7490.90000 2494.32
7491.00000 2533.48
7491.10000 2506.44
7491.20000 2518.09
7491.30000 2510.18
7491.40000 2501.02
7491.50000 2544.16
7491.60000 2533.40
7491.70000 2508.30
7491.80000 2505.42
7491.90000 2499.57
7492.00000 2521.28
7492.10000 2494.13
7492.20000 2504.88
7492.30000 2529.72
7492.40000 2530.58
7492.50000 2535.92
7492.60000 2499.83
7492.70000 2530.34
7492.80000 2520.25
7492.90000 2519.78
7493.00000 2531.80
7493.10000 2530.71
7493.20000 2519.68
7493.30000 2518.89
7493.40000 2526.28
7493.50000 2557.09
7493.60000 2565.46
7493.70000 2534.60
7493.80000 2515.61
7493.90000 2539.27
7494.00000 2522.34
7494.10000 2556.29
7494.20000 2540.46
7494.30000 2521.44
7494.40000 2523.55
7494.50000 2509.98
7494.60000 2505.12
7494.70000 2513.06
7494.80000 2496.52
7494.90000 2507.73
7495.00000 2481.44
7495.10000 2533.45
7495.20000 2507.38
7495.30000 2512.11
7495.40000 2493.52
7495.50000 2493.56
7495.60000 2470.84
7495.70000 2450.39
7495.80000 2473.21
7495.90000 2491.01
7496.00000 2498.32
7496.10000 2521.70
7496.20000 2531.07
7496.30000 2500.10
7496.40000 2528.46
7496.50000 2513.75
7496.60000 2519.17
7496.70000 2530.56
7496.80000 2514.33
7496.90000 2532.83
7497.00000 2527.29
7497.10000 2562.59
7497.20000 2550.66
7497.30000 2534.89
7497.40000 2528.88
7497.50000 2536.28
7497.60000 2539.35
7497.70000 2512.17
7497.80000 2543.19
7497.90000 2530.45
7498.00000 2526.61
7498.10000 2558.90
7498.20000 2550.88
7498.30000 2531.27
7498.40000 2533.57
7498.50000 2541.42
7498.60000 2560.37
7498.70000 2559.04
7498.80000 2546.73
7498.90000 2551.95
7499.00000 2529.53
7499.10000 2563.46
7499.20000 2551.47
7499.30000 2552.77
7499.40000 2555.70
7499.50000 2532.83
7499.60000 2578.70
7499.70000 2541.17
7499.80000 2543.35
7499.90000 2548.16
7500.00000 2555.44
7500.10000 2533.48
7500.20000 2536.41
7500.30000 2521.16
7500.40000 2539.70
7500.50000 2546.32
7500.60000 2508.51
7500.70000 2536.91
7500.80000 2545.16
7500.90000 2521.05
7501.00000 2542.02
7501.10000 2543.85
7501.20000 2526.97
7501.30000 2548.51
7501.40000 2568.94
7501.50000 2546.77
7501.60000 2544.57
7501.70000 2538.43
7501.80000 2544.51
7501.90000 2552.10
7502.00000 2553.08
7502.10000 2528.96
7502.20000 2546.58
7502.30000 2537.15
7502.40000 2541.59
7502.50000 2544.30
7502.60000 2536.40
7502.70000 2527.52
7502.80000 2541.44
7502.90000 2515.10
7503.00000 2531.89
7503.10000 2525.06
7503.20000 2533.14
7503.30000 2544.89
7503.40000 2547.68
7503.50000 2542.27
7503.60000 2526.30
7503.70000 2547.15
7503.80000 2537.83
7503.90000 2541.89
7504.00000 2539.02
7504.10000 2541.17
7504.20000 2534.53
7504.30000 2550.07
7504.40000 2524.49
7504.50000 2518.66
7504.60000 2539.35
7504.70000 2530.08
7504.80000 2503.14
7504.90000 2510.96
7505.00000 2534.28
7505.10000 2527.59
7505.20000 2527.59
7505.30000 2531.55
7505.40000 2540.45
7505.50000 2507.60
7505.60000 2502.66
7505.70000 2497.26
7505.80000 2519.75
7505.90000 2514.12
7506.00000 2511.72
7506.10000 2504.75
7506.20000 2527.43
7506.30000 2532.41
7506.40000 2520.47
7506.50000 2542.85
7506.60000 2516.95
7506.70000 2517.93
7506.80000 2517.74
7506.90000 2528.61
7507.00000 2522.71
7507.10000 2516.96
7507.20000 2535.32
7507.30000 2532.20
7507.40000 2530.06
7507.50000 2526.77
7507.60000 2551.13
7507.70000 2521.83
7507.80000 2517.53
7507.90000 2554.95
7508.00000 2544.22
7508.10000 2547.18
7508.20000 2546.70
7508.30000 2556.04
7508.40000 2555.40
7508.50000 2565.12
7508.60000 2542.16
7508.70000 2561.64
7508.80000 2536.53
7508.90000 2581.10
7509.00000 2570.67
7509.10000 2556.29
7509.20000 2565.67
7509.30000 2566.14
7509.40000 2570.11
7509.50000 2548.60
7509.60000 2582.73
7509.70000 2575.92
7509.80000 2570.45
7509.90000 2560.88
7510.00000 2584.47
7510.10000 2578.14
7510.20000 2550.46
7510.30000 2592.25
7510.40000 2596.68
7510.50000 2590.64
7510.60000 2587.97
7510.70000 2591.91
7510.80000 2589.61
7510.90000 2576.15
7511.00000 2617.31
7511.10000 2639.22
7511.20000 2596.97
7511.30000 2606.76
7511.40000 2615.50
7511.50000 2600.61
7511.60000 2603.47
7511.70000 2598.95
7511.80000 2644.22
7511.90000 2624.52
7512.00000 2625.76
7512.10000 2621.41
7512.20000 2629.71
7512.30000 2629.00
7512.40000 2661.39
7512.50000 2628.61
7512.60000 2620.83
7512.70000 2651.50
7512.80000 2630.78
7512.90000 2643.32
7513.00000 2645.46
7513.10000 2658.06
7513.20000 2637.13
7513.30000 2649.69
7513.40000 2650.12
7513.50000 2624.61
7513.60000 2628.90
7513.70000 2646.06
7513.80000 2625.83
7513.90000 2643.70
7514.00000 2665.89
7514.10000 2636.24
7514.20000 2643.62
7514.30000 2650.28
7514.40000 2640.87
7514.50000 2636.71
7514.60000 2631.85
7514.70000 2604.90
7514.80000 2634.34
7514.90000 2639.69
7515.00000 2622.59
7515.10000 2636.50
7515.20000 2623.75
7515.30000 2632.88
7515.40000 2635.27
7515.50000 2634.92
7515.60000 2620.48
7515.70000 2612.06
7515.80000 2606.52
7515.90000 2619.39
7516.00000 2631.52
7516.10000 2613.35
7516.20000 2619.11
7516.30000 2616.41
7516.40000 2621.96
7516.50000 2619.50
7516.60000 2629.44
7516.70000 2625.66
7516.80000 2601.60
7516.90000 2644.44
7517.00000 2631.19
7517.10000 2626.04
7517.20000 2630.07
7517.30000 2625.43
7517.40000 2610.97
7517.50000 2620.53
7517.60000 2629.59
7517.70000 2626.05
7517.80000 2621.30
7517.90000 2606.71
7518.00000 2634.25
7518.10000 2670.72
7518.20000 2723.04
7518.30000 2699.23
7518.40000 2651.67
7518.50000 2625.89
7518.60000 2641.99
7518.70000 2626.86
7518.80000 2617.48
7518.90000 2595.97
7519.00000 2637.96
7519.10000 2625.92
7519.20000 2592.88
7519.30000 2609.08
7519.40000 2629.51
7519.50000 2611.82
7519.60000 2606.55
7519.70000 2618.52
7519.80000 2585.82
7519.90000 2591.16
7520.00000 2592.29
7520.10000 2601.47
7520.20000 2591.54
7520.30000 2576.66
7520.40000 2570.14
7520.50000 2569.07
7520.60000 2586.71
7520.70000 2562.36
7520.80000 2541.30
7520.90000 2558.94
7521.00000 2563.54
7521.10000 2567.28
7521.20000 2543.41
7521.30000 2550.22
7521.40000 2543.93
7521.50000 2569.69
7521.60000 2550.82
7521.70000 2517.39
7521.80000 2559.16
7521.90000 2552.97
7522.00000 2524.73
7522.10000 2540.10
7522.20000 2540.56
7522.30000 2554.15
7522.40000 2532.42
7522.50000 2545.95
7522.60000 2520.35
7522.70000 2524.76
7522.80000 2525.94
7522.90000 2511.73
7523.00000 2523.63
7523.10000 2526.44
7523.20000 2527.64
7523.30000 2522.37
7523.40000 2520.07
7523.50000 2525.64
7523.60000 2522.12
7523.70000 2536.72
7523.80000 2520.16
7523.90000 2505.74
7524.00000 2513.45
7524.10000 2519.19
7524.20000 2520.58
7524.30000 2512.47
7524.40000 2519.37
7524.50000 2517.16
7524.60000 2512.43
7524.70000 2555.13
7524.80000 2533.58
7524.90000 2543.97
7525.00000 2524.82
7525.10000 2517.07
7525.20000 2506.10
7525.30000 2517.19
7525.40000 2520.33
7525.50000 2524.63
7525.60000 2514.77
7525.70000 2520.44
7525.80000 2535.08
7525.90000 2531.42
7526.00000 2520.05
7526.10000 2516.85
7526.20000 2495.13
7526.30000 2516.40
7526.40000 2497.52
7526.50000 2526.31
7526.60000 2515.80
7526.70000 2524.96
7526.80000 2522.52
7526.90000 2524.30
7527.00000 2524.41
7527.10000 2509.95
7527.20000 2524.90
7527.30000 2518.16
7527.40000 2517.61
7527.50000 2541.58
7527.60000 2524.49
7527.70000 2532.13
7527.80000 2492.15
7527.90000 2527.94
7528.00000 2514.96
7528.10000 2515.04
7528.20000 2527.92
7528.30000 2534.10
7528.40000 2554.56
7528.50000 2506.00
7528.60000 2505.58
7528.70000 2519.97
7528.80000 2533.87
7528.90000 2533.93
7529.00000 2524.34
7529.10000 2540.35
7529.20000 2530.20
7529.30000 2520.93
7529.40000 2568.85
7529.50000 2548.65
7529.60000 2530.20
7529.70000 2522.91
7529.80000 2527.38
7529.90000 2537.48
7530.00000 2531.32
7530.10000 2539.80
7530.20000 2561.70
7530.30000 2525.26
7530.40000 2555.23
7530.50000 2520.54
7530.60000 2530.68
7530.70000 2542.50
7530.80000 2541.08
7530.90000 2529.51
7531.00000 2567.07
7531.10000 2557.22
7531.20000 2548.25
7531.30000 2537.39
7531.40000 2548.88
7531.50000 2555.86
7531.60000 2534.84
7531.70000 2547.33
7531.80000 2557.22
7531.90000 2554.39
7532.00000 2535.05
7532.10000 2529.36
7532.20000 2543.67
7532.30000 2557.37
7532.40000 2543.94
7532.50000 2529.10
7532.60000 2530.91
7532.70000 2510.24
7532.80000 2530.37
7532.90000 2530.29
7533.00000 2521.34
7533.10000 2505.90
7533.20000 2529.29
7533.30000 2545.11
7533.40000 2528.91
7533.50000 2520.49
7533.60000 2526.15
7533.70000 2518.07
7533.80000 2540.76
7533.90000 2532.61
7534.00000 2541.59
7534.10000 2508.31
7534.20000 2506.98
7534.30000 2533.31
7534.40000 2517.90
7534.50000 2517.80
7534.60000 2518.13
7534.70000 2524.17
7534.80000 2514.26
7534.90000 2537.06
7535.00000 2511.67
7535.10000 2525.32
7535.20000 2529.23
7535.30000 2514.83
7535.40000 2525.68
7535.50000 2522.57
7535.60000 2522.47
7535.70000 2516.71
7535.80000 2538.59
7535.90000 2529.62
7536.00000 2510.87
7536.10000 2504.00
7536.20000 2528.02
7536.30000 2525.26
7536.40000 2539.26
7536.50000 2510.31
7536.60000 2545.60
7536.70000 2530.48
7536.80000 2535.90
7536.90000 2526.18
7537.00000 2541.33
7537.10000 2509.71
7537.20000 2521.49
7537.30000 2486.78
7537.40000 2528.78
7537.50000 2527.53
7537.60000 2534.57
7537.70000 2539.18
7537.80000 2544.36
7537.90000 2525.61
7538.00000 2538.64
7538.10000 2540.53
7538.20000 2519.81
7538.30000 2521.22
7538.40000 2529.04
7538.50000 2548.47
7538.60000 2527.55
7538.70000 2536.41
7538.80000 2521.00
7538.90000 2537.85
7539.00000 2520.39
7539.10000 2541.40
7539.20000 2535.20
7539.30000 2539.35
7539.40000 2525.16
7539.50000 2513.47
7539.60000 2512.04
7539.70000 2511.21
7539.80000 2527.65
7539.90000 2532.42
7540.00000 2519.66
7540.10000 2543.76
7540.20000 2526.84
7540.30000 2511.62
7540.40000 2526.96
7540.50000 2492.17
7540.60000 2506.85
7540.70000 2498.35
7540.80000 2503.13
7540.90000 2521.72
7541.00000 2515.19
7541.10000 2507.15
7541.20000 2509.73
7541.30000 2504.61
7541.40000 2530.33
7541.50000 2516.31
7541.60000 2496.22
7541.70000 2496.11
7541.80000 2508.25
7541.90000 2509.96
7542.00000 2506.35
7542.10000 2508.08
7542.20000 2492.74
7542.30000 2520.81
7542.40000 2491.50
7542.50000 2524.25
7542.60000 2505.34
7542.70000 2504.65
7542.80000 2518.01
7542.90000 2529.55
7543.00000 2518.09
7543.10000 2518.82
7543.20000 2537.75
7543.30000 2506.01
7543.40000 2509.73
7543.50000 2501.89
7543.60000 2509.09
7543.70000 2518.32
7543.80000 2515.06
7543.90000 2519.07
7544.00000 2513.70
7544.10000 2508.08
7544.20000 2516.49
7544.30000 2515.77
7544.40000 2499.05
7544.50000 2532.42
7544.60000 2505.20
7544.70000 2521.25
7544.80000 2517.82
7544.90000 2500.83
7545.00000 2533.90
7545.10000 2496.62
7545.20000 2489.14
7545.30000 2503.38
7545.40000 2510.46
7545.50000 2493.05
7545.60000 2500.24
7545.70000 2507.35
7545.80000 2494.24
7545.90000 2512.92
7546.00000 2491.54
7546.10000 2529.46
7546.20000 2518.82
7546.30000 2512.17
7546.40000 2507.86
7546.50000 2494.38
7546.60000 2524.88
7546.70000 2501.36
7546.80000 2509.86
7546.90000 2487.16
7547.00000 2506.37
7547.10000 2490.76
7547.20000 2505.00
7547.30000 2504.73
7547.40000 2499.36
7547.50000 2510.53
7547.60000 2512.62
7547.70000 2512.39
7547.80000 2527.83
7547.90000 2493.03
7548.00000 2513.92
7548.10000 2510.61
7548.20000 2513.85
7548.30000 2504.05
7548.40000 2515.15
7548.50000 2516.52
7548.60000 2511.33
7548.70000 2527.02
7548.80000 2526.43
7548.90000 2528.25
7549.00000 2530.96
7549.10000 2544.17
7549.20000 2511.76
7549.30000 2512.11
7549.40000 2515.53
7549.50000 2522.54
7549.60000 2518.60
7549.70000 2532.03
7549.80000 2503.67
7549.90000 2511.36
7550.00000 2505.33
7550.10000 2520.52
7550.20000 2509.05
7550.30000 2520.61
7550.40000 2512.17
7550.50000 2510.72
7550.60000 2499.36
7550.70000 2512.64
7550.80000 2517.68
7550.90000 2523.70
7551.00000 2507.52
7551.10000 2494.41
7551.20000 2502.77
7551.30000 2535.88
7551.40000 2502.03
7551.50000 2502.83
7551.60000 2497.03
7551.70000 2528.98
7551.80000 2530.55
7551.90000 2527.43
7552.00000 2518.02
7552.10000 2522.96
7552.20000 2504.24
7552.30000 2479.71
7552.40000 2502.11
7552.50000 2524.47
7552.60000 2532.65
7552.70000 2520.37
7552.80000 2508.49
7552.90000 2522.13
7553.00000 2511.40
7553.10000 2509.73
7553.20000 2486.62
7553.30000 2499.04
7553.40000 2516.61
7553.50000 2492.98
7553.60000 2507.92
7553.70000 2515.95
7553.80000 2520.34
7553.90000 2517.45
7554.00000 2504.77
7554.10000 2517.31
7554.20000 2546.28
7554.30000 2515.26
7554.40000 2509.01
7554.50000 2498.00
7554.60000 2491.83
7554.70000 2538.01
7554.80000 2524.89
7554.90000 2512.64
7555.00000 2511.15
7555.10000 2505.53
7555.20000 2497.64
7555.30000 2513.72
7555.40000 2532.73
7555.50000 2506.76
7555.60000 2510.20
7555.70000 2504.86
7555.80000 2504.16
7555.90000 2499.00
7556.00000 2511.09
7556.10000 2482.11
7556.20000 2501.98
7556.30000 2520.98
7556.40000 2504.98
7556.50000 2529.86
7556.60000 2498.81
7556.70000 2506.97
7556.80000 2480.28
7556.90000 2514.68
7557.00000 2502.57
7557.10000 2501.11
7557.20000 2498.01
7557.30000 2531.77
7557.40000 2495.84
7557.50000 2494.41
7557.60000 2509.55
7557.70000 2522.80
7557.80000 2515.03
7557.90000 2508.12
7558.00000 2504.15
7558.10000 2487.63
7558.20000 2507.65
7558.30000 2524.79
7558.40000 2506.73
7558.50000 2510.47
7558.60000 2487.01
7558.70000 2508.88
7558.80000 2492.76
7558.90000 2506.48
7559.00000 2531.43
7559.10000 2486.58
7559.20000 2488.66
7559.30000 2501.67
7559.40000 2485.47
7559.50000 2495.72
7559.60000 2484.32
7559.70000 2489.57
7559.80000 2480.16
7559.90000 2476.25
7560.00000 2480.26
7560.10000 2454.98
7560.20000 2480.23
7560.30000 2488.54
7560.40000 2495.05
7560.50000 2474.96
7560.60000 2511.42
7560.70000 2507.46
7560.80000 2495.38
7560.90000 2494.27
7561.00000 2497.84
7561.10000 2511.10
7561.20000 2503.10
7561.30000 2507.60
7561.40000 2522.32
7561.50000 2482.99
7561.60000 2508.35
7561.70000 2483.45
7561.80000 2491.59
7561.90000 2488.22
7562.00000 2501.32
7562.10000 2477.50
7562.20000 2469.92
7562.30000 2483.17
7562.40000 2481.37
7562.50000 2494.28
7562.60000 2473.46
7562.70000 2456.66
7562.80000 2471.90
7562.90000 2472.33
7563.00000 2468.96
7563.10000 2466.37
7563.20000 2487.06
7563.30000 2499.85
7563.40000 2481.30
7563.50000 2486.39
7563.60000 2489.84
7563.70000 2485.42
7563.80000 2482.85
7563.90000 2484.78
7564.00000 2496.19
7564.10000 2486.67
7564.20000 2493.55
7564.30000 2497.73
7564.40000 2486.42
7564.50000 2502.77
7564.60000 2472.42
7564.70000 2484.31
7564.80000 2493.81
7564.90000 2491.81
7565.00000 2485.37
7565.10000 2486.29
7565.20000 2506.12
7565.30000 2495.14
7565.40000 2521.74
7565.50000 2511.02
7565.60000 2495.12
7565.70000 2515.03
7565.80000 2511.38
7565.90000 2506.41
7566.00000 2526.74
7566.10000 2516.98
7566.20000 2501.30
7566.30000 2516.46
7566.40000 2520.88
7566.50000 2501.85
7566.60000 2515.34
7566.70000 2508.65
7566.80000 2505.79
7566.90000 2524.08
7567.00000 2513.45
7567.10000 2510.82
7567.20000 2514.82
7567.30000 2493.22
7567.40000 2499.75
7567.50000 2496.47
7567.60000 2521.71
7567.70000 2496.70
7567.80000 2482.51
7567.90000 2495.87
7568.00000 2491.03
7568.10000 2524.36
7568.20000 2498.89
7568.30000 2497.00
7568.40000 2520.05
7568.50000 2496.91
7568.60000 2499.41
7568.70000 2492.45
7568.80000 2500.13
7568.90000 2511.24
7569.00000 2497.19
7569.10000 2515.45
7569.20000 2507.78
7569.30000 2485.49
7569.40000 2592.68
7569.50000 2551.18
7569.60000 2526.64
7569.70000 2519.21
7569.80000 2528.48
7569.90000 2489.87
7570.00000 2496.59
7570.10000 2497.07
7570.20000 2514.41
7570.30000 2514.68
7570.40000 2509.09
7570.50000 2512.71
7570.60000 2508.44
7570.70000 2509.23
7570.80000 2508.56
7570.90000 2507.02
7571.00000 2509.58
7571.10000 2503.25
7571.20000 2520.27
7571.30000 2512.63
7571.40000 2504.98
7571.50000 2495.73
7571.60000 2517.44
7571.70000 2514.13
7571.80000 2519.49
7571.90000 2521.57
7572.00000 2507.64
7572.10000 2479.52
7572.20000 2508.24
7572.30000 2512.76
7572.40000 2524.25
7572.50000 2508.44
7572.60000 2506.66
7572.70000 2525.57
7572.80000 2514.80
7572.90000 2512.24
7573.00000 2491.05
7573.10000 2517.36
7573.20000 2504.70
7573.30000 2527.89
7573.40000 2514.13
7573.50000 2492.71
7573.60000 2504.26
7573.70000 2512.79
7573.80000 2510.22
7573.90000 2523.53
7574.00000 2518.22
7574.10000 2526.03
7574.20000 2515.34
7574.30000 2502.49
7574.40000 2542.36
7574.50000 2526.89
7574.60000 2514.48
7574.70000 2515.59
7574.80000 2529.01
7574.90000 2519.23
7575.00000 2514.52
7575.10000 2522.94
7575.20000 2515.52
7575.30000 2511.08
7575.40000 2519.66
7575.50000 2530.83
7575.60000 2544.13
7575.70000 2543.06
7575.80000 2506.06
7575.90000 2529.27
7576.00000 2512.63
7576.10000 2513.96
7576.20000 2521.43
7576.30000 2518.94
7576.40000 2512.99
7576.50000 2518.92
7576.60000 2521.30
7576.70000 2535.94
7576.80000 2526.08
7576.90000 2504.42
7577.00000 2499.41
7577.10000 2536.58
7577.20000 2519.57
7577.30000 2522.17
7577.40000 2540.49
7577.50000 2512.04
7577.60000 2554.59
7577.70000 2533.48
7577.80000 2507.00
7577.90000 2528.85
7578.00000 2526.22
7578.10000 2530.22
7578.20000 2500.89
7578.30000 2512.39
7578.40000 2517.13
7578.50000 2513.07
7578.60000 2499.15
7578.70000 2499.48
7578.80000 2498.70
7578.90000 2502.33
7579.00000 2533.42
7579.10000 2514.44
7579.20000 2496.44
7579.30000 2522.52
7579.40000 2501.41
7579.50000 2507.02
7579.60000 2507.18
7579.70000 2506.24
7579.80000 2501.14
7579.90000 2486.25
7580.00000 2486.30
7580.10000 2507.94
7580.20000 2499.17
7580.30000 2490.02
7580.40000 2488.85
7580.50000 2468.22
7580.60000 2504.78
7580.70000 2501.32
7580.80000 2507.18
7580.90000 2501.04
7581.00000 2510.66
7581.10000 2512.93
7581.20000 2491.60
7581.30000 2494.81
7581.40000 2509.74
7581.50000 2514.06
7581.60000 2482.20
7581.70000 2473.05
7581.80000 2475.97
7581.90000 2497.89
7582.00000 2480.30
7582.10000 2474.83
7582.20000 2497.94
7582.30000 2509.63
7582.40000 2500.29
7582.50000 2499.17
7582.60000 2485.44
7582.70000 2497.06
7582.80000 2491.70
7582.90000 2498.38
7583.00000 2508.49
7583.10000 2507.65
7583.20000 2513.47
7583.30000 2523.83
7583.40000 2508.02
7583.50000 2517.94
7583.60000 2519.23
7583.70000 2520.72
7583.80000 2495.56
7583.90000 2474.86
7584.00000 2489.58
7584.10000 2511.48
7584.20000 2487.45
7584.30000 2501.01
7584.40000 2491.86
7584.50000 2492.65
7584.60000 2482.43
7584.70000 2488.38
7584.80000 2487.95
7584.90000 2493.38
7585.00000 2515.76
7585.10000 2496.13
7585.20000 2478.67
7585.30000 2498.19
7585.40000 2508.10
7585.50000 2481.93
7585.60000 2494.70
7585.70000 2486.66
7585.80000 2484.01
7585.90000 2491.94
7586.00000 2489.07
7586.10000 2483.79
7586.20000 2485.82
7586.30000 2500.48
7586.40000 2504.67
7586.50000 2495.77
7586.60000 2476.28
7586.70000 2482.05
7586.80000 2507.78
7586.90000 2504.08
7587.00000 2485.25
7587.10000 2495.20
7587.20000 2488.63
7587.30000 2474.44
7587.40000 2514.11
7587.50000 2481.63
7587.60000 2475.30
7587.70000 2478.02
7587.80000 2492.74
7587.90000 2455.52
7588.00000 2469.03
7588.10000 2478.99
7588.20000 2471.80
7588.30000 2465.34
7588.40000 2479.18
7588.50000 2481.70
7588.60000 2484.85
7588.70000 2462.14
7588.80000 2474.22
7588.90000 2495.93
7589.00000 2466.13
7589.10000 2492.08
7589.20000 2470.72
7589.30000 2499.28
7589.40000 2473.44
7589.50000 2487.18
7589.60000 2455.26
7589.70000 2459.86
7589.80000 2480.25
7589.90000 2504.11
7590.00000 2500.18
7590.10000 2484.40
7590.20000 2487.93
7590.30000 2501.29
7590.40000 2474.15
7590.50000 2468.05
7590.60000 2480.67
7590.70000 2476.40
7590.80000 2494.03
7590.90000 2461.30
7591.00000 2456.04
7591.10000 2476.36
7591.20000 2473.43
7591.30000 2460.28
7591.40000 2463.26
7591.50000 2463.61
7591.60000 2463.25
7591.70000 2485.30
7591.80000 2477.46
7591.90000 2465.67
7592.00000 2458.60
7592.10000 2467.27
7592.20000 2475.03
7592.30000 2498.61
7592.40000 2465.15
7592.50000 2465.06
7592.60000 2461.50
7592.70000 2470.86
7592.80000 2442.87
7592.90000 2458.19
7593.00000 2483.82
7593.10000 2456.03
7593.20000 2470.53
7593.30000 2456.14
7593.40000 2457.16
7593.50000 2457.63
7593.60000 2437.51
7593.70000 2423.39
7593.80000 2437.55
7593.90000 2450.93
7594.00000 2447.29
7594.10000 2416.77
7594.20000 2364.39
7594.30000 2064.91
7594.40000 696.22
7594.50000 1181.69
7594.60000 1288.34
7594.70000 625.07
7594.80000 1420.98
7594.90000 2043.83
7595.00000 1838.96
7595.10000 1601.35
7595.20000 468.33
7595.30000 847.18
7595.40000 1859.66
7595.50000 2062.16
7595.60000 1644.97
7595.70000 552.74
7595.80000 990.10
7595.90000 333.99
7596.00000 122.58
7596.10000 992.21
7596.20000 1638.12
7596.30000 1520.94
7596.40000 990.64
7596.50000 315.29
7596.60000 1177.32
7596.70000 1508.85
7596.80000 948.86
7596.90000 139.71
7597.00000 130.23
7597.10000 439.75
7597.20000 122.36
7597.30000 599.64
7597.40000 1460.14
7597.50000 1627.95
7597.60000 1810.31
7597.70000 1696.94
7597.80000 1575.49
7597.90000 1156.78
7598.00000 442.47
7598.10000 33.03
7598.20000 13.78
7598.30000 331.70
7598.40000 1029.12
7598.50000 1463.24
7598.60000 1679.60
7598.70000 1488.68
7598.80000 1620.81
7598.90000 1753.31
7599.00000 1604.21
7599.10000 1280.99
7599.20000 696.39
7599.30000 89.22
7599.40000 -3.40
7599.50000 -6.05
7599.60000 1.35
7599.70000 247.72
7599.80000 827.77
7599.90000 1192.11
7600.00000 1390.47
7600.10000 1564.95
7600.20000 1385.58
7600.30000 1547.82
7600.40000 1470.12
7600.50000 1156.09
7600.60000 547.03
7600.70000 65.65
7600.80000 0.59
7600.90000 99.04
7601.00000 154.67
7601.10000 39.57
7601.20000 -0.85
7601.30000 23.90
7601.40000 320.68
7601.50000 849.42
7601.60000 1247.39
7601.70000 1426.19
7601.80000 1290.59
7601.90000 1271.26
7602.00000 1271.42
7602.10000 1029.22
7602.20000 480.05
7602.30000 92.74
7602.40000 -0.59
7602.50000 33.96
7602.60000 301.63
7602.70000 502.88
7602.80000 406.76
7602.90000 163.75
7603.00000 7.44
7603.10000 -6.22
7603.20000 41.74
7603.30000 374.23
7603.40000 831.55
7603.50000 1149.42
7603.60000 1280.46
7603.70000 1044.14
7603.80000 1155.89
7603.90000 882.31
7604.00000 589.44
7604.10000 217.45
7604.20000 6.70
7604.30000 -6.05
7604.40000 75.75
7604.50000 412.60
7604.60000 762.62
7604.70000 706.77
7604.80000 659.05
7604.90000 354.51
7605.00000 86.94
7605.10000 -3.48
7605.20000 -3.70
7605.30000 31.26
7605.40000 310.41
7605.50000 743.38
7605.60000 1042.72
7605.70000 1128.02
7605.80000 890.95
7605.90000 837.71
7606.00000 796.75
7606.10000 444.99
7606.20000 104.14
7606.30000 -0.78
7606.40000 -4.14
7606.50000 96.06
7606.60000 458.34
7606.70000 858.28
7606.80000 1043.70
7606.90000 770.12
7607.00000 771.80
7607.10000 827.14
7607.20000 439.47
7607.30000 123.62
7607.40000 0.11
7607.50000 -7.87
7607.60000 19.36
7607.70000 229.09
7607.80000 646.07
7607.90000 952.39
7608.00000 1001.89
7608.10000 743.18
7608.20000 1032.85
7608.30000 829.42
7608.40000 396.59
7608.50000 91.62
7608.60000 -2.86
7608.70000 -2.92
7608.80000 92.15
7608.90000 465.23
7609.00000 912.31
7609.10000 1184.27
7609.20000 1119.24
7609.30000 896.07
7609.40000 1277.22
7609.50000 1228.48
7609.60000 980.09
7609.70000 661.15
7609.80000 268.91
7609.90000 19.13
7610.00000 -6.58
7610.10000 2.40
7610.20000 124.85
7610.30000 532.08
7610.40000 801.91
7610.50000 886.13
7610.60000 940.36
7610.70000 1144.63
7610.80000 942.35
7610.90000 596.78
7611.00000 154.69
7611.10000 5.16
7611.20000 -1.42
7611.30000 66.10
7611.40000 461.03
7611.50000 966.54
7611.60000 1342.51
7611.70000 1439.71
7611.80000 1575.38
7611.90000 1351.53
7612.00000 1593.61
7612.10000 1579.68
7612.20000 1553.77
7612.30000 1343.88
7612.40000 1097.41
7612.50000 690.85
7612.60000 196.57
7612.70000 8.96
7612.80000 -3.99
7612.90000 46.12
7613.00000 328.69
7613.10000 805.76
7613.20000 1168.54
7613.30000 1134.29
7613.40000 1339.26
7613.50000 1280.13
7613.60000 1037.35
7613.70000 507.19
7613.80000 78.99
7613.90000 -1.93
7614.00000 40.09
7614.10000 467.14
7614.20000 1065.03
7614.30000 1493.06
7614.40000 1557.62
7614.50000 1790.30
7614.60000 1925.30
7614.70000 1800.35
7614.80000 1821.93
7614.90000 1954.70
7615.00000 1985.96
7615.10000 1952.42
7615.20000 1842.94
7615.30000 1738.69
7615.40000 1509.17
7615.50000 1116.26
7615.60000 458.62
7615.70000 46.52
7615.80000 2.66
7615.90000 149.63
7616.00000 766.13
7616.10000 1328.51
7616.20000 1595.92
7616.30000 1646.24
7616.40000 1809.11
7616.50000 1762.99
7616.60000 1525.68
7616.70000 879.98
7616.80000 149.85
7616.90000 48.39
7617.00000 626.91
7617.10000 1450.08
7617.20000 1890.88
7617.30000 2076.87
7617.40000 2162.40
7617.50000 2231.59
7617.60000 2275.52
7617.70000 2287.51
7617.80000 2306.76
7617.90000 2321.86
7618.00000 2338.94
7618.10000 2349.31
7618.20000 2348.93
7618.30000 2361.77
7618.40000 2367.41
7618.50000 2361.40
7618.60000 2368.01
7618.70000 2372.47
7618.80000 2374.17
7618.90000 2396.21
7619.00000 2388.70
7619.10000 2381.63
7619.20000 2392.13
7619.30000 2400.93
7619.40000 2386.01
7619.50000 2383.78
7619.60000 2379.47
7619.70000 2374.05
7619.80000 2375.37
7619.90000 2349.56
7620.00000 2393.21
7620.10000 2354.10
7620.20000 2346.56
7620.30000 2325.37
7620.40000 2101.67
7620.50000 2236.47
7620.60000 2280.47
7620.70000 2251.85
7620.80000 2055.94
7620.90000 2182.21
7621.00000 2146.84
7621.10000 2104.67
7621.20000 2029.43
7621.30000 1811.52
7621.40000 1472.46
7621.50000 862.99
7621.60000 198.76
7621.70000 8.98
7621.80000 67.77
7621.90000 590.29
7622.00000 1097.72
7622.10000 1519.24
7622.20000 1876.33
7622.30000 2014.26
7622.40000 2060.43
7622.50000 1876.12
7622.60000 2010.81
7622.70000 2077.49
7622.80000 2155.35
7622.90000 2174.07
7623.00000 2148.45
7623.10000 2149.01
7623.20000 2059.67
7623.30000 2033.94
7623.40000 1983.42
7623.50000 1848.12
7623.60000 1596.25
7623.70000 1078.14
7623.80000 547.58
7623.90000 103.81
7624.00000 -2.89
7624.10000 48.24
7624.20000 427.28
7624.30000 880.60
7624.40000 1335.05
7624.50000 1525.42
7624.60000 1583.59
7624.70000 1530.70
7624.80000 1339.44
7624.90000 967.50
7625.00000 428.60
7625.10000 58.94
7625.20000 -5.48
7625.30000 12.29
7625.40000 178.98
7625.50000 662.74
7625.60000 1245.83
7625.70000 1567.52
7625.80000 1765.82
7625.90000 1869.23
7626.00000 1815.40
7626.10000 1602.54
7626.20000 1892.26
7626.30000 2036.63
7626.40000 2094.40
7626.50000 2091.84
7626.60000 2083.69
7626.70000 2044.66
7626.80000 2044.72
7626.90000 1955.69
7627.00000 1935.62
7627.10000 1845.33
7627.20000 1476.69
7627.30000 1282.29
7627.40000 1229.18
7627.50000 748.24
7627.60000 223.83
7627.70000 5.12
7627.80000 -5.58
7627.90000 46.05
7628.00000 386.89
7628.10000 860.15
7628.20000 1190.64
7628.30000 1311.87
7628.40000 1309.54
7628.50000 1159.76
7628.60000 850.14
7628.70000 397.51
7628.80000 53.81
7628.90000 -6.19
7629.00000 -5.56
7629.10000 61.62
7629.20000 476.42
7629.30000 950.00
7629.40000 1344.77
7629.50000 1576.93
7629.60000 1741.31
7629.70000 1805.72
7629.80000 1527.40
7629.90000 1726.78
7630.00000 1933.97
7630.10000 2047.58
7630.20000 2052.95
7630.30000 2054.53
7630.40000 2053.74
7630.50000 2042.82
7630.60000 2024.97
7630.70000 1907.41
7630.80000 1947.13
7630.90000 1707.66
7631.00000 1444.66
7631.10000 1714.36
7631.20000 1599.14
7631.30000 1347.64
7631.40000 983.97
7631.50000 444.52
7631.60000 71.19
7631.70000 -8.43
7631.80000 -5.55
7631.90000 115.51
7632.00000 520.46
7632.10000 942.43
7632.20000 1178.49
7632.30000 1244.56
7632.40000 1172.74
7632.50000 934.41
7632.60000 542.80
7632.70000 136.45
7632.80000 1.39
7632.90000 -13.02
7633.00000 16.45
7633.10000 243.65
7633.20000 729.31
7633.30000 1160.55
7633.40000 1477.91
7633.50000 1660.89
7633.60000 1788.08
7633.70000 1665.43
7633.80000 1539.79
7633.90000 1857.95
7634.00000 2023.59
7634.10000 2054.61
7634.20000 2080.53
7634.30000 2113.79
7634.40000 2089.32
7634.50000 2087.83
7634.60000 2079.36
7634.70000 2199.11
7634.80000 1862.01
7634.90000 1532.30
7635.00000 1904.26
7635.10000 1929.06
7635.20000 1849.42
7635.30000 1744.88
7635.40000 1618.02
7635.50000 1324.77
7635.60000 899.16
7635.70000 355.66
7635.80000 36.05
7635.90000 -4.73
7636.00000 -1.45
7636.10000 213.95
7636.20000 670.79
7636.30000 1069.03
7636.40000 1209.71
7636.50000 1269.60
7636.60000 1142.23
7636.70000 857.34
7636.80000 428.65
7636.90000 61.81
7637.00000 -5.75
7637.10000 -3.86
7637.20000 71.40
7637.30000 487.08
7637.40000 988.56
7637.50000 1375.57
7637.60000 1627.55
7637.70000 1776.34
7637.80000 1809.51
7637.90000 1562.82
7638.00000 1794.36
7638.10000 2046.87
7638.20000 2097.02
7638.30000 2110.33
7638.40000 2126.28
7638.50000 2141.62
7638.60000 2160.54
7638.70000 2188.88
7638.80000 2170.60
7638.90000 2140.00
7639.00000 1705.58
7639.10000 1868.90
7639.20000 2093.76
7639.30000 2097.66
7639.40000 2047.14
7639.50000 2011.51
7639.60000 1936.01
7639.70000 1848.03
7639.80000 1664.72
7639.90000 1424.88
7640.00000 914.16
7640.10000 336.23
7640.20000 36.93
7640.30000 -11.11
7640.40000 22.88
7640.50000 308.29
7640.60000 826.00
7640.70000 1202.82
7640.80000 1378.47
7640.90000 1384.62
7641.00000 1248.71
7641.10000 892.74
7641.20000 337.54
7641.30000 57.58
7641.40000 -7.01
7641.50000 3.37
7641.60000 180.35
7641.70000 715.72
7641.80000 1236.46
7641.90000 1547.52
7642.00000 1749.33
7642.10000 1885.74
7642.20000 1789.83
7642.30000 1738.79
7642.40000 2015.50
7642.50000 2144.31
7642.60000 2183.02
7642.70000 2186.33
7642.80000 2209.02
7642.90000 2223.07
7643.00000 2202.52
7643.10000 2221.69
7643.20000 2204.42
7643.30000 2051.29
7643.40000 1856.80
7643.50000 2128.29
7643.60000 2180.21
7643.70000 2205.75
7643.80000 2202.35
7643.90000 2186.24
7644.00000 2154.35
7644.10000 2105.43
7644.20000 2065.76
7644.30000 1963.62
7644.40000 1822.51
7644.50000 1404.48
7644.60000 1172.13
7644.70000 696.94
7644.80000 129.26
7644.90000 -6.23
7645.00000 33.78
7645.10000 399.91
7645.20000 999.17
7645.30000 1372.51
7645.40000 1522.62
7645.50000 1540.36
7645.60000 1244.54
7645.70000 1080.81
7645.80000 654.06
7645.90000 150.44
7646.00000 -5.77
7646.10000 14.04
7646.20000 307.62
7646.30000 939.80
7646.40000 1450.79
7646.50000 1719.14
7646.60000 1904.06
7646.70000 1978.55
7646.80000 1846.94
7646.90000 1994.88
7647.00000 2122.47
7647.10000 2197.78
7647.20000 2221.56
7647.30000 2250.62
7647.40000 2269.51
7647.50000 2275.44
7647.60000 2256.52
7647.70000 2260.72
7647.80000 2262.60
7647.90000 1998.10
7648.00000 2134.29
7648.10000 2265.84
7648.20000 2246.62
7648.30000 2269.22
7648.40000 2283.88
7648.50000 2264.26
7648.60000 2271.60
7648.70000 2220.07
7648.80000 2224.79
7648.90000 2190.56
7649.00000 2147.80
7649.10000 2021.81
7649.20000 1797.15
7649.30000 1816.20
7649.40000 1672.96
7649.50000 1196.58
7649.60000 494.69
7649.70000 31.27
7649.80000 15.39
7649.90000 390.84
7650.00000 1084.24
7650.10000 1518.85
7650.20000 1660.09
7650.30000 1589.09
7650.40000 1688.54
7650.50000 1548.36
7650.60000 1111.29
7650.70000 426.06
7650.80000 34.24
7650.90000 18.29
7651.00000 357.96
7651.10000 1087.98
7651.20000 1599.30
7651.30000 1863.89
7651.40000 2022.23
7651.50000 2079.36
7651.60000 1976.64
7651.70000 2129.54
7651.80000 2222.94
7651.90000 2300.50
7652.00000 2292.82
7652.10000 2308.78
7652.20000 2318.99
7652.30000 2338.11
7652.40000 2360.92
7652.50000 2351.17
7652.60000 2280.18
7652.70000 2151.70
7652.80000 2323.50
7652.90000 2319.44
7653.00000 2365.93
7653.10000 2312.93
7653.20000 2346.57
7653.30000 2368.56
7653.40000 2397.73
7653.50000 2360.65
7653.60000 2355.04
7653.70000 2338.94
7653.80000 2324.15
7653.90000 2307.59
7654.00000 2201.25
7654.10000 2124.70
7654.20000 2189.16
7654.30000 2153.63
7654.40000 2044.95
7654.50000 1820.94
7654.60000 1303.86
7654.70000 451.97
7654.80000 22.46
7654.90000 233.50
7655.00000 1033.31
7655.10000 1541.43
7655.20000 1801.98
7655.30000 2001.89
7655.40000 2029.17
7655.50000 1957.80
7655.60000 1694.30
7655.70000 1141.86
7655.80000 333.32
7655.90000 21.81
7656.00000 264.71
7656.10000 1108.63
7656.20000 1731.19
7656.30000 2013.46
7656.40000 2184.63
7656.50000 2208.15
7656.60000 2156.44
7656.70000 2299.10
7656.80000 2335.55
7656.90000 2359.39
7657.00000 2382.01
7657.10000 2410.71
7657.20000 2399.89
7657.30000 2384.10
7657.40000 2406.34
7657.50000 2420.00
7657.60000 2364.36
7657.70000 2302.94
7657.80000 2428.61
7657.90000 2452.95
7658.00000 2427.86
7658.10000 2431.77
7658.20000 2399.79
7658.30000 2430.76
7658.40000 2433.04
7658.50000 2431.37
7658.60000 2441.04
7658.70000 2445.36
7658.80000 2448.89
7658.90000 2434.73
7659.00000 2450.40
7659.10000 2338.66
7659.20000 2338.53
7659.30000 2339.21
7659.40000 2371.18
7659.50000 2346.10
7659.60000 2291.64
7659.70000 2208.24
7659.80000 2022.71
7659.90000 1553.00
7660.00000 559.47
7660.10000 64.23
7660.20000 593.37
7660.30000 1545.07
7660.40000 2017.25
7660.50000 2136.93
7660.60000 2187.09
7660.70000 2183.22
7660.80000 2120.27
7660.90000 1903.92
7661.00000 1321.44
7661.10000 372.08
7661.20000 89.00
7661.30000 793.92
7661.40000 1703.04
7661.50000 2083.22
7661.60000 2229.63
7661.70000 2271.20
7661.80000 2272.36
7661.90000 2341.55
7662.00000 2400.07
7662.10000 2427.16
7662.20000 2415.15
7662.30000 2413.08
7662.40000 2431.24
7662.50000 2378.26
7662.60000 2432.92
7662.70000 2442.12
7662.80000 2386.73
7662.90000 2380.31
7663.00000 2433.60
7663.10000 2437.90
7663.20000 2435.14
7663.30000 2425.03
7663.40000 2424.84
7663.50000 2420.53
7663.60000 2398.74
7663.70000 2436.43
7663.80000 2418.31
7663.90000 2425.08
7664.00000 2445.40
7664.10000 2420.29
7664.20000 2397.44
7664.30000 2422.76
7664.40000 2365.48
7664.50000 2370.62
7664.60000 2340.99
7664.70000 2341.58
7664.80000 2359.18
7664.90000 2283.06
7665.00000 2302.64
7665.10000 2289.15
7665.20000 2240.56
7665.30000 2016.84
7665.40000 1393.74
7665.50000 708.67
7665.60000 78.70
7665.70000 473.84
7665.80000 1720.11
7665.90000 2095.19
7666.00000 2201.91
7666.10000 2268.81
7666.20000 2243.65
7666.30000 2215.64
7666.40000 2095.24
7666.50000 1650.74
7666.60000 619.36
7666.70000 208.26
7666.80000 1195.25
7666.90000 1971.38
7667.00000 2195.74
7667.10000 2264.92
7667.20000 2263.09
7667.30000 2323.66
7667.40000 2349.06
7667.50000 2365.47
7667.60000 2386.96
7667.70000 2391.91
7667.80000 2393.87
7667.90000 2400.75
7668.00000 2389.53
7668.10000 2398.65
7668.20000 2371.09
7668.30000 2368.91
7668.40000 2405.81
7668.50000 2398.20
7668.60000 2425.08
7668.70000 2411.73
7668.80000 2418.12
7668.90000 2417.87
7669.00000 2409.97
7669.10000 2410.82
7669.20000 2364.06
7669.30000 2393.02
7669.40000 2423.39
7669.50000 2385.37
7669.60000 2392.67
7669.70000 2413.09
7669.80000 2390.97
7669.90000 2359.34
7670.00000 2353.86
7670.10000 2407.50
7670.20000 2366.92
7670.30000 2387.57
7670.40000 2385.15
7670.50000 2366.20
7670.60000 2368.02
7670.70000 2362.20
7670.80000 2351.94
7670.90000 2326.27
7671.00000 2281.37
7671.10000 2131.70
7671.20000 1719.31
7671.30000 529.23
7671.40000 822.18
7671.50000 1874.81
7671.60000 2182.45
7671.70000 2274.01
7671.80000 2304.94
7671.90000 2318.81
7672.00000 2289.51
7672.10000 2222.43
7672.20000 2049.86
7672.30000 1285.38
7672.40000 340.85
7672.50000 1274.19
7672.60000 2057.98
7672.70000 2222.67
7672.80000 2264.15
7672.90000 2323.14
7673.00000 2349.07
7673.10000 2366.21
7673.20000 2351.81
7673.30000 2351.22
7673.40000 2345.85
7673.50000 2358.91
7673.60000 2370.60
7673.70000 2384.48
7673.80000 2366.75
7673.90000 2339.73
7674.00000 2401.76
7674.10000 2379.42
7674.20000 2351.76
7674.30000 2381.77
7674.40000 2381.66
7674.50000 2367.47
7674.60000 2427.29
7674.70000 2392.03
7674.80000 2388.16
7674.90000 2384.64
7675.00000 2389.42
7675.10000 2384.62
7675.20000 2357.03
7675.30000 2399.63
7675.40000 2375.79
7675.50000 2370.95
7675.60000 2392.84
7675.70000 2362.02
7675.80000 2390.20
7675.90000 2416.32
7676.00000 2396.61
7676.10000 2407.38
7676.20000 2384.19
7676.30000 2396.88
7676.40000 2381.92
7676.50000 2369.57
7676.60000 2373.52
7676.70000 2362.96
7676.80000 2329.80
7676.90000 2325.00
7677.00000 2318.71
7677.10000 2249.83
7677.20000 1651.72
7677.30000 633.16
7677.40000 1693.59
7677.50000 2221.85
7677.60000 2318.12
7677.70000 2365.09
7677.80000 2354.90
7677.90000 2343.33
7678.00000 2324.63
7678.10000 2285.33
7678.20000 2075.69
7678.30000 1056.02
7678.40000 935.84
7678.50000 2019.47
7678.60000 2264.37
7678.70000 2326.20
7678.80000 2355.23
7678.90000 2348.23
7679.00000 2371.81
7679.10000 2367.34
7679.20000 2379.59
7679.30000 2360.43
7679.40000 2370.61
7679.50000 2373.84
7679.60000 2367.62
7679.70000 2377.21
7679.80000 2373.79
7679.90000 2382.02
7680.00000 2356.61
7680.10000 2372.13
7680.20000 2390.44
7680.30000 2388.94
7680.40000 2366.24
7680.50000 2403.04
7680.60000 2377.94
7680.70000 2374.19
7680.80000 2401.55
7680.90000 2394.36
7681.00000 2382.97
7681.10000 2365.29
7681.20000 2386.94
7681.30000 2387.92
7681.40000 2369.74
7681.50000 2391.39
7681.60000 2398.34
7681.70000 2379.70
7681.80000 2403.38
7681.90000 2391.47
7682.00000 2376.63
7682.10000 2397.74
7682.20000 2398.95
7682.30000 2403.37
7682.40000 2391.09
7682.50000 2375.15
7682.60000 2364.03
7682.70000 2379.10
7682.80000 2408.54
7682.90000 2373.40
7683.00000 2372.28
7683.10000 2360.26
7683.20000 2361.06
7683.30000 2322.60
7683.40000 1877.08
7683.50000 1015.97
7683.60000 2019.95
7683.70000 2324.24
7683.80000 2357.74
7683.90000 2375.33
7684.00000 2388.43
7684.10000 2366.15
7684.20000 2368.21
7684.30000 2319.18
7684.40000 2197.87
7684.50000 1226.02
7684.60000 1492.93
7684.70000 2252.72
7684.80000 2384.00
7684.90000 2362.80
7685.00000 2379.54
7685.10000 2392.41
7685.20000 2367.19
7685.30000 2378.58
7685.40000 2385.92
7685.50000 2394.46
7685.60000 2383.89
7685.70000 2357.20
7685.80000 2391.82
7685.90000 2387.36
7686.00000 2391.97
7686.10000 2383.39
7686.20000 2393.52
7686.30000 2383.49
7686.40000 2396.84
7686.50000 2360.48
7686.60000 2389.92
7686.70000 2401.39
7686.80000 2387.43
7686.90000 2415.68
7687.00000 2404.56
7687.10000 2382.55
7687.20000 2384.55
7687.30000 2393.77
7687.40000 2400.23
7687.50000 2391.70
7687.60000 2386.37
7687.70000 2380.66
7687.80000 2398.64
7687.90000 2375.65
7688.00000 2367.15
7688.10000 2405.32
7688.20000 2412.86
7688.30000 2416.34
7688.40000 2398.72
7688.50000 2383.58
7688.60000 2388.40
7688.70000 2417.59
7688.80000 2387.58
7688.90000 2374.93
7689.00000 2388.75
7689.10000 2403.92
7689.20000 2383.39
7689.30000 2380.45
7689.40000 2393.70
7689.50000 2403.24
7689.60000 2369.13
7689.70000 2388.33
7689.80000 2273.81
7689.90000 1474.88
7690.00000 2015.56
7690.10000 2337.08
7690.20000 2362.48
7690.30000 2398.97
7690.40000 2343.80
7690.50000 2368.73
7690.60000 2391.61
7690.70000 2398.11
7690.80000 2364.70
7690.90000 1740.37
7691.00000 1646.70
7691.10000 2317.12
7691.20000 2389.87
7691.30000 2376.61
7691.40000 2395.98
7691.50000 2387.42
7691.60000 2388.59
7691.70000 2370.61
7691.80000 2392.99
7691.90000 2404.53
7692.00000 2389.87
7692.10000 2380.16
7692.20000 2350.15
7692.30000 2374.05
7692.40000 2403.68
7692.50000 2405.83
7692.60000 2411.47
7692.70000 2401.60
7692.80000 2393.93
7692.90000 2390.95
7693.00000 2400.01
7693.10000 2399.42
7693.20000 2393.09
7693.30000 2383.67
7693.40000 2365.83
7693.50000 2371.96
7693.60000 2395.86
7693.70000 2399.18
7693.80000 2403.77
7693.90000 2416.54
7694.00000 2401.59
7694.10000 2388.41
7694.20000 2379.20
7694.30000 2359.53
7694.40000 2411.27
7694.50000 2416.98
7694.60000 2389.62
7694.70000 2412.55
7694.80000 2408.13
7694.90000 2411.33
7695.00000 2389.14
7695.10000 2386.38
7695.20000 2384.81
7695.30000 2400.12
7695.40000 2403.82
7695.50000 2349.12
7695.60000 2400.47
7695.70000 2399.91
7695.80000 2387.86
7695.90000 2398.63
7696.00000 2389.97
7696.10000 2405.36
7696.20000 2413.24
7696.30000 2394.00
7696.40000 2353.43
7696.50000 2153.95
7696.60000 1827.61
7696.70000 2329.48
7696.80000 2398.66
7696.90000 2409.07
7697.00000 2367.79
7697.10000 2393.09
7697.20000 2411.85
7697.30000 2374.61
7697.40000 2386.31
7697.50000 2303.58
7697.60000 1819.02
7697.70000 2214.12
7697.80000 2325.43
7697.90000 2376.28
7698.00000 2404.08
7698.10000 2383.62
7698.20000 2403.16
7698.30000 2391.46
7698.40000 2370.44
7698.50000 2385.03
7698.60000 2370.61
7698.70000 2389.28
7698.80000 2373.38
7698.90000 2374.15
7699.00000 2327.35
7699.10000 2342.75
7699.20000 2379.66
7699.30000 2338.01
7699.40000 2205.58
7699.50000 1983.02
7699.60000 1662.52
7699.70000 530.17
7699.80000 1502.42
7699.90000 2345.19
7700.00000 2356.80
7700.10000 2327.05
7700.20000 2337.08
7700.30000 2349.43
7700.40000 2386.25
7700.50000 2409.48
7700.60000 2463.13
7700.70000 2386.61
7700.80000 2398.40
7700.90000 2423.66
7701.00000 2374.88
7701.10000 2392.74
7701.20000 2394.90
7701.30000 2387.86
7701.40000 2375.95
7701.50000 2385.47
7701.60000 2375.29
7701.70000 2380.83
7701.80000 2340.38
7701.90000 2359.59
7702.00000 2376.70
7702.10000 2389.09
7702.20000 2382.68
7702.30000 2389.15
7702.40000 2372.00
7702.50000 2392.61
7702.60000 2384.71
7702.70000 2359.06
7702.80000 2376.54
7702.90000 2337.64
7703.00000 2345.60
7703.10000 2381.57
7703.20000 2364.37
7703.30000 2383.59
7703.40000 2252.43
7703.50000 2138.65
7703.60000 2361.89
7703.70000 2393.15
7703.80000 2381.73
7703.90000 2386.12
7704.00000 2381.54
7704.10000 2389.01
7704.20000 2364.30
7704.30000 2369.37
7704.40000 2301.07
7704.50000 2113.65
7704.60000 2302.49
7704.70000 2368.30
7704.80000 2343.38
7704.90000 2363.05
7705.00000 2368.29
7705.10000 2363.99
7705.20000 2378.08
7705.30000 2366.56
7705.40000 2368.64
7705.50000 2359.43
7705.60000 2381.12
7705.70000 2369.27
7705.80000 2363.30
7705.90000 2362.57
7706.00000 2364.19
7706.10000 2378.44
7706.20000 2376.54
7706.30000 2376.23
7706.40000 2383.70
7706.50000 2391.74
7706.60000 2392.40
7706.70000 2417.82
7706.80000 2385.52
7706.90000 2390.58
7707.00000 2413.09
7707.10000 2391.00
7707.20000 2386.61
7707.30000 2405.23
7707.40000 2408.98
7707.50000 2424.79
7707.60000 2420.02
7707.70000 2419.86
7707.80000 2417.95
7707.90000 2416.21
7708.00000 2448.74
7708.10000 2433.54
7708.20000 2467.78
7708.30000 2482.36
7708.40000 2458.88
7708.50000 2481.35
7708.60000 2473.37
7708.70000 2484.67
7708.80000 2489.69
7708.90000 2490.08
7709.00000 2518.39
7709.10000 2522.16
7709.20000 2529.18
7709.30000 2543.80
7709.40000 2575.09
7709.50000 2590.77
7709.60000 2561.27
7709.70000 2570.14
7709.80000 2557.09
7709.90000 2560.80
7710.00000 2547.33
7710.10000 2552.87
7710.20000 2536.70
7710.30000 2518.86
7710.40000 2497.02
7710.50000 2522.10
7710.60000 2400.09
7710.70000 2492.15
7710.80000 2483.28
7710.90000 2508.25
7711.00000 2497.05
7711.10000 2496.37
7711.20000 2475.17
7711.30000 2475.98
7711.40000 2461.08
7711.50000 2463.36
7711.60000 2373.54
7711.70000 2423.91
7711.80000 2455.56
7711.90000 2472.83
7712.00000 2462.61
7712.10000 2466.26
7712.20000 2465.86
7712.30000 2480.61
7712.40000 2483.26
7712.50000 2460.84
7712.60000 2479.81
7712.70000 2461.21
7712.80000 2467.94
7712.90000 2485.63
7713.00000 2485.39
7713.10000 2457.27
7713.20000 2446.01
7713.30000 2486.56
7713.40000 2487.27
7713.50000 2473.91
7713.60000 2496.01
7713.70000 2501.51
7713.80000 2482.22
7713.90000 2481.75
7714.00000 2485.06
7714.10000 2493.08
7714.20000 2496.03
7714.30000 2490.47
7714.40000 2483.97
7714.50000 2510.86
7714.60000 2496.28
7714.70000 2515.78
7714.80000 2538.43
7714.90000 2528.86
7715.00000 2529.94
7715.10000 2530.75
7715.20000 2542.73
7715.30000 2513.37
7715.40000 2518.94
7715.50000 2531.65
7715.60000 2516.49
7715.70000 2478.84
7715.80000 2518.90
7715.90000 2512.34
7716.00000 2504.64
7716.10000 2480.62
7716.20000 2476.74
7716.30000 2500.77
7716.40000 2481.46
7716.50000 2461.25
7716.60000 2472.08
7716.70000 2455.65
7716.80000 2444.89
7716.90000 2445.83
7717.00000 2392.02
7717.10000 2419.35
7717.20000 2408.23
7717.30000 2421.59
7717.40000 2455.22
7717.50000 2420.60
7717.60000 2447.19
7717.70000 2437.40
7717.80000 2412.39
7717.90000 2406.40
7718.00000 2366.06
7718.10000 2396.87
7718.20000 2359.89
7718.30000 2398.32
7718.40000 2456.46
7718.50000 2384.68
7718.60000 2389.53
7718.70000 2393.77
7718.80000 2391.79
7718.90000 2373.60
7719.00000 2347.34
7719.10000 2369.05
7719.20000 2388.86
7719.30000 2376.82
7719.40000 2375.19
7719.50000 2377.23
7719.60000 2351.67
7719.70000 2354.25
7719.80000 2379.33
7719.90000 2370.98
7720.00000 2348.45
7720.10000 2357.00
7720.20000 2365.79
7720.30000 2356.02
7720.40000 2355.19
7720.50000 2359.02
7720.60000 2367.17
7720.70000 2340.43
7720.80000 2363.77
7720.90000 2367.27
7721.00000 2319.74
7721.10000 2336.59
7721.20000 2350.84
7721.30000 2350.69
7721.40000 2378.47
7721.50000 2362.27
7721.60000 2380.62
7721.70000 2365.01
7721.80000 2353.78
7721.90000 2347.16
7722.00000 2358.51
7722.10000 2332.34
7722.20000 2292.53
7722.30000 2330.82
7722.40000 2333.90
7722.50000 2330.45
7722.60000 2335.26
7722.70000 2348.60
7722.80000 2290.21
7722.90000 2334.19
7723.00000 2334.91
7723.10000 2344.42
7723.20000 2356.16
7723.30000 2365.69
7723.40000 2358.20
7723.50000 2364.45
7723.60000 2356.41
7723.70000 2382.89
7723.80000 2360.03
7723.90000 2355.07
7724.00000 2356.78
7724.10000 2373.32
7724.20000 2365.57
7724.30000 2367.88
7724.40000 2363.73
7724.50000 2336.32
7724.60000 2353.78
7724.70000 2346.83
7724.80000 2372.35
7724.90000 2345.14
7725.00000 2324.97
7725.10000 2363.56
7725.20000 2359.78
7725.30000 2336.99
7725.40000 2340.92
7725.50000 2356.64
7725.60000 2341.99
7725.70000 2356.33
7725.80000 2373.24
7725.90000 2358.92
7726.00000 2376.44
7726.10000 2369.24
7726.20000 2365.74
7726.30000 2344.31
7726.40000 2353.16
7726.50000 2309.43
7726.60000 2340.38
7726.70000 2366.78
7726.80000 2379.59
7726.90000 2364.83
7727.00000 2352.00
7727.10000 2374.56
7727.20000 2391.14
7727.30000 2395.63
7727.40000 2385.61
7727.50000 2379.90
7727.60000 2367.67
7727.70000 2369.43
7727.80000 2381.39
7727.90000 2380.93
7728.00000 2354.83
7728.10000 2359.36
7728.20000 2375.48
7728.30000 2351.83
7728.40000 2370.79
7728.50000 2355.27
7728.60000 2357.37
7728.70000 2376.95
7728.80000 2369.09
7728.90000 2367.76
7729.00000 2379.70
7729.10000 2359.71
7729.20000 2380.87
7729.30000 2369.09
7729.40000 2362.32
7729.50000 2366.84
7729.60000 2388.33
7729.70000 2376.86
7729.80000 2339.55
7729.90000 2360.11
7730.00000 2397.79
7730.10000 2370.12
7730.20000 2392.06
7730.30000 2383.88
7730.40000 2385.09
7730.50000 2392.80
7730.60000 2359.02
7730.70000 2365.00
7730.80000 2373.46
7730.90000 2364.16
7731.00000 2346.40
7731.10000 2373.48
7731.20000 2359.52
7731.30000 2378.08
7731.40000 2403.23
7731.50000 2390.69
7731.60000 2381.53
7731.70000 2367.17
7731.80000 2372.85
7731.90000 2402.62
7732.00000 2382.89
7732.10000 2363.94
7732.20000 2389.56
7732.30000 2360.25
7732.40000 2353.91
7732.50000 2346.46
7732.60000 2367.09
7732.70000 2388.93
7732.80000 2369.88
7732.90000 2382.27
7733.00000 2373.40
7733.10000 2347.15
7733.20000 2380.22
7733.30000 2382.64
7733.40000 2393.00
7733.50000 2351.37
7733.60000 2351.01
7733.70000 2353.25
7733.80000 2389.05
7733.90000 2381.28
7734.00000 2368.63
7734.10000 2362.05
7734.20000 2377.18
7734.30000 2365.01
7734.40000 2373.57
7734.50000 2338.29
7734.60000 2331.21
7734.70000 2369.21
7734.80000 2358.90
7734.90000 2374.93
7735.00000 2373.14
7735.10000 2363.48
7735.20000 2358.77
7735.30000 2386.95
7735.40000 2363.75
7735.50000 2378.63
7735.60000 2375.86
7735.70000 2342.93
7735.80000 2376.94
7735.90000 2379.22
7736.00000 2381.83
7736.10000 2346.71
7736.20000 2357.73
7736.30000 2365.44
7736.40000 2385.08
7736.50000 2363.79
7736.60000 2384.80
7736.70000 2365.93
7736.80000 2374.21
7736.90000 2358.14
7737.00000 2370.87
7737.10000 2378.31
7737.20000 2374.57
7737.30000 2369.94
7737.40000 2368.85
7737.50000 2377.66
7737.60000 2369.53
7737.70000 2365.19
7737.80000 2368.01
7737.90000 2363.01
7738.00000 2391.82
7738.10000 2377.18
7738.20000 2392.98
7738.30000 2357.71
7738.40000 2358.52
7738.50000 2372.06
7738.60000 2365.71
7738.70000 2382.07
7738.80000 2373.21
7738.90000 2376.59
7739.00000 2334.12
7739.10000 2371.07
7739.20000 2367.26
7739.30000 2373.32
7739.40000 2359.78
7739.50000 2351.44
7739.60000 2332.48
7739.70000 2349.29
7739.80000 2377.21
7739.90000 2384.33
7740.00000 2372.25
7740.10000 2363.36
7740.20000 2373.62
7740.30000 2379.11
7740.40000 2361.13
7740.50000 2365.65
7740.60000 2379.66
7740.70000 2354.23
7740.80000 2358.54
7740.90000 2366.48
7741.00000 2369.85
7741.10000 2356.03
7741.20000 2345.79
7741.30000 2367.69
7741.40000 2376.18
7741.50000 2367.69
7741.60000 2360.15
7741.70000 2360.64
7741.80000 2370.58
7741.90000 2376.37
7742.00000 2368.31
7742.10000 2373.37
7742.20000 2357.11
7742.30000 2349.26
7742.40000 2361.21
7742.50000 2369.52
7742.60000 2364.36
7742.70000 2349.96
7742.80000 2369.29
7742.90000 2339.30
7743.00000 2353.90
7743.10000 2362.81
7743.20000 2360.62
7743.30000 2363.61
7743.40000 2366.73
7743.50000 2382.98
7743.60000 2356.52
7743.70000 2352.15
7743.80000 2352.24
7743.90000 2357.02
7744.00000 2362.94
7744.10000 2361.14
7744.20000 2361.06
7744.30000 2340.74
7744.40000 2355.41
7744.50000 2351.68
7744.60000 2356.69
7744.70000 2359.59
7744.80000 2349.23
7744.90000 2338.98
7745.00000 2338.69
7745.10000 2356.22
7745.20000 2361.97
7745.30000 2349.48
7745.40000 2350.82
7745.50000 2353.46
7745.60000 2351.43
7745.70000 2347.49
7745.80000 2353.13
7745.90000 2330.47
7746.00000 2348.60
7746.10000 2362.59
7746.20000 2349.22
7746.30000 2371.08
7746.40000 2366.75
7746.50000 2352.45
7746.60000 2362.25
7746.70000 2365.75
7746.80000 2349.29
7746.90000 2344.33
7747.00000 2342.78
7747.10000 2330.47
7747.20000 2351.22
7747.30000 2351.23
7747.40000 2353.71
7747.50000 2359.92
7747.60000 2358.23
7747.70000 2356.67
7747.80000 2353.13
7747.90000 2354.23
7748.00000 2363.89
7748.10000 2351.98
7748.20000 2367.15
7748.30000 2333.27
7748.40000 2371.30
7748.50000 2351.47
7748.60000 2355.92
7748.70000 2364.16
7748.80000 2339.63
7748.90000 2334.33
7749.00000 2360.61
7749.10000 2369.92
7749.20000 2368.10
7749.30000 2352.21
7749.40000 2333.65
7749.50000 2353.64
7749.60000 2365.84
7749.70000 2376.63
7749.80000 2356.73
7749.90000 2360.45
7750.00000 2354.04
7750.10000 2335.54
7750.20000 2334.23
7750.30000 2338.25
7750.40000 2351.70
7750.50000 2361.84
7750.60000 2377.01
7750.70000 2352.00
7750.80000 2335.64
7750.90000 2354.17
7751.00000 2351.04
7751.10000 2342.77
7751.20000 2353.45
7751.30000 2368.55
7751.40000 2411.04
7751.50000 2338.66
7751.60000 2354.57
7751.70000 2363.04
7751.80000 2364.88
7751.90000 2343.70
7752.00000 2365.09
7752.10000 2346.94
7752.20000 2345.36
7752.30000 2342.11
7752.40000 2348.30
7752.50000 2368.20
7752.60000 2357.96
7752.70000 2376.22
7752.80000 2342.91
7752.90000 2354.27
7753.00000 2366.41
7753.10000 2354.43
7753.20000 2349.71
7753.30000 2360.07
7753.40000 2357.41
7753.50000 2363.85
7753.60000 2367.32
7753.70000 2351.41
7753.80000 2324.98
7753.90000 2334.00
7754.00000 2340.79
7754.10000 2342.74
7754.20000 2348.58
7754.30000 2368.81
7754.40000 2347.06
7754.50000 2360.15
7754.60000 2368.78
7754.70000 2364.34
7754.80000 2357.53
7754.90000 2387.91
7755.00000 2356.52
7755.10000 2351.60
7755.20000 2359.02
7755.30000 2357.20
7755.40000 2371.27
7755.50000 2417.56
7755.60000 2393.40
7755.70000 2352.47
7755.80000 2348.75
7755.90000 2346.28
7756.00000 2347.04
7756.10000 2327.85
7756.20000 2345.28
7756.30000 2355.64
7756.40000 2344.55
7756.50000 2346.26
7756.60000 2338.76
7756.70000 2335.03
7756.80000 2363.04
7756.90000 2343.37
7757.00000 2357.51
7757.10000 2335.94
7757.20000 2332.48
7757.30000 2355.83
7757.40000 2350.68
7757.50000 2358.02
7757.60000 2363.98
7757.70000 2360.23
7757.80000 2344.43
7757.90000 2358.24
7758.00000 2361.44
7758.10000 2350.42
7758.20000 2359.36
7758.30000 2345.19
7758.40000 2346.62
7758.50000 2347.90
7758.60000 2365.20
7758.70000 2353.18
7758.80000 2344.29
7758.90000 2336.61
7759.00000 2350.20
7759.10000 2349.26
7759.20000 2338.23
7759.30000 2352.18
7759.40000 2334.22
7759.50000 2344.42
7759.60000 2351.10
7759.70000 2354.73
7759.80000 2335.68
7759.90000 2333.83
7760.00000 2353.41
7760.10000 2363.56
7760.20000 2349.64
7760.30000 2345.34
7760.40000 2334.56
7760.50000 2334.78
7760.60000 2343.38
7760.70000 2353.49
7760.80000 2358.40
7760.90000 2357.37
7761.00000 2340.78
7761.10000 2332.95
7761.20000 2338.22
7761.30000 2335.02
7761.40000 2352.71
7761.50000 2335.88
7761.60000 2364.79
7761.70000 2347.08
7761.80000 2338.46
7761.90000 2358.18
7762.00000 2332.82
7762.10000 2329.33
7762.20000 2339.51
7762.30000 2339.28
7762.40000 2345.27
7762.50000 2343.92
7762.60000 2311.12
7762.70000 2317.07
7762.80000 2344.77
7762.90000 2318.89
7763.00000 2312.83
7763.10000 2332.10
7763.20000 2328.17
7763.30000 2317.66
7763.40000 2324.90
7763.50000 2337.96
7763.60000 2347.71
7763.70000 2349.50
7763.80000 2335.93
7763.90000 2329.56
7764.00000 2336.51
7764.10000 2337.55
7764.20000 2324.88
7764.30000 2329.35
7764.40000 2317.16
7764.50000 2325.61
7764.60000 2329.33
7764.70000 2314.62
7764.80000 2331.10
7764.90000 2324.03
7765.00000 2335.35
7765.10000 2328.03
7765.20000 2326.09
7765.30000 2283.39
7765.40000 2306.94
7765.50000 2308.04
7765.60000 2324.47
7765.70000 2324.81
7765.80000 2325.49
7765.90000 2325.84
7766.00000 2304.46
7766.10000 2316.56
7766.20000 2323.82
7766.30000 2330.41
7766.40000 2324.54
7766.50000 2324.83
7766.60000 2309.00
7766.70000 2302.77
7766.80000 2308.24
7766.90000 2326.25
7767.00000 2303.64
7767.10000 2322.76
7767.20000 2324.96
7767.30000 2308.47
7767.40000 2319.47
7767.50000 2323.20
7767.60000 2317.92
7767.70000 2340.44
7767.80000 2323.00
7767.90000 2318.67
7768.00000 2338.70
7768.10000 2324.80
7768.20000 2330.20
7768.30000 2374.35
7768.40000 2375.44
7768.50000 2352.64
7768.60000 2363.62
7768.70000 2391.58
7768.80000 2392.86
7768.90000 2383.75
7769.00000 2398.24
7769.10000 2403.79
7769.20000 2416.63
7769.30000 2420.44
7769.40000 2422.42
7769.50000 2438.52
7769.60000 2444.16
7769.70000 2463.33
7769.80000 2470.25
7769.90000 2481.97
7770.00000 2483.12
7770.10000 2508.74
7770.20000 2515.84
7770.30000 2518.05
7770.40000 2495.12
7770.50000 2502.47
7770.60000 2479.10
7770.70000 2480.05
7770.80000 2511.86
7770.90000 2502.84
7771.00000 2521.24
7771.10000 2484.62
7771.20000 2518.90
7771.30000 2529.85
7771.40000 2520.71
7771.50000 2527.45
7771.60000 2502.48
7771.70000 2540.60
7771.80000 2522.21
7771.90000 2539.54
7772.00000 2538.13
7772.10000 2518.50
7772.20000 2558.20
7772.30000 2563.10
7772.40000 2570.43
7772.50000 2567.65
7772.60000 2549.16
7772.70000 2532.16
7772.80000 2575.48
7772.90000 2574.10
7773.00000 2562.84
7773.10000 2569.29
7773.20000 2549.43
7773.30000 2544.27
7773.40000 2588.71
7773.50000 2582.28
7773.60000 2561.38
7773.70000 2571.83
7773.80000 2568.87
7773.90000 2589.23
7774.00000 2550.26
7774.10000 2555.46
7774.20000 2546.42
7774.30000 2561.34
7774.40000 2547.17
7774.50000 2529.15
7774.60000 2530.17
7774.70000 2553.55
7774.80000 2558.30
7774.90000 2557.90
7775.00000 2563.00
7775.10000 2564.23
7775.20000 2553.89
7775.30000 2563.66
7775.40000 2537.59
7775.50000 2528.71
7775.60000 2550.75
7775.70000 2542.58
7775.80000 2548.34
7775.90000 2576.09
7776.00000 2566.79
7776.10000 2540.67
7776.20000 2563.00
7776.30000 2541.34
7776.40000 2530.12
7776.50000 2537.76
7776.60000 2534.09
7776.70000 2536.84
7776.80000 2540.60
7776.90000 2522.26
7777.00000 2517.66
7777.10000 2536.40
7777.20000 2528.23
7777.30000 2529.77
7777.40000 2527.48
7777.50000 2517.73
7777.60000 2522.57
7777.70000 2505.46
7777.80000 2508.22
7777.90000 2523.89
7778.00000 2497.99
7778.10000 2511.92
7778.20000 2501.80
7778.30000 2508.77
7778.40000 2487.82
7778.50000 2502.31
7778.60000 2483.39
7778.70000 2474.06
7778.80000 2463.71
7778.90000 2471.12
7779.00000 2491.56
7779.10000 2445.15
7779.20000 2473.54
7779.30000 2468.22
7779.40000 2435.40
7779.50000 2459.39
7779.60000 2437.31
7779.70000 2447.56
7779.80000 2412.64
7779.90000 2420.59
7780.00000 2416.09
7780.10000 2393.49
7780.20000 2388.26
7780.30000 2388.09
7780.40000 2379.18
7780.50000 2384.99
7780.60000 2374.63
7780.70000 2358.38
7780.80000 2345.43
7780.90000 2352.00
7781.00000 2358.05
7781.10000 2351.32
7781.20000 2365.30
7781.30000 2346.43
7781.40000 2334.09
7781.50000 2334.62
7781.60000 2343.78
7781.70000 2321.23
7781.80000 2328.76
7781.90000 2298.07
7782.00000 2314.53
7782.10000 2322.45
7782.20000 2327.48
7782.30000 2337.32
7782.40000 2324.97
7782.50000 2311.89
7782.60000 2323.97
7782.70000 2334.64
7782.80000 2305.97
7782.90000 2297.35
7783.00000 2321.68
7783.10000 2317.85
7783.20000 2312.81
7783.30000 2321.51
7783.40000 2329.36
7783.50000 2349.16
7783.60000 2328.39
7783.70000 2323.56
7783.80000 2341.19
7783.90000 2342.86
7784.00000 2328.86
7784.10000 2351.08
7784.20000 2329.52
7784.30000 2331.86
7784.40000 2341.28
7784.50000 2341.78
7784.60000 2344.30
7784.70000 2334.28
7784.80000 2333.32
7784.90000 2322.62
7785.00000 2312.36
7785.10000 2342.19
7785.20000 2342.79
7785.30000 2335.52
7785.40000 2362.67
7785.50000 2331.17
7785.60000 2318.16
7785.70000 2325.99
7785.80000 2344.90
7785.90000 2318.32
7786.00000 2338.36
7786.10000 2340.08
7786.20000 2339.84
7786.30000 2331.87
7786.40000 2341.26
7786.50000 2327.38
7786.60000 2332.86
7786.70000 2353.33
7786.80000 2329.38
7786.90000 2336.04
7787.00000 2318.89
7787.10000 2343.31
7787.20000 2347.60
7787.30000 2332.00
7787.40000 2327.52
7787.50000 2344.58
7787.60000 2324.79
7787.70000 2303.90
7787.80000 2338.38
7787.90000 2331.49
7788.00000 2329.93
7788.10000 2331.47
7788.20000 2336.06
7788.30000 2337.07
7788.40000 2334.45
7788.50000 2347.78
7788.60000 2328.71
7788.70000 2333.46
7788.80000 2334.20
7788.90000 2314.59
7789.00000 2331.28
7789.10000 2339.04
7789.20000 2317.98
7789.30000 2324.42
7789.40000 2352.41
7789.50000 2335.98
7789.60000 2333.09
7789.70000 2334.99
7789.80000 2352.51
7789.90000 2327.53
7790.00000 2334.19
7790.10000 2332.78
7790.20000 2322.50
7790.30000 2335.46
7790.40000 2329.19
7790.50000 2331.40
7790.60000 2317.37
7790.70000 2340.94
7790.80000 2345.60
7790.90000 2320.60
7791.00000 2311.96
7791.10000 2319.71
7791.20000 2328.63
7791.30000 2312.67
7791.40000 2313.39
7791.50000 2323.98
7791.60000 2324.41
7791.70000 2317.01
7791.80000 2337.89
7791.90000 2343.50
7792.00000 2324.43
7792.10000 2324.07
7792.20000 2310.43
7792.30000 2332.89
7792.40000 2311.97
7792.50000 2299.62
7792.60000 2324.11
7792.70000 2336.48
7792.80000 2333.00
7792.90000 2329.40
7793.00000 2325.26
7793.10000 2321.80
7793.20000 2328.81
7793.30000 2316.40
7793.40000 2328.59
7793.50000 2321.34
7793.60000 2320.64
7793.70000 2314.65
7793.80000 2322.02
7793.90000 2312.69
7794.00000 2304.01
7794.10000 2319.86
7794.20000 2354.52
7794.30000 2325.21
7794.40000 2313.22
7794.50000 2330.13
7794.60000 2327.44
7794.70000 2327.66
7794.80000 2354.93
7794.90000 2349.55
7795.00000 2322.65
7795.10000 2334.42
7795.20000 2319.06
7795.30000 2336.45
7795.40000 2308.23
7795.50000 2297.73
7795.60000 2320.37
7795.70000 2332.59
7795.80000 2339.97
7795.90000 2316.16
7796.00000 2321.53
7796.10000 2313.02
7796.20000 2320.29
7796.30000 2296.15
7796.40000 2329.99
7796.50000 2309.51
7796.60000 2332.21
7796.70000 2310.88
7796.80000 2332.82
7796.90000 2310.33
7797.00000 2334.46
7797.10000 2313.58
7797.20000 2332.64
7797.30000 2321.74
7797.40000 2313.74
7797.50000 2313.72
7797.60000 2306.13
7797.70000 2341.98
7797.80000 2330.02
7797.90000 2310.66
7798.00000 2309.29
7798.10000 2297.91
7798.20000 2310.59
7798.30000 2318.62
7798.40000 2324.50
7798.50000 2314.04
7798.60000 2312.15
7798.70000 2312.84
7798.80000 2309.81
7798.90000 2309.01
7799.00000 2317.94
7799.10000 2345.40
7799.20000 2341.93
7799.30000 2333.60
7799.40000 2353.46
7799.50000 2335.24
7799.60000 2333.47
7799.70000 2330.97
7799.80000 2322.99
7799.90000 2294.87
7800.00000 2319.55
7800.10000 2345.75
7800.20000 2318.62
7800.30000 2316.80
7800.40000 2296.22
7800.50000 2323.71
7800.60000 2332.04
7800.70000 2309.54
7800.80000 2329.48
7800.90000 2296.29
7801.00000 2293.39
7801.10000 2295.46
7801.20000 2306.61
7801.30000 2308.17
7801.40000 2327.05
7801.50000 2325.95
7801.60000 2338.73
7801.70000 2316.28
7801.80000 2306.57
7801.90000 2323.70
7802.00000 2299.99
7802.10000 2295.58
7802.20000 2323.66
7802.30000 2321.62
7802.40000 2316.49
7802.50000 2305.33
7802.60000 2300.90
7802.70000 2309.25
7802.80000 2335.16
7802.90000 2332.63
7803.00000 2310.61
7803.10000 2315.76
7803.20000 2326.04
7803.30000 2307.17
7803.40000 2299.24
7803.50000 2302.90
7803.60000 2311.39
7803.70000 2325.32
7803.80000 2309.26
7803.90000 2312.64
7804.00000 2310.95
7804.10000 2327.78
7804.20000 2311.56
7804.30000 2332.98
7804.40000 2329.34
7804.50000 2330.91
7804.60000 2317.23
7804.70000 2322.70
7804.80000 2294.88
7804.90000 2297.88
7805.00000 2325.99
7805.10000 2341.01
7805.20000 2332.57
7805.30000 2338.07
7805.40000 2304.11
7805.50000 2314.46
7805.60000 2318.76
7805.70000 2330.23
7805.80000 2309.03
7805.90000 2300.89
7806.00000 2315.38
7806.10000 2300.32
7806.20000 2289.33
7806.30000 2309.35
7806.40000 2310.51
7806.50000 2306.13
7806.60000 2307.59
7806.70000 2323.68
7806.80000 2301.32
7806.90000 2309.43
7807.00000 2289.57
7807.10000 2284.59
7807.20000 2310.39
7807.30000 2307.63
7807.40000 2297.79
7807.50000 2291.98
7807.60000 2295.55
7807.70000 2320.34
7807.80000 2309.78
7807.90000 2300.90
7808.00000 2324.95
7808.10000 2303.34
7808.20000 2311.36
7808.30000 2303.57
7808.40000 2282.34
7808.50000 2307.10
7808.60000 2296.54
7808.70000 2304.49
7808.80000 2303.43
7808.90000 2301.63
7809.00000 2306.80
7809.10000 2294.35
7809.20000 2310.74
7809.30000 2281.05
7809.40000 2272.93
7809.50000 2279.87
7809.60000 2317.27
7809.70000 2306.68
7809.80000 2309.89
7809.90000 2322.30
7810.00000 2328.54
7810.10000 2294.95
7810.20000 2300.86
7810.30000 2295.77
7810.40000 2292.63
7810.50000 2307.14
7810.60000 2321.29
7810.70000 2284.14
7810.80000 2292.55
7810.90000 2304.66
7811.00000 2317.83
7811.10000 2302.15
7811.20000 2289.09
7811.30000 2266.73
7811.40000 2292.37
7811.50000 2303.27
7811.60000 2280.79
7811.70000 2291.19
7811.80000 2283.75
7811.90000 2290.91
7812.00000 2308.45
7812.10000 2300.02
7812.20000 2299.76
7812.30000 2281.97
7812.40000 2315.58
7812.50000 2285.06
7812.60000 2296.02
7812.70000 2295.04
7812.80000 2275.81
7812.90000 2276.99
7813.00000 2307.02
7813.10000 2316.45
7813.20000 2298.29
7813.30000 2324.93
7813.40000 2323.79
7813.50000 2316.46
7813.60000 2284.30
7813.70000 2305.27
7813.80000 2303.40
7813.90000 2274.95
7814.00000 2292.23
7814.10000 2290.81
7814.20000 2293.67
7814.30000 2301.28
7814.40000 2284.06
7814.50000 2295.04
7814.60000 2288.52
7814.70000 2314.45
7814.80000 2299.78
7814.90000 2328.44
7815.00000 2290.58
7815.10000 2265.26
7815.20000 2268.71
7815.30000 2288.08
7815.40000 2284.79
7815.50000 2290.37
7815.60000 2301.67
7815.70000 2316.30
7815.80000 2296.46
7815.90000 2309.22
7816.00000 2298.74
7816.10000 2282.25
7816.20000 2279.33
7816.30000 2289.26
7816.40000 2290.72
7816.50000 2289.81
7816.60000 2263.40
7816.70000 2273.90
7816.80000 2303.81
7816.90000 2294.00
7817.00000 2275.57
7817.10000 2287.89
7817.20000 2294.05
7817.30000 2307.91
7817.40000 2297.89
7817.50000 2274.51
7817.60000 2271.22
7817.70000 2304.71
7817.80000 2310.31
7817.90000 2315.42
7818.00000 2298.66
7818.10000 2296.94
7818.20000 2295.79
7818.30000 2292.91
7818.40000 2287.12
7818.50000 2306.96
7818.60000 2289.67
7818.70000 2292.39
7818.80000 2303.89
7818.90000 2270.59
7819.00000 2321.27
7819.10000 2289.95
7819.20000 2266.81
7819.30000 2299.81
7819.40000 2297.29
7819.50000 2311.47
7819.60000 2289.85
7819.70000 2294.65
7819.80000 2295.01
7819.90000 2282.05
7820.00000 2273.33
7820.10000 2271.73
7820.20000 2292.31
7820.30000 2283.59
7820.40000 2286.19
7820.50000 2295.49
7820.60000 2307.93
7820.70000 2286.25
7820.80000 2286.09
7820.90000 2272.31
7821.00000 2290.09
7821.10000 2269.92
7821.20000 2301.24
7821.30000 2261.11
7821.40000 2293.13
7821.50000 2288.27
7821.60000 2294.27
7821.70000 2307.61
7821.80000 2294.87
7821.90000 2281.31
7822.00000 2267.92
7822.10000 2303.04
7822.20000 2336.47
7822.30000 2315.16
7822.40000 2305.94
7822.50000 2284.05
7822.60000 2301.89
7822.70000 2282.46
7822.80000 2274.45
7822.90000 2312.74
7823.00000 2294.20
7823.10000 2277.29
7823.20000 2292.28
7823.30000 2264.04
7823.40000 2266.66
7823.50000 2278.76
7823.60000 2290.69
7823.70000 2263.04
7823.80000 2279.74
7823.90000 2261.78
7824.00000 2309.05
7824.10000 2271.15
7824.20000 2308.26
7824.30000 2296.14
7824.40000 2302.15
7824.50000 2302.42
7824.60000 2290.77
7824.70000 2273.63
7824.80000 2249.50
7824.90000 2288.41
7825.00000 2261.39
7825.10000 2284.68
7825.20000 2288.63
7825.30000 2280.96
7825.40000 2280.34
7825.50000 2263.74
7825.60000 2261.12
7825.70000 2286.47
7825.80000 2264.90
7825.90000 2270.80
7826.00000 2299.28
7826.10000 2266.03
7826.20000 2283.86
7826.30000 2286.44
7826.40000 2296.23
7826.50000 2268.45
7826.60000 2281.37
7826.70000 2312.18
7826.80000 2277.10
7826.90000 2301.38
7827.00000 2286.43
7827.10000 2296.23
7827.20000 2264.61
7827.30000 2262.60
7827.40000 2280.69
7827.50000 2266.27
7827.60000 2285.35
7827.70000 2295.27
7827.80000 2297.68
7827.90000 2282.14
7828.00000 2280.34
7828.10000 2270.37
7828.20000 2273.57
7828.30000 2282.89
7828.40000 2279.57
7828.50000 2275.12
7828.60000 2292.52
7828.70000 2282.45
7828.80000 2310.34
7828.90000 2267.17
7829.00000 2305.63
7829.10000 2289.10
7829.20000 2290.05
7829.30000 2295.36
7829.40000 2284.97
7829.50000 2311.83
7829.60000 2286.54
7829.70000 2274.67
7829.80000 2292.29
7829.90000 2294.20
7830.00000 2276.70
7830.10000 2278.84
7830.20000 2304.06
7830.30000 2277.71
7830.40000 2283.55
7830.50000 2280.91
7830.60000 2287.31
7830.70000 2276.92
7830.80000 2308.03
7830.90000 2311.80
7831.00000 2302.66
7831.10000 2293.58
7831.20000 2281.32
7831.30000 2302.60
7831.40000 2289.82
7831.50000 2290.10
7831.60000 2298.71
7831.70000 2293.58
7831.80000 2272.34
7831.90000 2298.80
7832.00000 2320.25
7832.10000 2305.51
7832.20000 2292.66
7832.30000 2286.68
7832.40000 2287.25
7832.50000 2260.77
7832.60000 2292.62
7832.70000 2298.77
7832.80000 2299.39
7832.90000 2314.02
7833.00000 2299.06
7833.10000 2297.30
7833.20000 2273.78
7833.30000 2258.28
7833.40000 2256.75
7833.50000 2239.97
7833.60000 2246.14
7833.70000 2266.60
7833.80000 2287.17
7833.90000 2269.01
7834.00000 2303.44
7834.10000 2289.75
7834.20000 2291.32
7834.30000 2298.41
7834.40000 2314.43
7834.50000 2316.82
7834.60000 2271.75
7834.70000 2297.96
7834.80000 2332.16
7834.90000 2296.82
7835.00000 2321.17
7835.10000 2311.30
7835.20000 2284.09
7835.30000 2300.96
7835.40000 2276.60
7835.50000 2316.92
7835.60000 2293.48
7835.70000 2287.57
7835.80000 2284.57
7835.90000 2290.23
7836.00000 2304.42
7836.10000 2313.87
7836.20000 2284.26
7836.30000 2308.58
7836.40000 2290.83
7836.50000 2310.51
7836.60000 2278.20
7836.70000 2302.96
7836.80000 2294.55
7836.90000 2291.45
7837.00000 2299.29
7837.10000 2319.69
7837.20000 2338.46
7837.30000 2292.18
7837.40000 2312.28
7837.50000 2296.52
7837.60000 2313.32
7837.70000 2289.24
7837.80000 2299.17
7837.90000 2277.60
7838.00000 2301.42
7838.10000 2291.50
7838.20000 2296.41
7838.30000 2299.48
7838.40000 2306.06
7838.50000 2259.83
7838.60000 2289.55
7838.70000 2281.98
7838.80000 2301.05
7838.90000 2325.64
7839.00000 2311.23
7839.10000 2288.35
7839.20000 2279.30
7839.30000 2286.74
7839.40000 2293.92
7839.50000 2303.78
7839.60000 2308.52
7839.70000 2290.12
7839.80000 2307.93
7839.90000 2293.11
7840.00000 2311.22
7840.10000 2292.12
7840.20000 2292.42
7840.30000 2301.99
7840.40000 2253.29
7840.50000 2251.00
7840.60000 2293.75
7840.70000 2285.63
7840.80000 2292.90
7840.90000 2282.47
7841.00000 2313.91
7841.10000 2283.87
7841.20000 2263.50
7841.30000 2306.46
7841.40000 2296.15
7841.50000 2296.29
7841.60000 2279.43
7841.70000 2279.69
7841.80000 2260.04
7841.90000 2293.79
7842.00000 2301.01
7842.10000 2296.89
7842.20000 2266.71
7842.30000 2281.60
7842.40000 2295.82
7842.50000 2303.29
7842.60000 2301.21
7842.70000 2289.11
7842.80000 2274.72
7842.90000 2291.60
7843.00000 2266.18
7843.10000 2272.19
7843.20000 2287.08
7843.30000 2278.14
7843.40000 2291.34
7843.50000 2292.71
7843.60000 2275.56
7843.70000 2278.12
7843.80000 2276.54
7843.90000 2292.37
7844.00000 2294.77
7844.10000 2271.88
7844.20000 2293.80
7844.30000 2273.77
7844.40000 2277.27
7844.50000 2302.34
7844.60000 2291.22
7844.70000 2299.94
7844.80000 2273.18
7844.90000 2282.26
7845.00000 2299.88
7845.10000 2281.50
7845.20000 2284.91
7845.30000 2290.76
7845.40000 2299.89
7845.50000 2279.87
7845.60000 2290.72
7845.70000 2283.98
7845.80000 2276.51
7845.90000 2285.56
7846.00000 2257.32
7846.10000 2260.01
7846.20000 2276.59
7846.30000 2302.01
7846.40000 2287.71
7846.50000 2304.19
7846.60000 2313.19
7846.70000 2292.52
7846.80000 2312.94
7846.90000 2258.80
7847.00000 2226.32
7847.10000 2245.52
7847.20000 2263.90
7847.30000 2258.44
7847.40000 2280.57
7847.50000 2279.29
7847.60000 2286.75
7847.70000 2276.52
7847.80000 2285.49
7847.90000 2284.86
7848.00000 2294.67
7848.10000 2286.53
7848.20000 2288.28
7848.30000 2291.14
7848.40000 2298.78
7848.50000 2283.86
7848.60000 2288.77
7848.70000 2304.83
7848.80000 2307.49
7848.90000 2291.91
7849.00000 2302.04
7849.10000 2290.32
7849.20000 2267.49
7849.30000 2283.58
7849.40000 2250.52
7849.50000 2253.66
7849.60000 2270.55
7849.70000 2294.91
7849.80000 2278.04
7849.90000 2299.87
7850.00000 2275.00
7850.10000 2309.42
7850.20000 2291.16
7850.30000 2297.68
7850.40000 2301.49
7850.50000 2281.33
7850.60000 2271.23
7850.70000 2308.58
7850.80000 2291.15
7850.90000 2294.40
7851.00000 2285.95
7851.10000 2279.68
7851.20000 2285.39
7851.30000 2262.27
7851.40000 2276.42
7851.50000 2278.00
7851.60000 2293.66
7851.70000 2286.98
7851.80000 2280.16
7851.90000 2263.96
7852.00000 2292.33
7852.10000 2300.79
7852.20000 2297.48
7852.30000 2317.88
7852.40000 2268.66
7852.50000 2285.12
7852.60000 2270.83
7852.70000 2257.28
7852.80000 2285.29
7852.90000 2280.84
7853.00000 2264.72
7853.10000 2310.10
7853.20000 2290.08
7853.30000 2294.52
7853.40000 2315.41
7853.50000 2256.05
7853.60000 2277.00
7853.70000 2307.54
7853.80000 2284.58
7853.90000 2300.51
7854.00000 2302.89
7854.10000 2289.99
7854.20000 2303.92
7854.30000 2299.95
7854.40000 2294.15
7854.50000 2281.39
7854.60000 2267.46
7854.70000 2283.66
7854.80000 2276.60
7854.90000 2278.00
7855.00000 2296.81
7855.10000 2262.92
7855.20000 2282.00
7855.30000 2271.99
7855.40000 2247.95
7855.50000 2259.86
7855.60000 2262.01
7855.70000 2303.74
7855.80000 2271.92
7855.90000 2284.00
7856.00000 2278.04
7856.10000 2263.88
7856.20000 2280.14
7856.30000 2272.59
7856.40000 2275.77
7856.50000 2283.63
7856.60000 2285.66
7856.70000 2270.89
7856.80000 2286.18
7856.90000 2291.46
7857.00000 2293.04
7857.10000 2280.92
7857.20000 2267.44
7857.30000 2264.23
7857.40000 2281.45
7857.50000 2291.72
7857.60000 2285.45
7857.70000 2292.59
7857.80000 2286.38
7857.90000 2278.92
7858.00000 2296.03
7858.10000 2314.01
7858.20000 2274.30
7858.30000 2311.32
7858.40000 2306.05
7858.50000 2306.64
7858.60000 2282.42
7858.70000 2271.36
7858.80000 2275.11
7858.90000 2272.32
7859.00000 2265.08
7859.10000 2273.27
7859.20000 2269.25
7859.30000 2275.36
7859.40000 2312.98
7859.50000 2285.86
7859.60000 2258.07
7859.70000 2255.90
7859.80000 2249.44
7859.90000 2279.98
7860.00000 2275.66
7860.10000 2284.99
7860.20000 2285.64
7860.30000 2284.38
7860.40000 2283.54
7860.50000 2294.66
7860.60000 2281.74
7860.70000 2301.86
7860.80000 2277.07
7860.90000 2284.29
7861.00000 2275.74
7861.10000 2292.29
7861.20000 2272.25
7861.30000 2268.49
7861.40000 2246.18
7861.50000 2245.96
7861.60000 2277.72
7861.70000 2284.10
7861.80000 2273.45
7861.90000 2260.94
7862.00000 2261.13
7862.10000 2242.29
7862.20000 2256.76
7862.30000 2278.71
7862.40000 2275.99
7862.50000 2308.34
7862.60000 2279.53
7862.70000 2282.34
7862.80000 2252.62
7862.90000 2247.64
7863.00000 2256.61
7863.10000 2281.86
7863.20000 2273.94
7863.30000 2289.15
7863.40000 2294.70
7863.50000 2301.01
7863.60000 2325.61
7863.70000 2320.71
7863.80000 2282.86
7863.90000 2240.73
7864.00000 2272.29
7864.10000 2286.90
7864.20000 2325.20
7864.30000 2335.56
7864.40000 2347.51
7864.50000 2335.95
7864.60000 2347.26
7864.70000 2357.64
7864.80000 2350.54
7864.90000 2355.13
7865.00000 2320.77
7865.10000 2287.96
7865.20000 2200.48
7865.30000 2275.52
7865.40000 2347.53
7865.50000 2344.51
7865.60000 2307.59
7865.70000 2297.74
7865.80000 2316.13
7865.90000 2324.15
7866.00000 2328.70
7866.10000 2331.39
7866.20000 2315.61
7866.30000 2326.88
7866.40000 2246.54
7866.50000 2249.39
7866.60000 2286.73
7866.70000 2246.47
7866.80000 2048.72
7866.90000 2162.56
7867.00000 2256.77
7867.10000 2286.90
7867.20000 2319.89
7867.30000 2315.63
7867.40000 2273.79
7867.50000 2271.94
7867.60000 2318.28
7867.70000 2293.67
7867.80000 2300.62
7867.90000 2312.37
7868.00000 2322.41
7868.10000 2349.04
7868.20000 2333.18
7868.30000 2311.29
7868.40000 2317.27
7868.50000 2331.37
7868.60000 2326.10
7868.70000 2315.41
7868.80000 2304.74
7868.90000 2292.21
7869.00000 2333.05
7869.10000 2342.43
7869.20000 2336.89
7869.30000 2345.51
7869.40000 2324.27
7869.50000 2327.89
7869.60000 2344.59
7869.70000 2336.25
7869.80000 2344.26
7869.90000 2385.19
7870.00000 2356.48
7870.10000 2352.72
7870.20000 2358.83
7870.30000 2382.64
7870.40000 2346.27
7870.50000 2327.98
7870.60000 2233.67
7870.70000 2102.92
7870.80000 2209.49
7870.90000 2306.57
7871.00000 2313.50
7871.10000 2320.78
7871.20000 2259.16
7871.30000 2233.19
7871.40000 2308.45
7871.50000 2321.17
7871.60000 2302.89
7871.70000 2294.87
7871.80000 2299.17
7871.90000 2309.57
7872.00000 2300.50
7872.10000 2301.18
7872.20000 2309.22
7872.30000 2285.72
7872.40000 2287.85
7872.50000 2297.33
7872.60000 2293.93
7872.70000 2295.46
7872.80000 2298.90
7872.90000 2333.29
7873.00000 2299.78
7873.10000 2310.67
7873.20000 2302.88
7873.30000 2297.48
7873.40000 2273.74
7873.50000 2123.62
7873.60000 2132.31
7873.70000 2258.19
7873.80000 2299.02
7873.90000 2303.28
7874.00000 2297.34
7874.10000 2282.24
7874.20000 2308.21
7874.30000 2293.87
7874.40000 2300.15
7874.50000 2303.32
7874.60000 2315.25
7874.70000 2301.73
7874.80000 2305.76
7874.90000 2311.37
7875.00000 2317.90
7875.10000 2309.92
7875.20000 2318.17
7875.30000 2312.93
7875.40000 2327.92
7875.50000 2297.33
7875.60000 2298.13
7875.70000 2303.35
7875.80000 2320.09
7875.90000 2326.70
7876.00000 2207.64
7876.10000 2156.39
7876.20000 2304.56
7876.30000 2305.29
7876.40000 2293.78
7876.50000 2319.80
7876.60000 2282.66
7876.70000 2287.67
7876.80000 2242.83
7876.90000 2207.31
7877.00000 2267.03
7877.10000 2278.50
7877.20000 2193.27
7877.30000 1958.76
7877.40000 2055.19
7877.50000 2180.83
7877.60000 2271.12
7877.70000 2294.82
7877.80000 2303.13
7877.90000 2315.68
7878.00000 2310.90
7878.10000 2308.02
7878.20000 2300.97
7878.30000 2303.78
7878.40000 2319.87
7878.50000 2285.81
7878.60000 2318.10
7878.70000 2314.24
7878.80000 2295.94
7878.90000 2295.53
7879.00000 2292.63
7879.10000 2303.94
7879.20000 2321.91
7879.30000 2313.35
7879.40000 2316.84
7879.50000 2337.61
7879.60000 2301.92
7879.70000 2298.96
7879.80000 2312.19
7879.90000 2301.37
7880.00000 2313.21
7880.10000 2303.27
7880.20000 2318.43
7880.30000 2296.66
7880.40000 2306.78
7880.50000 2282.22
7880.60000 2189.15
7880.70000 2235.48
7880.80000 2296.53
7880.90000 2301.32
7881.00000 2310.86
7881.10000 2320.16
7881.20000 2314.79
7881.30000 2288.00
7881.40000 2108.48
7881.50000 2089.97
7881.60000 2186.05
7881.70000 2275.26
7881.80000 2313.62
7881.90000 2323.78
7882.00000 2307.70
7882.10000 2297.38
7882.20000 2308.72
7882.30000 2290.76
7882.40000 2318.74
7882.50000 2279.96
7882.60000 2238.68
7882.70000 2192.26
7882.80000 2279.30
7882.90000 2305.57
7883.00000 2285.87
7883.10000 2302.92
7883.20000 2306.39
7883.30000 2317.78
7883.40000 2321.09
7883.50000 2306.11
7883.60000 2273.82
7883.70000 2304.82
7883.80000 2304.80
7883.90000 2306.89
7884.00000 2290.01
7884.10000 2287.06
7884.20000 2309.49
7884.30000 2303.49
7884.40000 2299.64
7884.50000 2307.86
7884.60000 2297.68
7884.70000 2276.55
7884.80000 2299.85
7884.90000 2291.21
7885.00000 2295.52
7885.10000 2299.86
7885.20000 2281.86
7885.30000 2286.58
7885.40000 2278.27
7885.50000 2251.37
7885.60000 2265.41
7885.70000 2156.29
7885.80000 2115.18
7885.90000 2235.96
7886.00000 2277.73
7886.10000 2247.97
7886.20000 2258.06
7886.30000 2281.86
7886.40000 2286.41
7886.50000 2256.90
7886.60000 2257.33
7886.70000 2272.76
7886.80000 2238.68
7886.90000 2198.70
7887.00000 2201.16
7887.10000 2273.97
7887.20000 2269.25
7887.30000 2248.48
7887.40000 2245.55
7887.50000 2147.76
7887.60000 2161.25
7887.70000 2206.52
7887.80000 2039.31
7887.90000 1915.74
7888.00000 2219.04
7888.10000 2249.59
7888.20000 2264.11
7888.30000 2269.76
7888.40000 2264.56
7888.50000 2266.34
7888.60000 2263.81
7888.70000 2265.22
7888.80000 2257.20
7888.90000 2270.63
7889.00000 2268.09
7889.10000 2285.38
7889.20000 2286.48
7889.30000 2277.29
7889.40000 2271.36
7889.50000 2264.69
7889.60000 2262.61
7889.70000 2260.31
7889.80000 2266.64
7889.90000 2255.39
7890.00000 2179.93
7890.10000 2019.68
7890.20000 2186.55
7890.30000 2262.88
7890.40000 2284.97
7890.50000 2292.68
7890.60000 2267.42
7890.70000 2289.83
7890.80000 2314.32
7890.90000 2299.30
7891.00000 2284.68
7891.10000 2254.24
7891.20000 2257.71
7891.30000 2289.03
7891.40000 2290.41
7891.50000 2308.07
7891.60000 2291.94
7891.70000 2240.36
7891.80000 2202.67
7891.90000 2161.79
7892.00000 2255.36
7892.10000 2282.11
7892.20000 2294.34
7892.30000 2278.42
7892.40000 2298.48
7892.50000 2243.36
7892.60000 1950.34
7892.70000 1918.68
7892.80000 2247.40
7892.90000 2290.86
7893.00000 2304.22
7893.10000 2320.75
7893.20000 2324.53
7893.30000 2316.06
7893.40000 2315.26
7893.50000 2327.92
7893.60000 2337.89
7893.70000 2326.17
7893.80000 2323.74
7893.90000 2307.68
7894.00000 2306.79
7894.10000 2256.52
7894.20000 1963.01
7894.30000 1786.74
7894.40000 2223.42
7894.50000 2304.61
7894.60000 2312.34
7894.70000 2324.36
7894.80000 2327.66
7894.90000 2329.35
7895.00000 2320.38
7895.10000 2331.14
7895.20000 2316.74
7895.30000 2307.44
7895.40000 2313.90
7895.50000 2269.62
7895.60000 2150.02
7895.70000 2230.12
7895.80000 2287.63
7895.90000 2297.56
7896.00000 2277.33
7896.10000 2242.56
7896.20000 1964.45
7896.30000 1845.84
7896.40000 2167.75
7896.50000 2242.90
7896.60000 2201.98
7896.70000 1956.85
7896.80000 1601.40
7896.90000 2046.45
7897.00000 2248.54
7897.10000 2280.04
7897.20000 2310.81
7897.30000 2305.33
7897.40000 2315.76
7897.50000 2314.37
7897.60000 2290.03
7897.70000 2320.55
7897.80000 2328.46
7897.90000 2299.08
7898.00000 2301.30
7898.10000 2313.90
7898.20000 2316.76
7898.30000 2323.40
7898.40000 2341.70
7898.50000 2305.14
7898.60000 2305.24
7898.70000 2305.85
7898.80000 2324.60
7898.90000 2335.12
7899.00000 2316.14
7899.10000 2309.15
7899.20000 2320.85
7899.30000 2312.68
7899.40000 2326.01
7899.50000 2335.64
7899.60000 2340.93
7899.70000 2328.69
7899.80000 2335.84
7899.90000 2325.97
7900.00000 2323.62
7900.10000 2343.86
7900.20000 2320.13
7900.30000 2318.00
7900.40000 2311.63
7900.50000 2322.23
7900.60000 2327.90
7900.70000 2317.82
7900.80000 2308.41
7900.90000 2342.07
7901.00000 2321.02
7901.10000 2311.40
7901.20000 2326.24
7901.30000 2331.73
7901.40000 2270.63
7901.50000 2098.81
7901.60000 2075.32
7901.70000 2238.06
7901.80000 2300.57
7901.90000 2280.65
7902.00000 2278.30
7902.10000 2292.69
7902.20000 2292.64
7902.30000 2250.54
7902.40000 2078.29
7902.50000 1517.91
7902.60000 1658.37
7902.70000 2077.37
7902.80000 2240.27
7902.90000 2285.78
7903.00000 2316.78
7903.10000 2297.88
7903.20000 2290.13
7903.30000 2289.18
7903.40000 2276.49
7903.50000 2259.37
7903.60000 2191.19
7903.70000 2223.65
7903.80000 2204.20
7903.90000 2077.99
7904.00000 2199.19
7904.10000 2274.57
7904.20000 2272.70
7904.30000 2281.27
7904.40000 2257.71
7904.50000 2207.30
7904.60000 2215.42
7904.70000 2257.21
7904.80000 2270.08
7904.90000 2268.98
7905.00000 2289.38
7905.10000 2258.77
7905.20000 2257.12
7905.30000 2282.26
7905.40000 2287.73
7905.50000 2259.81
7905.60000 2276.92
7905.70000 2261.33
7905.80000 2272.40
7905.90000 2270.65
7906.00000 2279.80
7906.10000 2260.81
7906.20000 2282.16
7906.30000 2251.93
7906.40000 2261.03
7906.50000 2259.33
7906.60000 2247.96
7906.70000 2259.13
7906.80000 2245.97
7906.90000 2242.77
7907.00000 2244.04
7907.10000 2237.68
7907.20000 2251.56
7907.30000 2243.34
7907.40000 2245.84
7907.50000 2262.45
7907.60000 2256.26
7907.70000 2259.65
7907.80000 2287.31
7907.90000 2236.44
7908.00000 2221.58
7908.10000 2248.26
7908.20000 2246.14
7908.30000 2231.06
7908.40000 2242.92
7908.50000 2261.97
7908.60000 2267.52
7908.70000 2259.31
7908.80000 2266.55
7908.90000 2245.93
7909.00000 2242.61
7909.10000 2250.59
7909.20000 2241.83
7909.30000 2195.05
7909.40000 1977.57
7909.50000 1449.86
7909.60000 1817.19
7909.70000 2152.81
7909.80000 2201.53
7909.90000 2228.85
7910.00000 2199.17
7910.10000 2012.16
7910.20000 2045.68
7910.30000 2206.98
7910.40000 2246.10
7910.50000 2250.73
7910.60000 2250.25
7910.70000 2261.95
7910.80000 2255.97
7910.90000 2246.68
7911.00000 2251.90
7911.10000 2250.73
7911.20000 2246.52
7911.30000 2199.42
7911.40000 1972.31
7911.50000 2016.76
7911.60000 2201.89
7911.70000 2243.68
7911.80000 2242.66
7911.90000 2268.69
7912.00000 2264.16
7912.10000 2253.86
7912.20000 2274.92
7912.30000 2250.31
7912.40000 2265.57
7912.50000 2262.31
7912.60000 2252.19
7912.70000 2146.53
7912.80000 2143.28
7912.90000 2245.27
7913.00000 2269.13
7913.10000 2277.61
7913.20000 2269.01
7913.30000 2285.48
7913.40000 2278.94
7913.50000 2269.38
7913.60000 2259.42
7913.70000 2253.25
7913.80000 2245.30
7913.90000 2259.06
7914.00000 2267.36
7914.10000 2291.32
7914.20000 2269.08
7914.30000 2272.16
7914.40000 2323.06
7914.50000 2313.39
7914.60000 2274.77
7914.70000 2281.09
7914.80000 2269.65
7914.90000 2279.72
7915.00000 2276.75
7915.10000 2274.58
7915.20000 2269.40
7915.30000 2264.39
7915.40000 2269.28
7915.50000 2287.87
7915.60000 2284.78
7915.70000 2277.65
7915.80000 2296.26
7915.90000 2288.66
7916.00000 2274.76
7916.10000 2258.86
7916.20000 2253.56
7916.30000 2069.75
7916.40000 1826.72
7916.50000 2114.47
7916.60000 2241.50
7916.70000 2270.98
7916.80000 2271.51
7916.90000 2274.05
7917.00000 2271.74
7917.10000 2278.71
7917.20000 2275.36
7917.30000 2167.97
7917.40000 2232.94
7917.50000 2219.96
7917.60000 2231.29
7917.70000 2229.63
7917.80000 2256.82
7917.90000 2260.05
7918.00000 2257.69
7918.10000 2237.85
7918.20000 2186.93
7918.30000 1951.95
7918.40000 2010.10
7918.50000 2213.75
7918.60000 2263.94
7918.70000 2274.51
7918.80000 2268.74
7918.90000 2265.46
7919.00000 2276.89
7919.10000 2324.78
7919.20000 2293.00
7919.30000 2305.86
7919.40000 2276.83
7919.50000 2280.22
7919.60000 2288.56
7919.70000 2265.56
7919.80000 2263.25
7919.90000 2272.54
7920.00000 2282.37
7920.10000 2275.24
7920.20000 2273.51
7920.30000 2273.28
7920.40000 2274.65
7920.50000 2282.09
7920.60000 2269.50
7920.70000 2260.17
7920.80000 2265.62
7920.90000 2263.32
7921.00000 2263.66
7921.10000 2242.95
7921.20000 2208.41
7921.30000 2008.32
7921.40000 1475.85
7921.50000 1801.53
7921.60000 2160.02
7921.70000 2218.63
7921.80000 2260.02
7921.90000 2250.53
7922.00000 2256.29
7922.10000 2261.67
7922.20000 2251.17
7922.30000 2271.48
7922.40000 2276.10
7922.50000 2266.56
7922.60000 2257.65
7922.70000 2261.38
7922.80000 2253.53
7922.90000 2240.49
7923.00000 2264.61
7923.10000 2241.40
7923.20000 2254.05
7923.30000 2269.25
7923.40000 2238.92
7923.50000 2225.00
7923.60000 2245.57
7923.70000 2237.18
7923.80000 2234.64
7923.90000 2247.30
7924.00000 2239.59
7924.10000 2236.12
7924.20000 2231.88
7924.30000 2240.70
7924.40000 2224.41
7924.50000 2237.31
7924.60000 2236.66
7924.70000 2214.37
7924.80000 2209.42
7924.90000 2176.30
7925.00000 2030.34
7925.10000 1642.27
7925.20000 1924.75
7925.30000 2168.76
7925.40000 2220.44
7925.50000 2204.74
7925.60000 2210.57
7925.70000 2219.69
7925.80000 2226.69
7925.90000 2231.99
7926.00000 2229.46
7926.10000 2229.29
7926.20000 2244.66
7926.30000 2234.68
7926.40000 2239.21
7926.50000 2220.88
7926.60000 2227.63
7926.70000 2221.03
7926.80000 2233.22
7926.90000 2245.63
7927.00000 2207.22
7927.10000 2240.40
7927.20000 2234.58
7927.30000 2252.73
7927.40000 2242.54
7927.50000 2225.71
7927.60000 2236.54
7927.70000 2238.40
7927.80000 2257.38
7927.90000 2249.88
7928.00000 2256.11
7928.10000 2228.59
7928.20000 2233.07
7928.30000 2249.38
7928.40000 2240.06
7928.50000 2225.66
7928.60000 2236.43
7928.70000 2237.56
7928.80000 2216.05
7928.90000 2214.53
7929.00000 2130.94
7929.10000 2142.17
7929.20000 2099.30
7929.30000 1742.21
7929.40000 1481.47
7929.50000 1971.89
7929.60000 2149.88
7929.70000 2201.74
7929.80000 2190.73
7929.90000 2182.89
7930.00000 2121.13
7930.10000 2007.17
7930.20000 2137.40
7930.30000 2213.16
7930.40000 2228.18
7930.50000 2225.03
7930.60000 2215.94
7930.70000 2168.13
7930.80000 2204.04
7930.90000 2236.51
7931.00000 2236.93
7931.10000 2247.01
7931.20000 2241.20
7931.30000 2216.51
7931.40000 2248.15
7931.50000 2239.44
7931.60000 2210.36
7931.70000 2238.00
7931.80000 2227.09
7931.90000 2240.31
7932.00000 2238.96
7932.10000 2230.51
7932.20000 2241.38
7932.30000 2223.18
7932.40000 2175.99
7932.50000 2011.66
7932.60000 2101.64
7932.70000 2195.85
7932.80000 2224.23
7932.90000 2224.27
7933.00000 2238.79
7933.10000 2233.40
7933.20000 2220.22
7933.30000 2197.37
7933.40000 2232.47
7933.50000 2248.19
7933.60000 2235.01
7933.70000 2230.28
7933.80000 2234.55
7933.90000 2238.71
7934.00000 2230.52
7934.10000 2246.69
7934.20000 2239.12
7934.30000 2253.22
7934.40000 2222.44
7934.50000 2227.92
7934.60000 2231.20
7934.70000 2230.14
7934.80000 2251.97
7934.90000 2241.74
7935.00000 2217.22
7935.10000 2222.27
7935.20000 2228.92
7935.30000 2236.93
7935.40000 2227.69
7935.50000 2255.70
7935.60000 2237.98
7935.70000 2235.85
7935.80000 2240.72
7935.90000 2241.80
7936.00000 2245.99
7936.10000 2243.84
7936.20000 2236.78
7936.30000 2236.50
7936.40000 2235.20
7936.50000 2238.03
7936.60000 2227.53
7936.70000 2240.71
7936.80000 2232.13
7936.90000 2237.92
7937.00000 2242.90
7937.10000 2234.57
7937.20000 2248.43
7937.30000 2238.58
7937.40000 2241.04
7937.50000 2245.13
7937.60000 2203.40
7937.70000 2186.11
7937.80000 2222.01
7937.90000 2220.73
7938.00000 2259.17
7938.10000 2236.55
7938.20000 2226.71
7938.30000 2233.27
7938.40000 2266.52
7938.50000 2240.63
7938.60000 2240.31
7938.70000 2237.98
7938.80000 2257.45
7938.90000 2249.68
7939.00000 2246.81
7939.10000 2214.49
7939.20000 2223.10
7939.30000 2257.15
7939.40000 2263.47
7939.50000 2240.78
7939.60000 2216.00
7939.70000 2187.33
7939.80000 2205.25
7939.90000 2232.45
7940.00000 2235.37
7940.10000 2243.23
7940.20000 2256.70
7940.30000 2224.84
7940.40000 2229.29
7940.50000 2252.80
7940.60000 2230.64
7940.70000 2243.96
7940.80000 2241.56
7940.90000 2269.99
7941.00000 2252.30
7941.10000 2206.67
7941.20000 2238.67
7941.30000 2250.14
7941.40000 2267.54
7941.50000 2258.75
7941.60000 2235.41
7941.70000 2237.96
7941.80000 2235.99
7941.90000 2212.69
7942.00000 2235.74
7942.10000 2222.23
7942.20000 2249.86
7942.30000 2240.05
7942.40000 2207.33
7942.50000 2097.32
7942.60000 2076.29
7942.70000 2197.68
7942.80000 2220.54
7942.90000 2223.40
7943.00000 2237.00
7943.10000 2242.07
7943.20000 2243.63
7943.30000 2247.75
7943.40000 2212.62
7943.50000 2174.29
7943.60000 2231.99
7943.70000 2232.19
7943.80000 2234.71
7943.90000 2242.89
7944.00000 2232.17
7944.10000 2228.24
7944.20000 2220.65
7944.30000 2223.67
7944.40000 2251.09
7944.50000 2258.33
7944.60000 2255.94
7944.70000 2254.34
7944.80000 2232.44
7944.90000 2257.70
7945.00000 2252.28
7945.10000 2246.86
7945.20000 2215.97
7945.30000 2235.64
7945.40000 2232.63
7945.50000 2223.28
7945.60000 2238.08
7945.70000 2236.65
7945.80000 2229.39
7945.90000 2223.98
7946.00000 2229.14
7946.10000 2226.74
7946.20000 2220.45
7946.30000 2223.09
7946.40000 2226.71
7946.50000 2221.74
7946.60000 2235.26
7946.70000 2213.64
7946.80000 2226.25
7946.90000 2245.68
7947.00000 2223.07
7947.10000 2228.40
7947.20000 2223.16
7947.30000 2230.75
7947.40000 2206.27
7947.50000 2176.18
7947.60000 2203.66
7947.70000 2225.26
7947.80000 2221.32
7947.90000 2234.14
7948.00000 2221.95
7948.10000 2213.78
7948.20000 2198.26
7948.30000 2196.29
7948.40000 2098.44
7948.50000 1935.68
7948.60000 2114.48
7948.70000 2214.03
7948.80000 2238.67
7948.90000 2233.08
7949.00000 2230.55
7949.10000 2225.57
7949.20000 2207.85
7949.30000 2226.07
7949.40000 2228.10
7949.50000 2227.84
7949.60000 2226.11
7949.70000 2218.56
7949.80000 2217.72
7949.90000 2253.16
7950.00000 2250.66
7950.10000 2233.61
7950.20000 2248.24
7950.30000 2248.28
7950.40000 2231.66
7950.50000 2224.75
7950.60000 2213.43
7950.70000 2236.24
7950.80000 2236.25
7950.90000 2213.72
7951.00000 2200.70
7951.10000 2222.91
7951.20000 2210.52
7951.30000 2216.89
7951.40000 2211.85
7951.50000 2214.93
7951.60000 2088.48
7951.70000 2086.32
7951.80000 2158.36
7951.90000 2044.61
7952.00000 2085.12
7952.10000 2204.85
7952.20000 2217.98
7952.30000 2227.97
7952.40000 2215.48
7952.50000 2228.04
7952.60000 2222.24
7952.70000 2221.39
7952.80000 2220.62
7952.90000 2226.18
7953.00000 2213.59
7953.10000 2243.17
7953.20000 2232.38
7953.30000 2225.85
7953.40000 2207.55
7953.50000 2228.75
7953.60000 2213.40
7953.70000 2225.06
7953.80000 2214.83
7953.90000 2240.25
7954.00000 2233.88
7954.10000 2354.13
7954.20000 2235.57
7954.30000 2220.50
7954.40000 2197.93
7954.50000 2097.27
7954.60000 2002.98
7954.70000 2167.87
7954.80000 2213.27
7954.90000 2209.94
7955.00000 2223.20
7955.10000 2227.99
7955.20000 2229.63
7955.30000 2211.79
7955.40000 2220.80
7955.50000 2221.31
7955.60000 2212.62
7955.70000 2201.46
7955.80000 2210.96
7955.90000 2218.83
7956.00000 2217.37
7956.10000 2223.00
7956.20000 2228.97
7956.30000 2211.62
7956.40000 2220.59
7956.50000 2207.19
7956.60000 2220.54
7956.70000 2212.28
7956.80000 2197.51
7956.90000 2105.37
7957.00000 2156.61
7957.10000 2200.57
7957.20000 2233.89
7957.30000 2247.67
7957.40000 2228.49
7957.50000 2225.50
7957.60000 2230.31
7957.70000 2238.84
7957.80000 2236.35
7957.90000 2228.95
7958.00000 2220.35
7958.10000 2211.00
7958.20000 2228.59
7958.30000 2235.90
7958.40000 2227.10
7958.50000 2192.86
7958.60000 2208.62
7958.70000 2212.77
7958.80000 2192.23
7958.90000 2171.08
7959.00000 2171.65
7959.10000 2084.48
7959.20000 1627.48
7959.30000 1619.80
7959.40000 2061.11
7959.50000 2186.90
7959.60000 2198.08
7959.70000 2200.87
7959.80000 2210.58
7959.90000 2213.87
7960.00000 2194.58
7960.10000 2200.86
7960.20000 2205.01
7960.30000 2198.67
7960.40000 2206.59
7960.50000 2210.90
7960.60000 2207.96
7960.70000 2236.36
7960.80000 2199.38
7960.90000 2147.95
7961.00000 1950.06
7961.10000 2027.98
7961.20000 2177.93
7961.30000 2125.91
7961.40000 1953.66
7961.50000 1625.47
7961.60000 1950.81
7961.70000 2143.12
7961.80000 2186.40
7961.90000 2175.83
7962.00000 2199.75
7962.10000 2199.05
7962.20000 2179.39
7962.30000 2040.42
7962.40000 1858.33
7962.50000 2121.84
7962.60000 2203.46
7962.70000 2192.50
7962.80000 2220.80
7962.90000 2258.98
7963.00000 2261.39
7963.10000 2204.28
7963.20000 2255.26
7963.30000 2142.17
7963.40000 2097.25
7963.50000 2073.15
7963.60000 1934.28
7963.70000 1890.53
7963.80000 1809.74
7963.90000 1599.01
7964.00000 1996.25
7964.10000 2184.86
7964.20000 2219.60
7964.30000 2214.00
7964.40000 2218.85
7964.50000 2197.82
7964.60000 2204.55
7964.70000 2215.48
7964.80000 2194.49
7964.90000 2193.53
7965.00000 2117.85
7965.10000 1849.84
7965.20000 2053.22
7965.30000 2196.80
7965.40000 2250.10
7965.50000 2253.14
7965.60000 2202.44
7965.70000 2155.29
7965.80000 2164.62
7965.90000 2191.80
7966.00000 2224.03
7966.10000 2213.06
7966.20000 2226.35
7966.30000 2228.27
7966.40000 2238.33
7966.50000 2234.52
7966.60000 2255.44
7966.70000 2246.34
7966.80000 2230.48
7966.90000 2219.05
7967.00000 2236.26
7967.10000 2224.39
7967.20000 2207.02
7967.30000 2213.48
7967.40000 2231.80
7967.50000 2248.09
7967.60000 2241.82
7967.70000 2241.99
7967.80000 2218.30
7967.90000 2215.54
7968.00000 2228.08
7968.10000 2251.33
7968.20000 2229.92
7968.30000 2221.16
7968.40000 2190.98
7968.50000 2213.64
7968.60000 2230.90
7968.70000 2184.54
7968.80000 1989.89
7968.90000 1805.17
7969.00000 2104.04
7969.10000 2186.14
7969.20000 2116.86
7969.30000 2151.29
7969.40000 2176.37
7969.50000 2129.94
7969.60000 2168.87
7969.70000 2195.56
7969.80000 2206.88
7969.90000 2228.10
7970.00000 2213.01
7970.10000 2215.50
7970.20000 2219.49
7970.30000 2216.24
7970.40000 2210.91
7970.50000 2236.46
7970.60000 2215.24
7970.70000 2233.63
7970.80000 2218.29
7970.90000 2224.35
7971.00000 2230.71
7971.10000 2197.94
7971.20000 2181.39
7971.30000 2196.96
7971.40000 2203.70
7971.50000 2240.46
7971.60000 2240.25
7971.70000 2238.56
7971.80000 2212.94
7971.90000 2360.22
7972.00000 2284.28
7972.10000 2177.86
7972.20000 1985.48
7972.30000 1774.82
7972.40000 2068.90
7972.50000 2192.65
7972.60000 2214.58
7972.70000 2227.44
7972.80000 2205.66
7972.90000 2165.27
7973.00000 2229.62
7973.10000 2202.86
7973.20000 2239.70
7973.30000 2227.80
7973.40000 2246.52
7973.50000 2239.99
7973.60000 2232.18
7973.70000 2263.08
7973.80000 2259.47
7973.90000 2276.46
7974.00000 2266.15
7974.10000 2260.88
7974.20000 2259.00
7974.30000 2259.18
7974.40000 2264.82
7974.50000 2258.65
7974.60000 2263.39
7974.70000 2253.57
7974.80000 2281.16
7974.90000 2294.16
7975.00000 2299.62
7975.10000 2239.10
7975.20000 2245.93
7975.30000 2247.77
7975.40000 2246.43
7975.50000 2231.46
7975.60000 2195.67
7975.70000 2134.93
7975.80000 2114.10
7975.90000 2225.53
7976.00000 2253.51
7976.10000 2222.09
7976.20000 2247.75
7976.30000 2238.74
7976.40000 2237.28
7976.50000 2221.37
7976.60000 2248.94
7976.70000 2253.16
7976.80000 2239.12
7976.90000 2242.92
7977.00000 2224.72
7977.10000 2208.56
7977.20000 2205.32
7977.30000 2184.87
7977.40000 2150.06
7977.50000 2236.09
7977.60000 2237.13
7977.70000 2231.92
7977.80000 2232.82
7977.90000 2242.38
7978.00000 2240.49
7978.10000 2254.71
7978.20000 2226.49
7978.30000 2226.88
7978.40000 2252.94
7978.50000 2239.62
7978.60000 2251.14
7978.70000 2202.16
7978.80000 2192.79
7978.90000 2258.09
7979.00000 2240.22
7979.10000 2203.63
7979.20000 2260.14
7979.30000 2247.89
7979.40000 2254.94
7979.50000 2268.65
7979.60000 2225.07
7979.70000 2236.09
7979.80000 2240.72
7979.90000 2262.58
7980.00000 2278.89
7980.10000 2250.48
7980.20000 2267.36
7980.30000 2239.43
7980.40000 2233.06
7980.50000 2229.32
7980.60000 2218.35
7980.70000 2152.98
7980.80000 2083.37
7980.90000 2210.02
7981.00000 2232.12
7981.10000 2171.49
7981.20000 2046.30
7981.30000 2115.37
7981.40000 2197.46
7981.50000 2234.60
7981.60000 2210.97
7981.70000 2224.78
7981.80000 2232.06
7981.90000 2219.12
7982.00000 2219.12
7982.10000 2219.41
7982.20000 2216.62
7982.30000 2226.53
7982.40000 2203.35
7982.50000 2214.20
7982.60000 2234.10
7982.70000 2224.62
7982.80000 2209.61
7982.90000 2192.70
7983.00000 2212.90
7983.10000 2211.12
7983.20000 2205.51
7983.30000 2221.35
7983.40000 2247.86
7983.50000 2212.52
7983.60000 2433.67
7983.70000 2228.63
7983.80000 2216.41
7983.90000 2202.98
7984.00000 2217.38
7984.10000 2220.77
7984.20000 2217.02
7984.30000 2219.76
7984.40000 2188.83
7984.50000 2196.50
7984.60000 2222.09
7984.70000 2176.23
7984.80000 2141.66
7984.90000 2173.77
7985.00000 2017.35
7985.10000 1700.88
7985.20000 1970.92
7985.30000 2191.13
7985.40000 2203.55
7985.50000 2208.31
7985.60000 2213.78
7985.70000 2243.07
7985.80000 2211.88
7985.90000 2206.78
7986.00000 2217.09
7986.10000 2195.09
7986.20000 2212.27
7986.30000 2213.48
7986.40000 2211.63
7986.50000 2204.49
7986.60000 2241.34
7986.70000 2209.68
7986.80000 2168.37
7986.90000 2135.51
7987.00000 1977.73
7987.10000 2077.06
7987.20000 2187.05
7987.30000 2210.49
7987.40000 2221.91
7987.50000 2190.71
7987.60000 2206.17
7987.70000 2218.06
7987.80000 2231.54
7987.90000 2209.25
7988.00000 2201.29
7988.10000 2203.82
7988.20000 2193.82
7988.30000 2178.93
7988.40000 2232.99
7988.50000 2198.08
7988.60000 2209.03
7988.70000 2205.78
7988.80000 2163.10
7988.90000 2087.78
7989.00000 2146.07
7989.10000 2187.30
7989.20000 2190.35
7989.30000 2208.79
7989.40000 2231.01
7989.50000 2216.83
7989.60000 2203.15
7989.70000 2267.60
7989.80000 2239.36
7989.90000 2203.85
7990.00000 2196.59
7990.10000 2221.61
7990.20000 2213.58
7990.30000 2227.34
7990.40000 2193.14
7990.50000 2215.29
7990.60000 2201.79
7990.70000 2197.41
7990.80000 2189.30
7990.90000 2169.82
7991.00000 2209.13
7991.10000 2206.04
7991.20000 2194.98
7991.30000 2190.27
7991.40000 2104.40
7991.50000 2038.46
7991.60000 2086.01
7991.70000 2117.86
7991.80000 2195.69
7991.90000 2191.48
7992.00000 2199.14
7992.10000 2213.67
7992.20000 2218.51
7992.30000 2185.82
7992.40000 2230.14
7992.50000 2203.18
7992.60000 2204.36
7992.70000 2206.99
7992.80000 2194.27
7992.90000 2208.96
7993.00000 2198.53
7993.10000 2187.27
7993.20000 2222.88
7993.30000 2234.82
7993.40000 2214.17
7993.50000 2212.44
7993.60000 2229.12
7993.70000 2208.08
7993.80000 2145.02
7993.90000 2209.40
7994.00000 2244.26
7994.10000 2218.12
7994.20000 2175.52
7994.30000 2207.30
7994.40000 2206.27
7994.50000 2213.68
7994.60000 2159.43
7994.70000 2117.24
7994.80000 2130.05
7994.90000 2146.80
7995.00000 2174.53
7995.10000 2204.05
7995.20000 2209.15
7995.30000 2218.52
7995.40000 2222.32
7995.50000 2229.24
7995.60000 2221.20
7995.70000 2166.35
7995.80000 2187.00
7995.90000 2182.53
7996.00000 2218.72
7996.10000 2214.13
7996.20000 2199.61
7996.30000 2201.60
7996.40000 2183.08
7996.50000 2197.80
7996.60000 2123.96
7996.70000 2171.84
7996.80000 2218.15
7996.90000 2225.23
7997.00000 2211.09
7997.10000 2217.86
7997.20000 2165.98
7997.30000 2126.68
7997.40000 2182.01
7997.50000 2230.51
7997.60000 2208.59
7997.70000 2229.78
7997.80000 2186.93
7997.90000 2208.21
7998.00000 2218.31
7998.10000 2199.38
7998.20000 2216.50
7998.30000 2155.19
7998.40000 2173.52
7998.50000 2193.46
7998.60000 2181.98
7998.70000 2184.24
7998.80000 2174.09
7998.90000 2109.36
7999.00000 1878.88
7999.10000 2031.01
7999.20000 1997.04
7999.30000 2003.23
7999.40000 2147.28
7999.50000 2179.42
7999.60000 2191.69
7999.70000 2196.28
7999.80000 2186.15
7999.90000 2150.75
8000.00000 2179.57
8000.10000 2177.48
8000.20000 2207.47
8000.30000 2189.86
8000.40000 2196.48
8000.50000 2201.06
8000.60000 2208.89
8000.70000 2193.21
8000.80000 2164.51
8000.90000 2093.90
8001.00000 1731.70
8001.10000 1589.87
8001.20000 2003.77
8001.30000 2105.97
8001.40000 2159.34
8001.50000 2196.34
8001.60000 2172.18
8001.70000 2112.03
8001.80000 2142.33
8001.90000 2191.86
8002.00000 2175.00
8002.10000 2172.79
8002.20000 2170.34
8002.30000 2194.22
8002.40000 2189.35
8002.50000 2236.96
8002.60000 2214.08
8002.70000 2228.26
8002.80000 2217.01
8002.90000 2201.23
8003.00000 2207.85
8003.10000 2218.87
8003.20000 2211.56
8003.30000 2183.71
8003.40000 2195.38
8003.50000 2221.40
8003.60000 2227.13
8003.70000 2205.74
8003.80000 2195.88
8003.90000 2178.21
8004.00000 2089.02
8004.10000 2128.24
8004.20000 2203.57
8004.30000 2194.43
8004.40000 2184.96
8004.50000 2196.97
8004.60000 2209.14
8004.70000 2227.42
8004.80000 2184.67
8004.90000 2205.67
8005.00000 2242.26
8005.10000 2226.84
8005.20000 2199.41
8005.30000 2116.79
8005.40000 2146.80
8005.50000 2206.46
8005.60000 2216.72
8005.70000 2130.50
8005.80000 2102.20
8005.90000 2190.37
8006.00000 2197.98
8006.10000 2201.03
8006.20000 2199.48
8006.30000 2219.83
8006.40000 2228.88
8006.50000 2221.25
8006.60000 2219.48
8006.70000 2216.67
8006.80000 2231.65
8006.90000 2210.95
8007.00000 2212.32
8007.10000 2189.96
8007.20000 2213.06
8007.30000 2182.77
8007.40000 2164.21
8007.50000 2201.71
8007.60000 2197.21
8007.70000 2170.02
8007.80000 2146.95
8007.90000 2183.94
8008.00000 2079.08
8008.10000 1841.96
8008.20000 1517.65
8008.30000 1584.81
8008.40000 1926.33
8008.50000 1822.10
8008.60000 2018.03
8008.70000 2145.88
8008.80000 2208.82
8008.90000 2176.09
8009.00000 2161.28
8009.10000 2197.26
8009.20000 2203.62
8009.30000 2196.37
8009.40000 2206.82
8009.50000 2173.31
8009.60000 2221.69
8009.70000 2225.33
8009.80000 2220.30
8009.90000 2220.79
8010.00000 2207.60
8010.10000 2212.25
8010.20000 2214.21
8010.30000 2202.41
8010.40000 2227.28
8010.50000 2239.82
8010.60000 2211.42
8010.70000 2208.19
8010.80000 2215.09
8010.90000 2224.48
8011.00000 2215.46
8011.10000 2226.56
8011.20000 2224.24
8011.30000 2201.85
8011.40000 2219.94
8011.50000 2156.12
8011.60000 2097.22
8011.70000 2009.51
8011.80000 2172.88
8011.90000 2184.01
8012.00000 2208.23
8012.10000 2225.74
8012.20000 2209.53
8012.30000 2196.10
8012.40000 2211.43
8012.50000 2203.58
8012.60000 2212.46
8012.70000 2199.78
8012.80000 2182.57
8012.90000 2196.00
8013.00000 2150.09
8013.10000 2116.79
8013.20000 2106.48
8013.30000 2112.89
8013.40000 2166.74
8013.50000 2156.83
8013.60000 1966.89
8013.70000 1620.02
8013.80000 1937.93
8013.90000 2134.14
8014.00000 2145.28
8014.10000 2023.10
8014.20000 2040.33
8014.30000 2177.74
8014.40000 2169.85
8014.50000 2180.83
8014.60000 2158.55
8014.70000 2103.18
8014.80000 1998.28
8014.90000 2122.27
8015.00000 2177.87
8015.10000 2216.50
8015.20000 2208.37
8015.30000 2198.79
8015.40000 2142.70
8015.50000 2103.98
8015.60000 2172.53
8015.70000 2202.78
8015.80000 2229.54
8015.90000 2212.08
8016.00000 2206.92
8016.10000 2208.65
8016.20000 2228.83
8016.30000 2202.37
8016.40000 2219.86
8016.50000 2192.91
8016.60000 2196.47
8016.70000 2218.50
8016.80000 2202.25
8016.90000 2210.14
8017.00000 2237.56
8017.10000 2224.44
8017.20000 2195.73
8017.30000 2132.22
8017.40000 2204.33
8017.50000 2206.42
8017.60000 2213.28
8017.70000 2194.07
8017.80000 2207.82
8017.90000 2214.05
8018.00000 2198.59
8018.10000 2134.34
8018.20000 2051.10
8018.30000 2157.92
8018.40000 2177.98
8018.50000 2177.55
8018.60000 2208.58
8018.70000 2171.50
8018.80000 2151.65
8018.90000 2177.31
8019.00000 2169.23
8019.10000 2145.29
8019.20000 2188.52
8019.30000 2203.01
8019.40000 2207.09
8019.50000 2204.50
8019.60000 2219.45
8019.70000 2243.29
8019.80000 2203.30
8019.90000 2197.87
8020.00000 2233.84
8020.10000 2224.09
8020.20000 2207.71
8020.30000 2228.34
8020.40000 2219.45
8020.50000 2205.64
8020.60000 2207.29
8020.70000 2206.00
8020.80000 2227.41
8020.90000 2177.38
8021.00000 2129.08
8021.10000 2166.54
8021.20000 2224.00
8021.30000 2156.04
8021.40000 2013.79
8021.50000 1873.98
8021.60000 2064.56
8021.70000 2180.27
8021.80000 2194.08
8021.90000 2194.89
8022.00000 2207.57
8022.10000 2190.62
8022.20000 2191.40
8022.30000 2200.06
8022.40000 2197.24
8022.50000 2173.46
8022.60000 2178.95
8022.70000 2146.35
8022.80000 2010.46
8022.90000 2057.21
8023.00000 2180.09
8023.10000 2183.48
8023.20000 2178.12
8023.30000 2173.63
8023.40000 2200.44
8023.50000 2178.78
8023.60000 2167.15
8023.70000 2059.14
8023.80000 2062.42
8023.90000 1923.35
8024.00000 1976.37
8024.10000 2150.23
8024.20000 2189.39
8024.30000 2195.88
8024.40000 2206.95
8024.50000 2166.54
8024.60000 2004.06
8024.70000 2078.56
8024.80000 2157.48
8024.90000 2079.29
8025.00000 2032.87
8025.10000 2139.98
8025.20000 2208.94
8025.30000 2214.45
8025.40000 2201.78
8025.50000 2204.25
8025.60000 2178.61
8025.70000 2180.84
8025.80000 2166.39
8025.90000 2088.43
8026.00000 2072.92
8026.10000 2187.58
8026.20000 2183.00
8026.30000 2200.30
8026.40000 2195.71
8026.50000 2207.21
8026.60000 2149.69
8026.70000 2151.99
8026.80000 2088.92
8026.90000 2038.96
8027.00000 2154.34
8027.10000 2177.12
8027.20000 2193.62
8027.30000 2219.15
8027.40000 2224.44
8027.50000 2195.13
8027.60000 2137.91
8027.70000 2170.40
8027.80000 2191.93
8027.90000 2215.24
8028.00000 2206.82
8028.10000 2197.62
8028.20000 2179.86
8028.30000 2170.94
8028.40000 2177.22
8028.50000 2063.98
8028.60000 2009.70
8028.70000 2160.63
8028.80000 2189.35
8028.90000 2194.90
8029.00000 2206.79
8029.10000 2187.97
8029.20000 2049.16
8029.30000 1752.77
8029.40000 1922.44
8029.50000 2099.26
8029.60000 2161.00
8029.70000 2200.25
8029.80000 2211.82
8029.90000 2237.99
8030.00000 2221.12
8030.10000 2194.49
8030.20000 2143.99
8030.30000 2155.76
8030.40000 2187.64
8030.50000 2207.94
8030.60000 2207.51
8030.70000 2195.56
8030.80000 2201.05
8030.90000 2220.87
8031.00000 2195.24
8031.10000 2215.50
8031.20000 2203.88
8031.30000 2205.47
8031.40000 2227.61
8031.50000 2205.07
8031.60000 2204.75
8031.70000 2201.73
8031.80000 2217.50
8031.90000 2181.47
8032.00000 2118.09
8032.10000 2116.00
8032.20000 2187.29
8032.30000 2212.61
8032.40000 2212.68
8032.50000 2218.24
8032.60000 2190.36
8032.70000 2203.45
8032.80000 2199.34
8032.90000 2213.83
8033.00000 2217.68
8033.10000 2208.43
8033.20000 2193.68
8033.30000 2211.40
8033.40000 2198.34
8033.50000 2211.68
8033.60000 2225.47
8033.70000 2208.45
8033.80000 2212.40
8033.90000 2203.73
8034.00000 2180.20
8034.10000 2172.52
8034.20000 2191.69
8034.30000 2070.48
8034.40000 2001.29
8034.50000 2086.40
8034.60000 2174.79
8034.70000 2207.98
8034.80000 2189.91
8034.90000 2165.55
8035.00000 1961.97
8035.10000 1900.58
8035.20000 2120.50
8035.30000 2155.80
8035.40000 2181.83
8035.50000 2205.15
8035.60000 2203.57
8035.70000 2205.76
8035.80000 2190.19
8035.90000 2183.57
8036.00000 2152.92
8036.10000 2106.66
8036.20000 2119.65
8036.30000 2192.83
8036.40000 2199.01
8036.50000 2200.31
8036.60000 2217.38
8036.70000 2212.28
8036.80000 2192.27
8036.90000 2192.27
8037.00000 2196.43
8037.10000 2096.51
8037.20000 1828.89
8037.30000 1906.40
8037.40000 2099.70
8037.50000 2164.86
8037.60000 2185.85
8037.70000 2200.11
8037.80000 2196.13
8037.90000 2207.99
8038.00000 2184.53
8038.10000 2203.25
8038.20000 2197.65
8038.30000 2173.26
8038.40000 2188.82
8038.50000 2186.19
8038.60000 2159.25
8038.70000 2150.53
8038.80000 2181.06
8038.90000 2195.41
8039.00000 2198.55
8039.10000 2206.47
8039.20000 2219.11
8039.30000 2219.46
8039.40000 2197.37
8039.50000 2239.86
8039.60000 2192.56
8039.70000 2206.72
8039.80000 2191.12
8039.90000 2222.59
8040.00000 2189.93
8040.10000 2179.24
8040.20000 2156.21
8040.30000 1996.11
8040.40000 1877.04
8040.50000 2133.67
8040.60000 2189.66
8040.70000 2193.02
8040.80000 2205.18
8040.90000 2208.89
8041.00000 2209.22
8041.10000 2206.16
8041.20000 2190.91
8041.30000 2203.70
8041.40000 2199.44
8041.50000 2199.07
8041.60000 2230.49
8041.70000 2202.24
8041.80000 2151.01
8041.90000 2176.37
8042.00000 2218.76
8042.10000 2224.02
8042.20000 2218.56
8042.30000 2212.17
8042.40000 2222.15
8042.50000 2209.98
8042.60000 2198.95
8042.70000 2172.77
8042.80000 2203.21
8042.90000 2218.17
8043.00000 2159.69
8043.10000 2043.82
8043.20000 2137.68
8043.30000 2177.69
8043.40000 2196.62
8043.50000 2218.58
8043.60000 2209.48
8043.70000 2184.83
8043.80000 2142.94
8043.90000 1925.72
8044.00000 2001.12
8044.10000 2161.51
8044.20000 2173.32
8044.30000 2127.60
8044.40000 2091.99
8044.50000 2164.56
8044.60000 2109.96
8044.70000 2088.43
8044.80000 2175.95
8044.90000 2182.42
8045.00000 2183.62
8045.10000 2041.73
8045.20000 1981.49
8045.30000 2156.97
8045.40000 2211.16
8045.50000 2199.15
8045.60000 2191.68
8045.70000 2213.90
8045.80000 2222.00
8045.90000 2206.01
8046.00000 2198.52
8046.10000 2165.38
8046.20000 2030.39
8046.30000 1780.48
8046.40000 2009.70
8046.50000 2163.71
8046.60000 2198.45
8046.70000 2201.46
8046.80000 2201.59
8046.90000 2195.61
8047.00000 2210.88
8047.10000 2200.70
8047.20000 2197.90
8047.30000 2154.98
8047.40000 2197.88
8047.50000 2221.54
8047.60000 2214.06
8047.70000 2209.97
8047.80000 2221.27
8047.90000 2253.18
8048.00000 2225.82
8048.10000 2231.31
8048.20000 2216.85
8048.30000 2220.65
8048.40000 2205.82
8048.50000 2198.32
8048.60000 2201.68
8048.70000 2227.41
8048.80000 2198.06
8048.90000 2223.26
8049.00000 2203.26
8049.10000 2236.07
8049.20000 2211.46
8049.30000 2216.84
8049.40000 2219.69
8049.50000 2233.25
8049.60000 2186.50
8049.70000 2126.48
8049.80000 2105.11
8049.90000 2198.31
8050.00000 2231.00
8050.10000 2207.82
8050.20000 2212.24
8050.30000 2220.75
8050.40000 2217.28
8050.50000 2221.59
8050.60000 2237.06
8050.70000 2208.91
8050.80000 2208.81
8050.90000 2218.23
8051.00000 2189.69
8051.10000 2182.79
8051.20000 2219.53
8051.30000 2185.52
8051.40000 2202.53
8051.50000 2244.99
8051.60000 2236.97
8051.70000 2220.97
8051.80000 2232.88
8051.90000 2237.50
8052.00000 2239.03
8052.10000 2223.54
8052.20000 2233.14
8052.30000 2232.20
8052.40000 2227.08
8052.50000 2209.90
8052.60000 2216.99
8052.70000 2236.27
8052.80000 2212.35
8052.90000 2225.89
8053.00000 2200.03
8053.10000 2165.56
8053.20000 2019.61
8053.30000 2134.39
8053.40000 2217.30
8053.50000 2194.89
8053.60000 2191.02
8053.70000 2209.70
8053.80000 2201.26
8053.90000 2165.15
8054.00000 2152.56
8054.10000 2197.86
8054.20000 2229.07
8054.30000 2224.11
8054.40000 2223.12
8054.50000 2216.36
8054.60000 2252.52
8054.70000 2222.89
8054.80000 2226.40
8054.90000 2219.42
8055.00000 2187.64
8055.10000 2113.12
8055.20000 2146.89
8055.30000 2192.96
8055.40000 2233.35
8055.50000 2235.32
8055.60000 2192.59
8055.70000 2161.62
8055.80000 2228.98
8055.90000 2224.78
8056.00000 2211.82
8056.10000 2231.16
8056.20000 2226.45
8056.30000 2227.77
8056.40000 2220.88
8056.50000 2223.03
8056.60000 2227.39
8056.70000 2213.12
8056.80000 2200.51
8056.90000 2215.94
8057.00000 2247.01
8057.10000 2244.55
8057.20000 2216.16
8057.30000 2217.08
8057.40000 2195.64
8057.50000 2213.36
8057.60000 2238.60
8057.70000 2243.87
8057.80000 2227.48
8057.90000 2222.18
8058.00000 2234.66
8058.10000 2219.81
8058.20000 2208.68
8058.30000 2230.77
8058.40000 2238.32
8058.50000 2213.83
8058.60000 2200.60
8058.70000 2217.10
8058.80000 2243.36
8058.90000 2203.34
8059.00000 2219.31
8059.10000 2222.06
8059.20000 2214.82
8059.30000 2233.62
8059.40000 2210.74
8059.50000 2176.24
8059.60000 2141.13
8059.70000 2217.89
8059.80000 2221.98
8059.90000 2226.35
8060.00000 2254.58
8060.10000 2213.92
8060.20000 2190.58
8060.30000 2024.15
8060.40000 2128.15
8060.50000 2204.21
8060.60000 2201.18
8060.70000 2234.01
8060.80000 2211.79
8060.90000 2221.54
8061.00000 2180.19
8061.10000 2166.24
8061.20000 2216.88
8061.30000 2220.02
8061.40000 2220.00
8061.50000 2212.97
8061.60000 2233.52
8061.70000 2226.26
8061.80000 2226.61
8061.90000 2247.45
8062.00000 2213.73
8062.10000 2215.05
8062.20000 2207.15
8062.30000 2219.87
8062.40000 2215.90
8062.50000 2208.25
8062.60000 2203.93
8062.70000 2206.16
8062.80000 2171.77
8062.90000 2121.65
8063.00000 2159.04
8063.10000 2194.71
8063.20000 2221.62
8063.30000 2224.46
8063.40000 2204.04
8063.50000 2187.08
8063.60000 2175.72
8063.70000 2203.73
8063.80000 2194.40
8063.90000 2181.85
8064.00000 2057.29
8064.10000 2042.22
8064.20000 2168.97
8064.30000 2190.69
8064.40000 2227.86
8064.50000 2224.17
8064.60000 2226.00
8064.70000 2209.40
8064.80000 2232.81
8064.90000 2228.05
8065.00000 2215.70
8065.10000 2215.33
8065.20000 2233.13
8065.30000 2226.05
8065.40000 2221.71
8065.50000 2209.08
8065.60000 2210.87
8065.70000 2222.67
8065.80000 2198.89
8065.90000 2171.03
8066.00000 2081.72
8066.10000 2169.05
8066.20000 2204.99
8066.30000 2221.62
8066.40000 2224.50
8066.50000 2200.88
8066.60000 2163.88
8066.70000 2212.27
8066.80000 2199.32
8066.90000 2209.03
8067.00000 2226.97
8067.10000 2198.89
8067.20000 2227.99
8067.30000 2240.25
8067.40000 2204.14
8067.50000 2207.66
8067.60000 2218.38
8067.70000 2228.59
8067.80000 2233.91
8067.90000 2230.82
8068.00000 2210.33
8068.10000 2199.29
8068.20000 2211.53
8068.30000 2220.73
8068.40000 2198.73
8068.50000 2200.45
8068.60000 2218.46
8068.70000 2199.67
8068.80000 2195.03
8068.90000 2210.62
8069.00000 2222.33
8069.10000 2231.40
8069.20000 2203.21
8069.30000 2203.18
8069.40000 2176.39
8069.50000 2219.59
8069.60000 2200.03
8069.70000 2219.12
8069.80000 2216.47
8069.90000 2225.93
8070.00000 2188.16
8070.10000 2197.97
8070.20000 2231.94
8070.30000 2223.70
8070.40000 2222.89
8070.50000 2190.00
8070.60000 2176.03
8070.70000 2069.71
8070.80000 1934.03
8070.90000 2084.54
8071.00000 2172.11
8071.10000 2109.67
8071.20000 2160.33
8071.30000 2193.00
8071.40000 2221.25
8071.50000 2215.27
8071.60000 2200.36
8071.70000 2166.55
8071.80000 2162.62
8071.90000 2164.70
8072.00000 2200.47
8072.10000 2212.94
8072.20000 2215.16
8072.30000 2198.72
8072.40000 2210.30
8072.50000 2226.97
8072.60000 2227.82
8072.70000 2219.17
8072.80000 2203.12
8072.90000 2240.91
8073.00000 2224.66
8073.10000 2181.45
8073.20000 2186.10
8073.30000 2222.61
8073.40000 2221.50
8073.50000 2216.65
8073.60000 2217.61
8073.70000 2216.63
8073.80000 2229.02
8073.90000 2202.22
8074.00000 2215.21
8074.10000 2209.09
8074.20000 2216.10
8074.30000 2215.54
8074.40000 2212.82
8074.50000 2204.58
8074.60000 2215.59
8074.70000 2205.66
8074.80000 2219.61
8074.90000 2234.14
8075.00000 2218.85
8075.10000 2234.90
8075.20000 2225.12
8075.30000 2206.73
8075.40000 2167.68
8075.50000 2130.85
8075.60000 2167.05
8075.70000 2221.03
8075.80000 2204.92
8075.90000 2218.13
8076.00000 2212.44
8076.10000 2194.39
8076.20000 2151.16
8076.30000 2095.19
8076.40000 2143.08
8076.50000 2191.60
8076.60000 2211.91
8076.70000 2203.65
8076.80000 2214.38
8076.90000 2194.90
8077.00000 2126.41
8077.10000 2078.21
8077.20000 2187.82
8077.30000 2221.38
8077.40000 2234.05
8077.50000 2194.72
8077.60000 2175.76
8077.70000 2190.71
8077.80000 2175.97
8077.90000 2188.69
8078.00000 2205.30
8078.10000 2214.44
8078.20000 2200.17
8078.30000 2225.23
8078.40000 2223.82
8078.50000 2221.49
8078.60000 2217.66
8078.70000 2223.58
8078.80000 2228.37
8078.90000 2201.40
8079.00000 2204.19
8079.10000 2212.49
8079.20000 2164.20
8079.30000 2135.06
8079.40000 2186.29
8079.50000 2190.13
8079.60000 2208.72
8079.70000 2212.84
8079.80000 2194.68
8079.90000 2177.38
8080.00000 2157.62
8080.10000 2176.60
8080.20000 2202.39
8080.30000 2164.49
8080.40000 2147.41
8080.50000 2205.44
8080.60000 2217.34
8080.70000 2217.00
8080.80000 2199.45
8080.90000 2221.00
8081.00000 2186.97
8081.10000 2159.66
8081.20000 2161.68
8081.30000 2187.25
8081.40000 2206.43
8081.50000 2193.42
8081.60000 2206.03
8081.70000 2192.13
8081.80000 2198.70
8081.90000 2201.65
8082.00000 2209.80
8082.10000 2220.60
8082.20000 2176.03
8082.30000 2129.39
8082.40000 2191.95
8082.50000 2198.29
8082.60000 2226.54
8082.70000 2213.65
8082.80000 2197.59
8082.90000 2178.90
8083.00000 2210.55
8083.10000 2213.56
8083.20000 2219.04
8083.30000 2220.84
8083.40000 2223.82
8083.50000 2196.56
8083.60000 2225.16
8083.70000 2155.33
8083.80000 2205.54
8083.90000 2222.77
8084.00000 2200.32
8084.10000 2232.41
8084.20000 2219.72
8084.30000 2202.27
8084.40000 2217.93
8084.50000 2217.77
8084.60000 2210.49
8084.70000 2209.19
8084.80000 2211.79
8084.90000 2202.03
8085.00000 2199.55
8085.10000 2205.32
8085.20000 2205.07
8085.30000 2189.57
8085.40000 2148.05
8085.50000 2103.30
8085.60000 2100.88
8085.70000 2155.60
8085.80000 2105.15
8085.90000 2017.07
8086.00000 2080.41
8086.10000 2060.34
8086.20000 1905.73
8086.30000 2018.04
8086.40000 2131.57
8086.50000 2168.48
8086.60000 2163.82
8086.70000 2200.61
8086.80000 2218.83
8086.90000 2212.09
8087.00000 2213.25
8087.10000 2219.67
8087.20000 2198.21
8087.30000 2213.07
8087.40000 2221.99
8087.50000 2223.81
8087.60000 2211.74
8087.70000 2204.70
8087.80000 2208.72
8087.90000 2224.58
8088.00000 2206.96
8088.10000 2233.73
8088.20000 2209.64
8088.30000 2210.68
8088.40000 2213.94
8088.50000 2209.08
8088.60000 2219.88
8088.70000 2194.65
8088.80000 2210.44
8088.90000 2193.85
8089.00000 2201.33
8089.10000 2207.37
8089.20000 2210.92
8089.30000 2199.16
8089.40000 2176.09
8089.50000 2160.02
8089.60000 2224.81
8089.70000 2216.85
8089.80000 2218.38
8089.90000 2215.10
8090.00000 2219.75
8090.10000 2217.16
8090.20000 2224.53
8090.30000 2215.31
8090.40000 2232.35
8090.50000 2202.47
8090.60000 2198.30
8090.70000 2204.53
8090.80000 2223.95
8090.90000 2212.05
8091.00000 2211.37
8091.10000 2169.32
8091.20000 1977.23
8091.30000 2008.57
8091.40000 2133.46
8091.50000 2207.37
8091.60000 2205.21
8091.70000 2226.13
8091.80000 2193.07
8091.90000 2133.01
8092.00000 2181.62
8092.10000 2192.42
8092.20000 2195.43
8092.30000 2217.40
8092.40000 2223.46
8092.50000 2198.85
8092.60000 2181.78
8092.70000 2190.33
8092.80000 2205.76
8092.90000 2192.43
8093.00000 2209.32
8093.10000 2213.72
8093.20000 2206.71
8093.30000 2222.77
8093.40000 2232.70
8093.50000 2212.13
8093.60000 2206.60
8093.70000 2210.17
8093.80000 2215.29
8093.90000 2213.72
8094.00000 2222.09
8094.10000 2223.70
8094.20000 2234.61
8094.30000 2238.54
8094.40000 2224.89
8094.50000 2162.73
8094.60000 2190.88
8094.70000 2203.25
8094.80000 2207.79
8094.90000 2164.93
8095.00000 1916.25
8095.10000 1953.61
8095.20000 2131.33
8095.30000 2199.82
8095.40000 2220.65
8095.50000 2206.16
8095.60000 2170.41
8095.70000 2214.65
8095.80000 2225.01
8095.90000 2218.36
8096.00000 2194.17
8096.10000 2149.10
8096.20000 2160.91
8096.30000 2190.07
8096.40000 2231.69
8096.50000 2213.01
8096.60000 2243.79
8096.70000 2222.60
8096.80000 2155.95
8096.90000 2166.75
8097.00000 2192.80
8097.10000 2186.79
8097.20000 2155.42
8097.30000 1929.23
8097.40000 1910.92
8097.50000 2147.20
8097.60000 2232.10
8097.70000 2226.07
8097.80000 2235.61
8097.90000 2304.08
8098.00000 2229.59
8098.10000 2229.54
8098.20000 2163.45
8098.30000 2165.86
8098.40000 2174.71
8098.50000 2204.48
8098.60000 2225.31
8098.70000 2215.09
8098.80000 2214.11
8098.90000 2219.21
8099.00000 2205.90
8099.10000 2150.06
8099.20000 2100.80
8099.30000 2042.85
8099.40000 2140.27
8099.50000 2154.51
8099.60000 2136.94
8099.70000 2096.40
8099.80000 2156.83
8099.90000 2220.75
8100.00000 2221.98
8100.10000 2220.87
8100.20000 2155.04
8100.30000 2213.47
8100.40000 2231.39
8100.50000 2229.97
8100.60000 2206.44
8100.70000 2216.02
8100.80000 2225.47
8100.90000 2223.01
8101.00000 2238.13
8101.10000 2208.40
8101.20000 2206.74
8101.30000 2231.24
8101.40000 2220.81
8101.50000 2200.28
8101.60000 2227.84
8101.70000 2188.87
8101.80000 2157.25
8101.90000 2174.55
8102.00000 2120.11
8102.10000 2054.74
8102.20000 2064.64
8102.30000 2153.10
8102.40000 2166.65
8102.50000 2198.02
8102.60000 2172.98
8102.70000 2199.02
8102.80000 2198.47
8102.90000 2197.07
8103.00000 2141.27
8103.10000 2148.32
8103.20000 2190.57
8103.30000 2217.64
8103.40000 2223.34
8103.50000 2222.38
8103.60000 2202.34
8103.70000 2210.78
8103.80000 2184.79
8103.90000 2045.43
8104.00000 2067.61
8104.10000 2193.27
8104.20000 2208.71
8104.30000 2219.85
8104.40000 2218.94
8104.50000 2223.21
8104.60000 2223.21
8104.70000 2223.34
8104.80000 2248.29
8104.90000 2228.38
8105.00000 2221.08
8105.10000 2213.80
8105.20000 2195.40
8105.30000 2211.53
8105.40000 2142.12
8105.50000 2056.04
8105.60000 2108.49
8105.70000 2165.22
8105.80000 2201.08
8105.90000 2232.09
8106.00000 2226.74
8106.10000 2223.30
8106.20000 2212.78
8106.30000 2201.54
8106.40000 2214.49
8106.50000 2232.55
8106.60000 2186.73
8106.70000 2124.34
8106.80000 2177.98
8106.90000 2215.31
8107.00000 2184.46
8107.10000 2139.39
8107.20000 2088.37
8107.30000 2199.20
8107.40000 2235.90
8107.50000 2206.08
8107.60000 2244.46
8107.70000 2242.58
8107.80000 2209.41
8107.90000 2203.69
8108.00000 2196.68
8108.10000 2217.92
8108.20000 2211.82
8108.30000 2219.33
8108.40000 2178.68
8108.50000 2006.70
8108.60000 1665.29
8108.70000 1915.68
8108.80000 2159.66
8108.90000 2187.20
8109.00000 2208.40
8109.10000 2197.28
8109.20000 2213.15
8109.30000 2228.07
8109.40000 2233.73
8109.50000 2231.86
8109.60000 2187.10
8109.70000 2127.60
8109.80000 1978.00
8109.90000 2149.22
8110.00000 2206.05
8110.10000 2200.90
8110.20000 2228.89
8110.30000 2225.12
8110.40000 2206.91
8110.50000 2191.39
8110.60000 2093.35
8110.70000 2203.07
8110.80000 2198.74
8110.90000 2151.33
8111.00000 2195.32
8111.10000 2214.99
8111.20000 2167.55
8111.30000 1957.77
8111.40000 1995.72
8111.50000 2185.35
8111.60000 2217.93
8111.70000 2219.67
8111.80000 2190.09
8111.90000 2192.98
8112.00000 2231.72
8112.10000 2212.54
8112.20000 2215.60
8112.30000 2217.85
8112.40000 2224.96
8112.50000 2224.35
8112.60000 2216.93
8112.70000 2210.18
8112.80000 2155.45
8112.90000 2186.97
8113.00000 2134.87
8113.10000 1960.53
8113.20000 1756.39
8113.30000 2059.95
8113.40000 2164.85
8113.50000 2194.63
8113.60000 2221.28
8113.70000 2205.93
8113.80000 2211.78
8113.90000 2194.94
8114.00000 2160.49
8114.10000 2128.67
8114.20000 2065.17
8114.30000 1955.73
8114.40000 1735.77
8114.50000 1869.44
8114.60000 1832.05
8114.70000 1544.97
8114.80000 1774.40
8114.90000 2101.91
8115.00000 2156.52
8115.10000 2187.28
8115.20000 2191.51
8115.30000 2172.89
8115.40000 2100.45
8115.50000 2134.55
8115.60000 2173.77
8115.70000 2092.81
8115.80000 2139.73
8115.90000 2191.78
8116.00000 2187.64
8116.10000 2209.94
8116.20000 2208.30
8116.30000 2192.93
8116.40000 2203.29
8116.50000 2189.54
8116.60000 2212.40
8116.70000 2167.42
8116.80000 2180.70
8116.90000 2199.86
8117.00000 2211.05
8117.10000 2201.44
8117.20000 2198.97
8117.30000 2197.86
8117.40000 2164.77
8117.50000 2157.39
8117.60000 2174.54
8117.70000 2190.50
8117.80000 2195.86
8117.90000 2193.50
8118.00000 2195.56
8118.10000 2174.03
8118.20000 2195.13
8118.30000 2209.20
8118.40000 2199.80
8118.50000 2206.26
8118.60000 2206.47
8118.70000 2170.46
8118.80000 2106.12
8118.90000 1957.64
8119.00000 2109.46
8119.10000 2163.68
8119.20000 2069.28
8119.30000 2072.97
8119.40000 2085.73
8119.50000 2124.73
8119.60000 1963.69
8119.70000 1752.13
8119.80000 2054.80
8119.90000 2159.91
8120.00000 2190.41
8120.10000 2200.93
8120.20000 2192.04
8120.30000 2191.06
8120.40000 2199.15
8120.50000 2169.51
8120.60000 2182.09
8120.70000 2139.16
8120.80000 2148.44
8120.90000 2184.06
8121.00000 2186.58
8121.10000 2192.92
8121.20000 2154.77
8121.30000 2118.79
8121.40000 1843.99
8121.50000 1883.18
8121.60000 2112.38
8121.70000 2168.28
8121.80000 2160.75
8121.90000 2126.40
8122.00000 1940.00
8122.10000 2005.70
8122.20000 1931.60
8122.30000 1850.42
8122.40000 2118.06
8122.50000 2168.25
8122.60000 2187.47
8122.70000 2195.30
8122.80000 2187.75
8122.90000 2151.53
8123.00000 2162.96
8123.10000 2154.32
8123.20000 2076.21
8123.30000 1736.70
8123.40000 1689.98
8123.50000 2010.29
8123.60000 1913.16
8123.70000 2082.93
8123.80000 2149.66
8123.90000 2149.21
8124.00000 2067.60
8124.10000 1875.91
8124.20000 2041.63
8124.30000 1983.57
8124.40000 1988.56
8124.50000 2161.16
8124.60000 2175.79
8124.70000 2229.22
8124.80000 2202.38
8124.90000 2190.52
8125.00000 2169.51
8125.10000 2161.46
8125.20000 2201.17
8125.30000 2187.78
8125.40000 2212.48
8125.50000 2218.84
8125.60000 2176.31
8125.70000 2083.45
8125.80000 1949.66
8125.90000 1971.50
8126.00000 2141.43
8126.10000 2026.10
8126.20000 1620.77
8126.30000 1894.76
8126.40000 2132.10
8126.50000 2158.11
8126.60000 2167.46
8126.70000 2198.28
8126.80000 2207.17
8126.90000 2186.14
8127.00000 2167.71
8127.10000 2192.37
8127.20000 2197.70
8127.30000 2172.65
8127.40000 2155.30
8127.50000 2042.50
8127.60000 1600.72
8127.70000 1843.74
8127.80000 2097.46
8127.90000 2045.25
8128.00000 2101.40
8128.10000 2161.25
8128.20000 2172.03
8128.30000 2200.57
8128.40000 2190.44
8128.50000 2164.43
8128.60000 2153.28
8128.70000 2187.09
8128.80000 2183.16
8128.90000 2200.38
8129.00000 2193.24
8129.10000 2171.65
8129.20000 2191.06
8129.30000 2167.34
8129.40000 2201.57
8129.50000 2188.06
8129.60000 2192.27
8129.70000 2168.69
8129.80000 2169.53
8129.90000 2176.70
8130.00000 2181.42
8130.10000 2180.09
8130.20000 2165.48
8130.30000 2172.11
8130.40000 2151.13
8130.50000 2148.09
8130.60000 2096.75
8130.70000 1868.79
8130.80000 1519.73
8130.90000 1793.81
8131.00000 1644.92
8131.10000 1717.66
8131.20000 1225.96
8131.30000 1433.82
8131.40000 1966.57
8131.50000 2077.48
8131.60000 2113.70
8131.70000 2125.33
8131.80000 2104.81
8131.90000 1891.80
8132.00000 1510.80
8132.10000 1923.01
8132.20000 2051.99
8132.30000 2091.85
8132.40000 2104.46
8132.50000 2084.28
8132.60000 2161.90
8132.70000 2169.84
8132.80000 2151.19
8132.90000 2156.54
8133.00000 2130.35
8133.10000 2092.42
8133.20000 2039.16
8133.30000 2132.21
8133.40000 2164.48
8133.50000 2162.22
8133.60000 2136.84
8133.70000 2155.39
8133.80000 2140.64
8133.90000 1947.49
8134.00000 1684.50
8134.10000 1970.64
8134.20000 1989.86
8134.30000 1581.73
8134.40000 1422.40
8134.50000 727.97
8134.60000 671.26
8134.70000 1423.63
8134.80000 1802.48
8134.90000 2031.43
8135.00000 2067.34
8135.10000 2096.85
8135.20000 2046.80
8135.30000 1957.53
8135.40000 2032.52
8135.50000 2047.67
8135.60000 1965.49
8135.70000 1502.07
8135.80000 668.28
8135.90000 1067.22
8136.00000 1836.25
8136.10000 2024.86
8136.20000 2107.15
8136.30000 2149.42
8136.40000 2152.54
8136.50000 2152.07
8136.60000 2166.03
8136.70000 2152.57
8136.80000 2120.20
8136.90000 2000.68
8137.00000 1750.70
8137.10000 2028.79
8137.20000 1853.56
8137.30000 1347.81
8137.40000 1843.34
8137.50000 2104.97
8137.60000 2149.91
8137.70000 2152.57
8137.80000 2116.29
8137.90000 1850.79
8138.00000 1975.14
8138.10000 2143.22
8138.20000 2148.14
8138.30000 2179.88
8138.40000 2191.13
8138.50000 2195.91
8138.60000 2177.49
8138.70000 2178.61
8138.80000 2186.49
8138.90000 2184.07
8139.00000 2163.97
8139.10000 2191.54
8139.20000 2191.63
8139.30000 2163.24
8139.40000 2140.47
8139.50000 1943.34
8139.60000 1929.85
8139.70000 2120.69
8139.80000 2178.63
8139.90000 2191.77
8140.00000 2178.81
8140.10000 2178.78
8140.20000 2166.95
8140.30000 2147.97
8140.40000 1853.00
8140.50000 1390.26
8140.60000 1918.09
8140.70000 2149.40
8140.80000 2141.77
8140.90000 2168.82
8141.00000 2153.76
8141.10000 2125.16
8141.20000 2006.23
8141.30000 1672.64
8141.40000 762.02
8141.50000 884.44
8141.60000 1298.25
8141.70000 1882.81
8141.80000 2056.58
8141.90000 2120.49
8142.00000 2121.04
8142.10000 2122.90
8142.20000 2091.49
8142.30000 2098.28
8142.40000 2043.92
8142.50000 1923.38
8142.60000 1392.20
8142.70000 512.27
8142.80000 1120.51
8142.90000 1839.83
8143.00000 2039.88
8143.10000 2083.73
8143.20000 2089.26
8143.30000 2118.52
8143.40000 2142.86
8143.50000 2157.91
8143.60000 2123.92
8143.70000 2148.78
8143.80000 2162.00
8143.90000 2139.08
8144.00000 2163.80
8144.10000 2130.96
8144.20000 2099.99
8144.30000 1954.05
8144.40000 1938.93
8144.50000 1502.62
8144.60000 1184.35
8144.70000 1927.04
8144.80000 2077.63
8144.90000 1843.68
8145.00000 1683.91
8145.10000 2051.59
8145.20000 2020.95
8145.30000 1807.86
8145.40000 2040.55
8145.50000 2107.76
8145.60000 2130.76
8145.70000 2145.75
8145.80000 2155.09
8145.90000 2150.35
8146.00000 2139.96
8146.10000 2169.71
8146.20000 2143.39
8146.30000 2146.35
8146.40000 2159.06
8146.50000 2125.17
8146.60000 2122.89
8146.70000 2081.71
8146.80000 1994.43
8146.90000 1544.60
8147.00000 977.46
8147.10000 1593.72
8147.20000 1967.16
8147.30000 2086.31
8147.40000 2107.94
8147.50000 2092.99
8147.60000 2087.25
8147.70000 1978.29
8147.80000 1784.60
8147.90000 1172.84
8148.00000 969.61
8148.10000 1785.21
8148.20000 2000.87
8148.30000 2046.25
8148.40000 2074.85
8148.50000 2096.23
8148.60000 2072.48
8148.70000 1951.60
8148.80000 1539.61
8148.90000 1449.80
8149.00000 1690.33
8149.10000 1057.85
8149.20000 699.11
8149.30000 1644.60
8149.40000 1960.40
8149.50000 2035.50
8149.60000 2078.64
8149.70000 2091.46
8149.80000 2076.17
8149.90000 1994.89
8150.00000 1449.84
8150.10000 1488.83
8150.20000 1867.08
8150.30000 1571.52
8150.40000 1069.18
8150.50000 755.54
8150.60000 1159.74
8150.70000 1294.40
8150.80000 1894.47
8150.90000 2054.28
8151.00000 2095.12
8151.10000 2099.81
8151.20000 2123.95
8151.30000 2131.89
8151.40000 2100.53
8151.50000 2115.23
8151.60000 2142.09
8151.70000 2150.14
8151.80000 2135.53
8151.90000 2139.56
8152.00000 2116.50
8152.10000 2064.12
8152.20000 2113.64
8152.30000 2091.77
8152.40000 2104.63
8152.50000 2094.22
8152.60000 2133.82
8152.70000 2108.05
8152.80000 2113.37
8152.90000 2075.68
8153.00000 1983.06
8153.10000 1710.65
8153.20000 981.86
8153.30000 564.33
8153.40000 1501.44
8153.50000 1941.93
8153.60000 2020.25
8153.70000 2067.62
8153.80000 2030.47
8153.90000 2022.84
8154.00000 2080.87
8154.10000 2064.35
8154.20000 2028.16
8154.30000 1921.01
8154.40000 1374.77
8154.50000 839.40
8154.60000 1586.89
8154.70000 1961.99
8154.80000 1983.48
8154.90000 1993.16
8155.00000 1915.59
8155.10000 1532.50
8155.20000 1118.14
8155.30000 1074.91
8155.40000 277.40
8155.50000 384.42
8155.60000 1379.43
8155.70000 1824.00
8155.80000 2012.87
8155.90000 2047.12
8156.00000 2093.25
8156.10000 2088.40
8156.20000 1995.25
8156.30000 2045.15
8156.40000 2116.11
8156.50000 2103.40
8156.60000 2055.88
8156.70000 2108.32
8156.80000 2103.70
8156.90000 2116.18
8157.00000 2143.24
8157.10000 2123.78
8157.20000 2119.76
8157.30000 2097.86
8157.40000 2116.12
8157.50000 2095.43
8157.60000 2000.34
8157.70000 2041.00
8157.80000 2108.61
8157.90000 2089.02
8158.00000 2103.89
8158.10000 2101.64
8158.20000 2099.61
8158.30000 2054.33
8158.40000 1993.00
8158.50000 1912.47
8158.60000 1668.67
8158.70000 913.22
8158.80000 240.66
8158.90000 916.81
8159.00000 1663.83
8159.10000 1902.41
8159.20000 2029.37
8159.30000 2074.97
8159.40000 2100.44
8159.50000 2095.76
8159.60000 2053.50
8159.70000 2065.35
8159.80000 2100.42
8159.90000 2116.54
8160.00000 2144.15
8160.10000 2080.58
8160.20000 2118.38
8160.30000 2108.56
8160.40000 2090.76
8160.50000 2116.10
8160.60000 2102.03
8160.70000 2127.53
8160.80000 2113.25
8160.90000 2137.50
8161.00000 2127.51
8161.10000 2102.58
8161.20000 2111.56
8161.30000 2091.01
8161.40000 2099.42
8161.50000 2073.50
8161.60000 2042.17
8161.70000 2040.77
8161.80000 1992.84
8161.90000 1893.09
8162.00000 1657.67
8162.10000 940.00
8162.20000 170.63
8162.30000 616.32
8162.40000 1418.31
8162.50000 1698.07
8162.60000 1612.84
8162.70000 859.69
8162.80000 698.68
8162.90000 1321.07
8163.00000 940.10
8163.10000 195.52
8163.20000 459.32
8163.30000 1214.38
8163.40000 1699.64
8163.50000 1839.21
8163.60000 1793.83
8163.70000 1958.49
8163.80000 2017.98
8163.90000 2063.56
8164.00000 2059.80
8164.10000 2071.30
8164.20000 2073.51
8164.30000 2044.18
8164.40000 2028.29
8164.50000 1863.88
8164.60000 1817.49
8164.70000 1915.23
8164.80000 1784.93
8164.90000 1460.85
8165.00000 1418.89
8165.10000 1205.39
8165.20000 471.00
8165.30000 48.81
8165.40000 289.30
8165.50000 1029.47
8165.60000 1540.14
8165.70000 1801.52
8165.80000 1885.96
8165.90000 1908.13
8166.00000 1757.69
8166.10000 1301.82
8166.20000 1657.97
8166.30000 1986.66
8166.40000 2059.83
8166.50000 2087.73
8166.60000 2087.27
8166.70000 2110.43
8166.80000 2124.69
8166.90000 2115.06
8167.00000 2102.56
8167.10000 2086.71
8167.20000 1999.06
8167.30000 2014.09
8167.40000 2047.50
8167.50000 2048.02
8167.60000 2065.62
8167.70000 2084.66
8167.80000 2078.07
8167.90000 1996.46
8168.00000 2060.13
8168.10000 2086.06
8168.20000 2087.65
8168.30000 2081.01
8168.40000 2079.39
8168.50000 2105.02
8168.60000 2082.64
8168.70000 2103.26
8168.80000 2080.25
8168.90000 2071.71
8169.00000 2101.26
8169.10000 2052.70
8169.20000 2028.68
8169.30000 1970.56
8169.40000 1765.35
8169.50000 1153.09
8169.60000 405.28
8169.70000 1055.77
8169.80000 1645.28
8169.90000 1786.59
8170.00000 1711.27
8170.10000 1097.45
8170.20000 698.56
8170.30000 1471.65
8170.40000 1708.32
8170.50000 1616.03
8170.60000 1175.48
8170.70000 361.88
8170.80000 108.31
8170.90000 758.31
8171.00000 1480.88
8171.10000 1798.79
8171.20000 1925.46
8171.30000 2013.67
8171.40000 2020.15
8171.50000 2043.36
8171.60000 2070.48
8171.70000 2098.70
8171.80000 2112.25
8171.90000 2064.73
8172.00000 2098.63
8172.10000 2123.57
8172.20000 2115.83
8172.30000 2067.83
8172.40000 2007.17
8172.50000 2031.31
8172.60000 2099.43
8172.70000 2110.01
8172.80000 2119.24
8172.90000 2107.07
8173.00000 2099.80
8173.10000 2090.40
8173.20000 2079.06
8173.30000 2101.54
8173.40000 2100.00
8173.50000 2097.82
8173.60000 2062.75
8173.70000 1968.36
8173.80000 1828.24
8173.90000 2019.34
8174.00000 2071.20
8174.10000 2102.96
8174.20000 2091.40
8174.30000 2112.02
8174.40000 2086.54
8174.50000 1960.47
8174.60000 1993.38
8174.70000 2106.72
8174.80000 2096.04
8174.90000 2106.37
8175.00000 2125.74
8175.10000 2106.91
8175.20000 2094.19
8175.30000 2032.17
8175.40000 1801.51
8175.50000 1637.08
8175.60000 1947.91
8175.70000 2069.48
8175.80000 2080.73
8175.90000 2092.82
8176.00000 2077.87
8176.10000 2097.05
8176.20000 2088.59
8176.30000 2088.42
8176.40000 2081.89
8176.50000 2076.76
8176.60000 2067.81
8176.70000 2081.71
8176.80000 2080.58
8176.90000 2032.58
8177.00000 2036.19
8177.10000 1989.78
8177.20000 1966.91
8177.30000 1903.53
8177.40000 1758.45
8177.50000 1459.29
8177.60000 862.85
8177.70000 180.24
8177.80000 75.96
8177.90000 671.31
8178.00000 1339.52
8178.10000 1625.38
8178.20000 1728.01
8178.30000 1836.58
8178.40000 1852.78
8178.50000 1701.79
8178.60000 1205.09
8178.70000 406.42
8178.80000 816.13
8178.90000 1464.95
8179.00000 1781.30
8179.10000 1719.35
8179.20000 1210.16
8179.30000 802.91
8179.40000 1565.11
8179.50000 1805.08
8179.60000 1775.92
8179.70000 1362.34
8179.80000 462.24
8179.90000 683.20
8180.00000 1527.71
8180.10000 1868.37
8180.20000 1989.90
8180.30000 2084.67
8180.40000 2104.20
8180.50000 2061.71
8180.60000 1983.43
8180.70000 1861.44
8180.80000 2034.64
8180.90000 2070.65
8181.00000 2098.23
8181.10000 2144.26
8181.20000 2140.52
8181.30000 2118.28
8181.40000 2099.29
8181.50000 2128.88
8181.60000 2082.61
8181.70000 2103.19
8181.80000 2102.09
8181.90000 2095.14
8182.00000 2086.36
8182.10000 2068.12
8182.20000 2024.06
8182.30000 1949.20
8182.40000 1784.05
8182.50000 1173.78
8182.60000 309.39
8182.70000 582.00
8182.80000 1453.81
8182.90000 1831.39
8183.00000 1854.59
8183.10000 1942.66
8183.20000 2009.17
8183.30000 2057.30
8183.40000 2089.81
8183.50000 2119.24
8183.60000 2118.13
8183.70000 2025.30
8183.80000 1731.68
8183.90000 1552.71
8184.00000 1950.04
8184.10000 2059.22
8184.20000 2055.40
8184.30000 2080.35
8184.40000 2146.23
8184.50000 2114.46
8184.60000 2129.92
8184.70000 2133.32
8184.80000 2128.84
8184.90000 2096.43
8185.00000 2022.11
8185.10000 2098.43
8185.20000 2137.29
8185.30000 2153.12
8185.40000 2156.06
8185.50000 2140.16
8185.60000 2132.31
8185.70000 2145.96
8185.80000 2152.81
8185.90000 2163.47
8186.00000 2145.17
8186.10000 2137.90
8186.20000 2127.65
8186.30000 2138.21
8186.40000 2127.23
8186.50000 2117.48
8186.60000 2088.48
8186.70000 2094.05
8186.80000 2000.11
8186.90000 1867.92
8187.00000 1463.67
8187.10000 566.59
8187.20000 466.89
8187.30000 1379.87
8187.40000 1853.61
8187.50000 2007.34
8187.60000 2072.00
8187.70000 2106.89
8187.80000 2135.27
8187.90000 2162.30
8188.00000 2159.27
8188.10000 2134.25
8188.20000 2136.33
8188.30000 2145.17
8188.40000 2103.04
8188.50000 2072.72
8188.60000 1948.59
8188.70000 2023.53
8188.80000 2114.93
8188.90000 2109.60
8189.00000 2094.45
8189.10000 2114.10
8189.20000 2099.39
8189.30000 2114.81
8189.40000 2051.16
8189.50000 2001.76
8189.60000 1913.88
8189.70000 1784.95
8189.80000 1503.17
8189.90000 849.93
8190.00000 167.96
8190.10000 133.12
8190.20000 797.26
8190.30000 1464.13
8190.40000 1769.32
8190.50000 1936.85
8190.60000 2005.46
8190.70000 2053.81
8190.80000 2067.99
8190.90000 2080.75
8191.00000 2092.12
8191.10000 2084.74
8191.20000 2120.83
8191.30000 2105.57
8191.40000 2126.47
8191.50000 2153.47
8191.60000 2126.02
8191.70000 2109.07
8191.80000 2056.63
8191.90000 2089.70
8192.00000 2129.29
8192.10000 2155.36
8192.20000 2141.69
8192.30000 2136.68
8192.40000 2156.60
8192.50000 2130.61
8192.60000 2156.45
8192.70000 2108.52
8192.80000 2057.99
8192.90000 2052.40
8193.00000 2069.54
8193.10000 2070.95
8193.20000 2082.49
8193.30000 2066.35
8193.40000 2023.67
8193.50000 1938.13
8193.60000 1784.41
8193.70000 1360.33
8193.80000 564.27
8193.90000 114.52
8194.00000 655.14
8194.10000 1420.91
8194.20000 1776.99
8194.30000 1935.59
8194.40000 1957.30
8194.50000 1967.29
8194.60000 1999.08
8194.70000 2064.99
8194.80000 2076.03
8194.90000 2054.37
8195.00000 2055.81
8195.10000 2058.14
8195.20000 2089.94
8195.30000 2087.81
8195.40000 2124.18
8195.50000 2150.95
8195.60000 2135.07
8195.70000 2122.96
8195.80000 2141.68
8195.90000 2126.28
8196.00000 2113.60
8196.10000 2128.44
8196.20000 2134.76
8196.30000 2155.45
8196.40000 2130.83
8196.50000 2142.78
8196.60000 2120.66
8196.70000 2135.82
8196.80000 2141.65
8196.90000 2104.23
8197.00000 2111.36
8197.10000 2107.81
8197.20000 2121.10
8197.30000 2086.50
8197.40000 2105.76
8197.50000 2091.42
8197.60000 2101.11
8197.70000 2079.78
8197.80000 2089.58
8197.90000 2016.81
8198.00000 1945.15
8198.10000 1851.56
8198.20000 1634.48
8198.30000 1118.74
8198.40000 346.92
8198.50000 71.77
8198.60000 595.89
8198.70000 1307.76
8198.80000 1705.76
8198.90000 1893.31
8199.00000 1979.44
8199.10000 2019.75
8199.20000 2074.04
8199.30000 2082.85
8199.40000 2058.16
8199.50000 2055.17
8199.60000 1991.62
8199.70000 1597.97
8199.80000 1186.12
8199.90000 1687.92
8200.00000 2002.47
8200.10000 2064.43
8200.20000 2054.79
8200.30000 2048.16
8200.40000 2048.13
8200.50000 2036.32
8200.60000 1907.05
8200.70000 1380.40
8200.80000 1061.14
8200.90000 1715.69
8201.00000 1964.39
8201.10000 1980.96
8201.20000 1925.11
8201.30000 1730.59
8201.40000 1004.49
8201.50000 624.33
8201.60000 1423.47
8201.70000 1865.39
8201.80000 1950.05
8201.90000 2056.48
8202.00000 2089.40
8202.10000 2114.09
8202.20000 2107.89
8202.30000 2051.32
8202.40000 2096.99
8202.50000 2132.31
8202.60000 2138.14
8202.70000 2130.88
8202.80000 2132.48
8202.90000 2123.21
8203.00000 2127.19
8203.10000 2134.74
8203.20000 2136.27
8203.30000 2165.77
8203.40000 2132.61
8203.50000 2155.32
8203.60000 2150.70
8203.70000 2140.77
8203.80000 2160.58
8203.90000 2156.90
8204.00000 2120.54
8204.10000 2145.56
8204.20000 2137.81
8204.30000 2168.10
8204.40000 2152.56
8204.50000 2124.42
8204.60000 2163.36
8204.70000 2154.82
8204.80000 2177.36
8204.90000 2148.12
8205.00000 2157.74
8205.10000 2150.13
8205.20000 2146.58
8205.30000 2116.23
8205.40000 2108.79
8205.50000 1923.93
8205.60000 1782.85
8205.70000 2032.58
8205.80000 2107.50
8205.90000 2118.92
8206.00000 2131.51
8206.10000 2131.93
8206.20000 2160.10
8206.30000 2163.57
8206.40000 2176.58
8206.50000 2144.50
8206.60000 2165.07
8206.70000 2164.72
8206.80000 2154.90
8206.90000 2168.07
8207.00000 2187.39
8207.10000 2215.77
8207.20000 2258.57
8207.30000 2324.08
8207.40000 2192.07
8207.50000 2148.90
8207.60000 2140.83
8207.70000 2145.52
8207.80000 2153.54
8207.90000 2184.86
8208.00000 2181.77
8208.10000 2188.44
8208.20000 2198.96
8208.30000 2174.72
8208.40000 2174.87
8208.50000 2162.27
8208.60000 2151.04
8208.70000 2161.67
8208.80000 2168.08
8208.90000 2179.97
8209.00000 2160.79
8209.10000 2157.59
8209.20000 2160.65
8209.30000 2156.03
8209.40000 2169.94
8209.50000 2174.85
8209.60000 2144.27
8209.70000 2147.83
8209.80000 2171.85
8209.90000 2149.45
8210.00000 2130.83
8210.10000 2129.95
8210.20000 1978.43
8210.30000 1579.20
8210.40000 1664.94
8210.50000 2013.29
8210.60000 2096.83
8210.70000 2133.59
8210.80000 2120.06
8210.90000 2117.58
8211.00000 1976.43
8211.10000 1664.81
8211.20000 1921.60
8211.30000 2099.67
8211.40000 2136.19
8211.50000 2150.81
8211.60000 2140.35
8211.70000 2111.97
8211.80000 2119.00
8211.90000 2141.80
8212.00000 2110.27
8212.10000 2143.73
8212.20000 2175.06
8212.30000 2176.82
8212.40000 2157.46
8212.50000 2122.06
8212.60000 2090.98
8212.70000 1980.22
8212.80000 1558.23
8212.90000 870.17
8213.00000 1353.61
8213.10000 1929.72
8213.20000 2061.64
8213.30000 2029.76
8213.40000 2125.23
8213.50000 2174.42
8213.60000 2151.29
8213.70000 2173.43
8213.80000 2189.65
8213.90000 2192.12
8214.00000 2210.31
8214.10000 2191.40
8214.20000 2179.76
8214.30000 2222.62
8214.40000 2189.24
8214.50000 2133.00
8214.60000 2156.89
8214.70000 2187.26
8214.80000 2201.89
8214.90000 2204.38
8215.00000 2172.04
8215.10000 2049.57
8215.20000 1841.92
8215.30000 2046.07
8215.40000 2160.83
8215.50000 2172.85
8215.60000 2189.43
8215.70000 2185.61
8215.80000 2130.05
8215.90000 2086.66
8216.00000 2144.17
8216.10000 2177.48
8216.20000 2171.72
8216.30000 2176.83
8216.40000 2173.75
8216.50000 2189.98
8216.60000 2203.81
8216.70000 2179.08
8216.80000 2164.48
8216.90000 2151.43
8217.00000 2144.18
8217.10000 2138.69
8217.20000 2175.23
8217.30000 2168.23
8217.40000 2184.39
8217.50000 2177.10
8217.60000 2165.06
8217.70000 2101.83
8217.80000 2114.46
8217.90000 2163.80
8218.00000 2169.08
8218.10000 2157.82
8218.20000 2138.89
8218.30000 2110.15
8218.40000 2114.84
8218.50000 2078.84
8218.60000 1997.36
8218.70000 1728.97
8218.80000 1031.91
8218.90000 372.12
8219.00000 1085.80
8219.10000 1732.61
8219.20000 1982.57
8219.30000 2065.84
8219.40000 2110.14
8219.50000 2132.66
8219.60000 2148.79
8219.70000 2128.90
8219.80000 2163.60
8219.90000 2155.97
8220.00000 2203.74
8220.10000 2263.71
8220.20000 2186.94
8220.30000 2190.42
8220.40000 2157.71
8220.50000 2150.37
8220.60000 2185.47
8220.70000 2193.77
8220.80000 2208.32
8220.90000 2213.02
8221.00000 2202.10
8221.10000 2203.22
8221.20000 2163.92
8221.30000 2176.81
8221.40000 2133.63
8221.50000 2136.54
8221.60000 2118.90
8221.70000 2109.59
8221.80000 2135.31
8221.90000 2112.12
8222.00000 2088.49
8222.10000 2010.88
8222.20000 1680.34
8222.30000 884.78
8222.40000 1010.38
8222.50000 1791.64
8222.60000 2011.00
8222.70000 2081.84
8222.80000 2135.19
8222.90000 2142.41
8223.00000 2150.52
8223.10000 2128.29
8223.20000 2136.24
8223.30000 2135.36
8223.40000 2148.90
8223.50000 2109.67
8223.60000 2073.45
8223.70000 2070.32
8223.80000 2086.06
8223.90000 2115.86
8224.00000 2139.35
8224.10000 2127.07
8224.20000 2139.78
8224.30000 2087.30
8224.40000 2047.15
8224.50000 1978.05
8224.60000 1745.86
8224.70000 1021.29
8224.80000 571.47
8224.90000 1437.06
8225.00000 1853.82
8225.10000 1903.97
8225.20000 1761.67
8225.30000 1803.63
8225.40000 2056.57
8225.50000 2115.84
8225.60000 2103.59
8225.70000 2109.44
8225.80000 2112.84
8225.90000 2084.34
8226.00000 2109.48
8226.10000 2080.95
8226.20000 2044.50
8226.30000 1913.94
8226.40000 1334.90
8226.50000 949.78
8226.60000 1657.78
8226.70000 1979.35
8226.80000 2048.59
8226.90000 2079.60
8227.00000 2080.92
8227.10000 2046.44
8227.20000 2021.06
8227.30000 1923.00
8227.40000 1821.59
8227.50000 1517.60
8227.60000 882.59
8227.70000 177.15
8227.80000 156.68
8227.90000 844.56
8228.00000 1462.34
8228.10000 1720.82
8228.20000 1844.86
8228.30000 1890.22
8228.40000 1848.39
8228.50000 1699.65
8228.60000 1476.06
8228.70000 705.64
8228.80000 190.86
8228.90000 403.87
8229.00000 142.22
8229.10000 21.86
8229.20000 346.51
8229.30000 1047.92
8229.40000 1027.04
8229.50000 387.68
8229.60000 626.55
8229.70000 1154.84
8229.80000 1665.13
8229.90000 1886.94
8230.00000 1957.53
8230.10000 1993.27
8230.20000 1993.86
8230.30000 1878.53
8230.40000 1557.05
8230.50000 650.16
8230.60000 621.67
8230.70000 1530.76
8230.80000 1918.67
8230.90000 2003.18
8231.00000 2027.41
8231.10000 2012.53
8231.20000 1763.87
8231.30000 1588.97
8231.40000 1907.12
8231.50000 1986.98
8231.60000 1961.46
8231.70000 1864.96
8231.80000 1669.48
8231.90000 1187.04
8232.00000 365.51
8232.10000 93.92
8232.20000 540.05
8232.30000 1108.85
8232.40000 739.30
8232.50000 401.77
8232.60000 1211.81
8232.70000 1821.53
8232.80000 2000.50
8232.90000 2054.65
8233.00000 2059.75
8233.10000 2113.52
8233.20000 2152.89
8233.30000 2131.68
8233.40000 2159.78
8233.50000 2128.75
8233.60000 2148.23
8233.70000 2141.90
8233.80000 2143.35
8233.90000 2115.21
8234.00000 2124.83
8234.10000 2125.51
8234.20000 2082.43
8234.30000 2015.34
8234.40000 1928.80
8234.50000 1644.32
8234.60000 929.71
8234.70000 262.24
8234.80000 940.97
8234.90000 1656.37
8235.00000 1924.50
8235.10000 2003.22
8235.20000 2030.01
8235.30000 1933.86
8235.40000 1518.78
8235.50000 1750.73
8235.60000 2068.72
8235.70000 2134.86
8235.80000 2132.42
8235.90000 2127.82
8236.00000 2148.69
8236.10000 2134.09
8236.20000 2139.78
8236.30000 2128.45
8236.40000 2114.96
8236.50000 2142.34
8236.60000 2068.34
8236.70000 2069.07
8236.80000 1990.39
8236.90000 1763.26
8237.00000 1912.52
8237.10000 2089.03
8237.20000 2134.65
8237.30000 2127.61
8237.40000 2150.88
8237.50000 2148.13
8237.60000 2106.79
8237.70000 2107.97
8237.80000 2091.73
8237.90000 2025.59
8238.00000 1800.24
8238.10000 1091.88
8238.20000 1337.63
8238.30000 1932.26
8238.40000 2072.60
8238.50000 2123.77
8238.60000 2142.75
8238.70000 2156.91
8238.80000 2167.34
8238.90000 2196.92
8239.00000 2175.80
8239.10000 2161.72
8239.20000 2161.76
8239.30000 2101.25
8239.40000 2123.93
8239.50000 2144.37
8239.60000 2159.73
8239.70000 2152.61
8239.80000 2150.60
8239.90000 2179.11
8240.00000 2176.59
8240.10000 2179.23
8240.20000 2158.51
8240.30000 2129.91
8240.40000 2110.02
8240.50000 2058.87
8240.60000 1796.73
8240.70000 1175.21
8240.80000 1530.29
8240.90000 1935.27
8241.00000 2066.70
8241.10000 2106.90
8241.20000 2101.77
8241.30000 2147.99
8241.40000 2166.09
8241.50000 2148.76
8241.60000 2157.77
8241.70000 2165.58
8241.80000 2156.46
8241.90000 2149.26
8242.00000 2129.24
8242.10000 2082.99
8242.20000 2133.23
8242.30000 2131.41
8242.40000 2146.49
8242.50000 2148.04
8242.60000 2127.62
8242.70000 2131.71
8242.80000 2118.16
8242.90000 2132.59
8243.00000 2089.82
8243.10000 1930.66
8243.20000 1937.89
8243.30000 2078.86
8243.40000 2100.07
8243.50000 2092.70
8243.60000 2072.13
8243.70000 1993.34
8243.80000 1806.70
8243.90000 1386.05
8244.00000 1437.33
8244.10000 1341.91
8244.20000 578.29
8244.30000 186.67
8244.40000 899.34
8244.50000 1609.47
8244.60000 1873.08
8244.70000 1995.70
8244.80000 2056.05
8244.90000 2089.17
8245.00000 2118.89
8245.10000 2103.88
8245.20000 2143.40
8245.30000 2141.59
8245.40000 2150.03
8245.50000 2136.64
8245.60000 2140.70
8245.70000 2172.46
8245.80000 2174.32
8245.90000 2146.34
8246.00000 2167.07
8246.10000 2165.00
8246.20000 2169.47
8246.30000 2176.14
8246.40000 2153.31
8246.50000 2154.64
8246.60000 2154.52
8246.70000 2184.08
8246.80000 2170.20
8246.90000 2173.77
8247.00000 2160.72
8247.10000 2187.48
8247.20000 2153.32
8247.30000 2119.65
8247.40000 1983.45
8247.50000 2055.06
8247.60000 2145.29
8247.70000 2152.33
8247.80000 2186.33
8247.90000 2149.07
8248.00000 2184.62
8248.10000 2169.47
8248.20000 2150.66
8248.30000 2187.61
8248.40000 2177.15
8248.50000 2188.70
8248.60000 2164.03
8248.70000 2155.57
8248.80000 2155.16
8248.90000 2160.73
8249.00000 2160.04
8249.10000 2152.77
8249.20000 2167.41
8249.30000 2130.27
8249.40000 2089.95
8249.50000 2057.64
8249.60000 2065.80
8249.70000 2131.86
8249.80000 2151.60
8249.90000 2144.20
8250.00000 2160.23
8250.10000 2176.70
8250.20000 2165.53
8250.30000 2144.51
8250.40000 2144.16
8250.50000 2156.77
8250.60000 2163.35
8250.70000 2181.94
8250.80000 2173.33
8250.90000 2159.65
8251.00000 2151.50
8251.10000 2144.65
8251.20000 2134.55
8251.30000 2126.24
8251.40000 2133.84
8251.50000 2156.77
8251.60000 2171.72
8251.70000 2246.56
8251.80000 2168.89
8251.90000 2159.61
8252.00000 2158.42
8252.10000 2151.72
8252.20000 2144.46
8252.30000 2128.73
8252.40000 2122.39
8252.50000 2147.56
8252.60000 2143.05
8252.70000 2133.98
8252.80000 2137.20
8252.90000 2130.68
8253.00000 2138.74
8253.10000 2126.86
8253.20000 2089.40
8253.30000 1996.72
8253.40000 1637.84
8253.50000 933.95
8253.60000 1321.58
8253.70000 1907.22
8253.80000 2060.53
8253.90000 2119.23
8254.00000 2121.50
8254.10000 2124.13
8254.20000 2132.11
8254.30000 2153.86
8254.40000 2166.24
8254.50000 2155.24
8254.60000 2151.83
8254.70000 2130.41
8254.80000 2147.35
8254.90000 2160.79
8255.00000 2139.96
8255.10000 2130.47
8255.20000 2119.35
8255.30000 2095.83
8255.40000 2072.57
8255.50000 2119.63
8255.60000 2119.29
8255.70000 2122.65
8255.80000 2121.94
8255.90000 2148.25
8256.00000 2127.50
8256.10000 2126.86
8256.20000 2127.90
8256.30000 2123.16
8256.40000 2102.44
8256.50000 2099.49
8256.60000 2065.29
8256.70000 2030.36
8256.80000 1990.29
8256.90000 1927.07
8257.00000 1789.95
8257.10000 1428.35
8257.20000 687.90
8257.30000 111.48
8257.40000 530.12
8257.50000 1326.40
8257.60000 1721.23
8257.70000 1881.78
8257.80000 1970.57
8257.90000 2010.98
8258.00000 2052.85
8258.10000 2064.83
8258.20000 2080.56
8258.30000 2082.44
8258.40000 2066.35
8258.50000 2056.37
8258.60000 1869.02
8258.70000 1861.83
8258.80000 2024.21
8258.90000 2086.59
8259.00000 2133.28
8259.10000 2112.97
8259.20000 2103.40
8259.30000 2123.86
8259.40000 2127.56
8259.50000 2118.97
8259.60000 2093.21
8259.70000 2117.45
8259.80000 2087.94
8259.90000 2081.39
8260.00000 2070.13
8260.10000 2000.97
8260.20000 1952.43
8260.30000 1709.27
8260.40000 999.92
8260.50000 541.55
8260.60000 1301.11
8260.70000 1812.48
8260.80000 1982.13
8260.90000 2025.00
8261.00000 2026.15
8261.10000 1945.39
8261.20000 1948.41
8261.30000 2056.11
8261.40000 2104.28
8261.50000 2095.27
8261.60000 2073.05
8261.70000 2101.23
8261.80000 2075.08
8261.90000 2092.89
8262.00000 2116.60
8262.10000 2142.11
8262.20000 2122.63
8262.30000 2114.93
8262.40000 2075.85
8262.50000 2094.03
8262.60000 2047.71
8262.70000 2054.17
8262.80000 2086.75
8262.90000 2120.95
8263.00000 2095.35
8263.10000 2071.44
8263.20000 2064.69
8263.30000 2079.07
8263.40000 2045.96
8263.50000 2003.24
8263.60000 2009.54
8263.70000 2028.23
8263.80000 2017.88
8263.90000 1996.51
8264.00000 1894.99
8264.10000 1583.80
8264.20000 824.07
8264.30000 1044.89
8264.40000 1731.20
8264.50000 1956.54
8264.60000 1989.51
8264.70000 1951.10
8264.80000 2043.58
8264.90000 2092.35
8265.00000 2100.45
8265.10000 2108.11
8265.20000 2100.12
8265.30000 2076.50
8265.40000 2017.35
8265.50000 2039.67
8265.60000 2072.83
8265.70000 1990.83
8265.80000 1994.51
8265.90000 2089.98
8266.00000 2086.20
8266.10000 2104.09
8266.20000 2097.20
8266.30000 2065.62
8266.40000 2080.22
8266.50000 2073.43
8266.60000 2077.87
8266.70000 2090.69
8266.80000 2104.87
8266.90000 2085.90
8267.00000 2059.05
8267.10000 2074.36
8267.20000 2104.13
8267.30000 2075.40
8267.40000 2067.70
8267.50000 2080.11
8267.60000 2088.33
8267.70000 2074.15
8267.80000 2070.69
8267.90000 2089.91
8268.00000 2110.42
8268.10000 2112.78
8268.20000 2088.96
8268.30000 2096.51
8268.40000 2127.80
8268.50000 2119.66
8268.60000 2099.05
8268.70000 2103.07
8268.80000 2107.38
8268.90000 2098.15
8269.00000 2097.66
8269.10000 2101.15
8269.20000 2099.18
8269.30000 2109.57
8269.40000 2099.52
8269.50000 2131.43
8269.60000 2112.35
8269.70000 2104.12
8269.80000 2039.53
8269.90000 1899.63
8270.00000 1808.55
8270.10000 2032.18
8270.20000 2076.97
8270.30000 2095.25
8270.40000 2107.69
8270.50000 2096.99
8270.60000 2097.59
8270.70000 2091.99
8270.80000 2094.75
8270.90000 2076.91
8271.00000 2062.65
8271.10000 2072.01
8271.20000 2075.39
8271.30000 2075.43
8271.40000 2074.98
8271.50000 2049.82
8271.60000 2062.58
8271.70000 2072.84
8271.80000 2082.01
8271.90000 2085.51
8272.00000 2082.04
8272.10000 2069.10
8272.20000 2059.36
8272.30000 2049.39
8272.40000 2009.83
8272.50000 1979.02
8272.60000 1856.13
8272.70000 1411.80
8272.80000 582.00
8272.90000 882.30
8273.00000 1624.25
8273.10000 1891.01
8273.20000 1985.72
8273.30000 2033.31
8273.40000 2028.91
8273.50000 2033.05
8273.60000 2057.66
8273.70000 2028.63
8273.80000 1858.82
8273.90000 1766.73
8274.00000 1969.07
8274.10000 2026.53
8274.20000 2027.02
8274.30000 2016.67
8274.40000 2018.24
8274.50000 2002.55
8274.60000 1987.66
8274.70000 1918.41
8274.80000 1776.74
8274.90000 1541.59
8275.00000 984.16
8275.10000 212.10
8275.20000 267.18
8275.30000 1031.51
8275.40000 1578.13
8275.50000 1794.59
8275.60000 1907.47
8275.70000 1987.76
8275.80000 2005.81
8275.90000 2027.31
8276.00000 2024.77
8276.10000 2015.54
8276.20000 2004.70
8276.30000 1948.14
8276.40000 1965.02
8276.50000 2030.55
8276.60000 2052.61
8276.70000 2056.66
8276.80000 2017.54
8276.90000 2007.96
8277.00000 1962.35
8277.10000 1823.73
8277.20000 1458.42
8277.30000 799.43
8277.40000 684.91
8277.50000 620.04
8277.60000 1422.88
8277.70000 1836.51
8277.80000 1970.22
8277.90000 1998.53
8278.00000 2061.25
8278.10000 2047.82
8278.20000 2027.91
8278.30000 2058.12
8278.40000 2061.38
8278.50000 2051.01
8278.60000 2076.99
8278.70000 2087.88
8278.80000 2086.57
8278.90000 2096.56
8279.00000 2060.59
8279.10000 2091.78
8279.20000 2088.08
8279.30000 2093.53
8279.40000 1985.44
8279.50000 1887.59
8279.60000 1985.60
8279.70000 2056.47
8279.80000 2051.05
8279.90000 2026.85
8280.00000 1992.13
8280.10000 1918.37
8280.20000 1677.27
8280.30000 942.97
8280.40000 365.53
8280.50000 1098.52
8280.60000 1707.47
8280.70000 1927.17
8280.80000 1995.88
8280.90000 2019.74
8281.00000 2043.42
8281.10000 2046.38
8281.20000 2055.92
8281.30000 2051.79
8281.40000 2042.44
8281.50000 2048.28
8281.60000 2055.95
8281.70000 2042.09
8281.80000 2050.02
8281.90000 2046.64
8282.00000 2034.96
8282.10000 2018.72
8282.20000 2009.13
8282.30000 1964.24
8282.40000 1909.55
8282.50000 1809.43
8282.60000 1485.38
8282.70000 759.71
8282.80000 132.23
8282.90000 515.29
8283.00000 1312.86
8283.10000 1737.45
8283.20000 1885.88
8283.30000 1984.89
8283.40000 2027.70
8283.50000 2064.14
8283.60000 2057.53
8283.70000 2057.92
8283.80000 2059.43
8283.90000 2049.77
8284.00000 2098.02
8284.10000 2095.58
8284.20000 2107.15
8284.30000 2097.45
8284.40000 2139.88
8284.50000 2141.76
8284.60000 2154.38
8284.70000 2178.41
8284.80000 2190.46
8284.90000 2176.53
8285.00000 2153.55
8285.10000 2177.08
8285.20000 2173.95
8285.30000 2155.95
8285.40000 2146.85
8285.50000 2162.27
8285.60000 2179.45
8285.70000 2155.62
8285.80000 2169.68
8285.90000 2154.33
8286.00000 2115.19
8286.10000 2086.80
8286.20000 2096.80
8286.30000 2133.72
8286.40000 2123.41
8286.50000 2131.52
8286.60000 2137.21
8286.70000 2115.40
8286.80000 2132.92
8286.90000 2092.64
8287.00000 2094.86
8287.10000 2104.44
8287.20000 2120.79
8287.30000 2092.17
8287.40000 2095.77
8287.50000 2061.03
8287.60000 2070.62
8287.70000 2096.48
8287.80000 2077.80
8287.90000 2041.27
8288.00000 1999.19
8288.10000 1997.56
8288.20000 2023.16
8288.30000 1922.53
8288.40000 1798.89
8288.50000 1510.73
8288.60000 871.10
8288.70000 150.41
8288.80000 280.22
8288.90000 1034.92
8289.00000 1377.67
8289.10000 1532.18
8289.20000 1856.85
8289.30000 2008.07
8289.40000 2107.38
8289.50000 2119.79
8289.60000 2125.05
8289.70000 2108.85
8289.80000 2107.63
8289.90000 2097.11
8290.00000 2082.35
8290.10000 1931.64
8290.20000 1506.55
8290.30000 621.75
8290.40000 1061.49
8290.50000 1808.08
8290.60000 2038.40
8290.70000 2102.64
8290.80000 2147.20
8290.90000 2130.00
8291.00000 2139.39
8291.10000 2149.63
8291.20000 2146.78
8291.30000 2148.35
8291.40000 2149.23
8291.50000 2144.90
8291.60000 2158.91
8291.70000 2119.58
8291.80000 2101.73
8291.90000 2085.43
8292.00000 2027.45
8292.10000 2060.73
8292.20000 2118.28
8292.30000 2112.78
8292.40000 2109.23
8292.50000 2096.10
8292.60000 2078.87
8292.70000 2088.61
8292.80000 2108.67
8292.90000 2092.51
8293.00000 2101.73
8293.10000 2104.40
8293.20000 2092.53
8293.30000 2079.88
8293.40000 2111.92
8293.50000 2077.72
8293.60000 2085.82
8293.70000 2088.76
8293.80000 2086.78
8293.90000 2070.84
8294.00000 2084.03
8294.10000 2058.39
8294.20000 2069.45
8294.30000 2070.05
8294.40000 2043.32
8294.50000 1996.50
8294.60000 1972.84
8294.70000 1832.04
8294.80000 1442.58
8294.90000 559.05
8295.00000 413.86
8295.10000 1148.48
8295.20000 1373.26
8295.30000 866.68
8295.40000 1147.64
8295.50000 1824.44
8295.60000 2025.82
8295.70000 2080.44
8295.80000 2101.94
8295.90000 2076.29
8296.00000 1857.40
8296.10000 1557.61
8296.20000 1912.07
8296.30000 2096.84
8296.40000 2085.28
8296.50000 2034.18
8296.60000 2106.11
8296.70000 2055.84
8296.80000 1954.48
8296.90000 2023.74
8297.00000 2145.21
8297.10000 2168.92
8297.20000 2144.24
8297.30000 2153.99
8297.40000 2114.03
8297.50000 2111.63
8297.60000 2103.06
8297.70000 2100.66
8297.80000 2105.00
8297.90000 2096.29
8298.00000 2100.73
8298.10000 2104.05
8298.20000 2074.58
8298.30000 2085.02
8298.40000 2061.63
8298.50000 2078.69
8298.60000 2058.64
8298.70000 2038.42
8298.80000 2011.12
8298.90000 1990.85
8299.00000 2061.53
8299.10000 2028.72
8299.20000 2047.41
8299.30000 2033.75
8299.40000 2048.89
8299.50000 2026.02
8299.60000 2011.68
8299.70000 2051.60
8299.80000 2003.05
8299.90000 2043.09
8300.00000 2043.99
8300.10000 2027.11
8300.20000 2024.93
8300.30000 2042.09
8300.40000 2022.63
8300.50000 2022.52
8300.60000 1975.85
8300.70000 1913.25
8300.80000 1934.02
8300.90000 1900.67
8301.00000 1656.99
8301.10000 949.01
8301.20000 377.36
8301.30000 867.26
8301.40000 1606.11
8301.50000 1888.94
8301.60000 2000.38
8301.70000 2034.20
8301.80000 2067.37
8301.90000 2054.03
8302.00000 2076.85
8302.10000 2101.83
8302.20000 2118.84
8302.30000 2117.78
8302.40000 2107.84
8302.50000 2133.79
8302.60000 2142.64
8302.70000 2183.77
8302.80000 2150.53
8302.90000 2129.34
8303.00000 2138.33
8303.10000 2157.68
8303.20000 2168.65
8303.30000 2163.32
8303.40000 2154.69
8303.50000 2146.62
8303.60000 2168.48
8303.70000 2193.89
8303.80000 2164.76
8303.90000 2144.71
8304.00000 2132.16
8304.10000 2136.84
8304.20000 2130.52
8304.30000 2097.46
8304.40000 2107.03
8304.50000 2097.06
8304.60000 2081.86
8304.70000 2056.73
8304.80000 2011.24
8304.90000 1865.15
8305.00000 1342.50
8305.10000 677.38
8305.20000 1324.91
8305.30000 1806.27
8305.40000 1872.53
8305.50000 1865.08
8305.60000 1771.30
8305.70000 1435.76
8305.80000 608.97
8305.90000 180.35
8306.00000 849.15
8306.10000 1539.94
8306.20000 1789.44
8306.30000 1898.40
8306.40000 1921.38
8306.50000 1922.65
8306.60000 1964.54
8306.70000 1989.11
8306.80000 1999.28
8306.90000 1990.84
8307.00000 2004.02
8307.10000 1985.79
8307.20000 1951.59
8307.30000 1966.12
8307.40000 2000.50
8307.50000 1973.49
8307.60000 1988.47
8307.70000 2008.98
8307.80000 2018.75
8307.90000 2002.15
8308.00000 2011.25
8308.10000 2018.52
8308.20000 1989.11
8308.30000 1968.32
8308.40000 1875.22
8308.50000 1968.03
8308.60000 1993.17
8308.70000 2015.66
8308.80000 2037.61
8308.90000 2043.94
8309.00000 2015.20
8309.10000 2056.47
8309.20000 2039.55
8309.30000 2039.89
8309.40000 2020.18
8309.50000 1991.16
8309.60000 2038.97
8309.70000 2079.73
8309.80000 2074.02
8309.90000 2080.31
8310.00000 2105.42
8310.10000 2102.57
8310.20000 2112.27
8310.30000 2109.24
8310.40000 2058.45
8310.50000 2073.64
8310.60000 2095.59
8310.70000 2092.47
8310.80000 2087.67
8310.90000 2019.64
8311.00000 1982.76
8311.10000 2066.87
8311.20000 2089.01
8311.30000 2102.27
8311.40000 2086.19
8311.50000 2107.36
8311.60000 2024.08
8311.70000 2045.16
8311.80000 2075.77
8311.90000 2101.24
8312.00000 2107.24
8312.10000 2107.10
8312.20000 2062.45
8312.30000 2038.34
8312.40000 1949.90
8312.50000 1657.56
8312.60000 1432.11
8312.70000 1002.45
8312.80000 958.46
8312.90000 1684.92
8313.00000 1918.05
8313.10000 1964.30
8313.20000 1998.21
8313.30000 1983.43
8313.40000 2018.09
8313.50000 2006.77
8313.60000 2010.64
8313.70000 1941.29
8313.80000 1993.51
8313.90000 1993.09
8314.00000 1953.82
8314.10000 1982.13
8314.20000 1989.37
8314.30000 1956.35
8314.40000 1965.52
8314.50000 1923.89
8314.60000 1647.71
8314.70000 1447.88
8314.80000 1809.02
8314.90000 1932.83
8315.00000 1967.30
8315.10000 1971.80
8315.20000 1963.99
8315.30000 1958.76
8315.40000 1953.95
8315.50000 1965.74
8315.60000 1961.62
8315.70000 1969.39
8315.80000 1990.33
8315.90000 1967.99
8316.00000 1984.89
8316.10000 1971.30
8316.20000 1979.57
8316.30000 1975.41
8316.40000 1938.95
8316.50000 1927.55
8316.60000 1900.29
8316.70000 1716.80
8316.80000 1757.08
8316.90000 1523.71
8317.00000 870.13
8317.10000 1255.72
8317.20000 1793.67
8317.30000 1913.54
8317.40000 1958.85
8317.50000 1991.43
8317.60000 2006.63
8317.70000 1998.31
8317.80000 1990.33
8317.90000 2003.32
8318.00000 2034.11
8318.10000 2019.02
8318.20000 2021.56
8318.30000 2013.01
8318.40000 2016.68
8318.50000 2020.11
8318.60000 1917.39
8318.70000 1761.01
8318.80000 1311.55
8318.90000 425.21
8319.00000 640.05
8319.10000 1467.63
8319.20000 1813.97
8319.30000 1922.09
8319.40000 1972.00
8319.50000 2013.59
8319.60000 2032.19
8319.70000 2040.31
8319.80000 2047.92
8319.90000 2052.70
8320.00000 2028.57
8320.10000 2037.87
8320.20000 2060.10
8320.30000 2045.24
8320.40000 2043.57
8320.50000 2063.18
8320.60000 2069.96
8320.70000 2064.47
8320.80000 2065.03
8320.90000 2066.61
8321.00000 2051.04
8321.10000 2045.35
8321.20000 2048.14
8321.30000 2029.98
8321.40000 2020.85
8321.50000 2002.72
8321.60000 1971.90
8321.70000 1902.60
8321.80000 1767.49
8321.90000 1357.14
8322.00000 446.90
8322.10000 531.02
8322.20000 1029.11
8322.30000 557.66
8322.40000 352.72
8322.50000 1194.03
8322.60000 1652.68
8322.70000 1825.63
8322.80000 2028.56
8322.90000 2061.93
8323.00000 1941.74
8323.10000 1940.25
8323.20000 1943.66
8323.30000 1949.47
8323.40000 1964.22
8323.50000 1957.71
8323.60000 1959.72
8323.70000 1985.81
8323.80000 1961.65
8323.90000 1960.21
8324.00000 1956.28
8324.10000 1960.11
8324.20000 1972.79
8324.30000 1942.01
8324.40000 1952.66
8324.50000 1967.90
8324.60000 1982.03
8324.70000 1976.82
8324.80000 1967.73
8324.90000 1986.85
8325.00000 1954.78
8325.10000 1946.16
8325.20000 1973.48
8325.30000 1980.21
8325.40000 1967.95
8325.50000 1986.68
8325.60000 1994.02
8325.70000 1977.79
8325.80000 1977.03
8325.90000 1985.13
8326.00000 1995.19
8326.10000 1982.00
8326.20000 1991.57
8326.30000 1996.47
8326.40000 1983.24
8326.50000 1951.81
8326.60000 1968.29
8326.70000 2001.89
8326.80000 1999.42
8326.90000 2006.90
8327.00000 1939.92
8327.10000 1810.77
8327.20000 1964.07
8327.30000 2034.14
8327.40000 2010.86
8327.50000 1977.97
8327.60000 2034.14
8327.70000 1987.70
8327.80000 1869.03
8327.90000 1946.50
8328.00000 2046.90
8328.10000 2041.29
8328.20000 2004.26
8328.30000 2036.88
8328.40000 2043.50
8328.50000 2037.40
8328.60000 2026.82
8328.70000 2046.57
8328.80000 2034.54
8328.90000 2017.90
8329.00000 2018.22
8329.10000 1996.50
8329.20000 1881.53
8329.30000 1828.42
8329.40000 1959.74
8329.50000 1997.41
8329.60000 2004.82
8329.70000 2031.67
8329.80000 2030.98
8329.90000 2007.26
8330.00000 1869.40
8330.10000 1868.71
8330.20000 1922.33
8330.30000 1751.49
8330.40000 1083.13
8330.50000 709.83
8330.60000 1533.36
8330.70000 1886.79
8330.80000 1987.31
8330.90000 2001.25
8331.00000 2005.42
8331.10000 2015.61
8331.20000 2016.39
8331.30000 1966.35
8331.40000 2055.78
8331.50000 2111.16
8331.60000 2094.55
8331.70000 2090.08
8331.80000 2106.79
8331.90000 2068.58
8332.00000 2039.98
8332.10000 2056.62
8332.20000 2048.55
8332.30000 2060.94
8332.40000 2062.70
8332.50000 2038.80
8332.60000 2009.25
8332.70000 2001.35
8332.80000 1947.68
8332.90000 1623.26
8333.00000 1642.22
8333.10000 1926.43
8333.20000 1958.91
8333.30000 1982.57
8333.40000 1925.80
8333.50000 1816.13
8333.60000 1887.46
8333.70000 1875.12
8333.80000 1952.34
8333.90000 1965.00
8334.00000 1934.62
8334.10000 1890.03
8334.20000 1812.11
8334.30000 1403.21
8334.40000 1080.46
8334.50000 1664.49
8334.60000 1839.41
8334.70000 1834.80
8334.80000 1941.66
8334.90000 1960.64
8335.00000 1932.36
8335.10000 1914.97
8335.20000 1779.63
8335.30000 1845.06
8335.40000 1914.09
8335.50000 1930.39
8335.60000 1990.52
8335.70000 1969.90
8335.80000 1954.88
8335.90000 1948.83
8336.00000 1946.89
8336.10000 1912.43
8336.20000 1696.52
8336.30000 1332.13
8336.40000 1724.25
8336.50000 1896.03
8336.60000 1935.94
8336.70000 1903.12
8336.80000 1836.03
8336.90000 1829.21
8337.00000 1911.54
8337.10000 1970.58
8337.20000 2006.69
8337.30000 2006.33
8337.40000 2038.62
8337.50000 2038.41
8337.60000 2035.21
8337.70000 2044.88
8337.80000 2028.13
8337.90000 2010.73
8338.00000 2021.37
8338.10000 2048.37
8338.20000 2025.26
8338.30000 2041.58
8338.40000 2016.32
8338.50000 1993.73
8338.60000 2001.42
8338.70000 1990.75
8338.80000 1986.72
8338.90000 2006.12
8339.00000 1971.68
8339.10000 1973.33
8339.20000 1945.44
8339.30000 1873.83
8339.40000 1650.18
8339.50000 1512.03
8339.60000 1386.48
8339.70000 954.59
8339.80000 625.53
8339.90000 870.66
8340.00000 1629.11
8340.10000 1821.01
8340.20000 1875.89
8340.30000 1926.42
8340.40000 1899.74
8340.50000 1942.83
8340.60000 1947.53
8340.70000 1939.75
8340.80000 1977.72
8340.90000 1955.37
8341.00000 1964.47
8341.10000 1956.67
8341.20000 1954.34
8341.30000 1991.49
8341.40000 1994.29
8341.50000 1976.07
8341.60000 1987.34
8341.70000 1999.59
8341.80000 1998.32
8341.90000 1998.13
8342.00000 1981.26
8342.10000 1987.39
8342.20000 1867.84
8342.30000 1879.31
8342.40000 1956.61
8342.50000 1992.00
8342.60000 1928.07
8342.70000 1915.87
8342.80000 1985.90
8342.90000 1960.61
8343.00000 1744.69
8343.10000 1501.63
8343.20000 1926.89
8343.30000 2091.60
8343.40000 2045.66
8343.50000 2062.36
8343.60000 2071.85
8343.70000 2055.28
8343.80000 2044.69
8343.90000 2041.20
8344.00000 2040.21
8344.10000 2038.19
8344.20000 2031.43
8344.30000 2029.66
8344.40000 1984.01
8344.50000 1998.44
8344.60000 1982.14
8344.70000 1897.86
8344.80000 1898.31
8344.90000 1975.63
8345.00000 1949.36
8345.10000 1956.05
8345.20000 1959.71
8345.30000 2000.33
8345.40000 2081.45
8345.50000 1981.06
8345.60000 1925.39
8345.70000 1954.05
8345.80000 1970.29
8345.90000 1966.14
8346.00000 1951.53
8346.10000 1949.76
8346.20000 1940.64
8346.30000 1947.62
8346.40000 1955.61
8346.50000 1960.69
8346.60000 1954.17
8346.70000 1928.73
8346.80000 1930.57
8346.90000 1953.96
8347.00000 1948.22
8347.10000 1943.57
8347.20000 1916.87
8347.30000 1920.05
8347.40000 1943.39
8347.50000 1949.60
8347.60000 1954.25
8347.70000 1969.41
8347.80000 1957.24
8347.90000 1954.47
8348.00000 1962.61
8348.10000 1856.35
8348.20000 1889.32
8348.30000 1951.79
8348.40000 1985.59
8348.50000 1981.09
8348.60000 1946.77
8348.70000 1981.29
8348.80000 2004.14
8348.90000 2010.57
8349.00000 1990.49
8349.10000 2025.61
8349.20000 2005.61
8349.30000 2033.51
8349.40000 2027.93
8349.50000 2033.06
8349.60000 2029.94
8349.70000 1998.29
8349.80000 1896.82
8349.90000 1537.78
8350.00000 1387.38
8350.10000 1599.63
8350.20000 1530.80
8350.30000 1840.21
8350.40000 1949.69
8350.50000 1964.11
8350.60000 1977.37
8350.70000 1956.12
8350.80000 1922.61
8350.90000 1964.19
8351.00000 1973.49
8351.10000 1974.75
8351.20000 1968.38
8351.30000 1935.32
8351.40000 1966.04
8351.50000 1947.50
8351.60000 1942.09
8351.70000 1921.42
8351.80000 1903.34
8351.90000 1913.67
8352.00000 1929.00
8352.10000 1927.48
8352.20000 1919.60
8352.30000 1933.62
8352.40000 1918.73
8352.50000 1917.25
8352.60000 1927.82
8352.70000 1916.97
8352.80000 1918.80
8352.90000 1891.85
8353.00000 1877.88
8353.10000 1911.52
8353.20000 1913.27
8353.30000 1879.41
8353.40000 1906.93
8353.50000 1917.54
8353.60000 1814.17
8353.70000 1889.40
8353.80000 1911.43
8353.90000 1844.45
8354.00000 1883.95
8354.10000 1913.74
8354.20000 1876.99
8354.30000 1646.56
8354.40000 1451.78
8354.50000 1473.01
8354.60000 1847.10
8354.70000 1915.30
8354.80000 1977.63
8354.90000 1980.27
8355.00000 1965.38
8355.10000 1994.96
8355.20000 1939.96
8355.30000 1901.09
8355.40000 1890.51
8355.50000 1725.94
8355.60000 1849.85
8355.70000 2003.81
8355.80000 2017.96
8355.90000 2013.01
8356.00000 2020.72
8356.10000 1990.73
8356.20000 2037.86
8356.30000 2059.66
8356.40000 2082.01
8356.50000 2066.60
8356.60000 2066.54
8356.70000 2069.85
8356.80000 2073.17
8356.90000 2081.16
8357.00000 2079.43
8357.10000 2075.23
8357.20000 2048.11
8357.30000 2057.65
8357.40000 2049.48
8357.50000 2020.21
8357.60000 1962.91
8357.70000 1827.66
8357.80000 1176.89
8357.90000 1324.07
8358.00000 1874.08
8358.10000 1893.57
8358.20000 1608.39
8358.30000 1664.76
8358.40000 1942.98
8358.50000 1949.79
8358.60000 1936.18
8358.70000 1972.39
8358.80000 1993.51
8358.90000 1972.35
8359.00000 1966.34
8359.10000 1966.13
8359.20000 1961.01
8359.30000 1953.14
8359.40000 1948.86
8359.50000 1955.48
8359.60000 1958.00
8359.70000 1987.88
8359.80000 1951.35
8359.90000 1960.99
8360.00000 1970.46
8360.10000 1968.96
8360.20000 1924.73
8360.30000 1786.04
8360.40000 1785.84
8360.50000 1934.56
8360.60000 1968.87
8360.70000 1968.57
8360.80000 1961.39
8360.90000 1987.38
8361.00000 1956.46
8361.10000 1965.13
8361.20000 1974.15
8361.30000 1985.71
8361.40000 1992.34
8361.50000 1999.70
8361.60000 1986.47
8361.70000 1987.09
8361.80000 1995.22
8361.90000 2000.74
8362.00000 1978.56
8362.10000 1965.05
8362.20000 1956.84
8362.30000 1979.74
8362.40000 1988.50
8362.50000 1972.46
8362.60000 1957.98
8362.70000 1790.72
8362.80000 1461.71
8362.90000 1701.06
8363.00000 1686.96
8363.10000 1270.06
8363.20000 1647.80
8363.30000 1907.03
8363.40000 1954.11
8363.50000 1981.39
8363.60000 1986.90
8363.70000 1988.50
8363.80000 1989.38
8363.90000 1978.89
8364.00000 1991.67
8364.10000 1952.45
8364.20000 1953.07
8364.30000 1970.85
8364.40000 1964.43
8364.50000 1952.82
8364.60000 1954.50
8364.70000 1954.67
8364.80000 1940.43
8364.90000 1898.17
8365.00000 1911.77
8365.10000 1931.36
8365.20000 1909.39
8365.30000 1927.11
8365.40000 1909.98
8365.50000 1867.44
8365.60000 1871.18
8365.70000 1857.16
8365.80000 1849.48
8365.90000 1864.62
8366.00000 1857.08
8366.10000 1854.20
8366.20000 1835.38
8366.30000 1875.09
8366.40000 1879.73
8366.50000 1860.02
8366.60000 1887.53
8366.70000 1864.65
8366.80000 1825.27
8366.90000 1822.92
8367.00000 1869.14
8367.10000 1831.56
8367.20000 1830.02
8367.30000 1784.96
8367.40000 1732.01
8367.50000 1814.47
8367.60000 1826.70
8367.70000 1826.69
8367.80000 1770.11
8367.90000 1749.25
8368.00000 1674.23
8368.10000 1196.17
8368.20000 1340.57
8368.30000 1707.40
8368.40000 1807.15
8368.50000 1856.49
8368.60000 1840.90
8368.70000 1848.04
8368.80000 1828.88
8368.90000 1846.95
8369.00000 1889.54
8369.10000 1853.94
8369.20000 1867.23
8369.30000 1859.76
8369.40000 1902.28
8369.50000 1908.83
8369.60000 1872.68
8369.70000 1907.94
8369.80000 1862.33
8369.90000 1877.53
8370.00000 1885.42
8370.10000 1869.73
8370.20000 1909.11
8370.30000 1884.97
8370.40000 1888.45
8370.50000 1859.06
8370.60000 1866.01
8370.70000 1943.29
8370.80000 1930.13
8370.90000 1948.30
8371.00000 1939.31
8371.10000 1931.02
8371.20000 1889.29
8371.30000 1912.30
8371.40000 1964.24
8371.50000 1953.48
8371.60000 1943.13
8371.70000 1964.24
8371.80000 1991.86
8371.90000 2001.19
8372.00000 2027.41
8372.10000 2005.45
8372.20000 2001.79
8372.30000 2048.23
8372.40000 2026.80
8372.50000 2060.21
8372.60000 2023.44
8372.70000 2045.26
8372.80000 2036.11
8372.90000 1976.58
8373.00000 1986.65
8373.10000 1942.39
8373.20000 1998.00
8373.30000 1969.26
8373.40000 1946.43
8373.50000 1968.71
8373.60000 1957.61
8373.70000 1951.67
8373.80000 1938.74
8373.90000 1920.83
8374.00000 1857.75
8374.10000 1868.86
8374.20000 1889.78
8374.30000 1888.33
8374.40000 1711.26
8374.50000 1344.74
8374.60000 1595.64
8374.70000 1850.27
8374.80000 1894.05
8374.90000 1900.73
8375.00000 1947.46
8375.10000 1904.46
8375.20000 1863.99
8375.30000 1806.85
8375.40000 1791.93
8375.50000 1888.50
8375.60000 1921.11
8375.70000 1961.89
8375.80000 1893.98
8375.90000 1937.59
8376.00000 1912.95
8376.10000 1934.14
8376.20000 1903.72
8376.30000 1936.02
8376.40000 1918.72
8376.50000 1850.85
8376.60000 1887.86
8376.70000 1921.70
8376.80000 1938.78
8376.90000 1818.74
8377.00000 1772.01
8377.10000 1636.67
8377.20000 1442.11
8377.30000 1770.13
8377.40000 1804.73
8377.50000 1887.54
8377.60000 1943.34
8377.70000 1983.72
8377.80000 1958.24
8377.90000 1826.03
8378.00000 1750.29
8378.10000 1952.76
8378.20000 1990.82
8378.30000 2004.94
8378.40000 1997.61
8378.50000 2003.75
8378.60000 2018.03
8378.70000 2008.21
8378.80000 1948.57
8378.90000 1940.95
8379.00000 1956.74
8379.10000 1959.02
8379.20000 1984.65
8379.30000 1955.02
8379.40000 1976.65
8379.50000 1947.12
8379.60000 1947.28
8379.70000 1941.29
8379.80000 1940.37
8379.90000 1941.19
8380.00000 1973.48
8380.10000 1941.97
8380.20000 1990.04
8380.30000 1958.24
8380.40000 1944.18
8380.50000 1908.31
8380.60000 1937.70
8380.70000 1915.54
8380.80000 1929.55
8380.90000 1906.44
8381.00000 1882.65
8381.10000 1905.41
8381.20000 1865.17
8381.30000 1889.16
8381.40000 1863.50
8381.50000 1874.77
8381.60000 1855.75
8381.70000 1855.82
8381.80000 1861.36
8381.90000 1842.83
8382.00000 1861.10
8382.10000 1861.26
8382.20000 1772.77
8382.30000 1754.76
8382.40000 1826.71
8382.50000 1851.03
8382.60000 1858.95
8382.70000 1834.14
8382.80000 1836.88
8382.90000 1800.33
8383.00000 1831.95
8383.10000 1788.60
8383.20000 1828.81
8383.30000 1831.78
8383.40000 1812.26
8383.50000 1806.10
8383.60000 1786.40
8383.70000 1842.15
8383.80000 1820.70
8383.90000 1792.61
8384.00000 1803.55
8384.10000 1795.77
8384.20000 1805.38
8384.30000 1821.06
8384.40000 1820.73
8384.50000 1809.07
8384.60000 1735.03
8384.70000 1741.22
8384.80000 1782.51
8384.90000 1664.69
8385.00000 1586.33
8385.10000 1742.20
8385.20000 1801.97
8385.30000 1803.25
8385.40000 1810.38
8385.50000 1813.86
8385.60000 1751.46
8385.70000 1745.89
8385.80000 1747.82
8385.90000 1802.77
8386.00000 1811.84
8386.10000 1799.93
8386.20000 1684.91
8386.30000 1607.33
8386.40000 1668.33
8386.50000 1715.85
8386.60000 1819.15
8386.70000 1811.21
8386.80000 1851.69
8386.90000 1798.90
8387.00000 1756.31
8387.10000 1808.10
8387.20000 1849.26
8387.30000 1835.21
8387.40000 1862.72
8387.50000 1876.47
8387.60000 1807.89
8387.70000 1767.46
8387.80000 1792.71
8387.90000 1884.43
8388.00000 1871.41
8388.10000 1890.36
8388.20000 1905.80
8388.30000 1924.64
8388.40000 1889.60
8388.50000 1807.62
8388.60000 1770.26
8388.70000 1898.82
8388.80000 1929.14
8388.90000 1951.50
8389.00000 1939.58
8389.10000 1957.17
8389.20000 1944.55
8389.30000 1963.31
8389.40000 1983.52
8389.50000 1979.46
8389.60000 2011.75
8389.70000 1994.84
8389.80000 2014.62
8389.90000 2023.62
8390.00000 2017.02
8390.10000 2026.89
8390.20000 2020.34
8390.30000 1981.27
8390.40000 1992.39
8390.50000 2079.29
8390.60000 2039.51
8390.70000 2039.23
8390.80000 2041.98
8390.90000 2025.23
8391.00000 2041.02
8391.10000 2008.03
8391.20000 2007.41
8391.30000 2014.26
8391.40000 1991.01
8391.50000 1997.13
8391.60000 1982.85
8391.70000 1948.27
8391.80000 1976.79
8391.90000 1995.05
8392.00000 1962.91
8392.10000 1919.50
8392.20000 1932.57
8392.30000 1954.73
8392.40000 1948.22
8392.50000 1959.13
8392.60000 1949.93
8392.70000 1949.19
8392.80000 1968.05
8392.90000 1946.38
8393.00000 1966.10
8393.10000 1946.70
8393.20000 1965.65
8393.30000 1982.09
8393.40000 1981.69
8393.50000 1962.62
8393.60000 1963.20
8393.70000 1938.73
8393.80000 1957.87
8393.90000 1976.38
8394.00000 1985.48
8394.10000 1950.03
8394.20000 1991.53
8394.30000 1974.17
8394.40000 1936.71
8394.50000 1935.67
8394.60000 1937.67
8394.70000 1848.36
8394.80000 1669.72
8394.90000 1823.02
8395.00000 1934.01
8395.10000 1945.80
8395.20000 1945.22
8395.30000 1892.97
8395.40000 1917.36
8395.50000 1964.83
8395.60000 1934.99
8395.70000 1886.39
8395.80000 1935.92
8395.90000 2008.32
8396.00000 2036.95
8396.10000 2019.86
8396.20000 1989.52
8396.30000 2012.75
8396.40000 2013.77
8396.50000 1998.39
8396.60000 1976.82
8396.70000 2013.82
8396.80000 2013.44
8396.90000 1976.65
8397.00000 1970.64
8397.10000 1974.92
8397.20000 1989.05
8397.30000 1950.23
8397.40000 1960.99
8397.50000 1954.95
8397.60000 1935.84
8397.70000 1926.88
8397.80000 1880.32
8397.90000 1706.99
8398.00000 1752.48
8398.10000 1868.59
8398.20000 1892.77
8398.30000 1881.86
8398.40000 1771.76
8398.50000 1800.88
8398.60000 1840.84
8398.70000 1868.93
8398.80000 1865.60
8398.90000 1896.76
8399.00000 1854.60
8399.10000 1855.78
8399.20000 1884.44
8399.30000 1839.41
8399.40000 1827.11
8399.50000 1826.07
8399.60000 1817.86
8399.70000 1823.38
8399.80000 1828.17
8399.90000 1891.09
8400.00000 1906.54
8400.10000 1838.05
8400.20000 1818.14
8400.30000 1823.53
8400.40000 1803.96
8400.50000 1797.49
8400.60000 1783.05
8400.70000 1702.27
8400.80000 1716.10
8400.90000 1790.20
8401.00000 1787.09
8401.10000 1777.35
8401.20000 1784.09
8401.30000 1747.19
8401.40000 1688.15
8401.50000 1714.41
8401.60000 1772.24
8401.70000 1774.40
8401.80000 1770.87
8401.90000 1775.16
8402.00000 1779.11
8402.10000 1760.13
8402.20000 1775.57
8402.30000 1787.35
8402.40000 1764.60
8402.50000 1782.03
8402.60000 1756.39
8402.70000 1779.30
8402.80000 1765.43
8402.90000 1775.42
8403.00000 1775.97
8403.10000 1769.96
8403.20000 1768.63
8403.30000 1780.62
8403.40000 1771.61
8403.50000 1750.99
8403.60000 1759.60
8403.70000 1768.25
8403.80000 1739.60
8403.90000 1760.15
8404.00000 1767.81
8404.10000 1791.43
8404.20000 1763.23
8404.30000 1797.09
8404.40000 1763.18
8404.50000 1764.05
8404.60000 1766.17
8404.70000 1791.32
8404.80000 1769.17
8404.90000 1721.09
8405.00000 1699.34
8405.10000 1762.36
8405.20000 1787.49
8405.30000 1781.43
8405.40000 1781.58
8405.50000 1771.87
8405.60000 1805.49
8405.70000 1811.78
8405.80000 1801.02
8405.90000 1740.50
8406.00000 1693.81
8406.10000 1617.95
8406.20000 1534.64
8406.30000 1689.58
8406.40000 1699.99
8406.50000 1718.51
8406.60000 1800.68
8406.70000 1789.11
8406.80000 1809.19
8406.90000 1812.68
8407.00000 1798.09
8407.10000 1815.27
8407.20000 1848.43
8407.30000 1813.48
8407.40000 1822.59
8407.50000 1811.85
8407.60000 1834.51
8407.70000 1833.91
8407.80000 1851.55
8407.90000 1861.66
8408.00000 1869.68
8408.10000 1840.90
8408.20000 1848.26
8408.30000 1865.94
8408.40000 1869.64
8408.50000 1876.08
8408.60000 1862.76
8408.70000 1886.53
8408.80000 1847.89
8408.90000 1837.33
8409.00000 1785.42
8409.10000 1831.38
8409.20000 1826.87
8409.30000 1742.06
8409.40000 1768.02
8409.50000 1645.15
8409.60000 1633.29
8409.70000 1897.92
8409.80000 1942.77
8409.90000 1979.49
8410.00000 1965.72
8410.10000 1933.96
8410.20000 1963.63
8410.30000 1899.14
8410.40000 1810.34
8410.50000 1941.43
8410.60000 1986.14
8410.70000 1998.94
8410.80000 2055.08
8410.90000 2047.69
8411.00000 2049.99
8411.10000 2047.55
8411.20000 2047.93
8411.30000 2061.14
8411.40000 2065.08
8411.50000 2058.47
8411.60000 2047.43
8411.70000 2037.88
8411.80000 2004.52
8411.90000 1956.94
8412.00000 1988.02
8412.10000 2007.78
8412.20000 2009.53
8412.30000 1974.00
8412.40000 1994.54
8412.50000 2008.58
8412.60000 1981.80
8412.70000 1964.78
8412.80000 1960.96
8412.90000 1986.30
8413.00000 1956.94
8413.10000 1958.50
8413.20000 1948.50
8413.30000 1949.39
8413.40000 1958.10
8413.50000 1946.83
8413.60000 1936.11
8413.70000 1976.22
8413.80000 1962.92
8413.90000 1948.63
8414.00000 1971.99
8414.10000 1965.65
8414.20000 1975.08
8414.30000 1980.66
8414.40000 1963.75
8414.50000 1967.78
8414.60000 1968.21
8414.70000 1964.25
8414.80000 1948.39
8414.90000 1931.39
8415.00000 1931.16
8415.10000 1945.24
8415.20000 1963.78
8415.30000 1968.37
8415.40000 1972.97
8415.50000 1978.01
8415.60000 1974.45
8415.70000 1974.27
8415.80000 1974.60
8415.90000 1988.81
8416.00000 1970.42
8416.10000 1843.98
8416.20000 1683.38
8416.30000 1772.50
8416.40000 1903.32
8416.50000 1980.96
8416.60000 1986.99
8416.70000 2017.12
8416.80000 2010.39
8416.90000 2036.07
8417.00000 2064.09
8417.10000 2068.57
8417.20000 2061.19
8417.30000 2059.99
8417.40000 2034.57
8417.50000 2035.49
8417.60000 2052.26
8417.70000 2030.01
8417.80000 2025.89
8417.90000 1998.74
8418.00000 1919.54
8418.10000 1930.36
8418.20000 1993.25
8418.30000 2016.66
8418.40000 1975.93
8418.50000 1967.74
8418.60000 1960.15
8418.70000 1942.19
8418.80000 1952.25
8418.90000 1951.28
8419.00000 1954.89
8419.10000 1862.45
8419.20000 1736.28
8419.30000 1816.53
8419.40000 1812.74
8419.50000 1800.33
8419.60000 1869.86
8419.70000 1905.41
8419.80000 1905.37
8419.90000 1897.85
8420.00000 1891.88
8420.10000 1886.00
8420.20000 1896.40
8420.30000 1876.32
8420.40000 1878.19
8420.50000 1882.14
8420.60000 1858.43
8420.70000 1852.55
8420.80000 1879.26
8420.90000 1859.44
8421.00000 1864.66
8421.10000 1843.22
8421.20000 1851.94
8421.30000 1844.97
8421.40000 1837.86
8421.50000 1835.68
8421.60000 1845.00
8421.70000 1834.23
8421.80000 1845.83
8421.90000 1831.39
8422.00000 1834.89
8422.10000 1843.00
8422.20000 1840.45
8422.30000 1836.35
8422.40000 1828.27
8422.50000 1816.92
8422.60000 1824.77
8422.70000 1830.04
8422.80000 1813.78
8422.90000 1813.69
8423.00000 1800.44
8423.10000 1815.04
8423.20000 1812.33
8423.30000 1798.48
8423.40000 1811.12
8423.50000 1801.68
8423.60000 1791.38
8423.70000 1807.79
8423.80000 1799.52
8423.90000 1804.74
8424.00000 1792.30
8424.10000 1798.63
8424.20000 1810.08
8424.30000 1805.29
8424.40000 1782.20
8424.50000 1789.46
8424.60000 1802.52
8424.70000 1802.54
8424.80000 1817.96
8424.90000 1774.82
8425.00000 1804.71
8425.10000 1790.24
8425.20000 1794.27
8425.30000 1779.72
8425.40000 1806.52
8425.50000 1789.03
8425.60000 1788.21
8425.70000 1795.41
8425.80000 1800.16
8425.90000 1794.57
8426.00000 1800.99
8426.10000 1791.98
8426.20000 1795.97
8426.30000 1799.90
8426.40000 1801.48
8426.50000 1786.97
8426.60000 1788.22
8426.70000 1787.44
8426.80000 1811.98
8426.90000 1790.36
8427.00000 1789.18
8427.10000 1791.41
8427.20000 1794.06
8427.30000 1803.97
8427.40000 1802.78
8427.50000 1788.77
8427.60000 1765.20
8427.70000 1795.68
8427.80000 1778.99
8427.90000 1784.48
8428.00000 1792.43
8428.10000 1810.72
8428.20000 1779.58
8428.30000 1792.17
8428.40000 1778.34
8428.50000 1749.11
8428.60000 1725.82
8428.70000 1751.04
8428.80000 1778.86
8428.90000 1762.66
8429.00000 1780.07
8429.10000 1805.21
8429.20000 1791.19
8429.30000 1779.67
8429.40000 1789.44
8429.50000 1803.88
8429.60000 1789.48
8429.70000 1776.08
8429.80000 1804.34
8429.90000 1792.12
8430.00000 1799.34
8430.10000 1793.82
8430.20000 1788.98
8430.30000 1790.99
8430.40000 1743.40
8430.50000 1768.08
8430.60000 1787.45
8430.70000 1816.59
8430.80000 1795.10
8430.90000 1876.78
8431.00000 1847.33
8431.10000 1850.64
8431.20000 1825.89
8431.30000 1826.82
8431.40000 1801.05
8431.50000 1732.13
8431.60000 1586.03
8431.70000 1701.96
8431.80000 1805.54
8431.90000 1826.46
8432.00000 1856.57
8432.10000 1857.48
8432.20000 1866.49
8432.30000 1864.73
8432.40000 1859.75
8432.50000 1861.72
8432.60000 1861.45
8432.70000 1868.69
8432.80000 1897.32
8432.90000 1899.77
8433.00000 1892.91
8433.10000 1871.35
8433.20000 1862.64
8433.30000 1872.13
8433.40000 1902.02
8433.50000 1902.90
8433.60000 1895.81
8433.70000 1919.37
8433.80000 1930.63
8433.90000 1923.96
8434.00000 1946.32
8434.10000 1964.41
8434.20000 1960.17
8434.30000 1977.33
8434.40000 1949.49
8434.50000 1969.67
8434.60000 1971.55
8434.70000 1974.18
8434.80000 1983.10
8434.90000 1993.39
8435.00000 2004.61
8435.10000 2016.41
8435.20000 2031.60
8435.30000 2021.48
8435.40000 1978.61
8435.50000 2037.90
8435.60000 2060.86
8435.70000 2079.75
8435.80000 2087.93
8435.90000 2098.96
8436.00000 2090.43
8436.10000 2066.22
8436.20000 2076.46
8436.30000 2067.17
8436.40000 2036.63
8436.50000 2059.13
8436.60000 2023.38
8436.70000 2011.55
8436.80000 2003.76
8436.90000 2004.52
8437.00000 1975.42
8437.10000 1833.76
8437.20000 1650.22
8437.30000 1826.11
8437.40000 1942.13
8437.50000 1954.84
8437.60000 1982.51
8437.70000 1997.19
8437.80000 1963.32
8437.90000 1975.07
8438.00000 1967.55
8438.10000 1950.09
8438.20000 1957.25
8438.30000 1945.21
8438.40000 1957.67
8438.50000 1953.87
8438.60000 1956.68
8438.70000 1954.52
8438.80000 1908.68
8438.90000 1865.26
8439.00000 1930.35
8439.10000 1942.83
8439.20000 1980.31
8439.30000 1993.06
8439.40000 1993.54
8439.50000 1993.82
8439.60000 1974.64
8439.70000 1972.77
8439.80000 2001.64
8439.90000 1969.03
8440.00000 1987.90
8440.10000 1984.76
8440.20000 1963.38
8440.30000 1988.73
8440.40000 2003.70
8440.50000 2011.52
8440.60000 2038.90
8440.70000 2016.92
8440.80000 2043.65
8440.90000 2053.66
8441.00000 2084.01
8441.10000 2087.88
8441.20000 2085.22
8441.30000 2108.34
8441.40000 2115.40
8441.50000 2088.30
8441.60000 2094.53
8441.70000 2121.61
8441.80000 2182.28
8441.90000 2209.46
8442.00000 2217.61
8442.10000 2248.26
8442.20000 2260.69
8442.30000 2252.59
8442.40000 2250.45
8442.50000 2272.26
8442.60000 2274.52
8442.70000 2291.59
8442.80000 2294.04
8442.90000 2304.24
8443.00000 2331.90
8443.10000 2331.49
8443.20000 2314.06
8443.30000 2194.56
8443.40000 2352.15
8443.50000 2450.93
8443.60000 2498.97
8443.70000 2566.02
8443.80000 2615.55
8443.90000 2702.46
8444.00000 2780.72
8444.10000 2827.99
8444.20000 2899.56
8444.30000 2991.80
8444.40000 3008.80
8444.50000 3022.58
8444.60000 3005.23
8444.70000 3001.24
8444.80000 3020.59
8444.90000 3061.68
8445.00000 3010.49
8445.10000 2943.83
8445.20000 2903.81
8445.30000 2828.84
8445.40000 2818.74
8445.50000 2705.09
8445.60000 2567.08
8445.70000 2593.73
8445.80000 2634.32
8445.90000 2598.99
8446.00000 2600.78
8446.10000 2543.33
8446.20000 2532.82
8446.30000 2543.81
8446.40000 2485.32
8446.50000 2492.33
8446.60000 2482.62
8446.70000 2450.34
8446.80000 2441.84
8446.90000 2404.00
8447.00000 2364.72
8447.10000 2440.85
8447.20000 2474.85
8447.30000 2491.54
8447.40000 2518.84
8447.50000 2557.19
8447.60000 2574.23
8447.70000 2564.16
8447.80000 2580.75
8447.90000 2607.44
8448.00000 2605.87
8448.10000 2599.31
8448.20000 2586.37
8448.30000 2608.38
8448.40000 2613.99
8448.50000 2600.52
8448.60000 2627.22
8448.70000 2599.42
8448.80000 2599.29
8448.90000 2596.31
8449.00000 2617.85
8449.10000 2592.62
8449.20000 2612.98
8449.30000 2609.22
8449.40000 2629.60
8449.50000 2655.83
8449.60000 2664.47
8449.70000 2680.78
8449.80000 2665.66
8449.90000 2694.32
8450.00000 2702.62
8450.10000 2726.19
8450.20000 2749.58
8450.30000 2722.59
8450.40000 2754.27
8450.50000 2693.11
8450.60000 2689.60
8450.70000 2680.42
8450.80000 2613.02
8450.90000 2571.88
8451.00000 2552.63
8451.10000 2531.99
8451.20000 2456.83
8451.30000 2410.53
8451.40000 2363.31
8451.50000 2309.83
8451.60000 2259.62
8451.70000 2234.44
8451.80000 2198.36
8451.90000 2148.57
8452.00000 2148.28
8452.10000 2110.95
8452.20000 2087.05
8452.30000 2083.78
8452.40000 2070.63
8452.50000 2033.32
8452.60000 2010.11
8452.70000 2009.42
8452.80000 1941.92
8452.90000 1872.32
8453.00000 1949.25
8453.10000 1947.83
8453.20000 1934.69
8453.30000 1921.77
8453.40000 1924.06
8453.50000 1905.66
8453.60000 1893.41
8453.70000 1895.99
8453.80000 1883.22
8453.90000 1864.77
8454.00000 1856.70
8454.10000 1830.57
8454.20000 1849.48
8454.30000 1849.26
8454.40000 1827.86
8454.50000 1831.82
8454.60000 1822.22
8454.70000 1833.03
8454.80000 1831.25
8454.90000 1828.49
8455.00000 1817.55
8455.10000 1832.98
8455.20000 1819.28
8455.30000 1816.14
8455.40000 1798.14
8455.50000 1805.01
8455.60000 1818.73
8455.70000 1793.35
8455.80000 1800.00
8455.90000 1799.03
8456.00000 1785.49
8456.10000 1793.02
8456.20000 1792.23
8456.30000 1783.97
8456.40000 1794.04
8456.50000 1800.44
8456.60000 1803.17
8456.70000 1774.90
8456.80000 1795.33
8456.90000 1791.30
8457.00000 1783.85
8457.10000 1796.77
8457.20000 1791.46
8457.30000 1788.77
8457.40000 1774.35
8457.50000 1761.52
8457.60000 1783.66
8457.70000 1771.53
8457.80000 1760.61
8457.90000 1752.05
8458.00000 1757.96
8458.10000 1764.98
8458.20000 1782.01
8458.30000 1797.91
8458.40000 1773.99
8458.50000 1758.05
8458.60000 1778.19
8458.70000 1785.55
8458.80000 1780.77
8458.90000 1761.89
8459.00000 1775.56
8459.10000 1792.50
8459.20000 1781.17
8459.30000 1787.32
8459.40000 1775.79
8459.50000 1783.23
8459.60000 1788.41
8459.70000 1763.83
8459.80000 1771.98
8459.90000 1775.76
8460.00000 1783.40
8460.10000 1795.50
8460.20000 1776.93
8460.30000 1784.27
8460.40000 1780.86
8460.50000 1791.21
8460.60000 1779.34
8460.70000 1800.66
8460.80000 1794.25
8460.90000 1749.34
8461.00000 1628.36
8461.10000 1605.06
8461.20000 1720.20
8461.30000 1807.36
8461.40000 1801.82
8461.50000 1818.20
8461.60000 1806.05
8461.70000 1820.34
8461.80000 1845.20
8461.90000 1833.74
8462.00000 1846.38
8462.10000 1857.52
8462.20000 1863.51
8462.30000 1853.70
8462.40000 1860.01
8462.50000 1849.63
8462.60000 1873.52
8462.70000 1883.80
8462.80000 1877.64
8462.90000 1890.75
8463.00000 1905.95
8463.10000 1872.43
8463.20000 1877.28
8463.30000 1899.70
8463.40000 1922.86
8463.50000 1943.14
8463.60000 1912.41
8463.70000 1944.27
8463.80000 1943.06
8463.90000 1981.10
8464.00000 1989.78
8464.10000 1982.29
8464.20000 1970.46
8464.30000 2015.04
8464.40000 2028.83
8464.50000 2022.62
8464.60000 2049.71
8464.70000 2061.57
8464.80000 2056.57
8464.90000 2073.36
8465.00000 2078.37
8465.10000 2092.78
8465.20000 2091.60
8465.30000 2101.93
8465.40000 2098.90
8465.50000 2098.38
8465.60000 2088.04
8465.70000 2071.14
8465.80000 2050.67
8465.90000 2056.15
8466.00000 2107.19
8466.10000 2060.69
8466.20000 2051.22
8466.30000 2088.42
8466.40000 2015.50
8466.50000 2037.13
8466.60000 2017.75
8466.70000 2016.22
8466.80000 2002.00
8466.90000 2017.44
8467.00000 2002.08
8467.10000 1980.24
8467.20000 1984.04
8467.30000 1972.40
8467.40000 1988.50
8467.50000 1990.05
8467.60000 1993.51
8467.70000 1979.69
8467.80000 1964.06
8467.90000 1987.56
8468.00000 1969.30
8468.10000 1965.44
8468.20000 1972.02
8468.30000 1985.63
8468.40000 1983.55
8468.50000 1959.99
8468.60000 1985.03
8468.70000 1989.21
8468.80000 1967.62
8468.90000 1984.02
8469.00000 1994.80
8469.10000 1979.80
8469.20000 1992.15
8469.30000 2001.79
8469.40000 1998.41
8469.50000 1998.35
8469.60000 1974.50
8469.70000 2001.23
8469.80000 1990.63
8469.90000 2018.64
8470.00000 1986.40
8470.10000 1991.77
8470.20000 1977.97
8470.30000 2010.15
8470.40000 2003.30
8470.50000 2045.69
8470.60000 2026.53
8470.70000 2045.95
8470.80000 2039.61
8470.90000 2030.92
8471.00000 2052.77
8471.10000 2063.76
8471.20000 2073.94
8471.30000 2087.97
8471.40000 2079.13
8471.50000 2062.90
8471.60000 2048.75
8471.70000 2047.11
8471.80000 2058.12
8471.90000 2029.79
8472.00000 2045.85
8472.10000 2026.37
8472.20000 2019.95
8472.30000 2002.09
8472.40000 1997.96
8472.50000 1989.14
8472.60000 1974.59
8472.70000 1980.14
8472.80000 1977.55
8472.90000 1983.53
8473.00000 1970.96
8473.10000 1958.93
8473.20000 1969.76
8473.30000 1952.64
8473.40000 1945.73
8473.50000 1948.52
8473.60000 1908.50
8473.70000 1915.88
8473.80000 1921.99
8473.90000 1904.77
8474.00000 1886.73
8474.10000 1874.00
8474.20000 1878.08
8474.30000 1869.66
8474.40000 1837.69
8474.50000 1858.49
8474.60000 1847.30
8474.70000 1842.11
8474.80000 1837.88
8474.90000 1829.83
8475.00000 1820.27
8475.10000 1780.02
8475.20000 1776.29
8475.30000 1809.48
8475.40000 1799.73
8475.50000 1818.91
8475.60000 1823.72
8475.70000 1827.73
8475.80000 1793.48
8475.90000 1797.23
8476.00000 1788.66
8476.10000 1793.62
8476.20000 1775.96
8476.30000 1785.62
8476.40000 1775.76
8476.50000 1768.44
8476.60000 1768.42
8476.70000 1759.32
8476.80000 1780.89
8476.90000 1771.94
8477.00000 1770.95
8477.10000 1753.42
8477.20000 1738.46
8477.30000 1765.25
8477.40000 1749.13
8477.50000 1747.58
8477.60000 1743.04
8477.70000 1766.00
8477.80000 1759.17
8477.90000 1742.16
8478.00000 1744.74
8478.10000 1717.22
8478.20000 1750.24
8478.30000 1738.23
8478.40000 1725.58
8478.50000 1732.02
8478.60000 1725.74
8478.70000 1709.64
8478.80000 1657.28
8478.90000 1692.75
8479.00000 1726.00
8479.10000 1745.26
8479.20000 1739.88
8479.30000 1715.90
8479.40000 1707.72
8479.50000 1708.59
8479.60000 1718.40
8479.70000 1706.69
8479.80000 1723.00
8479.90000 1727.77
8480.00000 1723.34
8480.10000 1720.38
8480.20000 1720.47
8480.30000 1723.34
8480.40000 1737.66
8480.50000 1700.08
8480.60000 1631.66
8480.70000 1611.48
8480.80000 1696.40
8480.90000 1706.41
8481.00000 1698.31
8481.10000 1713.94
8481.20000 1722.72
8481.30000 1719.99
8481.40000 1708.53
8481.50000 1733.68
8481.60000 1719.70
8481.70000 1721.89
8481.80000 1724.79
8481.90000 1742.33
8482.00000 1716.30
8482.10000 1717.52
8482.20000 1720.44
8482.30000 1736.18
8482.40000 1724.93
8482.50000 1728.26
8482.60000 1743.92
8482.70000 1729.14
8482.80000 1727.13
8482.90000 1734.00
8483.00000 1736.46
8483.10000 1735.05
8483.20000 1713.85
8483.30000 1722.54
8483.40000 1748.85
8483.50000 1737.16
8483.60000 1735.91
8483.70000 1756.40
8483.80000 1739.02
8483.90000 1746.12
8484.00000 1755.16
8484.10000 1749.32
8484.20000 1742.71
8484.30000 1743.74
8484.40000 1740.13
8484.50000 1751.59
8484.60000 1757.64
8484.70000 1753.37
8484.80000 1743.94
8484.90000 1748.15
8485.00000 1759.79
8485.10000 1739.47
8485.20000 1744.30
8485.30000 1760.40
8485.40000 1766.46
8485.50000 1754.71
8485.60000 1765.90
8485.70000 1766.94
8485.80000 1752.63
8485.90000 1760.68
8486.00000 1759.26
8486.10000 1769.41
8486.20000 1763.23
8486.30000 1767.89
8486.40000 1784.28
8486.50000 1771.83
8486.60000 1771.71
8486.70000 1768.63
8486.80000 1770.10
8486.90000 1757.74
8487.00000 1771.70
8487.10000 1774.05
8487.20000 1791.72
8487.30000 1770.97
8487.40000 1781.23
8487.50000 1765.00
8487.60000 1730.59
8487.70000 1648.91
8487.80000 1696.87
8487.90000 1769.28
8488.00000 1790.96
8488.10000 1800.37
8488.20000 1814.70
8488.30000 1792.10
8488.40000 1782.79
8488.50000 1784.86
8488.60000 1788.78
8488.70000 1785.10
8488.80000 1808.60
8488.90000 1762.21
8489.00000 1756.88
8489.10000 1762.35
8489.20000 1762.54
8489.30000 1770.03
8489.40000 1775.16
8489.50000 1755.90
8489.60000 1782.54
8489.70000 1772.90
8489.80000 1761.82
8489.90000 1769.22
8490.00000 1793.19
8490.10000 1796.89
8490.20000 1779.83
8490.30000 1790.78
8490.40000 1807.03
8490.50000 1791.77
8490.60000 1786.01
8490.70000 1783.26
8490.80000 1783.16
8490.90000 1800.85
8491.00000 1808.86
8491.10000 1821.70
8491.20000 1822.42
8491.30000 1814.99
8491.40000 1826.05
8491.50000 1796.97
8491.60000 1823.75
8491.70000 1811.59
8491.80000 1792.89
8491.90000 1818.59
8492.00000 1812.79
8492.10000 1828.83
8492.20000 1818.84
8492.30000 1839.07
8492.40000 1832.61
8492.50000 1770.65
8492.60000 1756.76
8492.70000 1825.01
8492.80000 1853.45
8492.90000 1841.83
8493.00000 1874.32
8493.10000 1893.53
8493.20000 1893.73
8493.30000 1900.70
8493.40000 1904.51
8493.50000 1908.72
8493.60000 1932.13
8493.70000 1954.49
8493.80000 1970.01
8493.90000 2000.79
8494.00000 1992.49
8494.10000 1997.29
8494.20000 2035.37
8494.30000 2010.73
8494.40000 2020.83
8494.50000 2025.29
8494.60000 2020.21
8494.70000 2044.61
8494.80000 2089.69
8494.90000 2086.33
8495.00000 2123.69
8495.10000 2150.10
8495.20000 2181.77
8495.30000 2166.76
8495.40000 2194.44
8495.50000 2225.71
8495.60000 2223.34
8495.70000 2206.46
8495.80000 2191.77
8495.90000 2201.63
8496.00000 2181.36
8496.10000 2183.73
8496.20000 2160.33
8496.30000 2173.84
8496.40000 2136.70
8496.50000 2153.30
8496.60000 2129.33
8496.70000 2140.13
8496.80000 2124.79
8496.90000 2128.39
8497.00000 2109.64
8497.10000 2105.83
8497.20000 2096.59
8497.30000 2036.90
8497.40000 2095.84
8497.50000 2094.69
8497.60000 2104.79
8497.70000 2114.57
8497.80000 2092.49
8497.90000 2088.60
8498.00000 2103.71
8498.10000 2102.49
8498.20000 2095.15
8498.30000 2092.41
8498.40000 2086.51
8498.50000 2112.00
8498.60000 2101.27
8498.70000 2104.53
8498.80000 2104.83
8498.90000 2119.33
8499.00000 2110.43
8499.10000 2122.43
8499.20000 2147.19
8499.30000 2158.23
8499.40000 2158.96
8499.50000 2168.93
8499.60000 2180.89
8499.70000 2197.37
8499.80000 2195.75
8499.90000 2222.27
8500.00000 2246.27
8500.10000 2237.33
8500.20000 2255.97
8500.30000 2260.97
8500.40000 2269.81
8500.50000 2250.09
8500.60000 2260.99
8500.70000 2194.94
8500.80000 2260.96
8500.90000 2294.97
8501.00000 2282.88
8501.10000 2282.88
8501.20000 2302.92
8501.30000 2282.38
8501.40000 2292.06
8501.50000 2287.75
8501.60000 2268.91
8501.70000 2268.24
8501.80000 2267.97
8501.90000 2287.11
8502.00000 2310.26
8502.10000 2276.80
8502.20000 2313.40
8502.30000 2309.72
8502.40000 2295.50
8502.50000 2322.84
8502.60000 2301.96
8502.70000 2305.63
8502.80000 2255.13
8502.90000 2279.34
8503.00000 2259.89
8503.10000 2248.58
8503.20000 2224.29
8503.30000 2237.41
8503.40000 2240.14
8503.50000 2231.17
8503.60000 2200.77
8503.70000 2206.59
8503.80000 2159.56
8503.90000 2137.13
8504.00000 2077.75
8504.10000 2159.92
8504.20000 2144.73
8504.30000 2123.50
8504.40000 2129.05
8504.50000 2132.05
8504.60000 2110.40
8504.70000 2093.19
8504.80000 2134.85
8504.90000 2076.01
8505.00000 2086.65
8505.10000 2114.57
8505.20000 2095.71
8505.30000 2073.92
8505.40000 2104.27
8505.50000 2101.04
8505.60000 2063.08
8505.70000 2054.35
8505.80000 2076.63
8505.90000 2107.71
8506.00000 2064.95
8506.10000 2078.17
8506.20000 2087.90
8506.30000 2088.20
8506.40000 2078.81
8506.50000 2065.96
8506.60000 1983.93
8506.70000 1920.69
8506.80000 2026.34
8506.90000 2052.17
8507.00000 2045.15
8507.10000 2049.60
8507.20000 2024.26
8507.30000 2022.69
8507.40000 2015.42
8507.50000 1993.58
8507.60000 1994.49
8507.70000 1991.59
8507.80000 1957.18
8507.90000 1964.52
8508.00000 1952.62
8508.10000 1941.51
8508.20000 1934.83
8508.30000 1930.81
8508.40000 1916.36
8508.50000 1902.36
8508.60000 1923.40
8508.70000 1887.21
8508.80000 1894.42
8508.90000 1893.84
8509.00000 1881.27
8509.10000 1885.12
8509.20000 1892.05
8509.30000 1854.35
8509.40000 1842.13
8509.50000 1852.70
8509.60000 1863.17
8509.70000 1830.04
8509.80000 1821.41
8509.90000 1830.06
8510.00000 1812.79
8510.10000 1812.90
8510.20000 1803.22
8510.30000 1804.78
8510.40000 1820.51
8510.50000 1769.75
8510.60000 1792.76
8510.70000 1781.57
8510.80000 1785.49
8510.90000 1803.74
8511.00000 1780.04
8511.10000 1783.40
8511.20000 1764.15
8511.30000 1784.15
8511.40000 1780.85
8511.50000 1765.20
8511.60000 1773.04
8511.70000 1753.93
8511.80000 1756.37
8511.90000 1771.58
8512.00000 1763.00
8512.10000 1761.32
8512.20000 1770.06
8512.30000 1747.18
8512.40000 1754.38
8512.50000 1708.74
8512.60000 1681.08
8512.70000 1537.30
8512.80000 1609.30
8512.90000 1689.75
8513.00000 1666.94
8513.10000 1548.10
8513.20000 1627.82
8513.30000 1716.91
8513.40000 1740.74
8513.50000 1758.26
8513.60000 1739.54
8513.70000 1739.22
8513.80000 1732.56
8513.90000 1699.07
8514.00000 1697.98
8514.10000 1691.20
8514.20000 1714.11
8514.30000 1744.02
8514.40000 1726.81
8514.50000 1725.72
8514.60000 1742.21
8514.70000 1745.72
8514.80000 1718.86
8514.90000 1727.68
8515.00000 1710.46
8515.10000 1702.29
8515.20000 1725.02
8515.30000 1711.30
8515.40000 1723.72
8515.50000 1726.64
8515.60000 1708.32
8515.70000 1723.96
8515.80000 1715.48
8515.90000 1712.47
8516.00000 1714.63
8516.10000 1705.32
8516.20000 1707.73
8516.30000 1728.59
8516.40000 1734.97
8516.50000 1717.92
8516.60000 1721.15
8516.70000 1708.99
8516.80000 1677.38
8516.90000 1683.71
8517.00000 1715.52
8517.10000 1716.20
8517.20000 1730.25
8517.30000 1715.52
8517.40000 1709.70
8517.50000 1701.75
8517.60000 1688.42
8517.70000 1688.08
8517.80000 1707.19
8517.90000 1703.82
8518.00000 1703.19
8518.10000 1711.39
8518.20000 1713.54
8518.30000 1710.33
8518.40000 1703.80
8518.50000 1720.28
8518.60000 1716.24
8518.70000 1687.89
8518.80000 1709.95
8518.90000 1718.03
8519.00000 1726.38
8519.10000 1715.33
8519.20000 1717.34
8519.30000 1711.51
8519.40000 1717.91
8519.50000 1705.01
8519.60000 1697.50
8519.70000 1713.94
8519.80000 1707.99
8519.90000 1702.23
8520.00000 1741.87
8520.10000 1723.60
8520.20000 1720.65
8520.30000 1676.29
8520.40000 1569.67
8520.50000 1552.07
8520.60000 1659.70
8520.70000 1699.50
8520.80000 1713.09
8520.90000 1702.98
8521.00000 1728.12
8521.10000 1702.93
8521.20000 1705.20
8521.30000 1731.56
8521.40000 1726.61
8521.50000 1707.27
8521.60000 1697.40
8521.70000 1715.66
8521.80000 1719.67
8521.90000 1709.80
8522.00000 1726.66
8522.10000 1713.79
8522.20000 1704.35
8522.30000 1701.11
8522.40000 1700.55
8522.50000 1702.71
8522.60000 1718.36
8522.70000 1719.28
8522.80000 1710.29
8522.90000 1715.31
8523.00000 1703.93
8523.10000 1704.10
8523.20000 1713.27
8523.30000 1703.70
8523.40000 1699.12
8523.50000 1665.98
8523.60000 1690.26
8523.70000 1672.09
8523.80000 1672.84
8523.90000 1673.22
8524.00000 1715.47
8524.10000 1695.12
8524.20000 1714.06
8524.30000 1697.60
8524.40000 1707.41
8524.50000 1712.74
8524.60000 1703.47
8524.70000 1687.19
8524.80000 1718.82
8524.90000 1695.21
8525.00000 1697.46
8525.10000 1707.02
8525.20000 1692.71
8525.30000 1671.94
8525.40000 1726.67
8525.50000 1684.51
8525.60000 1674.70
8525.70000 1696.27
8525.80000 1705.88
8525.90000 1719.68
8526.00000 1706.22
8526.10000 1689.75
8526.20000 1712.42
8526.30000 1680.31
8526.40000 1681.23
8526.50000 1694.09
8526.60000 1683.68
8526.70000 1689.83
8526.80000 1703.05
8526.90000 1701.81
8527.00000 1699.78
8527.10000 1655.32
8527.20000 1637.65
8527.30000 1678.47
8527.40000 1695.94
8527.50000 1689.74
8527.60000 1687.78
8527.70000 1702.19
8527.80000 1681.81
8527.90000 1703.35
8528.00000 1688.59
8528.10000 1705.58
8528.20000 1687.51
8528.30000 1704.64
8528.40000 1716.55
8528.50000 1698.04
8528.60000 1704.46
8528.70000 1717.77
8528.80000 1692.68
8528.90000 1699.22
8529.00000 1695.88
8529.10000 1704.64
8529.20000 1701.84
8529.30000 1680.61
8529.40000 1686.70
8529.50000 1698.16
8529.60000 1709.89
8529.70000 1721.96
8529.80000 1704.38
8529.90000 1704.60
8530.00000 1706.46
8530.10000 1702.02
8530.20000 1710.86
8530.30000 1695.94
8530.40000 1707.44
8530.50000 1690.26
8530.60000 1658.95
8530.70000 1672.15
8530.80000 1666.55
8530.90000 1666.45
8531.00000 1688.89
8531.10000 1683.86
8531.20000 1694.32
8531.30000 1693.90
8531.40000 1691.78
8531.50000 1695.33
8531.60000 1713.11
8531.70000 1718.99
8531.80000 1710.01
8531.90000 1713.69
8532.00000 1712.98
8532.10000 1712.29
8532.20000 1691.33
8532.30000 1679.38
8532.40000 1709.86
8532.50000 1709.51
8532.60000 1693.55
8532.70000 1699.15
8532.80000 1710.60
8532.90000 1714.41
8533.00000 1718.05
8533.10000 1700.27
8533.20000 1716.23
8533.30000 1710.51
8533.40000 1695.89
8533.50000 1696.16
8533.60000 1696.97
8533.70000 1707.40
8533.80000 1713.15
8533.90000 1712.39
8534.00000 1711.67
8534.10000 1702.83
8534.20000 1717.40
8534.30000 1706.68
8534.40000 1730.83
8534.50000 1720.48
8534.60000 1717.84
8534.70000 1696.86
8534.80000 1718.21
8534.90000 1704.82
8535.00000 1738.75
8535.10000 1719.82
8535.20000 1738.70
8535.30000 1724.47
8535.40000 1726.47
8535.50000 1679.27
8535.60000 1644.94
8535.70000 1721.16
8535.80000 1735.04
8535.90000 1736.51
8536.00000 1758.05
8536.10000 1779.30
8536.20000 1784.06
8536.30000 1774.59
8536.40000 1774.44
8536.50000 1781.37
8536.60000 1789.23
8536.70000 1805.41
8536.80000 1815.51
8536.90000 1815.95
8537.00000 1787.81
8537.10000 1831.56
8537.20000 1818.93
8537.30000 1816.30
8537.40000 1831.64
8537.50000 1839.57
8537.60000 1891.43
8537.70000 1889.62
8537.80000 1919.93
8537.90000 1929.53
8538.00000 1940.60
8538.10000 1962.81
8538.20000 1980.23
8538.30000 1996.51
8538.40000 2004.69
8538.50000 2019.41
8538.60000 2041.36
8538.70000 2056.60
8538.80000 2094.38
8538.90000 2118.40
8539.00000 2119.15
8539.10000 2157.57
8539.20000 2181.62
8539.30000 2188.43
8539.40000 2202.52
8539.50000 2220.13
8539.60000 2237.47
8539.70000 2245.19
8539.80000 2244.88
8539.90000 2244.97
8540.00000 2227.76
8540.10000 2212.80
8540.20000 2191.68
8540.30000 2226.26
8540.40000 2178.01
8540.50000 2177.12
8540.60000 2131.08
8540.70000 2085.48
8540.80000 2137.91
8540.90000 2159.71
8541.00000 2164.79
8541.10000 2143.20
8541.20000 2148.47
8541.30000 2134.63
8541.40000 2143.76
8541.50000 2051.23
8541.60000 1914.77
8541.70000 2050.78
8541.80000 2150.59
8541.90000 2186.29
8542.00000 2167.63
8542.10000 2191.59
8542.20000 2173.30
8542.30000 2185.73
8542.40000 2185.82
8542.50000 2186.10
8542.60000 2180.11
8542.70000 2226.73
8542.80000 2221.37
8542.90000 2233.09
8543.00000 2246.49
8543.10000 2253.12
8543.20000 2267.62
8543.30000 2254.28
8543.40000 2267.40
8543.50000 2293.49
8543.60000 2285.68
8543.70000 2253.37
8543.80000 2250.85
8543.90000 2230.91
8544.00000 2221.27
8544.10000 2222.54
8544.20000 2229.73
8544.30000 2216.17
8544.40000 2227.52
8544.50000 2191.71
8544.60000 2187.60
8544.70000 2208.94
8544.80000 2212.75
8544.90000 2207.16
8545.00000 2191.80
8545.10000 2196.57
8545.20000 2187.26
8545.30000 2200.98
8545.40000 2206.09
8545.50000 2181.36
8545.60000 2223.41
8545.70000 2235.75
8545.80000 2235.62
8545.90000 2257.73
8546.00000 2277.44
8546.10000 2276.71
8546.20000 2286.84
8546.30000 2301.62
8546.40000 2311.43
8546.50000 2344.76
8546.60000 2331.04
8546.70000 2308.41
8546.80000 2319.38
8546.90000 2306.07
8547.00000 2224.08
8547.10000 2238.43
8547.20000 2276.86
8547.30000 2255.28
8547.40000 2247.16
8547.50000 2243.40
8547.60000 2197.54
8547.70000 2184.64
8547.80000 2194.09
8547.90000 2163.51
8548.00000 2157.95
8548.10000 2163.75
8548.20000 2150.29
8548.30000 2139.46
8548.40000 2135.20
8548.50000 2104.41
8548.60000 2124.47
8548.70000 2115.73
8548.80000 2091.80
8548.90000 2120.18
8549.00000 2110.03
8549.10000 2086.55
8549.20000 2115.30
8549.30000 2094.58
8549.40000 2073.99
8549.50000 2054.04
8549.60000 2079.69
8549.70000 2052.83
8549.80000 2040.81
8549.90000 2025.38
8550.00000 2010.36
8550.10000 1997.53
8550.20000 1975.65
8550.30000 1981.56
8550.40000 1933.79
8550.50000 1916.56
8550.60000 1915.08
8550.70000 1907.25
8550.80000 1888.25
8550.90000 1900.37
8551.00000 1864.55
8551.10000 1874.97
8551.20000 1862.05
8551.30000 1847.30
8551.40000 1858.82
8551.50000 1847.01
8551.60000 1856.66
8551.70000 1821.50
8551.80000 1813.36
8551.90000 1831.24
8552.00000 1817.41
8552.10000 1794.24
8552.20000 1814.00
8552.30000 1814.76
8552.40000 1783.98
8552.50000 1776.32
8552.60000 1774.47
8552.70000 1778.63
8552.80000 1751.89
8552.90000 1769.07
8553.00000 1768.21
8553.10000 1745.96
8553.20000 1750.42
8553.30000 1738.12
8553.40000 1740.42
8553.50000 1729.76
8553.60000 1725.92
8553.70000 1723.08
8553.80000 1742.43
8553.90000 1711.80
8554.00000 1730.59
8554.10000 1730.86
8554.20000 1716.46
8554.30000 1702.15
8554.40000 1706.79
8554.50000 1635.37
8554.60000 1606.59
8554.70000 1702.21
8554.80000 1696.11
8554.90000 1697.35
8555.00000 1714.82
8555.10000 1715.50
8555.20000 1686.98
8555.30000 1701.97
8555.40000 1696.51
8555.50000 1712.86
8555.60000 1696.87
8555.70000 1667.84
8555.80000 1657.39
8555.90000 1679.69
8556.00000 1700.88
8556.10000 1700.99
8556.20000 1672.16
8556.30000 1678.93
8556.40000 1682.31
8556.50000 1682.84
8556.60000 1680.81
8556.70000 1684.90
8556.80000 1666.73
8556.90000 1660.77
8557.00000 1667.04
8557.10000 1666.58
8557.20000 1651.10
8557.30000 1652.33
8557.40000 1655.95
8557.50000 1671.10
8557.60000 1686.04
8557.70000 1677.14
8557.80000 1680.45
8557.90000 1682.53
8558.00000 1675.61
8558.10000 1686.84
8558.20000 1694.66
8558.30000 1679.85
8558.40000 1704.15
8558.50000 1721.96
8558.60000 1676.24
8558.70000 1699.24
8558.80000 1708.35
8558.90000 1669.38
8559.00000 1677.47
8559.10000 1681.44
8559.20000 1662.63
8559.30000 1661.88
8559.40000 1661.23
8559.50000 1647.37
8559.60000 1668.60
8559.70000 1655.97
8559.80000 1694.03
8559.90000 1687.11
8560.00000 1696.29
8560.10000 1677.31
8560.20000 1697.63
8560.30000 1650.12
8560.40000 1662.97
8560.50000 1700.75
8560.60000 1669.47
8560.70000 1671.50
8560.80000 1649.52
8560.90000 1680.70
8561.00000 1682.15
8561.10000 1691.72
8561.20000 1673.26
8561.30000 1676.98
8561.40000 1687.47
8561.50000 1685.94
8561.60000 1671.90
8561.70000 1665.73
8561.80000 1650.20
8561.90000 1653.92
8562.00000 1645.26
8562.10000 1659.07
8562.20000 1693.13
8562.30000 1661.98
8562.40000 1690.03
8562.50000 1684.43
8562.60000 1682.16
8562.70000 1697.43
8562.80000 1675.93
8562.90000 1695.06
8563.00000 1653.72
8563.10000 1655.81
8563.20000 1614.20
8563.30000 1651.52
8563.40000 1707.44
8563.50000 1689.35
8563.60000 1638.19
8563.70000 1690.54
8563.80000 1669.46
8563.90000 1681.01
8564.00000 1665.33
8564.10000 1654.76
8564.20000 1676.55
8564.30000 1689.10
8564.40000 1668.17
8564.50000 1676.71
8564.60000 1662.65
8564.70000 1696.08
8564.80000 1675.68
8564.90000 1677.75
8565.00000 1674.60
8565.10000 1671.16
8565.20000 1676.73
8565.30000 1674.48
8565.40000 1668.39
8565.50000 1634.39
8565.60000 1656.44
8565.70000 1672.26
8565.80000 1668.63
8565.90000 1656.66
8566.00000 1666.99
8566.10000 1689.29
8566.20000 1657.94
8566.30000 1668.27
8566.40000 1679.55
8566.50000 1701.11
8566.60000 1654.35
8566.70000 1663.79
8566.80000 1682.42
8566.90000 1669.37
8567.00000 1673.26
8567.10000 1659.32
8567.20000 1676.12
8567.30000 1659.39
8567.40000 1687.85
8567.50000 1667.56
8567.60000 1658.96
8567.70000 1656.71
8567.80000 1662.90
8567.90000 1665.16
8568.00000 1681.48
8568.10000 1679.53
8568.20000 1692.74
8568.30000 1657.65
8568.40000 1675.65
8568.50000 1649.33
8568.60000 1655.83
8568.70000 1680.26
8568.80000 1645.26
8568.90000 1664.08
8569.00000 1682.24
8569.10000 1652.61
8569.20000 1648.14
8569.30000 1667.27
8569.40000 1654.25
8569.50000 1648.66
8569.60000 1636.46
8569.70000 1660.80
8569.80000 1630.37
8569.90000 1636.63
8570.00000 1639.80
8570.10000 1641.44
8570.20000 1676.16
8570.30000 1659.30
8570.40000 1690.93
8570.50000 1672.94
8570.60000 1656.84
8570.70000 1669.28
8570.80000 1654.06
8570.90000 1667.57
8571.00000 1624.27
8571.10000 1665.80
8571.20000 1694.43
8571.30000 1641.49
8571.40000 1638.33
8571.50000 1652.75
8571.60000 1666.76
8571.70000 1652.24
8571.80000 1626.36
8571.90000 1617.94
8572.00000 1623.22
8572.10000 1653.90
8572.20000 1623.89
8572.30000 1676.62
8572.40000 1657.84
8572.50000 1636.66
8572.60000 1648.73
8572.70000 1648.27
8572.80000 1663.40
8572.90000 1653.44
8573.00000 1654.96
8573.10000 1640.49
8573.20000 1651.86
8573.30000 1669.30
8573.40000 1638.43
8573.50000 1667.45
8573.60000 1636.04
8573.70000 1662.83
8573.80000 1631.87
8573.90000 1545.39
8574.00000 1636.13
8574.10000 1671.31
8574.20000 1629.15
8574.30000 1637.60
8574.40000 1623.49
8574.50000 1658.02
8574.60000 1676.62
8574.70000 1649.13
8574.80000 1616.35
8574.90000 1652.70
8575.00000 1609.90
8575.10000 1630.33
8575.20000 1634.87
8575.30000 1645.55
8575.40000 1656.85
8575.50000 1643.45
8575.60000 1638.16
8575.70000 1621.30
8575.80000 1660.02
8575.90000 1655.75
8576.00000 1668.87
8576.10000 1654.70
8576.20000 1653.54
8576.30000 1638.81
8576.40000 1637.31
8576.50000 1613.73
8576.60000 1626.53
8576.70000 1633.73
8576.80000 1619.36
8576.90000 1626.64
8577.00000 1614.92
8577.10000 1641.42
8577.20000 1646.45
8577.30000 1620.78
8577.40000 1636.61
8577.50000 1640.41
8577.60000 1656.26
8577.70000 1671.66
8577.80000 1684.59
8577.90000 291.63
8578.00000 0.00
8578.10000 0.00
8578.20000 0.00
8578.30000 0.00
8578.40000 0.00
8578.50000 0.00
8578.60000 0.00
8578.70000 0.00
8578.80000 0.00
8578.90000 0.00
8579.00000 0.00
8579.10000 0.00
8579.20000 0.00
8579.30000 0.00
8579.40000 0.00
8579.50000 0.00
8579.60000 0.00
8579.70000 0.00
8579.80000 0.00
8579.90000 0.00
8580.00000 0.00
8580.10000 0.00
8580.20000 0.00
8580.30000 0.00
8580.40000 0.00
8580.50000 95.66
8580.60000 1656.18
8580.70000 1614.28
8580.80000 1642.80
8580.90000 1635.26
8581.00000 1648.20
8581.10000 1610.05
8581.20000 1628.16
8581.30000 1658.23
8581.40000 1637.86
8581.50000 1635.38
8581.60000 1645.81
8581.70000 1644.51
8581.80000 1667.54
8581.90000 1658.18
8582.00000 1665.14
8582.10000 1637.33
8582.20000 1669.48
8582.30000 1682.14
8582.40000 1688.57
8582.50000 1667.25
8582.60000 1661.10
8582.70000 1690.80
8582.80000 1702.78
8582.90000 1690.77
8583.00000 1660.41
8583.10000 1664.85
8583.20000 1653.88
8583.30000 1645.87
8583.40000 1658.30
8583.50000 1643.02
8583.60000 1648.30
8583.70000 1637.77
8583.80000 1642.25
8583.90000 1637.33
8584.00000 1669.45
8584.10000 1652.28
8584.20000 1651.64
8584.30000 1662.12
8584.40000 1676.47
8584.50000 1687.56
8584.60000 1684.56
8584.70000 1662.02
8584.80000 1663.82
8584.90000 1649.15
8585.00000 1662.63
8585.10000 1664.61
8585.20000 1679.61
8585.30000 1661.91
8585.40000 1674.95
8585.50000 1686.64
8585.60000 1652.24
8585.70000 1651.98
8585.80000 1651.62
8585.90000 1664.83
8586.00000 1650.87
8586.10000 1639.61
8586.20000 1659.70
8586.30000 1650.04
8586.40000 1662.11
8586.50000 1674.88
8586.60000 1646.11
8586.70000 1646.35
8586.80000 1639.10
8586.90000 1672.41
8587.00000 1667.14
8587.10000 1694.17
8587.20000 1679.11
8587.30000 1669.03
8587.40000 1656.24
8587.50000 1638.15
8587.60000 1653.39
8587.70000 1606.15
8587.80000 1627.85
8587.90000 1650.84
8588.00000 1655.28
8588.10000 1657.40
8588.20000 1654.21
8588.30000 1656.31
8588.40000 1663.96
8588.50000 1666.34
8588.60000 1688.36
8588.70000 1670.99
8588.80000 1675.84
8588.90000 1682.41
8589.00000 1686.00
8589.10000 1683.79
8589.20000 1677.50
8589.30000 1669.63
8589.40000 1684.23
8589.50000 1655.64
8589.60000 1673.36
8589.70000 1662.62
8589.80000 1677.03
8589.90000 1674.16
8590.00000 1684.44
8590.10000 1656.90
8590.20000 1657.46
8590.30000 1652.99
8590.40000 1656.62
8590.50000 1678.41
8590.60000 1670.30
8590.70000 1698.69
8590.80000 1682.43
8590.90000 1690.94
8591.00000 1682.47
8591.10000 1665.16
8591.20000 1677.53
8591.30000 1700.48
8591.40000 1730.65
8591.50000 1740.69
8591.60000 1751.28
8591.70000 1709.04
8591.80000 1705.85
8591.90000 1704.68
8592.00000 1676.68
8592.10000 1737.80
8592.20000 1757.20
8592.30000 1731.01
8592.40000 1776.01
8592.50000 1777.75
8592.60000 1729.37
8592.70000 1767.46
8592.80000 1739.40
8592.90000 1758.72
8593.00000 1744.01
8593.10000 1764.16
8593.20000 1762.54
8593.30000 1799.60
8593.40000 1758.98
8593.50000 1777.35
8593.60000 1774.92
8593.70000 1784.11
8593.80000 1767.69
8593.90000 1791.03
8594.00000 1806.67
8594.10000 1815.51
8594.20000 1826.00
8594.30000 1825.80
8594.40000 1829.38
8594.50000 1849.21
8594.60000 1858.96
8594.70000 1836.60
8594.80000 1854.09
8594.90000 1843.54
8595.00000 1869.50
8595.10000 1890.85
8595.20000 1893.05
8595.30000 1916.14
8595.40000 1933.56
8595.50000 1947.76
8595.60000 1966.66
8595.70000 1944.57
8595.80000 1991.82
8595.90000 1965.68
8596.00000 1984.67
8596.10000 1993.37
8596.20000 2023.24
8596.30000 2027.40
8596.40000 1995.99
8596.50000 2008.32
8596.60000 1984.20
8596.70000 1996.43
8596.80000 1986.79
8596.90000 1974.87
8597.00000 1983.62
8597.10000 1961.85
8597.20000 1945.18
8597.30000 1953.38
8597.40000 1963.96
8597.50000 1962.93
8597.60000 1918.87
8597.70000 1923.37
8597.80000 1892.59
8597.90000 1907.23
8598.00000 1924.73
8598.10000 1913.75
8598.20000 1916.07
8598.30000 1895.44
8598.40000 1902.50
8598.50000 1878.90
8598.60000 1892.69
8598.70000 1893.86
8598.80000 1871.67
8598.90000 1865.12
8599.00000 1888.69
8599.10000 1889.85
8599.20000 1909.57
8599.30000 1910.02
8599.40000 1891.36
8599.50000 1909.16
8599.60000 1891.44
8599.70000 1924.31
8599.80000 1926.18
8599.90000 1909.59
8600.00000 1912.41
8600.10000 1911.99
8600.20000 1904.01
8600.30000 1914.80
8600.40000 1920.89
8600.50000 1902.61
8600.60000 1885.26
8600.70000 1911.97
8600.80000 1924.94
8600.90000 1924.55
8601.00000 1903.10
8601.10000 1924.94
8601.20000 1914.82
8601.30000 1941.52
8601.40000 1913.96
8601.50000 1913.50
8601.60000 1902.41
8601.70000 2021.36
8601.80000 1984.77
8601.90000 1947.53
8602.00000 1973.23
8602.10000 1965.00
8602.20000 1972.97
8602.30000 1987.44
8602.40000 1971.11
8602.50000 1955.99
8602.60000 1963.20
8602.70000 1964.44
8602.80000 1965.79
8602.90000 1966.90
8603.00000 1932.36
8603.10000 1927.48
8603.20000 1916.12
8603.30000 1901.81
8603.40000 1921.01
8603.50000 1888.98
8603.60000 1885.04
8603.70000 1870.13
8603.80000 1875.62
8603.90000 1842.64
8604.00000 1847.41
8604.10000 1835.02
8604.20000 1816.92
8604.30000 1824.20
8604.40000 1815.50
8604.50000 1791.54
8604.60000 1798.11
8604.70000 1779.96
8604.80000 1772.80
8604.90000 1778.46
8605.00000 1779.67
8605.10000 1778.09
8605.20000 1771.55
8605.30000 1747.39
8605.40000 1758.62
8605.50000 1766.02
8605.60000 1751.52
8605.70000 1738.16
8605.80000 1743.56
8605.90000 1744.53
8606.00000 1728.82
8606.10000 1718.09
8606.20000 1734.88
8606.30000 1730.11
8606.40000 1733.64
8606.50000 1743.77
8606.60000 1717.11
8606.70000 1714.80
8606.80000 1722.12
8606.90000 1721.94
8607.00000 1709.21
8607.10000 1707.01
8607.20000 1698.79
8607.30000 1712.46
8607.40000 1684.92
8607.50000 1701.25
8607.60000 1690.09
8607.70000 1697.20
8607.80000 1707.72
8607.90000 1691.34
8608.00000 1693.01
8608.10000 1672.83
8608.20000 1682.60
8608.30000 1695.29
8608.40000 1676.40
8608.50000 1683.73
8608.60000 1691.82
8608.70000 1690.08
8608.80000 1697.93
8608.90000 1693.46
8609.00000 1673.49
8609.10000 1683.18
8609.20000 1688.15
8609.30000 1688.93
8609.40000 1687.11
8609.50000 1685.25
8609.60000 1660.71
8609.70000 1679.34
8609.80000 1672.31
8609.90000 1660.41
8610.00000 1681.93
8610.10000 1703.73
8610.20000 1662.22
8610.30000 1658.23
8610.40000 1673.17
8610.50000 1672.36
8610.60000 1669.61
8610.70000 1651.12
8610.80000 1664.80
8610.90000 1671.59
8611.00000 1671.79
8611.10000 1650.92
8611.20000 1641.04
8611.30000 1631.06
8611.40000 1642.87
8611.50000 1651.85
8611.60000 1658.61
8611.70000 1668.94
8611.80000 1664.86
8611.90000 1663.44
8612.00000 1676.70
8612.10000 1680.17
8612.20000 1671.68
8612.30000 1665.07
8612.40000 1674.98
8612.50000 1670.52
8612.60000 1692.80
8612.70000 1645.13
8612.80000 1670.31
8612.90000 1661.89
8613.00000 1672.37
8613.10000 1682.08
8613.20000 1694.47
8613.30000 1665.44
8613.40000 1677.82
8613.50000 1666.23
8613.60000 1670.23
8613.70000 1659.27
8613.80000 1673.42
8613.90000 1703.17
8614.00000 1683.74
8614.10000 1685.71
8614.20000 1695.12
8614.30000 1661.69
8614.40000 1672.83
8614.50000 1681.74
8614.60000 1667.76
8614.70000 1661.62
8614.80000 1659.36
8614.90000 1687.29
8615.00000 1669.05
8615.10000 1673.72
8615.20000 1672.90
8615.30000 1667.30
8615.40000 1685.60
8615.50000 1660.25
8615.60000 1681.08
8615.70000 1665.86
8615.80000 1666.23
8615.90000 1669.70
8616.00000 1668.36
8616.10000 1652.75
8616.20000 1677.22
8616.30000 1680.97
8616.40000 1670.63
8616.50000 1666.76
8616.60000 1660.46
8616.70000 1661.13
8616.80000 1631.51
8616.90000 1637.50
8617.00000 1653.69
8617.10000 1661.04
8617.20000 1669.12
8617.30000 1651.51
8617.40000 1627.77
8617.50000 1650.49
8617.60000 1639.34
8617.70000 1638.79
8617.80000 1649.00
8617.90000 1634.34
8618.00000 1663.08
8618.10000 1649.57
8618.20000 1652.87
8618.30000 1633.21
8618.40000 1635.66
8618.50000 1662.69
8618.60000 1629.67
8618.70000 1638.08
8618.80000 1654.96
8618.90000 1625.79
8619.00000 1634.03
8619.10000 1649.22
8619.20000 1653.57
8619.30000 1639.17
8619.40000 1621.50
8619.50000 1649.80
8619.60000 1633.80
8619.70000 1619.12
8619.80000 1617.37
8619.90000 1647.77
8620.00000 1651.40
8620.10000 1631.41
8620.20000 1657.94
8620.30000 1613.00
8620.40000 1624.22
8620.50000 1623.73
8620.60000 1641.04
8620.70000 1646.60
8620.80000 1620.73
8620.90000 1629.10
8621.00000 1609.29
8621.10000 1638.52
8621.20000 1613.99
8621.30000 1617.38
8621.40000 1628.31
8621.50000 1631.86
8621.60000 1634.05
8621.70000 1628.28
8621.80000 1641.19
8621.90000 1624.18
8622.00000 1633.00
8622.10000 1646.39
8622.20000 1641.92
8622.30000 1639.91
8622.40000 1634.93
8622.50000 1647.66
8622.60000 1653.30
8622.70000 1658.23
8622.80000 1641.03
8622.90000 1665.52
8623.00000 1667.95
8623.10000 1648.37
8623.20000 1668.72
8623.30000 1670.70
8623.40000 1678.41
8623.50000 1668.83
8623.60000 1661.47
8623.70000 1691.90
8623.80000 1682.29
8623.90000 1680.14
8624.00000 1674.69
8624.10000 1687.48
8624.20000 1689.07
8624.30000 1676.69
8624.40000 1694.48
8624.50000 1692.10
8624.60000 1690.31
8624.70000 1691.67
8624.80000 1694.83
8624.90000 1687.32
8625.00000 1702.88
8625.10000 1698.07
8625.20000 1696.98
8625.30000 1722.87
8625.40000 1711.18
8625.50000 1708.61
8625.60000 1695.75
8625.70000 1684.49
8625.80000 1689.42
8625.90000 1688.80
8626.00000 1708.75
8626.10000 1705.69
8626.20000 1718.12
8626.30000 1709.02
8626.40000 1730.06
8626.50000 1735.71
8626.60000 1729.53
8626.70000 1729.21
8626.80000 1709.94
8626.90000 1753.50
8627.00000 1710.45
8627.10000 1713.74
8627.20000 1713.66
8627.30000 1700.96
8627.40000 1711.29
8627.50000 1694.95
8627.60000 1709.89
8627.70000 1713.74
8627.80000 1732.58
8627.90000 1705.87
8628.00000 1713.70
8628.10000 1714.97
8628.20000 1697.67
8628.30000 1712.83
8628.40000 1716.99
8628.50000 1720.46
8628.60000 1729.09
8628.70000 1718.18
8628.80000 1714.53
8628.90000 1725.07
8629.00000 1721.56
8629.10000 1716.63
8629.20000 1717.95
8629.30000 1709.24
8629.40000 1692.89
8629.50000 1699.72
8629.60000 1722.79
8629.70000 1700.35
8629.80000 1705.53
8629.90000 1699.48
8630.00000 1714.82
8630.10000 1724.49
8630.20000 1716.64
8630.30000 1711.54
8630.40000 1720.48
8630.50000 1723.83
8630.60000 1708.23
8630.70000 1714.48
8630.80000 1722.68
8630.90000 1715.80
8631.00000 1717.17
8631.10000 1727.96
8631.20000 1706.49
8631.30000 1711.78
8631.40000 1714.42
8631.50000 1705.56
8631.60000 1721.07
8631.70000 1709.36
8631.80000 1689.74
8631.90000 1730.21
8632.00000 1742.25
8632.10000 1728.81
8632.20000 1752.13
8632.30000 1763.94
8632.40000 1740.12
8632.50000 1747.64
8632.60000 1726.56
8632.70000 1725.82
8632.80000 1740.83
8632.90000 1738.91
8633.00000 1729.83
8633.10000 1758.33
8633.20000 1748.59
8633.30000 1772.79
8633.40000 1751.37
8633.50000 1745.01
8633.60000 1745.95
8633.70000 1743.36
8633.80000 1778.86
8633.90000 1765.51
8634.00000 1751.63
8634.10000 1749.32
8634.20000 1745.98
8634.30000 1741.72
8634.40000 1757.94
8634.50000 1745.26
8634.60000 1748.64
8634.70000 1707.51
8634.80000 1755.82
8634.90000 1726.52
8635.00000 1739.71
8635.10000 1766.75
8635.20000 1727.81
8635.30000 1740.13
8635.40000 1744.04
8635.50000 1727.20
8635.60000 1731.65
8635.70000 1737.81
8635.80000 1727.18
8635.90000 1722.97
8636.00000 1739.77
8636.10000 1753.31
8636.20000 1701.65
8636.30000 1724.36
8636.40000 1729.59
8636.50000 1716.21
8636.60000 1694.09
8636.70000 1690.55
8636.80000 1713.40
8636.90000 1706.80
8637.00000 1705.18
8637.10000 1706.05
8637.20000 1684.16
8637.30000 1704.09
8637.40000 1683.99
8637.50000 1703.69
8637.60000 1702.14
8637.70000 1690.97
8637.80000 1699.48
8637.90000 1685.58
8638.00000 1669.86
8638.10000 1673.10
8638.20000 1683.56
8638.30000 1700.95
8638.40000 1688.33
8638.50000 1696.52
8638.60000 1697.12
8638.70000 1688.21
8638.80000 1686.71
8638.90000 1688.76
8639.00000 1681.01
8639.10000 1690.75
8639.20000 1687.03
8639.30000 1684.00
8639.40000 1688.43
8639.50000 1688.01
8639.60000 1671.52
8639.70000 1680.81
8639.80000 1698.72
8639.90000 1689.18
8640.00000 1703.48
8640.10000 1674.41
8640.20000 1679.70
8640.30000 1679.03
8640.40000 1688.80
8640.50000 1696.55
8640.60000 1698.05
8640.70000 1683.49
8640.80000 1677.23
8640.90000 1661.67
8641.00000 1681.36
8641.10000 1673.11
8641.20000 1683.70
8641.30000 1675.11
8641.40000 1674.15
8641.50000 1685.61
8641.60000 1658.58
8641.70000 1686.83
8641.80000 1671.60
8641.90000 1676.84
8642.00000 1672.79
8642.10000 1675.54
8642.20000 1695.37
8642.30000 1661.26
8642.40000 1659.47
8642.50000 1661.53
8642.60000 1670.24
8642.70000 1649.81
8642.80000 1668.40
8642.90000 1670.74
8643.00000 1690.60
8643.10000 1674.47
8643.20000 1651.41
8643.30000 1665.83
8643.40000 1673.22
8643.50000 1678.42
8643.60000 1668.35
8643.70000 1652.84
8643.80000 1686.65
8643.90000 1665.64
8644.00000 1665.75
8644.10000 1665.71
8644.20000 1672.49
8644.30000 1673.34
8644.40000 1686.69
8644.50000 1660.94
8644.60000 1654.81
8644.70000 1662.41
8644.80000 1676.44
8644.90000 1666.21
8645.00000 1676.63
8645.10000 1651.40
8645.20000 1673.78
8645.30000 1677.60
8645.40000 1645.35
8645.50000 1680.34
8645.60000 1662.79
8645.70000 1657.94
8645.80000 1651.98
8645.90000 1675.25
8646.00000 1679.65
8646.10000 1657.10
8646.20000 1678.42
8646.30000 1641.91
8646.40000 1664.64
8646.50000 1672.33
8646.60000 1659.99
8646.70000 1660.43
8646.80000 1666.63
8646.90000 1663.59
8647.00000 1675.80
8647.10000 1655.90
8647.20000 1652.09
8647.30000 1646.91
8647.40000 1677.12
8647.50000 1663.01
8647.60000 1639.71
8647.70000 1682.91
8647.80000 1640.58
8647.90000 1628.33
8648.00000 1641.22
8648.10000 1647.09
8648.20000 1651.18
8648.30000 1645.71
8648.40000 1648.85
8648.50000 1652.63
8648.60000 1645.43
8648.70000 1657.40
8648.80000 1663.82
8648.90000 1640.83
8649.00000 1675.39
8649.10000 1649.17
8649.20000 1642.70
8649.30000 1641.52
8649.40000 1651.52
8649.50000 1650.69
8649.60000 1647.77
8649.70000 1656.88
8649.80000 1651.97
8649.90000 1654.26
8650.00000 1651.34
8650.10000 1663.09
8650.20000 1649.69
8650.30000 1646.67
8650.40000 1669.03
8650.50000 1668.58
8650.60000 1661.92
8650.70000 1659.18
8650.80000 1660.98
8650.90000 1637.47
8651.00000 1661.70
8651.10000 1665.43
8651.20000 1685.83
8651.30000 1652.13
8651.40000 1657.88
8651.50000 1678.49
8651.60000 1646.72
8651.70000 1669.40
8651.80000 1660.23
8651.90000 1654.06
8652.00000 1672.30
8652.10000 1688.25
8652.20000 1671.44
8652.30000 1670.67
8652.40000 1670.53
8652.50000 1657.89
8652.60000 1658.13
8652.70000 1668.34
8652.80000 1661.28
8652.90000 1666.60
8653.00000 1665.98
8653.10000 1682.20
8653.20000 1681.82
8653.30000 1644.57
8653.40000 1684.21
8653.50000 1664.44
8653.60000 1673.79
8653.70000 1683.53
8653.80000 1671.88
8653.90000 1684.96
8654.00000 1683.77
8654.10000 1678.18
8654.20000 1668.97
8654.30000 1678.88
8654.40000 1684.26
8654.50000 1656.70
8654.60000 1700.46
8654.70000 1677.62
8654.80000 1675.27
8654.90000 1665.60
8655.00000 1676.36
8655.10000 1685.02
8655.20000 1720.89
8655.30000 1695.49
8655.40000 1684.23
8655.50000 1691.05
8655.60000 1685.68
8655.70000 1702.62
8655.80000 1702.73
8655.90000 1717.49
8656.00000 1717.35
8656.10000 1703.74
8656.20000 1702.99
8656.30000 1724.58
8656.40000 1730.34
8656.50000 1727.52
8656.60000 1738.81
8656.70000 1775.38
8656.80000 1750.92
8656.90000 1781.16
8657.00000 1756.73
8657.10000 1781.15
8657.20000 1772.15
8657.30000 1780.12
8657.40000 1805.34
8657.50000 1816.64
8657.60000 1818.71
8657.70000 1817.92
8657.80000 1840.62
8657.90000 1857.66
8658.00000 1867.60
8658.10000 1890.73
8658.20000 1904.67
8658.30000 1897.09
8658.40000 1924.09
8658.50000 1952.14
8658.60000 1932.24
8658.70000 1973.99
8658.80000 1991.09
8658.90000 2017.60
8659.00000 2033.10
8659.10000 2066.32
8659.20000 2083.52
8659.30000 2114.08
8659.40000 2107.00
8659.50000 2118.52
8659.60000 2136.67
8659.70000 2158.94
8659.80000 2156.24
8659.90000 2169.97
8660.00000 2173.53
8660.10000 2130.15
8660.20000 2148.17
8660.30000 2118.84
8660.40000 2128.90
8660.50000 2133.63
8660.60000 2107.42
8660.70000 2109.46
8660.80000 2121.06
8660.90000 2101.59
8661.00000 2082.23
8661.10000 2104.62
8661.20000 2095.54
8661.30000 2120.07
8661.40000 2117.85
8661.50000 2099.66
8661.60000 2095.54
8661.70000 2113.55
8661.80000 2127.51
8661.90000 2110.70
8662.00000 2112.13
8662.10000 2120.13
8662.20000 2125.28
8662.30000 2139.69
8662.40000 2136.02
8662.50000 2148.91
8662.60000 2164.54
8662.70000 2171.60
8662.80000 2168.23
8662.90000 2180.89
8663.00000 2199.70
8663.10000 2186.76
8663.20000 2203.11
8663.30000 2182.62
8663.40000 2174.13
8663.50000 2168.79
8663.60000 2156.77
8663.70000 2151.01
8663.80000 2157.78
8663.90000 2132.02
8664.00000 2138.32
8664.10000 2120.49
8664.20000 2111.45
8664.30000 2091.74
8664.40000 2096.22
8664.50000 2118.64
8664.60000 2110.07
8664.70000 2112.82
8664.80000 2092.37
8664.90000 2132.76
8665.00000 2113.35
8665.10000 2103.90
8665.20000 2099.30
8665.30000 2113.45
8665.40000 2117.10
8665.50000 2118.82
8665.60000 2120.67
8665.70000 2128.65
8665.80000 2153.62
8665.90000 2139.93
8666.00000 2180.23
8666.10000 2193.91
8666.20000 2189.74
8666.30000 2190.47
8666.40000 2239.36
8666.50000 2245.68
8666.60000 2249.59
8666.70000 2234.63
8666.80000 2256.81
8666.90000 2257.89
8667.00000 2263.33
8667.10000 2244.85
8667.20000 2221.07
8667.30000 2209.98
8667.40000 2193.91
8667.50000 2168.66
8667.60000 2186.25
8667.70000 2164.28
8667.80000 2139.87
8667.90000 2125.58
8668.00000 2136.88
8668.10000 2149.31
8668.20000 2110.89
8668.30000 2101.06
8668.40000 2114.27
8668.50000 2104.20
8668.60000 2104.78
8668.70000 2094.41
8668.80000 2095.78
8668.90000 2068.19
8669.00000 2056.93
8669.10000 2057.49
8669.20000 2056.39
8669.30000 2055.09
8669.40000 2035.57
8669.50000 2005.99
8669.60000 2022.54
8669.70000 1989.45
8669.80000 1967.48
8669.90000 1955.79
8670.00000 1959.31
8670.10000 1942.66
8670.20000 1928.48
8670.30000 1900.38
8670.40000 1879.17
8670.50000 1881.42
8670.60000 1855.62
8670.70000 1867.77
8670.80000 1843.38
8670.90000 1844.19
8671.00000 1825.23
8671.10000 1813.47
8671.20000 1819.67
8671.30000 1785.99
8671.40000 1784.38
8671.50000 1789.08
8671.60000 1775.22
8671.70000 1764.58
8671.80000 1787.23
8671.90000 1779.48
8672.00000 1761.31
8672.10000 1741.36
8672.20000 1739.62
8672.30000 1729.83
8672.40000 1738.00
8672.50000 1732.01
8672.60000 1721.64
8672.70000 1716.34
8672.80000 1741.87
8672.90000 1718.37
8673.00000 1714.37
8673.10000 1705.86
8673.20000 1714.22
8673.30000 1715.09
8673.40000 1715.87
8673.50000 1699.77
8673.60000 1716.18
8673.70000 1723.85
8673.80000 1711.10
8673.90000 1684.23
8674.00000 1693.34
8674.10000 1697.14
8674.20000 1693.54
8674.30000 1695.89
8674.40000 1730.29
8674.50000 1691.07
8674.60000 1690.53
8674.70000 1696.11
8674.80000 1698.43
8674.90000 1686.09
8675.00000 1689.61
8675.10000 1702.71
8675.20000 1702.02
8675.30000 1716.54
8675.40000 1735.53
8675.50000 1718.48
8675.60000 1700.29
8675.70000 1700.24
8675.80000 1717.71
8675.90000 1712.66
8676.00000 1706.62
8676.10000 1702.03
8676.20000 1688.33
8676.30000 1711.55
8676.40000 1702.58
8676.50000 1719.86
8676.60000 1700.08
8676.70000 1702.24
8676.80000 1726.27
8676.90000 1729.14
8677.00000 1718.74
8677.10000 1722.48
8677.20000 1718.03
8677.30000 1725.26
8677.40000 1724.31
8677.50000 1712.18
8677.60000 1739.46
8677.70000 1735.09
8677.80000 1748.77
8677.90000 1740.75
8678.00000 1756.41
8678.10000 1749.95
8678.20000 1769.48
8678.30000 1763.93
8678.40000 1746.45
8678.50000 1743.99
8678.60000 1749.30
8678.70000 1766.33
8678.80000 1759.17
8678.90000 1777.65
8679.00000 1730.85
8679.10000 1739.65
8679.20000 1743.66
8679.30000 1745.95
8679.40000 1740.27
8679.50000 1723.89
8679.60000 1713.88
8679.70000 1748.53
8679.80000 1747.30
8679.90000 1758.56
8680.00000 1756.33
8680.10000 1758.29
8680.20000 1754.86
8680.30000 1744.05
8680.40000 1750.82
8680.50000 1776.43
8680.60000 1753.08
8680.70000 1762.59
8680.80000 1761.20
8680.90000 1767.51
8681.00000 1775.61
8681.10000 1784.83
8681.20000 1777.65
8681.30000 1747.61
8681.40000 1757.26
8681.50000 1763.54
8681.60000 1772.96
8681.70000 1775.37
8681.80000 1764.76
8681.90000 1745.20
8682.00000 1773.64
8682.10000 1756.79
8682.20000 1754.56
8682.30000 1772.42
8682.40000 1777.12
8682.50000 1768.33
8682.60000 1764.51
8682.70000 1775.93
8682.80000 1761.14
8682.90000 1773.89
8683.00000 1788.91
8683.10000 1777.64
8683.20000 1792.45
8683.30000 1795.64
8683.40000 1778.09
8683.50000 1783.40
8683.60000 1793.83
8683.70000 1796.50
8683.80000 1787.68
8683.90000 1812.96
8684.00000 1798.07
8684.10000 1789.56
8684.20000 1785.30
8684.30000 1818.50
8684.40000 1801.97
8684.50000 1810.02
8684.60000 1812.28
8684.70000 1794.96
8684.80000 1815.13
8684.90000 1793.40
8685.00000 1792.55
8685.10000 1794.28
8685.20000 1793.56
8685.30000 1783.88
8685.40000 1783.41
8685.50000 1766.47
8685.60000 1778.12
8685.70000 1782.52
8685.80000 1783.61
8685.90000 1776.75
8686.00000 1796.89
8686.10000 1769.75
8686.20000 1774.94
8686.30000 1768.56
8686.40000 1762.44
8686.50000 1776.98
8686.60000 1760.03
8686.70000 1762.59
8686.80000 1764.32
8686.90000 1773.95
8687.00000 1756.89
8687.10000 1761.84
8687.20000 1762.42
8687.30000 1754.94
8687.40000 1759.54
8687.50000 1777.76
8687.60000 1764.38
8687.70000 1758.61
8687.80000 1766.40
8687.90000 1757.11
8688.00000 1751.05
8688.10000 1752.12
8688.20000 1732.89
8688.30000 1755.75
8688.40000 1735.42
8688.50000 1749.30
8688.60000 1730.98
8688.70000 1719.05
8688.80000 1722.19
8688.90000 1733.30
8689.00000 1734.39
8689.10000 1735.06
8689.20000 1736.23
8689.30000 1725.76
8689.40000 1728.06
8689.50000 1719.26
8689.60000 1720.27
8689.70000 1707.93
8689.80000 1711.60
8689.90000 1729.30
8690.00000 1722.29
8690.10000 1718.37
8690.20000 1704.45
8690.30000 1725.32
8690.40000 1716.94
8690.50000 1704.20
8690.60000 1707.70
8690.70000 1727.30
8690.80000 1706.57
8690.90000 1718.93
8691.00000 1699.23
8691.10000 1706.54
8691.20000 1692.14
8691.30000 1692.91
8691.40000 1702.97
8691.50000 1696.67
8691.60000 1694.51
8691.70000 1706.38
8691.80000 1704.44
8691.90000 1700.27
8692.00000 1698.53
8692.10000 1708.44
8692.20000 1695.32
8692.30000 1687.97
8692.40000 1695.88
8692.50000 1703.12
8692.60000 1685.58
8692.70000 1699.71
8692.80000 1685.31
8692.90000 1680.76
8693.00000 1697.67
8693.10000 1704.80
8693.20000 1671.27
8693.30000 1672.30
8693.40000 1688.97
8693.50000 1695.36
8693.60000 1679.10
8693.70000 1690.51
8693.80000 1679.89
8693.90000 1676.34
8694.00000 1664.83
8694.10000 1685.93
8694.20000 1669.88
8694.30000 1674.15
8694.40000 1675.84
8694.50000 1683.00
8694.60000 1684.29
8694.70000 1683.28
8694.80000 1660.99
8694.90000 1676.94
8695.00000 1659.28
8695.10000 1659.65
8695.20000 1655.54
8695.30000 1670.28
8695.40000 1684.24
8695.50000 1664.20
8695.60000 1666.10
8695.70000 1670.31
8695.80000 1671.88
8695.90000 1653.46
8696.00000 1659.71
8696.10000 1665.92
8696.20000 1672.61
8696.30000 1659.05
8696.40000 1654.74
8696.50000 1666.98
8696.60000 1653.31
8696.70000 1661.37
8696.80000 1648.11
8696.90000 1668.64
8697.00000 1668.94
8697.10000 1661.38
8697.20000 1644.22
8697.30000 1665.68
8697.40000 1666.74
8697.50000 1666.10
8697.60000 1653.89
8697.70000 1643.82
8697.80000 1631.35
8697.90000 1641.10
8698.00000 1661.85
8698.10000 1654.40
8698.20000 1651.33
8698.30000 1662.31
8698.40000 1646.72
8698.50000 1657.77
8698.60000 1666.57
8698.70000 1671.20
8698.80000 1656.23
8698.90000 1662.72
8699.00000 1665.24
8699.10000 1684.63
8699.20000 1687.62
8699.30000 1676.82
8699.40000 1665.88
8699.50000 1676.38
8699.60000 1673.77
8699.70000 1676.13
8699.80000 1676.36
8699.90000 1669.03
8700.00000 1658.78
8700.10000 1698.06
8700.20000 1675.13
8700.30000 1651.43
8700.40000 1681.03
8700.50000 1688.65
8700.60000 1669.94
8700.70000 1688.85
8700.80000 1681.99
8700.90000 1677.70
8701.00000 1681.51
8701.10000 1684.04
8701.20000 1700.99
8701.30000 1676.70
8701.40000 1673.96
8701.50000 1676.54
8701.60000 1682.63
8701.70000 1681.37
8701.80000 1654.37
8701.90000 1675.23
8702.00000 1678.96
8702.10000 1661.82
8702.20000 1675.64
8702.30000 1674.97
8702.40000 1678.98
8702.50000 1671.21
8702.60000 1662.45
8702.70000 1656.17
8702.80000 1652.69
8702.90000 1673.69
8703.00000 1650.72
8703.10000 1668.91
8703.20000 1652.12
8703.30000 1663.85
8703.40000 1636.72
8703.50000 1651.08
8703.60000 1644.23
8703.70000 1655.93
8703.80000 1636.69
8703.90000 1641.57
8704.00000 1640.09
8704.10000 1649.15
8704.20000 1650.47
8704.30000 1653.99
8704.40000 1663.07
8704.50000 1649.07
8704.60000 1654.87
8704.70000 1654.82
8704.80000 1675.25
8704.90000 1671.13
8705.00000 1653.40
8705.10000 1667.58
8705.20000 1653.11
8705.30000 1653.85
8705.40000 1645.17
8705.50000 1664.68
8705.60000 1665.99
8705.70000 1661.41
8705.80000 1661.99
8705.90000 1674.93
8706.00000 1669.27
8706.10000 1668.66
8706.20000 1667.90
8706.30000 1670.79
8706.40000 1673.36
8706.50000 1678.38
8706.60000 1671.53
8706.70000 1677.41
8706.80000 1685.78
8706.90000 1672.07
8707.00000 1668.81
8707.10000 1683.87
8707.20000 1697.87
8707.30000 1676.98
8707.40000 1661.67
8707.50000 1696.63
8707.60000 1694.12
8707.70000 1676.44
8707.80000 1682.94
8707.90000 1692.40
8708.00000 1683.22
8708.10000 1692.10
8708.20000 1691.98
8708.30000 1681.56
8708.40000 1667.06
8708.50000 1683.83
8708.60000 1683.30
8708.70000 1700.75
8708.80000 1683.33
8708.90000 1695.50
8709.00000 1670.97
8709.10000 1682.75
8709.20000 1695.62
8709.30000 1692.01
8709.40000 1699.36
8709.50000 1708.25
8709.60000 1688.97
8709.70000 1682.33
8709.80000 1696.32
8709.90000 1680.50
8710.00000 1690.18
8710.10000 1674.40
8710.20000 1675.19
8710.30000 1680.58
8710.40000 1650.35
8710.50000 1683.32
8710.60000 1675.74
8710.70000 1674.84
8710.80000 1657.37
8710.90000 1671.10
8711.00000 1660.34
8711.10000 1669.27
8711.20000 1678.49
8711.30000 1669.67
8711.40000 1642.63
8711.50000 1655.14
8711.60000 1660.64
8711.70000 1655.17
8711.80000 1663.87
8711.90000 1661.77
8712.00000 1650.14
8712.10000 1630.04
8712.20000 1666.20
8712.30000 1647.04
8712.40000 1662.09
8712.50000 1659.95
8712.60000 1650.10
8712.70000 1672.31
8712.80000 1645.73
8712.90000 1649.73
8713.00000 1662.12
8713.10000 1645.66
8713.20000 1643.74
8713.30000 1655.05
8713.40000 1661.29
8713.50000 1661.29
8713.60000 1653.59
8713.70000 1669.82
8713.80000 1657.17
8713.90000 1656.50
8714.00000 1687.39
8714.10000 1691.48
8714.20000 1651.68
8714.30000 1665.30
8714.40000 1675.16
8714.50000 1674.77
8714.60000 1699.88
8714.70000 1675.54
8714.80000 1681.52
8714.90000 1671.04
8715.00000 1675.91
8715.10000 1691.92
8715.20000 1679.25
8715.30000 1689.41
8715.40000 1704.80
8715.50000 1698.12
8715.60000 1696.02
8715.70000 1703.80
8715.80000 1713.01
8715.90000 1691.29
8716.00000 1745.61
8716.10000 1738.83
8716.20000 1720.87
8716.30000 1711.21
8716.40000 1699.31
8716.50000 1697.55
8716.60000 1717.46
8716.70000 1716.25
8716.80000 1704.74
8716.90000 1704.92
8717.00000 1688.93
8717.10000 1693.25
8717.20000 1713.11
8717.30000 1686.06
8717.40000 1684.80
8717.50000 1692.62
8717.60000 1686.94
8717.70000 1680.82
8717.80000 1677.13
8717.90000 1674.02
8718.00000 1694.06
8718.10000 1674.26
8718.20000 1668.59
8718.30000 1698.64
8718.40000 1665.94
8718.50000 1681.11
8718.60000 1675.81
8718.70000 1689.40
8718.80000 1682.99
8718.90000 1670.88
8719.00000 1679.38
8719.10000 1669.19
8719.20000 1657.37
8719.30000 1658.02
8719.40000 1657.69
8719.50000 1655.27
8719.60000 1650.55
8719.70000 1662.68
8719.80000 1658.39
8719.90000 1673.03
8720.00000 1677.81
8720.10000 1659.38
8720.20000 1651.94
8720.30000 1661.29
8720.40000 1655.03
8720.50000 1640.29
8720.60000 1640.61
8720.70000 1648.29
8720.80000 1651.05
8720.90000 1649.57
8721.00000 1641.17
8721.10000 1640.51
8721.20000 1659.43
8721.30000 1649.50
8721.40000 1657.88
8721.50000 1642.97
8721.60000 1654.30
8721.70000 1659.50
8721.80000 1665.31
8721.90000 1647.19
8722.00000 1664.01
8722.10000 1661.33
8722.20000 1653.05
8722.30000 1663.75
8722.40000 1665.49
8722.50000 1633.52
8722.60000 1655.73
8722.70000 1651.26
8722.80000 1646.78
8722.90000 1642.43
8723.00000 1641.52
8723.10000 1672.14
8723.20000 1657.30
8723.30000 1657.63
8723.40000 1659.46
8723.50000 1669.10
8723.60000 1682.73
8723.70000 1667.63
8723.80000 1667.03
8723.90000 1662.80
8724.00000 1662.65
8724.10000 1666.51
8724.20000 1665.07
8724.30000 1664.95
8724.40000 1665.91
8724.50000 1670.20
8724.60000 1664.24
8724.70000 1670.66
8724.80000 1671.45
8724.90000 1667.87
8725.00000 1652.73
8725.10000 1663.24
8725.20000 1656.10
8725.30000 1647.57
8725.40000 1646.43
8725.50000 1668.09
8725.60000 1658.22
8725.70000 1658.62
8725.80000 1636.10
8725.90000 1673.11
8726.00000 1664.21
8726.10000 1652.72
8726.20000 1644.53
8726.30000 1644.86
8726.40000 1673.23
8726.50000 1665.26
8726.60000 1666.31
8726.70000 1638.83
8726.80000 1635.67
8726.90000 1624.57
8727.00000 1643.64
8727.10000 1634.12
8727.20000 1624.97
8727.30000 1624.80
8727.40000 1641.05
8727.50000 1653.73
8727.60000 1640.06
8727.70000 1619.56
8727.80000 1622.59
8727.90000 1608.93
8728.00000 1626.44
8728.10000 1633.93
8728.20000 1618.06
8728.30000 1636.62
8728.40000 1627.77
8728.50000 1605.11
8728.60000 1611.64
8728.70000 1651.13
8728.80000 1615.06
8728.90000 1621.99
8729.00000 1624.68
8729.10000 1620.70
8729.20000 1628.64
8729.30000 1609.83
8729.40000 1628.81
8729.50000 1614.57
8729.60000 1615.58
8729.70000 1609.19
8729.80000 1620.93
8729.90000 1649.65
8730.00000 1615.32
8730.10000 1590.99
8730.20000 1618.21
8730.30000 1617.01
8730.40000 1627.65
8730.50000 1629.64
8730.60000 1615.05
8730.70000 1606.58
8730.80000 1621.41
8730.90000 1623.73
8731.00000 1622.51
8731.10000 1614.82
8731.20000 1600.30
8731.30000 1614.99
8731.40000 1603.77
8731.50000 1630.79
8731.60000 1627.93
8731.70000 1634.80
8731.80000 1627.54
8731.90000 1632.78
8732.00000 1633.39
8732.10000 1629.27
8732.20000 1635.70
8732.30000 1632.17
8732.40000 1617.30
8732.50000 1620.46
8732.60000 1623.11
8732.70000 1635.09
8732.80000 1605.01
8732.90000 1624.16
8733.00000 1631.19
8733.10000 1619.43
8733.20000 1627.00
8733.30000 1627.69
8733.40000 1629.10
8733.50000 1634.54
8733.60000 1628.25
8733.70000 1608.72
8733.80000 1632.85
8733.90000 1621.58
8734.00000 1619.79
8734.10000 1620.21
8734.20000 1625.57
8734.30000 1632.40
8734.40000 1625.22
8734.50000 1619.93
8734.60000 1616.55
8734.70000 1621.05
8734.80000 1625.75
8734.90000 1615.57
8735.00000 1613.17
8735.10000 1627.99
8735.20000 1606.61
8735.30000 1623.77
8735.40000 1621.90
8735.50000 1613.47
8735.60000 1591.86
8735.70000 1604.56
8735.80000 1606.75
8735.90000 1612.54
8736.00000 1607.07
8736.10000 1607.73
8736.20000 1610.25
8736.30000 1614.69
8736.40000 1593.16
8736.50000 1607.68
8736.60000 1609.21
8736.70000 1603.37
8736.80000 1606.90
8736.90000 1605.79
8737.00000 1611.56
8737.10000 1611.72
8737.20000 1611.04
8737.30000 1606.93
8737.40000 1627.86
8737.50000 1620.05
8737.60000 1601.26
8737.70000 1611.82
8737.80000 1624.38
8737.90000 1615.66
8738.00000 1616.25
8738.10000 1601.07
8738.20000 1615.78
8738.30000 1600.99
8738.40000 1607.71
8738.50000 1612.37
8738.60000 1597.23
8738.70000 1590.97
8738.80000 1599.97
8738.90000 1602.64
8739.00000 1595.33
8739.10000 1600.14
8739.20000 1594.18
8739.30000 1605.08
8739.40000 1607.94
8739.50000 1607.52
8739.60000 1592.50
8739.70000 1576.83
8739.80000 1590.47
8739.90000 1579.62
8740.00000 1581.30
8740.10000 1618.77
8740.20000 1593.55
8740.30000 1588.01
8740.40000 1582.20
8740.50000 1589.56
8740.60000 1605.29
8740.70000 1608.31
8740.80000 1595.59
8740.90000 1576.55
8741.00000 1591.27
8741.10000 1597.96
8741.20000 1603.48
8741.30000 1594.90
8741.40000 1590.55
8741.50000 1576.68
8741.60000 1594.71
8741.70000 1585.49
8741.80000 1591.79
8741.90000 1598.29
8742.00000 1592.70
8742.10000 1604.15
8742.20000 1595.30
8742.30000 1612.75
8742.40000 1609.59
8742.50000 1590.19
8742.60000 1610.49
8742.70000 1621.55
8742.80000 1591.66
8742.90000 1610.80
8743.00000 1595.85
8743.10000 1610.57
8743.20000 1605.69
8743.30000 1603.26
8743.40000 1621.00
8743.50000 1625.24
8743.60000 1607.28
8743.70000 1604.28
8743.80000 1600.11
8743.90000 1643.48
8744.00000 1612.33
8744.10000 1627.91
8744.20000 1640.08
8744.30000 1630.97
8744.40000 1646.64
8744.50000 1621.76
8744.60000 1639.11
8744.70000 1638.47
8744.80000 1650.60
8744.90000 1658.15
8745.00000 1654.21
8745.10000 1628.47
8745.20000 1668.51
8745.30000 1699.23
8745.40000 1689.61
8745.50000 1687.33
8745.60000 1688.35
8745.70000 1682.97
8745.80000 1695.81
8745.90000 1703.47
8746.00000 1688.44
8746.10000 1710.11
8746.20000 1710.29
8746.30000 1735.88
8746.40000 1744.84
8746.50000 1730.46
8746.60000 1755.92
8746.70000 1758.68
8746.80000 1746.41
8746.90000 1757.27
8747.00000 1755.87
8747.10000 1780.41
8747.20000 1785.74
8747.30000 1805.81
8747.40000 1792.55
8747.50000 1844.15
8747.60000 1827.45
8747.70000 1844.92
8747.80000 1834.36
8747.90000 1878.70
8748.00000 1852.09
8748.10000 1903.75
8748.20000 1904.89
8748.30000 1909.07
8748.40000 1912.02
8748.50000 1925.44
8748.60000 1931.04
8748.70000 1919.18
8748.80000 1926.46
8748.90000 1896.35
8749.00000 1866.79
8749.10000 1876.88
8749.20000 1877.03
8749.30000 1860.55
8749.40000 1822.17
8749.50000 1833.85
8749.60000 1799.91
8749.70000 1830.03
8749.80000 1832.43
8749.90000 1810.06
8750.00000 1784.92
8750.10000 1813.06
8750.20000 1822.76
8750.30000 1789.29
8750.40000 1779.74
8750.50000 1775.47
8750.60000 1762.85
8750.70000 1774.32
8750.80000 1747.96
8750.90000 1752.25
8751.00000 1748.84
8751.10000 1761.20
8751.20000 1731.36
8751.30000 1761.65
8751.40000 1792.29
8751.50000 1768.51
8751.60000 1748.21
8751.70000 1768.27
8751.80000 1787.20
8751.90000 1787.71
8752.00000 1787.24
8752.10000 1790.88
8752.20000 1771.94
8752.30000 1769.56
8752.40000 1737.16
8752.50000 1732.27
8752.60000 1807.48
8752.70000 1801.30
8752.80000 1778.78
8752.90000 1782.51
8753.00000 1817.02
8753.10000 1808.49
8753.20000 1837.23
8753.30000 1822.70
8753.40000 1816.21
8753.50000 1825.98
8753.60000 1826.65
8753.70000 1838.45
8753.80000 1860.56
8753.90000 1848.36
8754.00000 1838.74
8754.10000 1853.38
8754.20000 1883.13
8754.30000 1858.61
8754.40000 1869.73
8754.50000 1855.63
8754.60000 1890.18
8754.70000 1832.60
8754.80000 1845.12
8754.90000 1865.79
8755.00000 1856.61
8755.10000 1847.25
8755.20000 1848.97
8755.30000 1834.94
8755.40000 1821.21
8755.50000 1814.46
8755.60000 1777.86
8755.70000 1768.58
8755.80000 1761.64
8755.90000 1776.80
8756.00000 1731.31
8756.10000 1728.72
8756.20000 1729.24
8756.30000 1715.67
8756.40000 1762.13
8756.50000 1758.17
8756.60000 1711.10
8756.70000 1701.72
8756.80000 1715.25
8756.90000 1702.16
8757.00000 1668.05
8757.10000 1677.57
8757.20000 1669.07
8757.30000 1674.48
8757.40000 1673.19
8757.50000 1662.33
8757.60000 1636.80
8757.70000 1625.16
8757.80000 1633.65
8757.90000 1621.06
8758.00000 1625.90
8758.10000 1624.05
8758.20000 1606.13
8758.30000 1622.88
8758.40000 1596.93
8758.50000 1578.33
8758.60000 1615.91
8758.70000 1599.41
8758.80000 1601.28
8758.90000 1602.03
8759.00000 1590.37
8759.10000 1601.95
8759.20000 1593.04
8759.30000 1576.43
8759.40000 1575.85
8759.50000 1645.31
8759.60000 1602.28
8759.70000 1600.11
8759.80000 1587.92
8759.90000 1593.48
8760.00000 1590.70
8760.10000 1577.91
8760.20000 1585.75
8760.30000 1577.59
8760.40000 1583.01
8760.50000 1603.36
8760.60000 1601.95
8760.70000 1593.30
8760.80000 1594.44
8760.90000 1581.27
8761.00000 1584.46
8761.10000 1594.86
8761.20000 1594.16
8761.30000 1590.11
8761.40000 1584.77
8761.50000 1566.55
8761.60000 1579.98
8761.70000 1592.00
8761.80000 1579.80
8761.90000 1575.06
8762.00000 1527.70
8762.10000 1600.34
8762.20000 1586.26
8762.30000 1572.67
8762.40000 1611.47
8762.50000 1599.28
8762.60000 1585.04
8762.70000 1581.16
8762.80000 1582.28
8762.90000 1570.91
8763.00000 1591.05
8763.10000 1571.88
8763.20000 1567.30
8763.30000 1595.98
8763.40000 1568.45
8763.50000 1589.98
8763.60000 1590.92
8763.70000 1574.02
8763.80000 1583.25
8763.90000 1584.38
8764.00000 1578.65
8764.10000 1569.46
8764.20000 1575.30
8764.30000 1566.11
8764.40000 1576.02
8764.50000 1535.70
8764.60000 1541.08
8764.70000 1568.78
8764.80000 1587.03
8764.90000 1602.85
8765.00000 1567.66
8765.10000 1592.30
8765.20000 1601.43
8765.30000 1599.84
8765.40000 1613.23
8765.50000 1610.12
8765.60000 1588.75
8765.70000 1589.29
8765.80000 1611.75
8765.90000 1574.73
8766.00000 1587.14
8766.10000 1584.85
8766.20000 1587.31
8766.30000 1564.78
8766.40000 1596.12
8766.50000 1591.02
8766.60000 1588.71
8766.70000 1594.75
8766.80000 1584.07
8766.90000 1597.68
8767.00000 1575.77
8767.10000 1578.27
8767.20000 1598.69
8767.30000 1609.77
8767.40000 1597.71
8767.50000 1603.23
8767.60000 1604.96
8767.70000 1589.47
8767.80000 1570.66
8767.90000 1594.59
8768.00000 1591.32
8768.10000 1579.97
8768.20000 1573.29
8768.30000 1583.33
8768.40000 1573.34
8768.50000 1553.81
8768.60000 1551.41
8768.70000 1638.74
8768.80000 1621.23
8768.90000 1561.86
8769.00000 1574.85
8769.10000 1570.13
8769.20000 1578.28
8769.30000 1570.65
8769.40000 1572.70
8769.50000 1591.65
8769.60000 1593.68
8769.70000 1567.18
8769.80000 1572.37
8769.90000 1578.94
8770.00000 1579.61
8770.10000 1581.54
8770.20000 1583.39
8770.30000 1577.32
8770.40000 1591.63
8770.50000 1567.84
8770.60000 1582.27
8770.70000 1590.45
8770.80000 1580.55
8770.90000 1556.11
8771.00000 1576.63
8771.10000 1580.31
8771.20000 1565.81
8771.30000 1588.13
8771.40000 1545.64
8771.50000 1572.40
8771.60000 1597.59
8771.70000 1567.58
8771.80000 1605.96
8771.90000 1572.39
8772.00000 1574.54
8772.10000 1584.81
8772.20000 1582.11
8772.30000 1575.14
8772.40000 1557.50
8772.50000 1573.21
8772.60000 1568.72
8772.70000 1591.87
8772.80000 1596.32
8772.90000 1598.69
8773.00000 1593.64
8773.10000 1563.29
8773.20000 1597.82
8773.30000 1570.50
8773.40000 1565.86
8773.50000 1583.58
8773.60000 1549.68
8773.70000 1573.51
8773.80000 1555.13
8773.90000 1577.45
8774.00000 1537.20
8774.10000 1559.35
8774.20000 1550.03
8774.30000 1566.39
8774.40000 1556.24
8774.50000 1556.47
8774.60000 1592.06
8774.70000 1567.73
8774.80000 1567.44
8774.90000 1555.52
8775.00000 1575.02
8775.10000 1564.97
8775.20000 1575.73
8775.30000 1586.11
8775.40000 1590.63
8775.50000 1548.88
8775.60000 1571.68
8775.70000 1568.48
8775.80000 1583.93
8775.90000 1548.33
8776.00000 1576.17
8776.10000 1593.58
8776.20000 1582.21
8776.30000 1567.39
8776.40000 1524.48
8776.50000 1584.37
8776.60000 1577.23
8776.70000 1568.51
8776.80000 1587.40
8776.90000 1580.90
8777.00000 1588.45
8777.10000 1587.20
8777.20000 1571.28
8777.30000 1543.52
8777.40000 1560.06
8777.50000 1581.48
8777.60000 1578.27
8777.70000 1572.30
8777.80000 1585.69
8777.90000 1564.40
8778.00000 1543.35
8778.10000 1557.00
8778.20000 1563.19
8778.30000 1565.10
8778.40000 1572.69
8778.50000 1555.27
8778.60000 1588.13
8778.70000 1544.88
8778.80000 1555.10
8778.90000 1553.66
8779.00000 1566.13
8779.10000 1603.50
8779.20000 1622.89
8779.30000 1574.17
8779.40000 1566.60
8779.50000 1516.92
8779.60000 1539.11
8779.70000 1561.90
8779.80000 1523.87
8779.90000 1541.65
8780.00000 1529.78
8780.10000 1570.32
8780.20000 1544.57
8780.30000 1553.30
8780.40000 1567.70
8780.50000 1546.83
8780.60000 1540.22
8780.70000 1555.37
8780.80000 1561.24
8780.90000 1543.78
8781.00000 1501.96
8781.10000 1532.29
8781.20000 1550.94
8781.30000 1558.46
8781.40000 1556.83
8781.50000 1523.97
8781.60000 1570.84
8781.70000 1536.55
8781.80000 1551.98
8781.90000 1544.92
8782.00000 1578.94
8782.10000 1574.83
8782.20000 1560.24
8782.30000 1561.58
8782.40000 1572.38
8782.50000 1554.75
8782.60000 1564.82
8782.70000 1571.49
8782.80000 1565.47
8782.90000 1574.19
8783.00000 1559.03
8783.10000 1522.19
8783.20000 1542.09
8783.30000 1560.26
8783.40000 1552.34
8783.50000 1562.90
8783.60000 1525.60
8783.70000 1570.03
8783.80000 1545.86
8783.90000 1546.04
8784.00000 1551.02
8784.10000 1550.87
8784.20000 1546.83
8784.30000 1530.45
8784.40000 1562.53
8784.50000 1561.39
8784.60000 1585.47
8784.70000 1574.81
8784.80000 1581.93
8784.90000 1585.73
8785.00000 1521.54
8785.10000 1551.70
8785.20000 1552.27
8785.30000 1534.89
8785.40000 1534.80
8785.50000 1571.69
8785.60000 1565.89
8785.70000 1557.58
8785.80000 1562.59
8785.90000 1572.48
8786.00000 1554.77
8786.10000 1540.91
8786.20000 1580.49
8786.30000 1541.55
8786.40000 1567.33
8786.50000 1521.87
8786.60000 1570.19
8786.70000 1550.72
8786.80000 1554.87
8786.90000 1588.63
8787.00000 1609.08
8787.10000 30.32
8787.20000 0.00
8787.30000 0.00
8787.40000 0.00
8787.50000 0.00
8787.60000 0.00
8787.70000 0.00
8787.80000 0.00
8787.90000 0.00
8788.00000 0.00
8788.10000 0.00
8788.20000 0.00
8788.30000 0.00
8788.40000 0.00
8788.50000 0.00
8788.60000 0.00
8788.70000 0.00
8788.80000 0.00
8788.90000 0.00
8789.00000 0.00
8789.10000 0.00
8789.20000 0.00
8789.30000 0.00
8789.40000 0.00
8789.50000 0.00
8789.60000 0.00
8789.70000 0.00
8789.80000 0.00
8789.90000 0.00
8790.00000 0.00
8790.10000 0.00
8790.20000 0.00
8790.30000 0.00
8790.40000 0.00
8790.50000 0.00
8790.60000 0.00
8790.70000 0.00
8790.80000 0.00
8790.90000 0.00
8791.00000 0.00
8791.10000 0.00
8791.20000 0.00
8791.30000 0.00
8791.40000 0.00
8791.50000 0.00
8791.60000 0.00
8791.70000 0.00
8791.80000 0.00
8791.90000 0.00
8792.00000 0.00
8792.10000 0.00
8792.20000 0.00
8792.30000 0.00
8792.40000 0.00
8792.50000 0.00
8792.60000 0.00
8792.70000 0.00
8792.80000 0.00
8792.90000 0.00
8793.00000 0.00
8793.10000 0.00
8793.20000 0.00
8793.30000 0.00
8793.40000 0.00
8793.50000 0.00
8793.60000 0.00
8793.70000 0.00
8793.80000 0.00
8793.90000 0.00
8794.00000 0.00
8794.10000 0.00
8794.20000 0.00
8794.30000 0.00
8794.40000 0.00
8794.50000 0.00
8794.60000 0.00
8794.70000 0.00
8794.80000 0.00
8794.90000 0.00
8795.00000 0.00
8795.10000 93.46
8795.20000 1553.38
8795.30000 1562.80
8795.40000 1565.30
8795.50000 1549.97
8795.60000 1542.93
8795.70000 1566.99
8795.80000 1553.53
8795.90000 1548.58
8796.00000 1556.03
8796.10000 1560.76
8796.20000 1554.24
8796.30000 1551.70
8796.40000 1557.53
8796.50000 1567.04
8796.60000 1577.45
8796.70000 1565.25
8796.80000 1562.12
8796.90000 1574.72
8797.00000 1571.25
8797.10000 1559.95
8797.20000 1593.26
8797.30000 1563.95
8797.40000 1561.19
8797.50000 1560.62
8797.60000 1557.79
8797.70000 1562.57
8797.80000 1564.61
8797.90000 1526.98
8798.00000 1549.83
8798.10000 1528.01
8798.20000 1532.22
8798.30000 1548.42
8798.40000 1555.54
8798.50000 1549.88
8798.60000 1561.69
8798.70000 1562.58
8798.80000 1567.25
8798.90000 1548.26
8799.00000 1551.75
8799.10000 1557.95
8799.20000 1574.72
8799.30000 1557.29
8799.40000 1548.90
8799.50000 1554.83
8799.60000 1557.26
8799.70000 1539.38
8799.80000 1565.60
8799.90000 1567.89
8800.00000 1587.86
8800.10000 1578.91
8800.20000 1570.84
8800.30000 1577.31
8800.40000 1553.15
8800.50000 1565.32
8800.60000 1568.80
8800.70000 1535.23
8800.80000 1522.36
8800.90000 1544.48
8801.00000 1550.61
8801.10000 1575.03
8801.20000 1587.93
8801.30000 1572.40
8801.40000 1579.26
8801.50000 1585.37
8801.60000 1592.31
8801.70000 1566.74
8801.80000 1585.32
8801.90000 1591.82
8802.00000 1605.74
8802.10000 1603.91
8802.20000 1577.28
8802.30000 1597.39
8802.40000 1595.24
8802.50000 1595.82
8802.60000 1594.30
8802.70000 1616.95
8802.80000 1615.68
8802.90000 1602.56
8803.00000 1584.83
8803.10000 1595.40
8803.20000 1609.92
8803.30000 1638.01
8803.40000 1621.55
8803.50000 1643.74
8803.60000 1636.53
8803.70000 1643.80
8803.80000 1637.38
8803.90000 1606.05
8804.00000 1641.80
8804.10000 1613.93
8804.20000 1585.19
8804.30000 1579.04
8804.40000 1606.18
8804.50000 1605.40
8804.60000 1632.71
8804.70000 1623.67
8804.80000 1614.52
8804.90000 1618.89
8805.00000 1593.44
8805.10000 1593.70
8805.20000 1601.88
8805.30000 1575.44
8805.40000 1607.86
8805.50000 1605.62
8805.60000 1614.02
8805.70000 1602.43
8805.80000 1607.38
8805.90000 1609.29
8806.00000 1595.54
8806.10000 1597.37
8806.20000 1559.54
8806.30000 1583.40
8806.40000 1613.61
8806.50000 1612.83
8806.60000 1607.15
8806.70000 1602.46
8806.80000 1584.69
8806.90000 1586.57
8807.00000 1580.40
8807.10000 1602.33
8807.20000 1571.02
8807.30000 1550.03
8807.40000 1574.48
8807.50000 1558.68
8807.60000 1573.53
8807.70000 1557.03
8807.80000 1580.44
8807.90000 1579.78
8808.00000 1581.86
8808.10000 1583.02
8808.20000 1600.79
8808.30000 1583.63
8808.40000 1597.10
8808.50000 1592.38
8808.60000 1570.50
8808.70000 1593.61
8808.80000 1596.28
8808.90000 1588.30
8809.00000 1588.23
8809.10000 1613.76
8809.20000 1608.88
8809.30000 1599.97
8809.40000 1600.54
8809.50000 1601.40
8809.60000 1573.62
8809.70000 1611.94
8809.80000 1598.12
8809.90000 1602.85
8810.00000 1612.82
8810.10000 1593.93
8810.20000 1598.26
8810.30000 1588.98
8810.40000 1607.85
8810.50000 1616.86
8810.60000 1606.34
8810.70000 1611.94
8810.80000 1618.87
8810.90000 1607.01
8811.00000 1603.42
8811.10000 1603.58
8811.20000 1643.39
8811.30000 1620.72
8811.40000 1604.06
8811.50000 1613.30
8811.60000 1627.65
8811.70000 1641.91
8811.80000 1711.99
8811.90000 1638.81
8812.00000 1633.35
8812.10000 1637.52
8812.20000 1635.60
8812.30000 1621.82
8812.40000 1584.68
8812.50000 1539.88
8812.60000 1606.25
8812.70000 1598.94
8812.80000 1607.32
8812.90000 1616.95
8813.00000 1601.58
8813.10000 1607.15
8813.20000 1616.31
8813.30000 1626.38
8813.40000 1630.87
8813.50000 1605.81
8813.60000 1594.54
8813.70000 1592.86
8813.80000 1606.09
8813.90000 1596.48
8814.00000 1588.27
8814.10000 1592.71
8814.20000 1599.58
8814.30000 1592.84
8814.40000 1577.99
8814.50000 1588.90
8814.60000 1576.82
8814.70000 1589.33
8814.80000 1602.05
8814.90000 1570.56
8815.00000 1576.86
8815.10000 1559.15
8815.20000 1592.14
8815.30000 1574.07
8815.40000 1579.79
8815.50000 1564.46
8815.60000 1549.72
8815.70000 1593.66
8815.80000 1580.52
8815.90000 1589.97
8816.00000 1579.96
8816.10000 1552.40
8816.20000 1535.83
8816.30000 1555.46
8816.40000 1550.16
8816.50000 1555.78
8816.60000 1574.27
8816.70000 1568.56
8816.80000 1558.59
8816.90000 1559.96
8817.00000 1570.74
8817.10000 1555.86
8817.20000 1575.65
8817.30000 1555.77
8817.40000 1550.00
8817.50000 1576.05
8817.60000 1566.76
8817.70000 1577.47
8817.80000 1560.81
8817.90000 1553.81
8818.00000 1551.21
8818.10000 1548.46
8818.20000 1570.83
8818.30000 1566.99
8818.40000 1570.88
8818.50000 1558.07
8818.60000 1554.18
8818.70000 1565.52
8818.80000 1578.16
8818.90000 1572.49
8819.00000 1589.22
8819.10000 1555.58
8819.20000 1559.25
8819.30000 1577.65
8819.40000 1582.61
8819.50000 1590.58
8819.60000 1559.38
8819.70000 1564.87
8819.80000 1570.71
8819.90000 1550.88
8820.00000 1556.00
8820.10000 1575.25
8820.20000 1589.54
8820.30000 1599.41
8820.40000 1581.14
8820.50000 1577.82
8820.60000 1587.30
8820.70000 1573.09
8820.80000 1553.04
8820.90000 1520.64
8821.00000 1478.39
8821.10000 1531.11
8821.20000 1580.73
8821.30000 1571.13
8821.40000 1551.58
8821.50000 1569.13
8821.60000 1557.95
8821.70000 1569.60
8821.80000 1565.79
8821.90000 1585.73
8822.00000 1585.38
8822.10000 1559.46
8822.20000 1582.06
8822.30000 1571.09
8822.40000 1572.41
8822.50000 1586.88
8822.60000 1589.89
8822.70000 1555.90
8822.80000 1569.20
8822.90000 1566.45
8823.00000 1569.55
8823.10000 1543.20
8823.20000 1552.90
8823.30000 1564.26
8823.40000 1556.78
8823.50000 1553.04
8823.60000 1557.78
8823.70000 1558.13
8823.80000 1550.29
8823.90000 1560.28
8824.00000 1561.39
8824.10000 1566.54
8824.20000 1550.90
8824.30000 1552.67
8824.40000 1550.95
8824.50000 1557.69
8824.60000 1558.15
8824.70000 1540.41
8824.80000 1524.14
8824.90000 1557.78
8825.00000 1559.31
8825.10000 1569.98
8825.20000 1537.94
8825.30000 1565.03
8825.40000 1547.15
8825.50000 1551.05
8825.60000 1550.04
8825.70000 1559.14
8825.80000 1560.94
8825.90000 1559.22
8826.00000 1558.56
8826.10000 1553.03
8826.20000 1570.39
8826.30000 1567.84
8826.40000 1562.68
8826.50000 1568.97
8826.60000 1568.52
8826.70000 1562.80
8826.80000 1571.44
8826.90000 1564.59
8827.00000 1568.15
8827.10000 1571.60
8827.20000 1570.50
8827.30000 1563.59
8827.40000 1533.31
8827.50000 1554.52
8827.60000 1585.55
8827.70000 1583.25
8827.80000 1688.90
8827.90000 1692.35
8828.00000 1568.36
8828.10000 1575.31
8828.20000 1564.17
8828.30000 1562.93
8828.40000 1588.91
8828.50000 1584.02
8828.60000 1565.20
8828.70000 1585.35
8828.80000 1568.05
8828.90000 1571.35
8829.00000 1592.37
8829.10000 1585.99
8829.20000 1577.00
8829.30000 1566.14
8829.40000 1601.11
8829.50000 1558.11
8829.60000 1573.49
8829.70000 1570.22
8829.80000 1572.70
8829.90000 1569.22
8830.00000 1558.01
8830.10000 1567.26
8830.20000 1561.93
8830.30000 1574.74
8830.40000 1566.75
8830.50000 1576.37
8830.60000 1556.73
8830.70000 1597.68
8830.80000 1576.80
8830.90000 1555.90
8831.00000 1608.47
8831.10000 1575.61
8831.20000 1569.85
8831.30000 1575.51
8831.40000 1551.08
8831.50000 1556.48
8831.60000 1598.70
8831.70000 1577.87
8831.80000 1556.36
8831.90000 1546.09
8832.00000 1499.29
8832.10000 1529.19
8832.20000 1560.86
8832.30000 1563.76
8832.40000 1581.18
8832.50000 1561.41
8832.60000 1578.24
8832.70000 1572.37
8832.80000 1572.52
8832.90000 1567.31
8833.00000 1559.14
8833.10000 1543.64
8833.20000 1575.57
8833.30000 1573.41
8833.40000 1572.99
8833.50000 1562.35
8833.60000 1571.89
8833.70000 1567.65
8833.80000 1565.76
8833.90000 1569.31
8834.00000 1571.55
8834.10000 1587.59
8834.20000 1560.75
8834.30000 1541.05
8834.40000 1540.20
8834.50000 1552.96
8834.60000 1570.56
8834.70000 1562.44
8834.80000 1551.91
8834.90000 1541.91
8835.00000 1551.08
8835.10000 1552.76
8835.20000 1562.79
8835.30000 1556.53
8835.40000 1551.69
8835.50000 1550.94
8835.60000 1555.14
8835.70000 1561.35
8835.80000 1558.49
8835.90000 1554.10
8836.00000 1571.34
8836.10000 1534.18
8836.20000 1523.24
8836.30000 1549.34
8836.40000 1547.16
8836.50000 1515.61
8836.60000 1509.63
8836.70000 1548.54
8836.80000 1519.55
8836.90000 1534.35
8837.00000 1558.86
8837.10000 1597.54
8837.20000 1572.48
8837.30000 1572.23
8837.40000 1551.16
8837.50000 1541.07
8837.60000 1527.18
8837.70000 1551.91
8837.80000 1549.30
8837.90000 1540.56
8838.00000 1547.89
8838.10000 1529.11
8838.20000 1530.27
8838.30000 1539.44
8838.40000 1569.03
8838.50000 1546.19
8838.60000 1540.03
8838.70000 1562.18
8838.80000 1550.37
8838.90000 1555.28
8839.00000 1545.48
8839.10000 1519.43
8839.20000 1529.07
8839.30000 1519.12
8839.40000 1531.63
8839.50000 1530.42
8839.60000 1516.93
8839.70000 1528.57
8839.80000 1527.51
8839.90000 1528.89
8840.00000 1547.14
8840.10000 1555.73
8840.20000 1538.05
8840.30000 1538.63
8840.40000 1546.66
8840.50000 1550.21
8840.60000 1549.08
8840.70000 1565.12
8840.80000 1652.25
8840.90000 1536.64
8841.00000 1543.62
8841.10000 1538.73
8841.20000 1536.79
8841.30000 1551.36
8841.40000 1550.63
8841.50000 1560.08
8841.60000 1555.73
8841.70000 1549.22
8841.80000 1534.20
8841.90000 1533.74
8842.00000 1549.54
8842.10000 1532.23
8842.20000 1536.38
8842.30000 1543.88
8842.40000 1555.68
8842.50000 1523.17
8842.60000 1522.99
8842.70000 1517.69
8842.80000 1531.01
8842.90000 1539.75
8843.00000 1539.26
8843.10000 1544.39
8843.20000 1540.79
8843.30000 1546.67
8843.40000 1543.11
8843.50000 1542.42
8843.60000 1528.20
8843.70000 1542.34
8843.80000 1557.39
8843.90000 1531.99
8844.00000 1542.80
8844.10000 1540.12
8844.20000 1550.62
8844.30000 1533.24
8844.40000 1535.90
8844.50000 1538.84
8844.60000 1556.66
8844.70000 1556.20
8844.80000 1539.81
8844.90000 1539.72
8845.00000 1527.86
8845.10000 1555.83
8845.20000 1531.25
8845.30000 1531.09
8845.40000 1539.83
8845.50000 1539.43
8845.60000 1548.09
8845.70000 1537.05
8845.80000 1526.27
8845.90000 1523.25
8846.00000 1538.47
8846.10000 1535.16
8846.20000 1538.20
8846.30000 1546.38
8846.40000 1538.36
8846.50000 1519.06
8846.60000 1511.31
8846.70000 1530.20
8846.80000 1479.09
8846.90000 1483.60
8847.00000 1512.36
8847.10000 1519.89
8847.20000 1523.34
8847.30000 1523.81
8847.40000 1527.35
8847.50000 1537.56
8847.60000 1528.16
8847.70000 1526.73
8847.80000 1542.45
8847.90000 1524.53
8848.00000 1524.18
8848.10000 1520.74
8848.20000 1507.26
8848.30000 1510.24
8848.40000 1514.30
8848.50000 1520.24
8848.60000 1520.55
8848.70000 1514.52
8848.80000 1515.36
8848.90000 1517.34
8849.00000 1533.05
8849.10000 1513.53
8849.20000 1509.97
8849.30000 1519.63
8849.40000 1531.29
8849.50000 1528.07
8849.60000 1535.71
8849.70000 1526.72
8849.80000 1521.32
8849.90000 1528.14
8850.00000 1525.99
8850.10000 1510.92
8850.20000 1506.32
8850.30000 1519.00
8850.40000 1521.08
8850.50000 1518.61
8850.60000 1509.07
8850.70000 1506.57
8850.80000 1537.67
8850.90000 1540.95
8851.00000 1509.31
8851.10000 1527.21
8851.20000 1516.42
8851.30000 1528.12
8851.40000 1505.17
8851.50000 1508.52
8851.60000 1524.99
8851.70000 1513.98
8851.80000 1501.49
8851.90000 1508.57
8852.00000 1528.18
8852.10000 1535.49
8852.20000 1541.31
8852.30000 1516.08
8852.40000 1518.21
8852.50000 1511.21
8852.60000 1524.92
8852.70000 1508.36
8852.80000 1515.17
8852.90000 1495.37
8853.00000 1488.77
8853.10000 1455.22
8853.20000 1432.57
8853.30000 1462.01
8853.40000 1517.21
8853.50000 1513.89
8853.60000 1504.93
8853.70000 1521.68
8853.80000 1533.12
8853.90000 1527.07
8854.00000 1510.42
8854.10000 1507.43
8854.20000 1511.99
8854.30000 1497.37
8854.40000 1509.56
8854.50000 1501.88
8854.60000 1505.63
8854.70000 1496.19
8854.80000 1502.73
8854.90000 1494.30
8855.00000 1507.81
8855.10000 1507.76
8855.20000 1490.69
8855.30000 1517.30
8855.40000 1523.16
8855.50000 1505.79
8855.60000 1501.55
8855.70000 1512.23
8855.80000 1499.06
8855.90000 1517.57
8856.00000 1515.36
8856.10000 1513.66
8856.20000 1516.84
8856.30000 1540.82
8856.40000 1526.55
8856.50000 1525.07
8856.60000 1520.15
8856.70000 1525.08
8856.80000 1550.45
8856.90000 1552.84
8857.00000 1553.34
8857.10000 1542.81
8857.20000 1532.11
8857.30000 1559.24
8857.40000 1566.87
8857.50000 1561.59
8857.60000 1564.47
8857.70000 1568.13
8857.80000 1558.89
8857.90000 1561.97
8858.00000 1526.25
8858.10000 1476.69
8858.20000 1536.42
8858.30000 1558.58
8858.40000 1525.80
8858.50000 1452.57
8858.60000 1548.37
8858.70000 1602.73
8858.80000 1629.94
8858.90000 1631.78
8859.00000 1653.76
8859.10000 1655.18
8859.20000 1660.46
8859.30000 1652.07
8859.40000 1664.46
8859.50000 1630.30
8859.60000 1505.70
8859.70000 1571.06
8859.80000 1688.37
8859.90000 1716.48
8860.00000 1750.87
8860.10000 1777.47
8860.20000 1756.78
8860.30000 1773.16
8860.40000 1799.86
8860.50000 1822.04
8860.60000 1815.57
8860.70000 1824.94
8860.80000 1845.92
8860.90000 1838.83
8861.00000 1802.06
8861.10000 1811.88
8861.20000 1807.61
8861.30000 1827.20
8861.40000 1787.94
8861.50000 1775.32
8861.60000 1763.07
8861.70000 1755.36
8861.80000 1744.65
8861.90000 1738.73
8862.00000 1732.58
8862.10000 1716.06
8862.20000 1722.65
8862.30000 1722.60
8862.40000 1718.58
8862.50000 1721.91
8862.60000 1696.30
8862.70000 1693.76
8862.80000 1705.05
8862.90000 1689.72
8863.00000 1698.21
8863.10000 1698.35
8863.20000 1695.79
8863.30000 1688.11
8863.40000 1687.01
8863.50000 1696.49
8863.60000 1702.89
8863.70000 1710.62
8863.80000 1710.68
8863.90000 1696.56
8864.00000 1714.25
8864.10000 1705.40
8864.20000 1724.28
8864.30000 1728.98
8864.40000 1727.76
8864.50000 1699.39
8864.60000 1716.85
8864.70000 1713.98
8864.80000 1705.81
8864.90000 1725.44
8865.00000 1728.49
8865.10000 1718.35
8865.20000 1727.46
8865.30000 1720.89
8865.40000 1744.05
8865.50000 1720.39
8865.60000 1727.54
8865.70000 1750.03
8865.80000 1744.12
8865.90000 1768.81
8866.00000 1734.75
8866.10000 1765.42
8866.20000 1756.52
8866.30000 1781.61
8866.40000 1796.02
8866.50000 1790.26
8866.60000 1797.23
8866.70000 1793.17
8866.80000 1793.66
8866.90000 1784.23
8867.00000 1691.11
8867.10000 1593.91
8867.20000 1726.84
8867.30000 1774.94
8867.40000 1773.48
8867.50000 1771.41
8867.60000 1746.55
8867.70000 1736.02
8867.80000 1747.17
8867.90000 1743.58
8868.00000 1733.25
8868.10000 1709.62
8868.20000 1704.32
8868.30000 1708.71
8868.40000 1713.23
8868.50000 1701.11
8868.60000 1686.57
8868.70000 1671.84
8868.80000 1650.87
8868.90000 1642.60
8869.00000 1639.66
8869.10000 1626.25
8869.20000 1619.58
8869.30000 1616.83
8869.40000 1600.79
8869.50000 1598.53
8869.60000 1599.75
8869.70000 1608.51
8869.80000 1562.37
8869.90000 1550.03
8870.00000 1570.89
8870.10000 1575.20
8870.20000 1559.81
8870.30000 1566.33
8870.40000 1572.32
8870.50000 1562.15
8870.60000 1550.04
8870.70000 1534.14
8870.80000 1542.82
8870.90000 1527.58
8871.00000 1532.87
8871.10000 1537.13
8871.20000 1540.88
8871.30000 1536.15
8871.40000 1525.42
8871.50000 1526.34
8871.60000 1521.48
8871.70000 1525.69
8871.80000 1515.84
8871.90000 1525.33
8872.00000 1516.57
8872.10000 1502.52
8872.20000 1520.63
8872.30000 1511.24
8872.40000 1501.54
8872.50000 1502.73
8872.60000 1509.08
8872.70000 1515.81
8872.80000 1512.68
8872.90000 1510.63
8873.00000 1513.41
8873.10000 1479.67
8873.20000 1480.82
8873.30000 1501.55
8873.40000 1520.88
8873.50000 1511.51
8873.60000 1495.95
8873.70000 1514.33
8873.80000 1513.87
8873.90000 1497.20
8874.00000 1515.30
8874.10000 1482.55
8874.20000 1504.85
8874.30000 1497.82
8874.40000 1508.67
8874.50000 1503.32
8874.60000 1518.02
8874.70000 1516.32
8874.80000 1523.07
8874.90000 1499.16
8875.00000 1497.65
8875.10000 1502.14
8875.20000 1491.85
8875.30000 1492.89
8875.40000 1515.38
8875.50000 1509.54
8875.60000 1511.67
8875.70000 1507.61
8875.80000 1498.59
8875.90000 1503.73
8876.00000 1485.20
8876.10000 1499.55
8876.20000 1499.28
8876.30000 1514.47
8876.40000 1501.88
8876.50000 1509.74
8876.60000 1495.45
8876.70000 1508.43
8876.80000 1506.22
8876.90000 1519.11
8877.00000 1519.64
8877.10000 1515.28
8877.20000 1517.29
8877.30000 1517.92
8877.40000 1516.81
8877.50000 1501.18
8877.60000 1504.92
8877.70000 1520.48
8877.80000 1509.66
8877.90000 1511.41
8878.00000 1513.12
8878.10000 1485.70
8878.20000 1490.46
8878.30000 1485.54
8878.40000 1486.69
8878.50000 1498.53
8878.60000 1499.66
8878.70000 1497.61
8878.80000 1498.93
8878.90000 1508.94
8879.00000 1516.27
8879.10000 1502.09
8879.20000 1500.49
8879.30000 1491.60
8879.40000 1497.86
8879.50000 1505.67
8879.60000 1512.85
8879.70000 1490.06
8879.80000 1486.23
8879.90000 1452.53
8880.00000 1368.31
8880.10000 1142.63
8880.20000 1248.52
8880.30000 1425.60
8880.40000 1481.75
8880.50000 1493.69
8880.60000 1503.32
8880.70000 1501.26
8880.80000 1513.80
8880.90000 1510.87
8881.00000 1511.06
8881.10000 1487.69
8881.20000 1503.16
8881.30000 1504.06
8881.40000 1522.36
8881.50000 1512.41
8881.60000 1522.15
8881.70000 1501.93
8881.80000 1508.28
8881.90000 1501.07
8882.00000 1511.09
8882.10000 1486.84
8882.20000 1518.70
8882.30000 1475.65
8882.40000 1476.64
8882.50000 1480.27
8882.60000 1507.05
8882.70000 1480.22
8882.80000 1461.00
8882.90000 1424.02
8883.00000 1450.61
8883.10000 1474.78
8883.20000 1486.29
8883.30000 1507.10
8883.40000 1509.87
8883.50000 1509.02
8883.60000 1487.96
8883.70000 1510.16
8883.80000 1490.82
8883.90000 1488.29
8884.00000 1497.00
8884.10000 1501.82
8884.20000 1501.43
8884.30000 1501.36
8884.40000 1510.37
8884.50000 1500.28
8884.60000 1500.92
8884.70000 1515.39
8884.80000 1496.85
8884.90000 1489.65
8885.00000 1489.43
8885.10000 1520.08
8885.20000 1504.59
8885.30000 1515.67
8885.40000 1505.92
8885.50000 1515.10
8885.60000 1515.62
8885.70000 1504.97
8885.80000 1529.32
8885.90000 1513.59
8886.00000 1523.02
8886.10000 1504.27
8886.20000 1523.71
8886.30000 1521.31
8886.40000 1506.49
8886.50000 1539.34
8886.60000 1598.74
8886.70000 1568.97
8886.80000 1523.87
8886.90000 1514.36
8887.00000 1507.49
8887.10000 1505.82
8887.20000 1516.58
8887.30000 1507.18
8887.40000 1507.51
8887.50000 1498.06
8887.60000 1502.38
8887.70000 1503.96
8887.80000 1505.31
8887.90000 1494.70
8888.00000 1504.88
8888.10000 1493.02
8888.20000 1491.85
8888.30000 1487.69
8888.40000 1507.47
8888.50000 1513.59
8888.60000 1511.35
8888.70000 1500.72
8888.80000 1505.17
8888.90000 1504.55
8889.00000 1507.79
8889.10000 1515.78
8889.20000 1503.57
8889.30000 1488.63
8889.40000 1492.83
8889.50000 1529.47
8889.60000 1530.08
8889.70000 1514.56
8889.80000 1501.78
8889.90000 1501.55
8890.00000 1481.44
8890.10000 1488.31
8890.20000 1498.92
8890.30000 1504.88
8890.40000 1515.72
8890.50000 1496.59
8890.60000 1484.68
8890.70000 1518.04
8890.80000 1497.01
8890.90000 1509.19
8891.00000 1482.33
8891.10000 1496.14
8891.20000 1507.38
8891.30000 1487.12
8891.40000 1504.57
8891.50000 1490.33
8891.60000 1485.81
8891.70000 1488.83
8891.80000 1505.82
8891.90000 1507.21
8892.00000 1476.84
8892.10000 1499.22
8892.20000 1492.16
8892.30000 1511.29
8892.40000 1507.24
8892.50000 1493.14
8892.60000 1491.58
8892.70000 1492.24
8892.80000 1503.40
8892.90000 1505.55
8893.00000 1507.58
8893.10000 1489.01
8893.20000 1504.11
8893.30000 1492.65
8893.40000 1492.55
8893.50000 1515.67
8893.60000 1494.48
8893.70000 1502.47
8893.80000 1491.24
8893.90000 1505.13
8894.00000 1491.01
8894.10000 1494.11
8894.20000 1493.41
8894.30000 1487.70
8894.40000 1478.89
8894.50000 1463.53
8894.60000 1479.54
8894.70000 1524.01
8894.80000 1496.46
8894.90000 1495.92
8895.00000 1500.10
8895.10000 1471.36
8895.20000 1456.82
8895.30000 1455.00
8895.40000 1462.87
8895.50000 1487.41
8895.60000 1506.25
8895.70000 1508.38
8895.80000 1496.04
8895.90000 1492.62
8896.00000 1492.83
8896.10000 1478.13
8896.20000 1492.20
8896.30000 1506.62
8896.40000 1496.00
8896.50000 1517.77
8896.60000 1478.11
8896.70000 1480.87
8896.80000 1489.17
8896.90000 1502.49
8897.00000 1500.47
8897.10000 1474.91
8897.20000 1471.65
8897.30000 1446.83
8897.40000 1364.96
8897.50000 1404.81
8897.60000 1480.99
8897.70000 1481.92
8897.80000 1485.01
8897.90000 1485.57
8898.00000 1474.64
8898.10000 1490.40
8898.20000 1503.69
8898.30000 1517.97
8898.40000 1502.47
8898.50000 1496.40
8898.60000 1510.51
8898.70000 1503.72
8898.80000 1511.51
8898.90000 1488.95
8899.00000 1508.64
8899.10000 1485.64
8899.20000 1514.35
8899.30000 1514.07
8899.40000 1495.29
8899.50000 1490.58
8899.60000 1493.48
8899.70000 1457.49
8899.80000 1424.78
8899.90000 1480.58
