3800.00000 25.83
3800.10000 24.97
3800.20000 26.74
3800.30000 24.47
3800.40000 26.59
3800.50000 24.68
3800.60000 29.91
3800.70000 25.16
3800.80000 27.12
3800.90000 24.27
3801.00000 24.08
3801.10000 25.84
3801.20000 22.57
3801.30000 23.19
3801.40000 23.79
3801.50000 23.85
3801.60000 25.75
3801.70000 23.37
3801.80000 24.04
3801.90000 26.59
3802.00000 28.27
3802.10000 30.18
3802.20000 24.88
3802.30000 27.07
3802.40000 25.53
3802.50000 26.75
3802.60000 27.22
3802.70000 28.59
3802.80000 27.12
3802.90000 28.07
3803.00000 24.36
3803.10000 27.23
3803.20000 26.04
3803.30000 29.81
3803.40000 33.07
3803.50000 27.83
3803.60000 25.43
3803.70000 24.67
3803.80000 28.94
3803.90000 28.95
3804.00000 28.16
3804.10000 30.31
3804.20000 23.40
3804.30000 30.90
3804.40000 29.70
3804.50000 29.98
3804.60000 30.93
3804.70000 33.79
3804.80000 27.89
3804.90000 28.20
3805.00000 29.28
3805.10000 28.38
3805.20000 24.15
3805.30000 30.70
3805.40000 27.48
3805.50000 30.75
3805.60000 31.17
3805.70000 33.70
3805.80000 30.90
3805.90000 29.54
3806.00000 30.41
3806.10000 33.43
3806.20000 31.31
3806.30000 31.45
3806.40000 30.30
3806.50000 32.66
3806.60000 29.03
3806.70000 28.31
3806.80000 30.11
3806.90000 30.92
3807.00000 29.55
3807.10000 32.24
3807.20000 30.97
3807.30000 29.38
3807.40000 31.91
3807.50000 29.35
3807.60000 32.78
3807.70000 31.66
3807.80000 34.07
3807.90000 36.63
3808.00000 31.01
3808.10000 27.79
3808.20000 30.61
3808.30000 26.52
3808.40000 31.00
3808.50000 30.27
3808.60000 28.59
3808.70000 33.44
3808.80000 32.22
3808.90000 35.60
3809.00000 32.75
3809.10000 36.51
3809.20000 35.03
3809.30000 33.07
3809.40000 34.80
3809.50000 28.22
3809.60000 35.34
3809.70000 32.38
3809.80000 28.75
3809.90000 37.36
3810.00000 35.24
3810.10000 36.07
3810.20000 36.08
3810.30000 36.33
3810.40000 34.08
3810.50000 36.15
3810.60000 31.10
3810.70000 37.41
3810.80000 37.76
3810.90000 34.76
3811.00000 33.93
3811.10000 34.35
3811.20000 38.16
3811.30000 40.09
3811.40000 38.27
3811.50000 38.31
3811.60000 36.10
3811.70000 41.34
3811.80000 35.64
3811.90000 37.32
3812.00000 36.27
3812.10000 41.66
3812.20000 39.44
3812.30000 39.08
3812.40000 42.10
3812.50000 40.26
3812.60000 35.68
3812.70000 38.50
3812.80000 45.08
3812.90000 43.27
3813.00000 40.76
3813.10000 39.81
3813.20000 46.48
3813.30000 38.06
3813.40000 35.16
3813.50000 35.37
3813.60000 37.68
3813.70000 40.82
3813.80000 41.24
3813.90000 44.46
3814.00000 41.08
3814.10000 42.41
3814.20000 38.56
3814.30000 43.01
3814.40000 45.27
3814.50000 44.28
3814.60000 42.19
3814.70000 45.75
3814.80000 41.28
3814.90000 43.19
3815.00000 44.51
3815.10000 39.02
3815.20000 43.73
3815.30000 42.03
3815.40000 45.77
3815.50000 45.06
3815.60000 39.41
3815.70000 39.23
3815.80000 41.22
3815.90000 41.21
3816.00000 42.38
3816.10000 46.80
3816.20000 43.22
3816.30000 40.75
3816.40000 42.08
3816.50000 43.29
3816.60000 49.33
3816.70000 44.57
3816.80000 45.19
3816.90000 40.20
3817.00000 41.17
3817.10000 40.60
3817.20000 41.03
3817.30000 45.74
3817.40000 42.38
3817.50000 42.63
3817.60000 42.42
3817.70000 43.39
3817.80000 41.48
3817.90000 43.31
3818.00000 41.78
3818.10000 44.62
3818.20000 47.64
3818.30000 45.04
3818.40000 43.88
3818.50000 43.12
3818.60000 42.68
3818.70000 41.67
3818.80000 40.78
3818.90000 47.93
3819.00000 41.26
3819.10000 43.05
3819.20000 46.09
3819.30000 45.83
3819.40000 45.84
3819.50000 47.95
3819.60000 43.93
3819.70000 45.24
3819.80000 46.14
3819.90000 40.32
3820.00000 43.96
3820.10000 42.09
3820.20000 42.28
3820.30000 47.68
3820.40000 43.12
3820.50000 42.00
3820.60000 44.60
3820.70000 41.41
3820.80000 47.50
3820.90000 42.84
3821.00000 43.94
3821.10000 46.05
3821.20000 46.30
3821.30000 49.40
3821.40000 47.73
3821.50000 49.72
3821.60000 44.59
3821.70000 48.74
3821.80000 48.65
3821.90000 47.33
3822.00000 45.96
3822.10000 45.72
3822.20000 48.71
3822.30000 47.28
3822.40000 46.52
3822.50000 51.65
3822.60000 48.81
3822.70000 46.45
3822.80000 48.89
3822.90000 47.22
3823.00000 50.22
3823.10000 46.10
3823.20000 51.22
3823.30000 53.73
3823.40000 53.35
3823.50000 53.66
3823.60000 50.37
3823.70000 50.67
3823.80000 51.16
3823.90000 51.42
3824.00000 51.48
3824.10000 52.47
3824.20000 53.01
3824.30000 50.23
3824.40000 52.69
3824.50000 54.43
3824.60000 50.16
3824.70000 50.96
3824.80000 50.48
3824.90000 53.06
3825.00000 51.93
3825.10000 53.99
3825.20000 53.17
3825.30000 52.32
3825.40000 56.04
3825.50000 51.94
3825.60000 58.22
3825.70000 55.70
3825.80000 51.48
3825.90000 52.93
3826.00000 56.97
3826.10000 53.17
3826.20000 54.31
3826.30000 54.25
3826.40000 67.12
3826.50000 52.24
3826.60000 52.72
3826.70000 53.91
3826.80000 54.02
3826.90000 51.85
3827.00000 57.46
3827.10000 56.03
3827.20000 54.70
3827.30000 53.58
3827.40000 54.45
3827.50000 55.62
3827.60000 54.54
3827.70000 57.45
3827.80000 55.01
3827.90000 57.95
3828.00000 58.61
3828.10000 52.99
3828.20000 55.50
3828.30000 57.17
3828.40000 58.94
3828.50000 52.03
3828.60000 57.93
3828.70000 55.36
3828.80000 56.84
3828.90000 57.08
3829.00000 57.82
3829.10000 59.46
3829.20000 55.92
3829.30000 56.90
3829.40000 56.41
3829.50000 58.97
3829.60000 53.36
3829.70000 52.77
3829.80000 54.71
3829.90000 56.02
3830.00000 54.22
3830.10000 56.23
3830.20000 56.62
3830.30000 52.75
3830.40000 55.49
3830.50000 59.24
3830.60000 57.14
3830.70000 54.58
3830.80000 57.36
3830.90000 54.74
3831.00000 56.70
3831.10000 57.46
3831.20000 57.46
3831.30000 55.11
3831.40000 57.12
3831.50000 58.42
3831.60000 58.41
3831.70000 51.84
3831.80000 57.70
3831.90000 60.77
3832.00000 56.84
3832.10000 53.05
3832.20000 57.45
3832.30000 56.58
3832.40000 55.82
3832.50000 55.09
3832.60000 56.42
3832.70000 59.37
3832.80000 58.64
3832.90000 61.27
3833.00000 56.12
3833.10000 55.14
3833.20000 55.86
3833.30000 58.68
3833.40000 55.39
3833.50000 55.60
3833.60000 59.63
3833.70000 57.74
3833.80000 57.60
3833.90000 57.16
3834.00000 58.06
3834.10000 57.69
3834.20000 57.25
3834.30000 58.34
3834.40000 62.90
3834.50000 61.03
3834.60000 65.83
3834.70000 59.22
3834.80000 56.34
3834.90000 63.26
3835.00000 60.87
3835.10000 54.88
3835.20000 60.63
3835.30000 54.49
3835.40000 59.01
3835.50000 56.70
3835.60000 58.58
3835.70000 57.98
3835.80000 66.80
3835.90000 60.48
3836.00000 55.12
3836.10000 67.13
3836.20000 60.61
3836.30000 56.33
3836.40000 58.98
3836.50000 59.32
3836.60000 61.92
3836.70000 58.18
3836.80000 59.89
3836.90000 63.44
3837.00000 58.45
3837.10000 60.02
3837.20000 60.98
3837.30000 62.19
3837.40000 60.53
3837.50000 61.74
3837.60000 62.45
3837.70000 64.84
3837.80000 59.31
3837.90000 63.45
3838.00000 60.98
3838.10000 62.07
3838.20000 65.69
3838.30000 62.61
3838.40000 63.74
3838.50000 62.84
3838.60000 59.28
3838.70000 60.98
3838.80000 58.50
3838.90000 64.65
3839.00000 65.62
3839.10000 60.30
3839.20000 62.39
3839.30000 64.08
3839.40000 62.63
3839.50000 65.56
3839.60000 60.45
3839.70000 65.11
3839.80000 65.85
3839.90000 66.89
3840.00000 62.55
3840.10000 64.09
3840.20000 67.44
3840.30000 70.56
3840.40000 65.97
3840.50000 65.11
3840.60000 68.64
3840.70000 66.92
3840.80000 67.58
3840.90000 66.40
3841.00000 68.47
3841.10000 67.35
3841.20000 68.48
3841.30000 66.18
3841.40000 66.46
3841.50000 65.22
3841.60000 70.49
3841.70000 76.21
3841.80000 74.40
3841.90000 70.11
3842.00000 69.92
3842.10000 72.84
3842.20000 72.76
3842.30000 70.49
3842.40000 75.35
3842.50000 74.18
3842.60000 72.98
3842.70000 73.73
3842.80000 73.16
3842.90000 75.48
3843.00000 70.80
3843.10000 74.66
3843.20000 73.66
3843.30000 72.33
3843.40000 75.98
3843.50000 78.55
3843.60000 74.26
3843.70000 71.24
3843.80000 76.07
3843.90000 77.42
3844.00000 73.21
3844.10000 69.03
3844.20000 72.37
3844.30000 75.61
3844.40000 73.74
3844.50000 80.32
3844.60000 76.34
3844.70000 83.74
3844.80000 73.94
3844.90000 71.30
3845.00000 79.18
3845.10000 77.59
3845.20000 81.13
3845.30000 80.91
3845.40000 72.39
3845.50000 82.75
3845.60000 82.74
3845.70000 74.55
3845.80000 80.36
3845.90000 79.83
3846.00000 81.74
3846.10000 77.85
3846.20000 78.80
3846.30000 78.01
3846.40000 77.33
3846.50000 77.69
3846.60000 78.94
3846.70000 73.69
3846.80000 80.48
3846.90000 80.39
3847.00000 81.03
3847.10000 80.98
3847.20000 76.59
3847.30000 84.34
3847.40000 77.20
3847.50000 81.92
3847.60000 82.26
3847.70000 83.31
3847.80000 83.35
3847.90000 79.57
3848.00000 81.84
3848.10000 80.36
3848.20000 82.79
3848.30000 82.75
3848.40000 82.32
3848.50000 79.16
3848.60000 85.54
3848.70000 84.56
3848.80000 82.36
3848.90000 83.10
3849.00000 85.63
3849.10000 80.18
3849.20000 79.32
3849.30000 86.65
3849.40000 86.45
3849.50000 85.19
3849.60000 86.38
3849.70000 83.85
3849.80000 81.38
3849.90000 85.13
3850.00000 85.47
3850.10000 77.44
3850.20000 85.32
3850.30000 81.09
3850.40000 88.05
3850.50000 86.65
3850.60000 91.78
3850.70000 85.35
3850.80000 86.07
3850.90000 86.69
3851.00000 86.25
3851.10000 90.84
3851.20000 86.80
3851.30000 88.56
3851.40000 86.69
3851.50000 88.21
3851.60000 87.88
3851.70000 94.00
3851.80000 91.09
3851.90000 96.35
3852.00000 93.96
3852.10000 94.51
3852.20000 96.32
3852.30000 87.92
3852.40000 87.86
3852.50000 93.80
3852.60000 87.97
3852.70000 92.07
3852.80000 95.30
3852.90000 93.26
3853.00000 100.40
3853.10000 95.16
3853.20000 98.17
3853.30000 89.72
3853.40000 95.85
3853.50000 98.41
3853.60000 97.13
3853.70000 99.44
3853.80000 95.88
3853.90000 92.37
3854.00000 90.45
3854.10000 98.83
3854.20000 96.97
3854.30000 93.63
3854.40000 101.73
3854.50000 93.09
3854.60000 95.25
3854.70000 96.03
3854.80000 100.19
3854.90000 99.33
3855.00000 95.67
3855.10000 98.58
3855.20000 89.40
3855.30000 97.92
3855.40000 94.38
3855.50000 104.41
3855.60000 97.70
3855.70000 98.59
3855.80000 97.49
3855.90000 103.93
3856.00000 94.55
3856.10000 99.66
3856.20000 95.78
3856.30000 100.61
3856.40000 97.82
3856.50000 96.68
3856.60000 97.75
3856.70000 101.75
3856.80000 104.45
3856.90000 96.73
3857.00000 105.29
3857.10000 100.80
3857.20000 101.96
3857.30000 104.18
3857.40000 105.59
3857.50000 110.80
3857.60000 113.71
3857.70000 105.16
3857.80000 109.00
3857.90000 100.94
3858.00000 103.33
3858.10000 100.04
3858.20000 105.82
3858.30000 108.83
3858.40000 102.80
3858.50000 105.16
3858.60000 106.10
3858.70000 105.87
3858.80000 100.97
3858.90000 110.11
3859.00000 107.56
3859.10000 103.62
3859.20000 105.25
3859.30000 101.56
3859.40000 106.19
3859.50000 101.31
3859.60000 108.67
3859.70000 102.68
3859.80000 101.60
3859.90000 101.88
3860.00000 107.33
3860.10000 101.70
3860.20000 108.52
3860.30000 103.71
3860.40000 105.87
3860.50000 103.28
3860.60000 105.02
3860.70000 104.67
3860.80000 105.89
3860.90000 103.07
3861.00000 102.48
3861.10000 105.68
3861.20000 101.78
3861.30000 109.05
3861.40000 116.88
3861.50000 109.05
3861.60000 105.94
3861.70000 110.92
3861.80000 108.94
3861.90000 108.14
3862.00000 107.30
3862.10000 108.01
3862.20000 110.13
3862.30000 110.05
3862.40000 103.50
3862.50000 110.23
3862.60000 107.30
3862.70000 100.87
3862.80000 111.87
3862.90000 102.77
3863.00000 104.56
3863.10000 109.00
3863.20000 111.70
3863.30000 107.82
3863.40000 110.35
3863.50000 108.08
3863.60000 111.67
3863.70000 107.51
3863.80000 108.42
3863.90000 109.12
3864.00000 109.00
3864.10000 107.65
3864.20000 107.43
3864.30000 112.72
3864.40000 108.13
3864.50000 109.01
3864.60000 113.94
3864.70000 109.74
3864.80000 111.52
3864.90000 112.35
3865.00000 111.19
3865.10000 116.49
3865.20000 108.07
3865.30000 110.43
3865.40000 112.66
3865.50000 111.80
3865.60000 93.94
3865.70000 111.47
3865.80000 109.55
3865.90000 114.53
3866.00000 109.80
3866.10000 112.87
3866.20000 111.69
3866.30000 112.02
3866.40000 115.39
3866.50000 109.47
3866.60000 111.96
3866.70000 114.73
3866.80000 115.91
3866.90000 110.43
3867.00000 111.77
3867.10000 113.95
3867.20000 111.27
3867.30000 111.06
3867.40000 110.50
3867.50000 113.24
3867.60000 112.41
3867.70000 113.83
3867.80000 109.78
3867.90000 110.34
3868.00000 108.42
3868.10000 110.77
3868.20000 110.80
3868.30000 119.02
3868.40000 114.13
3868.50000 112.25
3868.60000 116.35
3868.70000 110.54
3868.80000 113.52
3868.90000 111.66
3869.00000 112.15
3869.10000 113.91
3869.20000 113.35
3869.30000 111.95
3869.40000 109.06
3869.50000 114.86
3869.60000 114.04
3869.70000 117.11
3869.80000 118.07
3869.90000 112.73
3870.00000 112.59
3870.10000 111.38
3870.20000 112.96
3870.30000 114.71
3870.40000 112.05
3870.50000 114.38
3870.60000 113.34
3870.70000 116.38
3870.80000 120.84
3870.90000 118.19
3871.00000 113.28
3871.10000 116.27
3871.20000 118.63
3871.30000 116.99
3871.40000 116.91
3871.50000 123.00
3871.60000 116.03
3871.70000 118.27
3871.80000 118.35
3871.90000 119.21
3872.00000 118.13
3872.10000 114.88
3872.20000 121.02
3872.30000 118.76
3872.40000 117.95
3872.50000 118.52
3872.60000 119.91
3872.70000 119.73
3872.80000 119.81
3872.90000 120.23
3873.00000 119.28
3873.10000 121.41
3873.20000 120.05
3873.30000 124.90
3873.40000 122.61
3873.50000 120.42
3873.60000 114.46
3873.70000 120.86
3873.80000 120.55
3873.90000 119.82
3874.00000 124.44
3874.10000 126.29
3874.20000 123.36
3874.30000 118.18
3874.40000 119.23
3874.50000 124.76
3874.60000 122.32
3874.70000 129.30
3874.80000 130.09
3874.90000 116.95
3875.00000 99.87
3875.10000 118.75
3875.20000 129.10
3875.30000 124.77
3875.40000 125.14
3875.50000 126.27
3875.60000 130.98
3875.70000 129.76
3875.80000 122.21
3875.90000 131.81
3876.00000 122.07
3876.10000 121.72
3876.20000 124.74
3876.30000 125.03
3876.40000 127.18
3876.50000 126.47
3876.60000 123.20
3876.70000 123.16
3876.80000 127.72
3876.90000 127.57
3877.00000 128.96
3877.10000 130.20
3877.20000 125.06
3877.30000 127.76
3877.40000 126.81
3877.50000 128.75
3877.60000 131.01
3877.70000 129.24
3877.80000 133.96
3877.90000 130.44
3878.00000 132.50
3878.10000 131.89
3878.20000 126.21
3878.30000 127.35
3878.40000 127.58
3878.50000 126.17
3878.60000 132.93
3878.70000 132.36
3878.80000 131.10
3878.90000 131.58
3879.00000 127.76
3879.10000 128.97
3879.20000 130.26
3879.30000 137.27
3879.40000 134.06
3879.50000 130.37
3879.60000 132.70
3879.70000 131.46
3879.80000 132.39
3879.90000 123.54
3880.00000 132.47
3880.10000 133.92
3880.20000 138.42
3880.30000 132.68
3880.40000 131.16
3880.50000 133.20
3880.60000 130.84
3880.70000 134.91
3880.80000 130.32
3880.90000 132.27
3881.00000 134.97
3881.10000 131.33
3881.20000 132.38
3881.30000 137.50
3881.40000 139.38
3881.50000 137.73
3881.60000 133.57
3881.70000 131.50
3881.80000 133.81
3881.90000 136.71
3882.00000 130.21
3882.10000 132.23
3882.20000 136.47
3882.30000 135.39
3882.40000 134.50
3882.50000 129.80
3882.60000 127.93
3882.70000 138.26
3882.80000 133.92
3882.90000 137.09
3883.00000 137.89
3883.10000 136.33
3883.20000 133.82
3883.30000 133.49
3883.40000 135.51
3883.50000 134.94
3883.60000 135.85
3883.70000 135.91
3883.80000 130.90
3883.90000 131.35
3884.00000 131.77
3884.10000 124.78
3884.20000 138.89
3884.30000 138.27
3884.40000 137.23
3884.50000 138.21
3884.60000 136.47
3884.70000 143.03
3884.80000 135.60
3884.90000 139.72
3885.00000 133.27
3885.10000 135.27
3885.20000 135.50
3885.30000 131.67
3885.40000 138.05
3885.50000 133.38
3885.60000 134.99
3885.70000 133.69
3885.80000 133.40
3885.90000 139.05
3886.00000 135.67
3886.10000 139.70
3886.20000 134.13
3886.30000 129.54
3886.40000 129.94
3886.50000 137.85
3886.60000 137.98
3886.70000 136.43
3886.80000 133.95
3886.90000 135.24
3887.00000 137.45
3887.10000 137.33
3887.20000 132.74
3887.30000 138.69
3887.40000 140.35
3887.50000 149.19
3887.60000 143.25
3887.70000 140.18
3887.80000 145.27
3887.90000 136.99
3888.00000 142.48
3888.10000 141.77
3888.20000 145.66
3888.30000 143.76
3888.40000 145.54
3888.50000 143.74
3888.60000 137.09
3888.70000 136.11
3888.80000 134.70
3888.90000 132.10
3889.00000 127.65
3889.10000 134.59
3889.20000 137.76
3889.30000 139.83
3889.40000 142.85
3889.50000 144.78
3889.60000 137.56
3889.70000 138.25
3889.80000 138.31
3889.90000 140.91
3890.00000 143.13
3890.10000 147.81
3890.20000 148.44
3890.30000 144.77
3890.40000 149.77
3890.50000 147.56
3890.60000 136.64
3890.70000 148.75
3890.80000 144.54
3890.90000 151.65
3891.00000 149.56
3891.10000 148.75
3891.20000 144.81
3891.30000 146.82
3891.40000 146.87
3891.50000 152.48
3891.60000 146.27
3891.70000 146.12
3891.80000 149.62
3891.90000 143.21
3892.00000 148.66
3892.10000 156.68
3892.20000 144.51
3892.30000 142.83
3892.40000 152.08
3892.50000 149.43
3892.60000 144.95
3892.70000 145.71
3892.80000 147.88
3892.90000 151.02
3893.00000 157.97
3893.10000 153.56
3893.20000 157.96
3893.30000 149.98
3893.40000 151.21
3893.50000 155.99
3893.60000 149.64
3893.70000 166.08
3893.80000 152.53
3893.90000 151.66
3894.00000 155.84
3894.10000 155.03
3894.20000 152.36
3894.30000 162.74
3894.40000 162.28
3894.50000 158.84
3894.60000 156.13
3894.70000 165.33
3894.80000 158.41
3894.90000 154.45
3895.00000 164.34
3895.10000 161.28
3895.20000 161.91
3895.30000 162.69
3895.40000 162.43
3895.50000 168.22
3895.60000 161.69
3895.70000 167.21
3895.80000 167.57
3895.90000 171.19
3896.00000 172.16
3896.10000 158.40
3896.20000 168.28
3896.30000 166.99
3896.40000 168.79
3896.50000 169.84
3896.60000 171.39
3896.70000 171.22
3896.80000 171.81
3896.90000 168.72
3897.00000 179.31
3897.10000 175.04
3897.20000 172.60
3897.30000 164.34
3897.40000 167.70
3897.50000 177.42
3897.60000 172.75
3897.70000 178.69
3897.80000 178.71
3897.90000 177.15
3898.00000 171.07
3898.10000 181.38
3898.20000 172.25
3898.30000 173.98
3898.40000 175.91
3898.50000 174.99
3898.60000 173.73
3898.70000 176.15
3898.80000 177.58
3898.90000 173.31
3899.00000 177.21
3899.10000 177.55
3899.20000 176.21
3899.30000 183.11
3899.40000 172.89
3899.50000 177.95
3899.60000 181.69
3899.70000 176.37
3899.80000 184.74
3899.90000 182.59
3900.00000 183.87
3900.10000 181.15
3900.20000 174.76
3900.30000 178.33
3900.40000 184.46
3900.50000 179.15
3900.60000 176.70
3900.70000 178.44
3900.80000 180.78
3900.90000 178.19
3901.00000 185.82
3901.10000 178.40
3901.20000 171.84
3901.30000 181.61
3901.40000 177.03
3901.50000 184.99
3901.60000 181.64
3901.70000 187.43
3901.80000 181.50
3901.90000 189.08
3902.00000 181.90
3902.10000 186.59
3902.20000 183.48
3902.30000 187.86
3902.40000 185.52
3902.50000 186.53
3902.60000 182.52
3902.70000 187.79
3902.80000 187.45
3902.90000 188.48
3903.00000 185.85
3903.10000 192.71
3903.20000 185.31
3903.30000 187.78
3903.40000 186.68
3903.50000 185.97
3903.60000 190.94
3903.70000 182.01
3903.80000 187.39
3903.90000 186.98
3904.00000 190.26
3904.10000 189.24
3904.20000 194.33
3904.30000 188.43
3904.40000 192.47
3904.50000 190.35
3904.60000 186.03
3904.70000 186.09
3904.80000 193.47
3904.90000 194.50
3905.00000 188.06
3905.10000 183.56
3905.20000 190.04
3905.30000 192.75
3905.40000 194.28
3905.50000 189.73
3905.60000 191.74
3905.70000 194.32
3905.80000 192.00
3905.90000 198.91
3906.00000 194.19
3906.10000 189.17
3906.20000 195.66
3906.30000 194.83
3906.40000 192.63
3906.50000 195.43
3906.60000 191.81
3906.70000 189.06
3906.80000 190.71
3906.90000 194.77
3907.00000 194.37
3907.10000 196.50
3907.20000 194.13
3907.30000 190.19
3907.40000 190.75
3907.50000 197.84
3907.60000 195.65
3907.70000 197.98
3907.80000 194.34
3907.90000 200.92
3908.00000 196.51
3908.10000 194.41
3908.20000 196.88
3908.30000 196.31
3908.40000 195.74
3908.50000 198.46
3908.60000 193.57
3908.70000 197.61
3908.80000 198.52
3908.90000 196.15
3909.00000 190.37
3909.10000 198.29
3909.20000 196.79
3909.30000 193.44
3909.40000 197.47
3909.50000 200.07
3909.60000 194.49
3909.70000 199.23
3909.80000 198.65
3909.90000 194.29
3910.00000 195.32
3910.10000 190.45
3910.20000 190.10
3910.30000 195.98
3910.40000 200.00
3910.50000 195.31
3910.60000 197.67
3910.70000 197.29
3910.80000 192.11
3910.90000 200.00
3911.00000 196.91
3911.10000 203.11
3911.20000 196.18
3911.30000 198.15
3911.40000 195.65
3911.50000 202.79
3911.60000 195.56
3911.70000 198.96
3911.80000 200.93
3911.90000 198.06
3912.00000 202.19
3912.10000 195.54
3912.20000 198.79
3912.30000 201.16
3912.40000 206.83
3912.50000 204.56
3912.60000 204.12
3912.70000 199.51
3912.80000 196.38
3912.90000 199.88
3913.00000 206.30
3913.10000 202.59
3913.20000 204.53
3913.30000 205.63
3913.40000 200.86
3913.50000 205.78
3913.60000 204.87
3913.70000 206.04
3913.80000 207.24
3913.90000 204.38
3914.00000 207.33
3914.10000 205.11
3914.20000 208.27
3914.30000 201.34
3914.40000 207.68
3914.50000 203.95
3914.60000 202.20
3914.70000 207.08
3914.80000 208.07
3914.90000 205.19
3915.00000 205.66
3915.10000 208.02
3915.20000 201.58
3915.30000 204.96
3915.40000 205.87
3915.50000 205.00
3915.60000 206.08
3915.70000 208.00
3915.80000 212.29
3915.90000 208.99
3916.00000 209.08
3916.10000 201.73
3916.20000 208.76
3916.30000 202.79
3916.40000 212.47
3916.50000 210.25
3916.60000 207.91
3916.70000 211.16
3916.80000 207.77
3916.90000 217.19
3917.00000 205.13
3917.10000 208.91
3917.20000 210.18
3917.30000 214.98
3917.40000 213.12
3917.50000 211.03
3917.60000 210.97
3917.70000 211.86
3917.80000 213.45
3917.90000 208.28
3918.00000 209.39
3918.10000 209.88
3918.20000 202.67
3918.30000 212.20
3918.40000 211.21
3918.50000 210.01
3918.60000 210.91
3918.70000 207.34
3918.80000 212.08
3918.90000 209.09
3919.00000 213.44
3919.10000 215.84
3919.20000 216.63
3919.30000 213.14
3919.40000 214.26
3919.50000 214.56
3919.60000 209.79
3919.70000 211.73
3919.80000 211.83
3919.90000 216.68
3920.00000 220.83
3920.10000 214.01
3920.20000 214.16
3920.30000 209.71
3920.40000 205.88
3920.50000 210.22
3920.60000 218.09
3920.70000 212.26
3920.80000 207.47
3920.90000 214.34
3921.00000 212.03
3921.10000 208.04
3921.20000 220.30
3921.30000 211.67
3921.40000 215.87
3921.50000 212.07
3921.60000 211.99
3921.70000 218.98
3921.80000 218.45
3921.90000 207.33
3922.00000 212.61
3922.10000 214.12
3922.20000 216.67
3922.30000 216.37
3922.40000 208.56
3922.50000 221.30
3922.60000 211.56
3922.70000 215.29
3922.80000 212.10
3922.90000 217.03
3923.00000 213.04
3923.10000 211.42
3923.20000 213.41
3923.30000 215.50
3923.40000 214.22
3923.50000 214.47
3923.60000 221.06
3923.70000 213.53
3923.80000 214.43
3923.90000 215.79
3924.00000 214.05
3924.10000 212.81
3924.20000 217.67
3924.30000 209.10
3924.40000 216.07
3924.50000 212.37
3924.60000 218.09
3924.70000 215.46
3924.80000 218.51
3924.90000 215.59
3925.00000 217.24
3925.10000 217.03
3925.20000 220.81
3925.30000 221.26
3925.40000 215.19
3925.50000 219.37
3925.60000 215.37
3925.70000 212.87
3925.80000 212.75
3925.90000 213.82
3926.00000 220.17
3926.10000 221.45
3926.20000 212.88
3926.30000 221.64
3926.40000 214.97
3926.50000 217.87
3926.60000 223.56
3926.70000 223.12
3926.80000 219.09
3926.90000 214.76
3927.00000 216.52
3927.10000 220.02
3927.20000 222.72
3927.30000 223.94
3927.40000 223.49
3927.50000 225.74
3927.60000 223.80
3927.70000 221.77
3927.80000 222.70
3927.90000 225.19
3928.00000 221.63
3928.10000 224.39
3928.20000 223.61
3928.30000 227.89
3928.40000 224.62
3928.50000 226.67
3928.60000 223.89
3928.70000 228.84
3928.80000 229.23
3928.90000 223.11
3929.00000 233.52
3929.10000 234.03
3929.20000 227.60
3929.30000 231.70
3929.40000 222.01
3929.50000 230.22
3929.60000 230.57
3929.70000 234.77
3929.80000 229.33
3929.90000 225.69
3930.00000 228.47
3930.10000 233.46
3930.20000 233.71
3930.30000 234.63
3930.40000 233.82
3930.50000 236.34
3930.60000 225.93
3930.70000 230.97
3930.80000 236.93
3930.90000 234.50
3931.00000 236.72
3931.10000 235.56
3931.20000 236.94
3931.30000 232.36
3931.40000 239.82
3931.50000 241.42
3931.60000 236.06
3931.70000 237.36
3931.80000 236.56
3931.90000 240.91
3932.00000 239.89
3932.10000 243.65
3932.20000 242.06
3932.30000 241.40
3932.40000 242.22
3932.50000 242.93
3932.60000 242.14
3932.70000 242.05
3932.80000 246.22
3932.90000 245.45
3933.00000 250.14
3933.10000 246.89
3933.20000 246.13
3933.30000 241.67
3933.40000 226.29
3933.50000 158.34
3933.60000 120.32
3933.70000 135.33
3933.80000 157.86
3933.90000 68.25
3934.00000 24.33
3934.10000 130.59
3934.20000 164.83
3934.30000 173.16
3934.40000 201.91
3934.50000 229.39
3934.60000 235.05
3934.70000 237.28
3934.80000 238.95
3934.90000 252.04
3935.00000 250.77
3935.10000 244.61
3935.20000 232.00
3935.30000 244.92
3935.40000 252.61
3935.50000 246.83
3935.60000 250.33
3935.70000 251.38
3935.80000 245.20
3935.90000 250.45
3936.00000 251.18
3936.10000 258.23
3936.20000 254.93
3936.30000 250.33
3936.40000 251.82
3936.50000 253.53
3936.60000 251.46
3936.70000 254.51
3936.80000 253.42
3936.90000 257.23
3937.00000 256.69
3937.10000 256.60
3937.20000 249.72
3937.30000 257.99
3937.40000 257.10
3937.50000 253.64
3937.60000 258.04
3937.70000 252.21
3937.80000 254.37
3937.90000 253.56
3938.00000 256.39
3938.10000 246.31
3938.20000 251.32
3938.30000 257.22
3938.40000 253.50
3938.50000 252.06
3938.60000 259.60
3938.70000 258.37
3938.80000 256.32
3938.90000 262.11
3939.00000 252.24
3939.10000 258.35
3939.20000 256.54
3939.30000 258.93
3939.40000 253.53
3939.50000 255.52
3939.60000 257.60
3939.70000 256.12
3939.80000 253.22
3939.90000 263.72
3940.00000 261.67
3940.10000 257.17
3940.20000 269.70
3940.30000 260.51
3940.40000 256.87
3940.50000 253.05
3940.60000 266.50
3940.70000 258.30
3940.80000 252.56
3940.90000 258.37
3941.00000 254.36
3941.10000 250.62
3941.20000 263.85
3941.30000 251.92
3941.40000 261.63
3941.50000 256.91
3941.60000 252.09
3941.70000 253.76
3941.80000 261.55
3941.90000 260.07
3942.00000 258.13
3942.10000 258.49
3942.20000 260.63
3942.30000 259.36
3942.40000 264.61
3942.50000 261.56
3942.60000 258.66
3942.70000 258.15
3942.80000 256.22
3942.90000 256.35
3943.00000 259.70
3943.10000 256.61
3943.20000 253.20
3943.30000 256.81
3943.40000 265.56
3943.50000 259.95
3943.60000 257.24
3943.70000 273.26
3943.80000 262.43
3943.90000 266.31
3944.00000 260.53
3944.10000 266.89
3944.20000 265.97
3944.30000 270.03
3944.40000 259.98
3944.50000 258.88
3944.60000 262.49
3944.70000 258.78
3944.80000 258.57
3944.90000 267.56
3945.00000 270.58
3945.10000 270.84
3945.20000 263.48
3945.30000 263.17
3945.40000 267.19
3945.50000 264.30
3945.60000 258.19
3945.70000 266.34
3945.80000 269.29
3945.90000 263.71
3946.00000 266.05
3946.10000 272.04
3946.20000 260.03
3946.30000 261.82
3946.40000 263.04
3946.50000 268.98
3946.60000 263.91
3946.70000 266.00
3946.80000 269.30
3946.90000 274.03
3947.00000 267.24
3947.10000 269.60
3947.20000 270.09
3947.30000 271.74
3947.40000 269.69
3947.50000 270.76
3947.60000 265.43
3947.70000 267.80
3947.80000 265.25
3947.90000 275.86
3948.00000 262.78
3948.10000 271.18
3948.20000 269.38
3948.30000 273.83
3948.40000 267.27
3948.50000 274.61
3948.60000 277.80
3948.70000 264.14
3948.80000 266.87
3948.90000 274.42
3949.00000 269.34
3949.10000 270.02
3949.20000 268.66
3949.30000 268.32
3949.40000 265.08
3949.50000 290.20
3949.60000 266.94
3949.70000 273.72
3949.80000 267.13
3949.90000 264.47
3950.00000 264.39
3950.10000 269.79
3950.20000 276.71
3950.30000 268.43
3950.40000 267.73
3950.50000 276.28
3950.60000 271.75
3950.70000 271.74
3950.80000 273.43
3950.90000 271.57
3951.00000 279.88
3951.10000 274.58
3951.20000 275.82
3951.30000 272.63
3951.40000 271.13
3951.50000 270.76
3951.60000 275.36
3951.70000 273.55
3951.80000 274.99
3951.90000 273.95
3952.00000 277.94
3952.10000 276.82
3952.20000 274.68
3952.30000 277.99
3952.40000 271.94
3952.50000 269.07
3952.60000 271.86
3952.70000 277.02
3952.80000 275.41
3952.90000 275.93
3953.00000 276.05
3953.10000 278.70
3953.20000 271.55
3953.30000 272.47
3953.40000 271.88
3953.50000 273.56
3953.60000 276.54
3953.70000 277.19
3953.80000 276.96
3953.90000 272.62
3954.00000 276.63
3954.10000 276.53
3954.20000 274.74
3954.30000 279.42
3954.40000 269.73
3954.50000 273.21
3954.60000 280.83
3954.70000 285.15
3954.80000 279.37
3954.90000 281.34
3955.00000 281.43
3955.10000 278.48
3955.20000 279.11
3955.30000 275.73
3955.40000 274.10
3955.50000 275.30
3955.60000 276.72
3955.70000 275.20
3955.80000 281.84
3955.90000 274.91
3956.00000 276.14
3956.10000 273.23
3956.20000 281.77
3956.30000 281.06
3956.40000 277.33
3956.50000 271.86
3956.60000 282.81
3956.70000 274.60
3956.80000 276.06
3956.90000 282.46
3957.00000 280.66
3957.10000 284.68
3957.20000 278.29
3957.30000 279.38
3957.40000 280.89
3957.50000 276.41
3957.60000 276.83
3957.70000 285.52
3957.80000 281.42
3957.90000 282.82
3958.00000 274.32
3958.10000 285.10
3958.20000 285.96
3958.30000 283.63
3958.40000 277.86
3958.50000 282.95
3958.60000 283.62
3958.70000 284.77
3958.80000 277.84
3958.90000 294.47
3959.00000 281.58
3959.10000 288.91
3959.20000 286.40
3959.30000 288.81
3959.40000 287.36
3959.50000 286.77
3959.60000 286.18
3959.70000 285.19
3959.80000 286.96
3959.90000 289.58
3960.00000 290.90
3960.10000 285.51
3960.20000 288.12
3960.30000 292.78
3960.40000 288.90
3960.50000 289.17
3960.60000 285.64
3960.70000 286.45
3960.80000 288.62
3960.90000 281.76
3961.00000 290.50
3961.10000 289.66
3961.20000 289.79
3961.30000 287.81
3961.40000 279.93
3961.50000 287.13
3961.60000 287.92
3961.70000 280.45
3961.80000 283.41
3961.90000 286.37
3962.00000 287.77
3962.10000 286.84
3962.20000 285.13
3962.30000 277.71
3962.40000 278.77
3962.50000 282.00
3962.60000 288.58
3962.70000 276.69
3962.80000 287.87
3962.90000 282.84
3963.00000 289.10
3963.10000 279.29
3963.20000 275.63
3963.30000 280.53
3963.40000 285.48
3963.50000 286.28
3963.60000 277.25
3963.70000 286.21
3963.80000 285.21
3963.90000 289.56
3964.00000 282.17
3964.10000 282.56
3964.20000 282.94
3964.30000 281.33
3964.40000 285.47
3964.50000 274.54
3964.60000 283.61
3964.70000 279.24
3964.80000 285.72
3964.90000 279.41
3965.00000 284.06
3965.10000 277.06
3965.20000 279.10
3965.30000 281.44
3965.40000 270.17
3965.50000 272.38
3965.60000 276.58
3965.70000 273.61
3965.80000 279.85
3965.90000 274.90
3966.00000 277.80
3966.10000 274.05
3966.20000 272.68
3966.30000 273.87
3966.40000 276.05
3966.50000 272.20
3966.60000 307.48
3966.70000 279.73
3966.80000 274.00
3966.90000 278.41
3967.00000 276.98
3967.10000 278.01
3967.20000 277.85
3967.30000 271.88
3967.40000 277.81
3967.50000 284.11
3967.60000 274.96
3967.70000 278.92
3967.80000 279.30
3967.90000 282.74
3968.00000 281.36
3968.10000 277.37
3968.20000 271.68
3968.30000 225.11
3968.40000 190.68
3968.50000 206.78
3968.60000 228.57
3968.70000 150.19
3968.80000 83.14
3968.90000 192.98
3969.00000 244.37
3969.10000 234.02
3969.20000 262.25
3969.30000 281.81
3969.40000 289.65
3969.50000 291.49
3969.60000 298.30
3969.70000 296.15
3969.80000 285.05
3969.90000 278.94
3970.00000 280.61
3970.10000 284.45
3970.20000 279.35
3970.30000 283.44
3970.40000 285.84
3970.50000 278.59
3970.60000 284.96
3970.70000 279.59
3970.80000 287.25
3970.90000 287.56
3971.00000 286.16
3971.10000 287.50
3971.20000 288.62
3971.30000 294.61
3971.40000 296.63
3971.50000 290.32
3971.60000 288.39
3971.70000 288.90
3971.80000 294.34
3971.90000 295.03
3972.00000 292.74
3972.10000 298.78
3972.20000 299.98
3972.30000 299.50
3972.40000 302.00
3972.50000 295.50
3972.60000 293.18
3972.70000 289.90
3972.80000 291.48
3972.90000 286.46
3973.00000 285.78
3973.10000 284.65
3973.20000 284.90
3973.30000 285.80
3973.40000 286.73
3973.50000 296.39
3973.60000 287.89
3973.70000 291.96
3973.80000 288.96
3973.90000 287.86
3974.00000 291.86
3974.10000 296.80
3974.20000 289.68
3974.30000 289.18
3974.40000 289.50
3974.50000 285.89
3974.60000 288.12
3974.70000 287.86
3974.80000 284.83
3974.90000 295.90
3975.00000 293.24
3975.10000 298.89
3975.20000 286.27
3975.30000 302.98
3975.40000 297.32
3975.50000 302.13
3975.60000 299.37
3975.70000 307.16
3975.80000 307.60
3975.90000 298.94
3976.00000 306.96
3976.10000 310.14
3976.20000 310.38
3976.30000 309.05
3976.40000 310.65
3976.50000 322.40
3976.60000 307.13
3976.70000 309.40
3976.80000 314.79
3976.90000 313.58
3977.00000 316.48
3977.10000 310.78
3977.20000 311.26
3977.30000 316.04
3977.40000 307.79
3977.50000 309.29
3977.60000 312.62
3977.70000 313.71
3977.80000 315.78
3977.90000 316.92
3978.00000 316.55
3978.10000 315.76
3978.20000 314.20
3978.30000 319.43
3978.40000 315.17
3978.50000 319.67
3978.60000 313.23
3978.70000 309.26
3978.80000 317.75
3978.90000 315.17
3979.00000 320.97
3979.10000 319.31
3979.20000 322.95
3979.30000 321.01
3979.40000 323.43
3979.50000 315.36
3979.60000 324.73
3979.70000 330.19
3979.80000 320.19
3979.90000 325.93
3980.00000 324.35
3980.10000 330.01
3980.20000 326.08
3980.30000 321.95
3980.40000 322.01
3980.50000 330.58
3980.60000 336.55
3980.70000 334.66
3980.80000 327.98
3980.90000 322.72
3981.00000 332.70
3981.10000 328.59
3981.20000 331.99
3981.30000 334.98
3981.40000 334.00
3981.50000 331.02
3981.60000 327.14
3981.70000 333.84
3981.80000 331.87
3981.90000 330.74
3982.00000 332.34
3982.10000 329.45
3982.20000 323.30
3982.30000 332.83
3982.40000 331.74
3982.50000 327.25
3982.60000 334.13
3982.70000 333.23
3982.80000 328.55
3982.90000 324.71
3983.00000 338.18
3983.10000 332.30
3983.20000 331.47
3983.30000 333.07
3983.40000 330.28
3983.50000 336.79
3983.60000 329.88
3983.70000 339.65
3983.80000 332.23
3983.90000 329.84
3984.00000 342.51
3984.10000 336.22
3984.20000 334.62
3984.30000 337.05
3984.40000 330.34
3984.50000 340.53
3984.60000 346.98
3984.70000 345.40
3984.80000 339.10
3984.90000 342.06
3985.00000 344.64
3985.10000 339.59
3985.20000 336.24
3985.30000 347.08
3985.40000 343.70
3985.50000 334.17
3985.60000 330.86
3985.70000 337.10
3985.80000 344.37
3985.90000 348.15
3986.00000 352.68
3986.10000 349.99
3986.20000 339.24
3986.30000 347.42
3986.40000 347.55
3986.50000 343.60
3986.60000 346.45
3986.70000 348.24
3986.80000 352.05
3986.90000 349.37
3987.00000 341.68
3987.10000 362.06
3987.20000 342.36
3987.30000 354.94
3987.40000 348.50
3987.50000 343.09
3987.60000 354.54
3987.70000 347.93
3987.80000 349.41
3987.90000 343.42
3988.00000 349.13
3988.10000 344.57
3988.20000 344.85
3988.30000 338.42
3988.40000 351.68
3988.50000 347.54
3988.60000 352.36
3988.70000 346.42
3988.80000 347.22
3988.90000 350.02
3989.00000 347.78
3989.10000 346.70
3989.20000 345.82
3989.30000 355.00
3989.40000 353.08
3989.50000 354.26
3989.60000 352.46
3989.70000 344.90
3989.80000 352.94
3989.90000 354.43
3990.00000 358.28
3990.10000 362.99
3990.20000 347.87
3990.30000 351.34
3990.40000 349.77
3990.50000 350.51
3990.60000 349.36
3990.70000 357.97
3990.80000 357.83
3990.90000 356.09
3991.00000 356.74
3991.10000 351.65
3991.20000 347.79
3991.30000 346.09
3991.40000 355.78
3991.50000 349.21
3991.60000 350.04
3991.70000 356.31
3991.80000 353.46
3991.90000 354.80
3992.00000 352.55
3992.10000 350.05
3992.20000 353.56
3992.30000 351.44
3992.40000 344.81
3992.50000 348.80
3992.60000 353.08
3992.70000 351.53
3992.80000 355.63
3992.90000 351.53
3993.00000 350.81
3993.10000 350.12
3993.20000 341.07
3993.30000 355.03
3993.40000 352.19
3993.50000 350.99
3993.60000 358.64
3993.70000 354.17
3993.80000 352.95
3993.90000 353.08
3994.00000 357.74
3994.10000 360.77
3994.20000 354.46
3994.30000 377.58
3994.40000 353.57
3994.50000 354.24
3994.60000 357.69
3994.70000 353.66
3994.80000 366.18
3994.90000 358.95
3995.00000 355.37
3995.10000 357.16
3995.20000 355.62
3995.30000 354.55
3995.40000 355.99
3995.50000 346.21
3995.60000 354.82
3995.70000 355.30
3995.80000 352.98
3995.90000 360.06
3996.00000 367.98
3996.10000 362.21
3996.20000 364.14
3996.30000 363.29
3996.40000 355.48
3996.50000 356.08
3996.60000 354.74
3996.70000 354.36
3996.80000 359.96
3996.90000 358.09
3997.00000 353.44
3997.10000 364.72
3997.20000 365.20
3997.30000 358.31
3997.40000 358.43
3997.50000 355.06
3997.60000 366.24
3997.70000 360.45
3997.80000 362.32
3997.90000 359.41
3998.00000 365.42
3998.10000 359.12
3998.20000 359.53
3998.30000 355.19
3998.40000 360.26
3998.50000 367.20
3998.60000 369.35
3998.70000 365.95
3998.80000 368.85
3998.90000 369.88
3999.00000 372.51
3999.10000 364.40
3999.20000 364.20
3999.30000 370.01
3999.40000 367.11
3999.50000 372.35
3999.60000 369.94
3999.70000 367.96
3999.80000 367.51
3999.90000 370.35
4000.00000 375.41
4000.10000 377.72
4000.20000 367.11
4000.30000 371.12
4000.40000 363.94
4000.50000 373.06
4000.60000 372.69
4000.70000 371.04
4000.80000 371.33
4000.90000 376.93
4001.00000 371.77
4001.10000 373.35
4001.20000 371.67
4001.30000 373.45
4001.40000 378.44
4001.50000 378.06
4001.60000 375.09
4001.70000 372.45
4001.80000 373.73
4001.90000 371.10
4002.00000 374.06
4002.10000 373.92
4002.20000 381.71
4002.30000 373.47
4002.40000 373.09
4002.50000 380.09
4002.60000 379.74
4002.70000 376.51
4002.80000 376.04
4002.90000 375.55
4003.00000 375.39
4003.10000 374.24
4003.20000 376.62
4003.30000 379.38
4003.40000 384.75
4003.50000 380.61
4003.60000 379.48
4003.70000 377.69
4003.80000 380.61
4003.90000 377.61
4004.00000 382.75
4004.10000 378.41
4004.20000 374.31
4004.30000 380.52
4004.40000 376.99
4004.50000 383.23
4004.60000 378.18
4004.70000 372.15
4004.80000 371.48
4004.90000 376.49
4005.00000 377.97
4005.10000 375.62
4005.20000 379.29
4005.30000 380.11
4005.40000 368.52
4005.50000 377.21
4005.60000 373.24
4005.70000 370.57
4005.80000 374.83
4005.90000 386.61
4006.00000 367.06
4006.10000 375.98
4006.20000 375.00
4006.30000 365.84
4006.40000 373.28
4006.50000 369.19
4006.60000 369.57
4006.70000 377.44
4006.80000 373.99
4006.90000 376.03
4007.00000 368.14
4007.10000 372.87
4007.20000 376.32
4007.30000 360.47
4007.40000 373.23
4007.50000 368.88
4007.60000 373.38
4007.70000 375.71
4007.80000 364.12
4007.90000 371.15
4008.00000 367.22
4008.10000 374.59
4008.20000 372.70
4008.30000 372.14
4008.40000 373.63
4008.50000 363.49
4008.60000 371.12
4008.70000 374.45
4008.80000 374.27
4008.90000 368.88
4009.00000 369.09
4009.10000 374.19
4009.20000 368.35
4009.30000 366.86
4009.40000 374.58
4009.50000 374.40
4009.60000 375.67
4009.70000 372.01
4009.80000 365.50
4009.90000 364.61
4010.00000 367.89
4010.10000 367.56
4010.20000 373.35
4010.30000 365.66
4010.40000 378.60
4010.50000 374.58
4010.60000 372.39
4010.70000 371.45
4010.80000 375.73
4010.90000 371.39
4011.00000 374.52
4011.10000 372.61
4011.20000 373.75
4011.30000 380.91
4011.40000 376.08
4011.50000 372.06
4011.60000 383.29
4011.70000 374.29
4011.80000 381.30
4011.90000 380.19
4012.00000 383.57
4012.10000 386.56
4012.20000 388.67
4012.30000 379.85
4012.40000 382.71
4012.50000 376.24
4012.60000 381.21
4012.70000 378.85
4012.80000 386.57
4012.90000 387.44
4013.00000 381.82
4013.10000 388.16
4013.20000 384.14
4013.30000 385.42
4013.40000 393.71
4013.50000 387.03
4013.60000 384.34
4013.70000 382.56
4013.80000 392.46
4013.90000 389.42
4014.00000 384.55
4014.10000 400.89
4014.20000 395.59
4014.30000 394.61
4014.40000 397.82
4014.50000 392.27
4014.60000 395.22
4014.70000 388.14
4014.80000 394.90
4014.90000 395.84
4015.00000 398.79
4015.10000 392.54
4015.20000 394.21
4015.30000 398.28
4015.40000 406.00
4015.50000 398.31
4015.60000 387.48
4015.70000 399.40
4015.80000 394.17
4015.90000 403.73
4016.00000 390.80
4016.10000 396.05
4016.20000 405.40
4016.30000 401.60
4016.40000 404.33
4016.50000 410.73
4016.60000 404.06
4016.70000 406.62
4016.80000 400.13
4016.90000 399.54
4017.00000 401.86
4017.10000 401.81
4017.20000 404.30
4017.30000 406.39
4017.40000 405.23
4017.50000 403.67
4017.60000 396.79
4017.70000 386.75
4017.80000 409.09
4017.90000 402.16
4018.00000 403.35
4018.10000 400.36
4018.20000 405.00
4018.30000 402.64
4018.40000 395.39
4018.50000 402.33
4018.60000 398.07
4018.70000 402.39
4018.80000 404.78
4018.90000 398.31
4019.00000 411.14
4019.10000 408.26
4019.20000 407.65
4019.30000 388.34
4019.40000 401.19
4019.50000 408.52
4019.60000 399.15
4019.70000 405.89
4019.80000 396.07
4019.90000 400.99
4020.00000 416.06
4020.10000 403.31
4020.20000 404.94
4020.30000 406.80
4020.40000 402.72
4020.50000 405.20
4020.60000 408.42
4020.70000 397.79
4020.80000 402.97
4020.90000 397.48
4021.00000 397.24
4021.10000 404.88
4021.20000 401.27
4021.30000 384.41
4021.40000 394.76
4021.50000 394.15
4021.60000 403.01
4021.70000 407.44
4021.80000 388.37
4021.90000 399.91
4022.00000 390.32
4022.10000 396.28
4022.20000 396.77
4022.30000 397.25
4022.40000 395.91
4022.50000 392.80
4022.60000 391.78
4022.70000 386.10
4022.80000 394.72
4022.90000 407.18
4023.00000 398.26
4023.10000 389.81
4023.20000 390.28
4023.30000 385.62
4023.40000 393.79
4023.50000 393.69
4023.60000 394.15
4023.70000 406.54
4023.80000 397.48
4023.90000 396.25
4024.00000 395.83
4024.10000 384.49
4024.20000 389.05
4024.30000 394.01
4024.40000 387.78
4024.50000 395.95
4024.60000 382.37
4024.70000 395.70
4024.80000 393.43
4024.90000 393.90
4025.00000 383.59
4025.10000 387.56
4025.20000 385.15
4025.30000 394.37
4025.40000 389.69
4025.50000 384.83
4025.60000 389.87
4025.70000 389.51
4025.80000 396.07
4025.90000 393.49
4026.00000 387.78
4026.10000 387.61
4026.20000 389.27
4026.30000 389.74
4026.40000 387.09
4026.50000 391.15
4026.60000 388.25
4026.70000 389.62
4026.80000 391.04
4026.90000 390.62
4027.00000 384.21
4027.10000 394.30
4027.20000 385.56
4027.30000 394.16
4027.40000 399.27
4027.50000 404.80
4027.60000 396.65
4027.70000 431.51
4027.80000 397.82
4027.90000 398.97
4028.00000 407.46
4028.10000 398.75
4028.20000 406.42
4028.30000 400.36
4028.40000 394.08
4028.50000 403.33
4028.60000 417.03
4028.70000 395.85
4028.80000 405.52
4028.90000 406.64
4029.00000 392.21
4029.10000 407.41
4029.20000 403.46
4029.30000 401.06
4029.40000 407.45
4029.50000 411.17
4029.60000 406.78
4029.70000 408.73
4029.80000 409.69
4029.90000 403.49
4030.00000 421.51
4030.10000 410.35
4030.20000 418.53
4030.30000 397.54
4030.40000 414.69
4030.50000 418.40
4030.60000 411.08
4030.70000 418.63
4030.80000 420.54
4030.90000 423.80
4031.00000 415.41
4031.10000 418.44
4031.20000 417.12
4031.30000 413.33
4031.40000 410.64
4031.50000 423.78
4031.60000 431.19
4031.70000 411.70
4031.80000 421.73
4031.90000 424.48
4032.00000 428.48
4032.10000 416.28
4032.20000 425.33
4032.30000 431.17
4032.40000 418.71
4032.50000 425.20
4032.60000 433.67
4032.70000 456.79
4032.80000 421.03
4032.90000 425.93
4033.00000 440.97
4033.10000 425.70
4033.20000 417.47
4033.30000 425.26
4033.40000 425.95
4033.50000 428.52
4033.60000 425.66
4033.70000 423.66
4033.80000 424.55
4033.90000 430.56
4034.00000 427.76
4034.10000 431.85
4034.20000 423.79
4034.30000 425.22
4034.40000 434.31
4034.50000 430.22
4034.60000 426.36
4034.70000 420.89
4034.80000 425.90
4034.90000 429.64
4035.00000 427.72
4035.10000 429.20
4035.20000 431.95
4035.30000 424.52
4035.40000 426.61
4035.50000 430.81
4035.60000 425.09
4035.70000 426.93
4035.80000 425.46
4035.90000 430.43
4036.00000 423.08
4036.10000 422.08
4036.20000 424.39
4036.30000 425.99
4036.40000 424.42
4036.50000 427.31
4036.60000 424.78
4036.70000 422.88
4036.80000 432.38
4036.90000 428.65
4037.00000 431.01
4037.10000 429.19
4037.20000 423.90
4037.30000 427.48
4037.40000 427.46
4037.50000 427.34
4037.60000 434.93
4037.70000 425.60
4037.80000 430.96
4037.90000 426.26
4038.00000 431.95
4038.10000 418.88
4038.20000 427.86
4038.30000 423.96
4038.40000 432.95
4038.50000 426.44
4038.60000 433.78
4038.70000 429.07
4038.80000 430.14
4038.90000 432.77
4039.00000 429.34
4039.10000 421.33
4039.20000 433.55
4039.30000 429.70
4039.40000 422.19
4039.50000 431.94
4039.60000 424.80
4039.70000 424.31
4039.80000 430.11
4039.90000 433.00
4040.00000 427.98
4040.10000 439.40
4040.20000 434.07
4040.30000 434.65
4040.40000 423.00
4040.50000 431.40
4040.60000 436.19
4040.70000 425.37
4040.80000 428.14
4040.90000 431.07
4041.00000 428.64
4041.10000 427.94
4041.20000 431.30
4041.30000 429.30
4041.40000 436.74
4041.50000 432.42
4041.60000 429.97
4041.70000 425.08
4041.80000 441.81
4041.90000 437.25
4042.00000 430.38
4042.10000 430.18
4042.20000 443.02
4042.30000 437.58
4042.40000 430.40
4042.50000 441.43
4042.60000 437.61
4042.70000 438.82
4042.80000 438.53
4042.90000 432.58
4043.00000 438.03
4043.10000 434.57
4043.20000 432.56
4043.30000 440.86
4043.40000 432.11
4043.50000 435.15
4043.60000 436.82
4043.70000 439.23
4043.80000 437.98
4043.90000 438.11
4044.00000 435.76
4044.10000 440.77
4044.20000 441.49
4044.30000 438.45
4044.40000 435.39
4044.50000 434.10
4044.60000 436.98
4044.70000 443.62
4044.80000 444.64
4044.90000 437.11
4045.00000 439.92
4045.10000 446.49
4045.20000 448.42
4045.30000 443.49
4045.40000 444.71
4045.50000 445.49
4045.60000 449.57
4045.70000 438.83
4045.80000 432.61
4045.90000 441.04
4046.00000 442.39
4046.10000 438.45
4046.20000 444.25
4046.30000 450.21
4046.40000 440.41
4046.50000 447.81
4046.60000 439.67
4046.70000 447.49
4046.80000 439.92
4046.90000 448.76
4047.00000 444.74
4047.10000 444.00
4047.20000 454.86
4047.30000 446.22
4047.40000 451.11
4047.50000 442.53
4047.60000 444.01
4047.70000 447.05
4047.80000 445.14
4047.90000 440.39
4048.00000 451.78
4048.10000 441.27
4048.20000 450.22
4048.30000 448.13
4048.40000 446.72
4048.50000 448.14
4048.60000 447.06
4048.70000 454.87
4048.80000 449.52
4048.90000 451.22
4049.00000 450.07
4049.10000 455.59
4049.20000 448.61
4049.30000 454.35
4049.40000 454.29
4049.50000 454.31
4049.60000 451.36
4049.70000 452.36
4049.80000 446.11
4049.90000 448.80
4050.00000 452.05
4050.10000 455.07
4050.20000 448.75
4050.30000 451.77
4050.40000 455.91
4050.50000 455.30
4050.60000 454.28
4050.70000 451.72
4050.80000 446.36
4050.90000 448.57
4051.00000 455.81
4051.10000 453.62
4051.20000 456.78
4051.30000 459.33
4051.40000 457.93
4051.50000 452.51
4051.60000 457.04
4051.70000 457.43
4051.80000 456.83
4051.90000 455.89
4052.00000 458.04
4052.10000 446.98
4052.20000 460.38
4052.30000 451.45
4052.40000 457.73
4052.50000 461.04
4052.60000 462.91
4052.70000 459.53
4052.80000 457.85
4052.90000 459.17
4053.00000 460.41
4053.10000 452.73
4053.20000 462.41
4053.30000 462.84
4053.40000 454.65
4053.50000 462.87
4053.60000 464.89
4053.70000 459.87
4053.80000 459.67
4053.90000 460.57
4054.00000 460.27
4054.10000 456.40
4054.20000 453.95
4054.30000 460.04
4054.40000 458.88
4054.50000 463.52
4054.60000 461.04
4054.70000 461.44
4054.80000 463.16
4054.90000 466.17
4055.00000 464.88
4055.10000 464.23
4055.20000 460.50
4055.30000 467.90
4055.40000 458.08
4055.50000 462.54
4055.60000 450.23
4055.70000 462.57
4055.80000 464.88
4055.90000 466.54
4056.00000 467.36
4056.10000 467.33
4056.20000 465.96
4056.30000 461.94
4056.40000 465.48
4056.50000 464.49
4056.60000 467.10
4056.70000 469.83
4056.80000 465.25
4056.90000 462.25
4057.00000 465.01
4057.10000 464.44
4057.20000 470.04
4057.30000 456.40
4057.40000 465.87
4057.50000 455.97
4057.60000 463.01
4057.70000 461.01
4057.80000 471.37
4057.90000 454.83
4058.00000 454.92
4058.10000 467.14
4058.20000 456.95
4058.30000 449.28
4058.40000 462.75
4058.50000 461.79
4058.60000 464.72
4058.70000 459.42
4058.80000 460.05
4058.90000 461.45
4059.00000 458.73
4059.10000 464.38
4059.20000 458.96
4059.30000 463.73
4059.40000 457.61
4059.50000 451.37
4059.60000 463.49
4059.70000 462.67
4059.80000 465.88
4059.90000 461.68
4060.00000 460.55
4060.10000 462.21
4060.20000 457.87
4060.30000 465.96
4060.40000 465.48
4060.50000 452.64
4060.60000 458.69
4060.70000 463.49
4060.80000 462.24
4060.90000 463.46
4061.00000 467.50
4061.10000 466.24
4061.20000 464.10
4061.30000 461.97
4061.40000 468.69
4061.50000 465.77
4061.60000 460.21
4061.70000 457.33
4061.80000 465.00
4061.90000 461.33
4062.00000 467.38
4062.10000 467.46
4062.20000 467.18
4062.30000 468.53
4062.40000 467.85
4062.50000 458.51
4062.60000 466.97
4062.70000 460.60
4062.80000 464.71
4062.90000 459.99
4063.00000 462.90
4063.10000 450.25
4063.20000 461.38
4063.30000 461.56
4063.40000 456.06
4063.50000 461.57
4063.60000 456.33
4063.70000 474.67
4063.80000 461.61
4063.90000 466.05
4064.00000 463.14
4064.10000 460.66
4064.20000 471.80
4064.30000 459.45
4064.40000 466.50
4064.50000 466.81
4064.60000 475.12
4064.70000 470.00
4064.80000 471.21
4064.90000 457.52
4065.00000 466.10
4065.10000 477.22
4065.20000 471.90
4065.30000 471.68
4065.40000 479.20
4065.50000 468.12
4065.60000 469.52
4065.70000 472.45
4065.80000 474.25
4065.90000 463.71
4066.00000 468.33
4066.10000 466.39
4066.20000 472.31
4066.30000 471.63
4066.40000 462.62
4066.50000 471.70
4066.60000 466.93
4066.70000 473.83
4066.80000 469.67
4066.90000 472.59
4067.00000 466.11
4067.10000 462.32
4067.20000 469.56
4067.30000 460.48
4067.40000 466.57
4067.50000 457.33
4067.60000 465.33
4067.70000 466.36
4067.80000 462.89
4067.90000 462.03
4068.00000 459.21
4068.10000 456.88
4068.20000 462.57
4068.30000 464.28
4068.40000 461.27
4068.50000 453.01
4068.60000 463.93
4068.70000 463.31
4068.80000 463.57
4068.90000 471.13
4069.00000 466.13
4069.10000 468.00
4069.20000 465.89
4069.30000 469.06
4069.40000 461.68
4069.50000 457.08
4069.60000 455.84
4069.70000 453.28
4069.80000 468.94
4069.90000 464.03
4070.00000 463.46
4070.10000 458.62
4070.20000 458.67
4070.30000 464.37
4070.40000 454.45
4070.50000 466.05
4070.60000 459.82
4070.70000 453.06
4070.80000 449.54
4070.90000 453.26
4071.00000 450.22
4071.10000 457.80
4071.20000 449.27
4071.30000 454.38
4071.40000 457.98
4071.50000 449.85
4071.60000 451.95
4071.70000 456.00
4071.80000 454.87
4071.90000 455.84
4072.00000 451.34
4072.10000 452.43
4072.20000 456.18
4072.30000 450.88
4072.40000 452.32
4072.50000 456.96
4072.60000 467.08
4072.70000 455.06
4072.80000 463.53
4072.90000 450.71
4073.00000 455.81
4073.10000 457.38
4073.20000 458.00
4073.30000 472.77
4073.40000 448.98
4073.50000 443.92
4073.60000 455.09
4073.70000 461.83
4073.80000 455.17
4073.90000 464.61
4074.00000 454.75
4074.10000 450.31
4074.20000 447.02
4074.30000 457.11
4074.40000 459.60
4074.50000 462.05
4074.60000 510.85
4074.70000 480.50
4074.80000 455.69
4074.90000 460.05
4075.00000 457.57
4075.10000 459.74
4075.20000 462.04
4075.30000 462.80
4075.40000 471.43
4075.50000 464.28
4075.60000 457.41
4075.70000 462.03
4075.80000 458.42
4075.90000 458.95
4076.00000 473.92
4076.10000 462.18
4076.20000 467.26
4076.30000 461.19
4076.40000 465.65
4076.50000 468.90
4076.60000 467.54
4076.70000 461.84
4076.80000 468.93
4076.90000 476.08
4077.00000 461.78
4077.10000 468.48
4077.20000 462.09
4077.30000 465.73
4077.40000 467.56
4077.50000 473.09
4077.60000 468.83
4077.70000 470.25
4077.80000 469.69
4077.90000 469.08
4078.00000 478.94
4078.10000 468.61
4078.20000 469.90
4078.30000 471.60
4078.40000 470.10
4078.50000 476.72
4078.60000 475.77
4078.70000 478.30
4078.80000 469.28
4078.90000 474.42
4079.00000 477.49
4079.10000 482.71
4079.20000 477.44
4079.30000 480.22
4079.40000 479.92
4079.50000 488.05
4079.60000 488.14
4079.70000 481.56
4079.80000 472.27
4079.90000 479.90
4080.00000 486.81
4080.10000 476.85
4080.20000 478.99
4080.30000 484.15
4080.40000 481.84
4080.50000 481.06
4080.60000 482.66
4080.70000 469.62
4080.80000 476.25
4080.90000 471.75
4081.00000 484.66
4081.10000 475.97
4081.20000 479.70
4081.30000 483.32
4081.40000 477.83
4081.50000 483.10
4081.60000 469.22
4081.70000 478.49
4081.80000 477.84
4081.90000 483.30
4082.00000 491.32
4082.10000 485.10
4082.20000 481.56
4082.30000 486.05
4082.40000 482.10
4082.50000 489.56
4082.60000 481.00
4082.70000 484.00
4082.80000 482.74
4082.90000 482.25
4083.00000 481.83
4083.10000 481.10
4083.20000 480.91
4083.30000 475.12
4083.40000 488.34
4083.50000 487.57
4083.60000 471.85
4083.70000 482.03
4083.80000 482.75
4083.90000 482.98
4084.00000 481.19
4084.10000 489.52
4084.20000 485.69
4084.30000 478.05
4084.40000 486.34
4084.50000 476.04
4084.60000 473.51
4084.70000 479.93
4084.80000 480.83
4084.90000 485.79
4085.00000 478.98
4085.10000 481.70
4085.20000 480.18
4085.30000 479.84
4085.40000 478.05
4085.50000 483.82
4085.60000 469.72
4085.70000 477.16
4085.80000 481.81
4085.90000 463.39
4086.00000 484.92
4086.10000 475.62
4086.20000 469.12
4086.30000 477.05
4086.40000 473.17
4086.50000 472.83
4086.60000 472.29
4086.70000 473.10
4086.80000 479.72
4086.90000 470.62
4087.00000 478.67
4087.10000 474.26
4087.20000 462.88
4087.30000 477.98
4087.40000 471.89
4087.50000 476.21
4087.60000 475.17
4087.70000 481.71
4087.80000 475.91
4087.90000 470.80
4088.00000 470.11
4088.10000 461.49
4088.20000 473.44
4088.30000 474.09
4088.40000 468.18
4088.50000 469.33
4088.60000 472.16
4088.70000 475.46
4088.80000 480.01
4088.90000 471.03
4089.00000 480.85
4089.10000 471.50
4089.20000 477.48
4089.30000 466.75
4089.40000 474.84
4089.50000 467.48
4089.60000 465.74
4089.70000 466.37
4089.80000 480.98
4089.90000 477.28
4090.00000 472.95
4090.10000 470.09
4090.20000 461.99
4090.30000 466.76
4090.40000 472.60
4090.50000 482.96
4090.60000 483.04
4090.70000 471.84
4090.80000 475.92
4090.90000 481.99
4091.00000 481.80
4091.10000 481.15
4091.20000 479.58
4091.30000 471.65
4091.40000 477.07
4091.50000 467.94
4091.60000 472.08
4091.70000 476.60
4091.80000 479.32
4091.90000 475.85
4092.00000 479.48
4092.10000 471.35
4092.20000 474.30
4092.30000 480.82
4092.40000 477.85
4092.50000 483.08
4092.60000 479.53
4092.70000 480.43
4092.80000 482.23
4092.90000 482.09
4093.00000 485.82
4093.10000 489.54
4093.20000 478.06
4093.30000 479.27
4093.40000 480.99
4093.50000 475.73
4093.60000 471.39
4093.70000 479.21
4093.80000 477.03
4093.90000 481.51
4094.00000 475.53
4094.10000 477.29
4094.20000 481.37
4094.30000 482.44
4094.40000 486.19
4094.50000 485.74
4094.60000 488.88
4094.70000 477.44
4094.80000 485.11
4094.90000 474.36
4095.00000 473.30
4095.10000 483.18
4095.20000 470.86
4095.30000 485.29
4095.40000 476.87
4095.50000 481.14
4095.60000 476.23
4095.70000 475.86
4095.80000 476.24
4095.90000 471.95
4096.00000 468.36
4096.10000 476.05
4096.20000 472.12
4096.30000 467.66
4096.40000 469.56
4096.50000 470.40
4096.60000 466.79
4096.70000 465.05
4096.80000 458.72
4096.90000 464.14
4097.00000 464.64
4097.10000 458.32
4097.20000 468.01
4097.30000 464.38
4097.40000 459.84
4097.50000 459.31
4097.60000 455.44
4097.70000 453.84
4097.80000 458.19
4097.90000 451.55
4098.00000 455.56
4098.10000 454.52
4098.20000 458.36
4098.30000 451.10
4098.40000 462.64
4098.50000 457.00
4098.60000 452.97
4098.70000 454.94
4098.80000 457.64
4098.90000 445.01
4099.00000 453.50
4099.10000 451.97
4099.20000 464.06
4099.30000 465.73
4099.40000 461.59
4099.50000 467.22
4099.60000 457.25
4099.70000 462.94
4099.80000 467.90
4099.90000 469.41
4100.00000 478.64
4100.10000 480.42
4100.20000 491.53
4100.30000 500.68
4100.40000 511.89
4100.50000 500.75
4100.60000 521.28
4100.70000 508.74
4100.80000 516.81
4100.90000 521.64
4101.00000 522.70
4101.10000 518.90
4101.20000 499.81
4101.30000 517.28
4101.40000 506.35
4101.50000 498.82
4101.60000 488.66
4101.70000 493.38
4101.80000 495.81
4101.90000 486.73
4102.00000 484.57
4102.10000 477.63
4102.20000 484.43
4102.30000 490.90
4102.40000 487.17
4102.50000 486.74
4102.60000 495.41
4102.70000 480.59
4102.80000 493.78
4102.90000 481.72
4103.00000 489.53
4103.10000 491.92
4103.20000 495.81
4103.30000 501.08
4103.40000 506.05
4103.50000 493.57
4103.60000 502.78
4103.70000 500.07
4103.80000 502.06
4103.90000 509.72
4104.00000 518.96
4104.10000 497.07
4104.20000 497.21
4104.30000 489.73
4104.40000 489.05
4104.50000 480.39
4104.60000 492.90
4104.70000 482.21
4104.80000 474.66
4104.90000 469.97
4105.00000 470.13
4105.10000 466.76
4105.20000 470.59
4105.30000 470.79
4105.40000 464.25
4105.50000 469.08
4105.60000 467.48
4105.70000 468.28
4105.80000 467.65
4105.90000 464.31
4106.00000 464.16
4106.10000 465.84
4106.20000 474.12
4106.30000 468.63
4106.40000 464.43
4106.50000 471.63
4106.60000 471.99
4106.70000 461.57
4106.80000 461.44
4106.90000 474.06
4107.00000 464.13
4107.10000 470.98
4107.20000 475.32
4107.30000 478.17
4107.40000 479.41
4107.50000 485.06
4107.60000 476.53
4107.70000 481.85
4107.80000 481.28
4107.90000 489.66
4108.00000 488.28
4108.10000 485.26
4108.20000 480.59
4108.30000 485.17
4108.40000 491.49
4108.50000 493.75
4108.60000 494.06
4108.70000 481.96
4108.80000 510.76
4108.90000 496.55
4109.00000 502.39
4109.10000 499.44
4109.20000 490.25
4109.30000 494.66
4109.40000 508.47
4109.50000 499.95
4109.60000 493.89
4109.70000 500.77
4109.80000 504.16
4109.90000 504.79
4110.00000 501.35
4110.10000 500.12
4110.20000 495.25
4110.30000 501.40
4110.40000 507.97
4110.50000 501.75
4110.60000 496.62
4110.70000 509.45
4110.80000 498.84
4110.90000 500.67
4111.00000 503.89
4111.10000 498.63
4111.20000 502.26
4111.30000 518.88
4111.40000 507.15
4111.50000 495.39
4111.60000 506.61
4111.70000 508.92
4111.80000 511.70
4111.90000 505.01
4112.00000 508.77
4112.10000 503.58
4112.20000 514.71
4112.30000 500.80
4112.40000 509.30
4112.50000 502.08
4112.60000 511.19
4112.70000 517.22
4112.80000 512.66
4112.90000 511.57
4113.00000 514.81
4113.10000 513.37
4113.20000 509.13
4113.30000 506.02
4113.40000 505.79
4113.50000 503.90
4113.60000 509.27
4113.70000 497.60
4113.80000 498.71
4113.90000 505.93
4114.00000 504.75
4114.10000 501.92
4114.20000 494.77
4114.30000 496.16
4114.40000 496.40
4114.50000 506.94
4114.60000 504.13
4114.70000 502.69
4114.80000 497.19
4114.90000 504.76
4115.00000 509.87
4115.10000 508.73
4115.20000 503.90
4115.30000 501.53
4115.40000 501.62
4115.50000 512.82
4115.60000 506.49
4115.70000 502.59
4115.80000 505.06
4115.90000 493.94
4116.00000 504.65
4116.10000 497.51
4116.20000 505.97
4116.30000 502.61
4116.40000 498.73
4116.50000 498.41
4116.60000 500.24
4116.70000 499.58
4116.80000 499.01
4116.90000 498.80
4117.00000 501.64
4117.10000 497.21
4117.20000 509.07
4117.30000 505.01
4117.40000 500.25
4117.50000 502.71
4117.60000 496.13
4117.70000 502.07
4117.80000 499.02
4117.90000 499.08
4118.00000 495.59
4118.10000 492.33
4118.20000 499.16
4118.30000 496.78
4118.40000 496.47
4118.50000 502.59
4118.60000 508.52
4118.70000 498.77
4118.80000 499.73
4118.90000 505.13
4119.00000 507.82
4119.10000 501.04
4119.20000 495.61
4119.30000 499.58
4119.40000 496.95
4119.50000 507.00
4119.60000 508.05
4119.70000 501.22
4119.80000 509.61
4119.90000 496.05
4120.00000 499.32
4120.10000 507.51
4120.20000 499.25
4120.30000 501.65
4120.40000 497.02
4120.50000 509.29
4120.60000 503.26
4120.70000 501.40
4120.80000 512.99
4120.90000 527.55
4121.00000 508.32
4121.10000 503.47
4121.20000 511.87
4121.30000 518.35
4121.40000 518.98
4121.50000 518.61
4121.60000 524.17
4121.70000 503.54
4121.80000 524.10
4121.90000 518.79
4122.00000 507.35
4122.10000 518.89
4122.20000 518.84
4122.30000 529.54
4122.40000 516.24
4122.50000 520.14
4122.60000 519.94
4122.70000 522.89
4122.80000 521.27
4122.90000 509.89
4123.00000 514.15
4123.10000 528.96
4123.20000 527.69
4123.30000 509.39
4123.40000 519.27
4123.50000 523.60
4123.60000 519.27
4123.70000 516.67
4123.80000 522.99
4123.90000 523.23
4124.00000 537.04
4124.10000 538.56
4124.20000 538.91
4124.30000 529.95
4124.40000 528.79
4124.50000 539.58
4124.60000 540.88
4124.70000 540.39
4124.80000 538.61
4124.90000 539.72
4125.00000 553.37
4125.10000 542.77
4125.20000 539.39
4125.30000 539.62
4125.40000 548.28
4125.50000 548.79
4125.60000 547.58
4125.70000 534.32
4125.80000 548.58
4125.90000 540.04
4126.00000 543.89
4126.10000 550.66
4126.20000 548.25
4126.30000 549.14
4126.40000 541.46
4126.50000 543.41
4126.60000 558.20
4126.70000 555.39
4126.80000 553.76
4126.90000 541.98
4127.00000 557.88
4127.10000 556.48
4127.20000 546.44
4127.30000 554.07
4127.40000 559.78
4127.50000 559.12
4127.60000 551.15
4127.70000 558.21
4127.80000 553.24
4127.90000 554.71
4128.00000 551.54
4128.10000 543.91
4128.20000 546.77
4128.30000 546.76
4128.40000 550.33
4128.50000 557.14
4128.60000 550.38
4128.70000 546.30
4128.80000 553.22
4128.90000 549.19
4129.00000 556.41
4129.10000 552.81
4129.20000 551.74
4129.30000 555.60
4129.40000 556.17
4129.50000 550.82
4129.60000 551.42
4129.70000 556.81
4129.80000 558.94
4129.90000 559.88
4130.00000 560.55
4130.10000 555.79
4130.20000 555.58
4130.30000 554.30
4130.40000 554.80
4130.50000 557.67
4130.60000 548.26
4130.70000 555.50
4130.80000 556.41
4130.90000 554.80
4131.00000 551.53
4131.10000 544.83
4131.20000 544.25
4131.30000 544.88
4131.40000 559.26
4131.50000 552.28
4131.60000 550.35
4131.70000 548.81
4131.80000 554.95
4131.90000 546.16
4132.00000 547.52
4132.10000 548.68
4132.20000 548.14
4132.30000 546.00
4132.40000 542.45
4132.50000 542.57
4132.60000 550.00
4132.70000 546.22
4132.80000 553.89
4132.90000 545.44
4133.00000 550.56
4133.10000 543.89
4133.20000 539.79
4133.30000 544.87
4133.40000 550.29
4133.50000 549.13
4133.60000 541.10
4133.70000 546.88
4133.80000 550.10
4133.90000 543.66
4134.00000 541.48
4134.10000 543.95
4134.20000 548.30
4134.30000 546.49
4134.40000 541.36
4134.50000 547.87
4134.60000 541.60
4134.70000 543.11
4134.80000 548.64
4134.90000 542.91
4135.00000 547.66
4135.10000 547.08
4135.20000 548.60
4135.30000 540.75
4135.40000 540.68
4135.50000 548.25
4135.60000 540.58
4135.70000 546.01
4135.80000 552.20
4135.90000 556.43
4136.00000 546.25
4136.10000 543.72
4136.20000 539.73
4136.30000 536.96
4136.40000 543.15
4136.50000 543.96
4136.60000 550.70
4136.70000 545.32
4136.80000 545.18
4136.90000 540.49
4137.00000 549.33
4137.10000 545.37
4137.20000 542.46
4137.30000 542.79
4137.40000 534.21
4137.50000 546.73
4137.60000 542.75
4137.70000 547.38
4137.80000 539.65
4137.90000 546.17
4138.00000 542.41
4138.10000 556.91
4138.20000 549.11
4138.30000 541.26
4138.40000 541.74
4138.50000 541.75
4138.60000 538.81
4138.70000 548.76
4138.80000 552.06
4138.90000 544.94
4139.00000 539.74
4139.10000 542.12
4139.20000 542.40
4139.30000 545.28
4139.40000 534.95
4139.50000 537.01
4139.60000 539.83
4139.70000 545.38
4139.80000 537.52
4139.90000 538.59
4140.00000 534.00
4140.10000 538.05
4140.20000 537.87
4140.30000 539.07
4140.40000 534.47
4140.50000 542.49
4140.60000 543.11
4140.70000 540.96
4140.80000 525.00
4140.90000 538.13
4141.00000 539.54
4141.10000 538.30
4141.20000 547.52
4141.30000 536.87
4141.40000 535.81
4141.50000 529.28
4141.60000 526.78
4141.70000 535.99
4141.80000 540.55
4141.90000 532.13
4142.00000 530.55
4142.10000 533.59
4142.20000 533.57
4142.30000 529.70
4142.40000 538.25
4142.50000 530.70
4142.60000 531.69
4142.70000 531.79
4142.80000 529.67
4142.90000 525.42
4143.00000 526.11
4143.10000 530.99
4143.20000 525.58
4143.30000 529.24
4143.40000 516.45
4143.50000 528.06
4143.60000 534.30
4143.70000 533.87
4143.80000 525.57
4143.90000 520.68
4144.00000 528.99
4144.10000 525.36
4144.20000 534.82
4144.30000 532.07
4144.40000 526.21
4144.50000 522.72
4144.60000 522.51
4144.70000 528.25
4144.80000 528.82
4144.90000 524.27
4145.00000 532.52
4145.10000 524.52
4145.20000 531.02
4145.30000 535.03
4145.40000 528.14
4145.50000 542.07
4145.60000 530.30
4145.70000 534.58
4145.80000 537.00
4145.90000 532.11
4146.00000 530.63
4146.10000 534.04
4146.20000 534.89
4146.30000 530.83
4146.40000 535.96
4146.50000 543.49
4146.60000 533.07
4146.70000 539.69
4146.80000 541.27
4146.90000 552.15
4147.00000 542.63
4147.10000 537.84
4147.20000 537.66
4147.30000 547.45
4147.40000 543.83
4147.50000 553.56
4147.60000 560.52
4147.70000 549.97
4147.80000 547.98
4147.90000 545.07
4148.00000 549.01
4148.10000 540.68
4148.20000 546.16
4148.30000 541.63
4148.40000 542.85
4148.50000 544.05
4148.60000 550.27
4148.70000 550.78
4148.80000 534.55
4148.90000 551.63
4149.00000 550.71
4149.10000 540.65
4149.20000 549.55
4149.30000 549.92
4149.40000 549.19
4149.50000 550.25
4149.60000 554.79
4149.70000 549.23
4149.80000 549.22
4149.90000 552.42
4150.00000 556.58
4150.10000 553.86
4150.20000 552.45
4150.30000 547.09
4150.40000 556.03
4150.50000 552.77
4150.60000 553.64
4150.70000 552.80
4150.80000 553.71
4150.90000 550.78
4151.00000 571.25
4151.10000 562.43
4151.20000 560.04
4151.30000 555.49
4151.40000 555.08
4151.50000 549.00
4151.60000 555.40
4151.70000 553.51
4151.80000 560.87
4151.90000 556.55
4152.00000 559.23
4152.10000 556.66
4152.20000 562.15
4152.30000 563.49
4152.40000 553.55
4152.50000 561.03
4152.60000 554.80
4152.70000 563.40
4152.80000 554.57
4152.90000 555.79
4153.00000 555.73
4153.10000 558.73
4153.20000 557.84
4153.30000 555.28
4153.40000 561.52
4153.50000 572.84
4153.60000 554.30
4153.70000 548.78
4153.80000 563.19
4153.90000 565.25
4154.00000 556.15
4154.10000 547.68
4154.20000 561.65
4154.30000 556.67
4154.40000 550.71
4154.50000 553.55
4154.60000 559.49
4154.70000 566.86
4154.80000 553.71
4154.90000 557.50
4155.00000 551.68
4155.10000 556.37
4155.20000 554.89
4155.30000 554.18
4155.40000 562.93
4155.50000 552.88
4155.60000 565.46
4155.70000 560.73
4155.80000 559.31
4155.90000 554.49
4156.00000 555.86
4156.10000 559.11
4156.20000 562.45
4156.30000 570.00
4156.40000 568.35
4156.50000 561.72
4156.60000 561.52
4156.70000 564.17
4156.80000 558.28
4156.90000 562.26
4157.00000 563.15
4157.10000 565.35
4157.20000 555.20
4157.30000 560.22
4157.40000 562.43
4157.50000 563.84
4157.60000 564.21
4157.70000 559.47
4157.80000 572.31
4157.90000 571.42
4158.00000 569.06
4158.10000 573.82
4158.20000 562.36
4158.30000 572.29
4158.40000 568.82
4158.50000 562.66
4158.60000 559.16
4158.70000 564.36
4158.80000 568.42
4158.90000 573.69
4159.00000 564.33
4159.10000 560.68
4159.20000 578.42
4159.30000 566.60
4159.40000 575.92
4159.50000 573.29
4159.60000 563.17
4159.70000 564.45
4159.80000 569.62
4159.90000 564.62
4160.00000 566.31
4160.10000 570.33
4160.20000 569.59
4160.30000 578.19
4160.40000 578.06
4160.50000 573.98
4160.60000 579.54
4160.70000 567.83
4160.80000 568.51
4160.90000 572.44
4161.00000 575.76
4161.10000 573.06
4161.20000 570.80
4161.30000 574.34
4161.40000 578.20
4161.50000 578.72
4161.60000 572.11
4161.70000 583.23
4161.80000 579.51
4161.90000 571.79
4162.00000 572.91
4162.10000 573.14
4162.20000 566.73
4162.30000 567.01
4162.40000 568.31
4162.50000 585.57
4162.60000 580.88
4162.70000 575.53
4162.80000 581.20
4162.90000 579.42
4163.00000 576.40
4163.10000 566.08
4163.20000 589.32
4163.30000 578.34
4163.40000 581.08
4163.50000 577.24
4163.60000 568.18
4163.70000 570.97
4163.80000 578.03
4163.90000 576.61
4164.00000 577.41
4164.10000 567.64
4164.20000 569.21
4164.30000 572.19
4164.40000 565.56
4164.50000 576.00
4164.60000 569.80
4164.70000 569.36
4164.80000 569.50
4164.90000 564.69
4165.00000 569.46
4165.10000 582.50
4165.20000 568.23
4165.30000 561.98
4165.40000 579.54
4165.50000 570.25
4165.60000 576.71
4165.70000 569.98
4165.80000 578.00
4165.90000 574.70
4166.00000 569.82
4166.10000 570.51
4166.20000 579.93
4166.30000 574.00
4166.40000 565.11
4166.50000 570.46
4166.60000 570.94
4166.70000 566.26
4166.80000 561.68
4166.90000 565.28
4167.00000 564.92
4167.10000 566.72
4167.20000 571.60
4167.30000 569.83
4167.40000 565.36
4167.50000 567.01
4167.60000 566.03
4167.70000 570.53
4167.80000 580.48
4167.90000 567.07
4168.00000 576.76
4168.10000 574.86
4168.20000 576.44
4168.30000 567.08
4168.40000 572.74
4168.50000 577.69
4168.60000 565.32
4168.70000 575.09
4168.80000 575.73
4168.90000 569.80
4169.00000 575.19
4169.10000 578.58
4169.20000 573.65
4169.30000 574.36
4169.40000 585.22
4169.50000 576.78
4169.60000 587.20
4169.70000 577.58
4169.80000 577.47
4169.90000 570.95
4170.00000 589.54
4170.10000 575.91
4170.20000 582.04
4170.30000 584.91
4170.40000 578.72
4170.50000 583.56
4170.60000 579.77
4170.70000 587.95
4170.80000 592.64
4170.90000 589.11
4171.00000 592.55
4171.10000 593.60
4171.20000 584.50
4171.30000 588.50
4171.40000 592.15
4171.50000 593.13
4171.60000 596.94
4171.70000 594.47
4171.80000 600.19
4171.90000 600.93
4172.00000 606.11
4172.10000 604.39
4172.20000 592.68
4172.30000 604.33
4172.40000 601.30
4172.50000 608.19
4172.60000 614.47
4172.70000 592.59
4172.80000 598.14
4172.90000 600.90
4173.00000 594.20
4173.10000 602.55
4173.20000 599.53
4173.30000 590.37
4173.40000 605.18
4173.50000 593.86
4173.60000 589.08
4173.70000 599.58
4173.80000 589.81
4173.90000 603.30
4174.00000 599.90
4174.10000 604.27
4174.20000 597.41
4174.30000 601.57
4174.40000 594.61
4174.50000 607.59
4174.60000 593.05
4174.70000 599.68
4174.80000 595.25
4174.90000 598.12
4175.00000 602.57
4175.10000 602.62
4175.20000 605.57
4175.30000 598.28
4175.40000 615.63
4175.50000 599.58
4175.60000 607.21
4175.70000 615.09
4175.80000 609.73
4175.90000 612.44
4176.00000 608.80
4176.10000 608.62
4176.20000 610.36
4176.30000 617.11
4176.40000 611.53
4176.50000 610.03
4176.60000 609.55
4176.70000 617.00
4176.80000 606.19
4176.90000 603.25
4177.00000 596.03
4177.10000 605.88
4177.20000 600.51
4177.30000 602.26
4177.40000 599.75
4177.50000 618.44
4177.60000 620.32
4177.70000 613.68
4177.80000 610.84
4177.90000 611.30
4178.00000 612.43
4178.10000 605.03
4178.20000 613.01
4178.30000 611.67
4178.40000 606.03
4178.50000 597.25
4178.60000 599.29
4178.70000 601.58
4178.80000 607.63
4178.90000 626.80
4179.00000 615.44
4179.10000 607.73
4179.20000 600.41
4179.30000 597.39
4179.40000 598.56
4179.50000 607.02
4179.60000 606.19
4179.70000 597.32
4179.80000 607.15
4179.90000 598.33
4180.00000 595.51
4180.10000 608.48
4180.20000 602.92
4180.30000 601.47
4180.40000 604.04
4180.50000 609.66
4180.60000 610.91
4180.70000 606.81
4180.80000 612.82
4180.90000 613.02
4181.00000 609.44
4181.10000 617.11
4181.20000 603.50
4181.30000 609.75
4181.40000 600.44
4181.50000 593.04
4181.60000 606.50
4181.70000 608.36
4181.80000 599.27
4181.90000 606.08
4182.00000 596.64
4182.10000 591.70
4182.20000 602.63
4182.30000 607.80
4182.40000 594.75
4182.50000 587.42
4182.60000 591.34
4182.70000 599.34
4182.80000 583.75
4182.90000 586.39
4183.00000 598.17
4183.10000 588.43
4183.20000 589.26
4183.30000 592.62
4183.40000 587.66
4183.50000 589.58
4183.60000 583.52
4183.70000 593.50
4183.80000 584.56
4183.90000 585.86
4184.00000 584.57
4184.10000 592.02
4184.20000 585.32
4184.30000 587.47
4184.40000 585.78
4184.50000 580.64
4184.60000 590.58
4184.70000 588.25
4184.80000 590.64
4184.90000 584.48
4185.00000 596.55
4185.10000 588.87
4185.20000 592.05
4185.30000 592.19
4185.40000 588.76
4185.50000 588.82
4185.60000 587.33
4185.70000 586.23
4185.80000 587.47
4185.90000 583.58
4186.00000 597.29
4186.10000 585.08
4186.20000 581.46
4186.30000 592.43
4186.40000 588.73
4186.50000 583.56
4186.60000 592.35
4186.70000 587.81
4186.80000 586.39
4186.90000 578.39
4187.00000 597.55
4187.10000 587.54
4187.20000 592.54
4187.30000 592.55
4187.40000 580.84
4187.50000 593.60
4187.60000 582.67
4187.70000 580.34
4187.80000 583.31
4187.90000 585.99
4188.00000 580.81
4188.10000 585.89
4188.20000 592.00
4188.30000 583.40
4188.40000 586.60
4188.50000 586.83
4188.60000 586.33
4188.70000 598.21
4188.80000 596.06
4188.90000 584.99
4189.00000 589.56
4189.10000 586.03
4189.20000 576.34
4189.30000 580.61
4189.40000 580.18
4189.50000 584.63
4189.60000 586.05
4189.70000 586.04
4189.80000 589.10
4189.90000 582.86
4190.00000 587.96
4190.10000 585.10
4190.20000 588.51
4190.30000 588.22
4190.40000 597.67
4190.50000 590.63
4190.60000 593.50
4190.70000 587.13
4190.80000 589.54
4190.90000 592.63
4191.00000 588.24
4191.10000 595.47
4191.20000 588.19
4191.30000 582.95
4191.40000 590.84
4191.50000 592.27
4191.60000 593.26
4191.70000 584.25
4191.80000 586.37
4191.90000 594.56
4192.00000 590.05
4192.10000 579.29
4192.20000 593.29
4192.30000 597.67
4192.40000 592.08
4192.50000 592.21
4192.60000 581.74
4192.70000 585.44
4192.80000 594.23
4192.90000 594.40
4193.00000 592.73
4193.10000 590.23
4193.20000 606.75
4193.30000 589.76
4193.40000 589.89
4193.50000 589.31
4193.60000 580.64
4193.70000 590.62
4193.80000 595.40
4193.90000 598.46
4194.00000 592.58
4194.10000 597.13
4194.20000 599.39
4194.30000 585.23
4194.40000 590.00
4194.50000 592.07
4194.60000 593.16
4194.70000 594.47
4194.80000 583.10
4194.90000 598.40
4195.00000 589.00
4195.10000 592.42
4195.20000 588.53
4195.30000 590.09
4195.40000 591.72
4195.50000 588.36
4195.60000 595.52
4195.70000 594.80
4195.80000 591.93
4195.90000 595.51
4196.00000 608.97
4196.10000 595.92
4196.20000 590.15
4196.30000 586.90
4196.40000 598.15
4196.50000 601.62
4196.60000 600.25
4196.70000 590.08
4196.80000 603.53
4196.90000 601.79
4197.00000 599.25
4197.10000 593.19
4197.20000 588.23
4197.30000 596.43
4197.40000 587.26
4197.50000 599.75
4197.60000 600.43
4197.70000 594.85
4197.80000 592.98
4197.90000 599.30
4198.00000 604.56
4198.10000 603.51
4198.20000 588.80
4198.30000 598.91
4198.40000 600.30
4198.50000 596.91
4198.60000 605.19
4198.70000 590.42
4198.80000 600.47
4198.90000 603.43
4199.00000 598.40
4199.10000 597.22
4199.20000 600.60
4199.30000 596.93
4199.40000 601.70
4199.50000 601.59
4199.60000 600.70
4199.70000 601.19
4199.80000 607.46
4199.90000 599.59
4200.00000 597.32
4200.10000 603.40
4200.20000 615.66
4200.30000 608.86
4200.40000 603.79
4200.50000 603.95
4200.60000 601.82
4200.70000 605.25
4200.80000 602.82
4200.90000 592.27
4201.00000 605.06
4201.10000 608.04
4201.20000 610.63
4201.30000 605.06
4201.40000 609.24
4201.50000 613.86
4201.60000 610.23
4201.70000 611.24
4201.80000 607.44
4201.90000 609.21
4202.00000 610.35
4202.10000 603.89
4202.20000 602.24
4202.30000 610.86
4202.40000 599.38
4202.50000 607.70
4202.60000 598.19
4202.70000 611.45
4202.80000 606.50
4202.90000 606.70
4203.00000 608.13
4203.10000 606.51
4203.20000 614.03
4203.30000 612.68
4203.40000 618.36
4203.50000 603.56
4203.60000 610.25
4203.70000 611.93
4203.80000 610.17
4203.90000 610.62
4204.00000 612.53
4204.10000 618.84
4204.20000 611.63
4204.30000 621.02
4204.40000 619.30
4204.50000 614.19
4204.60000 617.04
4204.70000 615.72
4204.80000 613.16
4204.90000 612.23
4205.00000 620.83
4205.10000 606.20
4205.20000 607.51
4205.30000 619.39
4205.40000 616.05
4205.50000 612.61
4205.60000 610.73
4205.70000 606.32
4205.80000 610.36
4205.90000 615.03
4206.00000 619.91
4206.10000 611.60
4206.20000 621.77
4206.30000 614.06
4206.40000 607.20
4206.50000 608.82
4206.60000 617.78
4206.70000 614.75
4206.80000 617.29
4206.90000 616.60
4207.00000 621.35
4207.10000 620.12
4207.20000 618.49
4207.30000 618.02
4207.40000 617.70
4207.50000 618.35
4207.60000 615.73
4207.70000 610.46
4207.80000 608.05
4207.90000 603.42
4208.00000 616.71
4208.10000 613.54
4208.20000 613.44
4208.30000 618.87
4208.40000 611.76
4208.50000 605.34
4208.60000 609.39
4208.70000 606.42
4208.80000 607.39
4208.90000 609.27
4209.00000 603.07
4209.10000 602.86
4209.20000 618.10
4209.30000 616.28
4209.40000 620.73
4209.50000 612.38
4209.60000 623.43
4209.70000 601.09
4209.80000 610.82
4209.90000 619.64
4210.00000 616.61
4210.10000 607.41
4210.20000 613.10
4210.30000 604.78
4210.40000 617.83
4210.50000 598.52
4210.60000 604.43
4210.70000 612.00
4210.80000 608.69
4210.90000 606.64
4211.00000 602.60
4211.10000 618.01
4211.20000 614.45
4211.30000 617.80
4211.40000 610.67
4211.50000 618.85
4211.60000 608.81
4211.70000 607.27
4211.80000 612.99
4211.90000 614.89
4212.00000 608.09
4212.10000 602.27
4212.20000 610.03
4212.30000 621.63
4212.40000 617.33
4212.50000 625.69
4212.60000 612.66
4212.70000 614.13
4212.80000 626.48
4212.90000 621.40
4213.00000 609.55
4213.10000 636.01
4213.20000 612.55
4213.30000 617.01
4213.40000 609.76
4213.50000 617.99
4213.60000 625.17
4213.70000 620.52
4213.80000 618.89
4213.90000 640.62
4214.00000 621.44
4214.10000 618.81
4214.20000 616.41
4214.30000 635.49
4214.40000 606.95
4214.50000 621.72
4214.60000 621.01
4214.70000 615.47
4214.80000 629.85
4214.90000 634.65
4215.00000 621.34
4215.10000 626.90
4215.20000 624.81
4215.30000 610.92
4215.40000 619.98
4215.50000 619.93
4215.60000 621.14
4215.70000 630.04
4215.80000 625.92
4215.90000 616.03
4216.00000 617.75
4216.10000 618.87
4216.20000 613.83
4216.30000 608.54
4216.40000 620.84
4216.50000 624.27
4216.60000 633.20
4216.70000 634.42
4216.80000 631.38
4216.90000 626.83
4217.00000 614.73
4217.10000 625.08
4217.20000 616.28
4217.30000 624.56
4217.40000 619.95
4217.50000 620.60
4217.60000 627.25
4217.70000 630.60
4217.80000 626.79
4217.90000 631.49
4218.00000 623.92
4218.10000 634.64
4218.20000 635.39
4218.30000 617.27
4218.40000 623.81
4218.50000 632.57
4218.60000 644.60
4218.70000 624.04
4218.80000 623.71
4218.90000 635.49
4219.00000 638.58
4219.10000 620.40
4219.20000 643.55
4219.30000 617.99
4219.40000 628.07
4219.50000 635.08
4219.60000 616.55
4219.70000 621.94
4219.80000 630.68
4219.90000 618.25
4220.00000 622.69
4220.10000 625.65
4220.20000 625.59
4220.30000 621.72
4220.40000 628.21
4220.50000 628.06
4220.60000 634.56
4220.70000 624.60
4220.80000 629.13
4220.90000 621.93
4221.00000 632.15
4221.10000 612.66
4221.20000 631.95
4221.30000 624.95
4221.40000 628.83
4221.50000 629.58
4221.60000 630.28
4221.70000 621.63
4221.80000 636.13
4221.90000 631.15
4222.00000 625.53
4222.10000 638.33
4222.20000 629.48
4222.30000 640.95
4222.40000 629.52
4222.50000 627.10
4222.60000 620.18
4222.70000 626.74
4222.80000 634.23
4222.90000 645.42
4223.00000 636.78
4223.10000 643.96
4223.20000 641.20
4223.30000 629.90
4223.40000 633.79
4223.50000 641.00
4223.60000 633.63
4223.70000 635.46
4223.80000 630.59
4223.90000 630.58
4224.00000 634.56
4224.10000 632.42
4224.20000 638.45
4224.30000 632.40
4224.40000 637.59
4224.50000 641.37
4224.60000 627.21
4224.70000 637.44
4224.80000 635.32
4224.90000 649.23
4225.00000 635.90
4225.10000 643.84
4225.20000 637.91
4225.30000 640.06
4225.40000 641.00
4225.50000 634.27
4225.60000 639.38
4225.70000 633.01
4225.80000 634.69
4225.90000 642.74
4226.00000 632.34
4226.10000 625.16
4226.20000 637.38
4226.30000 638.17
4226.40000 630.49
4226.50000 626.62
4226.60000 633.68
4226.70000 628.27
4226.80000 637.94
4226.90000 621.43
4227.00000 622.32
4227.10000 608.25
4227.20000 632.24
4227.30000 629.10
4227.40000 634.05
4227.50000 635.76
4227.60000 643.69
4227.70000 636.64
4227.80000 637.56
4227.90000 639.63
4228.00000 634.62
4228.10000 628.98
4228.20000 646.19
4228.30000 642.53
4228.40000 640.32
4228.50000 634.19
4228.60000 635.83
4228.70000 646.01
4228.80000 641.69
4228.90000 650.83
4229.00000 631.77
4229.10000 640.18
4229.20000 641.53
4229.30000 636.57
4229.40000 642.03
4229.50000 644.30
4229.60000 639.52
4229.70000 631.99
4229.80000 641.72
4229.90000 640.45
4230.00000 648.40
4230.10000 639.38
4230.20000 643.89
4230.30000 649.39
4230.40000 650.83
4230.50000 643.03
4230.60000 647.08
4230.70000 645.76
4230.80000 658.02
4230.90000 654.64
4231.00000 654.72
4231.10000 646.38
4231.20000 670.74
4231.30000 653.20
4231.40000 657.83
4231.50000 666.32
4231.60000 669.20
4231.70000 656.67
4231.80000 663.64
4231.90000 678.93
4232.00000 676.15
4232.10000 671.83
4232.20000 661.35
4232.30000 679.19
4232.40000 671.33
4232.50000 658.77
4232.60000 670.09
4232.70000 654.86
4232.80000 637.72
4232.90000 637.33
4233.00000 645.79
4233.10000 655.97
4233.20000 656.55
4233.30000 655.69
4233.40000 658.49
4233.50000 658.00
4233.60000 652.50
4233.70000 658.54
4233.80000 656.76
4233.90000 663.25
4234.00000 660.36
4234.10000 652.51
4234.20000 656.70
4234.30000 675.11
4234.40000 666.14
4234.50000 662.25
4234.60000 666.62
4234.70000 659.67
4234.80000 670.09
4234.90000 669.18
4235.00000 664.01
4235.10000 674.80
4235.20000 678.24
4235.30000 665.59
4235.40000 659.58
4235.50000 665.35
4235.60000 670.29
4235.70000 665.69
4235.80000 665.09
4235.90000 651.71
4236.00000 654.29
4236.10000 655.90
4236.20000 659.65
4236.30000 660.87
4236.40000 648.47
4236.50000 653.82
4236.60000 647.97
4236.70000 657.78
4236.80000 650.86
4236.90000 652.92
4237.00000 647.09
4237.10000 642.31
4237.20000 646.95
4237.30000 653.13
4237.40000 638.98
4237.50000 636.56
4237.60000 627.21
4237.70000 645.53
4237.80000 636.70
4237.90000 642.63
4238.00000 634.50
4238.10000 635.65
4238.20000 640.07
4238.30000 635.46
4238.40000 631.90
4238.50000 634.34
4238.60000 637.58
4238.70000 644.10
4238.80000 639.44
4238.90000 641.71
4239.00000 628.18
4239.10000 632.70
4239.20000 633.03
4239.30000 628.05
4239.40000 639.57
4239.50000 634.17
4239.60000 628.98
4239.70000 626.05
4239.80000 637.93
4239.90000 629.62
4240.00000 632.55
4240.10000 629.05
4240.20000 631.77
4240.30000 635.40
4240.40000 641.20
4240.50000 631.37
4240.60000 668.02
4240.70000 655.61
4240.80000 629.88
4240.90000 639.59
4241.00000 627.79
4241.10000 645.69
4241.20000 639.28
4241.30000 636.74
4241.40000 637.88
4241.50000 637.57
4241.60000 632.64
4241.70000 635.62
4241.80000 634.37
4241.90000 638.76
4242.00000 623.19
4242.10000 639.86
4242.20000 634.61
4242.30000 634.87
4242.40000 632.87
4242.50000 629.89
4242.60000 630.30
4242.70000 631.97
4242.80000 640.33
4242.90000 640.67
4243.00000 635.81
4243.10000 631.89
4243.20000 642.86
4243.30000 638.89
4243.40000 639.53
4243.50000 631.73
4243.60000 630.74
4243.70000 636.81
4243.80000 636.68
4243.90000 644.53
4244.00000 650.19
4244.10000 642.59
4244.20000 638.42
4244.30000 649.61
4244.40000 639.28
4244.50000 654.35
4244.60000 650.95
4244.70000 655.53
4244.80000 643.99
4244.90000 644.04
4245.00000 647.59
4245.10000 641.05
4245.20000 645.81
4245.30000 656.30
4245.40000 650.93
4245.50000 636.37
4245.60000 643.26
4245.70000 645.03
4245.80000 646.24
4245.90000 653.93
4246.00000 645.54
4246.10000 644.49
4246.20000 653.98
4246.30000 649.08
4246.40000 653.67
4246.50000 651.94
4246.60000 654.19
4246.70000 650.41
4246.80000 650.14
4246.90000 651.58
4247.00000 644.00
4247.10000 651.32
4247.20000 637.91
4247.30000 650.47
4247.40000 649.62
4247.50000 643.20
4247.60000 651.88
4247.70000 647.39
4247.80000 647.00
4247.90000 643.13
4248.00000 652.49
4248.10000 649.33
4248.20000 645.54
4248.30000 647.62
4248.40000 643.66
4248.50000 644.88
4248.60000 649.42
4248.70000 648.66
4248.80000 650.61
4248.90000 643.68
4249.00000 654.02
4249.10000 651.59
4249.20000 646.32
4249.30000 651.88
4249.40000 642.95
4249.50000 642.77
4249.60000 645.33
4249.70000 651.28
4249.80000 642.37
4249.90000 643.52
4250.00000 648.39
4250.10000 648.58
4250.20000 642.88
4250.30000 646.86
4250.40000 647.45
4250.50000 646.14
4250.60000 633.75
4250.70000 641.89
4250.80000 651.61
4250.90000 631.00
4251.00000 651.20
4251.10000 641.75
4251.20000 645.89
4251.30000 634.31
4251.40000 640.38
4251.50000 637.43
4251.60000 638.11
4251.70000 636.21
4251.80000 637.35
4251.90000 634.18
4252.00000 634.90
4252.10000 636.50
4252.20000 644.23
4252.30000 634.22
4252.40000 650.04
4252.50000 639.29
4252.60000 641.61
4252.70000 643.01
4252.80000 636.65
4252.90000 641.85
4253.00000 633.78
4253.10000 640.84
4253.20000 634.81
4253.30000 632.06
4253.40000 634.10
4253.50000 640.81
4253.60000 643.05
4253.70000 639.18
4253.80000 636.27
4253.90000 636.53
4254.00000 632.50
4254.10000 635.48
4254.20000 637.28
4254.30000 634.89
4254.40000 640.53
4254.50000 636.55
4254.60000 637.30
4254.70000 639.14
4254.80000 638.71
4254.90000 632.55
4255.00000 635.16
4255.10000 633.93
4255.20000 648.87
4255.30000 632.94
4255.40000 644.52
4255.50000 647.61
4255.60000 644.70
4255.70000 654.16
4255.80000 650.09
4255.90000 645.64
4256.00000 633.73
4256.10000 634.74
4256.20000 645.82
4256.30000 634.73
4256.40000 642.35
4256.50000 642.10
4256.60000 641.82
4256.70000 643.80
4256.80000 644.60
4256.90000 648.00
4257.00000 650.95
4257.10000 652.17
4257.20000 655.63
4257.30000 649.64
4257.40000 638.77
4257.50000 643.84
4257.60000 657.89
4257.70000 654.29
4257.80000 636.11
4257.90000 644.58
4258.00000 642.67
4258.10000 649.31
4258.20000 653.12
4258.30000 641.87
4258.40000 656.17
4258.50000 658.25
4258.60000 648.34
4258.70000 650.37
4258.80000 640.86
4258.90000 644.09
4259.00000 642.54
4259.10000 659.06
4259.20000 655.63
4259.30000 664.51
4259.40000 647.33
4259.50000 647.86
4259.60000 651.24
4259.70000 657.35
4259.80000 654.07
4259.90000 651.90
4260.00000 664.16
4260.10000 657.40
4260.20000 668.76
4260.30000 649.37
4260.40000 664.45
4260.50000 659.74
4260.60000 673.52
4260.70000 663.99
4260.80000 657.02
4260.90000 662.08
4261.00000 658.87
4261.10000 658.68
4261.20000 659.68
4261.30000 656.29
4261.40000 672.01
4261.50000 658.74
4261.60000 659.88
4261.70000 666.37
4261.80000 662.18
4261.90000 659.63
4262.00000 656.12
4262.10000 653.66
4262.20000 655.73
4262.30000 646.06
4262.40000 652.90
4262.50000 655.94
4262.60000 642.74
4262.70000 649.07
4262.80000 654.63
4262.90000 644.95
4263.00000 648.55
4263.10000 638.73
4263.20000 648.68
4263.30000 656.41
4263.40000 658.69
4263.50000 650.67
4263.60000 647.68
4263.70000 645.75
4263.80000 659.12
4263.90000 645.82
4264.00000 656.97
4264.10000 649.58
4264.20000 649.88
4264.30000 653.08
4264.40000 644.51
4264.50000 640.07
4264.60000 646.52
4264.70000 648.37
4264.80000 637.49
4264.90000 645.47
4265.00000 650.80
4265.10000 648.47
4265.20000 646.70
4265.30000 652.67
4265.40000 645.23
4265.50000 646.30
4265.60000 641.58
4265.70000 650.70
4265.80000 644.70
4265.90000 640.86
4266.00000 643.09
4266.10000 640.10
4266.20000 637.72
4266.30000 650.10
4266.40000 649.05
4266.50000 648.34
4266.60000 651.90
4266.70000 649.75
4266.80000 645.69
4266.90000 648.71
4267.00000 644.66
4267.10000 643.40
4267.20000 646.19
4267.30000 646.32
4267.40000 640.39
4267.50000 638.81
4267.60000 644.40
4267.70000 640.87
4267.80000 642.46
4267.90000 647.21
4268.00000 655.34
4268.10000 657.52
4268.20000 643.19
4268.30000 645.17
4268.40000 649.66
4268.50000 659.74
4268.60000 660.21
4268.70000 654.89
4268.80000 642.57
4268.90000 651.83
4269.00000 660.36
4269.10000 643.49
4269.20000 656.98
4269.30000 656.78
4269.40000 661.31
4269.50000 644.12
4269.60000 652.19
4269.70000 652.85
4269.80000 665.60
4269.90000 646.03
4270.00000 664.56
4270.10000 655.24
4270.20000 656.85
4270.30000 670.19
4270.40000 644.91
4270.50000 660.67
4270.60000 651.88
4270.70000 659.42
4270.80000 661.59
4270.90000 654.37
4271.00000 659.64
4271.10000 668.95
4271.20000 657.85
4271.30000 658.62
4271.40000 658.01
4271.50000 668.89
4271.60000 656.98
4271.70000 663.88
4271.80000 658.06
4271.90000 656.08
4272.00000 660.79
4272.10000 667.52
4272.20000 661.94
4272.30000 665.61
4272.40000 673.82
4272.50000 662.14
4272.60000 650.18
4272.70000 661.34
4272.80000 664.26
4272.90000 662.99
4273.00000 664.45
4273.10000 652.33
4273.20000 656.93
4273.30000 653.54
4273.40000 663.80
4273.50000 661.34
4273.60000 664.41
4273.70000 667.82
4273.80000 658.51
4273.90000 660.78
4274.00000 664.14
4274.10000 661.42
4274.20000 658.61
4274.30000 663.21
4274.40000 660.88
4274.50000 665.43
4274.60000 660.28
4274.70000 659.48
4274.80000 670.02
4274.90000 665.08
4275.00000 651.83
4275.10000 652.62
4275.20000 652.12
4275.30000 662.85
4275.40000 659.98
4275.50000 652.52
4275.60000 656.92
4275.70000 661.13
4275.80000 661.02
4275.90000 655.91
4276.00000 660.51
4276.10000 652.22
4276.20000 653.13
4276.30000 653.81
4276.40000 644.88
4276.50000 652.26
4276.60000 648.69
4276.70000 668.43
4276.80000 660.05
4276.90000 659.52
4277.00000 663.57
4277.10000 653.05
4277.20000 666.00
4277.30000 665.78
4277.40000 656.12
4277.50000 646.84
4277.60000 644.58
4277.70000 653.06
4277.80000 652.50
4277.90000 652.46
4278.00000 644.41
4278.10000 653.57
4278.20000 691.23
4278.30000 691.82
4278.40000 663.79
4278.50000 663.03
4278.60000 645.09
4278.70000 644.25
4278.80000 646.74
4278.90000 646.90
4279.00000 656.85
4279.10000 656.11
4279.20000 646.74
4279.30000 654.60
4279.40000 651.75
4279.50000 652.33
4279.60000 652.20
4279.70000 648.01
4279.80000 665.71
4279.90000 651.85
4280.00000 654.47
4280.10000 654.35
4280.20000 653.07
4280.30000 655.90
4280.40000 665.43
4280.50000 654.77
4280.60000 653.05
4280.70000 643.15
4280.80000 656.48
4280.90000 654.34
4281.00000 648.10
4281.10000 652.64
4281.20000 659.68
4281.30000 652.29
4281.40000 651.92
4281.50000 647.29
4281.60000 646.90
4281.70000 659.59
4281.80000 655.68
4281.90000 647.36
4282.00000 660.39
4282.10000 655.64
4282.20000 652.91
4282.30000 643.12
4282.40000 651.48
4282.50000 639.69
4282.60000 644.49
4282.70000 647.49
4282.80000 654.61
4282.90000 654.73
4283.00000 655.14
4283.10000 655.39
4283.20000 654.39
4283.30000 650.98
4283.40000 643.78
4283.50000 649.62
4283.60000 646.27
4283.70000 652.09
4283.80000 652.92
4283.90000 651.13
4284.00000 657.90
4284.10000 652.10
4284.20000 646.82
4284.30000 658.89
4284.40000 658.24
4284.50000 646.35
4284.60000 645.57
4284.70000 656.57
4284.80000 644.75
4284.90000 636.51
4285.00000 640.36
4285.10000 643.08
4285.20000 644.51
4285.30000 651.22
4285.40000 647.15
4285.50000 660.26
4285.60000 648.74
4285.70000 652.05
4285.80000 646.10
4285.90000 655.29
4286.00000 650.44
4286.10000 650.55
4286.20000 644.63
4286.30000 651.52
4286.40000 652.15
4286.50000 646.49
4286.60000 652.46
4286.70000 650.42
4286.80000 656.15
4286.90000 662.99
4287.00000 661.24
4287.10000 651.44
4287.20000 653.40
4287.30000 657.65
4287.40000 649.49
4287.50000 655.79
4287.60000 657.10
4287.70000 653.60
4287.80000 651.18
4287.90000 651.53
4288.00000 653.99
4288.10000 661.63
4288.20000 658.64
4288.30000 664.69
4288.40000 654.42
4288.50000 659.48
4288.60000 656.38
4288.70000 652.94
4288.80000 666.87
4288.90000 665.72
4289.00000 657.84
4289.10000 657.58
4289.20000 655.56
4289.30000 661.91
4289.40000 659.43
4289.50000 656.20
4289.60000 663.92
4289.70000 660.43
4289.80000 657.50
4289.90000 669.54
4290.00000 667.14
4290.10000 658.68
4290.20000 664.94
4290.30000 668.76
4290.40000 660.80
4290.50000 664.67
4290.60000 658.75
4290.70000 663.05
4290.80000 655.79
4290.90000 654.01
4291.00000 663.47
4291.10000 658.12
4291.20000 664.79
4291.30000 658.22
4291.40000 661.56
4291.50000 658.98
4291.60000 658.81
4291.70000 665.61
4291.80000 658.41
4291.90000 673.51
4292.00000 676.76
4292.10000 675.85
4292.20000 674.44
4292.30000 672.58
4292.40000 668.32
4292.50000 677.72
4292.60000 671.64
4292.70000 678.66
4292.80000 672.43
4292.90000 668.21
4293.00000 674.79
4293.10000 670.52
4293.20000 670.12
4293.30000 667.71
4293.40000 671.29
4293.50000 671.47
4293.60000 667.91
4293.70000 667.49
4293.80000 657.95
4293.90000 662.78
4294.00000 668.32
4294.10000 673.95
4294.20000 662.61
4294.30000 671.97
4294.40000 675.23
4294.50000 675.08
4294.60000 676.55
4294.70000 674.93
4294.80000 668.99
4294.90000 675.58
4295.00000 678.40
4295.10000 675.73
4295.20000 672.84
4295.30000 681.15
4295.40000 680.78
4295.50000 689.01
4295.60000 680.85
4295.70000 702.20
4295.80000 839.73
4295.90000 766.26
4296.00000 826.41
4296.10000 691.37
4296.20000 672.13
4296.30000 689.77
4296.40000 688.18
4296.50000 676.80
4296.60000 679.51
4296.70000 672.13
4296.80000 673.65
4296.90000 680.36
4297.00000 680.04
4297.10000 690.96
4297.20000 675.44
4297.30000 673.89
4297.40000 673.84
4297.50000 681.55
4297.60000 679.31
4297.70000 674.87
4297.80000 679.61
4297.90000 685.48
4298.00000 689.69
4298.10000 692.74
4298.20000 683.39
4298.30000 692.35
4298.40000 695.61
4298.50000 690.62
4298.60000 691.16
4298.70000 697.52
4298.80000 693.42
4298.90000 689.87
4299.00000 693.32
4299.10000 689.74
4299.20000 696.76
4299.30000 696.19
4299.40000 687.97
4299.50000 687.83
4299.60000 681.73
4299.70000 683.09
4299.80000 681.03
4299.90000 679.75
4300.00000 689.21
4300.10000 674.55
4300.20000 688.04
4300.30000 689.54
4300.40000 682.02
4300.50000 677.38
4300.60000 672.56
4300.70000 523.45
4300.80000 635.75
4300.90000 681.45
4301.00000 691.75
4301.10000 678.06
4301.20000 689.08
4301.30000 683.25
4301.40000 691.14
4301.50000 688.23
4301.60000 685.87
4301.70000 676.47
4301.80000 688.24
4301.90000 689.97
4302.00000 687.27
4302.10000 698.95
4302.20000 700.69
4302.30000 690.94
4302.40000 682.37
4302.50000 689.91
4302.60000 686.54
4302.70000 686.54
4302.80000 679.28
4302.90000 677.68
4303.00000 688.04
4303.10000 688.84
4303.20000 684.81
4303.30000 675.69
4303.40000 683.24
4303.50000 680.71
4303.60000 682.67
4303.70000 678.85
4303.80000 692.93
4303.90000 688.62
4304.00000 692.84
4304.10000 675.48
4304.20000 687.06
4304.30000 677.80
4304.40000 685.80
4304.50000 687.60
4304.60000 686.68
4304.70000 685.38
4304.80000 682.56
4304.90000 678.31
4305.00000 687.71
4305.10000 689.99
4305.20000 684.37
4305.30000 692.19
4305.40000 688.50
4305.50000 673.67
4305.60000 689.06
4305.70000 686.20
4305.80000 685.28
4305.90000 678.64
4306.00000 683.94
4306.10000 678.99
4306.20000 682.73
4306.30000 680.31
4306.40000 674.55
4306.50000 674.27
4306.60000 678.85
4306.70000 684.28
4306.80000 681.03
4306.90000 671.76
4307.00000 681.04
4307.10000 672.77
4307.20000 684.01
4307.30000 677.46
4307.40000 672.28
4307.50000 678.50
4307.60000 671.72
4307.70000 677.08
4307.80000 672.98
4307.90000 665.52
4308.00000 658.79
4308.10000 678.09
4308.20000 683.55
4308.30000 667.98
4308.40000 664.39
4308.50000 666.73
4308.60000 671.11
4308.70000 667.18
4308.80000 666.36
4308.90000 682.41
4309.00000 672.40
4309.10000 676.85
4309.20000 664.46
4309.30000 676.61
4309.40000 673.42
4309.50000 673.95
4309.60000 685.43
4309.70000 666.14
4309.80000 680.32
4309.90000 682.79
4310.00000 672.33
4310.10000 669.56
4310.20000 682.42
4310.30000 666.42
4310.40000 674.47
4310.50000 684.45
4310.60000 689.80
4310.70000 690.73
4310.80000 685.79
4310.90000 671.40
4311.00000 683.43
4311.10000 692.87
4311.20000 687.50
4311.30000 685.32
4311.40000 684.64
4311.50000 686.47
4311.60000 690.67
4311.70000 689.76
4311.80000 689.29
4311.90000 695.49
4312.00000 686.95
4312.10000 686.09
4312.20000 684.53
4312.30000 685.10
4312.40000 693.19
4312.50000 681.40
4312.60000 683.99
4312.70000 683.19
4312.80000 686.75
4312.90000 688.65
4313.00000 685.22
4313.10000 678.65
4313.20000 683.23
4313.30000 680.82
4313.40000 689.92
4313.50000 677.87
4313.60000 687.01
4313.70000 687.60
4313.80000 669.46
4313.90000 681.55
4314.00000 691.75
4314.10000 684.44
4314.20000 676.76
4314.30000 677.97
4314.40000 679.07
4314.50000 678.30
4314.60000 677.71
4314.70000 673.09
4314.80000 674.03
4314.90000 679.77
4315.00000 678.01
4315.10000 680.19
4315.20000 678.00
4315.30000 673.35
4315.40000 679.50
4315.50000 676.57
4315.60000 683.40
4315.70000 676.09
4315.80000 675.15
4315.90000 681.32
4316.00000 677.68
4316.10000 674.24
4316.20000 674.90
4316.30000 675.49
4316.40000 675.19
4316.50000 679.18
4316.60000 671.60
4316.70000 680.28
4316.80000 689.56
4316.90000 677.72
4317.00000 669.33
4317.10000 670.72
4317.20000 662.32
4317.30000 675.79
4317.40000 674.02
4317.50000 671.18
4317.60000 669.98
4317.70000 677.34
4317.80000 673.59
4317.90000 674.90
4318.00000 663.88
4318.10000 673.10
4318.20000 678.05
4318.30000 663.63
4318.40000 666.27
4318.50000 679.29
4318.60000 672.74
4318.70000 673.46
4318.80000 674.22
4318.90000 682.65
4319.00000 664.12
4319.10000 674.83
4319.20000 673.13
4319.30000 670.06
4319.40000 670.62
4319.50000 664.30
4319.60000 673.41
4319.70000 670.46
4319.80000 662.90
4319.90000 671.78
4320.00000 663.45
4320.10000 674.27
4320.20000 682.87
4320.30000 662.56
4320.40000 668.36
4320.50000 659.77
4320.60000 664.55
4320.70000 671.68
4320.80000 667.73
4320.90000 667.90
4321.00000 663.46
4321.10000 654.44
4321.20000 665.96
4321.30000 664.58
4321.40000 665.74
4321.50000 665.76
4321.60000 674.72
4321.70000 674.88
4321.80000 668.48
4321.90000 670.62
4322.00000 668.01
4322.10000 676.53
4322.20000 665.08
4322.30000 667.67
4322.40000 676.09
4322.50000 668.67
4322.60000 675.70
4322.70000 680.03
4322.80000 685.72
4322.90000 674.66
4323.00000 677.31
4323.10000 687.46
4323.20000 679.13
4323.30000 681.16
4323.40000 692.32
4323.50000 683.60
4323.60000 691.58
4323.70000 689.73
4323.80000 697.88
4323.90000 698.95
4324.00000 684.06
4324.10000 685.03
4324.20000 682.66
4324.30000 687.02
4324.40000 680.73
4324.50000 683.87
4324.60000 679.71
4324.70000 675.87
4324.80000 688.16
4324.90000 697.92
4325.00000 684.34
4325.10000 692.93
4325.20000 681.75
4325.30000 684.68
4325.40000 692.20
4325.50000 673.88
4325.60000 679.85
4325.70000 695.65
4325.80000 681.39
4325.90000 680.57
4326.00000 692.76
4326.10000 697.10
4326.20000 688.45
4326.30000 688.53
4326.40000 687.26
4326.50000 687.08
4326.60000 685.82
4326.70000 691.01
4326.80000 692.30
4326.90000 687.58
4327.00000 701.91
4327.10000 691.69
4327.20000 685.73
4327.30000 693.56
4327.40000 697.55
4327.50000 700.49
4327.60000 684.79
4327.70000 683.84
4327.80000 693.23
4327.90000 687.54
4328.00000 687.61
4328.10000 697.18
4328.20000 681.03
4328.30000 688.02
4328.40000 691.85
4328.50000 685.63
4328.60000 681.31
4328.70000 696.37
4328.80000 692.40
4328.90000 702.30
4329.00000 694.29
4329.10000 701.95
4329.20000 689.98
4329.30000 695.06
4329.40000 688.92
4329.50000 694.80
4329.60000 707.14
4329.70000 721.70
4329.80000 687.86
4329.90000 684.92
4330.00000 675.63
4330.10000 695.63
4330.20000 683.19
4330.30000 676.57
4330.40000 678.46
4330.50000 682.93
4330.60000 682.79
4330.70000 685.63
4330.80000 667.39
4330.90000 679.28
4331.00000 684.10
4331.10000 676.08
4331.20000 689.04
4331.30000 672.14
4331.40000 683.22
4331.50000 672.43
4331.60000 673.53
4331.70000 675.29
4331.80000 677.31
4331.90000 679.73
4332.00000 681.15
4332.10000 683.96
4332.20000 684.00
4332.30000 684.36
4332.40000 678.97
4332.50000 673.92
4332.60000 682.54
4332.70000 681.48
4332.80000 675.07
4332.90000 673.41
4333.00000 675.27
4333.10000 677.08
4333.20000 676.58
4333.30000 682.04
4333.40000 675.78
4333.50000 672.95
4333.60000 666.25
4333.70000 663.40
4333.80000 666.15
4333.90000 666.65
4334.00000 678.83
4334.10000 670.79
4334.20000 660.86
4334.30000 668.72
4334.40000 672.73
4334.50000 668.33
4334.60000 667.60
4334.70000 662.80
4334.80000 661.12
4334.90000 657.83
4335.00000 666.71
4335.10000 658.79
4335.20000 654.38
4335.30000 655.72
4335.40000 653.33
4335.50000 658.35
4335.60000 648.08
4335.70000 650.51
4335.80000 656.41
4335.90000 650.01
4336.00000 651.56
4336.10000 653.51
4336.20000 654.68
4336.30000 651.01
4336.40000 655.15
4336.50000 657.65
4336.60000 653.81
4336.70000 648.50
4336.80000 658.76
4336.90000 666.44
4337.00000 655.84
4337.10000 657.72
4337.20000 655.05
4337.30000 654.46
4337.40000 669.41
4337.50000 652.36
4337.60000 668.91
4337.70000 675.83
4337.80000 673.63
4337.90000 674.92
4338.00000 683.42
4338.10000 683.76
4338.20000 681.14
4338.30000 707.35
4338.40000 702.70
4338.50000 717.63
4338.60000 728.59
4338.70000 739.20
4338.80000 764.66
4338.90000 773.65
4339.00000 794.79
4339.10000 819.54
4339.20000 822.79
4339.30000 835.16
4339.40000 841.34
4339.50000 841.95
4339.60000 846.66
4339.70000 851.52
4339.80000 848.69
4339.90000 847.25
4340.00000 831.72
4340.10000 819.54
4340.20000 806.43
4340.30000 788.11
4340.40000 789.22
4340.50000 781.05
4340.60000 783.92
4340.70000 777.58
4340.80000 783.90
4340.90000 775.59
4341.00000 779.36
4341.10000 781.41
4341.20000 787.54
4341.30000 780.39
4341.40000 790.93
4341.50000 786.14
4341.60000 775.71
4341.70000 785.14
4341.80000 787.57
4341.90000 781.52
4342.00000 784.95
4342.10000 798.55
4342.20000 803.16
4342.30000 807.08
4342.40000 786.70
4342.50000 802.24
4342.60000 797.24
4342.70000 806.05
4342.80000 800.84
4342.90000 800.50
4343.00000 788.63
4343.10000 775.34
4343.20000 752.98
4343.30000 741.50
4343.40000 737.45
4343.50000 722.93
4343.60000 717.65
4343.70000 702.76
4343.80000 694.99
4343.90000 689.05
4344.00000 684.95
4344.10000 679.91
4344.20000 679.34
4344.30000 669.75
4344.40000 657.17
4344.50000 659.32
4344.60000 650.65
4344.70000 671.11
4344.80000 651.47
4344.90000 651.98
4345.00000 644.16
4345.10000 648.66
4345.20000 638.63
4345.30000 634.58
4345.40000 640.63
4345.50000 645.41
4345.60000 640.78
4345.70000 644.99
4345.80000 639.08
4345.90000 642.02
4346.00000 640.36
4346.10000 643.87
4346.20000 637.87
4346.30000 649.76
4346.40000 654.79
4346.50000 651.21
4346.60000 650.54
4346.70000 645.53
4346.80000 651.98
4346.90000 645.22
4347.00000 653.40
4347.10000 652.87
4347.20000 655.12
4347.30000 648.35
4347.40000 655.65
4347.50000 645.42
4347.60000 653.51
4347.70000 655.83
4347.80000 654.58
4347.90000 642.42
4348.00000 645.84
4348.10000 663.32
4348.20000 662.57
4348.30000 659.11
4348.40000 663.03
4348.50000 664.59
4348.60000 660.91
4348.70000 663.65
4348.80000 676.82
4348.90000 663.42
4349.00000 667.60
4349.10000 657.78
4349.20000 661.44
4349.30000 669.61
4349.40000 672.14
4349.50000 675.70
4349.60000 682.35
4349.70000 681.66
4349.80000 686.06
4349.90000 689.18
4350.00000 685.45
4350.10000 697.84
4350.20000 682.74
4350.30000 691.97
4350.40000 691.88
4350.50000 692.35
4350.60000 685.41
4350.70000 697.18
4350.80000 701.99
4350.90000 702.25
4351.00000 706.57
4351.10000 700.69
4351.20000 704.71
4351.30000 690.16
4351.40000 691.76
4351.50000 691.65
4351.60000 691.42
4351.70000 685.87
4351.80000 684.37
4351.90000 693.76
4352.00000 696.64
4352.10000 699.12
4352.20000 692.63
4352.30000 693.37
4352.40000 691.43
4352.50000 706.32
4352.60000 700.81
4352.70000 700.24
4352.80000 696.83
4352.90000 692.82
4353.00000 704.31
4353.10000 702.11
4353.20000 705.09
4353.30000 715.18
4353.40000 714.12
4353.50000 719.32
4353.60000 710.70
4353.70000 715.55
4353.80000 720.76
4353.90000 722.80
4354.00000 719.56
4354.10000 713.03
4354.20000 715.50
4354.30000 718.80
4354.40000 711.47
4354.50000 719.46
4354.60000 710.53
4354.70000 713.63
4354.80000 716.53
4354.90000 717.53
4355.00000 706.80
4355.10000 703.71
4355.20000 708.59
4355.30000 704.10
4355.40000 705.54
4355.50000 707.16
4355.60000 708.28
4355.70000 706.26
4355.80000 713.90
4355.90000 707.52
4356.00000 710.53
4356.10000 703.13
4356.20000 711.86
4356.30000 719.24
4356.40000 708.90
4356.50000 702.24
4356.60000 720.04
4356.70000 763.14
4356.80000 703.53
4356.90000 701.29
4357.00000 704.26
4357.10000 711.17
4357.20000 708.79
4357.30000 713.93
4357.40000 715.50
4357.50000 715.39
4357.60000 709.79
4357.70000 714.38
4357.80000 711.71
4357.90000 710.25
4358.00000 707.71
4358.10000 721.70
4358.20000 715.55
4358.30000 726.31
4358.40000 709.89
4358.50000 711.70
4358.60000 709.11
4358.70000 720.98
4358.80000 708.93
4358.90000 710.44
4359.00000 715.43
4359.10000 714.47
4359.20000 722.93
4359.30000 729.08
4359.40000 717.62
4359.50000 720.24
4359.60000 711.87
4359.70000 711.15
4359.80000 723.99
4359.90000 720.46
4360.00000 715.76
4360.10000 713.35
4360.20000 712.00
4360.30000 715.23
4360.40000 722.83
4360.50000 714.79
4360.60000 714.47
4360.70000 723.06
4360.80000 716.25
4360.90000 718.31
4361.00000 726.83
4361.10000 712.28
4361.20000 718.09
4361.30000 734.98
4361.40000 717.10
4361.50000 715.09
4361.60000 724.58
4361.70000 709.99
4361.80000 713.19
4361.90000 735.64
4362.00000 702.30
4362.10000 719.34
4362.20000 704.52
4362.30000 719.39
4362.40000 712.87
4362.50000 714.40
4362.60000 712.76
4362.70000 707.61
4362.80000 712.31
4362.90000 711.92
4363.00000 713.08
4363.10000 709.30
4363.20000 708.54
4363.30000 720.30
4363.40000 709.27
4363.50000 712.13
4363.60000 704.85
4363.70000 726.32
4363.80000 714.74
4363.90000 707.61
4364.00000 711.76
4364.10000 712.14
4364.20000 706.03
4364.30000 697.39
4364.40000 704.81
4364.50000 712.14
4364.60000 724.58
4364.70000 714.23
4364.80000 709.56
4364.90000 710.07
4365.00000 713.08
4365.10000 713.76
4365.20000 713.44
4365.30000 717.81
4365.40000 706.57
4365.50000 712.81
4365.60000 713.95
4365.70000 703.43
4365.80000 716.57
4365.90000 715.80
4366.00000 710.44
4366.10000 712.11
4366.20000 701.33
4366.30000 715.33
4366.40000 713.58
4366.50000 709.70
4366.60000 718.91
4366.70000 706.43
4366.80000 724.68
4366.90000 713.25
4367.00000 711.33
4367.10000 717.48
4367.20000 708.32
4367.30000 711.52
4367.40000 719.44
4367.50000 719.27
4367.60000 711.04
4367.70000 719.18
4367.80000 747.08
4367.90000 713.64
4368.00000 715.96
4368.10000 720.69
4368.20000 712.17
4368.30000 718.02
4368.40000 711.27
4368.50000 711.99
4368.60000 707.75
4368.70000 712.01
4368.80000 718.22
4368.90000 722.32
4369.00000 722.02
4369.10000 717.07
4369.20000 713.50
4369.30000 723.93
4369.40000 712.89
4369.50000 725.77
4369.60000 712.06
4369.70000 716.67
4369.80000 709.83
4369.90000 727.36
4370.00000 729.89
4370.10000 720.85
4370.20000 720.58
4370.30000 722.94
4370.40000 716.71
4370.50000 719.17
4370.60000 725.04
4370.70000 725.36
4370.80000 727.44
4370.90000 714.66
4371.00000 727.72
4371.10000 729.14
4371.20000 707.46
4371.30000 731.30
4371.40000 733.48
4371.50000 732.44
4371.60000 720.21
4371.70000 718.84
4371.80000 727.52
4371.90000 723.98
4372.00000 717.55
4372.10000 729.25
4372.20000 726.13
4372.30000 724.79
4372.40000 722.13
4372.50000 726.90
4372.60000 733.64
4372.70000 730.19
4372.80000 734.97
4372.90000 737.85
4373.00000 732.57
4373.10000 733.24
4373.20000 736.97
4373.30000 728.87
4373.40000 731.81
4373.50000 735.67
4373.60000 736.05
4373.70000 739.73
4373.80000 727.00
4373.90000 743.82
4374.00000 735.47
4374.10000 737.24
4374.20000 736.23
4374.30000 736.70
4374.40000 739.21
4374.50000 730.35
4374.60000 738.51
4374.70000 731.63
4374.80000 728.72
4374.90000 736.43
4375.00000 745.34
4375.10000 739.99
4375.20000 728.93
4375.30000 733.50
4375.40000 731.74
4375.50000 747.81
4375.60000 740.30
4375.70000 739.12
4375.80000 754.80
4375.90000 739.86
4376.00000 735.12
4376.10000 729.19
4376.20000 730.88
4376.30000 727.76
4376.40000 732.24
4376.50000 740.00
4376.60000 730.88
4376.70000 730.41
4376.80000 733.22
4376.90000 732.09
4377.00000 741.40
4377.10000 742.01
4377.20000 732.66
4377.30000 733.61
4377.40000 731.91
4377.50000 735.48
4377.60000 738.59
4377.70000 731.98
4377.80000 739.24
4377.90000 741.83
4378.00000 743.69
4378.10000 735.31
4378.20000 729.72
4378.30000 739.13
4378.40000 733.83
4378.50000 738.32
4378.60000 740.08
4378.70000 737.81
4378.80000 742.38
4378.90000 728.07
4379.00000 724.59
4379.10000 734.85
4379.20000 732.71
4379.30000 739.62
4379.40000 729.47
4379.50000 734.25
4379.60000 737.48
4379.70000 739.66
4379.80000 733.13
4379.90000 741.50
4380.00000 734.66
4380.10000 741.05
4380.20000 735.71
4380.30000 732.32
4380.40000 731.26
4380.50000 744.05
4380.60000 736.27
4380.70000 732.63
4380.80000 736.33
4380.90000 730.10
4381.00000 745.74
4381.10000 732.18
4381.20000 740.74
4381.30000 746.90
4381.40000 740.14
4381.50000 736.42
4381.60000 739.83
4381.70000 742.35
4381.80000 758.80
4381.90000 738.49
4382.00000 750.72
4382.10000 742.97
4382.20000 743.53
4382.30000 753.84
4382.40000 758.70
4382.50000 760.34
4382.60000 749.92
4382.70000 750.66
4382.80000 798.92
4382.90000 771.15
4383.00000 756.16
4383.10000 758.88
4383.20000 762.28
4383.30000 760.94
4383.40000 758.52
4383.50000 754.99
4383.60000 748.32
4383.70000 753.43
4383.80000 757.66
4383.90000 751.20
4384.00000 748.18
4384.10000 745.70
4384.20000 756.07
4384.30000 760.31
4384.40000 746.92
4384.50000 742.36
4384.60000 748.98
4384.70000 752.02
4384.80000 763.92
4384.90000 777.70
4385.00000 741.82
4385.10000 738.63
4385.20000 745.48
4385.30000 739.75
4385.40000 735.72
4385.50000 740.56
4385.60000 755.26
4385.70000 728.21
4385.80000 740.78
4385.90000 746.25
4386.00000 731.47
4386.10000 739.04
4386.20000 736.06
4386.30000 727.21
4386.40000 743.49
4386.50000 731.36
4386.60000 747.48
4386.70000 735.81
4386.80000 729.50
4386.90000 738.54
4387.00000 736.13
4387.10000 732.85
4387.20000 735.21
4387.30000 737.09
4387.40000 736.23
4387.50000 741.63
4387.60000 728.48
4387.70000 731.98
4387.80000 739.95
4387.90000 730.77
4388.00000 730.53
4388.10000 717.26
4388.20000 723.93
4388.30000 717.03
4388.40000 731.91
4388.50000 724.22
4388.60000 727.26
4388.70000 720.93
4388.80000 715.17
4388.90000 715.42
4389.00000 717.79
4389.10000 720.21
4389.20000 722.50
4389.30000 718.61
4389.40000 736.28
4389.50000 721.14
4389.60000 714.11
4389.70000 722.52
4389.80000 715.44
4389.90000 716.55
4390.00000 717.29
4390.10000 724.50
4390.20000 714.31
4390.30000 710.59
4390.40000 724.33
4390.50000 718.59
4390.60000 722.78
4390.70000 716.65
4390.80000 719.36
4390.90000 716.48
4391.00000 720.78
4391.10000 715.64
4391.20000 721.31
4391.30000 731.45
4391.40000 726.51
4391.50000 723.85
4391.60000 727.79
4391.70000 731.31
4391.80000 727.39
4391.90000 735.72
4392.00000 731.33
4392.10000 732.84
4392.20000 739.77
4392.30000 734.03
4392.40000 736.94
4392.50000 745.16
4392.60000 728.99
4392.70000 749.55
4392.80000 743.86
4392.90000 734.86
4393.00000 753.56
4393.10000 741.75
4393.20000 747.42
4393.30000 745.17
4393.40000 753.45
4393.50000 740.18
4393.60000 754.10
4393.70000 760.07
4393.80000 758.42
4393.90000 758.49
4394.00000 757.07
4394.10000 751.50
4394.20000 753.08
4394.30000 754.69
4394.40000 758.61
4394.50000 757.48
4394.60000 765.03
4394.70000 763.98
4394.80000 758.60
4394.90000 761.49
4395.00000 756.49
4395.10000 752.39
4395.20000 764.04
4395.30000 752.63
4395.40000 756.16
4395.50000 753.81
4395.60000 754.69
4395.70000 757.00
4395.80000 756.25
4395.90000 753.29
4396.00000 754.17
4396.10000 753.91
4396.20000 757.33
4396.30000 753.71
4396.40000 773.85
4396.50000 764.20
4396.60000 760.40
4396.70000 770.51
4396.80000 761.67
4396.90000 770.24
4397.00000 773.32
4397.10000 776.56
4397.20000 774.36
4397.30000 772.98
4397.40000 763.85
4397.50000 774.92
4397.60000 763.74
4397.70000 768.74
4397.80000 774.08
4397.90000 765.52
4398.00000 771.86
4398.10000 763.72
4398.20000 768.68
4398.30000 776.57
4398.40000 783.05
4398.50000 770.97
4398.60000 776.97
4398.70000 758.34
4398.80000 770.39
4398.90000 769.67
4399.00000 771.70
4399.10000 753.37
4399.20000 771.98
4399.30000 769.32
4399.40000 769.82
4399.50000 752.36
4399.60000 759.36
4399.70000 757.04
4399.80000 759.93
4399.90000 768.52
4400.00000 765.05
4400.10000 755.85
4400.20000 758.36
4400.30000 757.43
4400.40000 755.05
4400.50000 760.64
4400.60000 761.82
4400.70000 761.14
4400.80000 765.25
4400.90000 759.64
4401.00000 751.71
4401.10000 759.55
4401.20000 773.68
4401.30000 762.62
4401.40000 758.26
4401.50000 760.68
4401.60000 770.96
4401.70000 763.84
4401.80000 771.13
4401.90000 768.07
4402.00000 759.56
4402.10000 767.44
4402.20000 761.76
4402.30000 755.97
4402.40000 771.38
4402.50000 777.37
4402.60000 771.18
4402.70000 764.16
4402.80000 763.65
4402.90000 785.34
4403.00000 772.07
4403.10000 770.47
4403.20000 767.20
4403.30000 766.40
4403.40000 759.16
4403.50000 772.32
4403.60000 767.26
4403.70000 760.68
4403.80000 774.99
4403.90000 765.83
4404.00000 764.15
4404.10000 769.31
4404.20000 756.25
4404.30000 758.92
4404.40000 762.30
4404.50000 759.91
4404.60000 758.71
4404.70000 759.19
4404.80000 755.60
4404.90000 749.48
4405.00000 756.41
4405.10000 756.46
4405.20000 754.00
4405.30000 761.41
4405.40000 763.26
4405.50000 764.64
4405.60000 764.84
4405.70000 758.63
4405.80000 773.32
4405.90000 761.18
4406.00000 763.81
4406.10000 765.44
4406.20000 767.23
4406.30000 764.86
4406.40000 758.32
4406.50000 760.92
4406.60000 771.53
4406.70000 762.05
4406.80000 770.58
4406.90000 770.64
4407.00000 770.73
4407.10000 767.16
4407.20000 769.96
4407.30000 767.22
4407.40000 767.73
4407.50000 767.09
4407.60000 766.62
4407.70000 775.99
4407.80000 773.71
4407.90000 768.75
4408.00000 768.66
4408.10000 765.20
4408.20000 777.23
4408.30000 770.10
4408.40000 769.37
4408.50000 760.86
4408.60000 774.90
4408.70000 767.72
4408.80000 756.09
4408.90000 764.89
4409.00000 765.33
4409.10000 770.65
4409.20000 764.78
4409.30000 768.07
4409.40000 772.65
4409.50000 759.56
4409.60000 763.16
4409.70000 755.21
4409.80000 763.73
4409.90000 756.43
4410.00000 755.23
4410.10000 757.86
4410.20000 771.62
4410.30000 765.05
4410.40000 756.91
4410.50000 761.16
4410.60000 754.27
4410.70000 767.78
4410.80000 756.45
4410.90000 760.49
4411.00000 756.70
4411.10000 755.02
4411.20000 753.75
4411.30000 756.00
4411.40000 759.06
4411.50000 764.84
4411.60000 759.00
4411.70000 760.72
4411.80000 751.81
4411.90000 761.64
4412.00000 755.88
4412.10000 760.21
4412.20000 761.38
4412.30000 750.27
4412.40000 768.80
4412.50000 754.95
4412.60000 752.20
4412.70000 758.87
4412.80000 758.17
4412.90000 752.35
4413.00000 753.07
4413.10000 754.91
4413.20000 754.80
4413.30000 768.25
4413.40000 750.28
4413.50000 755.26
4413.60000 762.43
4413.70000 768.94
4413.80000 765.79
4413.90000 762.26
4414.00000 754.57
4414.10000 759.10
4414.20000 750.59
4414.30000 757.09
4414.40000 766.50
4414.50000 767.13
4414.60000 754.95
4414.70000 753.52
4414.80000 747.43
4414.90000 753.53
4415.00000 768.76
4415.10000 748.27
4415.20000 756.63
4415.30000 763.44
4415.40000 760.10
4415.50000 755.55
4415.60000 770.02
4415.70000 769.64
4415.80000 769.93
4415.90000 762.16
4416.00000 766.82
4416.10000 773.37
4416.20000 760.79
4416.30000 770.20
4416.40000 760.15
4416.50000 773.22
4416.60000 772.73
4416.70000 753.61
4416.80000 769.78
4416.90000 758.49
4417.00000 765.87
4417.10000 752.60
4417.20000 765.92
4417.30000 763.25
4417.40000 758.48
4417.50000 761.36
4417.60000 752.07
4417.70000 737.02
4417.80000 749.41
4417.90000 753.23
4418.00000 754.98
4418.10000 760.43
4418.20000 760.97
4418.30000 746.46
4418.40000 752.76
4418.50000 758.19
4418.60000 761.05
4418.70000 770.23
4418.80000 757.11
4418.90000 776.39
4419.00000 783.61
4419.10000 763.32
4419.20000 751.96
4419.30000 756.20
4419.40000 767.86
4419.50000 755.39
4419.60000 770.04
4419.70000 754.26
4419.80000 760.66
4419.90000 758.06
4420.00000 765.04
4420.10000 749.95
4420.20000 757.90
4420.30000 757.65
4420.40000 763.13
4420.50000 758.29
4420.60000 760.08
4420.70000 743.64
4420.80000 750.38
4420.90000 743.66
4421.00000 757.40
4421.10000 760.62
4421.20000 766.17
4421.30000 753.73
4421.40000 764.16
4421.50000 751.45
4421.60000 758.22
4421.70000 759.70
4421.80000 752.01
4421.90000 748.12
4422.00000 752.23
4422.10000 743.29
4422.20000 747.01
4422.30000 740.54
4422.40000 741.08
4422.50000 746.38
4422.60000 747.19
4422.70000 742.58
4422.80000 744.48
4422.90000 743.92
4423.00000 743.19
4423.10000 741.54
4423.20000 736.53
4423.30000 741.42
4423.40000 747.88
4423.50000 755.11
4423.60000 745.44
4423.70000 741.27
4423.80000 743.49
4423.90000 738.97
4424.00000 747.35
4424.10000 736.28
4424.20000 748.83
4424.30000 751.48
4424.40000 745.89
4424.50000 750.64
4424.60000 748.45
4424.70000 746.21
4424.80000 749.00
4424.90000 744.71
4425.00000 744.51
4425.10000 746.76
4425.20000 745.70
4425.30000 747.42
4425.40000 753.30
4425.50000 745.27
4425.60000 744.63
4425.70000 745.48
4425.80000 745.81
4425.90000 743.99
4426.00000 752.29
4426.10000 738.68
4426.20000 749.42
4426.30000 749.11
4426.40000 756.82
4426.50000 743.52
4426.60000 741.45
4426.70000 743.29
4426.80000 752.08
4426.90000 744.27
4427.00000 743.46
4427.10000 734.87
4427.20000 743.93
4427.30000 730.81
4427.40000 743.06
4427.50000 737.65
4427.60000 746.69
4427.70000 743.75
4427.80000 745.35
4427.90000 751.78
4428.00000 755.46
4428.10000 750.15
4428.20000 745.35
4428.30000 739.30
4428.40000 743.10
4428.50000 739.13
4428.60000 754.63
4428.70000 743.91
4428.80000 752.52
4428.90000 747.65
4429.00000 747.18
4429.10000 753.57
4429.20000 740.72
4429.30000 749.72
4429.40000 743.38
4429.50000 747.91
4429.60000 741.18
4429.70000 753.53
4429.80000 745.85
4429.90000 757.45
4430.00000 745.98
4430.10000 749.43
4430.20000 747.97
4430.30000 753.29
4430.40000 749.81
4430.50000 756.38
4430.60000 742.83
4430.70000 761.82
4430.80000 750.03
4430.90000 742.85
4431.00000 747.02
4431.10000 739.57
4431.20000 741.88
4431.30000 752.78
4431.40000 755.56
4431.50000 749.59
4431.60000 754.81
4431.70000 744.48
4431.80000 747.57
4431.90000 759.43
4432.00000 746.32
4432.10000 756.00
4432.20000 752.29
4432.30000 756.79
4432.40000 744.12
4432.50000 759.27
4432.60000 756.28
4432.70000 746.35
4432.80000 763.32
4432.90000 761.66
4433.00000 764.79
4433.10000 756.10
4433.20000 767.17
4433.30000 751.68
4433.40000 757.23
4433.50000 749.12
4433.60000 759.08
4433.70000 770.34
4433.80000 763.25
4433.90000 753.17
4434.00000 750.98
4434.10000 743.98
4434.20000 760.49
4434.30000 758.15
4434.40000 756.22
4434.50000 756.69
4434.60000 752.23
4434.70000 760.46
4434.80000 749.68
4434.90000 773.54
4435.00000 757.37
4435.10000 759.92
4435.20000 759.71
4435.30000 764.09
4435.40000 763.64
4435.50000 765.80
4435.60000 759.66
4435.70000 765.52
4435.80000 763.31
4435.90000 757.82
4436.00000 764.66
4436.10000 763.46
4436.20000 756.56
4436.30000 757.53
4436.40000 759.81
4436.50000 752.65
4436.60000 760.28
4436.70000 760.32
4436.80000 768.67
4436.90000 760.47
4437.00000 760.08
4437.10000 775.63
4437.20000 767.37
4437.30000 773.54
4437.40000 763.76
4437.50000 758.13
4437.60000 759.16
4437.70000 757.81
4437.80000 758.04
4437.90000 773.43
4438.00000 769.46
4438.10000 764.26
4438.20000 765.19
4438.30000 782.64
4438.40000 770.81
4438.50000 773.21
4438.60000 774.99
4438.70000 791.92
4438.80000 774.10
4438.90000 775.65
4439.00000 781.86
4439.10000 781.08
4439.20000 786.17
4439.30000 791.28
4439.40000 778.35
4439.50000 781.97
4439.60000 779.33
4439.70000 784.01
4439.80000 789.84
4439.90000 779.65
4440.00000 789.20
4440.10000 772.53
4440.20000 784.83
4440.30000 776.70
4440.40000 787.28
4440.50000 784.33
4440.60000 782.33
4440.70000 795.27
4440.80000 786.28
4440.90000 778.78
4441.00000 789.76
4441.10000 779.83
4441.20000 793.00
4441.30000 785.31
4441.40000 777.36
4441.50000 785.47
4441.60000 789.38
4441.70000 789.69
4441.80000 786.55
4441.90000 796.03
4442.00000 793.58
4442.10000 785.22
4442.20000 793.48
4442.30000 791.98
4442.40000 796.14
4442.50000 797.70
4442.60000 801.22
4442.70000 800.26
4442.80000 803.39
4442.90000 804.86
4443.00000 800.99
4443.10000 818.71
4443.20000 807.05
4443.30000 807.36
4443.40000 803.69
4443.50000 803.11
4443.60000 811.23
4443.70000 791.16
4443.80000 802.97
4443.90000 795.26
4444.00000 801.19
4444.10000 800.90
4444.20000 801.17
4444.30000 813.65
4444.40000 802.71
4444.50000 805.06
4444.60000 802.57
4444.70000 812.46
4444.80000 812.18
4444.90000 799.30
4445.00000 819.08
4445.10000 819.88
4445.20000 803.66
4445.30000 804.48
4445.40000 816.17
4445.50000 811.30
4445.60000 799.53
4445.70000 817.06
4445.80000 803.99
4445.90000 805.50
4446.00000 811.14
4446.10000 807.35
4446.20000 815.20
4446.30000 818.30
4446.40000 811.93
4446.50000 817.04
4446.60000 813.05
4446.70000 813.30
4446.80000 812.22
4446.90000 804.60
4447.00000 812.19
4447.10000 809.90
4447.20000 803.61
4447.30000 799.47
4447.40000 805.26
4447.50000 800.79
4447.60000 802.52
4447.70000 788.55
4447.80000 813.57
4447.90000 800.27
4448.00000 809.16
4448.10000 797.83
4448.20000 806.77
4448.30000 806.93
4448.40000 808.44
4448.50000 807.91
4448.60000 807.09
4448.70000 800.47
4448.80000 797.29
4448.90000 801.23
4449.00000 802.87
4449.10000 806.40
4449.20000 807.34
4449.30000 815.42
4449.40000 805.80
4449.50000 805.68
4449.60000 821.51
4449.70000 805.70
4449.80000 802.70
4449.90000 806.19
4450.00000 800.87
4450.10000 801.47
4450.20000 806.64
4450.30000 807.53
4450.40000 810.98
4450.50000 807.66
4450.60000 815.73
4450.70000 814.62
4450.80000 813.33
4450.90000 807.92
4451.00000 805.00
4451.10000 821.42
4451.20000 811.33
4451.30000 809.63
4451.40000 804.03
4451.50000 810.09
4451.60000 811.08
4451.70000 801.36
4451.80000 810.47
4451.90000 814.21
4452.00000 809.93
4452.10000 808.37
4452.20000 812.21
4452.30000 817.80
4452.40000 812.47
4452.50000 811.82
4452.60000 812.95
4452.70000 811.11
4452.80000 806.48
4452.90000 811.88
4453.00000 810.62
4453.10000 824.50
4453.20000 827.20
4453.30000 818.97
4453.40000 815.73
4453.50000 821.51
4453.60000 819.42
4453.70000 817.96
4453.80000 822.37
4453.90000 813.02
4454.00000 814.16
4454.10000 820.52
4454.20000 823.05
4454.30000 824.96
4454.40000 814.98
4454.50000 820.56
4454.60000 823.87
4454.70000 824.32
4454.80000 815.53
4454.90000 824.75
4455.00000 820.14
4455.10000 823.54
4455.20000 815.12
4455.30000 817.94
4455.40000 810.18
4455.50000 818.11
4455.60000 816.50
4455.70000 821.44
4455.80000 811.84
4455.90000 812.00
4456.00000 816.90
4456.10000 813.02
4456.20000 824.83
4456.30000 820.63
4456.40000 823.43
4456.50000 822.56
4456.60000 809.15
4456.70000 817.89
4456.80000 821.42
4456.90000 822.25
4457.00000 827.00
4457.10000 822.45
4457.20000 826.82
4457.30000 826.01
4457.40000 824.59
4457.50000 820.02
4457.60000 829.55
4457.70000 830.07
4457.80000 814.61
4457.90000 821.46
4458.00000 821.71
4458.10000 820.26
4458.20000 828.97
4458.30000 820.77
4458.40000 819.86
4458.50000 825.47
4458.60000 833.33
4458.70000 829.01
4458.80000 828.71
4458.90000 826.29
4459.00000 838.24
4459.10000 835.77
4459.20000 827.59
4459.30000 833.17
4459.40000 824.93
4459.50000 831.46
4459.60000 836.27
4459.70000 834.01
4459.80000 836.47
4459.90000 832.73
4460.00000 837.05
4460.10000 834.25
4460.20000 821.50
4460.30000 836.08
4460.40000 838.85
4460.50000 838.36
4460.60000 834.28
4460.70000 837.33
4460.80000 840.43
4460.90000 838.99
4461.00000 831.52
4461.10000 831.87
4461.20000 844.74
4461.30000 833.54
4461.40000 839.15
4461.50000 831.94
4461.60000 828.41
4461.70000 837.85
4461.80000 839.18
4461.90000 840.87
4462.00000 834.88
4462.10000 832.40
4462.20000 827.98
4462.30000 837.61
4462.40000 836.00
4462.50000 839.47
4462.60000 837.57
4462.70000 834.79
4462.80000 835.10
4462.90000 840.75
4463.00000 839.44
4463.10000 825.75
4463.20000 836.83
4463.30000 831.31
4463.40000 834.86
4463.50000 836.07
4463.60000 833.33
4463.70000 837.98
4463.80000 829.23
4463.90000 832.90
4464.00000 828.69
4464.10000 840.13
4464.20000 826.65
4464.30000 833.23
4464.40000 833.76
4464.50000 830.36
4464.60000 838.79
4464.70000 823.87
4464.80000 826.42
4464.90000 828.61
4465.00000 827.16
4465.10000 823.48
4465.20000 826.84
4465.30000 828.11
4465.40000 815.43
4465.50000 805.51
4465.60000 818.34
4465.70000 828.45
4465.80000 828.10
4465.90000 824.25
4466.00000 823.75
4466.10000 830.83
4466.20000 813.05
4466.30000 824.67
4466.40000 805.58
4466.50000 814.14
4466.60000 805.62
4466.70000 806.74
4466.80000 813.79
4466.90000 807.63
4467.00000 813.34
4467.10000 800.56
4467.20000 807.74
4467.30000 813.18
4467.40000 805.95
4467.50000 806.20
4467.60000 811.60
4467.70000 811.56
4467.80000 803.96
4467.90000 792.84
4468.00000 798.43
4468.10000 799.70
4468.20000 799.66
4468.30000 801.22
4468.40000 792.91
4468.50000 796.72
4468.60000 790.74
4468.70000 801.09
4468.80000 800.00
4468.90000 794.62
4469.00000 795.76
4469.10000 786.80
4469.20000 798.81
4469.30000 786.67
4469.40000 786.28
4469.50000 795.13
4469.60000 792.64
4469.70000 779.22
4469.80000 788.24
4469.90000 796.28
4470.00000 790.73
4470.10000 781.30
4470.20000 783.50
4470.30000 787.95
4470.40000 791.65
4470.50000 793.62
4470.60000 796.72
4470.70000 795.11
4470.80000 796.63
4470.90000 796.29
4471.00000 790.94
4471.10000 797.16
4471.20000 801.05
4471.30000 810.33
4471.40000 784.91
4471.50000 795.27
4471.60000 796.73
4471.70000 793.31
4471.80000 794.67
4471.90000 793.02
4472.00000 792.12
4472.10000 789.88
4472.20000 789.74
4472.30000 795.04
4472.40000 790.51
4472.50000 790.09
4472.60000 787.68
4472.70000 787.48
4472.80000 785.60
4472.90000 800.85
4473.00000 788.79
4473.10000 806.30
4473.20000 804.52
4473.30000 806.39
4473.40000 816.47
4473.50000 817.71
4473.60000 799.04
4473.70000 800.24
4473.80000 809.67
4473.90000 800.93
4474.00000 813.99
4474.10000 822.62
4474.20000 803.81
4474.30000 805.40
4474.40000 802.60
4474.50000 818.40
4474.60000 812.42
4474.70000 813.94
4474.80000 813.96
4474.90000 809.62
4475.00000 810.02
4475.10000 819.87
4475.20000 818.78
4475.30000 814.86
4475.40000 827.17
4475.50000 818.70
4475.60000 817.83
4475.70000 819.13
4475.80000 812.98
4475.90000 818.11
4476.00000 822.39
4476.10000 815.41
4476.20000 826.55
4476.30000 811.58
4476.40000 814.70
4476.50000 808.49
4476.60000 821.44
4476.70000 815.55
4476.80000 816.84
4476.90000 808.36
4477.00000 817.76
4477.10000 824.60
4477.20000 824.46
4477.30000 823.37
4477.40000 825.39
4477.50000 829.78
4477.60000 824.34
4477.70000 830.23
4477.80000 831.98
4477.90000 844.87
4478.00000 835.99
4478.10000 851.80
4478.20000 850.97
4478.30000 849.28
4478.40000 848.42
4478.50000 842.19
4478.60000 846.12
4478.70000 864.75
4478.80000 857.49
4478.90000 853.42
4479.00000 853.81
4479.10000 856.58
4479.20000 841.68
4479.30000 863.25
4479.40000 860.63
4479.50000 852.52
4479.60000 855.12
4479.70000 862.00
4479.80000 864.06
4479.90000 860.17
4480.00000 866.75
4480.10000 861.69
4480.20000 855.43
4480.30000 869.38
4480.40000 864.50
4480.50000 865.21
4480.60000 854.37
4480.70000 856.07
4480.80000 855.14
4480.90000 853.07
4481.00000 859.93
4481.10000 857.79
4481.20000 862.62
4481.30000 855.70
4481.40000 858.15
4481.50000 864.79
4481.60000 845.09
4481.70000 851.14
4481.80000 855.34
4481.90000 856.75
4482.00000 856.81
4482.10000 858.87
4482.20000 870.09
4482.30000 857.06
4482.40000 864.22
4482.50000 856.41
4482.60000 859.90
4482.70000 859.48
4482.80000 848.92
4482.90000 850.00
4483.00000 865.26
4483.10000 870.61
4483.20000 861.25
4483.30000 865.16
4483.40000 863.90
4483.50000 862.21
4483.60000 856.45
4483.70000 863.84
4483.80000 863.74
4483.90000 866.64
4484.00000 858.74
4484.10000 859.84
4484.20000 870.97
4484.30000 876.09
4484.40000 874.30
4484.50000 873.37
4484.60000 892.89
4484.70000 870.15
4484.80000 866.77
4484.90000 878.34
4485.00000 868.47
4485.10000 893.06
4485.20000 878.53
4485.30000 878.15
4485.40000 878.38
4485.50000 879.19
4485.60000 872.28
4485.70000 873.09
4485.80000 873.29
4485.90000 876.09
4486.00000 876.90
4486.10000 864.23
4486.20000 863.59
4486.30000 874.73
4486.40000 872.98
4486.50000 871.49
4486.60000 882.87
4486.70000 870.98
4486.80000 876.63
4486.90000 886.51
4487.00000 871.12
4487.10000 872.56
4487.20000 880.53
4487.30000 878.10
4487.40000 886.44
4487.50000 891.36
4487.60000 892.08
4487.70000 874.71
4487.80000 885.58
4487.90000 888.56
4488.00000 901.87
4488.10000 903.07
4488.20000 886.91
4488.30000 889.85
4488.40000 888.13
4488.50000 898.30
4488.60000 895.83
4488.70000 884.40
4488.80000 883.38
4488.90000 897.42
4489.00000 893.73
4489.10000 887.64
4489.20000 898.99
4489.30000 887.10
4489.40000 890.61
4489.50000 879.82
4489.60000 877.73
4489.70000 897.65
4489.80000 887.48
4489.90000 903.73
4490.00000 906.43
4490.10000 907.92
4490.20000 918.90
4490.30000 906.86
4490.40000 910.43
4490.50000 913.42
4490.60000 902.76
4490.70000 911.34
4490.80000 910.29
4490.90000 911.68
4491.00000 900.79
4491.10000 897.55
4491.20000 907.09
4491.30000 917.40
4491.40000 908.95
4491.50000 917.18
4491.60000 913.87
4491.70000 905.21
4491.80000 905.86
4491.90000 914.05
4492.00000 903.23
4492.10000 910.06
4492.20000 903.04
4492.30000 911.99
4492.40000 906.93
4492.50000 896.69
4492.60000 890.12
4492.70000 905.76
4492.80000 907.25
4492.90000 893.08
4493.00000 900.68
4493.10000 901.51
4493.20000 912.95
4493.30000 901.00
4493.40000 899.65
4493.50000 909.27
4493.60000 898.88
4493.70000 895.09
4493.80000 901.20
4493.90000 899.14
4494.00000 887.52
4494.10000 895.69
4494.20000 889.21
4494.30000 898.90
4494.40000 898.07
4494.50000 899.99
4494.60000 898.49
4494.70000 874.49
4494.80000 890.81
4494.90000 880.01
4495.00000 882.72
4495.10000 881.02
4495.20000 893.21
4495.30000 870.55
4495.40000 882.79
4495.50000 880.39
4495.60000 887.19
4495.70000 877.07
4495.80000 873.89
4495.90000 882.37
4496.00000 876.36
4496.10000 880.04
4496.20000 875.40
4496.30000 882.31
4496.40000 881.00
4496.50000 871.05
4496.60000 881.42
4496.70000 878.78
4496.80000 880.08
4496.90000 877.96
4497.00000 889.48
4497.10000 876.05
4497.20000 881.19
4497.30000 887.62
4497.40000 881.83
4497.50000 880.47
4497.60000 881.84
4497.70000 875.35
4497.80000 884.15
4497.90000 889.80
4498.00000 886.96
4498.10000 881.71
4498.20000 886.66
4498.30000 879.17
4498.40000 894.55
4498.50000 892.61
4498.60000 892.72
4498.70000 881.39
4498.80000 890.58
4498.90000 897.89
4499.00000 891.77
4499.10000 874.77
4499.20000 885.11
4499.30000 889.84
4499.40000 871.22
4499.50000 882.47
4499.60000 880.21
4499.70000 880.26
4499.80000 895.01
4499.90000 891.33
4500.00000 884.53
4500.10000 874.32
4500.20000 870.68
4500.30000 868.41
4500.40000 867.52
4500.50000 862.79
4500.60000 861.03
4500.70000 869.44
4500.80000 865.64
4500.90000 874.28
4501.00000 860.93
4501.10000 860.79
4501.20000 862.02
4501.30000 854.15
4501.40000 861.39
4501.50000 867.15
4501.60000 863.55
4501.70000 860.86
4501.80000 853.84
4501.90000 851.42
4502.00000 846.27
4502.10000 856.13
4502.20000 847.64
4502.30000 851.12
4502.40000 853.29
4502.50000 854.35
4502.60000 850.22
4502.70000 857.14
4502.80000 857.39
4502.90000 856.95
4503.00000 868.21
4503.10000 865.27
4503.20000 885.58
4503.30000 864.25
4503.40000 873.14
4503.50000 876.29
4503.60000 862.91
4503.70000 871.66
4503.80000 872.32
4503.90000 873.03
4504.00000 869.85
4504.10000 872.10
4504.20000 874.56
4504.30000 869.07
4504.40000 871.11
4504.50000 871.80
4504.60000 873.46
4504.70000 868.98
4504.80000 876.17
4504.90000 872.82
4505.00000 877.24
4505.10000 877.67
4505.20000 878.89
4505.30000 884.59
4505.40000 875.74
4505.50000 890.35
4505.60000 883.99
4505.70000 880.76
4505.80000 889.91
4505.90000 888.08
4506.00000 882.33
4506.10000 890.03
4506.20000 889.20
4506.30000 899.54
4506.40000 899.49
4506.50000 905.44
4506.60000 903.65
4506.70000 890.96
4506.80000 900.70
4506.90000 919.21
4507.00000 909.87
4507.10000 909.33
4507.20000 903.62
4507.30000 906.89
4507.40000 907.68
4507.50000 888.50
4507.60000 900.90
4507.70000 905.10
4507.80000 895.17
4507.90000 894.77
4508.00000 897.21
4508.10000 889.73
4508.20000 896.40
4508.30000 887.47
4508.40000 885.80
4508.50000 890.06
4508.60000 886.77
4508.70000 895.03
4508.80000 894.10
4508.90000 888.83
4509.00000 893.58
4509.10000 893.01
4509.20000 890.16
4509.30000 890.34
4509.40000 900.14
4509.50000 896.23
4509.60000 891.85
4509.70000 897.37
4509.80000 896.81
4509.90000 893.03
4510.00000 897.85
4510.10000 900.00
4510.20000 886.89
4510.30000 902.64
4510.40000 905.80
4510.50000 903.36
4510.60000 903.81
4510.70000 918.99
4510.80000 899.06
4510.90000 891.23
4511.00000 897.44
4511.10000 900.09
4511.20000 898.70
4511.30000 907.81
4511.40000 909.30
4511.50000 895.77
4511.60000 895.75
4511.70000 892.86
4511.80000 903.91
4511.90000 885.10
4512.00000 900.59
4512.10000 893.24
4512.20000 890.09
4512.30000 889.02
4512.40000 896.27
4512.50000 900.22
4512.60000 902.51
4512.70000 891.95
4512.80000 907.63
4512.90000 896.52
4513.00000 896.97
4513.10000 894.09
4513.20000 905.59
4513.30000 906.24
4513.40000 902.50
4513.50000 905.81
4513.60000 906.96
4513.70000 912.75
4513.80000 905.54
4513.90000 918.70
4514.00000 920.68
4514.10000 928.23
4514.20000 930.49
4514.30000 923.17
4514.40000 924.00
4514.50000 917.37
4514.60000 917.68
4514.70000 907.52
4514.80000 914.61
4514.90000 919.47
4515.00000 919.89
4515.10000 914.22
4515.20000 906.79
4515.30000 908.66
4515.40000 909.84
4515.50000 913.76
4515.60000 914.17
4515.70000 917.69
4515.80000 903.72
4515.90000 905.78
4516.00000 906.57
4516.10000 906.70
4516.20000 895.97
4516.30000 903.15
4516.40000 922.76
4516.50000 926.07
4516.60000 911.00
4516.70000 925.24
4516.80000 912.26
4516.90000 917.63
4517.00000 920.98
4517.10000 921.26
4517.20000 930.92
4517.30000 924.98
4517.40000 930.17
4517.50000 939.60
4517.60000 944.24
4517.70000 938.85
4517.80000 935.35
4517.90000 937.11
4518.00000 936.54
4518.10000 931.05
4518.20000 935.61
4518.30000 933.16
4518.40000 935.37
4518.50000 936.31
4518.60000 928.04
4518.70000 938.28
4518.80000 936.84
4518.90000 949.41
4519.00000 960.56
4519.10000 953.45
4519.20000 953.49
4519.30000 945.86
4519.40000 943.77
4519.50000 941.57
4519.60000 948.06
4519.70000 934.58
4519.80000 942.69
4519.90000 929.16
4520.00000 946.46
4520.10000 933.50
4520.20000 931.20
4520.30000 930.04
4520.40000 941.83
4520.50000 944.24
4520.60000 928.70
4520.70000 930.37
4520.80000 933.93
4520.90000 944.54
4521.00000 944.42
4521.10000 945.26
4521.20000 947.39
4521.30000 959.52
4521.40000 959.05
4521.50000 949.57
4521.60000 946.97
4521.70000 956.81
4521.80000 956.21
4521.90000 949.96
4522.00000 948.73
4522.10000 960.71
4522.20000 957.47
4522.30000 958.79
4522.40000 962.27
4522.50000 948.80
4522.60000 944.49
4522.70000 949.60
4522.80000 942.37
4522.90000 930.49
4523.00000 950.17
4523.10000 932.51
4523.20000 933.21
4523.30000 943.96
4523.40000 940.37
4523.50000 930.89
4523.60000 930.21
4523.70000 924.52
4523.80000 935.50
4523.90000 922.91
4524.00000 932.82
4524.10000 925.35
4524.20000 925.59
4524.30000 922.75
4524.40000 926.32
4524.50000 932.72
4524.60000 921.98
4524.70000 928.89
4524.80000 929.46
4524.90000 929.77
4525.00000 930.23
4525.10000 914.32
4525.20000 927.33
4525.30000 920.80
4525.40000 919.54
4525.50000 919.08
4525.60000 922.97
4525.70000 922.76
4525.80000 911.84
4525.90000 912.28
4526.00000 911.76
4526.10000 912.99
4526.20000 904.21
4526.30000 915.55
4526.40000 905.69
4526.50000 914.81
4526.60000 917.86
4526.70000 907.54
4526.80000 911.41
4526.90000 911.18
4527.00000 909.61
4527.10000 909.87
4527.20000 900.26
4527.30000 906.57
4527.40000 912.82
4527.50000 900.86
4527.60000 905.27
4527.70000 903.54
4527.80000 909.29
4527.90000 903.32
4528.00000 901.69
4528.10000 906.92
4528.20000 906.93
4528.30000 905.32
4528.40000 896.59
4528.50000 907.68
4528.60000 904.22
4528.70000 911.36
4528.80000 900.17
4528.90000 892.15
4529.00000 901.03
4529.10000 904.96
4529.20000 898.91
4529.30000 908.04
4529.40000 907.91
4529.50000 905.67
4529.60000 897.33
4529.70000 901.53
4529.80000 906.50
4529.90000 893.62
4530.00000 904.76
4530.10000 904.13
4530.20000 908.79
4530.30000 900.68
4530.40000 908.69
4530.50000 911.50
4530.60000 903.08
4530.70000 902.85
4530.80000 915.40
4530.90000 914.33
4531.00000 897.37
4531.10000 914.23
4531.20000 912.08
4531.30000 915.02
4531.40000 908.44
4531.50000 927.71
4531.60000 921.17
4531.70000 920.50
4531.80000 924.59
4531.90000 926.19
4532.00000 930.53
4532.10000 919.49
4532.20000 924.09
4532.30000 911.12
4532.40000 915.63
4532.50000 927.98
4532.60000 922.67
4532.70000 923.64
4532.80000 939.24
4532.90000 919.55
4533.00000 928.05
4533.10000 912.96
4533.20000 912.26
4533.30000 921.11
4533.40000 917.85
4533.50000 915.96
4533.60000 909.33
4533.70000 924.93
4533.80000 925.88
4533.90000 908.87
4534.00000 915.94
4534.10000 910.72
4534.20000 912.05
4534.30000 915.32
4534.40000 908.67
4534.50000 916.24
4534.60000 907.25
4534.70000 913.90
4534.80000 908.12
4534.90000 919.63
4535.00000 915.75
4535.10000 924.20
4535.20000 914.71
4535.30000 910.29
4535.40000 915.97
4535.50000 905.98
4535.60000 920.71
4535.70000 922.37
4535.80000 912.96
4535.90000 922.76
4536.00000 920.14
4536.10000 932.33
4536.20000 928.07
4536.30000 918.73
4536.40000 927.28
4536.50000 932.57
4536.60000 928.94
4536.70000 930.12
4536.80000 923.69
4536.90000 923.33
4537.00000 932.41
4537.10000 926.47
4537.20000 921.95
4537.30000 927.09
4537.40000 918.49
4537.50000 925.93
4537.60000 919.89
4537.70000 930.99
4537.80000 931.00
4537.90000 925.40
4538.00000 921.94
4538.10000 928.86
4538.20000 922.28
4538.30000 930.67
4538.40000 922.07
4538.50000 927.74
4538.60000 924.96
4538.70000 927.67
4538.80000 916.73
4538.90000 932.61
4539.00000 925.68
4539.10000 928.78
4539.20000 929.63
4539.30000 932.47
4539.40000 921.78
4539.50000 927.39
4539.60000 917.37
4539.70000 935.20
4539.80000 942.16
4539.90000 921.38
4540.00000 919.45
4540.10000 927.93
4540.20000 933.31
4540.30000 936.34
4540.40000 937.71
4540.50000 936.53
4540.60000 936.89
4540.70000 935.67
4540.80000 935.04
4540.90000 929.70
4541.00000 926.70
4541.10000 921.83
4541.20000 924.56
4541.30000 915.33
4541.40000 928.56
4541.50000 934.56
4541.60000 923.37
4541.70000 923.41
4541.80000 908.50
4541.90000 925.59
4542.00000 922.04
4542.10000 925.23
4542.20000 934.52
4542.30000 937.88
4542.40000 928.43
4542.50000 937.97
4542.60000 925.61
4542.70000 927.04
4542.80000 938.44
4542.90000 937.90
4543.00000 932.08
4543.10000 944.22
4543.20000 952.04
4543.30000 937.09
4543.40000 937.51
4543.50000 946.65
4543.60000 958.97
4543.70000 932.72
4543.80000 943.04
4543.90000 962.08
4544.00000 953.32
4544.10000 928.17
4544.20000 939.33
4544.30000 939.75
4544.40000 941.54
4544.50000 943.80
4544.60000 946.70
4544.70000 932.67
4544.80000 936.28
4544.90000 941.96
4545.00000 945.23
4545.10000 939.88
4545.20000 931.30
4545.30000 940.64
4545.40000 921.29
4545.50000 926.71
4545.60000 923.64
4545.70000 930.45
4545.80000 938.30
4545.90000 933.39
4546.00000 921.99
4546.10000 938.06
4546.20000 949.95
4546.30000 947.67
4546.40000 947.05
4546.50000 949.91
4546.60000 949.19
4546.70000 945.24
4546.80000 955.57
4546.90000 956.36
4547.00000 942.79
4547.10000 950.74
4547.20000 954.31
4547.30000 957.57
4547.40000 955.39
4547.50000 945.42
4547.60000 958.05
4547.70000 963.12
4547.80000 968.26
4547.90000 953.45
4548.00000 970.91
4548.10000 981.81
4548.20000 981.34
4548.30000 984.85
4548.40000 973.04
4548.50000 961.87
4548.60000 968.34
4548.70000 972.18
4548.80000 964.92
4548.90000 965.74
4549.00000 947.52
4549.10000 952.20
4549.20000 955.01
4549.30000 963.94
4549.40000 942.55
4549.50000 941.97
4549.60000 930.83
4549.70000 958.69
4549.80000 937.43
4549.90000 936.13
4550.00000 936.76
4550.10000 948.87
4550.20000 939.94
4550.30000 936.16
4550.40000 933.74
4550.50000 939.12
4550.60000 939.73
4550.70000 962.19
4550.80000 943.93
4550.90000 955.65
4551.00000 951.54
4551.10000 943.22
4551.20000 953.31
4551.30000 960.16
4551.40000 955.27
4551.50000 955.35
4551.60000 979.98
4551.70000 965.31
4551.80000 958.08
4551.90000 952.79
4552.00000 961.30
4552.10000 953.53
4552.20000 953.71
4552.30000 952.56
4552.40000 964.90
4552.50000 956.16
4552.60000 956.76
4552.70000 949.90
4552.80000 952.38
4552.90000 951.46
4553.00000 951.55
4553.10000 945.47
4553.20000 956.22
4553.30000 945.75
4553.40000 948.38
4553.50000 962.27
4553.60000 959.80
4553.70000 964.21
4553.80000 960.49
4553.90000 948.32
4554.00000 964.84
4554.10000 957.47
4554.20000 948.51
4554.30000 952.52
4554.40000 958.20
4554.50000 960.49
4554.60000 972.53
4554.70000 961.97
4554.80000 971.26
4554.90000 962.86
4555.00000 956.47
4555.10000 957.50
4555.20000 956.41
4555.30000 963.03
4555.40000 951.38
4555.50000 943.45
4555.60000 948.29
4555.70000 946.67
4555.80000 948.59
4555.90000 959.20
4556.00000 936.29
4556.10000 948.43
4556.20000 947.02
4556.30000 953.71
4556.40000 946.26
4556.50000 965.70
4556.60000 955.51
4556.70000 962.59
4556.80000 961.10
4556.90000 967.45
4557.00000 965.25
4557.10000 968.37
4557.20000 978.31
4557.30000 984.68
4557.40000 974.51
4557.50000 982.23
4557.60000 972.98
4557.70000 989.93
4557.80000 987.59
4557.90000 992.82
4558.00000 998.45
4558.10000 985.95
4558.20000 988.20
4558.30000 980.83
4558.40000 978.37
4558.50000 967.62
4558.60000 967.34
4558.70000 962.99
4558.80000 965.66
4558.90000 981.61
4559.00000 959.02
4559.10000 957.00
4559.20000 952.45
4559.30000 962.22
4559.40000 958.97
4559.50000 957.14
4559.60000 962.04
4559.70000 952.43
4559.80000 946.89
4559.90000 953.80
4560.00000 950.28
4560.10000 951.48
4560.20000 954.35
4560.30000 948.87
4560.40000 950.80
4560.50000 949.24
4560.60000 952.62
4560.70000 965.74
4560.80000 966.22
4560.90000 965.29
4561.00000 962.06
4561.10000 952.65
4561.20000 965.29
4561.30000 953.18
4561.40000 944.95
4561.50000 946.07
4561.60000 963.21
4561.70000 991.36
4561.80000 954.18
4561.90000 959.88
4562.00000 963.03
4562.10000 951.31
4562.20000 956.70
4562.30000 952.79
4562.40000 957.40
4562.50000 959.64
4562.60000 950.74
4562.70000 944.55
4562.80000 952.29
4562.90000 953.23
4563.00000 946.60
4563.10000 939.94
4563.20000 940.40
4563.30000 938.52
4563.40000 941.53
4563.50000 938.78
4563.60000 935.88
4563.70000 936.97
4563.80000 934.32
4563.90000 929.76
4564.00000 938.84
4564.10000 935.30
4564.20000 929.87
4564.30000 933.68
4564.40000 931.13
4564.50000 969.73
4564.60000 946.68
4564.70000 935.01
4564.80000 940.33
4564.90000 933.38
4565.00000 936.92
4565.10000 928.92
4565.20000 929.89
4565.30000 929.10
4565.40000 928.42
4565.50000 936.23
4565.60000 931.55
4565.70000 938.36
4565.80000 935.68
4565.90000 931.08
4566.00000 932.32
4566.10000 935.93
4566.20000 944.99
4566.30000 941.98
4566.40000 933.94
4566.50000 937.57
4566.60000 933.08
4566.70000 934.97
4566.80000 934.70
4566.90000 945.17
4567.00000 935.89
4567.10000 934.15
4567.20000 938.21
4567.30000 939.49
4567.40000 935.40
4567.50000 930.78
4567.60000 939.70
4567.70000 926.32
4567.80000 936.36
4567.90000 931.43
4568.00000 933.56
4568.10000 941.36
4568.20000 932.00
4568.30000 929.73
4568.40000 932.61
4568.50000 934.42
4568.60000 931.04
4568.70000 939.12
4568.80000 925.37
4568.90000 938.78
4569.00000 927.08
4569.10000 935.94
4569.20000 928.78
4569.30000 919.92
4569.40000 934.12
4569.50000 941.69
4569.60000 931.68
4569.70000 933.91
4569.80000 928.74
4569.90000 939.55
4570.00000 929.26
4570.10000 934.06
4570.20000 933.56
4570.30000 927.55
4570.40000 937.11
4570.50000 945.44
4570.60000 933.38
4570.70000 921.08
4570.80000 932.90
4570.90000 928.43
4571.00000 939.27
4571.10000 930.06
4571.20000 931.99
4571.30000 925.51
4571.40000 935.31
4571.50000 925.50
4571.60000 931.60
4571.70000 938.47
4571.80000 931.07
4571.90000 929.43
4572.00000 930.69
4572.10000 924.20
4572.20000 928.18
4572.30000 921.18
4572.40000 924.28
4572.50000 922.79
4572.60000 922.29
4572.70000 918.78
4572.80000 936.66
4572.90000 923.64
4573.00000 920.73
4573.10000 936.76
4573.20000 931.85
4573.30000 921.94
4573.40000 947.13
4573.50000 941.30
4573.60000 936.15
4573.70000 941.67
4573.80000 943.47
4573.90000 946.60
4574.00000 953.43
4574.10000 948.04
4574.20000 954.41
4574.30000 952.79
4574.40000 968.51
4574.50000 958.85
4574.60000 970.00
4574.70000 979.51
4574.80000 968.42
4574.90000 971.60
4575.00000 979.88
4575.10000 962.03
4575.20000 971.91
4575.30000 966.60
4575.40000 969.28
4575.50000 968.74
4575.60000 967.26
4575.70000 956.55
4575.80000 964.29
4575.90000 948.29
4576.00000 961.65
4576.10000 969.04
4576.20000 954.11
4576.30000 957.83
4576.40000 959.69
4576.50000 958.34
4576.60000 953.70
4576.70000 947.16
4576.80000 954.04
4576.90000 945.01
4577.00000 942.47
4577.10000 956.41
4577.20000 957.80
4577.30000 943.87
4577.40000 952.56
4577.50000 962.38
4577.60000 956.23
4577.70000 959.54
4577.80000 961.13
4577.90000 964.77
4578.00000 978.87
4578.10000 972.07
4578.20000 976.98
4578.30000 989.17
4578.40000 976.51
4578.50000 985.39
4578.60000 980.96
4578.70000 985.38
4578.80000 980.98
4578.90000 993.85
4579.00000 983.71
4579.10000 986.69
4579.20000 984.14
4579.30000 988.20
4579.40000 976.73
4579.50000 975.15
4579.60000 969.89
4579.70000 962.99
4579.80000 977.38
4579.90000 971.38
4580.00000 973.09
4580.10000 990.96
4580.20000 972.67
4580.30000 984.06
4580.40000 974.82
4580.50000 967.76
4580.60000 977.79
4580.70000 992.79
4580.80000 989.84
4580.90000 984.55
4581.00000 978.66
4581.10000 995.31
4581.20000 993.27
4581.30000 1004.48
4581.40000 1011.03
4581.50000 1018.19
4581.60000 1023.88
4581.70000 1022.82
4581.80000 1005.28
4581.90000 1034.66
4582.00000 1029.56
4582.10000 1034.96
4582.20000 1031.63
4582.30000 1025.38
4582.40000 1050.47
4582.50000 1046.38
4582.60000 1061.06
4582.70000 1057.44
4582.80000 1046.54
4582.90000 1054.63
4583.00000 1046.12
4583.10000 1039.67
4583.20000 1037.55
4583.30000 1034.32
4583.40000 1034.54
4583.50000 1012.09
4583.60000 1033.51
4583.70000 1010.22
4583.80000 1014.91
4583.90000 1012.03
4584.00000 1021.30
4584.10000 1016.35
4584.20000 1008.57
4584.30000 1000.94
4584.40000 1010.30
4584.50000 1009.75
4584.60000 1026.53
4584.70000 1019.28
4584.80000 1022.84
4584.90000 1032.56
4585.00000 1033.08
4585.10000 1027.39
4585.20000 1032.09
4585.30000 1035.35
4585.40000 1035.70
4585.50000 1026.48
4585.60000 1038.38
4585.70000 1029.77
4585.80000 1041.05
4585.90000 1034.69
4586.00000 1039.61
4586.10000 1035.94
4586.20000 1040.47
4586.30000 1047.39
4586.40000 1028.50
4586.50000 1025.35
4586.60000 1009.72
4586.70000 1015.37
4586.80000 1012.55
4586.90000 1010.13
4587.00000 1019.61
4587.10000 1007.31
4587.20000 1002.26
4587.30000 992.12
4587.40000 997.51
4587.50000 990.64
4587.60000 1001.69
4587.70000 990.83
4587.80000 999.38
4587.90000 980.09
4588.00000 994.05
4588.10000 983.82
4588.20000 974.04
4588.30000 977.94
4588.40000 959.70
4588.50000 963.14
4588.60000 972.89
4588.70000 970.76
4588.80000 971.14
4588.90000 953.87
4589.00000 965.99
4589.10000 965.39
4589.20000 953.80
4589.30000 971.79
4589.40000 966.61
4589.50000 970.59
4589.60000 957.36
4589.70000 968.72
4589.80000 965.49
4589.90000 968.42
4590.00000 987.89
4590.10000 975.20
4590.20000 978.03
4590.30000 968.82
4590.40000 972.20
4590.50000 977.41
4590.60000 969.27
4590.70000 976.66
4590.80000 961.33
4590.90000 975.36
4591.00000 962.79
4591.10000 968.71
4591.20000 969.85
4591.30000 967.02
4591.40000 966.29
4591.50000 962.81
4591.60000 950.40
4591.70000 971.39
4591.80000 968.20
4591.90000 957.96
4592.00000 962.78
4592.10000 965.78
4592.20000 962.89
4592.30000 960.52
4592.40000 955.46
4592.50000 955.66
4592.60000 949.28
4592.70000 946.47
4592.80000 966.06
4592.90000 956.54
4593.00000 957.12
4593.10000 956.53
4593.20000 953.80
4593.30000 961.09
4593.40000 952.83
4593.50000 958.85
4593.60000 950.19
4593.70000 964.62
4593.80000 963.16
4593.90000 953.07
4594.00000 967.85
4594.10000 954.59
4594.20000 972.16
4594.30000 958.39
4594.40000 966.84
4594.50000 956.30
4594.60000 957.03
4594.70000 968.02
4594.80000 963.61
4594.90000 965.98
4595.00000 962.40
4595.10000 957.46
4595.20000 964.33
4595.30000 964.54
4595.40000 966.89
4595.50000 974.18
4595.60000 958.90
4595.70000 954.31
4595.80000 962.14
4595.90000 971.33
4596.00000 961.70
4596.10000 952.07
4596.20000 966.81
4596.30000 952.15
4596.40000 956.47
4596.50000 959.18
4596.60000 967.17
4596.70000 952.47
4596.80000 956.50
4596.90000 960.74
4597.00000 966.71
4597.10000 958.62
4597.20000 953.04
4597.30000 963.82
4597.40000 961.31
4597.50000 967.38
4597.60000 967.52
4597.70000 973.39
4597.80000 963.87
4597.90000 973.68
4598.00000 954.24
4598.10000 955.32
4598.20000 973.77
4598.30000 966.79
4598.40000 971.05
4598.50000 984.27
4598.60000 966.08
4598.70000 966.68
4598.80000 964.47
4598.90000 982.93
4599.00000 949.25
4599.10000 966.69
4599.20000 973.09
4599.30000 967.71
4599.40000 974.88
4599.50000 969.39
4599.60000 957.46
4599.70000 973.97
4599.80000 952.47
4599.90000 969.47
4600.00000 977.59
4600.10000 967.57
4600.20000 970.20
4600.30000 965.61
4600.40000 982.37
4600.50000 955.27
4600.60000 968.78
4600.70000 976.84
4600.80000 955.96
4600.90000 982.10
4601.00000 966.68
4601.10000 967.90
4601.20000 968.85
4601.30000 971.33
4601.40000 962.54
4601.50000 964.90
4601.60000 962.19
4601.70000 966.18
4601.80000 960.19
4601.90000 960.92
4602.00000 968.30
4602.10000 962.24
4602.20000 968.47
4602.30000 972.88
4602.40000 976.46
4602.50000 979.66
4602.60000 960.25
4602.70000 960.10
4602.80000 979.70
4602.90000 981.85
4603.00000 983.17
4603.10000 968.66
4603.20000 981.16
4603.30000 972.49
4603.40000 985.51
4603.50000 975.82
4603.60000 975.48
4603.70000 980.34
4603.80000 972.35
4603.90000 974.03
4604.00000 973.35
4604.10000 968.44
4604.20000 973.76
4604.30000 969.89
4604.40000 976.72
4604.50000 966.00
4604.60000 968.84
4604.70000 976.86
4604.80000 974.88
4604.90000 965.42
4605.00000 973.84
4605.10000 957.92
4605.20000 970.33
4605.30000 969.77
4605.40000 972.97
4605.50000 971.05
4605.60000 975.33
4605.70000 978.08
4605.80000 966.41
4605.90000 976.87
4606.00000 975.61
4606.10000 979.79
4606.20000 981.19
4606.30000 977.22
4606.40000 983.76
4606.50000 979.73
4606.60000 974.05
4606.70000 968.29
4606.80000 975.67
4606.90000 974.92
4607.00000 975.96
4607.10000 975.73
4607.20000 979.08
4607.30000 972.40
4607.40000 972.46
4607.50000 962.94
4607.60000 972.64
4607.70000 962.02
4607.80000 972.21
4607.90000 975.19
4608.00000 970.34
4608.10000 970.97
4608.20000 972.78
4608.30000 970.58
4608.40000 969.73
4608.50000 966.42
4608.60000 975.98
4608.70000 979.44
4608.80000 979.65
4608.90000 973.87
4609.00000 973.08
4609.10000 968.00
4609.20000 967.95
4609.30000 984.86
4609.40000 981.81
4609.50000 958.60
4609.60000 976.49
4609.70000 970.11
4609.80000 970.76
4609.90000 961.79
4610.00000 971.31
4610.10000 974.11
4610.20000 983.55
4610.30000 976.70
4610.40000 964.86
4610.50000 970.03
4610.60000 975.72
4610.70000 969.31
4610.80000 977.29
4610.90000 978.64
4611.00000 971.54
4611.10000 975.36
4611.20000 972.92
4611.30000 980.88
4611.40000 972.66
4611.50000 971.04
4611.60000 973.42
4611.70000 965.73
4611.80000 976.67
4611.90000 973.51
4612.00000 974.10
4612.10000 967.47
4612.20000 957.85
4612.30000 970.60
4612.40000 974.69
4612.50000 979.94
4612.60000 968.14
4612.70000 962.25
4612.80000 969.41
4612.90000 976.87
4613.00000 975.18
4613.10000 984.28
4613.20000 972.16
4613.30000 979.89
4613.40000 978.40
4613.50000 981.97
4613.60000 980.97
4613.70000 989.39
4613.80000 983.97
4613.90000 979.20
4614.00000 982.08
4614.10000 979.88
4614.20000 982.95
4614.30000 978.93
4614.40000 988.14
4614.50000 987.97
4614.60000 997.29
4614.70000 988.46
4614.80000 990.35
4614.90000 990.40
4615.00000 980.74
4615.10000 994.98
4615.20000 984.44
4615.30000 996.09
4615.40000 1005.86
4615.50000 999.08
4615.60000 1003.96
4615.70000 991.83
4615.80000 1005.38
4615.90000 993.14
4616.00000 999.54
4616.10000 1005.46
4616.20000 981.72
4616.30000 1001.82
4616.40000 993.07
4616.50000 1006.47
4616.60000 988.11
4616.70000 997.14
4616.80000 1002.64
4616.90000 1002.65
4617.00000 1001.36
4617.10000 1007.56
4617.20000 1007.59
4617.30000 1008.88
4617.40000 1012.70
4617.50000 1012.31
4617.60000 1015.85
4617.70000 1011.31
4617.80000 1009.86
4617.90000 1011.99
4618.00000 1023.60
4618.10000 1009.75
4618.20000 1009.46
4618.30000 1015.94
4618.40000 1008.59
4618.50000 1009.20
4618.60000 1016.77
4618.70000 1006.44
4618.80000 1010.93
4618.90000 1021.16
4619.00000 1041.82
4619.10000 1028.29
4619.20000 1031.66
4619.30000 1020.83
4619.40000 1014.56
4619.50000 1024.16
4619.60000 1008.32
4619.70000 1024.61
4619.80000 1012.53
4619.90000 1018.52
4620.00000 1013.37
4620.10000 1020.64
4620.20000 1016.75
4620.30000 1015.74
4620.40000 1039.55
4620.50000 1022.68
4620.60000 1012.45
4620.70000 1010.68
4620.80000 1027.23
4620.90000 1017.81
4621.00000 1033.86
4621.10000 1016.20
4621.20000 1008.42
4621.30000 1016.50
4621.40000 1025.60
4621.50000 1009.63
4621.60000 1016.08
4621.70000 1027.10
4621.80000 1019.64
4621.90000 1017.45
4622.00000 1016.79
4622.10000 1018.36
4622.20000 1012.52
4622.30000 1022.72
4622.40000 1003.75
4622.50000 1013.29
4622.60000 1017.22
4622.70000 1016.80
4622.80000 1015.24
4622.90000 1020.80
4623.00000 1012.51
4623.10000 1027.31
4623.20000 1012.38
4623.30000 1009.35
4623.40000 1005.36
4623.50000 1005.27
4623.60000 1012.72
4623.70000 1015.22
4623.80000 1016.85
4623.90000 1014.31
4624.00000 1008.45
4624.10000 1007.42
4624.20000 1013.26
4624.30000 1006.15
4624.40000 988.39
4624.50000 1003.51
4624.60000 1003.60
4624.70000 1000.34
4624.80000 1008.23
4624.90000 1003.25
4625.00000 988.46
4625.10000 995.20
4625.20000 1008.22
4625.30000 1000.67
4625.40000 1008.67
4625.50000 1007.04
4625.60000 999.40
4625.70000 996.49
4625.80000 991.89
4625.90000 1008.67
4626.00000 1014.11
4626.10000 1003.20
4626.20000 1020.28
4626.30000 996.06
4626.40000 999.23
4626.50000 1007.77
4626.60000 1009.11
4626.70000 1006.93
4626.80000 1012.36
4626.90000 1016.18
4627.00000 1024.18
4627.10000 1023.79
4627.20000 1031.23
4627.30000 1032.48
4627.40000 1035.16
4627.50000 1023.84
4627.60000 1039.42
4627.70000 1049.00
4627.80000 1051.21
4627.90000 1047.25
4628.00000 1065.21
4628.10000 1061.81
4628.20000 1057.03
4628.30000 1074.18
4628.40000 1055.65
4628.50000 1061.84
4628.60000 1058.91
4628.70000 1044.04
4628.80000 1051.58
4628.90000 1039.07
4629.00000 1037.11
4629.10000 1018.27
4629.20000 1030.64
4629.30000 1046.17
4629.40000 1029.15
4629.50000 1026.49
4629.60000 1020.11
4629.70000 1027.82
4629.80000 1027.03
4629.90000 1027.01
4630.00000 1031.19
4630.10000 1027.00
4630.20000 1018.84
4630.30000 1051.82
4630.40000 1036.63
4630.50000 1019.98
4630.60000 1028.11
4630.70000 1036.34
4630.80000 1032.19
4630.90000 1041.96
4631.00000 1033.47
4631.10000 1046.54
4631.20000 1048.06
4631.30000 1049.59
4631.40000 1054.75
4631.50000 1055.30
4631.60000 1051.88
4631.70000 1056.45
4631.80000 1054.32
4631.90000 1039.26
4632.00000 1045.94
4632.10000 1040.71
4632.20000 1039.46
4632.30000 1032.74
4632.40000 1028.47
4632.50000 1041.51
4632.60000 1025.82
4632.70000 1021.37
4632.80000 1027.87
4632.90000 1025.59
4633.00000 1021.25
4633.10000 1006.18
4633.20000 1020.48
4633.30000 1008.08
4633.40000 998.78
4633.50000 1001.69
4633.60000 1007.11
4633.70000 1002.61
4633.80000 998.31
4633.90000 999.23
4634.00000 1001.31
4634.10000 1009.71
4634.20000 996.62
4634.30000 993.14
4634.40000 994.03
4634.50000 991.68
4634.60000 988.17
4634.70000 992.46
4634.80000 999.91
4634.90000 985.13
4635.00000 998.15
4635.10000 995.52
4635.20000 975.59
4635.30000 993.15
4635.40000 995.03
4635.50000 988.37
4635.60000 996.52
4635.70000 1000.57
4635.80000 998.08
4635.90000 1005.12
4636.00000 990.72
4636.10000 992.19
4636.20000 996.61
4636.30000 983.89
4636.40000 989.92
4636.50000 981.92
4636.60000 974.96
4636.70000 989.63
4636.80000 994.49
4636.90000 988.79
4637.00000 985.88
4637.10000 981.07
4637.20000 970.58
4637.30000 988.28
4637.40000 979.41
4637.50000 984.76
4637.60000 984.99
4637.70000 982.71
4637.80000 982.96
4637.90000 979.38
4638.00000 981.63
4638.10000 988.27
4638.20000 982.81
4638.30000 979.33
4638.40000 974.71
4638.50000 973.76
4638.60000 979.02
4638.70000 984.78
4638.80000 976.33
4638.90000 962.83
4639.00000 968.19
4639.10000 963.25
4639.20000 976.60
4639.30000 961.65
4639.40000 963.34
4639.50000 967.44
4639.60000 967.15
4639.70000 983.62
4639.80000 966.98
4639.90000 972.98
4640.00000 957.33
4640.10000 962.00
4640.20000 964.76
4640.30000 950.97
4640.40000 965.98
4640.50000 965.91
4640.60000 967.34
4640.70000 975.04
4640.80000 957.44
4640.90000 965.57
4641.00000 965.42
4641.10000 970.05
4641.20000 958.77
4641.30000 961.32
4641.40000 964.68
4641.50000 963.22
4641.60000 955.33
4641.70000 971.74
4641.80000 955.78
4641.90000 965.00
4642.00000 959.36
4642.10000 958.05
4642.20000 960.62
4642.30000 956.51
4642.40000 964.41
4642.50000 958.40
4642.60000 957.22
4642.70000 959.34
4642.80000 963.74
4642.90000 968.68
4643.00000 970.25
4643.10000 957.00
4643.20000 968.32
4643.30000 965.07
4643.40000 956.41
4643.50000 961.65
4643.60000 962.28
4643.70000 958.47
4643.80000 959.40
4643.90000 988.86
4644.00000 965.76
4644.10000 955.52
4644.20000 947.83
4644.30000 942.77
4644.40000 943.80
4644.50000 948.23
4644.60000 948.34
4644.70000 951.71
4644.80000 956.16
4644.90000 946.61
4645.00000 946.79
4645.10000 952.54
4645.20000 947.03
4645.30000 956.46
4645.40000 947.61
4645.50000 950.35
4645.60000 969.60
4645.70000 948.97
4645.80000 951.41
4645.90000 959.97
4646.00000 956.94
4646.10000 955.31
4646.20000 960.21
4646.30000 944.96
4646.40000 936.19
4646.50000 948.37
4646.60000 955.08
4646.70000 951.78
4646.80000 936.93
4646.90000 955.15
4647.00000 943.76
4647.10000 950.41
4647.20000 933.80
4647.30000 943.22
4647.40000 953.09
4647.50000 1028.24
4647.60000 1061.95
4647.70000 941.49
4647.80000 940.88
4647.90000 923.44
4648.00000 933.31
4648.10000 929.93
4648.20000 943.80
4648.30000 938.66
4648.40000 935.56
4648.50000 934.79
4648.60000 945.34
4648.70000 949.14
4648.80000 945.79
4648.90000 937.34
4649.00000 946.79
4649.10000 937.96
4649.20000 957.39
4649.30000 949.52
4649.40000 936.76
4649.50000 940.37
4649.60000 927.42
4649.70000 937.87
4649.80000 943.72
4649.90000 939.33
4650.00000 945.72
4650.10000 933.90
4650.20000 946.09
4650.30000 937.87
4650.40000 931.09
4650.50000 949.11
4650.60000 941.82
4650.70000 938.83
4650.80000 941.57
4650.90000 931.94
4651.00000 943.41
4651.10000 945.51
4651.20000 938.19
4651.30000 930.44
4651.40000 950.64
4651.50000 941.99
4651.60000 949.68
4651.70000 958.19
4651.80000 954.08
4651.90000 951.84
4652.00000 953.09
4652.10000 944.81
4652.20000 952.67
4652.30000 957.06
4652.40000 962.07
4652.50000 946.75
4652.60000 957.57
4652.70000 964.02
4652.80000 949.78
4652.90000 961.62
4653.00000 973.93
4653.10000 966.58
4653.20000 957.34
4653.30000 974.39
4653.40000 965.89
4653.50000 955.42
4653.60000 977.57
4653.70000 964.26
4653.80000 986.81
4653.90000 978.73
4654.00000 992.03
4654.10000 987.22
4654.20000 977.12
4654.30000 980.53
4654.40000 990.96
4654.50000 988.24
4654.60000 997.04
4654.70000 998.46
4654.80000 984.61
4654.90000 1008.23
4655.00000 1007.93
4655.10000 1001.56
4655.20000 999.02
4655.30000 1006.21
4655.40000 1010.64
4655.50000 1015.86
4655.60000 1011.85
4655.70000 1019.35
4655.80000 1014.40
4655.90000 1018.69
4656.00000 1015.89
4656.10000 1014.44
4656.20000 1020.57
4656.30000 1010.22
4656.40000 1010.30
4656.50000 1022.51
4656.60000 1016.47
4656.70000 1033.15
4656.80000 1011.83
4656.90000 1009.77
4657.00000 1007.14
4657.10000 1019.01
4657.20000 1011.97
4657.30000 1015.41
4657.40000 1018.48
4657.50000 1026.81
4657.60000 1018.44
4657.70000 1030.72
4657.80000 1018.99
4657.90000 1026.94
4658.00000 1021.09
4658.10000 1030.20
4658.20000 1029.02
4658.30000 1022.83
4658.40000 1033.76
4658.50000 1032.28
4658.60000 1034.11
4658.70000 1035.11
4658.80000 1019.36
4658.90000 1031.56
4659.00000 1026.26
4659.10000 1032.18
4659.20000 1009.36
4659.30000 1042.64
4659.40000 1022.14
4659.50000 1038.95
4659.60000 1080.95
4659.70000 1039.49
4659.80000 1042.61
4659.90000 1043.16
4660.00000 1037.63
4660.10000 1043.11
4660.20000 1030.73
4660.30000 1039.37
4660.40000 1023.74
4660.50000 1041.36
4660.60000 1037.45
4660.70000 1028.17
4660.80000 1024.88
4660.90000 1038.31
4661.00000 1042.55
4661.10000 1040.73
4661.20000 1048.42
4661.30000 1038.29
4661.40000 1023.65
4661.50000 1025.93
4661.60000 1027.70
4661.70000 1034.44
4661.80000 1043.42
4661.90000 1031.21
4662.00000 1021.35
4662.10000 1031.42
4662.20000 1026.20
4662.30000 1039.88
4662.40000 1049.14
4662.50000 1036.55
4662.60000 1024.35
4662.70000 1025.34
4662.80000 1039.12
4662.90000 1037.10
4663.00000 1049.11
4663.10000 1041.50
4663.20000 1031.12
4663.30000 1037.17
4663.40000 1033.50
4663.50000 1038.75
4663.60000 1046.24
4663.70000 1044.75
4663.80000 1043.18
4663.90000 1051.61
4664.00000 1051.74
4664.10000 1043.03
4664.20000 1042.52
4664.30000 1042.89
4664.40000 1043.33
4664.50000 1049.85
4664.60000 1046.54
4664.70000 1057.18
4664.80000 1072.85
4664.90000 1058.75
4665.00000 1063.38
4665.10000 1067.79
4665.20000 1067.75
4665.30000 1063.45
4665.40000 1071.60
4665.50000 1059.82
4665.60000 1062.67
4665.70000 1061.58
4665.80000 1063.92
4665.90000 1061.36
4666.00000 1050.11
4666.10000 1055.63
4666.20000 1050.36
4666.30000 1059.21
4666.40000 1056.13
4666.50000 1032.88
4666.60000 1057.30
4666.70000 1054.59
4666.80000 1041.48
4666.90000 1056.51
4667.00000 1048.85
4667.10000 1056.82
4667.20000 1040.06
4667.30000 1044.45
4667.40000 1060.21
4667.50000 1048.51
4667.60000 1036.17
4667.70000 1050.94
4667.80000 1048.23
4667.90000 1051.50
4668.00000 1050.28
4668.10000 1058.43
4668.20000 1051.96
4668.30000 1045.63
4668.40000 1066.12
4668.50000 1060.22
4668.60000 1052.44
4668.70000 1071.10
4668.80000 1061.99
4668.90000 1064.89
4669.00000 1053.72
4669.10000 1058.52
4669.20000 1062.71
4669.30000 1060.07
4669.40000 1060.03
4669.50000 1060.07
4669.60000 1061.91
4669.70000 1053.67
4669.80000 1051.10
4669.90000 1053.82
4670.00000 1057.20
4670.10000 1064.38
4670.20000 1058.79
4670.30000 1044.30
4670.40000 1053.68
4670.50000 1042.93
4670.60000 1063.18
4670.70000 1043.40
4670.80000 1036.32
4670.90000 1037.59
4671.00000 1035.71
4671.10000 1048.35
4671.20000 1040.68
4671.30000 1041.96
4671.40000 1036.31
4671.50000 1035.61
4671.60000 1030.27
4671.70000 1045.75
4671.80000 1025.60
4671.90000 1029.47
4672.00000 1032.84
4672.10000 1030.82
4672.20000 1025.04
4672.30000 1036.46
4672.40000 1037.47
4672.50000 1027.75
4672.60000 1018.53
4672.70000 1037.97
4672.80000 1036.13
4672.90000 1035.17
4673.00000 1034.36
4673.10000 1037.57
4673.20000 1026.74
4673.30000 1041.91
4673.40000 1032.11
4673.50000 1031.75
4673.60000 1022.57
4673.70000 1037.34
4673.80000 1027.93
4673.90000 1030.91
4674.00000 1024.27
4674.10000 1030.13
4674.20000 1022.70
4674.30000 1011.14
4674.40000 1025.99
4674.50000 1023.67
4674.60000 1028.71
4674.70000 1030.11
4674.80000 1019.45
4674.90000 1016.00
4675.00000 1016.43
4675.10000 1014.39
4675.20000 1023.14
4675.30000 1013.12
4675.40000 1010.35
4675.50000 1020.08
4675.60000 1015.01
4675.70000 1023.06
4675.80000 1021.16
4675.90000 1023.99
4676.00000 1027.76
4676.10000 1010.26
4676.20000 1023.24
4676.30000 1032.37
4676.40000 1020.32
4676.50000 1019.42
4676.60000 1010.62
4676.70000 1023.56
4676.80000 1031.26
4676.90000 1024.07
4677.00000 1019.12
4677.10000 1028.55
4677.20000 1027.56
4677.30000 1021.91
4677.40000 1029.13
4677.50000 1019.80
4677.60000 1031.51
4677.70000 1017.94
4677.80000 1010.65
4677.90000 1021.84
4678.00000 1030.19
4678.10000 1041.72
4678.20000 1024.50
4678.30000 1023.78
4678.40000 1015.87
4678.50000 1021.21
4678.60000 1014.82
4678.70000 1023.06
4678.80000 1036.98
4678.90000 1024.54
4679.00000 1017.30
4679.10000 1026.06
4679.20000 1027.84
4679.30000 1026.27
4679.40000 1025.67
4679.50000 1026.86
4679.60000 1036.76
4679.70000 1027.30
4679.80000 1015.41
4679.90000 1024.97
4680.00000 1026.13
4680.10000 1027.88
4680.20000 1020.62
4680.30000 1032.98
4680.40000 1026.57
4680.50000 1028.86
4680.60000 1033.17
4680.70000 1026.30
4680.80000 1023.75
4680.90000 1024.82
4681.00000 1025.74
4681.10000 1028.33
4681.20000 1031.56
4681.30000 1028.19
4681.40000 1028.25
4681.50000 1019.17
4681.60000 1031.77
4681.70000 1030.84
4681.80000 1027.81
4681.90000 1028.80
4682.00000 1023.93
4682.10000 1042.39
4682.20000 1033.78
4682.30000 1028.09
4682.40000 1035.70
4682.50000 1040.93
4682.60000 1037.79
4682.70000 1034.87
4682.80000 1038.78
4682.90000 1041.28
4683.00000 1024.23
4683.10000 1027.18
4683.20000 1029.90
4683.30000 1023.00
4683.40000 1021.13
4683.50000 1018.25
4683.60000 1016.29
4683.70000 1031.60
4683.80000 1032.38
4683.90000 1024.58
4684.00000 1032.49
4684.10000 1031.42
4684.20000 1032.97
4684.30000 1030.44
4684.40000 1019.98
4684.50000 1028.31
4684.60000 1033.70
4684.70000 1029.18
4684.80000 1031.97
4684.90000 1016.91
4685.00000 1023.93
4685.10000 1022.85
4685.20000 1025.48
4685.30000 1019.21
4685.40000 1006.69
4685.50000 1036.92
4685.60000 1024.49
4685.70000 1024.70
4685.80000 1022.30
4685.90000 1028.11
4686.00000 1031.12
4686.10000 1021.09
4686.20000 1030.03
4686.30000 1021.15
4686.40000 1025.16
4686.50000 1019.19
4686.60000 1022.65
4686.70000 1022.11
4686.80000 1027.33
4686.90000 1018.20
4687.00000 1031.90
4687.10000 1027.22
4687.20000 1025.74
4687.30000 1025.24
4687.40000 1023.15
4687.50000 1028.11
4687.60000 1030.64
4687.70000 1032.39
4687.80000 1031.72
4687.90000 1022.86
4688.00000 1029.08
4688.10000 1029.26
4688.20000 1023.43
4688.30000 1014.96
4688.40000 1026.57
4688.50000 1026.24
4688.60000 1029.46
4688.70000 1034.33
4688.80000 1044.85
4688.90000 1034.76
4689.00000 1041.31
4689.10000 1042.42
4689.20000 1028.71
4689.30000 1028.00
4689.40000 1028.40
4689.50000 1034.61
4689.60000 1028.97
4689.70000 1041.10
4689.80000 1031.45
4689.90000 1042.02
4690.00000 1040.84
4690.10000 1031.44
4690.20000 1057.27
4690.30000 1040.46
4690.40000 1040.92
4690.50000 1059.77
4690.60000 1048.94
4690.70000 1036.16
4690.80000 1030.74
4690.90000 1042.04
4691.00000 1048.84
4691.10000 1058.05
4691.20000 1050.37
4691.30000 1047.47
4691.40000 1053.04
4691.50000 1041.00
4691.60000 1050.82
4691.70000 1045.33
4691.80000 1038.50
4691.90000 1049.15
4692.00000 1039.02
4692.10000 1043.82
4692.20000 1053.72
4692.30000 1047.05
4692.40000 1039.19
4692.50000 1040.89
4692.60000 1053.08
4692.70000 1051.33
4692.80000 1037.45
4692.90000 1042.63
4693.00000 1052.30
4693.10000 1055.06
4693.20000 1050.67
4693.30000 1048.95
4693.40000 1038.75
4693.50000 1045.02
4693.60000 1039.51
4693.70000 1040.31
4693.80000 1041.19
4693.90000 1049.77
4694.00000 1039.76
4694.10000 1051.31
4694.20000 1036.56
4694.30000 1045.18
4694.40000 1047.33
4694.50000 1028.93
4694.60000 1032.00
4694.70000 1036.70
4694.80000 1039.04
4694.90000 1040.27
4695.00000 1038.74
4695.10000 1028.16
4695.20000 1038.93
4695.30000 1028.45
4695.40000 1038.77
4695.50000 1046.06
4695.60000 1042.68
4695.70000 1045.01
4695.80000 1043.90
4695.90000 1040.11
4696.00000 1041.77
4696.10000 1036.58
4696.20000 1037.74
4696.30000 1044.55
4696.40000 1053.38
4696.50000 1034.88
4696.60000 1033.31
4696.70000 1041.15
4696.80000 1035.05
4696.90000 1032.56
4697.00000 1030.88
4697.10000 1032.14
4697.20000 1051.34
4697.30000 1039.69
4697.40000 1027.19
4697.50000 1031.24
4697.60000 1041.23
4697.70000 1039.56
4697.80000 1042.88
4697.90000 1040.39
4698.00000 1040.95
4698.10000 1032.71
4698.20000 1038.26
4698.30000 1028.98
4698.40000 1044.01
4698.50000 1033.45
4698.60000 1045.45
4698.70000 1042.33
4698.80000 1035.42
4698.90000 1038.97
4699.00000 1044.45
4699.10000 1027.15
4699.20000 1030.43
4699.30000 1038.60
4699.40000 1040.89
4699.50000 1034.18
4699.60000 1039.99
4699.70000 1041.36
4699.80000 1030.71
4699.90000 1040.27
4700.00000 1030.53
4700.10000 1044.70
4700.20000 1035.80
4700.30000 1029.69
4700.40000 1032.14
4700.50000 1044.18
4700.60000 1039.89
4700.70000 1037.94
4700.80000 1037.83
4700.90000 1039.38
4701.00000 1044.90
4701.10000 1041.00
4701.20000 1039.68
4701.30000 1029.40
4701.40000 1033.81
4701.50000 1035.63
4701.60000 1038.65
4701.70000 1038.83
4701.80000 1033.84
4701.90000 1038.72
4702.00000 1041.72
4702.10000 1035.44
4702.20000 1051.95
4702.30000 1045.09
4702.40000 1037.34
4702.50000 1036.76
4702.60000 1034.49
4702.70000 1038.69
4702.80000 1028.50
4702.90000 1035.43
4703.00000 1037.67
4703.10000 1045.24
4703.20000 1031.88
4703.30000 1032.54
4703.40000 1044.17
4703.50000 1032.16
4703.60000 1028.73
4703.70000 1032.65
4703.80000 1047.49
4703.90000 1044.24
4704.00000 1039.27
4704.10000 1054.39
4704.20000 1036.23
4704.30000 1031.37
4704.40000 1031.82
4704.50000 1047.76
4704.60000 1036.19
4704.70000 1052.33
4704.80000 1046.89
4704.90000 1046.08
4705.00000 1048.48
4705.10000 1037.49
4705.20000 1042.16
4705.30000 1047.94
4705.40000 1047.92
4705.50000 1033.13
4705.60000 1042.28
4705.70000 1056.37
4705.80000 1047.68
4705.90000 1046.89
4706.00000 1045.70
4706.10000 1043.47
4706.20000 1037.91
4706.30000 1040.88
4706.40000 1045.93
4706.50000 1052.82
4706.60000 1052.18
4706.70000 1052.27
4706.80000 1047.40
4706.90000 1036.31
4707.00000 1045.15
4707.10000 1055.20
4707.20000 1040.95
4707.30000 1045.56
4707.40000 1047.77
4707.50000 1043.01
4707.60000 1042.33
4707.70000 1039.58
4707.80000 1044.19
4707.90000 1041.14
4708.00000 1037.46
4708.10000 1037.92
4708.20000 1036.06
4708.30000 1036.58
4708.40000 1047.67
4708.50000 1058.94
4708.60000 1019.56
4708.70000 1040.02
4708.80000 1035.36
4708.90000 1036.56
4709.00000 1035.67
4709.10000 1025.25
4709.20000 1054.88
4709.30000 1028.82
4709.40000 1044.49
4709.50000 1027.04
4709.60000 1039.24
4709.70000 1044.50
4709.80000 1049.02
4709.90000 1034.52
4710.00000 1038.38
4710.10000 1029.09
4710.20000 1034.05
4710.30000 1025.91
4710.40000 1037.63
4710.50000 1037.31
4710.60000 1033.95
4710.70000 1048.01
4710.80000 1034.23
4710.90000 1034.57
4711.00000 1026.17
4711.10000 1015.26
4711.20000 1016.20
4711.30000 1035.32
4711.40000 1025.78
4711.50000 1046.28
4711.60000 1035.01
4711.70000 1027.20
4711.80000 1043.63
4711.90000 1025.61
4712.00000 1042.41
4712.10000 1045.09
4712.20000 1032.99
4712.30000 1038.47
4712.40000 1033.30
4712.50000 1033.75
4712.60000 1040.56
4712.70000 1042.79
4712.80000 1040.25
4712.90000 1034.32
4713.00000 1030.42
4713.10000 1034.70
4713.20000 1048.88
4713.30000 1044.35
4713.40000 1027.29
4713.50000 1023.33
4713.60000 1028.99
4713.70000 1025.45
4713.80000 1033.99
4713.90000 1036.43
4714.00000 1033.65
4714.10000 1027.32
4714.20000 1026.31
4714.30000 1028.67
4714.40000 1033.45
4714.50000 1033.44
4714.60000 1037.34
4714.70000 1019.31
4714.80000 1032.82
4714.90000 1032.85
4715.00000 1035.34
4715.10000 1046.48
4715.20000 1029.19
4715.30000 1043.73
4715.40000 1049.48
4715.50000 1039.33
4715.60000 1038.09
4715.70000 1045.96
4715.80000 1032.30
4715.90000 1044.72
4716.00000 1036.29
4716.10000 1050.76
4716.20000 1043.47
4716.30000 1053.02
4716.40000 1038.89
4716.50000 1046.04
4716.60000 1051.39
4716.70000 1052.76
4716.80000 1045.95
4716.90000 1053.57
4717.00000 1059.57
4717.10000 1061.42
4717.20000 1044.51
4717.30000 1070.68
4717.40000 1066.09
4717.50000 1053.87
4717.60000 1060.38
4717.70000 1063.77
4717.80000 1048.20
4717.90000 1061.88
4718.00000 1053.48
4718.10000 1054.50
4718.20000 1050.02
4718.30000 1057.44
4718.40000 1061.87
4718.50000 1062.37
4718.60000 1072.35
4718.70000 1058.96
4718.80000 1059.80
4718.90000 1058.74
4719.00000 1051.27
4719.10000 1056.96
4719.20000 1077.95
4719.30000 1058.35
4719.40000 1065.25
4719.50000 1062.76
4719.60000 1063.05
4719.70000 1055.67
4719.80000 1080.17
4719.90000 1078.69
4720.00000 1058.23
4720.10000 1078.49
4720.20000 1076.73
4720.30000 1066.35
4720.40000 1070.58
4720.50000 1097.52
4720.60000 1072.76
4720.70000 1071.73
4720.80000 1078.40
4720.90000 1071.90
4721.00000 1086.75
4721.10000 1087.27
4721.20000 1088.99
4721.30000 1079.09
4721.40000 1082.09
4721.50000 1087.84
4721.60000 1079.64
4721.70000 1065.37
4721.80000 1080.17
4721.90000 1083.98
4722.00000 1085.01
4722.10000 1071.23
4722.20000 1084.55
4722.30000 1076.56
4722.40000 1084.67
4722.50000 1081.49
4722.60000 1083.73
4722.70000 1068.03
4722.80000 1082.02
4722.90000 1088.56
4723.00000 1077.82
4723.10000 1088.19
4723.20000 1077.00
4723.30000 1071.88
4723.40000 1082.53
4723.50000 1079.53
4723.60000 1070.70
4723.70000 1083.72
4723.80000 1078.50
4723.90000 1078.33
4724.00000 1081.75
4724.10000 1073.30
4724.20000 1078.23
4724.30000 1083.20
4724.40000 1066.00
4724.50000 1083.43
4724.60000 1081.77
4724.70000 1063.93
4724.80000 1079.27
4724.90000 1080.80
4725.00000 1077.30
4725.10000 1070.62
4725.20000 1064.28
4725.30000 1053.05
4725.40000 1057.31
4725.50000 1067.51
4725.60000 1075.19
4725.70000 1066.79
4725.80000 1053.89
4725.90000 1066.84
4726.00000 1039.66
4726.10000 1048.46
4726.20000 1046.98
4726.30000 1034.68
4726.40000 1031.13
4726.50000 1019.47
4726.60000 1037.15
4726.70000 1034.14
4726.80000 1029.83
4726.90000 1030.62
4727.00000 1025.85
4727.10000 1034.99
4727.20000 1038.51
4727.30000 1045.16
4727.40000 1053.41
4727.50000 1041.11
4727.60000 1052.67
4727.70000 1053.76
4727.80000 1046.57
4727.90000 1058.13
4728.00000 1052.74
4728.10000 1048.26
4728.20000 1059.40
4728.30000 1066.76
4728.40000 1064.76
4728.50000 1065.41
4728.60000 1059.81
4728.70000 1067.59
4728.80000 1068.48
4728.90000 1055.59
4729.00000 1055.14
4729.10000 1068.44
4729.20000 1078.67
4729.30000 1078.41
4729.40000 1109.85
4729.50000 1083.21
4729.60000 1087.52
4729.70000 1093.43
4729.80000 1094.11
4729.90000 1104.06
4730.00000 1108.46
4730.10000 1107.62
4730.20000 1110.44
4730.30000 1115.76
4730.40000 1107.11
4730.50000 1108.66
4730.60000 1111.62
4730.70000 1106.12
4730.80000 1092.77
4730.90000 1120.95
4731.00000 1103.15
4731.10000 1107.00
4731.20000 1102.87
4731.30000 1112.11
4731.40000 1099.78
4731.50000 1089.68
4731.60000 1101.28
4731.70000 1091.60
4731.80000 1087.09
4731.90000 1106.41
4732.00000 1097.88
4732.10000 1092.11
4732.20000 1103.17
4732.30000 1093.73
4732.40000 1096.48
4732.50000 1102.43
4732.60000 1116.23
4732.70000 1100.80
4732.80000 1101.56
4732.90000 1104.04
4733.00000 1091.81
4733.10000 1112.96
4733.20000 1097.24
4733.30000 1111.50
4733.40000 1109.39
4733.50000 1114.00
4733.60000 1100.90
4733.70000 1126.97
4733.80000 1112.00
4733.90000 1095.48
4734.00000 1110.72
4734.10000 1103.88
4734.20000 1108.59
4734.30000 1112.57
4734.40000 1109.53
4734.50000 1098.93
4734.60000 1113.28
4734.70000 1110.24
4734.80000 1115.83
4734.90000 1107.77
4735.00000 1111.78
4735.10000 1097.69
4735.20000 1091.80
4735.30000 1087.07
4735.40000 1088.97
4735.50000 1092.63
4735.60000 1093.45
4735.70000 1087.03
4735.80000 1086.76
4735.90000 1089.14
4736.00000 1095.08
4736.10000 1091.06
4736.20000 1101.61
4736.30000 1088.74
4736.40000 1096.92
4736.50000 1084.96
4736.60000 1091.61
4736.70000 1099.15
4736.80000 1086.28
4736.90000 1084.03
4737.00000 1082.00
4737.10000 1086.37
4737.20000 1083.92
4737.30000 1094.75
4737.40000 1100.34
4737.50000 1088.07
4737.60000 1086.96
4737.70000 1094.88
4737.80000 1091.34
4737.90000 1096.32
4738.00000 1085.49
4738.10000 1096.09
4738.20000 1079.02
4738.30000 1112.61
4738.40000 1087.32
4738.50000 1089.82
4738.60000 1087.98
4738.70000 1091.91
4738.80000 1090.36
4738.90000 1083.25
4739.00000 1096.56
4739.10000 1093.46
4739.20000 1092.40
4739.30000 1094.84
4739.40000 1095.12
4739.50000 1086.77
4739.60000 1094.16
4739.70000 1095.24
4739.80000 1097.34
4739.90000 1097.93
4740.00000 1103.30
4740.10000 1101.86
4740.20000 1095.59
4740.30000 1089.06
4740.40000 1093.73
4740.50000 1098.31
4740.60000 1092.02
4740.70000 1079.58
4740.80000 1095.64
4740.90000 1098.40
4741.00000 1088.97
4741.10000 1096.75
4741.20000 1103.63
4741.30000 1098.46
4741.40000 1087.27
4741.50000 1101.43
4741.60000 1095.47
4741.70000 1086.75
4741.80000 1095.90
4741.90000 1107.81
4742.00000 1089.67
4742.10000 1095.53
4742.20000 1095.75
4742.30000 1093.86
4742.40000 1105.36
4742.50000 1096.72
4742.60000 1090.89
4742.70000 1096.64
4742.80000 1097.94
4742.90000 1087.25
4743.00000 1105.23
4743.10000 1084.10
4743.20000 1097.27
4743.30000 1088.96
4743.40000 1089.01
4743.50000 1095.85
4743.60000 1094.70
4743.70000 1099.19
4743.80000 1103.41
4743.90000 1098.70
4744.00000 1080.71
4744.10000 1096.80
4744.20000 1096.67
4744.30000 1092.86
4744.40000 1082.59
4744.50000 1092.27
4744.60000 1092.22
4744.70000 1083.10
4744.80000 1100.32
4744.90000 1097.35
4745.00000 1096.91
4745.10000 1095.35
4745.20000 1095.48
4745.30000 1082.64
4745.40000 1086.01
4745.50000 1089.54
4745.60000 1102.38
4745.70000 1094.21
4745.80000 1088.77
4745.90000 1081.44
4746.00000 1101.19
4746.10000 1084.24
4746.20000 1084.97
4746.30000 1088.28
4746.40000 1090.93
4746.50000 1087.06
4746.60000 1088.87
4746.70000 1099.07
4746.80000 1096.59
4746.90000 1093.32
4747.00000 1095.84
4747.10000 1087.03
4747.20000 1088.15
4747.30000 1094.51
4747.40000 1078.95
4747.50000 1089.20
4747.60000 1088.88
4747.70000 1090.93
4747.80000 1079.08
4747.90000 1082.68
4748.00000 1096.16
4748.10000 1076.15
4748.20000 1090.17
4748.30000 1105.70
4748.40000 1082.90
4748.50000 1093.97
4748.60000 1087.19
4748.70000 1085.13
4748.80000 1093.27
4748.90000 1101.92
4749.00000 1090.55
4749.10000 1090.74
4749.20000 1082.93
4749.30000 1095.13
4749.40000 1085.08
4749.50000 1091.69
4749.60000 1080.87
4749.70000 1083.03
4749.80000 1095.61
4749.90000 1082.17
4750.00000 1083.94
4750.10000 1083.40
4750.20000 1094.66
4750.30000 1088.55
4750.40000 1100.84
4750.50000 1085.25
4750.60000 1080.75
4750.70000 1097.82
4750.80000 1092.21
4750.90000 1122.19
4751.00000 1194.11
4751.10000 1099.78
4751.20000 1086.24
4751.30000 1083.82
4751.40000 1089.33
4751.50000 1097.40
4751.60000 1089.19
4751.70000 1087.32
4751.80000 1092.74
4751.90000 1095.29
4752.00000 1077.10
4752.10000 1074.19
4752.20000 1081.62
4752.30000 1080.57
4752.40000 1086.36
4752.50000 1075.27
4752.60000 1086.26
4752.70000 1090.17
4752.80000 1086.79
4752.90000 1096.25
4753.00000 1099.12
4753.10000 1081.16
4753.20000 1094.45
4753.30000 1087.53
4753.40000 1088.77
4753.50000 1083.46
4753.60000 1088.68
4753.70000 1088.27
4753.80000 1094.25
4753.90000 1100.50
4754.00000 1092.86
4754.10000 1075.49
4754.20000 1082.06
4754.30000 1086.05
4754.40000 1098.81
4754.50000 1081.26
4754.60000 1090.88
4754.70000 1085.63
4754.80000 1097.63
4754.90000 1097.72
4755.00000 1094.54
4755.10000 1087.80
4755.20000 1088.65
4755.30000 1094.16
4755.40000 1080.38
4755.50000 1081.57
4755.60000 1084.23
4755.70000 1083.64
4755.80000 1093.60
4755.90000 1092.76
4756.00000 1090.42
4756.10000 1087.43
4756.20000 1097.48
4756.30000 1087.05
4756.40000 1083.60
4756.50000 1088.00
4756.60000 1090.73
4756.70000 1096.46
4756.80000 1087.53
4756.90000 1093.62
4757.00000 1102.97
4757.10000 1082.95
4757.20000 1096.11
4757.30000 1093.81
4757.40000 1099.81
4757.50000 1075.39
4757.60000 1096.15
4757.70000 1099.76
4757.80000 1091.16
4757.90000 1096.41
4758.00000 1094.08
4758.10000 1084.96
4758.20000 1096.08
4758.30000 1093.46
4758.40000 1098.34
4758.50000 1085.39
4758.60000 1093.34
4758.70000 1106.76
4758.80000 1088.26
4758.90000 1090.21
4759.00000 1102.84
4759.10000 1083.41
4759.20000 1099.23
4759.30000 1090.70
4759.40000 1086.63
4759.50000 1074.39
4759.60000 1095.58
4759.70000 1089.56
4759.80000 1100.37
4759.90000 1097.61
4760.00000 1100.15
4760.10000 1098.86
4760.20000 1086.45
4760.30000 1088.53
4760.40000 1112.33
4760.50000 1102.28
4760.60000 1094.66
4760.70000 1087.81
4760.80000 1094.68
4760.90000 1089.68
4761.00000 1089.67
4761.10000 1101.01
4761.20000 1103.69
4761.30000 1086.08
4761.40000 1095.71
4761.50000 1088.90
4761.60000 1103.10
4761.70000 1097.62
4761.80000 1088.54
4761.90000 1103.52
4762.00000 1088.95
4762.10000 1093.80
4762.20000 1103.17
4762.30000 1096.46
4762.40000 1091.51
4762.50000 1085.70
4762.60000 1088.38
4762.70000 1087.45
4762.80000 1086.90
4762.90000 1080.37
4763.00000 1078.11
4763.10000 1091.36
4763.20000 1068.27
4763.30000 1076.06
4763.40000 1077.12
4763.50000 1082.92
4763.60000 1074.35
4763.70000 1082.82
4763.80000 1086.93
4763.90000 1091.73
4764.00000 1093.56
4764.10000 1107.26
4764.20000 1096.87
4764.30000 1090.72
4764.40000 1091.62
4764.50000 1094.06
4764.60000 1104.71
4764.70000 1100.29
4764.80000 1102.00
4764.90000 1098.40
4765.00000 1103.48
4765.10000 1091.78
4765.20000 1097.28
4765.30000 1107.65
4765.40000 1105.57
4765.50000 1096.14
4765.60000 1104.91
4765.70000 1109.46
4765.80000 1101.21
4765.90000 1101.66
4766.00000 1118.55
4766.10000 1113.12
4766.20000 1109.13
4766.30000 1108.59
4766.40000 1113.41
4766.50000 1102.42
4766.60000 1106.00
4766.70000 1108.14
4766.80000 1105.55
4766.90000 1099.81
4767.00000 1114.49
4767.10000 1111.58
4767.20000 1114.64
4767.30000 1118.87
4767.40000 1108.52
4767.50000 1108.30
4767.60000 1112.70
4767.70000 1092.41
4767.80000 1104.18
4767.90000 1101.63
4768.00000 1100.54
4768.10000 1110.05
4768.20000 1112.25
4768.30000 1108.11
4768.40000 1092.69
4768.50000 1104.41
4768.60000 1106.40
4768.70000 1107.19
4768.80000 1099.48
4768.90000 1102.21
4769.00000 1102.35
4769.10000 1094.38
4769.20000 1109.57
4769.30000 1093.97
4769.40000 1108.78
4769.50000 1108.67
4769.60000 1094.48
4769.70000 1117.78
4769.80000 1090.62
4769.90000 1100.33
4770.00000 1099.32
4770.10000 1096.37
4770.20000 1102.84
4770.30000 1087.66
4770.40000 1078.54
4770.50000 1096.70
4770.60000 1100.29
4770.70000 1112.36
4770.80000 1094.06
4770.90000 1099.39
4771.00000 1098.48
4771.10000 1103.29
4771.20000 1096.76
4771.30000 1099.61
4771.40000 1100.07
4771.50000 1100.68
4771.60000 1097.28
4771.70000 1091.04
4771.80000 1095.12
4771.90000 1093.90
4772.00000 1087.61
4772.10000 1082.95
4772.20000 1099.46
4772.30000 1095.49
4772.40000 1107.24
4772.50000 1097.77
4772.60000 1100.64
4772.70000 1103.95
4772.80000 1106.82
4772.90000 1102.58
4773.00000 1104.71
4773.10000 1103.97
4773.20000 1107.42
4773.30000 1108.65
4773.40000 1105.04
4773.50000 1095.31
4773.60000 1100.12
4773.70000 1100.38
4773.80000 1093.45
4773.90000 1093.33
4774.00000 1095.23
4774.10000 1110.94
4774.20000 1108.52
4774.30000 1099.99
4774.40000 1092.36
4774.50000 1113.95
4774.60000 1110.59
4774.70000 1088.51
4774.80000 1100.60
4774.90000 1103.69
4775.00000 1108.03
4775.10000 1110.38
4775.20000 1107.45
4775.30000 1097.67
4775.40000 1099.16
4775.50000 1090.39
4775.60000 1099.72
4775.70000 1098.34
4775.80000 1096.61
4775.90000 1096.20
4776.00000 1101.89
4776.10000 1103.36
4776.20000 1099.20
4776.30000 1095.61
4776.40000 1124.61
4776.50000 1103.83
4776.60000 1103.25
4776.70000 1102.64
4776.80000 1097.12
4776.90000 1102.94
4777.00000 1115.39
4777.10000 1107.18
4777.20000 1102.56
4777.30000 1113.85
4777.40000 1114.05
4777.50000 1096.93
4777.60000 1119.91
4777.70000 1117.63
4777.80000 1107.92
4777.90000 1097.57
4778.00000 1108.02
4778.10000 1115.86
4778.20000 1111.32
4778.30000 1117.97
4778.40000 1111.05
4778.50000 1125.03
4778.60000 1114.43
4778.70000 1107.59
4778.80000 1120.25
4778.90000 1117.56
4779.00000 1113.86
4779.10000 1113.10
4779.20000 1116.26
4779.30000 1118.95
4779.40000 1120.38
4779.50000 1110.73
4779.60000 1114.31
4779.70000 1107.99
4779.80000 1111.48
4779.90000 1113.20
4780.00000 1099.55
4780.10000 1108.40
4780.20000 1096.92
4780.30000 1110.32
4780.40000 1101.46
4780.50000 1088.89
4780.60000 1098.09
4780.70000 1097.73
4780.80000 1096.40
4780.90000 1106.99
4781.00000 1102.42
4781.10000 1116.65
4781.20000 1111.87
4781.30000 1106.49
4781.40000 1114.52
4781.50000 1104.83
4781.60000 1120.68
4781.70000 1116.75
4781.80000 1125.01
4781.90000 1129.07
4782.00000 1119.53
4782.10000 1134.25
4782.20000 1147.78
4782.30000 1124.11
4782.40000 1122.73
4782.50000 1136.32
4782.60000 1130.96
4782.70000 1125.40
4782.80000 1127.83
4782.90000 1138.70
4783.00000 1133.78
4783.10000 1131.10
4783.20000 1128.71
4783.30000 1130.24
4783.40000 1140.03
4783.50000 1133.15
4783.60000 1138.43
4783.70000 1135.24
4783.80000 1143.12
4783.90000 1134.73
4784.00000 1136.28
4784.10000 1131.01
4784.20000 1130.83
4784.30000 1138.45
4784.40000 1137.24
4784.50000 1120.64
4784.60000 1137.79
4784.70000 1131.00
4784.80000 1144.59
4784.90000 1140.20
4785.00000 1127.30
4785.10000 1130.65
4785.20000 1124.33
4785.30000 1144.10
4785.40000 1128.87
4785.50000 1134.57
4785.60000 1137.26
4785.70000 1120.82
4785.80000 1129.49
4785.90000 1130.62
4786.00000 1135.61
4786.10000 1131.33
4786.20000 1130.00
4786.30000 1134.81
4786.40000 1137.17
4786.50000 1142.41
4786.60000 1147.49
4786.70000 1135.39
4786.80000 1121.45
4786.90000 1129.55
4787.00000 1125.11
4787.10000 1139.09
4787.20000 1138.61
4787.30000 1141.20
4787.40000 1145.63
4787.50000 1119.07
4787.60000 1131.62
4787.70000 1126.52
4787.80000 1134.53
4787.90000 1127.00
4788.00000 1139.31
4788.10000 1135.41
4788.20000 1133.34
4788.30000 1131.13
4788.40000 1133.96
4788.50000 1130.13
4788.60000 1137.07
4788.70000 1138.95
4788.80000 1149.58
4788.90000 1137.43
4789.00000 1130.80
4789.10000 1136.66
4789.20000 1138.13
4789.30000 1139.85
4789.40000 1128.15
4789.50000 1134.21
4789.60000 1133.95
4789.70000 1137.43
4789.80000 1140.42
4789.90000 1144.43
4790.00000 1132.92
4790.10000 1138.10
4790.20000 1135.58
4790.30000 1137.73
4790.40000 1140.50
4790.50000 1141.48
4790.60000 1140.20
4790.70000 1132.86
4790.80000 1145.06
4790.90000 1147.19
4791.00000 1139.69
4791.10000 1141.84
4791.20000 1123.91
4791.30000 1129.51
4791.40000 1129.46
4791.50000 1140.84
4791.60000 1133.55
4791.70000 1137.64
4791.80000 1145.66
4791.90000 1141.24
4792.00000 1127.30
4792.10000 1138.88
4792.20000 1136.92
4792.30000 1143.62
4792.40000 1134.16
4792.50000 1132.50
4792.60000 1127.23
4792.70000 1139.37
4792.80000 1142.22
4792.90000 1140.25
4793.00000 1147.18
4793.10000 1141.45
4793.20000 1132.78
4793.30000 1139.71
4793.40000 1146.92
4793.50000 1143.57
4793.60000 1144.64
4793.70000 1141.78
4793.80000 1144.57
4793.90000 1134.34
4794.00000 1146.55
4794.10000 1146.03
4794.20000 1147.62
4794.30000 1154.49
4794.40000 1152.41
4794.50000 1144.40
4794.60000 1142.47
4794.70000 1146.94
4794.80000 1142.69
4794.90000 1145.46
4795.00000 1157.28
4795.10000 1142.01
4795.20000 1160.10
4795.30000 1146.20
4795.40000 1146.46
4795.50000 1152.95
4795.60000 1150.75
4795.70000 1150.14
4795.80000 1149.96
4795.90000 1154.22
4796.00000 1142.13
4796.10000 1136.32
4796.20000 1145.52
4796.30000 1153.24
4796.40000 1139.73
4796.50000 1148.40
4796.60000 1151.16
4796.70000 1148.83
4796.80000 1153.51
4796.90000 1157.70
4797.00000 1164.25
4797.10000 1150.92
4797.20000 1148.92
4797.30000 1156.75
4797.40000 1160.69
4797.50000 1159.68
4797.60000 1142.58
4797.70000 1147.08
4797.80000 1161.48
4797.90000 1141.91
4798.00000 1153.17
4798.10000 1154.10
4798.20000 1150.88
4798.30000 1161.28
4798.40000 1159.27
4798.50000 1144.10
4798.60000 1149.32
4798.70000 1146.15
4798.80000 1140.92
4798.90000 1150.54
4799.00000 1146.71
4799.10000 1151.76
4799.20000 1158.39
4799.30000 1147.59
4799.40000 1147.59
4799.50000 1138.91
4799.60000 1138.53
4799.70000 1139.83
4799.80000 1154.03
4799.90000 1147.34
4800.00000 1155.38
4800.10000 1141.63
4800.20000 1148.39
4800.30000 1151.40
4800.40000 1160.79
4800.50000 1136.92
4800.60000 1161.69
4800.70000 1146.00
4800.80000 1146.22
4800.90000 1148.19
4801.00000 1150.29
4801.10000 1147.73
4801.20000 1138.38
4801.30000 1152.40
4801.40000 1157.95
4801.50000 1162.01
4801.60000 1154.43
4801.70000 1150.91
4801.80000 1150.75
4801.90000 1162.05
4802.00000 1152.63
4802.10000 1149.05
4802.20000 1150.50
4802.30000 1149.92
4802.40000 1160.86
4802.50000 1157.05
4802.60000 1149.13
4802.70000 1160.61
4802.80000 1153.82
4802.90000 1150.41
4803.00000 1154.41
4803.10000 1167.55
4803.20000 1168.53
4803.30000 1155.14
4803.40000 1160.32
4803.50000 1156.99
4803.60000 1155.75
4803.70000 1163.30
4803.80000 1169.62
4803.90000 1162.53
4804.00000 1160.44
4804.10000 1143.22
4804.20000 1151.52
4804.30000 1162.06
4804.40000 1158.23
4804.50000 1156.94
4804.60000 1156.64
4804.70000 1144.68
4804.80000 1162.24
4804.90000 1174.14
4805.00000 1155.06
4805.10000 1156.28
4805.20000 1161.71
4805.30000 1150.74
4805.40000 1162.07
4805.50000 1146.70
4805.60000 1148.04
4805.70000 1153.51
4805.80000 1163.29
4805.90000 1157.23
4806.00000 1150.17
4806.10000 1161.69
4806.20000 1150.82
4806.30000 1158.28
4806.40000 1160.69
4806.50000 1156.90
4806.60000 1166.37
4806.70000 1156.44
4806.80000 1152.60
4806.90000 1178.67
4807.00000 1161.40
4807.10000 1166.91
4807.20000 1160.28
4807.30000 1155.13
4807.40000 1163.72
4807.50000 1156.76
4807.60000 1161.20
4807.70000 1153.18
4807.80000 1166.52
4807.90000 1158.96
4808.00000 1156.28
4808.10000 1173.47
4808.20000 1159.26
4808.30000 1155.86
4808.40000 1155.60
4808.50000 1156.75
4808.60000 1156.60
4808.70000 1140.87
4808.80000 1150.33
4808.90000 1165.52
4809.00000 1170.22
4809.10000 1156.31
4809.20000 1153.88
4809.30000 1164.81
4809.40000 1155.72
4809.50000 1165.06
4809.60000 1157.75
4809.70000 1153.87
4809.80000 1157.81
4809.90000 1164.58
4810.00000 1157.30
4810.10000 1161.36
4810.20000 1149.81
4810.30000 1156.96
4810.40000 1152.68
4810.50000 1155.52
4810.60000 1156.37
4810.70000 1164.39
4810.80000 1163.91
4810.90000 1159.71
4811.00000 1147.82
4811.10000 1157.35
4811.20000 1159.81
4811.30000 1154.46
4811.40000 1155.27
4811.50000 1153.10
4811.60000 1157.93
4811.70000 1170.46
4811.80000 1159.38
4811.90000 1153.65
4812.00000 1153.62
4812.10000 1141.66
4812.20000 1155.55
4812.30000 1163.18
4812.40000 1158.16
4812.50000 1149.37
4812.60000 1158.68
4812.70000 1151.47
4812.80000 1151.15
4812.90000 1155.60
4813.00000 1153.19
4813.10000 1159.46
4813.20000 1170.71
4813.30000 1155.34
4813.40000 1160.94
4813.50000 1158.63
4813.60000 1164.72
4813.70000 1160.19
4813.80000 1148.40
4813.90000 1167.45
4814.00000 1155.18
4814.10000 1167.55
4814.20000 1165.13
4814.30000 1164.32
4814.40000 1157.28
4814.50000 1155.89
4814.60000 1162.85
4814.70000 1155.65
4814.80000 1168.37
4814.90000 1158.20
4815.00000 1167.62
4815.10000 1156.42
4815.20000 1161.70
4815.30000 1164.93
4815.40000 1162.46
4815.50000 1152.96
4815.60000 1159.68
4815.70000 1165.75
4815.80000 1166.74
4815.90000 1155.49
4816.00000 1154.76
4816.10000 1146.84
4816.20000 1154.72
4816.30000 1167.68
4816.40000 1160.81
4816.50000 1162.82
4816.60000 1153.09
4816.70000 1166.58
4816.80000 1167.24
4816.90000 1163.60
4817.00000 1165.10
4817.10000 1169.25
4817.20000 1157.15
4817.30000 1161.92
4817.40000 1159.65
4817.50000 1164.74
4817.60000 1158.64
4817.70000 1165.98
4817.80000 1163.38
4817.90000 1150.37
4818.00000 1156.23
4818.10000 1147.79
4818.20000 1157.98
4818.30000 1148.55
4818.40000 1157.92
4818.50000 1154.06
4818.60000 1156.78
4818.70000 1164.52
4818.80000 1150.32
4818.90000 1162.50
4819.00000 1161.05
4819.10000 1156.56
4819.20000 1150.28
4819.30000 1162.91
4819.40000 1159.23
4819.50000 1160.17
4819.60000 1159.34
4819.70000 1158.11
4819.80000 1159.66
4819.90000 1171.33
4820.00000 1167.54
4820.10000 1157.39
4820.20000 1157.71
4820.30000 1156.11
4820.40000 1164.05
4820.50000 1165.95
4820.60000 1163.80
4820.70000 1164.10
4820.80000 1175.81
4820.90000 1172.73
4821.00000 1165.08
4821.10000 1168.18
4821.20000 1163.25
4821.30000 1169.71
4821.40000 1170.47
4821.50000 1178.41
4821.60000 1165.18
4821.70000 1167.81
4821.80000 1186.12
4821.90000 1177.01
4822.00000 1175.81
4822.10000 1174.52
4822.20000 1165.70
4822.30000 1170.66
4822.40000 1176.13
4822.50000 1177.31
4822.60000 1175.12
4822.70000 1175.94
4822.80000 1186.97
4822.90000 1187.98
4823.00000 1181.29
4823.10000 1191.18
4823.20000 1174.48
4823.30000 1172.43
4823.40000 1178.01
4823.50000 1182.51
4823.60000 1170.76
4823.70000 1183.82
4823.80000 1173.91
4823.90000 1178.08
4824.00000 1161.63
4824.10000 1176.49
4824.20000 1178.07
4824.30000 1171.06
4824.40000 1161.30
4824.50000 1178.31
4824.60000 1157.38
4824.70000 1172.69
4824.80000 1161.99
4824.90000 1175.93
4825.00000 1174.14
4825.10000 1175.62
4825.20000 1159.60
4825.30000 1170.03
4825.40000 1182.70
4825.50000 1177.49
4825.60000 1184.87
4825.70000 1181.77
4825.80000 1171.90
4825.90000 1173.99
4826.00000 1176.51
4826.10000 1170.61
4826.20000 1186.32
4826.30000 1175.55
4826.40000 1185.52
4826.50000 1188.07
4826.60000 1185.93
4826.70000 1208.05
4826.80000 1186.50
4826.90000 1175.93
4827.00000 1182.94
4827.10000 1174.73
4827.20000 1188.57
4827.30000 1185.38
4827.40000 1171.51
4827.50000 1167.93
4827.60000 1176.96
4827.70000 1175.62
4827.80000 1175.00
4827.90000 1178.74
4828.00000 1182.41
4828.10000 1169.12
4828.20000 1177.09
4828.30000 1171.83
4828.40000 1163.88
4828.50000 1177.70
4828.60000 1171.27
4828.70000 1178.58
4828.80000 1163.48
4828.90000 1168.22
4829.00000 1170.60
4829.10000 1174.60
4829.20000 1169.98
4829.30000 1168.85
4829.40000 1172.94
4829.50000 1166.40
4829.60000 1172.51
4829.70000 1164.76
4829.80000 1153.00
4829.90000 1189.78
4830.00000 1176.37
4830.10000 1168.22
4830.20000 1171.80
4830.30000 1160.00
4830.40000 1156.45
4830.50000 1163.16
4830.60000 1179.80
4830.70000 1183.42
4830.80000 1169.84
4830.90000 1166.31
4831.00000 1176.87
4831.10000 1172.04
4831.20000 1174.23
4831.30000 1167.94
4831.40000 1161.20
4831.50000 1169.42
4831.60000 1166.33
4831.70000 1172.31
4831.80000 1164.29
4831.90000 1167.19
4832.00000 1178.95
4832.10000 1165.54
4832.20000 1170.08
4832.30000 1164.44
4832.40000 1178.46
4832.50000 1176.17
4832.60000 1173.03
4832.70000 1179.42
4832.80000 1181.30
4832.90000 1172.02
4833.00000 1177.83
4833.10000 1177.42
4833.20000 1178.53
4833.30000 1194.93
4833.40000 1182.44
4833.50000 1176.81
4833.60000 1181.41
4833.70000 1189.24
4833.80000 1172.16
4833.90000 1181.09
4834.00000 1165.31
4834.10000 1188.80
4834.20000 1184.49
4834.30000 1172.52
4834.40000 1187.31
4834.50000 1184.29
4834.60000 1183.70
4834.70000 1171.09
4834.80000 1166.53
4834.90000 1181.03
4835.00000 1171.59
4835.10000 1178.75
4835.20000 1194.70
4835.30000 1166.72
4835.40000 1185.75
4835.50000 1183.53
4835.60000 1192.90
4835.70000 1194.08
4835.80000 1176.25
4835.90000 1182.42
4836.00000 1182.35
4836.10000 1185.44
4836.20000 1182.29
4836.30000 1185.52
4836.40000 1177.86
4836.50000 1183.21
4836.60000 1185.38
4836.70000 1198.24
4836.80000 1198.24
4836.90000 1190.95
4837.00000 1181.93
4837.10000 1185.29
4837.20000 1189.73
4837.30000 1187.70
4837.40000 1191.73
4837.50000 1183.66
4837.60000 1179.75
4837.70000 1184.17
4837.80000 1188.56
4837.90000 1189.82
4838.00000 1167.02
4838.10000 1191.75
4838.20000 1187.36
4838.30000 1184.93
4838.40000 1194.81
4838.50000 1187.37
4838.60000 1178.58
4838.70000 1185.97
4838.80000 1182.08
4838.90000 1183.36
4839.00000 1188.71
4839.10000 1196.13
4839.20000 1200.54
4839.30000 1190.83
4839.40000 1189.96
4839.50000 1196.66
4839.60000 1203.39
4839.70000 1204.88
4839.80000 1181.04
4839.90000 1189.14
4840.00000 1185.65
4840.10000 1190.49
4840.20000 1182.27
4840.30000 1200.32
4840.40000 1188.71
4840.50000 1200.33
4840.60000 1195.29
4840.70000 1184.27
4840.80000 1179.93
4840.90000 1177.80
4841.00000 1193.82
4841.10000 1188.81
4841.20000 1199.02
4841.30000 1180.97
4841.40000 1188.41
4841.50000 1185.33
4841.60000 1182.24
4841.70000 1193.36
4841.80000 1192.03
4841.90000 1172.79
4842.00000 1194.52
4842.10000 1192.29
4842.20000 1189.01
4842.30000 1197.23
4842.40000 1197.02
4842.50000 1180.67
4842.60000 1194.41
4842.70000 1203.60
4842.80000 1185.22
4842.90000 1192.76
4843.00000 1181.68
4843.10000 1191.17
4843.20000 1202.99
4843.30000 1196.88
4843.40000 1195.44
4843.50000 1198.46
4843.60000 1191.35
4843.70000 1197.94
4843.80000 1205.14
4843.90000 1188.86
4844.00000 1196.10
4844.10000 1193.07
4844.20000 1196.25
4844.30000 1196.82
4844.40000 1192.10
4844.50000 1196.92
4844.60000 1194.19
4844.70000 1193.62
4844.80000 1213.76
4844.90000 1193.30
4845.00000 1193.54
4845.10000 1203.22
4845.20000 1189.79
4845.30000 1200.39
4845.40000 1198.14
4845.50000 1216.70
4845.60000 1202.81
4845.70000 1194.97
4845.80000 1205.56
4845.90000 1220.32
4846.00000 1217.49
4846.10000 1225.17
4846.20000 1224.25
4846.30000 1215.76
4846.40000 1222.23
4846.50000 1210.59
4846.60000 1214.54
4846.70000 1215.60
4846.80000 1222.37
4846.90000 1219.83
4847.00000 1226.21
4847.10000 1215.07
4847.20000 1223.46
4847.30000 1225.46
4847.40000 1225.75
4847.50000 1218.88
4847.60000 1222.34
4847.70000 1224.64
4847.80000 1213.76
4847.90000 1209.07
4848.00000 1212.02
4848.10000 1215.73
4848.20000 1219.61
4848.30000 1221.26
4848.40000 1221.89
4848.50000 1220.65
4848.60000 1201.11
4848.70000 1213.58
4848.80000 1212.79
4848.90000 1214.53
4849.00000 1210.61
4849.10000 1207.52
4849.20000 1213.59
4849.30000 1225.78
4849.40000 1211.32
4849.50000 1216.62
4849.60000 1214.59
4849.70000 1204.17
4849.80000 1222.95
4849.90000 1218.10
4850.00000 1220.35
4850.10000 1227.49
4850.20000 1223.27
4850.30000 1227.82
4850.40000 1234.33
4850.50000 1230.43
4850.60000 1217.54
4850.70000 1215.06
4850.80000 1228.36
4850.90000 1221.15
4851.00000 1223.19
4851.10000 1224.44
4851.20000 1212.77
4851.30000 1220.08
4851.40000 1220.32
4851.50000 1228.27
4851.60000 1241.06
4851.70000 1236.84
4851.80000 1228.38
4851.90000 1224.02
4852.00000 1229.01
4852.10000 1224.52
4852.20000 1222.91
4852.30000 1225.93
4852.40000 1228.14
4852.50000 1228.42
4852.60000 1220.06
4852.70000 1229.85
4852.80000 1206.52
4852.90000 1219.16
4853.00000 1221.61
4853.10000 1224.39
4853.20000 1228.96
4853.30000 1233.58
4853.40000 1227.38
4853.50000 1218.60
4853.60000 1217.93
4853.70000 1227.67
4853.80000 1243.06
4853.90000 1206.93
4854.00000 1231.33
4854.10000 1228.01
4854.20000 1210.16
4854.30000 1219.06
4854.40000 1218.75
4854.50000 1218.20
4854.60000 1228.56
4854.70000 1223.84
4854.80000 1221.97
4854.90000 1215.59
4855.00000 1210.88
4855.10000 1218.01
4855.20000 1206.83
4855.30000 1211.37
4855.40000 1210.49
4855.50000 1214.95
4855.60000 1196.34
4855.70000 1207.06
4855.80000 1217.38
4855.90000 1219.27
4856.00000 1217.90
4856.10000 1219.76
4856.20000 1215.67
4856.30000 1228.94
4856.40000 1225.29
4856.50000 1210.48
4856.60000 1245.18
4856.70000 1238.73
4856.80000 1237.59
4856.90000 1250.15
4857.00000 1248.25
4857.10000 1250.86
4857.20000 1259.40
4857.30000 1261.07
4857.40000 1269.62
4857.50000 1288.80
4857.60000 1299.61
4857.70000 1318.69
4857.80000 1315.88
4857.90000 1331.88
4858.00000 1357.06
4858.10000 1384.79
4858.20000 1399.13
4858.30000 1418.52
4858.40000 1448.61
4858.50000 1460.97
4858.60000 1498.44
4858.70000 1496.51
4858.80000 1547.47
4858.90000 1579.06
4859.00000 1624.18
4859.10000 1670.94
4859.20000 1729.13
4859.30000 1776.80
4859.40000 1841.30
4859.50000 1928.69
4859.60000 2016.25
4859.70000 2099.26
4859.80000 2125.40
4859.90000 2150.89
4860.00000 2156.95
4860.10000 2176.70
4860.20000 2205.05
4860.30000 2253.71
4860.40000 2285.48
4860.50000 2309.54
4860.60000 2353.81
4860.70000 2347.43
4860.80000 2322.52
4860.90000 2300.61
4861.00000 2266.51
4861.10000 2221.92
4861.20000 2195.30
4861.30000 2180.84
4861.40000 2166.90
4861.50000 2130.29
4861.60000 2098.20
4861.70000 2070.25
4861.80000 2067.36
4861.90000 2049.75
4862.00000 2060.39
4862.10000 2049.52
4862.20000 2056.74
4862.30000 2073.55
4862.40000 2060.85
4862.50000 2074.08
4862.60000 2075.89
4862.70000 2095.33
4862.80000 2099.77
4862.90000 2112.81
4863.00000 2128.85
4863.10000 2127.42
4863.20000 2103.39
4863.30000 2104.66
4863.40000 2108.56
4863.50000 2085.59
4863.60000 2075.84
4863.70000 2055.90
4863.80000 2070.22
4863.90000 2085.23
4864.00000 2102.09
4864.10000 2100.54
4864.20000 2035.35
4864.30000 1963.99
4864.40000 1896.73
4864.50000 1845.05
4864.60000 1801.51
4864.70000 1721.35
4864.80000 1681.49
4864.90000 1627.51
4865.00000 1573.91
4865.10000 1553.63
4865.20000 1511.04
4865.30000 1474.27
4865.40000 1467.32
4865.50000 1447.00
4865.60000 1424.25
4865.70000 1385.04
4865.80000 1369.63
4865.90000 1350.46
4866.00000 1341.76
4866.10000 1357.00
4866.20000 1325.51
4866.30000 1297.77
4866.40000 1290.75
4866.50000 1292.47
4866.60000 1279.04
4866.70000 1278.62
4866.80000 1267.51
4866.90000 1267.66
4867.00000 1254.66
4867.10000 1243.42
4867.20000 1248.77
4867.30000 1242.92
4867.40000 1231.15
4867.50000 1236.66
4867.60000 1235.52
4867.70000 1236.78
4867.80000 1234.82
4867.90000 1242.56
4868.00000 1233.08
4868.10000 1224.46
4868.20000 1232.19
4868.30000 1224.89
4868.40000 1233.43
4868.50000 1235.65
4868.60000 1235.93
4868.70000 1229.55
4868.80000 1240.60
4868.90000 1228.72
4869.00000 1224.26
4869.10000 1233.73
4869.20000 1227.61
4869.30000 1229.97
4869.40000 1234.45
4869.50000 1246.00
4869.60000 1237.16
4869.70000 1228.28
4869.80000 1236.20
4869.90000 1224.67
4870.00000 1234.32
4870.10000 1231.24
4870.20000 1227.71
4870.30000 1233.17
4870.40000 1225.61
4870.50000 1227.48
4870.60000 1227.89
4870.70000 1232.22
4870.80000 1219.21
4870.90000 1219.76
4871.00000 1231.37
4871.10000 1235.82
4871.20000 1230.64
4871.30000 1230.79
4871.40000 1235.21
4871.50000 1225.12
4871.60000 1224.50
4871.70000 1238.32
4871.80000 1235.41
4871.90000 1229.45
4872.00000 1244.21
4872.10000 1237.06
4872.20000 1235.19
4872.30000 1237.84
4872.40000 1242.63
4872.50000 1228.88
4872.60000 1224.33
4872.70000 1237.36
4872.80000 1218.13
4872.90000 1230.88
4873.00000 1217.47
4873.10000 1235.85
4873.20000 1233.30
4873.30000 1229.02
4873.40000 1237.11
4873.50000 1232.24
4873.60000 1234.25
4873.70000 1237.81
4873.80000 1234.24
4873.90000 1232.67
4874.00000 1233.23
4874.10000 1239.99
4874.20000 1242.05
4874.30000 1233.77
4874.40000 1231.97
4874.50000 1226.57
4874.60000 1244.00
4874.70000 1231.85
4874.80000 1243.14
4874.90000 1238.51
4875.00000 1236.60
4875.10000 1239.06
4875.20000 1235.75
4875.30000 1236.09
4875.40000 1235.20
4875.50000 1237.09
4875.60000 1230.95
4875.70000 1233.20
4875.80000 1240.73
4875.90000 1231.97
4876.00000 1226.57
4876.10000 1227.34
4876.20000 1232.09
4876.30000 1231.86
4876.40000 1228.34
4876.50000 1221.40
4876.60000 1225.98
4876.70000 1218.82
4876.80000 1226.29
4876.90000 1218.41
4877.00000 1222.49
4877.10000 1218.03
4877.20000 1222.19
4877.30000 1217.58
4877.40000 1219.72
4877.50000 1229.45
4877.60000 1230.49
4877.70000 1228.19
4877.80000 1225.23
4877.90000 1223.40
4878.00000 1223.66
4878.10000 1227.38
4878.20000 1218.17
4878.30000 1227.46
4878.40000 1227.44
4878.50000 1239.26
4878.60000 1234.56
4878.70000 1234.86
4878.80000 1218.34
4878.90000 1233.87
4879.00000 1218.99
4879.10000 1215.58
4879.20000 1214.09
4879.30000 1224.54
4879.40000 1210.74
4879.50000 1209.93
4879.60000 1217.69
4879.70000 1224.02
4879.80000 1217.51
4879.90000 1201.48
4880.00000 1214.06
4880.10000 1209.88
4880.20000 1216.69
4880.30000 1208.38
4880.40000 1220.64
4880.50000 1212.29
4880.60000 1208.27
4880.70000 1212.78
4880.80000 1210.77
4880.90000 1217.23
4881.00000 1210.28
4881.10000 1207.63
4881.20000 1213.41
4881.30000 1225.59
4881.40000 1210.59
4881.50000 1224.18
4881.60000 1214.16
4881.70000 1219.91
4881.80000 1213.18
4881.90000 1219.61
4882.00000 1217.31
4882.10000 1218.17
4882.20000 1212.74
4882.30000 1229.99
4882.40000 1218.68
4882.50000 1212.55
4882.60000 1210.26
4882.70000 1225.34
4882.80000 1228.91
4882.90000 1216.89
4883.00000 1227.81
4883.10000 1212.39
4883.20000 1224.05
4883.30000 1230.94
4883.40000 1218.95
4883.50000 1206.03
4883.60000 1224.47
4883.70000 1213.08
4883.80000 1221.25
4883.90000 1216.49
4884.00000 1219.85
4884.10000 1222.26
4884.20000 1215.29
4884.30000 1219.67
4884.40000 1215.68
4884.50000 1215.72
4884.60000 1221.41
4884.70000 1218.21
4884.80000 1210.43
4884.90000 1216.03
4885.00000 1219.88
4885.10000 1215.01
4885.20000 1220.86
4885.30000 1215.50
4885.40000 1227.91
4885.50000 1219.16
4885.60000 1212.89
4885.70000 1210.32
4885.80000 1220.12
4885.90000 1216.52
4886.00000 1222.08
4886.10000 1214.67
4886.20000 1225.63
4886.30000 1219.63
4886.40000 1218.87
4886.50000 1226.18
4886.60000 1230.46
4886.70000 1209.74
4886.80000 1221.63
4886.90000 1237.87
4887.00000 1225.48
4887.10000 1216.49
4887.20000 1231.95
4887.30000 1228.25
4887.40000 1227.74
4887.50000 1221.81
4887.60000 1221.21
4887.70000 1223.52
4887.80000 1218.34
4887.90000 1220.54
4888.00000 1217.66
4888.10000 1215.01
4888.20000 1233.18
4888.30000 1229.55
4888.40000 1212.98
4888.50000 1231.62
4888.60000 1236.51
4888.70000 1222.28
4888.80000 1230.36
4888.90000 1232.36
4889.00000 1229.35
4889.10000 1233.33
4889.20000 1212.70
4889.30000 1217.31
4889.40000 1217.85
4889.50000 1231.09
4889.60000 1211.44
4889.70000 1223.29
4889.80000 1224.28
4889.90000 1229.43
4890.00000 1221.79
4890.10000 1224.62
4890.20000 1221.21
4890.30000 1226.49
4890.40000 1229.98
4890.50000 1234.06
4890.60000 1237.17
4890.70000 1229.59
4890.80000 1228.55
4890.90000 1237.37
4891.00000 1229.79
4891.10000 1223.35
4891.20000 1223.56
4891.30000 1219.02
4891.40000 1222.04
4891.50000 1226.16
4891.60000 1221.54
4891.70000 1233.34
4891.80000 1235.69
4891.90000 1220.61
4892.00000 1229.83
4892.10000 1235.73
4892.20000 1219.60
4892.30000 1240.06
4892.40000 1237.43
4892.50000 1227.22
4892.60000 1228.47
4892.70000 1225.35
4892.80000 1228.43
4892.90000 1226.84
4893.00000 1220.36
4893.10000 1223.47
4893.20000 1222.14
4893.30000 1217.89
4893.40000 1222.13
4893.50000 1221.61
4893.60000 1218.59
4893.70000 1220.11
4893.80000 1213.60
4893.90000 1225.53
4894.00000 1230.23
4894.10000 1224.43
4894.20000 1227.97
4894.30000 1232.29
4894.40000 1218.80
4894.50000 1219.12
4894.60000 1243.14
4894.70000 1235.76
4894.80000 1228.54
4894.90000 1226.31
4895.00000 1230.30
4895.10000 1225.01
4895.20000 1222.88
4895.30000 1223.03
4895.40000 1229.23
4895.50000 1217.43
4895.60000 1211.25
4895.70000 1214.16
4895.80000 1227.40
4895.90000 1232.59
4896.00000 1224.40
4896.10000 1238.69
4896.20000 1246.55
4896.30000 1220.48
4896.40000 1220.10
4896.50000 1227.87
4896.60000 1227.16
4896.70000 1226.99
4896.80000 1235.60
4896.90000 1221.23
4897.00000 1217.73
4897.10000 1252.55
4897.20000 1240.75
4897.30000 1227.41
4897.40000 1235.59
4897.50000 1233.74
4897.60000 1236.17
4897.70000 1234.11
4897.80000 1225.72
4897.90000 1228.53
4898.00000 1231.18
4898.10000 1242.68
4898.20000 1217.70
4898.30000 1240.91
4898.40000 1219.77
4898.50000 1227.74
4898.60000 1231.73
4898.70000 1234.52
4898.80000 1220.93
4898.90000 1229.04
4899.00000 1219.88
4899.10000 1235.90
4899.20000 1216.99
4899.30000 1239.28
4899.40000 1241.11
4899.50000 1217.01
4899.60000 1235.38
4899.70000 1233.60
4899.80000 1245.02
4899.90000 1237.67
4900.00000 1235.71
4900.10000 1230.90
4900.20000 1233.87
4900.30000 1235.28
4900.40000 1238.77
4900.50000 1226.98
4900.60000 1240.46
4900.70000 1228.70
4900.80000 1240.97
4900.90000 1232.46
4901.00000 1238.92
4901.10000 1239.00
4901.20000 1224.08
4901.30000 1228.53
4901.40000 1307.84
4901.50000 1268.96
4901.60000 1234.81
4901.70000 1244.36
4901.80000 1215.51
4901.90000 1218.78
4902.00000 1243.47
4902.10000 1232.68
4902.20000 1234.40
4902.30000 1232.05
4902.40000 1247.83
4902.50000 1233.94
4902.60000 1224.51
4902.70000 1219.24
4902.80000 1238.60
4902.90000 1225.87
4903.00000 1226.13
4903.10000 1228.45
4903.20000 1227.86
4903.30000 1235.98
4903.40000 1221.43
4903.50000 1243.22
4903.60000 1242.86
4903.70000 1222.06
4903.80000 1229.41
4903.90000 1226.65
4904.00000 1226.53
4904.10000 1238.76
4904.20000 1229.69
4904.30000 1232.65
4904.40000 1227.59
4904.50000 1233.94
4904.60000 1229.20
4904.70000 1234.03
4904.80000 1240.63
4904.90000 1228.46
4905.00000 1222.40
4905.10000 1230.56
4905.20000 1230.12
4905.30000 1225.04
4905.40000 1228.55
4905.50000 1232.42
4905.60000 1228.55
4905.70000 1240.83
4905.80000 1229.37
4905.90000 1223.43
4906.00000 1224.91
4906.10000 1233.22
4906.20000 1225.90
4906.30000 1224.42
4906.40000 1237.28
4906.50000 1238.84
4906.60000 1237.92
4906.70000 1239.00
4906.80000 1236.77
4906.90000 1236.42
4907.00000 1260.82
4907.10000 1249.25
4907.20000 1255.68
4907.30000 1236.08
4907.40000 1230.89
4907.50000 1218.47
4907.60000 1241.09
4907.70000 1238.47
4907.80000 1241.87
4907.90000 1238.89
4908.00000 1249.45
4908.10000 1229.65
4908.20000 1241.54
4908.30000 1228.19
4908.40000 1238.34
4908.50000 1243.44
4908.60000 1250.08
4908.70000 1251.95
4908.80000 1237.91
4908.90000 1238.99
4909.00000 1236.06
4909.10000 1249.02
4909.20000 1234.28
4909.30000 1255.10
4909.40000 1259.24
4909.50000 1253.39
4909.60000 1246.84
4909.70000 1248.20
4909.80000 1242.71
4909.90000 1251.36
4910.00000 1249.39
4910.10000 1256.00
4910.20000 1255.07
4910.30000 1251.76
4910.40000 1254.32
4910.50000 1260.60
4910.60000 1245.80
4910.70000 1255.17
4910.80000 1256.58
4910.90000 1255.96
4911.00000 1248.06
4911.10000 1248.16
4911.20000 1251.26
4911.30000 1251.01
4911.40000 1258.92
4911.50000 1258.86
4911.60000 1253.07
4911.70000 1253.05
4911.80000 1257.60
4911.90000 1261.02
4912.00000 1256.72
4912.10000 1267.21
4912.20000 1248.27
4912.30000 1249.43
4912.40000 1248.26
4912.50000 1256.38
4912.60000 1257.61
4912.70000 1259.02
4912.80000 1260.78
4912.90000 1253.34
4913.00000 1250.22
4913.10000 1250.53
4913.20000 1261.00
4913.30000 1251.67
4913.40000 1261.59
4913.50000 1254.75
4913.60000 1264.00
4913.70000 1265.03
4913.80000 1264.20
4913.90000 1265.62
4914.00000 1274.23
4914.10000 1266.45
4914.20000 1271.95
4914.30000 1258.29
4914.40000 1270.10
4914.50000 1261.98
4914.60000 1251.90
4914.70000 1265.61
4914.80000 1259.89
4914.90000 1260.11
4915.00000 1264.84
4915.10000 1245.59
4915.20000 1269.93
4915.30000 1259.43
4915.40000 1256.43
4915.50000 1257.53
4915.60000 1252.53
4915.70000 1276.70
4915.80000 1253.10
4915.90000 1275.65
4916.00000 1259.17
4916.10000 1246.05
4916.20000 1249.60
4916.30000 1248.09
4916.40000 1231.96
4916.50000 1250.96
4916.60000 1238.95
4916.70000 1242.70
4916.80000 1237.61
4916.90000 1243.25
4917.00000 1243.45
4917.10000 1228.97
4917.20000 1229.22
4917.30000 1229.15
4917.40000 1225.96
4917.50000 1234.14
4917.60000 1237.44
4917.70000 1243.78
4917.80000 1234.93
4917.90000 1239.08
4918.00000 1240.57
4918.10000 1239.45
4918.20000 1245.47
4918.30000 1244.90
4918.40000 1215.86
4918.50000 1227.50
4918.60000 1235.80
4918.70000 1228.23
4918.80000 1230.21
4918.90000 1230.40
4919.00000 1219.49
4919.10000 1230.81
4919.20000 1233.62
4919.30000 1230.69
4919.40000 1235.10
4919.50000 1222.50
4919.60000 1224.36
4919.70000 1212.53
4919.80000 1232.97
4919.90000 1228.91
4920.00000 1225.20
4920.10000 1232.53
4920.20000 1228.90
4920.30000 1240.04
4920.40000 1234.12
4920.50000 1233.77
4920.60000 1244.85
4920.70000 1250.50
4920.80000 1245.85
4920.90000 1247.34
4921.00000 1233.63
4921.10000 1254.30
4921.20000 1250.06
4921.30000 1259.68
4921.40000 1266.35
4921.50000 1270.73
4921.60000 1275.33
4921.70000 1271.56
4921.80000 1282.61
4921.90000 1273.42
4922.00000 1290.37
4922.10000 1283.09
4922.20000 1304.70
4922.30000 1301.74
4922.40000 1296.51
4922.50000 1301.95
4922.60000 1321.73
4922.70000 1330.05
4922.80000 1329.67
4922.90000 1322.57
4923.00000 1317.98
4923.10000 1319.02
4923.20000 1306.65
4923.30000 1286.45
4923.40000 1288.72
4923.50000 1284.28
4923.60000 1291.85
4923.70000 1290.99
4923.80000 1281.66
4923.90000 1281.22
4924.00000 1273.08
4924.10000 1272.95
4924.20000 1277.37
4924.30000 1267.81
4924.40000 1273.10
4924.50000 1265.04
4924.60000 1286.89
4924.70000 1287.90
4924.80000 1279.89
4924.90000 1294.76
4925.00000 1275.87
4925.10000 1297.08
4925.20000 1289.99
4925.30000 1290.32
4925.40000 1299.11
4925.50000 1301.28
4925.60000 1297.41
4925.70000 1305.82
4925.80000 1309.29
4925.90000 1329.37
4926.00000 1320.08
4926.10000 1332.32
4926.20000 1330.01
4926.30000 1341.68
4926.40000 1343.63
4926.50000 1329.47
4926.60000 1329.51
4926.70000 1330.88
4926.80000 1325.93
4926.90000 1320.83
4927.00000 1312.00
4927.10000 1306.90
4927.20000 1307.10
4927.30000 1302.15
4927.40000 1308.55
4927.50000 1294.02
4927.60000 1296.44
4927.70000 1289.67
4927.80000 1287.66
4927.90000 1287.91
4928.00000 1284.46
4928.10000 1284.12
4928.20000 1285.86
4928.30000 1257.65
4928.40000 1278.64
4928.50000 1265.93
4928.60000 1277.72
4928.70000 1261.45
4928.80000 1288.73
4928.90000 1278.93
4929.00000 1279.92
4929.10000 1280.97
4929.20000 1281.13
4929.30000 1274.64
4929.40000 1283.61
4929.50000 1288.59
4929.60000 1273.56
4929.70000 1274.12
4929.80000 1279.65
4929.90000 1270.55
4930.00000 1283.45
4930.10000 1273.32
4930.20000 1267.56
4930.30000 1275.25
4930.40000 1260.11
4930.50000 1277.43
4930.60000 1271.85
4930.70000 1286.58
4930.80000 1277.91
4930.90000 1283.42
4931.00000 1282.80
4931.10000 1268.13
4931.20000 1275.06
4931.30000 1289.96
4931.40000 1275.50
4931.50000 1282.62
4931.60000 1280.66
4931.70000 1286.21
4931.80000 1291.62
4931.90000 1288.54
4932.00000 1281.60
4932.10000 1281.67
4932.20000 1272.24
4932.30000 1288.41
4932.40000 1267.34
4932.50000 1282.38
4932.60000 1281.33
4932.70000 1278.12
4932.80000 1276.00
4932.90000 1265.67
4933.00000 1278.10
4933.10000 1277.11
4933.20000 1282.06
4933.30000 1296.00
4933.40000 1285.61
4933.50000 1282.73
4933.60000 1281.01
4933.70000 1280.66
4933.80000 1276.19
4933.90000 1299.21
4934.00000 1295.80
4934.10000 1286.28
4934.20000 1284.68
4934.30000 1273.38
4934.40000 1275.99
4934.50000 1279.76
4934.60000 1279.43
4934.70000 1273.56
4934.80000 1299.49
4934.90000 1270.88
4935.00000 1279.05
4935.10000 1290.19
4935.20000 1299.94
4935.30000 1291.41
4935.40000 1293.42
4935.50000 1280.76
4935.60000 1283.94
4935.70000 1294.11
4935.80000 1287.43
4935.90000 1284.39
4936.00000 1283.30
4936.10000 1268.65
4936.20000 1285.26
4936.30000 1293.84
4936.40000 1280.82
4936.50000 1277.75
4936.60000 1275.64
4936.70000 1275.75
4936.80000 1273.77
4936.90000 1287.03
4937.00000 1275.75
4937.10000 1274.49
4937.20000 1291.79
4937.30000 1278.16
4937.40000 1286.39
4937.50000 1284.27
4937.60000 1279.41
4937.70000 1284.90
4937.80000 1280.33
4937.90000 1266.79
4938.00000 1286.14
4938.10000 1290.17
4938.20000 1277.96
4938.30000 1282.76
4938.40000 1272.00
4938.50000 1268.41
4938.60000 1272.25
4938.70000 1269.00
4938.80000 1283.72
4938.90000 1269.32
4939.00000 1279.71
4939.10000 1281.43
4939.20000 1262.81
4939.30000 1273.18
4939.40000 1286.04
4939.50000 1272.29
4939.60000 1273.33
4939.70000 1272.67
4939.80000 1268.66
4939.90000 1279.25
4940.00000 1276.33
4940.10000 1277.80
4940.20000 1280.66
4940.30000 1289.65
4940.40000 1276.27
4940.50000 1273.69
4940.60000 1272.18
4940.70000 1275.66
4940.80000 1269.91
4940.90000 1278.34
4941.00000 1277.90
4941.10000 1272.81
4941.20000 1272.32
4941.30000 1282.32
4941.40000 1278.51
4941.50000 1273.69
4941.60000 1283.22
4941.70000 1279.11
4941.80000 1278.16
4941.90000 1279.30
4942.00000 1268.94
4942.10000 1276.17
4942.20000 1282.52
4942.30000 1283.87
4942.40000 1275.70
4942.50000 1280.00
4942.60000 1276.88
4942.70000 1285.43
4942.80000 1275.13
4942.90000 1277.83
4943.00000 1276.39
4943.10000 1280.43
4943.20000 1277.88
4943.30000 1278.34
4943.40000 1279.30
4943.50000 1288.94
4943.60000 1275.26
4943.70000 1271.50
4943.80000 1269.56
4943.90000 1282.87
4944.00000 1284.71
4944.10000 1275.30
4944.20000 1276.53
4944.30000 1278.86
4944.40000 1277.75
4944.50000 1284.08
4944.60000 1278.76
4944.70000 1288.62
4944.80000 1282.54
4944.90000 1284.74
4945.00000 1264.31
4945.10000 1265.62
4945.20000 1284.69
4945.30000 1283.11
4945.40000 1276.96
4945.50000 1288.49
4945.60000 1287.12
4945.70000 1294.00
4945.80000 1275.98
4945.90000 1277.43
4946.00000 1290.11
4946.10000 1288.73
4946.20000 1284.59
4946.30000 1286.42
4946.40000 1281.99
4946.50000 1292.11
4946.60000 1290.97
4946.70000 1278.92
4946.80000 1289.25
4946.90000 1284.75
4947.00000 1284.83
4947.10000 1282.08
4947.20000 1281.30
4947.30000 1291.76
4947.40000 1284.52
4947.50000 1291.55
4947.60000 1292.47
4947.70000 1284.31
4947.80000 1293.79
4947.90000 1294.18
4948.00000 1272.68
4948.10000 1291.25
4948.20000 1297.82
4948.30000 1294.78
4948.40000 1295.18
4948.50000 1286.86
4948.60000 1293.10
4948.70000 1311.11
4948.80000 1304.10
4948.90000 1299.05
4949.00000 1290.68
4949.10000 1291.96
4949.20000 1292.46
4949.30000 1286.79
4949.40000 1294.74
4949.50000 1304.07
4949.60000 1306.48
4949.70000 1295.72
4949.80000 1306.64
4949.90000 1294.76
4950.00000 1295.02
4950.10000 1294.17
4950.20000 1309.64
4950.30000 1306.92
4950.40000 1299.21
4950.50000 1302.22
4950.60000 1305.52
4950.70000 1296.75
4950.80000 1292.88
4950.90000 1295.14
4951.00000 1302.07
4951.10000 1304.03
4951.20000 1304.22
4951.30000 1300.25
4951.40000 1298.53
4951.50000 1286.64
4951.60000 1285.06
4951.70000 1292.22
4951.80000 1274.21
4951.90000 1290.31
4952.00000 1320.92
4952.10000 1364.09
4952.20000 1309.27
4952.30000 1304.08
4952.40000 1301.09
4952.50000 1295.76
4952.60000 1312.79
4952.70000 1316.30
4952.80000 1303.77
4952.90000 1294.17
4953.00000 1292.17
4953.10000 1294.38
4953.20000 1305.51
4953.30000 1303.35
4953.40000 1305.11
4953.50000 1302.73
4953.60000 1315.39
4953.70000 1297.63
4953.80000 1298.78
4953.90000 1302.70
4954.00000 1293.06
4954.10000 1303.20
4954.20000 1315.79
4954.30000 1308.70
4954.40000 1306.91
4954.50000 1303.03
4954.60000 1295.97
4954.70000 1305.33
4954.80000 1305.66
4954.90000 1302.69
4955.00000 1303.73
4955.10000 1313.95
4955.20000 1292.75
4955.30000 1299.06
4955.40000 1320.38
4955.50000 1310.35
4955.60000 1314.06
4955.70000 1310.99
4955.80000 1307.10
4955.90000 1306.17
4956.00000 1305.38
4956.10000 1308.94
4956.20000 1308.05
4956.30000 1312.04
4956.40000 1303.51
4956.50000 1298.98
4956.60000 1305.90
4956.70000 1312.79
4956.80000 1313.11
4956.90000 1290.36
4957.00000 1292.83
4957.10000 1305.22
4957.20000 1298.12
4957.30000 1300.62
4957.40000 1296.25
4957.50000 1302.02
4957.60000 1290.46
4957.70000 1296.25
4957.80000 1297.29
4957.90000 1307.65
4958.00000 1306.17
4958.10000 1302.88
4958.20000 1300.80
4958.30000 1293.61
4958.40000 1308.10
4958.50000 1306.52
4958.60000 1288.79
4958.70000 1299.66
4958.80000 1303.43
4958.90000 1296.93
4959.00000 1307.37
4959.10000 1303.18
4959.20000 1297.61
4959.30000 1326.36
4959.40000 1282.53
4959.50000 1291.71
4959.60000 1292.84
4959.70000 1304.11
4959.80000 1309.15
4959.90000 1309.16
4960.00000 1296.60
4960.10000 1292.76
4960.20000 1324.75
4960.30000 1317.14
4960.40000 1303.94
4960.50000 1299.72
4960.60000 1306.18
4960.70000 1294.58
4960.80000 1312.00
4960.90000 1305.70
4961.00000 1312.04
4961.10000 1316.46
4961.20000 1311.31
4961.30000 1298.62
4961.40000 1299.35
4961.50000 1296.28
4961.60000 1311.62
4961.70000 1310.44
4961.80000 1302.62
4961.90000 1287.84
4962.00000 1302.97
4962.10000 1296.04
4962.20000 1314.54
4962.30000 1305.17
4962.40000 1296.65
4962.50000 1302.67
4962.60000 1297.72
4962.70000 1304.79
4962.80000 1303.88
4962.90000 1298.24
4963.00000 1292.41
4963.10000 1288.44
4963.20000 1305.86
4963.30000 1298.03
4963.40000 1293.04
4963.50000 1299.37
4963.60000 1313.25
4963.70000 1310.21
4963.80000 1301.71
4963.90000 1300.77
4964.00000 1282.37
4964.10000 1269.20
4964.20000 1252.16
4964.30000 1255.76
4964.40000 1250.33
4964.50000 1266.46
4964.60000 1272.71
4964.70000 1286.92
4964.80000 1295.24
4964.90000 1291.90
4965.00000 1306.73
4965.10000 1297.03
4965.20000 1290.32
4965.30000 1304.72
4965.40000 1290.88
4965.50000 1298.81
4965.60000 1301.48
4965.70000 1298.80
4965.80000 1290.38
4965.90000 1301.70
4966.00000 1304.33
4966.10000 1303.77
4966.20000 1310.67
4966.30000 1315.42
4966.40000 1305.78
4966.50000 1300.70
4966.60000 1309.49
4966.70000 1311.92
4966.80000 1303.27
4966.90000 1297.89
4967.00000 1312.20
4967.10000 1294.24
4967.20000 1313.82
4967.30000 1295.25
4967.40000 1304.24
4967.50000 1307.26
4967.60000 1311.20
4967.70000 1299.88
4967.80000 1303.17
4967.90000 1315.07
4968.00000 1312.00
4968.10000 1297.40
4968.20000 1308.19
4968.30000 1299.99
4968.40000 1300.63
4968.50000 1298.53
4968.60000 1313.86
4968.70000 1301.17
4968.80000 1308.61
4968.90000 1293.40
4969.00000 1297.66
4969.10000 1313.18
4969.20000 1304.85
4969.30000 1307.98
4969.40000 1305.65
4969.50000 1314.97
4969.60000 1309.03
4969.70000 1301.67
4969.80000 1309.87
4969.90000 1317.72
4970.00000 1299.86
4970.10000 1310.77
4970.20000 1301.96
4970.30000 1313.76
4970.40000 1319.67
4970.50000 1321.27
4970.60000 1312.69
4970.70000 1313.96
4970.80000 1321.11
4970.90000 1318.01
4971.00000 1318.07
4971.10000 1312.63
4971.20000 1341.03
4971.30000 1310.49
4971.40000 1304.27
4971.50000 1308.18
4971.60000 1312.63
4971.70000 1329.57
4971.80000 1309.34
4971.90000 1309.64
4972.00000 1316.21
4972.10000 1309.02
4972.20000 1315.24
4972.30000 1312.29
4972.40000 1334.55
4972.50000 1305.35
4972.60000 1313.19
4972.70000 1307.11
4972.80000 1313.08
4972.90000 1320.30
4973.00000 1322.59
4973.10000 1307.52
4973.20000 1307.85
4973.30000 1325.72
4973.40000 1323.65
4973.50000 1307.36
4973.60000 1323.64
4973.70000 1330.84
4973.80000 1328.35
4973.90000 1326.49
4974.00000 1316.44
4974.10000 1321.26
4974.20000 1318.55
4974.30000 1312.17
4974.40000 1313.21
4974.50000 1325.32
4974.60000 1326.92
4974.70000 1328.57
4974.80000 1326.28
4974.90000 1315.95
4975.00000 1320.06
4975.10000 1323.44
4975.20000 1329.01
4975.30000 1313.13
4975.40000 1304.00
4975.50000 1320.18
4975.60000 1328.16
4975.70000 1334.14
4975.80000 1329.05
4975.90000 1321.21
4976.00000 1332.50
4976.10000 1318.40
4976.20000 1325.97
4976.30000 1326.09
4976.40000 1313.03
4976.50000 1314.03
4976.60000 1332.10
4976.70000 1341.79
4976.80000 1313.31
4976.90000 1316.22
4977.00000 1317.78
4977.10000 1316.23
4977.20000 1332.81
4977.30000 1314.55
4977.40000 1321.67
4977.50000 1321.00
4977.60000 1319.72
4977.70000 1314.78
4977.80000 1319.18
4977.90000 1334.61
4978.00000 1327.32
4978.10000 1327.14
4978.20000 1320.71
4978.30000 1320.96
4978.40000 1325.74
4978.50000 1325.81
4978.60000 1314.46
4978.70000 1324.54
4978.80000 1333.08
4978.90000 1324.36
4979.00000 1324.64
4979.10000 1327.22
4979.20000 1333.28
4979.30000 1339.60
4979.40000 1342.01
4979.50000 1335.08
4979.60000 1332.76
4979.70000 1337.66
4979.80000 1327.36
4979.90000 1331.89
4980.00000 1320.27
4980.10000 1328.54
4980.20000 1332.87
4980.30000 1326.22
4980.40000 1327.32
4980.50000 1330.85
4980.60000 1341.91
4980.70000 1320.51
4980.80000 1329.37
4980.90000 1331.73
4981.00000 1348.29
4981.10000 1342.50
4981.20000 1330.80
4981.30000 1327.20
4981.40000 1334.54
4981.50000 1330.81
4981.60000 1335.16
4981.70000 1331.15
4981.80000 1331.03
4981.90000 1329.22
4982.00000 1334.98
4982.10000 1329.38
4982.20000 1329.54
4982.30000 1331.89
4982.40000 1340.29
4982.50000 1332.62
4982.60000 1332.24
4982.70000 1342.52
4982.80000 1337.10
4982.90000 1342.19
4983.00000 1326.31
4983.10000 1340.44
4983.20000 1344.05
4983.30000 1331.53
4983.40000 1347.55
4983.50000 1339.27
4983.60000 1339.45
4983.70000 1348.54
4983.80000 1346.30
4983.90000 1342.97
4984.00000 1334.40
4984.10000 1351.09
4984.20000 1351.61
4984.30000 1342.20
4984.40000 1344.51
4984.50000 1332.70
4984.60000 1341.93
4984.70000 1340.63
4984.80000 1330.78
4984.90000 1333.20
4985.00000 1321.69
4985.10000 1310.55
4985.20000 1293.07
4985.30000 1306.60
4985.40000 1316.60
4985.50000 1331.52
4985.60000 1342.64
4985.70000 1339.06
4985.80000 1348.52
4985.90000 1342.99
4986.00000 1341.16
4986.10000 1346.20
4986.20000 1344.71
4986.30000 1343.40
4986.40000 1352.65
4986.50000 1351.31
4986.60000 1347.79
4986.70000 1347.47
4986.80000 1353.04
4986.90000 1343.37
4987.00000 1337.13
4987.10000 1343.63
4987.20000 1332.43
4987.30000 1361.37
4987.40000 1347.03
4987.50000 1338.08
4987.60000 1351.75
4987.70000 1353.62
4987.80000 1330.36
4987.90000 1347.96
4988.00000 1344.45
4988.10000 1345.80
4988.20000 1346.65
4988.30000 1327.52
4988.40000 1341.43
4988.50000 1325.99
4988.60000 1343.05
4988.70000 1351.53
4988.80000 1351.00
4988.90000 1342.32
4989.00000 1351.67
4989.10000 1353.79
4989.20000 1339.24
4989.30000 1349.57
4989.40000 1351.77
4989.50000 1342.80
4989.60000 1366.79
4989.70000 1360.57
4989.80000 1355.78
4989.90000 1359.25
4990.00000 1356.27
4990.10000 1355.03
4990.20000 1355.32
4990.30000 1341.77
4990.40000 1367.42
4990.50000 1370.11
4990.60000 1366.63
4990.70000 1377.11
4990.80000 1360.65
4990.90000 1371.53
4991.00000 1364.77
4991.10000 1362.35
4991.20000 1366.41
4991.30000 1369.43
4991.40000 1376.01
4991.50000 1375.10
4991.60000 1385.48
4991.70000 1380.20
4991.80000 1371.88
4991.90000 1369.28
4992.00000 1392.38
4992.10000 1358.87
4992.20000 1376.77
4992.30000 1362.68
4992.40000 1374.25
4992.50000 1349.25
4992.60000 1367.14
4992.70000 1370.24
4992.80000 1363.69
4992.90000 1382.32
4993.00000 1371.38
4993.10000 1351.73
4993.20000 1367.83
4993.30000 1379.59
4993.40000 1377.49
4993.50000 1381.43
4993.60000 1364.09
4993.70000 1364.44
4993.80000 1361.09
4993.90000 1364.50
4994.00000 1354.50
4994.10000 1376.59
4994.20000 1369.61
4994.30000 1362.86
4994.40000 1357.41
4994.50000 1358.85
4994.60000 1377.62
4994.70000 1375.20
4994.80000 1353.20
4994.90000 1371.84
4995.00000 1359.21
4995.10000 1373.16
4995.20000 1368.98
4995.30000 1367.71
4995.40000 1366.40
4995.50000 1362.72
4995.60000 1360.36
4995.70000 1362.26
4995.80000 1367.80
4995.90000 1366.59
4996.00000 1365.69
4996.10000 1367.42
4996.20000 1374.16
4996.30000 1371.57
4996.40000 1378.86
4996.50000 1357.07
4996.60000 1362.71
4996.70000 1364.43
4996.80000 1360.25
4996.90000 1349.10
4997.00000 1353.04
4997.10000 1350.59
4997.20000 1375.12
4997.30000 1359.52
4997.40000 1365.29
4997.50000 1354.11
4997.60000 1356.93
4997.70000 1361.50
4997.80000 1348.51
4997.90000 1338.02
4998.00000 1340.21
4998.10000 1359.20
4998.20000 1330.25
4998.30000 1343.24
4998.40000 1354.51
4998.50000 1350.49
4998.60000 1356.19
4998.70000 1347.27
4998.80000 1358.37
4998.90000 1342.62
4999.00000 1355.62
4999.10000 1351.16
4999.20000 1344.34
4999.30000 1353.24
4999.40000 1346.86
4999.50000 1345.29
4999.60000 1349.49
4999.70000 1348.82
4999.80000 1351.20
4999.90000 1341.07
5000.00000 1347.17
5000.10000 1342.33
5000.20000 1339.81
5000.30000 1340.89
5000.40000 1348.72
5000.50000 1339.82
5000.60000 1340.47
5000.70000 1343.77
5000.80000 1355.38
5000.90000 1340.36
5001.00000 1341.99
5001.10000 1342.78
5001.20000 1340.26
5001.30000 1340.90
5001.40000 1329.69
5001.50000 1332.49
5001.60000 1343.96
5001.70000 1336.56
5001.80000 1324.74
5001.90000 1323.88
5002.00000 1326.06
5002.10000 1333.18
5002.20000 1337.22
5002.30000 1338.39
5002.40000 1332.36
5002.50000 1334.94
5002.60000 1353.38
5002.70000 1343.04
5002.80000 1335.29
5002.90000 1343.22
5003.00000 1346.03
5003.10000 1337.18
5003.20000 1341.97
5003.30000 1348.68
5003.40000 1348.46
5003.50000 1357.12
5003.60000 1332.52
5003.70000 1344.60
5003.80000 1339.56
5003.90000 1336.62
5004.00000 1330.67
5004.10000 1330.48
5004.20000 1333.06
5004.30000 1340.07
5004.40000 1338.80
5004.50000 1343.14
5004.60000 1349.09
5004.70000 1339.01
5004.80000 1337.64
5004.90000 1350.40
5005.00000 1355.51
5005.10000 1357.06
5005.20000 1347.32
5005.30000 1332.79
5005.40000 1341.96
5005.50000 1340.04
5005.60000 1336.02
5005.70000 1343.47
5005.80000 1342.59
5005.90000 1335.08
5006.00000 1347.19
5006.10000 1346.89
5006.20000 1336.98
5006.30000 1342.38
5006.40000 1337.40
5006.50000 1337.57
5006.60000 1350.22
5006.70000 1348.10
5006.80000 1347.26
5006.90000 1343.49
5007.00000 1339.21
5007.10000 1337.14
5007.20000 1339.86
5007.30000 1345.21
5007.40000 1347.08
5007.50000 1342.43
5007.60000 1340.72
5007.70000 1344.65
5007.80000 1339.38
5007.90000 1347.30
5008.00000 1340.39
5008.10000 1339.24
5008.20000 1344.19
5008.30000 1355.32
5008.40000 1361.48
5008.50000 1352.12
5008.60000 1358.93
5008.70000 1356.76
5008.80000 1356.55
5008.90000 1348.86
5009.00000 1359.96
5009.10000 1362.23
5009.20000 1357.56
5009.30000 1350.77
5009.40000 1359.53
5009.50000 1350.86
5009.60000 1345.55
5009.70000 1360.84
5009.80000 1353.54
5009.90000 1358.24
5010.00000 1360.86
5010.10000 1354.95
5010.20000 1347.39
5010.30000 1348.73
5010.40000 1357.80
5010.50000 1354.34
5010.60000 1353.56
5010.70000 1355.94
5010.80000 1343.55
5010.90000 1346.38
5011.00000 1350.18
5011.10000 1344.63
5011.20000 1350.88
5011.30000 1351.39
5011.40000 1353.65
5011.50000 1347.64
5011.60000 1360.69
5011.70000 1348.63
5011.80000 1345.68
5011.90000 1361.67
5012.00000 1361.95
5012.10000 1363.42
5012.20000 1360.12
5012.30000 1369.68
5012.40000 1364.26
5012.50000 1355.82
5012.60000 1345.28
5012.70000 1354.01
5012.80000 1374.04
5012.90000 1369.29
5013.00000 1365.55
5013.10000 1363.71
5013.20000 1360.20
5013.30000 1355.28
5013.40000 1354.24
5013.50000 1364.98
5013.60000 1376.11
5013.70000 1364.55
5013.80000 1383.02
5013.90000 1368.13
5014.00000 1374.33
5014.10000 1388.29
5014.20000 1365.13
5014.30000 1385.65
5014.40000 1382.13
5014.50000 1398.20
5014.60000 1386.52
5014.70000 1388.89
5014.80000 1393.34
5014.90000 1389.07
5015.00000 1388.05
5015.10000 1401.20
5015.20000 1412.92
5015.30000 1411.72
5015.40000 1409.50
5015.50000 1410.82
5015.60000 1405.67
5015.70000 1418.98
5015.80000 1415.86
5015.90000 1420.94
5016.00000 1413.90
5016.10000 1414.07
5016.20000 1435.26
5016.30000 1448.21
5016.40000 1439.24
5016.50000 1465.04
5016.60000 1462.67
5016.70000 1476.49
5016.80000 1488.87
5016.90000 1490.82
5017.00000 1506.82
5017.10000 1514.72
5017.20000 1519.59
5017.30000 1525.70
5017.40000 1516.90
5017.50000 1512.40
5017.60000 1503.05
5017.70000 1504.50
5017.80000 1479.54
5017.90000 1494.25
5018.00000 1487.64
5018.10000 1485.06
5018.20000 1458.84
5018.30000 1463.40
5018.40000 1450.78
5018.50000 1456.06
5018.60000 1452.72
5018.70000 1436.21
5018.80000 1451.27
5018.90000 1438.68
5019.00000 1434.71
5019.10000 1433.22
5019.20000 1433.62
5019.30000 1422.43
5019.40000 1441.42
5019.50000 1454.12
5019.60000 1450.07
5019.70000 1448.93
5019.80000 1456.49
5019.90000 1456.37
5020.00000 1456.59
5020.10000 1462.39
5020.20000 1474.17
5020.30000 1475.02
5020.40000 1479.05
5020.50000 1479.10
5020.60000 1478.91
5020.70000 1477.67
5020.80000 1486.90
5020.90000 1500.99
5021.00000 1499.48
5021.10000 1487.65
5021.20000 1488.23
5021.30000 1471.86
5021.40000 1482.54
5021.50000 1463.15
5021.60000 1463.39
5021.70000 1460.90
5021.80000 1446.85
5021.90000 1437.20
5022.00000 1440.51
5022.10000 1420.57
5022.20000 1418.58
5022.30000 1429.32
5022.40000 1427.15
5022.50000 1426.69
5022.60000 1418.67
5022.70000 1401.84
5022.80000 1410.48
5022.90000 1409.71
5023.00000 1398.89
5023.10000 1403.60
5023.20000 1392.77
5023.30000 1391.58
5023.40000 1400.19
5023.50000 1394.14
5023.60000 1393.66
5023.70000 1388.76
5023.80000 1381.90
5023.90000 1394.51
5024.00000 1386.22
5024.10000 1381.97
5024.20000 1383.06
5024.30000 1385.90
5024.40000 1380.73
5024.50000 1387.65
5024.60000 1381.70
5024.70000 1385.05
5024.80000 1374.18
5024.90000 1377.19
5025.00000 1378.45
5025.10000 1381.97
5025.20000 1376.63
5025.30000 1390.37
5025.40000 1365.60
5025.50000 1383.66
5025.60000 1374.08
5025.70000 1369.58
5025.80000 1371.38
5025.90000 1387.83
5026.00000 1376.12
5026.10000 1366.14
5026.20000 1374.76
5026.30000 1378.01
5026.40000 1371.58
5026.50000 1370.06
5026.60000 1355.79
5026.70000 1366.57
5026.80000 1377.24
5026.90000 1370.80
5027.00000 1376.54
5027.10000 1374.59
5027.20000 1368.53
5027.30000 1367.85
5027.40000 1365.69
5027.50000 1365.75
5027.60000 1371.40
5027.70000 1368.93
5027.80000 1377.71
5027.90000 1370.83
5028.00000 1365.74
5028.10000 1371.30
5028.20000 1361.86
5028.30000 1384.77
5028.40000 1368.95
5028.50000 1367.24
5028.60000 1380.05
5028.70000 1382.64
5028.80000 1374.15
5028.90000 1383.14
5029.00000 1375.03
5029.10000 1367.52
5029.20000 1364.93
5029.30000 1360.04
5029.40000 1376.68
5029.50000 1395.62
5029.60000 1390.76
5029.70000 1377.47
5029.80000 1375.32
5029.90000 1374.33
5030.00000 1368.70
5030.10000 1369.12
5030.20000 1378.05
5030.30000 1378.41
5030.40000 1383.35
5030.50000 1387.54
5030.60000 1367.55
5030.70000 1379.90
5030.80000 1372.68
5030.90000 1367.49
5031.00000 1380.36
5031.10000 1378.26
5031.20000 1383.34
5031.30000 1375.63
5031.40000 1384.16
5031.50000 1391.80
5031.60000 1379.40
5031.70000 1375.68
5031.80000 1372.59
5031.90000 1394.04
5032.00000 1386.96
5032.10000 1376.20
5032.20000 1375.82
5032.30000 1379.54
5032.40000 1389.63
5032.50000 1387.41
5032.60000 1383.76
5032.70000 1387.96
5032.80000 1392.20
5032.90000 1373.03
5033.00000 1388.78
5033.10000 1363.03
5033.20000 1380.16
5033.30000 1389.44
5033.40000 1372.76
5033.50000 1376.07
5033.60000 1357.51
5033.70000 1386.43
5033.80000 1385.95
5033.90000 1385.93
5034.00000 1387.73
5034.10000 1382.90
5034.20000 1386.46
5034.30000 1397.51
5034.40000 1391.73
5034.50000 1386.81
5034.60000 1370.95
5034.70000 1388.64
5034.80000 1369.77
5034.90000 1378.87
5035.00000 1349.62
5035.10000 1363.02
5035.20000 1377.49
5035.30000 1388.44
5035.40000 1384.67
5035.50000 1381.15
5035.60000 1383.04
5035.70000 1370.22
5035.80000 1376.76
5035.90000 1364.11
5036.00000 1383.62
5036.10000 1373.98
5036.20000 1362.05
5036.30000 1370.59
5036.40000 1372.87
5036.50000 1374.42
5036.60000 1391.87
5036.70000 1368.88
5036.80000 1371.52
5036.90000 1388.78
5037.00000 1378.96
5037.10000 1379.74
5037.20000 1390.21
5037.30000 1383.54
5037.40000 1368.67
5037.50000 1375.17
5037.60000 1399.11
5037.70000 1388.70
5037.80000 1323.87
5037.90000 1371.28
5038.00000 1392.43
5038.10000 1386.93
5038.20000 1320.73
5038.30000 1362.49
5038.40000 1386.28
5038.50000 1390.58
5038.60000 1384.79
5038.70000 1384.46
5038.80000 1353.64
5038.90000 1381.75
5039.00000 1379.50
5039.10000 1389.02
5039.20000 1385.59
5039.30000 1386.53
5039.40000 1399.59
5039.50000 1399.05
5039.60000 1389.20
5039.70000 1401.53
5039.80000 1380.84
5039.90000 1400.08
5040.00000 1372.79
5040.10000 1391.23
5040.20000 1371.15
5040.30000 1388.45
5040.40000 1387.65
5040.50000 1393.61
5040.60000 1389.60
5040.70000 1379.79
5040.80000 1383.38
5040.90000 1399.41
5041.00000 1387.94
5041.10000 1375.86
5041.20000 1387.35
5041.30000 1381.91
5041.40000 1378.86
5041.50000 1387.58
5041.60000 1372.13
5041.70000 1377.84
5041.80000 1350.50
5041.90000 1349.65
5042.00000 1377.70
5042.10000 1375.36
5042.20000 1373.58
5042.30000 1356.30
5042.40000 1350.72
5042.50000 1375.85
5042.60000 1365.56
5042.70000 1374.47
5042.80000 1372.78
5042.90000 1375.41
5043.00000 1380.89
5043.10000 1389.86
5043.20000 1392.34
5043.30000 1366.18
5043.40000 1338.24
5043.50000 1355.98
5043.60000 1337.64
5043.70000 1360.57
5043.80000 1371.66
5043.90000 1382.52
5044.00000 1361.13
5044.10000 1381.28
5044.20000 1363.54
5044.30000 1375.37
5044.40000 1338.02
5044.50000 1348.01
5044.60000 1374.57
5044.70000 1362.63
5044.80000 1360.95
5044.90000 1380.45
5045.00000 1383.99
5045.10000 1376.34
5045.20000 1376.13
5045.30000 1362.42
5045.40000 1369.51
5045.50000 1367.77
5045.60000 1370.12
5045.70000 1360.28
5045.80000 1350.73
5045.90000 1368.87
5046.00000 1356.08
5046.10000 1360.71
5046.20000 1372.64
5046.30000 1348.58
5046.40000 1363.87
5046.50000 1367.24
5046.60000 1357.55
5046.70000 1365.01
5046.80000 1364.20
5046.90000 1355.07
5047.00000 1363.19
5047.10000 1360.54
5047.20000 1347.34
5047.30000 1358.39
5047.40000 1353.64
5047.50000 1370.36
5047.60000 1364.66
5047.70000 1356.39
5047.80000 1358.89
5047.90000 1357.47
5048.00000 1358.52
5048.10000 1356.92
5048.20000 1353.68
5048.30000 1354.72
5048.40000 1347.69
5048.50000 1350.74
5048.60000 1367.50
5048.70000 1357.33
5048.80000 1362.13
5048.90000 1340.96
5049.00000 1354.03
5049.10000 1357.23
5049.20000 1372.46
5049.30000 1356.06
5049.40000 1364.25
5049.50000 1364.81
5049.60000 1369.18
5049.70000 1382.89
5049.80000 1377.22
5049.90000 1383.47
5050.00000 1361.16
5050.10000 1359.64
5050.20000 1368.97
5050.30000 1368.55
5050.40000 1374.63
5050.50000 1383.20
5050.60000 1372.53
5050.70000 1371.88
5050.80000 1363.18
5050.90000 1359.55
5051.00000 1367.69
5051.10000 1373.57
5051.20000 1393.88
5051.30000 1381.96
5051.40000 1374.21
5051.50000 1384.36
5051.60000 1370.46
5051.70000 1379.26
5051.80000 1383.48
5051.90000 1388.74
5052.00000 1393.11
5052.10000 1383.72
5052.20000 1391.57
5052.30000 1379.87
5052.40000 1398.47
5052.50000 1389.40
5052.60000 1387.99
5052.70000 1390.63
5052.80000 1383.03
5052.90000 1379.67
5053.00000 1389.60
5053.10000 1391.87
5053.20000 1410.48
5053.30000 1409.62
5053.40000 1405.16
5053.50000 1407.03
5053.60000 1421.25
5053.70000 1408.45
5053.80000 1392.63
5053.90000 1414.77
5054.00000 1415.44
5054.10000 1409.89
5054.20000 1402.99
5054.30000 1397.40
5054.40000 1402.54
5054.50000 1406.31
5054.60000 1409.24
5054.70000 1419.72
5054.80000 1431.46
5054.90000 1441.23
5055.00000 1408.59
5055.10000 1428.04
5055.20000 1415.27
5055.30000 1430.04
5055.40000 1420.87
5055.50000 1429.48
5055.60000 1437.17
5055.70000 1435.80
5055.80000 1430.25
5055.90000 1440.34
5056.00000 1435.39
5056.10000 1425.42
5056.20000 1416.82
5056.30000 1422.34
5056.40000 1409.82
5056.50000 1435.73
5056.60000 1415.65
5056.70000 1404.24
5056.80000 1409.25
5056.90000 1389.44
5057.00000 1402.12
5057.10000 1432.61
5057.20000 1425.13
5057.30000 1435.50
5057.40000 1437.08
5057.50000 1441.20
5057.60000 1431.28
5057.70000 1440.52
5057.80000 1419.51
5057.90000 1423.71
5058.00000 1412.76
5058.10000 1383.97
5058.20000 1440.33
5058.30000 1451.50
5058.40000 1431.11
5058.50000 1429.52
5058.60000 1416.64
5058.70000 1401.10
5058.80000 1421.98
5058.90000 1427.57
5059.00000 1428.01
5059.10000 1415.79
5059.20000 1416.46
5059.30000 1429.75
5059.40000 1407.34
5059.50000 1418.75
5059.60000 1433.29
5059.70000 1422.42
5059.80000 1429.87
5059.90000 1411.89
5060.00000 1402.77
5060.10000 1410.14
5060.20000 1417.56
5060.30000 1409.67
5060.40000 1400.88
5060.50000 1396.64
5060.60000 1415.30
5060.70000 1411.44
5060.80000 1432.37
5060.90000 1413.52
5061.00000 1411.38
5061.10000 1419.09
5061.20000 1418.16
5061.30000 1417.40
5061.40000 1418.24
5061.50000 1412.35
5061.60000 1395.08
5061.70000 1422.39
5061.80000 1400.05
5061.90000 1389.91
5062.00000 1402.37
5062.10000 1403.68
5062.20000 1411.84
5062.30000 1410.81
5062.40000 1418.04
5062.50000 1425.59
5062.60000 1422.85
5062.70000 1420.10
5062.80000 1405.88
5062.90000 1411.90
5063.00000 1414.08
5063.10000 1404.28
5063.20000 1408.48
5063.30000 1410.91
5063.40000 1408.13
5063.50000 1406.53
5063.60000 1413.30
5063.70000 1416.21
5063.80000 1427.66
5063.90000 1409.91
5064.00000 1430.79
5064.10000 1402.38
5064.20000 1419.99
5064.30000 1406.36
5064.40000 1424.44
5064.50000 1408.82
5064.60000 1418.61
5064.70000 1411.39
5064.80000 1422.98
5064.90000 1414.90
5065.00000 1429.77
5065.10000 1424.42
5065.20000 1419.75
5065.30000 1408.47
5065.40000 1414.68
5065.50000 1418.26
5065.60000 1433.64
5065.70000 1415.21
5065.80000 1407.53
5065.90000 1414.62
5066.00000 1414.21
5066.10000 1405.71
5066.20000 1406.47
5066.30000 1400.26
5066.40000 1367.89
5066.50000 1400.17
5066.60000 1422.53
5066.70000 1398.60
5066.80000 1391.52
5066.90000 1402.39
5067.00000 1410.66
5067.10000 1422.06
5067.20000 1403.70
5067.30000 1409.29
5067.40000 1415.17
5067.50000 1406.52
5067.60000 1382.24
5067.70000 1383.33
5067.80000 1410.15
5067.90000 1418.98
5068.00000 1415.01
5068.10000 1407.47
5068.20000 1405.79
5068.30000 1420.76
5068.40000 1410.39
5068.50000 1424.88
5068.60000 1409.44
5068.70000 1422.48
5068.80000 1401.85
5068.90000 1418.91
5069.00000 1415.44
5069.10000 1412.95
5069.20000 1404.13
5069.30000 1413.81
5069.40000 1402.89
5069.50000 1417.43
5069.60000 1401.80
5069.70000 1424.22
5069.80000 1412.07
5069.90000 1413.51
5070.00000 1407.94
5070.10000 1418.61
5070.20000 1423.09
5070.30000 1421.54
5070.40000 1410.91
5070.50000 1423.74
5070.60000 1406.81
5070.70000 1395.67
5070.80000 1412.71
5070.90000 1423.92
5071.00000 1421.88
5071.10000 1414.55
5071.20000 1426.81
5071.30000 1416.09
5071.40000 1411.54
5071.50000 1408.98
5071.60000 1410.05
5071.70000 1409.46
5071.80000 1420.25
5071.90000 1426.06
5072.00000 1421.41
5072.10000 1418.56
5072.20000 1422.66
5072.30000 1408.66
5072.40000 1409.43
5072.50000 1428.55
5072.60000 1412.71
5072.70000 1411.87
5072.80000 1402.70
5072.90000 1407.26
5073.00000 1404.88
5073.10000 1421.27
5073.20000 1402.84
5073.30000 1378.10
5073.40000 1366.36
5073.50000 1419.95
5073.60000 1418.76
5073.70000 1422.04
5073.80000 1407.58
5073.90000 1414.83
5074.00000 1414.71
5074.10000 1408.23
5074.20000 1412.82
5074.30000 1417.43
5074.40000 1426.63
5074.50000 1412.68
5074.60000 1414.98
5074.70000 1409.94
5074.80000 1411.71
5074.90000 1411.23
5075.00000 1410.27
5075.10000 1423.99
5075.20000 1414.02
5075.30000 1408.24
5075.40000 1425.88
5075.50000 1413.10
5075.60000 1408.06
5075.70000 1428.06
5075.80000 1417.77
5075.90000 1415.82
5076.00000 1420.06
5076.10000 1415.88
5076.20000 1421.15
5076.30000 1409.54
5076.40000 1426.64
5076.50000 1420.75
5076.60000 1415.43
5076.70000 1401.51
5076.80000 1420.44
5076.90000 1374.61
5077.00000 1392.42
5077.10000 1416.62
5077.20000 1417.22
5077.30000 1417.67
5077.40000 1417.38
5077.50000 1426.62
5077.60000 1432.43
5077.70000 1419.25
5077.80000 1428.72
5077.90000 1387.16
5078.00000 1404.74
5078.10000 1420.62
5078.20000 1408.42
5078.30000 1427.34
5078.40000 1424.31
5078.50000 1411.63
5078.60000 1425.90
5078.70000 1407.11
5078.80000 1411.59
5078.90000 1417.20
5079.00000 1412.71
5079.10000 1429.12
5079.20000 1418.64
5079.30000 1424.09
5079.40000 1413.69
5079.50000 1408.64
5079.60000 1373.23
5079.70000 1397.54
5079.80000 1422.82
5079.90000 1426.15
5080.00000 1392.04
5080.10000 1396.14
5080.20000 1416.11
5080.30000 1428.47
5080.40000 1408.71
5080.50000 1411.47
5080.60000 1422.22
5080.70000 1421.18
5080.80000 1409.17
5080.90000 1412.92
5081.00000 1425.04
5081.10000 1422.80
5081.20000 1426.47
5081.30000 1444.87
5081.40000 1426.75
5081.50000 1432.06
5081.60000 1425.98
5081.70000 1433.52
5081.80000 1413.43
5081.90000 1418.36
5082.00000 1417.77
5082.10000 1424.42
5082.20000 1430.46
5082.30000 1426.00
5082.40000 1412.51
5082.50000 1438.22
5082.60000 1415.68
5082.70000 1430.26
5082.80000 1427.14
5082.90000 1434.04
5083.00000 1429.23
5083.10000 1421.12
5083.20000 1416.41
5083.30000 1420.42
5083.40000 1416.20
5083.50000 1415.20
5083.60000 1417.02
5083.70000 1425.06
5083.80000 1423.49
5083.90000 1428.35
5084.00000 1430.16
5084.10000 1416.98
5084.20000 1419.88
5084.30000 1387.25
5084.40000 1417.79
5084.50000 1426.40
5084.60000 1429.53
5084.70000 1422.05
5084.80000 1433.90
5084.90000 1416.35
5085.00000 1399.07
5085.10000 1412.63
5085.20000 1427.62
5085.30000 1430.63
5085.40000 1426.58
5085.50000 1427.31
5085.60000 1415.57
5085.70000 1434.57
5085.80000 1438.27
5085.90000 1422.23
5086.00000 1424.78
5086.10000 1424.78
5086.20000 1418.26
5086.30000 1421.19
5086.40000 1422.03
5086.50000 1419.25
5086.60000 1421.29
5086.70000 1422.34
5086.80000 1405.60
5086.90000 1414.61
5087.00000 1413.44
5087.10000 1387.54
5087.20000 1412.93
5087.30000 1429.71
5087.40000 1414.30
5087.50000 1404.04
5087.60000 1424.21
5087.70000 1421.85
5087.80000 1417.53
5087.90000 1426.33
5088.00000 1425.15
5088.10000 1407.71
5088.20000 1430.16
5088.30000 1426.25
5088.40000 1417.63
5088.50000 1428.11
5088.60000 1421.73
5088.70000 1411.36
5088.80000 1427.66
5088.90000 1416.73
5089.00000 1415.23
5089.10000 1419.42
5089.20000 1424.50
5089.30000 1420.56
5089.40000 1422.28
5089.50000 1422.87
5089.60000 1416.38
5089.70000 1419.85
5089.80000 1419.36
5089.90000 1403.78
5090.00000 1413.78
5090.10000 1422.87
5090.20000 1417.95
5090.30000 1408.13
5090.40000 1423.66
5090.50000 1416.53
5090.60000 1426.00
5090.70000 1393.15
5090.80000 1408.79
5090.90000 1425.26
5091.00000 1409.57
5091.10000 1411.84
5091.20000 1412.96
5091.30000 1414.87
5091.40000 1412.09
5091.50000 1411.12
5091.60000 1411.62
5091.70000 1420.01
5091.80000 1414.49
5091.90000 1414.43
5092.00000 1412.56
5092.10000 1414.93
5092.20000 1404.68
5092.30000 1403.63
5092.40000 1403.05
5092.50000 1397.12
5092.60000 1406.32
5092.70000 1385.16
5092.80000 1423.15
5092.90000 1408.55
5093.00000 1390.80
5093.10000 1417.93
5093.20000 1416.64
5093.30000 1421.98
5093.40000 1409.35
5093.50000 1408.99
5093.60000 1421.76
5093.70000 1421.78
5093.80000 1418.32
5093.90000 1406.37
5094.00000 1395.74
5094.10000 1416.39
5094.20000 1404.48
5094.30000 1408.43
5094.40000 1408.57
5094.50000 1408.14
5094.60000 1404.50
5094.70000 1401.40
5094.80000 1407.60
5094.90000 1396.68
5095.00000 1412.05
5095.10000 1418.32
5095.20000 1425.53
5095.30000 1422.89
5095.40000 1410.67
5095.50000 1414.42
5095.60000 1427.36
5095.70000 1426.38
5095.80000 1429.94
5095.90000 1416.13
5096.00000 1420.12
5096.10000 1412.66
5096.20000 1423.96
5096.30000 1406.71
5096.40000 1403.77
5096.50000 1416.63
5096.60000 1414.81
5096.70000 1423.96
5096.80000 1416.63
5096.90000 1411.42
5097.00000 1424.97
5097.10000 1412.35
5097.20000 1431.01
5097.30000 1416.50
5097.40000 1403.35
5097.50000 1425.28
5097.60000 1425.94
5097.70000 1427.14
5097.80000 1417.00
5097.90000 1429.05
5098.00000 1424.66
5098.10000 1424.98
5098.20000 1418.01
5098.30000 1424.60
5098.40000 1435.66
5098.50000 1431.86
5098.60000 1431.26
5098.70000 1423.09
5098.80000 1443.83
5098.90000 1421.36
5099.00000 1432.16
5099.10000 1432.70
5099.20000 1433.08
5099.30000 1437.74
5099.40000 1442.40
5099.50000 1429.01
5099.60000 1450.81
5099.70000 1414.21
5099.80000 1421.07
5099.90000 1422.11
5100.00000 1425.62
5100.10000 1415.32
5100.20000 1423.57
5100.30000 1422.53
5100.40000 1429.20
5100.50000 1434.27
5100.60000 1434.92
5100.70000 1414.89
5100.80000 1420.13
5100.90000 1429.38
5101.00000 1423.02
5101.10000 1428.27
5101.20000 1426.60
5101.30000 1427.33
5101.40000 1420.22
5101.50000 1404.39
5101.60000 1425.65
5101.70000 1424.87
5101.80000 1414.53
5101.90000 1422.17
5102.00000 1432.82
5102.10000 1430.29
5102.20000 1420.99
5102.30000 1414.41
5102.40000 1426.25
5102.50000 1426.20
5102.60000 1419.70
5102.70000 1416.70
5102.80000 1422.71
5102.90000 1420.21
5103.00000 1422.58
5103.10000 1435.80
5103.20000 1427.01
5103.30000 1436.69
5103.40000 1429.78
5103.50000 1431.67
5103.60000 1418.29
5103.70000 1432.34
5103.80000 1424.37
5103.90000 1421.18
5104.00000 1416.70
5104.10000 1416.60
5104.20000 1414.47
5104.30000 1432.21
5104.40000 1421.33
5104.50000 1429.80
5104.60000 1422.99
5104.70000 1420.35
5104.80000 1420.51
5104.90000 1414.69
5105.00000 1425.72
5105.10000 1444.72
5105.20000 1411.88
5105.30000 1411.12
5105.40000 1409.10
5105.50000 1421.95
5105.60000 1426.38
5105.70000 1423.94
5105.80000 1413.34
5105.90000 1419.15
5106.00000 1416.32
5106.10000 1421.27
5106.20000 1414.86
5106.30000 1413.65
5106.40000 1408.05
5106.50000 1413.07
5106.60000 1423.39
5106.70000 1410.79
5106.80000 1415.84
5106.90000 1423.98
5107.00000 1415.67
5107.10000 1424.34
5107.20000 1409.72
5107.30000 1413.13
5107.40000 1396.29
5107.50000 1412.91
5107.60000 1420.09
5107.70000 1410.18
5107.80000 1399.90
5107.90000 1403.93
5108.00000 1410.62
5108.10000 1410.57
5108.20000 1415.66
5108.30000 1397.53
5108.40000 1398.27
5108.50000 1411.72
5108.60000 1415.30
5108.70000 1401.91
5108.80000 1408.83
5108.90000 1411.43
5109.00000 1408.54
5109.10000 1405.31
5109.20000 1409.34
5109.30000 1399.84
5109.40000 1399.61
5109.50000 1421.30
5109.60000 1414.00
5109.70000 1405.56
5109.80000 1402.38
5109.90000 1394.62
5110.00000 1411.76
5110.10000 1393.69
5110.20000 1398.99
5110.30000 1425.75
5110.40000 1408.20
5110.50000 1413.11
5110.60000 1400.83
5110.70000 1403.34
5110.80000 1406.63
5110.90000 1398.68
5111.00000 1399.99
5111.10000 1405.16
5111.20000 1407.84
5111.30000 1412.77
5111.40000 1396.38
5111.50000 1394.00
5111.60000 1393.57
5111.70000 1401.42
5111.80000 1409.10
5111.90000 1405.49
5112.00000 1403.12
5112.10000 1407.28
5112.20000 1395.95
5112.30000 1399.57
5112.40000 1406.90
5112.50000 1391.76
5112.60000 1403.78
5112.70000 1414.08
5112.80000 1399.92
5112.90000 1401.42
5113.00000 1407.59
5113.10000 1404.27
5113.20000 1414.57
5113.30000 1416.74
5113.40000 1398.47
5113.50000 1406.90
5113.60000 1410.62
5113.70000 1407.51
5113.80000 1400.74
5113.90000 1392.67
5114.00000 1399.59
5114.10000 1401.17
5114.20000 1409.99
5114.30000 1403.47
5114.40000 1422.28
5114.50000 1413.94
5114.60000 1389.87
5114.70000 1407.49
5114.80000 1404.81
5114.90000 1418.41
5115.00000 1388.02
5115.10000 1405.52
5115.20000 1390.51
5115.30000 1408.50
5115.40000 1408.58
5115.50000 1395.15
5115.60000 1410.62
5115.70000 1406.06
5115.80000 1411.56
5115.90000 1406.28
5116.00000 1395.28
5116.10000 1409.34
5116.20000 1402.77
5116.30000 1410.16
5116.40000 1390.15
5116.50000 1405.19
5116.60000 1406.94
5116.70000 1400.89
5116.80000 1416.32
5116.90000 1404.45
5117.00000 1393.09
5117.10000 1395.94
5117.20000 1407.49
5117.30000 1386.90
5117.40000 1399.81
5117.50000 1399.78
5117.60000 1413.54
5117.70000 1414.98
5117.80000 1390.15
5117.90000 1392.36
5118.00000 1384.86
5118.10000 1414.72
5118.20000 1395.15
5118.30000 1411.07
5118.40000 1408.95
5118.50000 1409.23
5118.60000 1415.08
5118.70000 1404.41
5118.80000 1414.09
5118.90000 1417.61
5119.00000 1398.94
5119.10000 1413.48
5119.20000 1404.67
5119.30000 1402.86
5119.40000 1431.36
5119.50000 1407.42
5119.60000 1411.27
5119.70000 1406.43
5119.80000 1405.08
5119.90000 1410.65
5120.00000 1412.68
5120.10000 1427.51
5120.20000 1407.80
5120.30000 1409.79
5120.40000 1391.48
5120.50000 1399.83
5120.60000 1414.91
5120.70000 1405.74
5120.80000 1422.55
5120.90000 1419.74
5121.00000 1414.39
5121.10000 1398.30
5121.20000 1412.78
5121.30000 1409.03
5121.40000 1415.97
5121.50000 1420.65
5121.60000 1401.80
5121.70000 1404.39
5121.80000 1399.47
5121.90000 1416.28
5122.00000 1416.70
5122.10000 1402.61
5122.20000 1398.56
5122.30000 1402.43
5122.40000 1411.49
5122.50000 1398.48
5122.60000 1411.96
5122.70000 1413.34
5122.80000 1414.77
5122.90000 1416.02
5123.00000 1408.99
5123.10000 1413.02
5123.20000 1416.90
5123.30000 1410.74
5123.40000 1414.01
5123.50000 1410.63
5123.60000 1411.73
5123.70000 1398.84
5123.80000 1415.80
5123.90000 1409.66
5124.00000 1413.62
5124.10000 1412.63
5124.20000 1409.31
5124.30000 1407.32
5124.40000 1420.38
5124.50000 1414.53
5124.60000 1417.50
5124.70000 1424.52
5124.80000 1414.59
5124.90000 1427.70
5125.00000 1421.28
5125.10000 1405.13
5125.20000 1405.60
5125.30000 1418.39
5125.40000 1423.40
5125.50000 1423.12
5125.60000 1427.64
5125.70000 1421.05
5125.80000 1421.75
5125.90000 1416.78
5126.00000 1409.21
5126.10000 1422.85
5126.20000 1421.96
5126.30000 1421.58
5126.40000 1432.38
5126.50000 1421.07
5126.60000 1427.94
5126.70000 1438.81
5126.80000 1441.62
5126.90000 1430.70
5127.00000 1422.50
5127.10000 1421.89
5127.20000 1443.47
5127.30000 1428.88
5127.40000 1450.45
5127.50000 1424.06
5127.60000 1417.14
5127.70000 1433.37
5127.80000 1434.29
5127.90000 1427.70
5128.00000 1438.17
5128.10000 1427.05
5128.20000 1421.79
5128.30000 1425.59
5128.40000 1433.85
5128.50000 1436.07
5128.60000 1430.83
5128.70000 1430.03
5128.80000 1418.51
5128.90000 1433.44
5129.00000 1434.11
5129.10000 1428.16
5129.20000 1440.52
5129.30000 1415.63
5129.40000 1412.02
5129.50000 1436.46
5129.60000 1432.96
5129.70000 1418.12
5129.80000 1427.86
5129.90000 1435.60
5130.00000 1442.84
5130.10000 1427.69
5130.20000 1424.15
5130.30000 1439.95
5130.40000 1448.32
5130.50000 1445.65
5130.60000 1449.05
5130.70000 1438.98
5130.80000 1443.22
5130.90000 1458.92
5131.00000 1439.15
5131.10000 1465.39
5131.20000 1454.91
5131.30000 1439.25
5131.40000 1464.08
5131.50000 1442.17
5131.60000 1440.45
5131.70000 1453.20
5131.80000 1447.14
5131.90000 1461.67
5132.00000 1456.30
5132.10000 1440.89
5132.20000 1448.74
5132.30000 1435.52
5132.40000 1454.09
5132.50000 1442.96
5132.60000 1438.43
5132.70000 1455.24
5132.80000 1436.40
5132.90000 1431.26
5133.00000 1446.51
5133.10000 1434.23
5133.20000 1427.83
5133.30000 1433.57
5133.40000 1433.01
5133.50000 1421.12
5133.60000 1433.33
5133.70000 1433.52
5133.80000 1424.10
5133.90000 1438.16
5134.00000 1435.10
5134.10000 1436.62
5134.20000 1438.96
5134.30000 1434.08
5134.40000 1433.36
5134.50000 1427.91
5134.60000 1418.22
5134.70000 1434.01
5134.80000 1447.22
5134.90000 1412.60
5135.00000 1424.09
5135.10000 1443.13
5135.20000 1423.42
5135.30000 1436.68
5135.40000 1443.41
5135.50000 1437.84
5135.60000 1438.12
5135.70000 1444.23
5135.80000 1424.19
5135.90000 1437.91
5136.00000 1432.18
5136.10000 1429.58
5136.20000 1429.88
5136.30000 1437.96
5136.40000 1439.92
5136.50000 1432.37
5136.60000 1425.37
5136.70000 1434.59
5136.80000 1435.52
5136.90000 1428.97
5137.00000 1432.40
5137.10000 1432.29
5137.20000 1428.64
5137.30000 1428.58
5137.40000 1396.87
5137.50000 1436.53
5137.60000 1412.84
5137.70000 1422.45
5137.80000 1425.40
5137.90000 1421.84
5138.00000 1434.99
5138.10000 1434.58
5138.20000 1430.33
5138.30000 1431.91
5138.40000 1413.03
5138.50000 1423.88
5138.60000 1417.20
5138.70000 1411.40
5138.80000 1413.89
5138.90000 1409.33
5139.00000 1409.74
5139.10000 1410.39
5139.20000 1428.75
5139.30000 1422.28
5139.40000 1422.36
5139.50000 1411.44
5139.60000 1420.20
5139.70000 1418.08
5139.80000 1421.34
5139.90000 1434.79
5140.00000 1430.11
5140.10000 1416.89
5140.20000 1425.13
5140.30000 1415.53
5140.40000 1424.79
5140.50000 1411.44
5140.60000 1409.97
5140.70000 1428.63
5140.80000 1419.09
5140.90000 1422.70
5141.00000 1421.53
5141.10000 1414.25
5141.20000 1412.28
5141.30000 1428.08
5141.40000 1432.80
5141.50000 1414.81
5141.60000 1426.27
5141.70000 1414.79
5141.80000 1416.23
5141.90000 1408.34
5142.00000 1417.68
5142.10000 1403.30
5142.20000 1405.39
5142.30000 1415.64
5142.40000 1429.69
5142.50000 1413.14
5142.60000 1426.93
5142.70000 1418.64
5142.80000 1421.24
5142.90000 1417.42
5143.00000 1422.35
5143.10000 1432.19
5143.20000 1430.06
5143.30000 1430.69
5143.40000 1427.55
5143.50000 1435.37
5143.60000 1421.69
5143.70000 1423.91
5143.80000 1431.63
5143.90000 1430.46
5144.00000 1439.87
5144.10000 1424.45
5144.20000 1424.52
5144.30000 1442.69
5144.40000 1439.28
5144.50000 1433.90
5144.60000 1429.64
5144.70000 1441.95
5144.80000 1428.57
5144.90000 1434.17
5145.00000 1432.00
5145.10000 1436.02
5145.20000 1439.08
5145.30000 1427.00
5145.40000 1429.94
5145.50000 1423.90
5145.60000 1421.13
5145.70000 1432.20
5145.80000 1423.72
5145.90000 1423.24
5146.00000 1426.65
5146.10000 1431.27
5146.20000 1432.61
5146.30000 1433.39
5146.40000 1435.74
5146.50000 1428.53
5146.60000 1426.55
5146.70000 1432.01
5146.80000 1429.98
5146.90000 1444.54
5147.00000 1434.40
5147.10000 1431.29
5147.20000 1420.10
5147.30000 1416.25
5147.40000 1420.88
5147.50000 1430.30
5147.60000 1437.44
5147.70000 1427.21
5147.80000 1431.19
5147.90000 1433.90
5148.00000 1435.84
5148.10000 1441.49
5148.20000 1421.80
5148.30000 1433.60
5148.40000 1425.03
5148.50000 1441.41
5148.60000 1441.69
5148.70000 1438.27
5148.80000 1432.43
5148.90000 1459.68
5149.00000 1434.32
5149.10000 1430.51
5149.20000 1438.70
5149.30000 1431.91
5149.40000 1442.94
5149.50000 1433.31
5149.60000 1430.99
5149.70000 1447.82
5149.80000 1427.79
5149.90000 1415.23
5150.00000 1432.60
5150.10000 1441.33
5150.20000 1426.66
5150.30000 1428.05
5150.40000 1432.64
5150.50000 1448.07
5150.60000 1428.70
5150.70000 1423.64
5150.80000 1431.28
5150.90000 1433.74
5151.00000 1427.44
5151.10000 1430.21
5151.20000 1423.83
5151.30000 1418.69
5151.40000 1426.22
5151.50000 1441.35
5151.60000 1410.36
5151.70000 1427.62
5151.80000 1434.52
5151.90000 1437.88
5152.00000 1434.50
5152.10000 1425.12
5152.20000 1428.64
5152.30000 1427.59
5152.40000 1420.03
5152.50000 1425.22
5152.60000 1436.60
5152.70000 1435.35
5152.80000 1420.09
5152.90000 1430.07
5153.00000 1437.88
5153.10000 1424.96
5153.20000 1422.64
5153.30000 1433.22
5153.40000 1434.28
5153.50000 1412.70
5153.60000 1432.69
5153.70000 1421.09
5153.80000 1417.32
5153.90000 1429.23
5154.00000 1426.20
5154.10000 1418.89
5154.20000 1418.24
5154.30000 1412.97
5154.40000 1426.83
5154.50000 1418.16
5154.60000 1419.38
5154.70000 1421.45
5154.80000 1424.66
5154.90000 1415.53
5155.00000 1422.87
5155.10000 1426.21
5155.20000 1417.01
5155.30000 1419.34
5155.40000 1421.08
5155.50000 1408.17
5155.60000 1421.35
5155.70000 1410.08
5155.80000 1409.71
5155.90000 1413.21
5156.00000 1421.09
5156.10000 1415.98
5156.20000 1411.64
5156.30000 1419.98
5156.40000 1419.07
5156.50000 1416.96
5156.60000 1413.47
5156.70000 1413.42
5156.80000 1423.09
5156.90000 1421.65
5157.00000 1426.55
5157.10000 1417.34
5157.20000 1405.42
5157.30000 1423.99
5157.40000 1418.65
5157.50000 1411.23
5157.60000 1418.31
5157.70000 1429.48
5157.80000 1427.74
5157.90000 1414.97
5158.00000 1417.68
5158.10000 1423.41
5158.20000 1404.43
5158.30000 1417.58
5158.40000 1414.11
5158.50000 1427.37
5158.60000 1414.51
5158.70000 1405.47
5158.80000 1410.44
5158.90000 1408.96
5159.00000 1434.95
5159.10000 1418.56
5159.20000 1406.17
5159.30000 1403.79
5159.40000 1405.77
5159.50000 1402.84
5159.60000 1401.88
5159.70000 1412.47
5159.80000 1399.10
5159.90000 1400.48
5160.00000 1409.20
5160.10000 1400.82
5160.20000 1408.66
5160.30000 1400.42
5160.40000 1404.61
5160.50000 1393.82
5160.60000 1403.31
5160.70000 1404.62
5160.80000 1408.42
5160.90000 1400.95
5161.00000 1410.66
5161.10000 1401.93
5161.20000 1402.13
5161.30000 1391.47
5161.40000 1408.78
5161.50000 1406.76
5161.60000 1390.48
5161.70000 1400.78
5161.80000 1414.91
5161.90000 1394.37
5162.00000 1403.95
5162.10000 1405.51
5162.20000 1401.45
5162.30000 1409.49
5162.40000 1411.47
5162.50000 1406.81
5162.60000 1403.73
5162.70000 1403.09
5162.80000 1395.47
5162.90000 1396.90
5163.00000 1399.29
5163.10000 1408.35
5163.20000 1404.32
5163.30000 1408.96
5163.40000 1400.68
5163.50000 1414.96
5163.60000 1410.93
5163.70000 1409.94
5163.80000 1412.89
5163.90000 1426.62
5164.00000 1430.45
5164.10000 1431.15
5164.20000 1426.14
5164.30000 1413.01
5164.40000 1428.14
5164.50000 1416.19
5164.60000 1434.60
5164.70000 1440.96
5164.80000 1451.23
5164.90000 1441.25
5165.00000 1450.90
5165.10000 1457.48
5165.20000 1447.81
5165.30000 1462.25
5165.40000 1470.71
5165.50000 1468.68
5165.60000 1462.26
5165.70000 1456.27
5165.80000 1466.31
5165.90000 1478.95
5166.00000 1482.38
5166.10000 1486.57
5166.20000 1483.47
5166.30000 1486.74
5166.40000 1480.28
5166.50000 1493.50
5166.60000 1511.56
5166.70000 1492.61
5166.80000 1503.54
5166.90000 1515.97
5167.00000 1519.27
5167.10000 1531.38
5167.20000 1541.32
5167.30000 1543.29
5167.40000 1561.91
5167.50000 1551.19
5167.60000 1553.59
5167.70000 1567.82
5167.80000 1576.18
5167.90000 1573.16
5168.00000 1575.23
5168.10000 1555.48
5168.20000 1552.49
5168.30000 1547.03
5168.40000 1549.87
5168.50000 1538.29
5168.60000 1523.01
5168.70000 1531.67
5168.80000 1534.14
5168.90000 1542.59
5169.00000 1519.52
5169.10000 1499.77
5169.20000 1523.82
5169.30000 1519.02
5169.40000 1510.86
5169.50000 1527.39
5169.60000 1531.62
5169.70000 1529.53
5169.80000 1547.00
5169.90000 1526.14
5170.00000 1553.91
5170.10000 1553.81
5170.20000 1555.84
5170.30000 1569.44
5170.40000 1573.84
5170.50000 1589.48
5170.60000 1580.64
5170.70000 1580.04
5170.80000 1563.03
5170.90000 1568.83
5171.00000 1571.98
5171.10000 1588.35
5171.20000 1583.72
5171.30000 1576.20
5171.40000 1605.07
5171.50000 1596.91
5171.60000 1589.58
5171.70000 1581.78
5171.80000 1570.22
5171.90000 1557.37
5172.00000 1565.31
5172.10000 1546.38
5172.20000 1546.27
5172.30000 1536.54
5172.40000 1529.65
5172.50000 1521.77
5172.60000 1499.63
5172.70000 1507.34
5172.80000 1495.33
5172.90000 1485.35
5173.00000 1480.72
5173.10000 1480.70
5173.20000 1472.59
5173.30000 1467.78
5173.40000 1454.53
5173.50000 1448.53
5173.60000 1457.42
5173.70000 1449.54
5173.80000 1465.03
5173.90000 1460.92
5174.00000 1452.72
5174.10000 1445.32
5174.20000 1445.37
5174.30000 1441.96
5174.40000 1441.02
5174.50000 1448.46
5174.60000 1452.01
5174.70000 1444.18
5174.80000 1461.32
5174.90000 1459.61
5175.00000 1454.58
5175.10000 1445.51
5175.20000 1442.86
5175.30000 1456.50
5175.40000 1465.67
5175.50000 1458.97
5175.60000 1448.32
5175.70000 1456.38
5175.80000 1450.87
5175.90000 1437.20
5176.00000 1456.14
5176.10000 1441.57
5176.20000 1451.93
5176.30000 1420.19
5176.40000 1410.72
5176.50000 1405.62
5176.60000 1409.73
5176.70000 1415.87
5176.80000 1425.07
5176.90000 1433.76
5177.00000 1413.65
5177.10000 1418.64
5177.20000 1412.02
5177.30000 1420.32
5177.40000 1423.62
5177.50000 1413.87
5177.60000 1418.00
5177.70000 1418.10
5177.80000 1422.21
5177.90000 1400.94
5178.00000 1409.26
5178.10000 1402.57
5178.20000 1409.34
5178.30000 1410.88
5178.40000 1411.14
5178.50000 1421.63
5178.60000 1416.01
5178.70000 1408.93
5178.80000 1407.68
5178.90000 1419.15
5179.00000 1422.32
5179.10000 1423.43
5179.20000 1418.45
5179.30000 1407.75
5179.40000 1419.32
5179.50000 1416.32
5179.60000 1401.27
5179.70000 1409.28
5179.80000 1408.69
5179.90000 1417.88
5180.00000 1417.26
5180.10000 1416.07
5180.20000 1416.31
5180.30000 1429.06
5180.40000 1430.64
5180.50000 1420.39
5180.60000 1431.31
5180.70000 1423.06
5180.80000 1445.60
5180.90000 1438.97
5181.00000 1449.16
5181.10000 1441.48
5181.20000 1434.08
5181.30000 1425.14
5181.40000 1452.02
5181.50000 1446.09
5181.60000 1464.26
5181.70000 1465.50
5181.80000 1465.60
5181.90000 1457.44
5182.00000 1466.07
5182.10000 1456.56
5182.20000 1456.45
5182.30000 1454.88
5182.40000 1451.29
5182.50000 1446.78
5182.60000 1470.31
5182.70000 1465.00
5182.80000 1453.74
5182.90000 1427.54
5183.00000 1450.93
5183.10000 1456.37
5183.20000 1440.11
5183.30000 1437.70
5183.40000 1449.40
5183.50000 1433.72
5183.60000 1446.84
5183.70000 1437.88
5183.80000 1436.43
5183.90000 1421.22
5184.00000 1441.65
5184.10000 1437.10
5184.20000 1435.15
5184.30000 1429.87
5184.40000 1437.74
5184.50000 1441.76
5184.60000 1428.84
5184.70000 1435.19
5184.80000 1424.41
5184.90000 1436.83
5185.00000 1426.51
5185.10000 1428.61
5185.20000 1428.43
5185.30000 1437.39
5185.40000 1435.21
5185.50000 1455.96
5185.60000 1445.12
5185.70000 1447.30
5185.80000 1447.88
5185.90000 1446.72
5186.00000 1458.73
5186.10000 1454.58
5186.20000 1451.65
5186.30000 1458.56
5186.40000 1452.47
5186.50000 1444.29
5186.60000 1453.86
5186.70000 1449.10
5186.80000 1448.49
5186.90000 1459.82
5187.00000 1460.98
5187.10000 1455.56
5187.20000 1461.15
5187.30000 1440.17
5187.40000 1446.71
5187.50000 1472.51
5187.60000 1442.80
5187.70000 1433.28
5187.80000 1458.76
5187.90000 1437.18
5188.00000 1454.61
5188.10000 1438.26
5188.20000 1442.91
5188.30000 1445.66
5188.40000 1439.90
5188.50000 1439.09
5188.60000 1440.21
5188.70000 1426.14
5188.80000 1431.61
5188.90000 1420.48
5189.00000 1419.71
5189.10000 1433.36
5189.20000 1416.43
5189.30000 1420.41
5189.40000 1439.63
5189.50000 1435.36
5189.60000 1429.14
5189.70000 1437.84
5189.80000 1423.06
5189.90000 1421.13
5190.00000 1424.36
5190.10000 1419.01
5190.20000 1429.31
5190.30000 1417.06
5190.40000 1429.25
5190.50000 1430.04
5190.60000 1428.59
5190.70000 1425.31
5190.80000 1445.31
5190.90000 1448.18
5191.00000 1425.76
5191.10000 1439.39
5191.20000 1431.04
5191.30000 1425.47
5191.40000 1441.46
5191.50000 1426.63
5191.60000 1424.14
5191.70000 1433.85
5191.80000 1429.83
5191.90000 1418.95
5192.00000 1419.71
5192.10000 1429.84
5192.20000 1441.56
5192.30000 1441.37
5192.40000 1425.64
5192.50000 1431.46
5192.60000 1430.68
5192.70000 1425.64
5192.80000 1445.22
5192.90000 1426.72
5193.00000 1430.24
5193.10000 1427.11
5193.20000 1443.71
5193.30000 1427.54
5193.40000 1433.31
5193.50000 1435.70
5193.60000 1422.33
5193.70000 1423.34
5193.80000 1424.70
5193.90000 1425.68
5194.00000 1439.11
5194.10000 1436.41
5194.20000 1446.34
5194.30000 1442.42
5194.40000 1451.70
5194.50000 1433.39
5194.60000 1445.03
5194.70000 1452.31
5194.80000 1466.66
5194.90000 1461.87
5195.00000 1468.57
5195.10000 1460.15
5195.20000 1472.51
5195.30000 1478.52
5195.40000 1469.60
5195.50000 1477.48
5195.60000 1485.16
5195.70000 1482.75
5195.80000 1501.67
5195.90000 1500.19
5196.00000 1506.93
5196.10000 1517.08
5196.20000 1526.28
5196.30000 1533.95
5196.40000 1529.45
5196.50000 1526.36
5196.60000 1518.98
5196.70000 1508.37
5196.80000 1503.50
5196.90000 1502.31
5197.00000 1496.26
5197.10000 1489.46
5197.20000 1477.71
5197.30000 1486.96
5197.40000 1484.04
5197.50000 1503.05
5197.60000 1472.13
5197.70000 1481.23
5197.80000 1476.25
5197.90000 1473.92
5198.00000 1463.86
5198.10000 1472.82
5198.20000 1472.33
5198.30000 1473.90
5198.40000 1471.40
5198.50000 1481.87
5198.60000 1493.46
5198.70000 1476.49
5198.80000 1480.84
5198.90000 1482.59
5199.00000 1479.69
5199.10000 1480.20
5199.20000 1483.92
5199.30000 1497.88
5199.40000 1499.98
5199.50000 1507.36
5199.60000 1491.70
5199.70000 1506.03
5199.80000 1514.23
5199.90000 1501.38
5200.00000 1513.64
5200.10000 1512.26
5200.20000 1512.41
5200.30000 1514.45
5200.40000 1506.16
5200.50000 1502.85
5200.60000 1504.10
5200.70000 1493.94
5200.80000 1496.77
5200.90000 1490.29
5201.00000 1498.66
5201.10000 1471.48
5201.20000 1476.24
5201.30000 1485.45
5201.40000 1480.54
5201.50000 1469.01
5201.60000 1467.23
5201.70000 1449.52
5201.80000 1453.59
5201.90000 1466.88
5202.00000 1454.93
5202.10000 1455.72
5202.20000 1454.22
5202.30000 1453.74
5202.40000 1458.57
5202.50000 1437.75
5202.60000 1449.01
5202.70000 1459.60
5202.80000 1452.45
5202.90000 1442.31
5203.00000 1454.13
5203.10000 1442.53
5203.20000 1439.30
5203.30000 1430.65
5203.40000 1428.75
5203.50000 1450.22
5203.60000 1433.51
5203.70000 1449.56
5203.80000 1435.39
5203.90000 1445.06
5204.00000 1442.05
5204.10000 1450.76
5204.20000 1441.89
5204.30000 1433.09
5204.40000 1440.30
5204.50000 1441.88
5204.60000 1428.45
5204.70000 1427.40
5204.80000 1431.12
5204.90000 1428.83
5205.00000 1433.22
5205.10000 1422.14
5205.20000 1435.10
5205.30000 1443.00
5205.40000 1434.22
5205.50000 1459.11
5205.60000 1438.54
5205.70000 1437.52
5205.80000 1441.85
5205.90000 1451.38
5206.00000 1430.59
5206.10000 1446.44
5206.20000 1444.96
5206.30000 1433.96
5206.40000 1434.03
5206.50000 1442.02
5206.60000 1444.87
5206.70000 1446.58
5206.80000 1428.21
5206.90000 1452.04
5207.00000 1428.70
5207.10000 1429.57
5207.20000 1457.40
5207.30000 1430.11
5207.40000 1436.17
5207.50000 1434.04
5207.60000 1444.52
5207.70000 1435.21
5207.80000 1443.24
5207.90000 1448.54
5208.00000 1457.89
5208.10000 1448.88
5208.20000 1433.16
5208.30000 1445.22
5208.40000 1432.35
5208.50000 1441.87
5208.60000 1444.73
5208.70000 1441.31
5208.80000 1439.59
5208.90000 1434.33
5209.00000 1447.58
5209.10000 1437.94
5209.20000 1451.72
5209.30000 1446.56
5209.40000 1449.29
5209.50000 1446.43
5209.60000 1436.50
5209.70000 1441.67
5209.80000 1447.89
5209.90000 1455.06
5210.00000 1451.10
5210.10000 1447.98
5210.20000 1437.71
5210.30000 1446.29
5210.40000 1433.67
5210.50000 1428.36
5210.60000 1445.20
5210.70000 1433.21
5210.80000 1442.89
5210.90000 1450.74
5211.00000 1440.32
5211.10000 1449.12
5211.20000 1445.12
5211.30000 1446.88
5211.40000 1452.93
5211.50000 1437.19
5211.60000 1437.86
5211.70000 1438.75
5211.80000 1442.88
5211.90000 1437.95
5212.00000 1438.25
5212.10000 1436.81
5212.20000 1457.62
5212.30000 1438.87
5212.40000 1449.75
5212.50000 1446.49
5212.60000 1444.56
5212.70000 1442.27
5212.80000 1459.37
5212.90000 1450.69
5213.00000 1453.61
5213.10000 1452.12
5213.20000 1445.86
5213.30000 1459.59
5213.40000 1458.84
5213.50000 1450.48
5213.60000 1454.21
5213.70000 1448.78
5213.80000 1449.59
5213.90000 1450.70
5214.00000 1437.35
5214.10000 1459.67
5214.20000 1460.12
5214.30000 1451.44
5214.40000 1442.49
5214.50000 1463.78
5214.60000 1474.90
5214.70000 1461.86
5214.80000 1449.79
5214.90000 1465.08
5215.00000 1458.05
5215.10000 1450.54
5215.20000 1466.94
5215.30000 1455.17
5215.40000 1471.22
5215.50000 1456.98
5215.60000 1470.06
5215.70000 1451.49
5215.80000 1440.77
5215.90000 1443.46
5216.00000 1449.25
5216.10000 1452.02
5216.20000 1450.56
5216.30000 1455.72
5216.40000 1454.03
5216.50000 1440.59
5216.60000 1451.67
5216.70000 1443.67
5216.80000 1439.11
5216.90000 1446.88
5217.00000 1451.45
5217.10000 1441.99
5217.20000 1445.42
5217.30000 1448.84
5217.40000 1437.24
5217.50000 1455.27
5217.60000 1442.37
5217.70000 1456.75
5217.80000 1455.45
5217.90000 1449.05
5218.00000 1444.92
5218.10000 1445.62
5218.20000 1447.92
5218.30000 1444.07
5218.40000 1444.45
5218.50000 1438.17
5218.60000 1456.18
5218.70000 1449.39
5218.80000 1452.59
5218.90000 1455.48
5219.00000 1445.55
5219.10000 1440.42
5219.20000 1451.23
5219.30000 1440.27
5219.40000 1450.31
5219.50000 1447.41
5219.60000 1451.83
5219.70000 1457.04
5219.80000 1445.68
5219.90000 1473.32
5220.00000 1456.04
5220.10000 1439.65
5220.20000 1453.76
5220.30000 1449.29
5220.40000 1454.54
5220.50000 1450.74
5220.60000 1457.03
5220.70000 1448.53
5220.80000 1443.29
5220.90000 1451.89
5221.00000 1456.09
5221.10000 1453.90
5221.20000 1454.04
5221.30000 1443.91
5221.40000 1451.15
5221.50000 1438.44
5221.60000 1466.39
5221.70000 1459.82
5221.80000 1541.83
5221.90000 1450.52
5222.00000 1444.76
5222.10000 1448.43
5222.20000 1448.34
5222.30000 1447.49
5222.40000 1446.24
5222.50000 1457.59
5222.60000 1460.56
5222.70000 1455.81
5222.80000 1455.90
5222.90000 1451.48
5223.00000 1452.02
5223.10000 1465.14
5223.20000 1453.54
5223.30000 1482.76
5223.40000 1467.09
5223.50000 1460.25
5223.60000 1467.25
5223.70000 1464.72
5223.80000 1459.66
5223.90000 1472.99
5224.00000 1467.46
5224.10000 1466.24
5224.20000 1469.94
5224.30000 1478.53
5224.40000 1478.23
5224.50000 1477.69
5224.60000 1469.54
5224.70000 1474.23
5224.80000 1475.07
5224.90000 1482.57
5225.00000 1476.89
5225.10000 1481.24
5225.20000 1479.37
5225.30000 1479.26
5225.40000 1468.30
5225.50000 1486.11
5225.60000 1490.40
5225.70000 1471.09
5225.80000 1477.45
5225.90000 1474.81
5226.00000 1482.33
5226.10000 1472.11
5226.20000 1479.57
5226.30000 1479.89
5226.40000 1476.60
5226.50000 1487.53
5226.60000 1472.05
5226.70000 1474.68
5226.80000 1481.92
5226.90000 1476.15
5227.00000 1479.04
5227.10000 1474.41
5227.20000 1474.04
5227.30000 1464.74
5227.40000 1475.96
5227.50000 1475.06
5227.60000 1475.89
5227.70000 1493.28
5227.80000 1472.02
5227.90000 1480.89
5228.00000 1462.50
5228.10000 1467.35
5228.20000 1478.33
5228.30000 1473.39
5228.40000 1471.87
5228.50000 1462.16
5228.60000 1478.87
5228.70000 1473.58
5228.80000 1478.16
5228.90000 1475.19
5229.00000 1477.22
5229.10000 1463.96
5229.20000 1497.36
5229.30000 1475.65
5229.40000 1482.94
5229.50000 1488.55
5229.60000 1479.54
5229.70000 1482.38
5229.80000 1489.94
5229.90000 1495.80
5230.00000 1483.71
5230.10000 1479.31
5230.20000 1492.46
5230.30000 1491.14
5230.40000 1499.66
5230.50000 1488.82
5230.60000 1499.89
5230.70000 1474.33
5230.80000 1492.82
5230.90000 1498.94
5231.00000 1498.99
5231.10000 1500.13
5231.20000 1499.50
5231.30000 1498.87
5231.40000 1504.92
5231.50000 1494.76
5231.60000 1495.11
5231.70000 1505.63
5231.80000 1498.58
5231.90000 1513.11
5232.00000 1508.55
5232.10000 1516.97
5232.20000 1506.03
5232.30000 1509.96
5232.40000 1520.12
5232.50000 1526.38
5232.60000 1525.32
5232.70000 1533.67
5232.80000 1546.17
5232.90000 1542.19
5233.00000 1557.16
5233.10000 1552.44
5233.20000 1578.36
5233.30000 1570.82
5233.40000 1573.45
5233.50000 1579.39
5233.60000 1573.36
5233.70000 1570.12
5233.80000 1543.63
5233.90000 1545.85
5234.00000 1545.59
5234.10000 1537.38
5234.20000 1534.20
5234.30000 1535.37
5234.40000 1536.09
5234.50000 1526.60
5234.60000 1527.65
5234.70000 1527.01
5234.80000 1523.71
5234.90000 1517.89
5235.00000 1519.11
5235.10000 1500.46
5235.20000 1514.37
5235.30000 1526.98
5235.40000 1518.35
5235.50000 1518.39
5235.60000 1528.38
5235.70000 1521.59
5235.80000 1538.27
5235.90000 1524.97
5236.00000 1532.43
5236.10000 1545.83
5236.20000 1528.43
5236.30000 1528.55
5236.40000 1540.27
5236.50000 1536.99
5236.60000 1548.22
5236.70000 1546.62
5236.80000 1546.07
5236.90000 1553.37
5237.00000 1566.36
5237.10000 1559.75
5237.20000 1551.24
5237.30000 1556.07
5237.40000 1551.30
5237.50000 1535.88
5237.60000 1538.89
5237.70000 1535.79
5237.80000 1541.09
5237.90000 1530.72
5238.00000 1526.56
5238.10000 1520.06
5238.20000 1537.34
5238.30000 1527.44
5238.40000 1519.28
5238.50000 1516.48
5238.60000 1513.16
5238.70000 1499.61
5238.80000 1495.49
5238.90000 1499.45
5239.00000 1502.74
5239.10000 1501.68
5239.20000 1491.70
5239.30000 1493.76
5239.40000 1498.54
5239.50000 1493.95
5239.60000 1477.34
5239.70000 1484.19
5239.80000 1492.55
5239.90000 1495.69
5240.00000 1486.94
5240.10000 1491.32
5240.20000 1489.05
5240.30000 1490.43
5240.40000 1471.05
5240.50000 1478.33
5240.60000 1483.76
5240.70000 1478.96
5240.80000 1487.95
5240.90000 1482.16
5241.00000 1490.77
5241.10000 1468.80
5241.20000 1479.46
5241.30000 1486.02
5241.40000 1474.35
5241.50000 1466.35
5241.60000 1476.56
5241.70000 1473.29
5241.80000 1462.20
5241.90000 1477.74
5242.00000 1468.39
5242.10000 1468.65
5242.20000 1468.08
5242.30000 1467.59
5242.40000 1474.29
5242.50000 1471.78
5242.60000 1478.89
5242.70000 1477.38
5242.80000 1475.24
5242.90000 1463.35
5243.00000 1468.76
5243.10000 1476.25
5243.20000 1460.59
5243.30000 1471.66
5243.40000 1478.74
5243.50000 1474.06
5243.60000 1472.77
5243.70000 1469.75
5243.80000 1479.88
5243.90000 1468.74
5244.00000 1477.46
5244.10000 1472.00
5244.20000 1479.31
5244.30000 1489.41
5244.40000 1471.83
5244.50000 1466.98
5244.60000 1471.24
5244.70000 1470.92
5244.80000 1474.79
5244.90000 1470.97
5245.00000 1466.85
5245.10000 1462.36
5245.20000 1472.61
5245.30000 1479.89
5245.40000 1491.05
5245.50000 1483.00
5245.60000 1469.39
5245.70000 1465.88
5245.80000 1461.85
5245.90000 1449.27
5246.00000 1465.71
5246.10000 1466.58
5246.20000 1470.84
5246.30000 1471.57
5246.40000 1490.97
5246.50000 1474.38
5246.60000 1484.55
5246.70000 1487.10
5246.80000 1494.01
5246.90000 1480.08
5247.00000 1490.80
5247.10000 1483.48
5247.20000 1473.47
5247.30000 1477.19
5247.40000 1479.19
5247.50000 1480.08
5247.60000 1486.16
5247.70000 1473.31
5247.80000 1481.99
5247.90000 1486.37
5248.00000 1471.51
5248.10000 1486.10
5248.20000 1484.41
5248.30000 1491.14
5248.40000 1470.33
5248.50000 1483.56
5248.60000 1476.57
5248.70000 1480.16
5248.80000 1487.75
5248.90000 1480.73
5249.00000 1489.21
5249.10000 1497.30
5249.20000 1478.47
5249.30000 1483.53
5249.40000 1491.64
5249.50000 1487.81
5249.60000 1478.33
5249.70000 1487.96
5249.80000 1501.34
5249.90000 1489.47
5250.00000 1493.95
5250.10000 1505.87
5250.20000 1494.94
5250.30000 1502.81
5250.40000 1496.52
5250.50000 1494.79
5250.60000 1489.74
5250.70000 1486.09
5250.80000 1486.69
5250.90000 1484.27
5251.00000 1486.09
5251.10000 1494.75
5251.20000 1498.39
5251.30000 1483.92
5251.40000 1486.14
5251.50000 1480.56
5251.60000 1496.46
5251.70000 1487.51
5251.80000 1488.91
5251.90000 1490.01
5252.00000 1472.27
5252.10000 1487.78
5252.20000 1487.76
5252.30000 1487.32
5252.40000 1492.74
5252.50000 1498.35
5252.60000 1499.57
5252.70000 1500.39
5252.80000 1496.66
5252.90000 1504.90
5253.00000 1512.62
5253.10000 1500.61
5253.20000 1509.40
5253.30000 1504.15
5253.40000 1508.72
5253.50000 1528.18
5253.60000 1531.99
5253.70000 1525.55
5253.80000 1508.21
5253.90000 1498.64
5254.00000 1517.96
5254.10000 1506.65
5254.20000 1498.42
5254.30000 1503.41
5254.40000 1496.27
5254.50000 1515.15
5254.60000 1503.91
5254.70000 1504.15
5254.80000 1515.42
5254.90000 1505.37
5255.00000 1499.10
5255.10000 1497.64
5255.20000 1506.70
5255.30000 1500.43
5255.40000 1496.86
5255.50000 1497.64
5255.60000 1491.37
5255.70000 1479.29
5255.80000 1485.75
5255.90000 1499.20
5256.00000 1503.59
5256.10000 1508.90
5256.20000 1500.89
5256.30000 1495.79
5256.40000 1492.09
5256.50000 1485.98
5256.60000 1482.03
5256.70000 1494.39
5256.80000 1494.78
5256.90000 1501.21
5257.00000 1500.41
5257.10000 1506.61
5257.20000 1506.47
5257.30000 1501.94
5257.40000 1495.63
5257.50000 1495.88
5257.60000 1502.96
5257.70000 1497.48
5257.80000 1495.29
5257.90000 1496.16
5258.00000 1485.57
5258.10000 1489.79
5258.20000 1492.34
5258.30000 1501.05
5258.40000 1491.92
5258.50000 1504.13
5258.60000 1497.44
5258.70000 1505.99
5258.80000 1517.59
5258.90000 1503.71
5259.00000 1498.98
5259.10000 1487.67
5259.20000 1505.16
5259.30000 1492.84
5259.40000 1506.98
5259.50000 1506.98
5259.60000 1502.18
5259.70000 1499.12
5259.80000 1505.48
5259.90000 1496.52
5260.00000 1480.89
5260.10000 1496.70
5260.20000 1495.95
5260.30000 1493.60
5260.40000 1507.29
5260.50000 1511.03
5260.60000 1503.19
5260.70000 1495.55
5260.80000 1498.33
5260.90000 1489.58
5261.00000 1487.04
5261.10000 1502.85
5261.20000 1494.83
5261.30000 1515.03
5261.40000 1494.52
5261.50000 1489.86
5261.60000 1495.95
5261.70000 1500.91
5261.80000 1495.47
5261.90000 1489.45
5262.00000 1493.06
5262.10000 1495.27
5262.20000 1495.34
5262.30000 1512.25
5262.40000 1505.74
5262.50000 1511.82
5262.60000 1496.73
5262.70000 1499.89
5262.80000 1502.64
5262.90000 1499.74
5263.00000 1514.55
5263.10000 1508.40
5263.20000 1513.37
5263.30000 1512.05
5263.40000 1511.46
5263.50000 1522.97
5263.60000 1513.69
5263.70000 1519.76
5263.80000 1509.96
5263.90000 1511.49
5264.00000 1519.01
5264.10000 1497.87
5264.20000 1499.56
5264.30000 1505.72
5264.40000 1500.73
5264.50000 1513.77
5264.60000 1520.45
5264.70000 1511.98
5264.80000 1522.05
5264.90000 1510.37
5265.00000 1521.10
5265.10000 1495.03
5265.20000 1501.49
5265.30000 1520.88
5265.40000 1505.99
5265.50000 1524.06
5265.60000 1512.98
5265.70000 1521.64
5265.80000 1505.19
5265.90000 1515.04
5266.00000 1527.88
5266.10000 1521.87
5266.20000 1509.16
5266.30000 1513.38
5266.40000 1510.10
5266.50000 1516.99
5266.60000 1508.45
5266.70000 1509.15
5266.80000 1524.58
5266.90000 1535.62
5267.00000 1531.25
5267.10000 1522.82
5267.20000 1517.97
5267.30000 1532.19
5267.40000 1541.79
5267.50000 1544.46
5267.60000 1522.79
5267.70000 1524.75
5267.80000 1518.00
5267.90000 1528.22
5268.00000 1516.25
5268.10000 1532.61
5268.20000 1531.59
5268.30000 1505.77
5268.40000 1519.62
5268.50000 1517.56
5268.60000 1520.71
5268.70000 1522.75
5268.80000 1516.44
5268.90000 1512.11
5269.00000 1512.67
5269.10000 1493.89
5269.20000 1511.14
5269.30000 1512.02
5269.40000 1504.56
5269.50000 1513.99
5269.60000 1521.14
5269.70000 1503.65
5269.80000 1494.86
5269.90000 1512.99
5270.00000 1486.03
5270.10000 1506.14
5270.20000 1505.91
5270.30000 1479.76
5270.40000 1495.74
5270.50000 1498.69
5270.60000 1496.20
5270.70000 1493.99
5270.80000 1500.38
5270.90000 1490.64
5271.00000 1511.16
5271.10000 1496.09
5271.20000 1513.75
5271.30000 1515.28
5271.40000 1533.74
5271.50000 1523.00
5271.60000 1509.96
5271.70000 1512.86
5271.80000 1515.53
5271.90000 1514.40
5272.00000 1532.89
5272.10000 1532.59
5272.20000 1524.81
5272.30000 1536.40
5272.40000 1526.01
5272.50000 1533.17
5272.60000 1532.61
5272.70000 1523.67
5272.80000 1542.59
5272.90000 1548.41
5273.00000 1552.06
5273.10000 1558.37
5273.20000 1568.17
5273.30000 1558.92
5273.40000 1566.90
5273.50000 1576.49
5273.60000 1570.30
5273.70000 1574.47
5273.80000 1573.10
5273.90000 1576.00
5274.00000 1581.42
5274.10000 1582.48
5274.20000 1585.81
5274.30000 1592.24
5274.40000 1595.18
5274.50000 1615.64
5274.60000 1611.62
5274.70000 1624.99
5274.80000 1628.73
5274.90000 1614.04
5275.00000 1606.27
5275.10000 1593.77
5275.20000 1575.59
5275.30000 1584.09
5275.40000 1593.52
5275.50000 1564.82
5275.60000 1573.05
5275.70000 1579.94
5275.80000 1571.84
5275.90000 1566.71
5276.00000 1547.01
5276.10000 1558.19
5276.20000 1570.01
5276.30000 1558.27
5276.40000 1547.02
5276.50000 1545.96
5276.60000 1544.02
5276.70000 1548.46
5276.80000 1541.05
5276.90000 1558.89
5277.00000 1556.16
5277.10000 1571.83
5277.20000 1570.34
5277.30000 1571.43
5277.40000 1573.40
5277.50000 1565.22
5277.60000 1574.46
5277.70000 1581.51
5277.80000 1585.04
5277.90000 1576.11
5278.00000 1596.15
5278.10000 1606.34
5278.20000 1593.49
5278.30000 1610.13
5278.40000 1610.34
5278.50000 1615.73
5278.60000 1625.38
5278.70000 1615.12
5278.80000 1600.19
5278.90000 1596.58
5279.00000 1576.41
5279.10000 1586.78
5279.20000 1589.54
5279.30000 1571.37
5279.40000 1566.54
5279.50000 1542.01
5279.60000 1590.79
5279.70000 1560.74
5279.80000 1555.02
5279.90000 1555.51
5280.00000 1556.61
5280.10000 1562.57
5280.20000 1545.88
5280.30000 1544.09
5280.40000 1540.39
5280.50000 1535.55
5280.60000 1510.89
5280.70000 1522.97
5280.80000 1541.29
5280.90000 1532.45
5281.00000 1520.42
5281.10000 1529.02
5281.20000 1536.67
5281.30000 1531.47
5281.40000 1544.47
5281.50000 1534.66
5281.60000 1538.40
5281.70000 1530.19
5281.80000 1553.59
5281.90000 1555.32
5282.00000 1565.42
5282.10000 1575.17
5282.20000 1547.51
5282.30000 1573.97
5282.40000 1573.27
5282.50000 1589.09
5282.60000 1567.57
5282.70000 1569.77
5282.80000 1583.23
5282.90000 1573.25
5283.00000 1587.69
5283.10000 1578.80
5283.20000 1567.60
5283.30000 1569.68
5283.40000 1583.94
5283.50000 1550.97
5283.60000 1569.78
5283.70000 1557.77
5283.80000 1559.37
5283.90000 1545.99
5284.00000 1553.20
5284.10000 1537.78
5284.20000 1540.82
5284.30000 1527.96
5284.40000 1534.46
5284.50000 1530.18
5284.60000 1530.80
5284.70000 1533.96
5284.80000 1532.14
5284.90000 1526.04
5285.00000 1521.95
5285.10000 1518.84
5285.20000 1525.65
5285.30000 1536.39
5285.40000 1523.13
5285.50000 1528.06
5285.60000 1537.52
5285.70000 1539.09
5285.80000 1538.29
5285.90000 1520.80
5286.00000 1549.66
5286.10000 1539.45
5286.20000 1548.23
5286.30000 1557.28
5286.40000 1542.52
5286.50000 1542.37
5286.60000 1563.90
5286.70000 1547.29
5286.80000 1564.59
5286.90000 1548.47
5287.00000 1552.01
5287.10000 1551.31
5287.20000 1559.21
5287.30000 1552.33
5287.40000 1554.74
5287.50000 1546.94
5287.60000 1552.10
5287.70000 1540.07
5287.80000 1549.42
5287.90000 1540.23
5288.00000 1525.15
5288.10000 1524.25
5288.20000 1540.32
5288.30000 1520.90
5288.40000 1519.63
5288.50000 1509.35
5288.60000 1501.81
5288.70000 1517.88
5288.80000 1507.73
5288.90000 1508.12
5289.00000 1509.51
5289.10000 1533.78
5289.20000 1512.07
5289.30000 1511.88
5289.40000 1514.68
5289.50000 1515.73
5289.60000 1514.98
5289.70000 1502.72
5289.80000 1494.70
5289.90000 1496.47
5290.00000 1502.03
5290.10000 1505.15
5290.20000 1503.85
5290.30000 1496.26
5290.40000 1510.31
5290.50000 1510.11
5290.60000 1514.77
5290.70000 1510.73
5290.80000 1497.64
5290.90000 1488.93
5291.00000 1513.47
5291.10000 1493.34
5291.20000 1511.99
5291.30000 1500.96
5291.40000 1512.08
5291.50000 1504.11
5291.60000 1508.48
5291.70000 1520.75
5291.80000 1514.84
5291.90000 1500.65
5292.00000 1495.52
5292.10000 1497.63
5292.20000 1502.30
5292.30000 1498.64
5292.40000 1499.34
5292.50000 1512.92
5292.60000 1503.21
5292.70000 1510.91
5292.80000 1499.61
5292.90000 1502.85
5293.00000 1507.72
5293.10000 1487.37
5293.20000 1500.84
5293.30000 1492.42
5293.40000 1507.48
5293.50000 1503.66
5293.60000 1503.40
5293.70000 1505.31
5293.80000 1506.60
5293.90000 1510.76
5294.00000 1506.51
5294.10000 1506.92
5294.20000 1507.41
5294.30000 1506.34
5294.40000 1500.41
5294.50000 1506.39
5294.60000 1517.88
5294.70000 1502.38
5294.80000 1508.80
5294.90000 1507.04
5295.00000 1512.27
5295.10000 1516.93
5295.20000 1493.22
5295.30000 1503.53
5295.40000 1493.17
5295.50000 1500.44
5295.60000 1505.67
5295.70000 1510.67
5295.80000 1503.20
5295.90000 1511.60
5296.00000 1501.77
5296.10000 1495.40
5296.20000 1519.09
5296.30000 1502.11
5296.40000 1512.74
5296.50000 1510.51
5296.60000 1507.40
5296.70000 1508.76
5296.80000 1514.11
5296.90000 1519.54
5297.00000 1510.04
5297.10000 1504.73
5297.20000 1511.88
5297.30000 1502.16
5297.40000 1519.23
5297.50000 1508.52
5297.60000 1512.45
5297.70000 1507.62
5297.80000 1502.78
5297.90000 1506.48
5298.00000 1501.90
5298.10000 1506.47
5298.20000 1494.82
5298.30000 1501.73
5298.40000 1511.16
5298.50000 1508.98
5298.60000 1504.67
5298.70000 1496.50
5298.80000 1516.02
5298.90000 1495.87
5299.00000 1513.30
5299.10000 1481.61
5299.20000 1512.03
5299.30000 1512.74
5299.40000 1504.56
5299.50000 1504.74
5299.60000 1501.65
5299.70000 1510.63
5299.80000 1491.19
5299.90000 1489.82
5300.00000 1494.68
5300.10000 1509.49
5300.20000 1506.02
5300.30000 1510.29
5300.40000 1498.19
5300.50000 1504.44
5300.60000 1511.38
5300.70000 1497.92
5300.80000 1505.06
5300.90000 1499.48
5301.00000 1501.89
5301.10000 1507.57
5301.20000 1496.80
5301.30000 1521.76
5301.40000 1507.90
5301.50000 1515.42
5301.60000 1510.26
5301.70000 1512.47
5301.80000 1515.69
5301.90000 1516.90
5302.00000 1514.31
5302.10000 1525.57
5302.20000 1518.18
5302.30000 1520.58
5302.40000 1514.98
5302.50000 1513.08
5302.60000 1525.35
5302.70000 1525.64
5302.80000 1519.69
5302.90000 1524.78
5303.00000 1519.55
5303.10000 1533.15
5303.20000 1527.97
5303.30000 1529.32
5303.40000 1525.83
5303.50000 1524.86
5303.60000 1531.12
5303.70000 1507.33
5303.80000 1517.02
5303.90000 1541.86
5304.00000 1528.23
5304.10000 1527.66
5304.20000 1533.86
5304.30000 1544.54
5304.40000 1529.02
5304.50000 1515.46
5304.60000 1538.53
5304.70000 1513.21
5304.80000 1527.53
5304.90000 1532.66
5305.00000 1535.55
5305.10000 1521.17
5305.20000 1530.07
5305.30000 1524.67
5305.40000 1520.69
5305.50000 1516.28
5305.60000 1521.69
5305.70000 1545.31
5305.80000 1518.38
5305.90000 1529.93
5306.00000 1543.52
5306.10000 1528.54
5306.20000 1517.86
5306.30000 1527.76
5306.40000 1542.69
5306.50000 1523.56
5306.60000 1524.41
5306.70000 1540.84
5306.80000 1527.28
5306.90000 1535.57
5307.00000 1541.69
5307.10000 1546.72
5307.20000 1536.08
5307.30000 1548.06
5307.40000 1528.85
5307.50000 1537.35
5307.60000 1528.82
5307.70000 1545.21
5307.80000 1530.00
5307.90000 1535.41
5308.00000 1531.23
5308.10000 1546.43
5308.20000 1534.60
5308.30000 1530.04
5308.40000 1539.50
5308.50000 1547.38
5308.60000 1554.23
5308.70000 1555.64
5308.80000 1543.06
5308.90000 1544.58
5309.00000 1543.27
5309.10000 1544.86
5309.20000 1552.20
5309.30000 1541.20
5309.40000 1547.47
5309.50000 1530.40
5309.60000 1550.45
5309.70000 1537.64
5309.80000 1541.93
5309.90000 1538.52
5310.00000 1531.99
5310.10000 1534.96
5310.20000 1534.66
5310.30000 1536.80
5310.40000 1537.72
5310.50000 1539.25
5310.60000 1525.14
5310.70000 1539.62
5310.80000 1534.38
5310.90000 1540.63
5311.00000 1540.61
5311.10000 1555.11
5311.20000 1558.77
5311.30000 1541.64
5311.40000 1550.53
5311.50000 1537.80
5311.60000 1554.98
5311.70000 1564.10
5311.80000 1560.35
5311.90000 1549.35
5312.00000 1538.29
5312.10000 1556.65
5312.20000 1551.29
5312.30000 1558.54
5312.40000 1554.08
5312.50000 1569.05
5312.60000 1552.20
5312.70000 1556.55
5312.80000 1553.19
5312.90000 1556.10
5313.00000 1565.89
5313.10000 1562.02
5313.20000 1556.72
5313.30000 1580.48
5313.40000 1569.51
5313.50000 1580.69
5313.60000 1583.99
5313.70000 1600.88
5313.80000 1592.26
5313.90000 1592.15
5314.00000 1609.76
5314.10000 1616.21
5314.20000 1614.58
5314.30000 1631.96
5314.40000 1640.77
5314.50000 1648.15
5314.60000 1656.12
5314.70000 1665.83
5314.80000 1683.33
5314.90000 1685.18
5315.00000 1704.53
5315.10000 1729.59
5315.20000 1740.34
5315.30000 1757.32
5315.40000 1759.40
5315.50000 1760.14
5315.60000 1743.07
5315.70000 1712.91
5315.80000 1718.38
5315.90000 1712.45
5316.00000 1684.59
5316.10000 1678.71
5316.20000 1674.45
5316.30000 1676.03
5316.40000 1668.41
5316.50000 1652.75
5316.60000 1646.43
5316.70000 1642.91
5316.80000 1654.70
5316.90000 1638.77
5317.00000 1646.06
5317.10000 1650.05
5317.20000 1647.50
5317.30000 1655.14
5317.40000 1654.44
5317.50000 1657.45
5317.60000 1642.38
5317.70000 1645.21
5317.80000 1649.31
5317.90000 1666.48
5318.00000 1657.53
5318.10000 1662.33
5318.20000 1662.80
5318.30000 1661.53
5318.40000 1676.57
5318.50000 1673.34
5318.60000 1683.33
5318.70000 1688.54
5318.80000 1702.15
5318.90000 1689.39
5319.00000 1710.41
5319.10000 1721.84
5319.20000 1701.27
5319.30000 1708.72
5319.40000 1691.87
5319.50000 1678.47
5319.60000 1690.36
5319.70000 1671.20
5319.80000 1668.64
5319.90000 1645.45
5320.00000 1654.87
5320.10000 1624.69
5320.20000 1627.29
5320.30000 1615.90
5320.40000 1610.27
5320.50000 1613.85
5320.60000 1610.65
5320.70000 1588.70
5320.80000 1592.72
5320.90000 1582.94
5321.00000 1594.73
5321.10000 1586.03
5321.20000 1580.43
5321.30000 1568.01
5321.40000 1573.26
5321.50000 1563.90
5321.60000 1562.09
5321.70000 1554.88
5321.80000 1546.43
5321.90000 1564.28
5322.00000 1555.18
5322.10000 1567.45
5322.20000 1553.06
5322.30000 1552.94
5322.40000 1548.83
5322.50000 1556.36
5322.60000 1564.89
5322.70000 1553.92
5322.80000 1565.38
5322.90000 1563.25
5323.00000 1564.93
5323.10000 1558.23
5323.20000 1562.59
5323.30000 1575.08
5323.40000 1570.70
5323.50000 1555.26
5323.60000 1571.04
5323.70000 1581.19
5323.80000 1560.44
5323.90000 1570.68
5324.00000 1581.97
5324.10000 1573.57
5324.20000 1575.17
5324.30000 1568.68
5324.40000 1568.60
5324.50000 1576.00
5324.60000 1576.35
5324.70000 1564.86
5324.80000 1571.73
5324.90000 1570.59
5325.00000 1567.29
5325.10000 1564.66
5325.20000 1561.88
5325.30000 1560.28
5325.40000 1565.33
5325.50000 1568.09
5325.60000 1561.79
5325.70000 1574.25
5325.80000 1569.88
5325.90000 1549.92
5326.00000 1576.25
5326.10000 1571.28
5326.20000 1577.23
5326.30000 1559.45
5326.40000 1558.82
5326.50000 1580.19
5326.60000 1573.63
5326.70000 1576.79
5326.80000 1592.05
5326.90000 1566.93
5327.00000 1562.32
5327.10000 1570.93
5327.20000 1580.98
5327.30000 1577.68
5327.40000 1579.71
5327.50000 1567.34
5327.60000 1571.17
5327.70000 1590.04
5327.80000 1576.52
5327.90000 1580.50
5328.00000 1578.95
5328.10000 1584.66
5328.20000 1579.77
5328.30000 1574.24
5328.40000 1580.18
5328.50000 1571.54
5328.60000 1569.03
5328.70000 1563.86
5328.80000 1581.72
5328.90000 1559.08
5329.00000 1560.68
5329.10000 1572.60
5329.20000 1577.69
5329.30000 1569.85
5329.40000 1568.07
5329.50000 1562.79
5329.60000 1572.27
5329.70000 1570.56
5329.80000 1554.04
5329.90000 1552.94
5330.00000 1558.44
5330.10000 1557.37
5330.20000 1572.25
5330.30000 1567.95
5330.40000 1574.22
5330.50000 1554.53
5330.60000 1552.36
5330.70000 1554.98
5330.80000 1560.44
5330.90000 1564.37
5331.00000 1554.93
5331.10000 1559.88
5331.20000 1545.09
5331.30000 1552.24
5331.40000 1561.45
5331.50000 1550.87
5331.60000 1565.81
5331.70000 1562.32
5331.80000 1562.52
5331.90000 1566.62
5332.00000 1562.21
5332.10000 1557.62
5332.20000 1553.20
5332.30000 1573.75
5332.40000 1550.59
5332.50000 1557.58
5332.60000 1566.35
5332.70000 1555.22
5332.80000 1568.76
5332.90000 1560.88
5333.00000 1572.77
5333.10000 1570.47
5333.20000 1568.14
5333.30000 1566.62
5333.40000 1567.63
5333.50000 1558.93
5333.60000 1562.83
5333.70000 1561.22
5333.80000 1551.91
5333.90000 1576.92
5334.00000 1560.70
5334.10000 1560.77
5334.20000 1561.06
5334.30000 1565.22
5334.40000 1573.17
5334.50000 1563.80
5334.60000 1569.15
5334.70000 1568.97
5334.80000 1556.67
5334.90000 1567.00
5335.00000 1575.77
5335.10000 1569.25
5335.20000 1591.44
5335.30000 1574.48
5335.40000 1577.61
5335.50000 1566.68
5335.60000 1574.35
5335.70000 1567.32
5335.80000 1571.53
5335.90000 1574.65
5336.00000 1563.61
5336.10000 1576.12
5336.20000 1582.32
5336.30000 1565.32
5336.40000 1583.53
5336.50000 1588.41
5336.60000 1576.25
5336.70000 1574.00
5336.80000 1570.22
5336.90000 1559.16
5337.00000 1590.67
5337.10000 1567.21
5337.20000 1580.92
5337.30000 1576.82
5337.40000 1569.59
5337.50000 1571.38
5337.60000 1573.92
5337.70000 1581.85
5337.80000 1575.09
5337.90000 1574.43
5338.00000 1573.53
5338.10000 1574.04
5338.20000 1563.96
5338.30000 1555.12
5338.40000 1566.64
5338.50000 1558.23
5338.60000 1556.09
5338.70000 1586.04
5338.80000 1575.80
5338.90000 1568.62
5339.00000 1578.43
5339.10000 1559.20
5339.20000 1576.04
5339.30000 1557.38
5339.40000 1561.53
5339.50000 1565.49
5339.60000 1583.06
5339.70000 1564.42
5339.80000 1574.46
5339.90000 1566.68
5340.00000 1559.51
5340.10000 1563.44
5340.20000 1557.82
5340.30000 1569.07
5340.40000 1584.46
5340.50000 1576.96
5340.60000 1578.88
5340.70000 1573.44
5340.80000 1561.73
5340.90000 1562.83
5341.00000 1555.16
5341.10000 1565.17
5341.20000 1544.65
5341.30000 1564.02
5341.40000 1558.60
5341.50000 1568.20
5341.60000 1566.40
5341.70000 1565.16
5341.80000 1561.23
5341.90000 1561.37
5342.00000 1556.24
5342.10000 1539.46
5342.20000 1557.73
5342.30000 1559.92
5342.40000 1572.57
5342.50000 1563.96
5342.60000 1557.85
5342.70000 1560.42
5342.80000 1561.19
5342.90000 1556.88
5343.00000 1548.22
5343.10000 1560.62
5343.20000 1552.05
5343.30000 1555.03
5343.40000 1553.74
5343.50000 1561.20
5343.60000 1558.39
5343.70000 1549.41
5343.80000 1564.32
5343.90000 1564.87
5344.00000 1571.21
5344.10000 1570.73
5344.20000 1546.59
5344.30000 1546.03
5344.40000 1568.86
5344.50000 1578.42
5344.60000 1552.39
5344.70000 1558.88
5344.80000 1571.31
5344.90000 1557.08
5345.00000 1558.69
5345.10000 1553.14
5345.20000 1564.88
5345.30000 1563.86
5345.40000 1567.71
5345.50000 1540.56
5345.60000 1547.58
5345.70000 1547.57
5345.80000 1564.13
5345.90000 1556.68
5346.00000 1549.43
5346.10000 1561.37
5346.20000 1548.49
5346.30000 1556.87
5346.40000 1571.98
5346.50000 1551.53
5346.60000 1568.86
5346.70000 1555.91
5346.80000 1550.45
5346.90000 1543.76
5347.00000 1551.36
5347.10000 1551.65
5347.20000 1564.47
5347.30000 1547.52
5347.40000 1559.67
5347.50000 1549.70
5347.60000 1555.61
5347.70000 1555.34
5347.80000 1559.67
5347.90000 1548.95
5348.00000 1554.09
5348.10000 1568.13
5348.20000 1548.54
5348.30000 1555.45
5348.40000 1569.14
5348.50000 1555.38
5348.60000 1557.79
5348.70000 1556.53
5348.80000 1564.39
5348.90000 1559.66
5349.00000 1562.71
5349.10000 1553.94
5349.20000 1559.40
5349.30000 1540.04
5349.40000 1568.89
5349.50000 1553.73
5349.60000 1559.66
5349.70000 1554.15
5349.80000 1564.18
5349.90000 1549.22
5350.00000 1557.85
5350.10000 1569.16
5350.20000 1549.43
5350.30000 1561.42
5350.40000 1539.45
5350.50000 1568.17
5350.60000 1556.91
5350.70000 1550.28
5350.80000 1553.84
5350.90000 1551.66
5351.00000 1565.58
5351.10000 1541.47
5351.20000 1539.00
5351.30000 1565.10
5351.40000 1551.14
5351.50000 1553.19
5351.60000 1546.40
5351.70000 1536.90
5351.80000 1542.10
5351.90000 1545.54
5352.00000 1552.02
5352.10000 1562.53
5352.20000 1552.30
5352.30000 1556.12
5352.40000 1567.15
5352.50000 1554.98
5352.60000 1553.57
5352.70000 1556.86
5352.80000 1550.85
5352.90000 1565.73
5353.00000 1544.11
5353.10000 1555.19
5353.20000 1552.22
5353.30000 1553.15
5353.40000 1555.51
5353.50000 1555.13
5353.60000 1569.77
5353.70000 1551.40
5353.80000 1559.61
5353.90000 1559.42
5354.00000 1560.89
5354.10000 1550.42
5354.20000 1554.24
5354.30000 1555.89
5354.40000 1562.64
5354.50000 1568.35
5354.60000 1559.72
5354.70000 1572.63
5354.80000 1539.75
5354.90000 1557.48
5355.00000 1556.65
5355.10000 1559.12
5355.20000 1557.29
5355.30000 1553.40
5355.40000 1555.90
5355.50000 1546.91
5355.60000 1561.07
5355.70000 1558.61
5355.80000 1561.79
5355.90000 1550.41
5356.00000 1561.34
5356.10000 1551.52
5356.20000 1565.33
5356.30000 1560.53
5356.40000 1553.64
5356.50000 1545.37
5356.60000 1540.24
5356.70000 1552.94
5356.80000 1563.88
5356.90000 1555.23
5357.00000 1558.85
5357.10000 1562.43
5357.20000 1558.56
5357.30000 1554.45
5357.40000 1551.34
5357.50000 1549.01
5357.60000 1552.93
5357.70000 1565.79
5357.80000 1563.39
5357.90000 1552.92
5358.00000 1563.24
5358.10000 1563.75
5358.20000 1565.59
5358.30000 1567.98
5358.40000 1550.54
5358.50000 1563.81
5358.60000 1580.77
5358.70000 1565.96
5358.80000 1559.29
5358.90000 1571.14
5359.00000 1561.20
5359.10000 1580.07
5359.20000 1574.52
5359.30000 1583.24
5359.40000 1597.27
5359.50000 1579.64
5359.60000 1610.16
5359.70000 1581.06
5359.80000 1573.72
5359.90000 1611.47
5360.00000 1594.21
5360.10000 1600.03
5360.20000 1595.71
5360.30000 1607.70
5360.40000 1612.44
5360.50000 1630.83
5360.60000 1612.65
5360.70000 1620.23
5360.80000 1635.35
5360.90000 1611.23
5361.00000 1634.81
5361.10000 1641.27
5361.20000 1659.16
5361.30000 1666.47
5361.40000 1651.68
5361.50000 1656.30
5361.60000 1665.34
5361.70000 1655.62
5361.80000 1652.32
5361.90000 1641.73
5362.00000 1625.94
5362.10000 1642.59
5362.20000 1643.58
5362.30000 1626.42
5362.40000 1611.50
5362.50000 1633.91
5362.60000 1636.66
5362.70000 1617.61
5362.80000 1617.28
5362.90000 1619.96
5363.00000 1612.02
5363.10000 1605.43
5363.20000 1600.10
5363.30000 1612.69
5363.40000 1592.89
5363.50000 1589.63
5363.60000 1579.93
5363.70000 1595.46
5363.80000 1586.99
5363.90000 1575.10
5364.00000 1597.76
5364.10000 1598.93
5364.20000 1603.28
5364.30000 1617.19
5364.40000 1624.42
5364.50000 1619.39
5364.60000 1637.40
5364.70000 1618.00
5364.80000 1625.80
5364.90000 1618.26
5365.00000 1635.66
5365.10000 1640.21
5365.20000 1659.95
5365.30000 1661.28
5365.40000 1660.40
5365.50000 1647.71
5365.60000 1649.94
5365.70000 1655.00
5365.80000 1651.45
5365.90000 1647.26
5366.00000 1638.38
5366.10000 1629.89
5366.20000 1630.31
5366.30000 1628.34
5366.40000 1631.29
5366.50000 1625.12
5366.60000 1624.36
5366.70000 1612.79
5366.80000 1623.22
5366.90000 1622.23
5367.00000 1613.70
5367.10000 1607.70
5367.20000 1603.06
5367.30000 1598.80
5367.40000 1595.45
5367.50000 1587.53
5367.60000 1588.15
5367.70000 1598.96
5367.80000 1605.10
5367.90000 1603.01
5368.00000 1609.15
5368.10000 1602.24
5368.20000 1599.20
5368.30000 1599.51
5368.40000 1584.62
5368.50000 1598.00
5368.60000 1589.40
5368.70000 1585.62
5368.80000 1597.60
5368.90000 1581.20
5369.00000 1593.75
5369.10000 1596.16
5369.20000 1603.29
5369.30000 1595.37
5369.40000 1581.11
5369.50000 1599.53
5369.60000 1588.07
5369.70000 1574.31
5369.80000 1596.92
5369.90000 1586.06
5370.00000 1590.45
5370.10000 1602.17
5370.20000 1609.24
5370.30000 1591.25
5370.40000 1595.85
5370.50000 1580.21
5370.60000 1580.49
5370.70000 1575.85
5370.80000 1591.60
5370.90000 1583.58
5371.00000 1593.29
5371.10000 1589.45
5371.20000 1580.58
5371.30000 1583.49
5371.40000 1574.19
5371.50000 1567.99
5371.60000 1592.53
5371.70000 1577.85
5371.80000 1590.25
5371.90000 1585.16
5372.00000 1587.15
5372.10000 1575.51
5372.20000 1579.10
5372.30000 1577.12
5372.40000 1573.96
5372.50000 1579.68
5372.60000 1581.02
5372.70000 1579.39
5372.80000 1579.75
5372.90000 1592.56
5373.00000 1593.11
5373.10000 1581.21
5373.20000 1582.96
5373.30000 1587.88
5373.40000 1579.68
5373.50000 1586.13
5373.60000 1590.07
5373.70000 1590.10
5373.80000 1584.56
5373.90000 1579.99
5374.00000 1579.62
5374.10000 1583.04
5374.20000 1586.66
5374.30000 1585.33
5374.40000 1591.23
5374.50000 1561.52
5374.60000 1585.05
5374.70000 1583.02
5374.80000 1579.70
5374.90000 1570.62
5375.00000 1584.68
5375.10000 1586.64
5375.20000 1584.36
5375.30000 1582.16
5375.40000 1580.85
5375.50000 1589.39
5375.60000 1595.17
5375.70000 1583.13
5375.80000 1566.70
5375.90000 1571.62
5376.00000 1589.92
5376.10000 1577.70
5376.20000 1576.74
5376.30000 1577.59
5376.40000 1577.99
5376.50000 1580.96
5376.60000 1564.61
5376.70000 1578.10
5376.80000 1580.85
5376.90000 1574.24
5377.00000 1571.65
5377.10000 1581.14
5377.20000 1583.70
5377.30000 1592.90
5377.40000 1586.79
5377.50000 1575.66
5377.60000 1580.97
5377.70000 1596.81
5377.80000 1575.24
5377.90000 1580.64
5378.00000 1579.02
5378.10000 1582.82
5378.20000 1591.55
5378.30000 1583.49
5378.40000 1606.70
5378.50000 1599.05
5378.60000 1584.92
5378.70000 1599.23
5378.80000 1590.20
5378.90000 1592.21
5379.00000 1576.76
5379.10000 1581.18
5379.20000 1583.83
5379.30000 1566.77
5379.40000 1588.30
5379.50000 1598.80
5379.60000 1582.57
5379.70000 1585.54
5379.80000 1590.55
5379.90000 1586.18
5380.00000 1584.05
5380.10000 1571.94
5380.20000 1584.84
5380.30000 1579.11
5380.40000 1587.04
5380.50000 1591.30
5380.60000 1595.76
5380.70000 1572.43
5380.80000 1585.60
5380.90000 1585.70
5381.00000 1593.67
5381.10000 1584.63
5381.20000 1581.67
5381.30000 1580.51
5381.40000 1587.60
5381.50000 1585.04
5381.60000 1579.28
5381.70000 1581.82
5381.80000 1583.13
5381.90000 1593.89
5382.00000 1601.10
5382.10000 1579.72
5382.20000 1585.73
5382.30000 1601.20
5382.40000 1598.89
5382.50000 1582.19
5382.60000 1599.39
5382.70000 1594.30
5382.80000 1595.09
5382.90000 1582.55
5383.00000 1598.37
5383.10000 1598.60
5383.20000 1599.22
5383.30000 1592.60
5383.40000 1588.82
5383.50000 1589.64
5383.60000 1592.31
5383.70000 1582.46
5383.80000 1602.12
5383.90000 1591.75
5384.00000 1598.41
5384.10000 1597.71
5384.20000 1581.73
5384.30000 1598.82
5384.40000 1594.17
5384.50000 1587.55
5384.60000 1596.98
5384.70000 1586.52
5384.80000 1591.63
5384.90000 1598.94
5385.00000 1585.97
5385.10000 1589.11
5385.20000 1583.66
5385.30000 1594.01
5385.40000 1583.98
5385.50000 1606.23
5385.60000 1586.41
5385.70000 1595.55
5385.80000 1575.62
5385.90000 1592.25
5386.00000 1584.97
5386.10000 1582.51
5386.20000 1582.15
5386.30000 1585.70
5386.40000 1594.45
5386.50000 1592.31
5386.60000 1581.92
5386.70000 1588.89
5386.80000 1590.19
5386.90000 1591.01
5387.00000 1584.78
5387.10000 1581.74
5387.20000 1594.51
5387.30000 1587.89
5387.40000 1591.90
5387.50000 1595.69
5387.60000 1595.63
5387.70000 1595.38
5387.80000 1601.38
5387.90000 1653.57
5388.00000 1589.15
5388.10000 1586.66
5388.20000 1583.57
5388.30000 1571.67
5388.40000 1570.18
5388.50000 1598.47
5388.60000 1584.75
5388.70000 1581.54
5388.80000 1576.17
5388.90000 1580.92
5389.00000 1590.92
5389.10000 1574.71
5389.20000 1588.08
5389.30000 1597.76
5389.40000 1575.18
5389.50000 1594.42
5389.60000 1599.90
5389.70000 1576.86
5389.80000 1594.16
5389.90000 1594.70
5390.00000 1585.79
5390.10000 1582.47
5390.20000 1593.52
5390.30000 1593.01
5390.40000 1588.73
5390.50000 1585.77
5390.60000 1579.83
5390.70000 1569.02
5390.80000 1587.79
5390.90000 1591.23
5391.00000 1568.32
5391.10000 1583.74
5391.20000 1610.16
5391.30000 1599.16
5391.40000 1579.40
5391.50000 1585.60
5391.60000 1583.17
5391.70000 1600.50
5391.80000 1590.01
5391.90000 1588.45
5392.00000 1585.64
5392.10000 1603.49
5392.20000 1588.35
5392.30000 1587.58
5392.40000 1599.54
5392.50000 1586.18
5392.60000 1594.25
5392.70000 1590.93
5392.80000 1599.54
5392.90000 1604.86
5393.00000 1584.42
5393.10000 1576.28
5393.20000 1588.81
5393.30000 1602.18
5393.40000 1597.57
5393.50000 1605.58
5393.60000 1596.70
5393.70000 1609.49
5393.80000 1601.67
5393.90000 1617.58
5394.00000 1597.86
5394.10000 1596.88
5394.20000 1603.77
5394.30000 1595.14
5394.40000 1605.64
5394.50000 1600.17
5394.60000 1613.91
5394.70000 1592.84
5394.80000 1622.55
5394.90000 1600.66
5395.00000 1597.87
5395.10000 1602.48
5395.20000 1596.97
5395.30000 1610.27
5395.40000 1614.80
5395.50000 1599.88
5395.60000 1595.31
5395.70000 1595.28
5395.80000 1599.30
5395.90000 1595.65
5396.00000 1603.41
5396.10000 1597.91
5396.20000 1589.10
5396.30000 1606.85
5396.40000 1602.42
5396.50000 1592.81
5396.60000 1596.97
5396.70000 1597.99
5396.80000 1601.50
5396.90000 1599.24
5397.00000 1596.71
5397.10000 1603.03
5397.20000 1593.00
5397.30000 1594.60
5397.40000 1590.73
5397.50000 1611.61
5397.60000 1592.40
5397.70000 1591.21
5397.80000 1605.10
5397.90000 1602.53
5398.00000 1609.38
5398.10000 1610.78
5398.20000 1609.67
5398.30000 1606.91
5398.40000 1584.77
5398.50000 1593.53
5398.60000 1598.48
5398.70000 1599.80
5398.80000 1596.15
5398.90000 1590.61
5399.00000 1587.90
5399.10000 1593.12
5399.20000 1598.35
5399.30000 1606.14
5399.40000 1594.98
5399.50000 1592.33
5399.60000 1601.64
5399.70000 1606.14
5399.80000 1614.08
5399.90000 1616.63
5400.00000 1609.62
5400.10000 1608.34
5400.20000 1611.96
5400.30000 1621.21
5400.40000 1609.68
5400.50000 1630.05
5400.60000 1615.07
5400.70000 1617.73
5400.80000 1615.15
5400.90000 1607.72
5401.00000 1608.26
5401.10000 1619.72
5401.20000 1604.03
5401.30000 1602.51
5401.40000 1619.92
5401.50000 1623.49
5401.60000 1600.77
5401.70000 1597.53
5401.80000 1614.07
5401.90000 1601.81
5402.00000 1598.74
5402.10000 1608.26
5402.20000 1597.22
5402.30000 1600.59
5402.40000 1601.07
5402.50000 1597.96
5402.60000 1579.73
5402.70000 1598.27
5402.80000 1589.01
5402.90000 1602.61
5403.00000 1615.16
5403.10000 1599.82
5403.20000 1606.89
5403.30000 1608.98
5403.40000 1595.43
5403.50000 1596.66
5403.60000 1596.79
5403.70000 1605.95
5403.80000 1611.05
5403.90000 1590.23
5404.00000 1591.08
5404.10000 1607.73
5404.20000 1601.35
5404.30000 1595.61
5404.40000 1583.17
5404.50000 1591.46
5404.60000 1592.42
5404.70000 1578.22
5404.80000 1581.41
5404.90000 1576.03
5405.00000 1560.89
5405.10000 1572.43
5405.20000 1585.13
5405.30000 1584.35
5405.40000 1599.47
5405.50000 1584.06
5405.60000 1588.13
5405.70000 1601.71
5405.80000 1592.12
5405.90000 1601.53
5406.00000 1592.76
5406.10000 1588.91
5406.20000 1601.74
5406.30000 1598.06
5406.40000 1606.12
5406.50000 1595.93
5406.60000 1602.66
5406.70000 1607.41
5406.80000 1598.87
5406.90000 1587.03
5407.00000 1590.55
5407.10000 1583.78
5407.20000 1606.69
5407.30000 1593.10
5407.40000 1592.52
5407.50000 1611.59
5407.60000 1593.01
5407.70000 1596.58
5407.80000 1595.86
5407.90000 1584.70
5408.00000 1609.38
5408.10000 1611.42
5408.20000 1597.62
5408.30000 1593.12
5408.40000 1594.52
5408.50000 1579.54
5408.60000 1584.03
5408.70000 1589.11
5408.80000 1591.39
5408.90000 1601.16
5409.00000 1604.34
5409.10000 1587.72
5409.20000 1592.78
5409.30000 1602.03
5409.40000 1601.91
5409.50000 1581.87
5409.60000 1591.07
5409.70000 1583.53
5409.80000 1583.52
5409.90000 1587.49
5410.00000 1562.11
5410.10000 1595.30
5410.20000 1598.96
5410.30000 1594.44
5410.40000 1590.28
5410.50000 1596.68
5410.60000 1596.34
5410.70000 1588.70
5410.80000 1610.39
5410.90000 1598.89
5411.00000 1618.28
5411.10000 1611.42
5411.20000 1611.52
5411.30000 1607.01
5411.40000 1608.58
5411.50000 1616.28
5411.60000 1602.82
5411.70000 1609.68
5411.80000 1614.84
5411.90000 1619.92
5412.00000 1615.25
5412.10000 1602.69
5412.20000 1594.25
5412.30000 1589.97
5412.40000 1609.91
5412.50000 1601.74
5412.60000 1602.44
5412.70000 1593.93
5412.80000 1594.49
5412.90000 1596.05
5413.00000 1597.71
5413.10000 1614.00
5413.20000 1603.76
5413.30000 1602.07
5413.40000 1587.46
5413.50000 1577.46
5413.60000 1560.87
5413.70000 1583.96
5413.80000 1593.69
5413.90000 1587.27
5414.00000 1584.99
5414.10000 1588.45
5414.20000 1595.68
5414.30000 1595.05
5414.40000 1577.37
5414.50000 1590.71
5414.60000 1579.18
5414.70000 1580.96
5414.80000 1577.20
5414.90000 1553.21
5415.00000 1596.55
5415.10000 1602.30
5415.20000 1596.02
5415.30000 1604.93
5415.40000 1588.10
5415.50000 1586.73
5415.60000 1589.33
5415.70000 1585.99
5415.80000 1589.91
5415.90000 1600.43
5416.00000 1593.02
5416.10000 1585.21
5416.20000 1592.89
5416.30000 1593.58
5416.40000 1604.96
5416.50000 1597.05
5416.60000 1591.86
5416.70000 1580.30
5416.80000 1593.86
5416.90000 1607.37
5417.00000 1603.80
5417.10000 1602.60
5417.20000 1597.89
5417.30000 1601.20
5417.40000 1593.05
5417.50000 1612.27
5417.60000 1604.62
5417.70000 1594.83
5417.80000 1601.04
5417.90000 1602.66
5418.00000 1602.98
5418.10000 1601.43
5418.20000 1591.54
5418.30000 1600.62
5418.40000 1593.56
5418.50000 1602.13
5418.60000 1604.17
5418.70000 1591.11
5418.80000 1572.82
5418.90000 1590.12
5419.00000 1568.96
5419.10000 1567.54
5419.20000 1554.42
5419.30000 1552.78
5419.40000 1542.54
5419.50000 1543.67
5419.60000 1561.77
5419.70000 1567.83
5419.80000 1565.13
5419.90000 1553.42
5420.00000 1554.53
5420.10000 1577.06
5420.20000 1580.46
5420.30000 1586.43
5420.40000 1582.47
5420.50000 1581.60
5420.60000 1590.17
5420.70000 1581.82
5420.80000 1569.39
5420.90000 1579.07
5421.00000 1583.54
5421.10000 1580.27
5421.20000 1578.66
5421.30000 1593.79
5421.40000 1591.73
5421.50000 1589.75
5421.60000 1592.56
5421.70000 1569.14
5421.80000 1590.00
5421.90000 1594.96
5422.00000 1598.81
5422.10000 1603.58
5422.20000 1603.04
5422.30000 1609.53
5422.40000 1600.11
5422.50000 1618.34
5422.60000 1618.19
5422.70000 1621.06
5422.80000 1607.69
5422.90000 1613.87
5423.00000 1611.68
5423.10000 1622.15
5423.20000 1620.13
5423.30000 1621.82
5423.40000 1618.54
5423.50000 1596.10
5423.60000 1628.25
5423.70000 1637.83
5423.80000 1641.63
5423.90000 1618.89
5424.00000 1625.62
5424.10000 1626.46
5424.20000 1618.13
5424.30000 1626.17
5424.40000 1595.46
5424.50000 1598.87
5424.60000 1621.86
5424.70000 1636.98
5424.80000 1613.84
5424.90000 1614.99
5425.00000 1617.90
5425.10000 1603.36
5425.20000 1618.18
5425.30000 1612.22
5425.40000 1590.85
5425.50000 1618.15
5425.60000 1614.25
5425.70000 1605.03
5425.80000 1610.94
5425.90000 1604.23
5426.00000 1611.88
5426.10000 1605.61
5426.20000 1606.93
5426.30000 1601.58
5426.40000 1612.89
5426.50000 1606.85
5426.60000 1608.46
5426.70000 1613.20
5426.80000 1621.10
5426.90000 1611.13
5427.00000 1628.89
5427.10000 1612.57
5427.20000 1626.79
5427.30000 1618.85
5427.40000 1619.21
5427.50000 1632.80
5427.60000 1624.97
5427.70000 1637.19
5427.80000 1635.01
5427.90000 1649.53
5428.00000 1640.69
5428.10000 1623.59
5428.20000 1633.89
5428.30000 1617.30
5428.40000 1632.48
5428.50000 1626.55
5428.60000 1615.88
5428.70000 1599.76
5428.80000 1605.70
5428.90000 1627.74
5429.00000 1604.43
5429.10000 1601.30
5429.20000 1600.03
5429.30000 1608.07
5429.40000 1616.67
5429.50000 1609.34
5429.60000 1613.59
5429.70000 1616.21
5429.80000 1600.28
5429.90000 1604.77
5430.00000 1611.31
5430.10000 1596.70
5430.20000 1600.60
5430.30000 1612.27
5430.40000 1608.37
5430.50000 1606.55
5430.60000 1600.23
5430.70000 1606.94
5430.80000 1604.72
5430.90000 1618.40
5431.00000 1589.49
5431.10000 1618.72
5431.20000 1612.96
5431.30000 1613.40
5431.40000 1613.81
5431.50000 1603.48
5431.60000 1590.99
5431.70000 1610.29
5431.80000 1600.86
5431.90000 1608.09
5432.00000 1605.72
5432.10000 1597.05
5432.20000 1593.69
5432.30000 1603.36
5432.40000 1601.77
5432.50000 1598.37
5432.60000 1608.89
5432.70000 1602.95
5432.80000 1590.46
5432.90000 1644.12
5433.00000 1612.79
5433.10000 1594.19
5433.20000 1595.51
5433.30000 1598.43
5433.40000 1594.84
5433.50000 1591.70
5433.60000 1595.80
5433.70000 1596.51
5433.80000 1583.70
5433.90000 1575.29
5434.00000 1571.62
5434.10000 1579.89
5434.20000 1574.62
5434.30000 1592.84
5434.40000 1568.40
5434.50000 1592.65
5434.60000 1598.76
5434.70000 1591.45
5434.80000 1589.70
5434.90000 1597.32
5435.00000 1590.17
5435.10000 1596.55
5435.20000 1583.31
5435.30000 1585.44
5435.40000 1591.65
5435.50000 1594.25
5435.60000 1588.52
5435.70000 1602.22
5435.80000 1592.71
5435.90000 1594.45
5436.00000 1587.37
5436.10000 1546.51
5436.20000 1575.25
5436.30000 1583.23
5436.40000 1582.25
5436.50000 1583.70
5436.60000 1600.60
5436.70000 1599.48
5436.80000 1575.83
5436.90000 1572.66
5437.00000 1582.31
5437.10000 1591.41
5437.20000 1580.54
5437.30000 1580.96
5437.40000 1592.80
5437.50000 1589.68
5437.60000 1569.60
5437.70000 1588.36
5437.80000 1585.91
5437.90000 1583.10
5438.00000 1581.75
5438.10000 1597.78
5438.20000 1578.64
5438.30000 1574.65
5438.40000 1569.81
5438.50000 1572.31
5438.60000 1584.54
5438.70000 1578.64
5438.80000 1575.98
5438.90000 1570.58
5439.00000 1572.36
5439.10000 1575.38
5439.20000 1568.66
5439.30000 1573.18
5439.40000 1568.06
5439.50000 1550.68
5439.60000 1579.92
5439.70000 1579.76
5439.80000 1574.30
5439.90000 1584.12
5440.00000 1585.54
5440.10000 1578.08
5440.20000 1569.19
5440.30000 1577.07
5440.40000 1566.49
5440.50000 1581.84
5440.60000 1565.10
5440.70000 1579.25
5440.80000 1567.12
5440.90000 1579.62
5441.00000 1574.60
5441.10000 1583.15
5441.20000 1576.40
5441.30000 1566.01
5441.40000 1572.80
5441.50000 1570.14
5441.60000 1580.45
5441.70000 1582.36
5441.80000 1568.67
5441.90000 1579.08
5442.00000 1572.31
5442.10000 1569.60
5442.20000 1587.89
5442.30000 1581.42
5442.40000 1577.12
5442.50000 1570.54
5442.60000 1572.71
5442.70000 1572.75
5442.80000 1572.82
5442.90000 1566.94
5443.00000 1564.35
5443.10000 1588.63
5443.20000 1567.21
5443.30000 1595.85
5443.40000 1581.61
5443.50000 1575.47
5443.60000 1571.81
5443.70000 1564.49
5443.80000 1578.19
5443.90000 1573.08
5444.00000 1574.31
5444.10000 1574.47
5444.20000 1593.95
5444.30000 1587.71
5444.40000 1568.47
5444.50000 1580.50
5444.60000 1573.09
5444.70000 1580.42
5444.80000 1571.66
5444.90000 1564.97
5445.00000 1582.33
5445.10000 1569.11
5445.20000 1575.65
5445.30000 1557.27
5445.40000 1559.47
5445.50000 1571.79
5445.60000 1564.99
5445.70000 1553.76
5445.80000 1574.92
5445.90000 1567.00
5446.00000 1582.72
5446.10000 1562.50
5446.20000 1560.76
5446.30000 1573.05
5446.40000 1579.87
5446.50000 1558.25
5446.60000 1558.24
5446.70000 1567.65
5446.80000 1562.44
5446.90000 1549.99
5447.00000 1563.82
5447.10000 1553.25
5447.20000 1549.72
5447.30000 1548.84
5447.40000 1574.68
5447.50000 1564.31
5447.60000 1549.78
5447.70000 1543.33
5447.80000 1546.28
5447.90000 1545.17
5448.00000 1546.85
5448.10000 1549.05
5448.20000 1565.02
5448.30000 1558.32
5448.40000 1570.61
5448.50000 1560.56
5448.60000 1538.94
5448.70000 1544.94
5448.80000 1554.44
5448.90000 1554.67
5449.00000 1580.06
5449.10000 1560.00
5449.20000 1570.43
5449.30000 1558.93
5449.40000 1550.88
5449.50000 1546.68
5449.60000 1549.27
5449.70000 1551.71
5449.80000 1565.91
5449.90000 1529.63
5450.00000 1559.81
5450.10000 1549.90
5450.20000 1570.37
5450.30000 1556.02
5450.40000 1552.17
5450.50000 1554.20
5450.60000 1551.46
5450.70000 1558.80
5450.80000 1564.15
5450.90000 1549.64
5451.00000 1575.50
5451.10000 1554.52
5451.20000 1550.41
5451.30000 1553.18
5451.40000 1556.49
5451.50000 1560.46
5451.60000 1556.88
5451.70000 1560.93
5451.80000 1558.71
5451.90000 1547.93
5452.00000 1556.14
5452.10000 1555.32
5452.20000 1560.61
5452.30000 1568.56
5452.40000 1574.38
5452.50000 1568.54
5452.60000 1561.84
5452.70000 1559.10
5452.80000 1558.99
5452.90000 1561.09
5453.00000 1566.39
5453.10000 1564.21
5453.20000 1557.74
5453.30000 1569.87
5453.40000 1561.39
5453.50000 1563.31
5453.60000 1572.57
5453.70000 1553.44
5453.80000 1561.51
5453.90000 1578.19
5454.00000 1563.85
5454.10000 1566.45
5454.20000 1562.19
5454.30000 1565.98
5454.40000 1586.53
5454.50000 1561.07
5454.60000 1567.20
5454.70000 1568.38
5454.80000 1554.01
5454.90000 1559.17
5455.00000 1561.57
5455.10000 1555.72
5455.20000 1567.66
5455.30000 1566.71
5455.40000 1574.04
5455.50000 1567.57
5455.60000 1562.43
5455.70000 1551.62
5455.80000 1565.22
5455.90000 1574.24
5456.00000 1577.44
5456.10000 1547.38
5456.20000 1561.28
5456.30000 1574.09
5456.40000 1578.08
5456.50000 1571.04
5456.60000 1570.81
5456.70000 1564.29
5456.80000 1564.34
5456.90000 1524.00
5457.00000 1560.64
5457.10000 1558.93
5457.20000 1561.56
5457.30000 1603.46
5457.40000 1576.58
5457.50000 1572.75
5457.60000 1563.83
5457.70000 1576.50
5457.80000 1561.73
5457.90000 1561.47
5458.00000 1548.61
5458.10000 1575.83
5458.20000 1561.51
5458.30000 1571.12
5458.40000 1571.87
5458.50000 1575.07
5458.60000 1572.59
5458.70000 1572.95
5458.80000 1574.09
5458.90000 1575.90
5459.00000 1557.59
5459.10000 1595.84
5459.20000 1574.79
5459.30000 1581.85
5459.40000 1580.82
5459.50000 1577.55
5459.60000 1581.23
5459.70000 1581.58
5459.80000 1584.99
5459.90000 1566.88
5460.00000 1552.18
5460.10000 1567.12
5460.20000 1581.09
5460.30000 1572.59
5460.40000 1581.88
5460.50000 1584.39
5460.60000 1585.94
5460.70000 1576.60
5460.80000 1578.87
5460.90000 1585.56
5461.00000 1588.66
5461.10000 1569.24
5461.20000 1568.17
5461.30000 1575.16
5461.40000 1572.59
5461.50000 1578.42
5461.60000 1581.46
5461.70000 1588.94
5461.80000 1570.46
5461.90000 1575.91
5462.00000 1584.38
5462.10000 1583.17
5462.20000 1573.61
5462.30000 1571.49
5462.40000 1584.07
5462.50000 1575.62
5462.60000 1587.19
5462.70000 1576.88
5462.80000 1582.22
5462.90000 1553.71
5463.00000 1568.47
5463.10000 1575.70
5463.20000 1572.12
5463.30000 1570.34
5463.40000 1565.56
5463.50000 1585.27
5463.60000 1581.29
5463.70000 1579.94
5463.80000 1564.12
5463.90000 1589.36
5464.00000 1587.45
5464.10000 1588.28
5464.20000 1578.94
5464.30000 1591.76
5464.40000 1575.87
5464.50000 1581.07
5464.60000 1594.02
5464.70000 1578.71
5464.80000 1581.11
5464.90000 1579.74
5465.00000 1580.85
5465.10000 1580.80
5465.20000 1569.27
5465.30000 1594.20
5465.40000 1580.26
5465.50000 1577.26
5465.60000 1564.46
5465.70000 1565.40
5465.80000 1590.13
5465.90000 1567.51
5466.00000 1590.11
5466.10000 1574.23
5466.20000 1578.81
5466.30000 1572.20
5466.40000 1574.57
5466.50000 1577.15
5466.60000 1582.83
5466.70000 1585.52
5466.80000 1582.09
5466.90000 1582.98
5467.00000 1575.40
5467.10000 1582.31
5467.20000 1581.33
5467.30000 1568.80
5467.40000 1592.07
5467.50000 1588.96
5467.60000 1578.52
5467.70000 1576.24
5467.80000 1581.42
5467.90000 1569.21
5468.00000 1582.25
5468.10000 1569.13
5468.20000 1587.53
5468.30000 1590.34
5468.40000 1580.98
5468.50000 1577.66
5468.60000 1591.34
5468.70000 1581.69
5468.80000 1580.84
5468.90000 1585.57
5469.00000 1601.74
5469.10000 1580.39
5469.20000 1577.47
5469.30000 1585.24
5469.40000 1587.18
5469.50000 1579.10
5469.60000 1575.86
5469.70000 1583.49
5469.80000 1588.41
5469.90000 1583.01
5470.00000 1584.72
5470.10000 1591.85
5470.20000 1594.48
5470.30000 1592.50
5470.40000 1592.60
5470.50000 1594.57
5470.60000 1593.82
5470.70000 1565.87
5470.80000 1562.98
5470.90000 1594.71
5471.00000 1578.92
5471.10000 1575.08
5471.20000 1578.47
5471.30000 1573.37
5471.40000 1578.93
5471.50000 1590.01
5471.60000 1593.16
5471.70000 1603.73
5471.80000 1602.15
5471.90000 1596.81
5472.00000 1577.03
5472.10000 1584.19
5472.20000 1589.82
5472.30000 1592.44
5472.40000 1599.43
5472.50000 1589.22
5472.60000 1585.45
5472.70000 1593.01
5472.80000 1586.34
5472.90000 1588.87
5473.00000 1592.73
5473.10000 1589.06
5473.20000 1589.20
5473.30000 1585.17
5473.40000 1589.43
5473.50000 1581.74
5473.60000 1571.06
5473.70000 1587.24
5473.80000 1603.35
5473.90000 1599.72
5474.00000 1577.70
5474.10000 1585.27
5474.20000 1588.80
5474.30000 1596.75
5474.40000 1597.89
5474.50000 1600.19
5474.60000 1596.85
5474.70000 1593.10
5474.80000 1600.04
5474.90000 1587.17
5475.00000 1590.80
5475.10000 1604.88
5475.20000 1599.48
5475.30000 1596.77
5475.40000 1594.32
5475.50000 1586.56
5475.60000 1617.60
5475.70000 1600.59
5475.80000 1597.86
5475.90000 1602.52
5476.00000 1590.87
5476.10000 1595.54
5476.20000 1595.38
5476.30000 1598.43
5476.40000 1602.54
5476.50000 1593.47
5476.60000 1596.62
5476.70000 1591.47
5476.80000 1611.02
5476.90000 1609.80
5477.00000 1599.30
5477.10000 1607.07
5477.20000 1593.93
5477.30000 1584.05
5477.40000 1595.70
5477.50000 1601.07
5477.60000 1594.89
5477.70000 1601.93
5477.80000 1615.55
5477.90000 1600.36
5478.00000 1593.19
5478.10000 1604.41
5478.20000 1602.43
5478.30000 1602.73
5478.40000 1602.23
5478.50000 1600.35
5478.60000 1603.21
5478.70000 1587.99
5478.80000 1592.60
5478.90000 1609.32
5479.00000 1615.33
5479.10000 1605.16
5479.20000 1602.36
5479.30000 1584.07
5479.40000 1595.49
5479.50000 1598.06
5479.60000 1587.58
5479.70000 1602.38
5479.80000 1603.59
5479.90000 1598.04
5480.00000 1589.34
5480.10000 1609.72
5480.20000 1607.13
5480.30000 1603.25
5480.40000 1606.05
5480.50000 1599.80
5480.60000 1601.05
5480.70000 1613.56
5480.80000 1603.61
5480.90000 1602.39
5481.00000 1586.68
5481.10000 1608.26
5481.20000 1602.32
5481.30000 1585.79
5481.40000 1594.50
5481.50000 1592.18
5481.60000 1611.43
5481.70000 1592.32
5481.80000 1604.01
5481.90000 1613.11
5482.00000 1594.24
5482.10000 1613.95
5482.20000 1610.15
5482.30000 1593.06
5482.40000 1591.10
5482.50000 1589.63
5482.60000 1597.52
5482.70000 1600.24
5482.80000 1599.47
5482.90000 1595.61
5483.00000 1602.93
5483.10000 1595.14
5483.20000 1592.05
5483.30000 1591.68
5483.40000 1582.06
5483.50000 1595.21
5483.60000 1602.24
5483.70000 1580.45
5483.80000 1588.22
5483.90000 1586.74
5484.00000 1590.71
5484.10000 1569.03
5484.20000 1576.09
5484.30000 1598.71
5484.40000 1582.55
5484.50000 1581.06
5484.60000 1580.38
5484.70000 1585.57
5484.80000 1585.33
5484.90000 1586.21
5485.00000 1580.98
5485.10000 1574.53
5485.20000 1583.83
5485.30000 1583.24
5485.40000 1585.87
5485.50000 1575.45
5485.60000 1574.52
5485.70000 1574.78
5485.80000 1588.21
5485.90000 1590.00
5486.00000 1582.63
5486.10000 1569.18
5486.20000 1575.26
5486.30000 1567.74
5486.40000 1569.10
5486.50000 1581.13
5486.60000 1560.55
5486.70000 1567.32
5486.80000 1575.29
5486.90000 1573.35
5487.00000 1569.14
5487.10000 1567.13
5487.20000 1555.96
5487.30000 1558.37
5487.40000 1563.67
5487.50000 1555.60
5487.60000 1561.61
5487.70000 1566.54
5487.80000 1578.39
5487.90000 1581.16
5488.00000 1562.90
5488.10000 1575.11
5488.20000 1571.07
5488.30000 1572.56
5488.40000 1568.27
5488.50000 1567.63
5488.60000 1571.08
5488.70000 1567.29
5488.80000 1562.88
5488.90000 1570.68
5489.00000 1581.91
5489.10000 1580.90
5489.20000 1581.30
5489.30000 1572.56
5489.40000 1575.69
5489.50000 1582.37
5489.60000 1579.60
5489.70000 1588.50
5489.80000 1580.52
5489.90000 1582.21
5490.00000 1595.23
5490.10000 1592.56
5490.20000 1594.68
5490.30000 1598.40
5490.40000 1585.43
5490.50000 1579.51
5490.60000 1574.31
5490.70000 1586.24
5490.80000 1582.91
5490.90000 1571.94
5491.00000 1594.90
5491.10000 1592.11
5491.20000 1591.78
5491.30000 1602.48
5491.40000 1591.52
5491.50000 1592.33
5491.60000 1597.56
5491.70000 1585.77
5491.80000 1585.30
5491.90000 1583.38
5492.00000 1586.20
5492.10000 1593.75
5492.20000 1584.52
5492.30000 1592.54
5492.40000 1588.52
5492.50000 1592.89
5492.60000 1590.95
5492.70000 1614.08
5492.80000 1608.60
5492.90000 1596.37
5493.00000 1605.82
5493.10000 1606.28
5493.20000 1594.98
5493.30000 1590.01
5493.40000 1598.28
5493.50000 1585.94
5493.60000 1596.72
5493.70000 1603.49
5493.80000 1605.78
5493.90000 1590.22
5494.00000 1594.57
5494.10000 1594.73
5494.20000 1591.62
5494.30000 1586.67
5494.40000 1554.98
5494.50000 1531.85
5494.60000 1533.51
5494.70000 1554.62
5494.80000 1572.05
5494.90000 1591.35
5495.00000 1589.97
5495.10000 1599.80
5495.20000 1605.12
5495.30000 1602.89
5495.40000 1602.83
5495.50000 1602.32
5495.60000 1601.93
5495.70000 1594.39
5495.80000 1586.58
5495.90000 1602.96
5496.00000 1581.75
5496.10000 1592.82
5496.20000 1611.73
5496.30000 1608.63
5496.40000 1588.01
5496.50000 1607.44
5496.60000 1597.79
5496.70000 1593.84
5496.80000 1593.83
5496.90000 1591.44
5497.00000 1599.33
5497.10000 1599.50
5497.20000 1602.55
5497.30000 1595.88
5497.40000 1576.17
5497.50000 1600.56
5497.60000 1580.65
5497.70000 1595.76
5497.80000 1601.02
5497.90000 1589.81
5498.00000 1583.92
5498.10000 1600.18
5498.20000 1585.59
5498.30000 1585.71
5498.40000 1599.31
5498.50000 1608.28
5498.60000 1591.64
5498.70000 1595.36
5498.80000 1601.69
5498.90000 1610.75
5499.00000 1599.51
5499.10000 1616.31
5499.20000 1602.90
5499.30000 1595.68
5499.40000 1598.88
5499.50000 1609.94
5499.60000 1609.40
5499.70000 1609.99
5499.80000 1600.28
5499.90000 1622.93
5500.00000 1606.38
5500.10000 1597.77
5500.20000 1613.94
5500.30000 1606.77
5500.40000 1608.71
5500.50000 1619.25
5500.60000 1629.11
5500.70000 1622.64
5500.80000 1601.11
5500.90000 1621.34
5501.00000 1616.90
5501.10000 1605.80
5501.20000 1613.37
5501.30000 1614.29
5501.40000 1630.09
5501.50000 1628.42
5501.60000 1625.68
5501.70000 1617.99
5501.80000 1608.36
5501.90000 1611.54
5502.00000 1614.79
5502.10000 1639.10
5502.20000 1608.28
5502.30000 1618.26
5502.40000 1616.84
5502.50000 1609.05
5502.60000 1613.56
5502.70000 1611.21
5502.80000 1615.22
5502.90000 1618.67
5503.00000 1628.89
5503.10000 1611.72
5503.20000 1610.27
5503.30000 1620.20
5503.40000 1602.60
5503.50000 1608.39
5503.60000 1600.60
5503.70000 1608.82
5503.80000 1621.49
5503.90000 1614.19
5504.00000 1624.06
5504.10000 1618.19
5504.20000 1623.64
5504.30000 1616.51
5504.40000 1631.97
5504.50000 1610.13
5504.60000 1595.48
5504.70000 1599.31
5504.80000 1613.13
5504.90000 1625.79
5505.00000 1614.55
5505.10000 1616.12
5505.20000 1625.49
5505.30000 1620.95
5505.40000 1626.36
5505.50000 1624.49
5505.60000 1620.19
5505.70000 1629.66
5505.80000 1622.14
5505.90000 1624.54
5506.00000 1633.03
5506.10000 1611.03
5506.20000 1608.82
5506.30000 1583.74
5506.40000 1600.93
5506.50000 1610.92
5506.60000 1588.33
5506.70000 1600.64
5506.80000 1599.17
5506.90000 1598.88
5507.00000 1607.12
5507.10000 1611.79
5507.20000 1619.64
5507.30000 1612.16
5507.40000 1611.05
5507.50000 1611.32
5507.60000 1610.76
5507.70000 1609.56
5507.80000 1601.27
5507.90000 1604.72
5508.00000 1594.15
5508.10000 1603.03
5508.20000 1604.47
5508.30000 1583.59
5508.40000 1590.19
5508.50000 1584.53
5508.60000 1586.40
5508.70000 1605.59
5508.80000 1600.95
5508.90000 1589.41
5509.00000 1577.71
5509.10000 1592.36
5509.20000 1581.34
5509.30000 1609.29
5509.40000 1611.29
5509.50000 1604.18
5509.60000 1605.79
5509.70000 1615.48
5509.80000 1615.77
5509.90000 1604.71
5510.00000 1601.39
5510.10000 1611.99
5510.20000 1609.08
5510.30000 1623.40
5510.40000 1609.60
5510.50000 1624.16
5510.60000 1620.30
5510.70000 1619.12
5510.80000 1611.81
5510.90000 1610.21
5511.00000 1628.57
5511.10000 1615.25
5511.20000 1615.49
5511.30000 1622.95
5511.40000 1621.11
5511.50000 1609.74
5511.60000 1593.46
5511.70000 1601.57
5511.80000 1609.49
5511.90000 1618.89
5512.00000 1625.33
5512.10000 1610.41
5512.20000 1630.45
5512.30000 1610.55
5512.40000 1604.88
5512.50000 1602.63
5512.60000 1620.60
5512.70000 1616.58
5512.80000 1612.96
5512.90000 1589.93
5513.00000 1577.74
5513.10000 1569.34
5513.20000 1572.24
5513.30000 1558.47
5513.40000 1576.29
5513.50000 1574.71
5513.60000 1591.44
5513.70000 1600.05
5513.80000 1617.57
5513.90000 1602.50
5514.00000 1612.45
5514.10000 1603.54
5514.20000 1604.64
5514.30000 1599.06
5514.40000 1611.41
5514.50000 1603.41
5514.60000 1604.21
5514.70000 1617.40
5514.80000 1613.97
5514.90000 1611.01
5515.00000 1609.13
5515.10000 1608.16
5515.20000 1611.54
5515.30000 1603.46
5515.40000 1591.35
5515.50000 1591.87
5515.60000 1597.68
5515.70000 1603.81
5515.80000 1601.85
5515.90000 1622.44
5516.00000 1609.20
5516.10000 1602.78
5516.20000 1595.72
5516.30000 1600.53
5516.40000 1586.29
5516.50000 1586.50
5516.60000 1586.35
5516.70000 1620.90
5516.80000 1606.57
5516.90000 1607.35
5517.00000 1596.73
5517.10000 1587.99
5517.20000 1598.58
5517.30000 1607.61
5517.40000 1622.95
5517.50000 1611.56
5517.60000 1608.41
5517.70000 1586.43
5517.80000 1621.63
5517.90000 1596.89
5518.00000 1603.84
5518.10000 1606.29
5518.20000 1595.92
5518.30000 1604.20
5518.40000 1593.07
5518.50000 1610.14
5518.60000 1611.78
5518.70000 1595.47
5518.80000 1607.75
5518.90000 1599.91
5519.00000 1601.65
5519.10000 1606.22
5519.20000 1587.38
5519.30000 1606.99
5519.40000 1604.34
5519.50000 1609.88
5519.60000 1588.89
5519.70000 1603.32
5519.80000 1595.60
5519.90000 1608.28
5520.00000 1605.55
5520.10000 1604.87
5520.20000 1604.57
5520.30000 1606.35
5520.40000 1603.17
5520.50000 1594.19
5520.60000 1600.58
5520.70000 1600.32
5520.80000 1600.27
5520.90000 1589.02
5521.00000 1600.15
5521.10000 1605.94
5521.20000 1597.00
5521.30000 1602.01
5521.40000 1614.70
5521.50000 1624.30
5521.60000 1604.07
5521.70000 1606.29
5521.80000 1592.84
5521.90000 1596.51
5522.00000 1591.66
5522.10000 1608.93
5522.20000 1607.31
5522.30000 1597.19
5522.40000 1598.03
5522.50000 1603.55
5522.60000 1606.09
5522.70000 1614.56
5522.80000 1603.07
5522.90000 1608.74
5523.00000 1613.64
5523.10000 1612.79
5523.20000 1625.16
5523.30000 1617.97
5523.40000 1606.55
5523.50000 1626.31
5523.60000 1610.75
5523.70000 1614.91
5523.80000 1615.97
5523.90000 1624.45
5524.00000 1614.24
5524.10000 1607.82
5524.20000 1624.25
5524.30000 1622.00
5524.40000 1626.83
5524.50000 1617.30
5524.60000 1625.72
5524.70000 1626.64
5524.80000 1611.69
5524.90000 1617.02
5525.00000 1623.08
5525.10000 1622.99
5525.20000 1620.73
5525.30000 1632.27
5525.40000 1626.53
5525.50000 1622.41
5525.60000 1627.31
5525.70000 1629.75
5525.80000 1640.20
5525.90000 1623.59
5526.00000 1639.02
5526.10000 1643.49
5526.20000 1646.04
5526.30000 1648.44
5526.40000 1621.95
5526.50000 1641.88
5526.60000 1652.86
5526.70000 1644.20
5526.80000 1658.14
5526.90000 1640.78
5527.00000 1635.70
5527.10000 1649.42
5527.20000 1640.02
5527.30000 1616.05
5527.40000 1638.51
5527.50000 1633.75
5527.60000 1627.96
5527.70000 1646.18
5527.80000 1639.51
5527.90000 1642.67
5528.00000 1632.15
5528.10000 1660.34
5528.20000 1635.57
5528.30000 1647.08
5528.40000 1653.76
5528.50000 1655.22
5528.60000 1656.27
5528.70000 1634.04
5528.80000 1636.65
5528.90000 1640.12
5529.00000 1647.62
5529.10000 1636.81
5529.20000 1634.54
5529.30000 1639.44
5529.40000 1641.97
5529.50000 1647.27
5529.60000 1640.68
5529.70000 1634.41
5529.80000 1652.12
5529.90000 1653.07
5530.00000 1657.39
5530.10000 1644.70
5530.20000 1647.38
5530.30000 1646.86
5530.40000 1661.32
5530.50000 1644.99
5530.60000 1651.75
5530.70000 1647.44
5530.80000 1657.34
5530.90000 1657.42
5531.00000 1654.06
5531.10000 1668.78
5531.20000 1653.75
5531.30000 1676.67
5531.40000 1665.94
5531.50000 1665.23
5531.60000 1657.74
5531.70000 1677.03
5531.80000 1670.25
5531.90000 1686.99
5532.00000 1675.92
5532.10000 1687.38
5532.20000 1687.05
5532.30000 1692.96
5532.40000 1685.88
5532.50000 1697.19
5532.60000 1701.07
5532.70000 1719.47
5532.80000 1718.38
5532.90000 1714.18
5533.00000 1728.75
5533.10000 1727.10
5533.20000 1735.53
5533.30000 1732.64
5533.40000 1724.26
5533.50000 1752.98
5533.60000 1734.46
5533.70000 1714.02
5533.80000 1721.75
5533.90000 1718.05
5534.00000 1708.64
5534.10000 1694.60
5534.20000 1673.74
5534.30000 1689.91
5534.40000 1705.46
5534.50000 1689.94
5534.60000 1673.95
5534.70000 1661.72
5534.80000 1676.19
5534.90000 1671.19
5535.00000 1658.06
5535.10000 1656.62
5535.20000 1641.00
5535.30000 1652.48
5535.40000 1652.96
5535.50000 1660.83
5535.60000 1656.70
5535.70000 1656.90
5535.80000 1654.31
5535.90000 1653.16
5536.00000 1662.40
5536.10000 1653.06
5536.20000 1653.81
5536.30000 1663.00
5536.40000 1666.12
5536.50000 1649.33
5536.60000 1652.29
5536.70000 1664.00
5536.80000 1666.52
5536.90000 1678.87
5537.00000 1692.14
5537.10000 1690.37
5537.20000 1680.82
5537.30000 1693.75
5537.40000 1690.80
5537.50000 1715.15
5537.60000 1715.77
5537.70000 1701.54
5537.80000 1691.78
5537.90000 1683.81
5538.00000 1698.73
5538.10000 1695.84
5538.20000 1688.94
5538.30000 1688.61
5538.40000 1672.13
5538.50000 1670.25
5538.60000 1657.47
5538.70000 1660.32
5538.80000 1647.08
5538.90000 1656.97
5539.00000 1779.68
5539.10000 1661.97
5539.20000 1652.44
5539.30000 1655.88
5539.40000 1652.40
5539.50000 1642.69
5539.60000 1641.63
5539.70000 1640.00
5539.80000 1639.33
5539.90000 1642.98
5540.00000 1635.49
5540.10000 1642.35
5540.20000 1631.15
5540.30000 1630.87
5540.40000 1635.67
5540.50000 1634.69
5540.60000 1622.80
5540.70000 1630.94
5540.80000 1639.12
5540.90000 1632.30
5541.00000 1632.33
5541.10000 1625.71
5541.20000 1632.43
5541.30000 1636.79
5541.40000 1638.03
5541.50000 1644.14
5541.60000 1653.56
5541.70000 1629.14
5541.80000 1640.76
5541.90000 1631.07
5542.00000 1620.56
5542.10000 1626.75
5542.20000 1613.11
5542.30000 1598.30
5542.40000 1613.53
5542.50000 1606.65
5542.60000 1632.28
5542.70000 1618.57
5542.80000 1626.95
5542.90000 1637.12
5543.00000 1645.22
5543.10000 1634.31
5543.20000 1627.61
5543.30000 1634.26
5543.40000 1626.26
5543.50000 1637.11
5543.60000 1628.16
5543.70000 1644.05
5543.80000 1637.06
5543.90000 1633.81
5544.00000 1626.92
5544.10000 1640.04
5544.20000 1642.86
5544.30000 1618.78
5544.40000 1642.06
5544.50000 1629.61
5544.60000 1642.92
5544.70000 1625.06
5544.80000 1645.78
5544.90000 1637.01
5545.00000 1630.79
5545.10000 1628.78
5545.20000 1614.17
5545.30000 1589.47
5545.40000 1564.98
5545.50000 1602.19
5545.60000 1598.42
5545.70000 1595.75
5545.80000 1592.43
5545.90000 1609.13
5546.00000 1608.29
5546.10000 1612.79
5546.20000 1640.27
5546.30000 1644.48
5546.40000 1632.31
5546.50000 1630.59
5546.60000 1631.67
5546.70000 1644.94
5546.80000 1630.45
5546.90000 1609.66
5547.00000 1615.66
5547.10000 1613.34
5547.20000 1626.41
5547.30000 1636.16
5547.40000 1628.23
5547.50000 1645.95
5547.60000 1648.13
5547.70000 1634.48
5547.80000 1660.97
5547.90000 1618.65
5548.00000 1631.97
5548.10000 1633.96
5548.20000 1635.70
5548.30000 1635.46
5548.40000 1644.94
5548.50000 1637.81
5548.60000 1626.79
5548.70000 1629.28
5548.80000 1643.64
5548.90000 1634.88
5549.00000 1656.23
5549.10000 1636.13
5549.20000 1637.91
5549.30000 1635.19
5549.40000 1656.96
5549.50000 1619.71
5549.60000 1643.27
5549.70000 1641.60
5549.80000 1641.31
5549.90000 1645.10
5550.00000 1631.34
5550.10000 1637.71
5550.20000 1649.93
5550.30000 1618.58
5550.40000 1640.05
5550.50000 1649.64
5550.60000 1643.81
5550.70000 1643.63
5550.80000 1639.42
5550.90000 1641.28
5551.00000 1650.96
5551.10000 1649.28
5551.20000 1640.79
5551.30000 1667.36
5551.40000 1653.44
5551.50000 1641.78
5551.60000 1651.61
5551.70000 1657.93
5551.80000 1638.31
5551.90000 1638.80
5552.00000 1645.62
5552.10000 1647.98
5552.20000 1651.35
5552.30000 1639.61
5552.40000 1648.16
5552.50000 1645.06
5552.60000 1634.29
5552.70000 1645.19
5552.80000 1637.80
5552.90000 1644.68
5553.00000 1638.18
5553.10000 1626.58
5553.20000 1651.99
5553.30000 1635.04
5553.40000 1637.47
5553.50000 1653.42
5553.60000 1641.51
5553.70000 1646.48
5553.80000 1631.78
5553.90000 1631.22
5554.00000 1642.76
5554.10000 1641.93
5554.20000 1642.36
5554.30000 1631.20
5554.40000 1639.74
5554.50000 1638.69
5554.60000 1639.96
5554.70000 1644.84
5554.80000 1634.25
5554.90000 1640.68
5555.00000 1645.61
5555.10000 1656.76
5555.20000 1653.15
5555.30000 1655.92
5555.40000 1644.99
5555.50000 1646.68
5555.60000 1642.00
5555.70000 1634.23
5555.80000 1653.83
5555.90000 1653.36
5556.00000 1644.56
5556.10000 1652.17
5556.20000 1639.74
5556.30000 1641.24
5556.40000 1639.82
5556.50000 1645.49
5556.60000 1648.74
5556.70000 1648.77
5556.80000 1646.37
5556.90000 1657.33
5557.00000 1654.01
5557.10000 1643.51
5557.20000 1640.53
5557.30000 1643.20
5557.40000 1646.22
5557.50000 1650.42
5557.60000 1644.58
5557.70000 1654.73
5557.80000 1651.68
5557.90000 1644.43
5558.00000 1642.90
5558.10000 1646.26
5558.20000 1631.86
5558.30000 1655.98
5558.40000 1649.09
5558.50000 1649.20
5558.60000 1648.60
5558.70000 1632.74
5558.80000 1642.16
5558.90000 1653.46
5559.00000 1641.98
5559.10000 1653.77
5559.20000 1660.10
5559.30000 1645.48
5559.40000 1653.82
5559.50000 1646.98
5559.60000 1682.08
5559.70000 1664.51
5559.80000 1637.56
5559.90000 1654.55
5560.00000 1645.14
5560.10000 1646.53
5560.20000 1656.86
5560.30000 1656.92
5560.40000 1650.10
5560.50000 1644.85
5560.60000 1648.25
5560.70000 1652.18
5560.80000 1634.79
5560.90000 1645.12
5561.00000 1633.77
5561.10000 1645.92
5561.20000 1634.56
5561.30000 1639.73
5561.40000 1638.72
5561.50000 1646.78
5561.60000 1645.18
5561.70000 1645.12
5561.80000 1650.54
5561.90000 1653.70
5562.00000 1652.70
5562.10000 1643.39
5562.20000 1649.68
5562.30000 1654.20
5562.40000 1644.69
5562.50000 1651.82
5562.60000 1654.03
5562.70000 1649.85
5562.80000 1646.57
5562.90000 1630.97
5563.00000 1642.13
5563.10000 1637.70
5563.20000 1643.98
5563.30000 1658.29
5563.40000 1654.15
5563.50000 1629.14
5563.60000 1639.37
5563.70000 1641.09
5563.80000 1647.86
5563.90000 1640.48
5564.00000 1656.13
5564.10000 1660.48
5564.20000 1644.76
5564.30000 1649.70
5564.40000 1663.36
5564.50000 1647.97
5564.60000 1652.08
5564.70000 1639.37
5564.80000 1646.46
5564.90000 1653.41
5565.00000 1652.09
5565.10000 1651.64
5565.20000 1658.87
5565.30000 1650.56
5565.40000 1652.97
5565.50000 1643.97
5565.60000 1668.38
5565.70000 1646.72
5565.80000 1657.90
5565.90000 1651.00
5566.00000 1656.72
5566.10000 1653.83
5566.20000 1660.16
5566.30000 1646.92
5566.40000 1646.23
5566.50000 1659.21
5566.60000 1652.56
5566.70000 1660.03
5566.80000 1665.05
5566.90000 1656.23
5567.00000 1649.36
5567.10000 1652.03
5567.20000 1646.49
5567.30000 1650.02
5567.40000 1646.26
5567.50000 1649.68
5567.60000 1650.62
5567.70000 1659.38
5567.80000 1645.97
5567.90000 1640.69
5568.00000 1653.91
5568.10000 1632.03
5568.20000 1651.61
5568.30000 1653.19
5568.40000 1644.92
5568.50000 1635.34
5568.60000 1649.80
5568.70000 1646.42
5568.80000 1654.81
5568.90000 1653.91
5569.00000 1639.23
5569.10000 1639.91
5569.20000 1659.33
5569.30000 1655.81
5569.40000 1630.06
5569.50000 1641.62
5569.60000 1641.01
5569.70000 1637.81
5569.80000 1648.03
5569.90000 1641.76
5570.00000 1636.83
5570.10000 1648.60
5570.20000 1656.93
5570.30000 1648.66
5570.40000 1655.78
5570.50000 1657.59
5570.60000 1652.87
5570.70000 1639.86
5570.80000 1643.75
5570.90000 1649.48
5571.00000 1652.48
5571.10000 1648.38
5571.20000 1644.62
5571.30000 1647.32
5571.40000 1649.80
5571.50000 1639.90
5571.60000 1645.22
5571.70000 1626.20
5571.80000 1638.83
5571.90000 1644.32
5572.00000 1656.91
5572.10000 1653.36
5572.20000 1650.83
5572.30000 1641.10
5572.40000 1642.70
5572.50000 1648.27
5572.60000 1632.89
5572.70000 1644.37
5572.80000 1665.51
5572.90000 1654.99
5573.00000 1633.77
5573.10000 1636.57
5573.20000 1652.26
5573.30000 1645.10
5573.40000 1639.92
5573.50000 1652.42
5573.60000 1649.51
5573.70000 1651.77
5573.80000 1643.01
5573.90000 1647.28
5574.00000 1650.28
5574.10000 1639.88
5574.20000 1636.22
5574.30000 1648.01
5574.40000 1648.85
5574.50000 1658.00
5574.60000 1637.47
5574.70000 1653.77
5574.80000 1648.35
5574.90000 1649.33
5575.00000 1652.22
5575.10000 1644.27
5575.20000 1630.52
5575.30000 1652.51
5575.40000 1648.49
5575.50000 1650.37
5575.60000 1640.73
5575.70000 1644.58
5575.80000 1655.50
5575.90000 1651.57
5576.00000 1645.89
5576.10000 1642.42
5576.20000 1640.58
5576.30000 1654.85
5576.40000 1656.51
5576.50000 1647.13
5576.60000 1658.02
5576.70000 1648.53
5576.80000 1645.31
5576.90000 1646.91
5577.00000 1625.91
5577.10000 1639.69
5577.20000 1642.10
5577.30000 1667.48
5577.40000 1641.34
5577.50000 1635.91
5577.60000 1658.92
5577.70000 1639.75
5577.80000 1655.58
5577.90000 1663.77
5578.00000 1633.34
5578.10000 1641.82
5578.20000 1630.77
5578.30000 1635.11
5578.40000 1640.26
5578.50000 1642.28
5578.60000 1645.28
5578.70000 1638.97
5578.80000 1638.89
5578.90000 1641.82
5579.00000 1648.37
5579.10000 1639.18
5579.20000 1647.26
5579.30000 1635.49
5579.40000 1649.31
5579.50000 1645.39
5579.60000 1648.87
5579.70000 1648.83
5579.80000 1635.83
5579.90000 1640.35
5580.00000 1647.63
5580.10000 1648.92
5580.20000 1649.95
5580.30000 1642.21
5580.40000 1642.05
5580.50000 1633.94
5580.60000 1651.32
5580.70000 1660.37
5580.80000 1652.44
5580.90000 1637.58
5581.00000 1641.00
5581.10000 1646.13
5581.20000 1629.66
5581.30000 1635.29
5581.40000 1628.40
5581.50000 1649.08
5581.60000 1622.15
5581.70000 1638.06
5581.80000 1636.05
5581.90000 1633.09
5582.00000 1622.17
5582.10000 1649.61
5582.20000 1634.15
5582.30000 1644.45
5582.40000 1645.31
5582.50000 1649.72
5582.60000 1652.48
5582.70000 1641.73
5582.80000 1643.13
5582.90000 1647.61
5583.00000 1647.83
5583.10000 1634.81
5583.20000 1627.45
5583.30000 1624.43
5583.40000 1638.38
5583.50000 1654.74
5583.60000 1642.27
5583.70000 1627.73
5583.80000 1642.13
5583.90000 1638.51
5584.00000 1651.48
5584.10000 1653.41
5584.20000 1641.74
5584.30000 1646.69
5584.40000 1662.49
5584.50000 1643.60
5584.60000 1644.15
5584.70000 1637.78
5584.80000 1640.29
5584.90000 1644.29
5585.00000 1647.15
5585.10000 1654.84
5585.20000 1652.44
5585.30000 1646.48
5585.40000 1655.07
5585.50000 1644.32
5585.60000 1648.32
5585.70000 1635.81
5585.80000 1640.29
5585.90000 1644.11
5586.00000 1633.00
5586.10000 1641.07
5586.20000 1639.59
5586.30000 1644.59
5586.40000 1642.90
5586.50000 1638.20
5586.60000 1655.07
5586.70000 1656.37
5586.80000 1639.09
5586.90000 1648.56
5587.00000 1643.42
5587.10000 1637.71
5587.20000 1645.30
5587.30000 1636.51
5587.40000 1635.62
5587.50000 1640.83
5587.60000 1642.06
5587.70000 1639.28
5587.80000 1635.63
5587.90000 1638.88
5588.00000 1643.77
5588.10000 1653.04
5588.20000 1643.59
5588.30000 1650.08
5588.40000 1647.05
5588.50000 1637.13
5588.60000 1631.82
5588.70000 1633.57
5588.80000 1638.22
5588.90000 1651.75
5589.00000 1643.18
5589.10000 1666.13
5589.20000 1641.78
5589.30000 1648.65
5589.40000 1644.86
5589.50000 1636.86
5589.60000 1624.22
5589.70000 1649.59
5589.80000 1639.64
5589.90000 1656.38
5590.00000 1650.32
5590.10000 1643.31
5590.20000 1648.56
5590.30000 1651.85
5590.40000 1656.71
5590.50000 1651.28
5590.60000 1642.74
5590.70000 1649.51
5590.80000 1633.15
5590.90000 1640.64
5591.00000 1634.74
5591.10000 1651.23
5591.20000 1640.45
5591.30000 1643.20
5591.40000 1638.32
5591.50000 1648.30
5591.60000 1638.41
5591.70000 1631.60
5591.80000 1641.93
5591.90000 1635.07
5592.00000 1646.71
5592.10000 1625.03
5592.20000 1637.39
5592.30000 1620.04
5592.40000 1613.50
5592.50000 1602.58
5592.60000 1611.60
5592.70000 1624.05
5592.80000 1624.22
5592.90000 1612.87
5593.00000 1627.45
5593.10000 1622.68
5593.20000 1641.05
5593.30000 1624.34
5593.40000 1644.83
5593.50000 1635.45
5593.60000 1626.30
5593.70000 1630.57
5593.80000 1628.63
5593.90000 1627.86
5594.00000 1619.86
5594.10000 1633.38
5594.20000 1609.75
5594.30000 1631.31
5594.40000 1635.06
5594.50000 1632.49
5594.60000 1626.52
5594.70000 1628.59
5594.80000 1607.18
5594.90000 1598.95
5595.00000 1596.33
5595.10000 1585.47
5595.20000 1600.58
5595.30000 1594.00
5595.40000 1609.22
5595.50000 1642.08
5595.60000 1624.78
5595.70000 1625.16
5595.80000 1627.32
5595.90000 1628.05
5596.00000 1640.74
5596.10000 1624.22
5596.20000 1634.47
5596.30000 1633.12
5596.40000 1627.17
5596.50000 1639.78
5596.60000 1620.32
5596.70000 1621.76
5596.80000 1630.02
5596.90000 1633.26
5597.00000 1611.95
5597.10000 1616.41
5597.20000 1636.67
5597.30000 1624.55
5597.40000 1629.69
5597.50000 1622.74
5597.60000 1619.93
5597.70000 1627.21
5597.80000 1644.43
5597.90000 1602.10
5598.00000 1625.37
5598.10000 1617.25
5598.20000 1602.75
5598.30000 1624.74
5598.40000 1629.17
5598.50000 1630.59
5598.60000 1617.10
5598.70000 1617.16
5598.80000 1627.11
5598.90000 1633.19
5599.00000 1632.44
5599.10000 1631.51
5599.20000 1613.66
5599.30000 1602.45
5599.40000 1611.29
5599.50000 1620.32
5599.60000 1622.61
5599.70000 1629.39
5599.80000 1632.62
5599.90000 1624.15
5600.00000 1624.26
5600.10000 1627.43
5600.20000 1618.68
5600.30000 1614.02
5600.40000 1625.34
5600.50000 1628.97
5600.60000 1637.26
5600.70000 1622.67
5600.80000 1625.59
5600.90000 1627.50
5601.00000 1626.12
5601.10000 1634.68
5601.20000 1622.06
5601.30000 1610.59
5601.40000 1625.63
5601.50000 1621.13
5601.60000 1628.62
5601.70000 1626.72
5601.80000 1632.70
5601.90000 1620.95
5602.00000 1623.13
5602.10000 1640.11
5602.20000 1633.49
5602.30000 1614.81
5602.40000 1635.51
5602.50000 1611.62
5602.60000 1631.79
5602.70000 1615.61
5602.80000 1615.05
5602.90000 1633.53
5603.00000 1630.55
5603.10000 1615.39
5603.20000 1631.99
5603.30000 1673.09
5603.40000 1627.64
5603.50000 1622.97
5603.60000 1619.37
5603.70000 1617.75
5603.80000 1612.81
5603.90000 1630.98
5604.00000 1620.83
5604.10000 1621.81
5604.20000 1627.13
5604.30000 1626.31
5604.40000 1625.50
5604.50000 1618.98
5604.60000 1618.64
5604.70000 1622.83
5604.80000 1618.22
5604.90000 1637.34
5605.00000 1659.50
5605.10000 1662.80
5605.20000 1653.49
5605.30000 1660.25
5605.40000 1639.85
5605.50000 1611.42
5605.60000 1634.09
5605.70000 1635.93
5605.80000 1615.05
5605.90000 1627.35
5606.00000 1622.87
5606.10000 1627.93
5606.20000 1633.04
5606.30000 1627.77
5606.40000 1630.85
5606.50000 1632.88
5606.60000 1633.24
5606.70000 1624.93
5606.80000 1621.60
5606.90000 1621.70
5607.00000 1634.22
5607.10000 1628.60
5607.20000 1622.59
5607.30000 1615.05
5607.40000 1628.18
5607.50000 1616.84
5607.60000 1626.70
5607.70000 1623.37
5607.80000 1628.22
5607.90000 1625.24
5608.00000 1637.85
5608.10000 1631.80
5608.20000 1635.09
5608.30000 1629.35
5608.40000 1624.54
5608.50000 1618.63
5608.60000 1634.51
5608.70000 1608.58
5608.80000 1624.12
5608.90000 1618.02
5609.00000 1606.69
5609.10000 1628.85
5609.20000 1619.00
5609.30000 1614.09
5609.40000 1626.52
5609.50000 1615.20
5609.60000 1617.21
5609.70000 1620.00
5609.80000 1629.60
5609.90000 1612.61
5610.00000 1615.66
5610.10000 1602.84
5610.20000 1611.23
5610.30000 1608.28
5610.40000 1601.11
5610.50000 1617.21
5610.60000 1623.33
5610.70000 1596.28
5610.80000 1617.39
5610.90000 1619.39
5611.00000 1624.20
5611.10000 1627.64
5611.20000 1621.16
5611.30000 1615.30
5611.40000 1623.22
5611.50000 1616.38
5611.60000 1631.78
5611.70000 1632.21
5611.80000 1618.10
5611.90000 1617.56
5612.00000 1629.32
5612.10000 1627.00
5612.20000 1638.61
5612.30000 1624.67
5612.40000 1633.88
5612.50000 1619.01
5612.60000 1616.67
5612.70000 1621.50
5612.80000 1637.56
5612.90000 1626.26
5613.00000 1633.83
5613.10000 1627.36
5613.20000 1629.97
5613.30000 1632.93
5613.40000 1611.40
5613.50000 1628.34
5613.60000 1645.20
5613.70000 1633.41
5613.80000 1626.70
5613.90000 1649.86
5614.00000 1629.31
5614.10000 1619.93
5614.20000 1635.29
5614.30000 1640.34
5614.40000 1640.05
5614.50000 1643.39
5614.60000 1603.60
5614.70000 1637.07
5614.80000 1622.28
5614.90000 1629.59
5615.00000 1616.08
5615.10000 1622.50
5615.20000 1625.15
5615.30000 1639.34
5615.40000 1635.22
5615.50000 1617.18
5615.60000 1632.71
5615.70000 1624.20
5615.80000 1618.25
5615.90000 1624.62
5616.00000 1617.53
5616.10000 1635.76
5616.20000 1636.89
5616.30000 1647.82
5616.40000 1642.00
5616.50000 1626.92
5616.60000 1642.98
5616.70000 1619.51
5616.80000 1639.11
5616.90000 1635.33
5617.00000 1634.08
5617.10000 1642.01
5617.20000 1626.46
5617.30000 1630.04
5617.40000 1635.82
5617.50000 1647.51
5617.60000 1627.83
5617.70000 1630.32
5617.80000 1636.60
5617.90000 1640.02
5618.00000 1640.00
5618.10000 1637.51
5618.20000 1648.11
5618.30000 1633.87
5618.40000 1625.70
5618.50000 1623.49
5618.60000 1625.22
5618.70000 1634.32
5618.80000 1632.37
5618.90000 1643.72
5619.00000 1665.33
5619.10000 1629.45
5619.20000 1626.19
5619.30000 1662.53
5619.40000 1645.26
5619.50000 1629.88
5619.60000 1647.21
5619.70000 1642.61
5619.80000 1625.92
5619.90000 1630.78
5620.00000 1628.22
5620.10000 1636.82
5620.20000 1647.36
5620.30000 1628.01
5620.40000 1638.03
5620.50000 1625.93
5620.60000 1635.64
5620.70000 1638.26
5620.80000 1649.38
5620.90000 1634.02
5621.00000 1651.34
5621.10000 1630.76
5621.20000 1639.76
5621.30000 1630.08
5621.40000 1620.22
5621.50000 1633.86
5621.60000 1637.10
5621.70000 1640.43
5621.80000 1631.49
5621.90000 1636.97
5622.00000 1642.16
5622.10000 1637.94
5622.20000 1635.66
5622.30000 1636.87
5622.40000 1638.66
5622.50000 1644.55
5622.60000 1626.61
5622.70000 1611.72
5622.80000 1633.90
5622.90000 1651.34
5623.00000 1641.03
5623.10000 1639.44
5623.20000 1633.72
5623.30000 1651.03
5623.40000 1651.85
5623.50000 1641.89
5623.60000 1640.07
5623.70000 1644.92
5623.80000 1627.11
5623.90000 1642.06
5624.00000 1622.38
5624.10000 1630.76
5624.20000 1638.61
5624.30000 1645.84
5624.40000 1655.42
5624.50000 1648.25
5624.60000 1633.27
5624.70000 1655.19
5624.80000 1644.55
5624.90000 1631.51
5625.00000 1639.77
5625.10000 1628.67
5625.20000 1641.81
5625.30000 1637.39
5625.40000 1648.70
5625.50000 1639.56
5625.60000 1636.79
5625.70000 1637.52
5625.80000 1642.47
5625.90000 1629.12
5626.00000 1629.65
5626.10000 1625.57
5626.20000 1630.07
5626.30000 1632.63
5626.40000 1628.36
5626.50000 1632.79
5626.60000 1628.62
5626.70000 1630.70
5626.80000 1630.11
5626.90000 1646.16
5627.00000 1639.01
5627.10000 1628.33
5627.20000 1635.05
5627.30000 1629.19
5627.40000 1631.78
5627.50000 1632.16
5627.60000 1625.26
5627.70000 1645.34
5627.80000 1624.11
5627.90000 1629.37
5628.00000 1638.14
5628.10000 1631.12
5628.20000 1633.10
5628.30000 1640.37
5628.40000 1647.03
5628.50000 1648.24
5628.60000 1630.79
5628.70000 1643.81
5628.80000 1635.74
5628.90000 1645.70
5629.00000 1635.76
5629.10000 1627.88
5629.20000 1624.77
5629.30000 1631.26
5629.40000 1632.25
5629.50000 1635.15
5629.60000 1625.47
5629.70000 1635.90
5629.80000 1641.05
5629.90000 1648.52
5630.00000 1630.25
5630.10000 1630.42
5630.20000 1643.39
5630.30000 1630.71
5630.40000 1641.65
5630.50000 1639.84
5630.60000 1631.61
5630.70000 1621.98
5630.80000 1629.99
5630.90000 1629.72
5631.00000 1627.16
5631.10000 1640.78
5631.20000 1636.45
5631.30000 1647.47
5631.40000 1635.43
5631.50000 1623.41
5631.60000 1639.50
5631.70000 1625.27
5631.80000 1645.39
5631.90000 1626.68
5632.00000 1628.18
5632.10000 1627.62
5632.20000 1622.23
5632.30000 1632.93
5632.40000 1625.63
5632.50000 1629.33
5632.60000 1616.02
5632.70000 1617.43
5632.80000 1623.13
5632.90000 1616.48
5633.00000 1624.41
5633.10000 1630.44
5633.20000 1617.71
5633.30000 1623.49
5633.40000 1625.36
5633.50000 1614.49
5633.60000 1625.60
5633.70000 1617.94
5633.80000 1624.96
5633.90000 1622.56
5634.00000 1618.86
5634.10000 1625.10
5634.20000 1640.52
5634.30000 1624.48
5634.40000 1619.97
5634.50000 1626.83
5634.60000 1609.14
5634.70000 1609.17
5634.80000 1636.39
5634.90000 1620.34
5635.00000 1607.88
5635.10000 1606.81
5635.20000 1606.86
5635.30000 1610.09
5635.40000 1603.28
5635.50000 1615.60
5635.60000 1621.72
5635.70000 1621.85
5635.80000 1623.93
5635.90000 1612.99
5636.00000 1614.82
5636.10000 1620.03
5636.20000 1618.90
5636.30000 1618.41
5636.40000 1624.63
5636.50000 1621.33
5636.60000 1624.21
5636.70000 1622.56
5636.80000 1621.92
5636.90000 1610.68
5637.00000 1632.28
5637.10000 1622.25
5637.20000 1619.34
5637.30000 1636.27
5637.40000 1622.78
5637.50000 1618.50
5637.60000 1620.01
5637.70000 1669.70
5637.80000 1657.20
5637.90000 1632.98
5638.00000 1636.12
5638.10000 1635.79
5638.20000 1617.01
5638.30000 1628.03
5638.40000 1619.59
5638.50000 1622.06
5638.60000 1618.58
5638.70000 1632.31
5638.80000 1621.49
5638.90000 1626.63
5639.00000 1630.30
5639.10000 1639.35
5639.20000 1631.17
5639.30000 1640.05
5639.40000 1630.12
5639.50000 1618.13
5639.60000 1621.74
5639.70000 1626.57
5639.80000 1633.81
5639.90000 1637.05
5640.00000 1621.20
5640.10000 1622.10
5640.20000 1626.24
5640.30000 1615.46
5640.40000 1628.17
5640.50000 1620.12
5640.60000 1623.94
5640.70000 1608.50
5640.80000 1612.60
5640.90000 1631.66
5641.00000 1621.07
5641.10000 1602.91
5641.20000 1616.88
5641.30000 1610.46
5641.40000 1632.43
5641.50000 1615.61
5641.60000 1615.89
5641.70000 1617.77
5641.80000 1615.61
5641.90000 1628.41
5642.00000 1631.18
5642.10000 1627.72
5642.20000 1608.16
5642.30000 1627.49
5642.40000 1629.25
5642.50000 1618.82
5642.60000 1622.59
5642.70000 1631.55
5642.80000 1621.13
5642.90000 1631.54
5643.00000 1623.57
5643.10000 1619.78
5643.20000 1609.42
5643.30000 1621.46
5643.40000 1615.80
5643.50000 1608.51
5643.60000 1629.67
5643.70000 1625.06
5643.80000 1624.37
5643.90000 1630.47
5644.00000 1610.30
5644.10000 1618.17
5644.20000 1619.98
5644.30000 1625.98
5644.40000 1635.69
5644.50000 1624.40
5644.60000 1613.89
5644.70000 1612.47
5644.80000 1626.37
5644.90000 1617.57
5645.00000 1620.71
5645.10000 1626.45
5645.20000 1617.93
5645.30000 1627.22
5645.40000 1629.71
5645.50000 1615.93
5645.60000 1612.45
5645.70000 1618.22
5645.80000 1610.71
5645.90000 1603.82
5646.00000 1605.39
5646.10000 1594.56
5646.20000 1606.10
5646.30000 1606.78
5646.40000 1617.06
5646.50000 1614.05
5646.60000 1616.14
5646.70000 1614.82
5646.80000 1624.84
5646.90000 1617.21
5647.00000 1625.44
5647.10000 1609.84
5647.20000 1625.55
5647.30000 1621.11
5647.40000 1610.23
5647.50000 1623.63
5647.60000 1619.65
5647.70000 1626.93
5647.80000 1608.41
5647.90000 1609.03
5648.00000 1613.37
5648.10000 1619.46
5648.20000 1611.99
5648.30000 1625.79
5648.40000 1627.99
5648.50000 1624.79
5648.60000 1619.16
5648.70000 1615.78
5648.80000 1615.06
5648.90000 1616.56
5649.00000 1616.80
5649.10000 1612.28
5649.20000 1607.85
5649.30000 1623.33
5649.40000 1619.97
5649.50000 1616.67
5649.60000 1625.77
5649.70000 1607.88
5649.80000 1598.79
5649.90000 1617.10
5650.00000 1609.28
5650.10000 1612.63
5650.20000 1614.01
5650.30000 1627.59
5650.40000 1616.31
5650.50000 1619.17
5650.60000 1611.48
5650.70000 1624.95
5650.80000 1614.35
5650.90000 1619.99
5651.00000 1615.17
5651.10000 1610.88
5651.20000 1609.51
5651.30000 1611.94
5651.40000 1617.81
5651.50000 1613.32
5651.60000 1615.25
5651.70000 1606.44
5651.80000 1619.04
5651.90000 1617.77
5652.00000 1624.81
5652.10000 1608.11
5652.20000 1621.34
5652.30000 1604.34
5652.40000 1618.88
5652.50000 1617.99
5652.60000 1601.12
5652.70000 1620.12
5652.80000 1598.34
5652.90000 1615.75
5653.00000 1617.92
5653.10000 1610.80
5653.20000 1603.62
5653.30000 1611.97
5653.40000 1608.71
5653.50000 1612.52
5653.60000 1600.58
5653.70000 1622.20
5653.80000 1606.09
5653.90000 1618.45
5654.00000 1603.35
5654.10000 1617.99
5654.20000 1614.59
5654.30000 1615.82
5654.40000 1622.29
5654.50000 1620.95
5654.60000 1621.87
5654.70000 1617.57
5654.80000 1621.48
5654.90000 1629.92
5655.00000 1628.64
5655.10000 1611.05
5655.20000 1624.00
5655.30000 1618.12
5655.40000 1629.81
5655.50000 1614.36
5655.60000 1614.47
5655.70000 1639.40
5655.80000 1629.61
5655.90000 1630.34
5656.00000 1630.62
5656.10000 1630.01
5656.20000 1641.74
5656.30000 1622.49
5656.40000 1633.08
5656.50000 1639.24
5656.60000 1621.96
5656.70000 1626.45
5656.80000 1604.88
5656.90000 1620.58
5657.00000 1619.60
5657.10000 1636.09
5657.20000 1618.66
5657.30000 1619.25
5657.40000 1609.99
5657.50000 1613.83
5657.60000 1637.78
5657.70000 1624.73
5657.80000 1629.29
5657.90000 1621.66
5658.00000 1622.48
5658.10000 1616.96
5658.20000 1615.09
5658.30000 1620.37
5658.40000 1635.28
5658.50000 1620.27
5658.60000 1618.75
5658.70000 1629.00
5658.80000 1611.25
5658.90000 1624.56
5659.00000 1622.35
5659.10000 1618.94
5659.20000 1611.62
5659.30000 1621.31
5659.40000 1627.93
5659.50000 1613.94
5659.60000 1616.57
5659.70000 1615.00
5659.80000 1606.07
5659.90000 1619.74
5660.00000 1622.20
5660.10000 1617.76
5660.20000 1619.38
5660.30000 1626.40
5660.40000 1616.21
5660.50000 1616.64
5660.60000 1630.49
5660.70000 1610.81
5660.80000 1614.44
5660.90000 1620.29
5661.00000 1620.33
5661.10000 1621.27
5661.20000 1611.17
5661.30000 1610.40
5661.40000 1616.05
5661.50000 1615.22
5661.60000 1621.07
5661.70000 1609.20
5661.80000 1609.75
5661.90000 1608.19
5662.00000 1610.92
5662.10000 1598.33
5662.20000 1625.75
5662.30000 1620.21
5662.40000 1610.71
5662.50000 1613.47
5662.60000 1592.45
5662.70000 1597.25
5662.80000 1595.69
5662.90000 1603.20
5663.00000 1603.63
5663.10000 1605.54
5663.20000 1603.97
5663.30000 1586.87
5663.40000 1590.75
5663.50000 1604.47
5663.60000 1599.19
5663.70000 1596.91
5663.80000 1601.21
5663.90000 1595.93
5664.00000 1609.23
5664.10000 1599.83
5664.20000 1597.21
5664.30000 1593.52
5664.40000 1590.83
5664.50000 1590.83
5664.60000 1591.33
5664.70000 1597.20
5664.80000 1603.52
5664.90000 1610.55
5665.00000 1597.55
5665.10000 1603.10
5665.20000 1590.30
5665.30000 1594.90
5665.40000 1612.88
5665.50000 1600.07
5665.60000 1593.41
5665.70000 1585.67
5665.80000 1598.43
5665.90000 1603.29
5666.00000 1597.53
5666.10000 1595.65
5666.20000 1623.30
5666.30000 1595.15
5666.40000 1595.86
5666.50000 1591.84
5666.60000 1590.87
5666.70000 1588.58
5666.80000 1608.51
5666.90000 1594.69
5667.00000 1591.46
5667.10000 1610.44
5667.20000 1593.24
5667.30000 1613.38
5667.40000 1593.98
5667.50000 1590.45
5667.60000 1597.03
5667.70000 1608.67
5667.80000 1604.22
5667.90000 1608.32
5668.00000 1593.95
5668.10000 1589.53
5668.20000 1595.31
5668.30000 1599.37
5668.40000 1585.17
5668.50000 1583.03
5668.60000 1588.22
5668.70000 1582.73
5668.80000 1594.30
5668.90000 1576.22
5669.00000 1586.92
5669.10000 1593.97
5669.20000 1594.86
5669.30000 1577.80
5669.40000 1584.70
5669.50000 1579.35
5669.60000 1578.38
5669.70000 1569.18
5669.80000 1567.26
5669.90000 1574.87
5670.00000 1587.63
5670.10000 1579.48
5670.20000 1596.25
5670.30000 1579.82
5670.40000 1581.91
5670.50000 1565.26
5670.60000 1591.66
5670.70000 1582.83
5670.80000 1570.79
5670.90000 1575.11
5671.00000 1588.03
5671.10000 1574.52
5671.20000 1575.75
5671.30000 1586.84
5671.40000 1593.32
5671.50000 1577.84
5671.60000 1584.09
5671.70000 1565.51
5671.80000 1589.14
5671.90000 1587.23
5672.00000 1579.97
5672.10000 1588.72
5672.20000 1578.22
5672.30000 1570.23
5672.40000 1581.08
5672.50000 1572.33
5672.60000 1582.37
5672.70000 1578.44
5672.80000 1574.42
5672.90000 1574.87
5673.00000 1577.40
5673.10000 1579.86
5673.20000 1572.52
5673.30000 1571.49
5673.40000 1570.79
5673.50000 1563.40
5673.60000 1565.46
5673.70000 1562.98
5673.80000 1565.94
5673.90000 1579.02
5674.00000 1554.87
5674.10000 1575.72
5674.20000 1560.67
5674.30000 1554.96
5674.40000 1557.95
5674.50000 1560.82
5674.60000 1575.22
5674.70000 1574.11
5674.80000 1577.72
5674.90000 1570.80
5675.00000 1563.97
5675.10000 1570.87
5675.20000 1576.48
5675.30000 1559.40
5675.40000 1579.97
5675.50000 1563.92
5675.60000 1567.75
5675.70000 1574.37
5675.80000 1579.97
5675.90000 1571.34
5676.00000 1575.60
5676.10000 1578.89
5676.20000 1579.73
5676.30000 1577.56
5676.40000 1568.03
5676.50000 1591.55
5676.60000 1580.48
5676.70000 1579.54
5676.80000 1572.03
5676.90000 1562.86
5677.00000 1580.94
5677.10000 1572.66
5677.20000 1557.22
5677.30000 1547.19
5677.40000 1575.32
5677.50000 1567.83
5677.60000 1566.67
5677.70000 1579.15
5677.80000 1579.44
5677.90000 1564.02
5678.00000 1569.47
5678.10000 1561.34
5678.20000 1559.56
5678.30000 1558.89
5678.40000 1576.12
5678.50000 1578.90
5678.60000 1552.36
5678.70000 1571.59
5678.80000 1576.57
5678.90000 1580.52
5679.00000 1568.85
5679.10000 1567.72
5679.20000 1564.79
5679.30000 1570.29
5679.40000 1576.53
5679.50000 1565.18
5679.60000 1556.99
5679.70000 1562.63
5679.80000 1561.59
5679.90000 1559.92
5680.00000 1569.25
5680.10000 1555.36
5680.20000 1545.92
5680.30000 1560.30
5680.40000 1562.48
5680.50000 1553.53
5680.60000 1559.97
5680.70000 1540.44
5680.80000 1569.49
5680.90000 1568.96
5681.00000 1576.58
5681.10000 1550.59
5681.20000 1565.14
5681.30000 1557.72
5681.40000 1556.67
5681.50000 1563.08
5681.60000 1585.98
5681.70000 1584.20
5681.80000 1562.23
5681.90000 1562.40
5682.00000 1592.52
5682.10000 1580.09
5682.20000 1551.77
5682.30000 1547.76
5682.40000 1564.16
5682.50000 1568.99
5682.60000 1562.77
5682.70000 1558.60
5682.80000 1564.12
5682.90000 1562.42
5683.00000 1571.39
5683.10000 1565.58
5683.20000 1561.15
5683.30000 1555.47
5683.40000 1567.80
5683.50000 1574.29
5683.60000 1580.10
5683.70000 1573.82
5683.80000 1560.58
5683.90000 1566.74
5684.00000 1558.62
5684.10000 1579.69
5684.20000 1569.48
5684.30000 1543.53
5684.40000 1521.45
5684.50000 1555.50
5684.60000 1587.45
5684.70000 1577.10
5684.80000 1578.36
5684.90000 1596.07
5685.00000 1560.17
5685.10000 1571.64
5685.20000 1574.53
5685.30000 1569.32
5685.40000 1567.56
5685.50000 1577.31
5685.60000 1583.00
5685.70000 1580.60
5685.80000 1573.80
5685.90000 1554.81
5686.00000 1544.54
5686.10000 1572.36
5686.20000 1575.31
5686.30000 1562.77
5686.40000 1574.32
5686.50000 1587.94
5686.60000 1590.82
5686.70000 1624.48
5686.80000 1587.74
5686.90000 1572.16
5687.00000 1578.80
5687.10000 1573.26
5687.20000 1585.47
5687.30000 1593.15
5687.40000 1572.90
5687.50000 1568.96
5687.60000 1574.78
5687.70000 1589.39
5687.80000 1568.50
5687.90000 1580.54
5688.00000 1507.45
5688.10000 1542.00
5688.20000 1581.99
5688.30000 1576.07
5688.40000 1587.80
5688.50000 1578.31
5688.60000 1582.03
5688.70000 1584.53
5688.80000 1579.98
5688.90000 1565.74
5689.00000 1585.27
5689.10000 1565.90
5689.20000 1576.76
5689.30000 1575.48
5689.40000 1585.59
5689.50000 1573.08
5689.60000 1584.07
5689.70000 1582.94
5689.80000 1584.17
5689.90000 1556.96
5690.00000 1553.11
5690.10000 1545.30
5690.20000 1544.28
5690.30000 1555.36
5690.40000 1555.78
5690.50000 1573.51
5690.60000 1566.23
5690.70000 1553.59
5690.80000 1541.84
5690.90000 1536.90
5691.00000 1517.49
5691.10000 1557.80
5691.20000 1579.93
5691.30000 1570.22
5691.40000 1572.09
5691.50000 1569.47
5691.60000 1588.90
5691.70000 1570.95
5691.80000 1571.68
5691.90000 1579.03
5692.00000 1578.32
5692.10000 1560.74
5692.20000 1565.35
5692.30000 1556.67
5692.40000 1555.12
5692.50000 1562.31
5692.60000 1568.66
5692.70000 1572.38
5692.80000 1561.05
5692.90000 1516.62
5693.00000 1502.47
5693.10000 1561.67
5693.20000 1569.27
5693.30000 1541.37
5693.40000 1561.08
5693.50000 1560.23
5693.60000 1564.09
5693.70000 1543.92
5693.80000 1554.02
5693.90000 1548.64
5694.00000 1558.97
5694.10000 1554.67
5694.20000 1556.34
5694.30000 1547.97
5694.40000 1565.57
5694.50000 1567.44
5694.60000 1577.27
5694.70000 1549.73
5694.80000 1570.08
5694.90000 1564.11
5695.00000 1579.42
5695.10000 1565.49
5695.20000 1567.23
5695.30000 1579.69
5695.40000 1579.81
5695.50000 1581.18
5695.60000 1575.29
5695.70000 1571.55
5695.80000 1573.31
5695.90000 1584.76
5696.00000 1582.57
5696.10000 1571.93
5696.20000 1561.98
5696.30000 1570.29
5696.40000 1562.87
5696.50000 1541.11
5696.60000 1553.07
5696.70000 1645.98
5696.80000 1567.03
5696.90000 1562.90
5697.00000 1557.81
5697.10000 1555.11
5697.20000 1563.16
5697.30000 1565.47
5697.40000 1562.83
5697.50000 1574.73
5697.60000 1585.75
5697.70000 1570.97
5697.80000 1563.58
5697.90000 1555.17
5698.00000 1562.78
5698.10000 1571.00
5698.20000 1571.52
5698.30000 1574.25
5698.40000 1577.26
5698.50000 1567.61
5698.60000 1557.76
5698.70000 1523.36
5698.80000 1544.56
5698.90000 1569.64
5699.00000 1559.85
5699.10000 1570.05
5699.20000 1537.72
5699.30000 1556.73
5699.40000 1568.10
5699.50000 1576.52
5699.60000 1563.64
5699.70000 1556.09
5699.80000 1527.45
5699.90000 1522.57
5700.00000 1569.48
5700.10000 1578.63
5700.20000 1562.41
5700.30000 1573.70
5700.40000 1569.87
5700.50000 1575.58
5700.60000 1569.74
5700.70000 1567.25
5700.80000 1579.48
5700.90000 1584.74
5701.00000 1577.36
5701.10000 1568.48
5701.20000 1545.95
5701.30000 1513.73
5701.40000 1569.87
5701.50000 1568.11
5701.60000 1581.52
5701.70000 1588.91
5701.80000 1578.20
5701.90000 1579.83
5702.00000 1569.37
5702.10000 1582.92
5702.20000 1586.83
5702.30000 1579.80
5702.40000 1576.62
5702.50000 1584.09
5702.60000 1582.31
5702.70000 1594.88
5702.80000 1583.64
5702.90000 1577.00
5703.00000 1587.19
5703.10000 1583.30
5703.20000 1590.84
5703.30000 1570.46
5703.40000 1560.92
5703.50000 1575.63
5703.60000 1576.06
5703.70000 1566.12
5703.80000 1562.82
5703.90000 1576.00
5704.00000 1568.79
5704.10000 1576.86
5704.20000 1575.76
5704.30000 1572.89
5704.40000 1566.11
5704.50000 1553.24
5704.60000 1559.22
5704.70000 1537.28
5704.80000 1530.05
5704.90000 1539.90
5705.00000 1545.90
5705.10000 1562.82
5705.20000 1551.35
5705.30000 1549.34
5705.40000 1560.28
5705.50000 1551.09
5705.60000 1560.75
5705.70000 1558.42
5705.80000 1549.07
5705.90000 1561.13
5706.00000 1557.46
5706.10000 1550.61
5706.20000 1545.80
5706.30000 1565.63
5706.40000 1563.55
5706.50000 1554.33
5706.60000 1573.41
5706.70000 1568.77
5706.80000 1563.38
5706.90000 1565.12
5707.00000 1575.80
5707.10000 1580.94
5707.20000 1569.14
5707.30000 1588.95
5707.40000 1580.74
5707.50000 1563.81
5707.60000 1584.78
5707.70000 1597.73
5707.80000 1583.36
5707.90000 1578.23
5708.00000 1579.67
5708.10000 1566.67
5708.20000 1572.53
5708.30000 1580.36
5708.40000 1577.69
5708.50000 1581.73
5708.60000 1583.37
5708.70000 1587.17
5708.80000 1610.58
5708.90000 1584.30
5709.00000 1592.54
5709.10000 1595.34
5709.20000 1590.00
5709.30000 1606.34
5709.40000 1600.16
5709.50000 1597.34
5709.60000 1609.93
5709.70000 1592.93
5709.80000 1588.24
5709.90000 1576.44
5710.00000 1576.98
5710.10000 1589.73
5710.20000 1602.00
5710.30000 1599.73
5710.40000 1591.37
5710.50000 1588.77
5710.60000 1592.01
5710.70000 1603.80
5710.80000 1563.60
5710.90000 1577.54
5711.00000 1573.81
5711.10000 1590.37
5711.20000 1583.88
5711.30000 1564.56
5711.40000 1570.61
5711.50000 1573.57
5711.60000 1571.43
5711.70000 1570.44
5711.80000 1576.43
5711.90000 1562.19
5712.00000 1541.61
5712.10000 1554.74
5712.20000 1573.79
5712.30000 1580.86
5712.40000 1576.46
5712.50000 1585.24
5712.60000 1593.16
5712.70000 1581.09
5712.80000 1588.56
5712.90000 1604.81
5713.00000 1587.66
5713.10000 1571.36
5713.20000 1584.92
5713.30000 1579.34
5713.40000 1577.56
5713.50000 1596.17
5713.60000 1598.01
5713.70000 1576.68
5713.80000 1588.09
5713.90000 1595.19
5714.00000 1592.18
5714.10000 1583.13
5714.20000 1587.97
5714.30000 1589.46
5714.40000 1569.22
5714.50000 1583.40
5714.60000 1571.38
5714.70000 1574.11
5714.80000 1586.18
5714.90000 1599.44
5715.00000 1594.72
5715.10000 1585.22
5715.20000 1593.88
5715.30000 1582.52
5715.40000 1590.51
5715.50000 1590.11
5715.60000 1608.92
5715.70000 1592.18
5715.80000 1585.76
5715.90000 1582.26
5716.00000 1585.17
5716.10000 1591.38
5716.20000 1575.12
5716.30000 1573.79
5716.40000 1597.62
5716.50000 1584.11
5716.60000 1575.51
5716.70000 1584.00
5716.80000 1575.53
5716.90000 1572.56
5717.00000 1579.51
5717.10000 1590.48
5717.20000 1602.96
5717.30000 1593.90
5717.40000 1593.19
5717.50000 1591.81
5717.60000 1591.33
5717.70000 1590.34
5717.80000 1575.17
5717.90000 1590.48
5718.00000 1559.40
5718.10000 1555.03
5718.20000 1582.56
5718.30000 1581.96
5718.40000 1598.21
5718.50000 1599.19
5718.60000 1594.03
5718.70000 1574.80
5718.80000 1586.32
5718.90000 1570.86
5719.00000 1590.37
5719.10000 1593.47
5719.20000 1584.09
5719.30000 1584.87
5719.40000 1588.35
5719.50000 1573.36
5719.60000 1570.87
5719.70000 1574.93
5719.80000 1556.95
5719.90000 1547.40
5720.00000 1563.93
5720.10000 1497.77
5720.20000 1529.96
5720.30000 1565.55
5720.40000 1577.72
5720.50000 1586.13
5720.60000 1586.85
5720.70000 1577.90
5720.80000 1587.19
5720.90000 1579.05
5721.00000 1554.02
5721.10000 1556.55
5721.20000 1595.61
5721.30000 1603.55
5721.40000 1587.28
5721.50000 1590.22
5721.60000 1603.58
5721.70000 1597.83
5721.80000 1584.93
5721.90000 1586.95
5722.00000 1589.14
5722.10000 1579.16
5722.20000 1601.55
5722.30000 1569.29
5722.40000 1560.32
5722.50000 1552.29
5722.60000 1595.66
5722.70000 1580.64
5722.80000 1578.78
5722.90000 1585.59
5723.00000 1598.54
5723.10000 1602.05
5723.20000 1601.34
5723.30000 1594.98
5723.40000 1592.14
5723.50000 1598.89
5723.60000 1598.81
5723.70000 1594.11
5723.80000 1602.69
5723.90000 1591.64
5724.00000 1587.84
5724.10000 1593.05
5724.20000 1590.00
5724.30000 1596.20
5724.40000 1564.11
5724.50000 1572.32
5724.60000 1586.00
5724.70000 1590.25
5724.80000 1593.20
5724.90000 1588.34
5725.00000 1602.15
5725.10000 1591.69
5725.20000 1571.88
5725.30000 1587.77
5725.40000 1593.58
5725.50000 1591.77
5725.60000 1594.78
5725.70000 1581.03
5725.80000 1594.01
5725.90000 1590.61
5726.00000 1586.43
5726.10000 1600.88
5726.20000 1585.12
5726.30000 1590.26
5726.40000 1602.58
5726.50000 1596.90
5726.60000 1587.99
5726.70000 1612.13
5726.80000 1597.91
5726.90000 1604.51
5727.00000 1595.03
5727.10000 1577.84
5727.20000 1590.41
5727.30000 1578.05
5727.40000 1537.13
5727.50000 1577.82
5727.60000 1583.72
5727.70000 1597.33
5727.80000 1591.69
5727.90000 1591.81
5728.00000 1583.82
5728.10000 1575.06
5728.20000 1598.11
5728.30000 1586.59
5728.40000 1596.33
5728.50000 1592.76
5728.60000 1593.71
5728.70000 1600.62
5728.80000 1588.58
5728.90000 1597.25
5729.00000 1581.13
5729.10000 1585.48
5729.20000 1599.26
5729.30000 1591.98
5729.40000 1578.68
5729.50000 1593.65
5729.60000 1588.99
5729.70000 1592.47
5729.80000 1599.63
5729.90000 1604.66
5730.00000 1577.42
5730.10000 1581.87
5730.20000 1552.96
5730.30000 1565.85
5730.40000 1573.14
5730.50000 1586.79
5730.60000 1590.65
5730.70000 1580.91
5730.80000 1602.03
5730.90000 1593.41
5731.00000 1602.46
5731.10000 1600.58
5731.20000 1605.16
5731.30000 1591.94
5731.40000 1580.58
5731.50000 1591.66
5731.60000 1597.49
5731.70000 1599.65
5731.80000 1600.82
5731.90000 1601.51
5732.00000 1597.16
5732.10000 1573.73
5732.20000 1586.58
5732.30000 1588.56
5732.40000 1589.67
5732.50000 1606.85
5732.60000 1588.53
5732.70000 1610.67
5732.80000 1594.07
5732.90000 1581.26
5733.00000 1572.59
5733.10000 1584.47
5733.20000 1581.52
5733.30000 1573.80
5733.40000 1580.04
5733.50000 1575.00
5733.60000 1561.72
5733.70000 1574.54
5733.80000 1587.00
5733.90000 1578.69
5734.00000 1590.17
5734.10000 1566.01
5734.20000 1568.88
5734.30000 1571.15
5734.40000 1562.82
5734.50000 1589.75
5734.60000 1588.36
5734.70000 1581.03
5734.80000 1574.24
5734.90000 1576.79
5735.00000 1577.77
5735.10000 1592.73
5735.20000 1579.72
5735.30000 1574.00
5735.40000 1576.15
5735.50000 1575.80
5735.60000 1580.73
5735.70000 1586.11
5735.80000 1578.10
5735.90000 1566.25
5736.00000 1571.52
5736.10000 1562.24
5736.20000 1574.64
5736.30000 1579.08
5736.40000 1570.38
5736.50000 1569.29
5736.60000 1564.99
5736.70000 1577.79
5736.80000 1586.81
5736.90000 1580.56
5737.00000 1570.56
5737.10000 1587.21
5737.20000 1585.62
5737.30000 1560.70
5737.40000 1568.49
5737.50000 1571.90
5737.60000 1566.55
5737.70000 1562.89
5737.80000 1569.91
5737.90000 1562.81
5738.00000 1560.03
5738.10000 1546.57
5738.20000 1493.62
5738.30000 1540.78
5738.40000 1577.65
5738.50000 1586.46
5738.60000 1573.42
5738.70000 1576.23
5738.80000 1572.82
5738.90000 1580.86
5739.00000 1558.51
5739.10000 1576.72
5739.20000 1563.14
5739.30000 1569.17
5739.40000 1563.79
5739.50000 1571.05
5739.60000 1575.26
5739.70000 1569.45
5739.80000 1568.12
5739.90000 1574.52
5740.00000 1562.74
5740.10000 1562.91
5740.20000 1564.88
5740.30000 1582.49
5740.40000 1575.94
5740.50000 1570.78
5740.60000 1576.69
5740.70000 1547.97
5740.80000 1567.64
5740.90000 1577.26
5741.00000 1559.25
5741.10000 1558.90
5741.20000 1561.12
5741.30000 1569.97
5741.40000 1556.71
5741.50000 1575.02
5741.60000 1568.42
5741.70000 1563.59
5741.80000 1569.39
5741.90000 1555.54
5742.00000 1559.92
5742.10000 1557.66
5742.20000 1565.69
5742.30000 1569.80
5742.40000 1567.65
5742.50000 1570.09
5742.60000 1569.45
5742.70000 1538.88
5742.80000 1544.50
5742.90000 1563.69
5743.00000 1570.97
5743.10000 1563.68
5743.20000 1568.20
5743.30000 1565.20
5743.40000 1570.33
5743.50000 1567.85
5743.60000 1578.44
5743.70000 1571.35
5743.80000 1581.79
5743.90000 1552.50
5744.00000 1582.11
5744.10000 1571.99
5744.20000 1568.25
5744.30000 1570.14
5744.40000 1569.67
5744.50000 1568.70
5744.60000 1564.69
5744.70000 1563.85
5744.80000 1568.13
5744.90000 1576.14
5745.00000 1572.24
5745.10000 1570.42
5745.20000 1577.59
5745.30000 1567.64
5745.40000 1547.71
5745.50000 1543.22
5745.60000 1560.66
5745.70000 1563.57
5745.80000 1554.74
5745.90000 1575.64
5746.00000 1563.83
5746.10000 1562.56
5746.20000 1568.31
5746.30000 1525.85
5746.40000 1560.88
5746.50000 1557.93
5746.60000 1563.47
5746.70000 1569.81
5746.80000 1572.68
5746.90000 1561.97
5747.00000 1574.04
5747.10000 1563.74
5747.20000 1552.74
5747.30000 1564.65
5747.40000 1576.69
5747.50000 1577.10
5747.60000 1573.58
5747.70000 1579.25
5747.80000 1565.39
5747.90000 1576.48
5748.00000 1585.42
5748.10000 1572.51
5748.20000 1576.20
5748.30000 1578.67
5748.40000 1577.71
5748.50000 1584.84
5748.60000 1584.47
5748.70000 1584.10
5748.80000 1587.14
5748.90000 1582.22
5749.00000 1599.79
5749.10000 1585.32
5749.20000 1579.68
5749.30000 1598.62
5749.40000 1590.97
5749.50000 1581.45
5749.60000 1584.42
5749.70000 1578.65
5749.80000 1599.41
5749.90000 1583.50
5750.00000 1577.17
5750.10000 1587.40
5750.20000 1588.58
5750.30000 1590.92
5750.40000 1593.46
5750.50000 1593.90
5750.60000 1590.13
5750.70000 1589.81
5750.80000 1595.43
5750.90000 1595.08
5751.00000 1581.99
5751.10000 1594.98
5751.20000 1575.47
5751.30000 1599.24
5751.40000 1603.20
5751.50000 1599.42
5751.60000 1593.33
5751.70000 1594.60
5751.80000 1588.51
5751.90000 1601.66
5752.00000 1582.63
5752.10000 1586.22
5752.20000 1593.91
5752.30000 1584.28
5752.40000 1596.94
5752.50000 1589.60
5752.60000 1585.93
5752.70000 1584.24
5752.80000 1595.35
5752.90000 1593.36
5753.00000 1586.00
5753.10000 1591.19
5753.20000 1588.94
5753.30000 1589.07
5753.40000 1584.52
5753.50000 1558.33
5753.60000 1600.77
5753.70000 1589.44
5753.80000 1592.89
5753.90000 1596.38
5754.00000 1589.80
5754.10000 1591.30
5754.20000 1586.81
5754.30000 1594.80
5754.40000 1592.21
5754.50000 1610.42
5754.60000 1596.80
5754.70000 1581.74
5754.80000 1563.35
5754.90000 1589.67
5755.00000 1585.25
5755.10000 1576.69
5755.20000 1586.29
5755.30000 1585.88
5755.40000 1574.69
5755.50000 1604.60
5755.60000 1590.02
5755.70000 1591.50
5755.80000 1584.25
5755.90000 1595.88
5756.00000 1578.97
5756.10000 1585.90
5756.20000 1585.27
5756.30000 1585.74
5756.40000 1587.13
5756.50000 1581.83
5756.60000 1598.18
5756.70000 1604.31
5756.80000 1598.28
5756.90000 1599.39
5757.00000 1585.57
5757.10000 1593.54
5757.20000 1588.18
5757.30000 1600.33
5757.40000 1593.22
5757.50000 1584.58
5757.60000 1578.62
5757.70000 1584.90
5757.80000 1583.74
5757.90000 1598.29
5758.00000 1598.28
5758.10000 1607.92
5758.20000 1594.25
5758.30000 1592.82
5758.40000 1586.77
5758.50000 1585.59
5758.60000 1589.61
5758.70000 1586.67
5758.80000 1594.00
5758.90000 1574.61
5759.00000 1589.40
5759.10000 1589.83
5759.20000 1583.56
5759.30000 1574.42
5759.40000 1575.04
5759.50000 1572.37
5759.60000 1588.83
5759.70000 1569.82
5759.80000 1585.08
5759.90000 1596.23
5760.00000 1591.24
5760.10000 1582.19
5760.20000 1597.85
5760.30000 1596.44
5760.40000 1581.68
5760.50000 1571.83
5760.60000 1586.18
5760.70000 1574.97
5760.80000 1566.73
5760.90000 1565.51
5761.00000 1596.23
5761.10000 1569.86
5761.20000 1584.71
5761.30000 1583.09
5761.40000 1585.86
5761.50000 1572.12
5761.60000 1568.31
5761.70000 1585.24
5761.80000 1588.69
5761.90000 1583.71
5762.00000 1589.26
5762.10000 1568.01
5762.20000 1568.20
5762.30000 1578.61
5762.40000 1580.29
5762.50000 1587.71
5762.60000 1601.10
5762.70000 1580.59
5762.80000 1577.97
5762.90000 1583.27
5763.00000 1589.53
5763.10000 1551.06
5763.20000 1543.64
5763.30000 1559.49
5763.40000 1567.17
5763.50000 1571.85
5763.60000 1574.31
5763.70000 1589.53
5763.80000 1578.76
5763.90000 1564.29
5764.00000 1555.78
5764.10000 1582.19
5764.20000 1588.24
5764.30000 1586.74
5764.40000 1577.62
5764.50000 1579.04
5764.60000 1576.55
5764.70000 1592.79
5764.80000 1584.63
5764.90000 1586.38
5765.00000 1588.79
5765.10000 1554.98
5765.20000 1584.72
5765.30000 1592.22
5765.40000 1582.52
5765.50000 1586.14
5765.60000 1570.90
5765.70000 1571.58
5765.80000 1571.05
5765.90000 1570.06
5766.00000 1558.29
5766.10000 1572.43
5766.20000 1556.97
5766.30000 1566.46
5766.40000 1549.30
5766.50000 1538.92
5766.60000 1535.85
5766.70000 1534.65
5766.80000 1527.89
5766.90000 1555.03
5767.00000 1550.08
5767.10000 1551.35
5767.20000 1565.52
5767.30000 1574.84
5767.40000 1574.08
5767.50000 1564.08
5767.60000 1571.13
5767.70000 1554.83
5767.80000 1565.74
5767.90000 1570.28
5768.00000 1557.58
5768.10000 1578.23
5768.20000 1577.12
5768.30000 1584.94
5768.40000 1567.17
5768.50000 1573.05
5768.60000 1581.90
5768.70000 1578.59
5768.80000 1571.21
5768.90000 1570.38
5769.00000 1572.15
5769.10000 1569.04
5769.20000 1558.42
5769.30000 1562.92
5769.40000 1561.37
5769.50000 1550.86
5769.60000 1541.35
5769.70000 1580.50
5769.80000 1553.46
5769.90000 1560.35
5770.00000 1563.12
5770.10000 1560.71
5770.20000 1553.77
5770.30000 1560.63
5770.40000 1561.38
5770.50000 1548.45
5770.60000 1557.17
5770.70000 1559.37
5770.80000 1564.66
5770.90000 1560.13
5771.00000 1568.94
5771.10000 1562.88
5771.20000 1569.13
5771.30000 1565.16
5771.40000 1565.18
5771.50000 1577.73
5771.60000 1570.55
5771.70000 1556.71
5771.80000 1541.55
5771.90000 1543.47
5772.00000 1553.70
5772.10000 1531.00
5772.20000 1543.31
5772.30000 1562.68
5772.40000 1547.98
5772.50000 1558.84
5772.60000 1556.55
5772.70000 1540.33
5772.80000 1526.22
5772.90000 1545.54
5773.00000 1532.28
5773.10000 1528.40
5773.20000 1534.39
5773.30000 1570.77
5773.40000 1553.35
5773.50000 1536.42
5773.60000 1539.44
5773.70000 1517.12
5773.80000 1552.96
5773.90000 1549.90
5774.00000 1552.45
5774.10000 1539.64
5774.20000 1561.18
5774.30000 1551.00
5774.40000 1555.86
5774.50000 1547.33
5774.60000 1561.14
5774.70000 1565.91
5774.80000 1548.18
5774.90000 1558.06
5775.00000 1565.78
5775.10000 1553.43
5775.20000 1547.93
5775.30000 1553.93
5775.40000 1556.89
5775.50000 1565.81
5775.60000 1552.72
5775.70000 1542.59
5775.80000 1548.36
5775.90000 1533.02
5776.00000 1556.68
5776.10000 1546.90
5776.20000 1540.94
5776.30000 1536.29
5776.40000 1543.25
5776.50000 1534.33
5776.60000 1542.47
5776.70000 1543.15
5776.80000 1543.45
5776.90000 1542.95
5777.00000 1554.40
5777.10000 1542.11
5777.20000 1560.60
5777.30000 1543.90
5777.40000 1545.13
5777.50000 1551.98
5777.60000 1537.58
5777.70000 1554.86
5777.80000 1536.27
5777.90000 1547.44
5778.00000 1537.15
5778.10000 1559.58
5778.20000 1535.75
5778.30000 1544.95
5778.40000 1556.55
5778.50000 1545.22
5778.60000 1539.76
5778.70000 1545.80
5778.80000 1544.47
5778.90000 1541.75
5779.00000 1548.21
5779.10000 1532.53
5779.20000 1537.23
5779.30000 1528.50
5779.40000 1523.37
5779.50000 1511.83
5779.60000 1492.98
5779.70000 1466.40
5779.80000 1442.53
5779.90000 1434.89
5780.00000 1418.31
5780.10000 1407.40
5780.20000 1376.19
5780.30000 1360.71
5780.40000 1351.37
5780.50000 1335.13
5780.60000 1330.17
5780.70000 1313.16
5780.80000 1315.96
5780.90000 1294.91
5781.00000 1313.01
5781.10000 1328.39
5781.20000 1335.73
5781.30000 1337.04
5781.40000 1339.70
5781.50000 1366.96
5781.60000 1389.59
5781.70000 1391.68
5781.80000 1410.21
5781.90000 1423.71
5782.00000 1444.08
5782.10000 1457.91
5782.20000 1456.34
5782.30000 1472.65
5782.40000 1478.61
5782.50000 1504.65
5782.60000 1504.71
5782.70000 1503.71
5782.80000 1501.40
5782.90000 1513.96
5783.00000 1524.06
5783.10000 1519.83
5783.20000 1534.80
5783.30000 1522.43
5783.40000 1523.81
5783.50000 1533.20
5783.60000 1543.57
5783.70000 1546.75
5783.80000 1546.10
5783.90000 1554.90
5784.00000 1551.72
5784.10000 1551.80
5784.20000 1559.61
5784.30000 1559.13
5784.40000 1548.68
5784.50000 1557.43
5784.60000 1553.53
5784.70000 1527.92
5784.80000 1549.95
5784.90000 1537.28
5785.00000 1533.38
5785.10000 1543.44
5785.20000 1554.44
5785.30000 1539.96
5785.40000 1538.88
5785.50000 1577.03
5785.60000 1546.10
5785.70000 1550.36
5785.80000 1546.15
5785.90000 1543.15
5786.00000 1534.69
5786.10000 1541.52
5786.20000 1562.45
5786.30000 1572.32
5786.40000 1567.11
5786.50000 1551.25
5786.60000 1567.02
5786.70000 1543.12
5786.80000 1561.65
5786.90000 1567.95
5787.00000 1572.32
5787.10000 1562.64
5787.20000 1555.28
5787.30000 1546.29
5787.40000 1562.99
5787.50000 1563.27
5787.60000 1554.48
5787.70000 1546.88
5787.80000 1568.75
5787.90000 1555.39
5788.00000 1557.02
5788.10000 1566.06
5788.20000 1561.90
5788.30000 1553.55
5788.40000 1568.93
5788.50000 1568.12
5788.60000 1550.74
5788.70000 1550.59
5788.80000 1565.27
5788.90000 1572.94
5789.00000 1566.63
5789.10000 1547.63
5789.20000 1557.50
5789.30000 1558.93
5789.40000 1558.86
5789.50000 1574.87
5789.60000 1563.87
5789.70000 1565.60
5789.80000 1557.96
5789.90000 1574.18
5790.00000 1547.40
5790.10000 1556.59
5790.20000 1547.40
5790.30000 1576.67
5790.40000 1553.06
5790.50000 1581.71
5790.60000 1573.48
5790.70000 1568.87
5790.80000 1586.47
5790.90000 1575.44
5791.00000 1587.15
5791.10000 1590.80
5791.20000 1572.23
5791.30000 1589.24
5791.40000 1567.33
5791.50000 1577.12
5791.60000 1575.79
5791.70000 1592.03
5791.80000 1565.28
5791.90000 1574.67
5792.00000 1577.24
5792.10000 1586.43
5792.20000 1567.94
5792.30000 1577.80
5792.40000 1576.27
5792.50000 1584.34
5792.60000 1570.96
5792.70000 1581.84
5792.80000 1590.22
5792.90000 1573.11
5793.00000 1592.00
5793.10000 1576.39
5793.20000 1578.74
5793.30000 1569.38
5793.40000 1558.54
5793.50000 1563.66
5793.60000 1557.97
5793.70000 1565.02
5793.80000 1563.20
5793.90000 1557.58
5794.00000 1561.37
5794.10000 1573.01
5794.20000 1580.99
5794.30000 1564.80
5794.40000 1565.38
5794.50000 1573.42
5794.60000 1570.60
5794.70000 1572.49
5794.80000 1575.23
5794.90000 1572.04
5795.00000 1584.22
5795.10000 1573.82
5795.20000 1576.65
5795.30000 1566.19
5795.40000 1571.03
5795.50000 1569.63
5795.60000 1569.00
5795.70000 1569.73
5795.80000 1570.74
5795.90000 1555.39
5796.00000 1558.09
5796.10000 1576.83
5796.20000 1588.13
5796.30000 1590.15
5796.40000 1577.89
5796.50000 1568.27
5796.60000 1570.52
5796.70000 1584.21
5796.80000 1571.05
5796.90000 1569.17
5797.00000 1554.71
5797.10000 1520.70
5797.20000 1441.61
5797.30000 1370.63
5797.40000 1302.01
5797.50000 1294.84
5797.60000 1315.45
5797.70000 1310.85
5797.80000 1402.10
5797.90000 1444.05
5798.00000 1468.22
5798.10000 1476.04
5798.20000 1509.12
5798.30000 1535.71
5798.40000 1527.36
5798.50000 1536.64
5798.60000 1554.77
5798.70000 1585.33
5798.80000 1557.73
5798.90000 1581.89
5799.00000 1558.52
5799.10000 1571.02
5799.20000 1563.56
5799.30000 1599.39
5799.40000 1582.01
5799.50000 1588.22
5799.60000 1578.16
5799.70000 1591.30
5799.80000 1599.25
5799.90000 1574.18
5800.00000 1586.49
5800.10000 1580.84
5800.20000 1597.94
5800.30000 1585.46
5800.40000 1579.72
5800.50000 1588.98
5800.60000 1573.24
5800.70000 1580.06
5800.80000 1572.85
5800.90000 1588.13
5801.00000 1587.38
5801.10000 1589.08
5801.20000 1572.93
5801.30000 1573.32
5801.40000 1599.36
5801.50000 1567.63
5801.60000 1587.30
5801.70000 1594.81
5801.80000 1586.21
5801.90000 1578.60
5802.00000 1581.22
5802.10000 1574.55
5802.20000 1580.74
5802.30000 1596.67
5802.40000 1581.45
5802.50000 1584.99
5802.60000 1582.27
5802.70000 1582.13
5802.80000 1565.99
5802.90000 1587.64
5803.00000 1604.75
5803.10000 1590.00
5803.20000 1595.88
5803.30000 1585.71
5803.40000 1601.89
5803.50000 1585.82
5803.60000 1575.13
5803.70000 1591.80
5803.80000 1585.24
5803.90000 1572.47
5804.00000 1598.93
5804.10000 1584.88
5804.20000 1598.78
5804.30000 1578.69
5804.40000 1603.71
5804.50000 1586.34
5804.60000 1578.25
5804.70000 1582.82
5804.80000 1609.34
5804.90000 1590.27
5805.00000 1600.37
5805.10000 1596.86
5805.20000 1574.18
5805.30000 1592.72
5805.40000 1596.88
5805.50000 1593.21
5805.60000 1599.33
5805.70000 1590.64
5805.80000 1592.11
5805.90000 1573.29
5806.00000 1601.01
5806.10000 1587.78
5806.20000 1575.94
5806.30000 1587.21
5806.40000 1577.36
5806.50000 1587.14
5806.60000 1586.46
5806.70000 1589.71
5806.80000 1584.88
5806.90000 1566.77
5807.00000 1581.23
5807.10000 1574.98
5807.20000 1586.36
5807.30000 1584.01
5807.40000 1580.88
5807.50000 1598.89
5807.60000 1596.11
5807.70000 1584.49
5807.80000 1599.04
5807.90000 1596.32
5808.00000 1582.83
5808.10000 1589.21
5808.20000 1598.67
5808.30000 1577.83
5808.40000 1585.57
5808.50000 1587.05
5808.60000 1594.49
5808.70000 1573.05
5808.80000 1582.44
5808.90000 1593.38
5809.00000 1580.81
5809.10000 1568.41
5809.20000 1586.13
5809.30000 1587.95
5809.40000 1580.35
5809.50000 1563.07
5809.60000 1571.34
5809.70000 1580.53
5809.80000 1576.85
5809.90000 1569.05
5810.00000 1581.13
5810.10000 1570.39
5810.20000 1575.86
5810.30000 1583.60
5810.40000 1590.18
5810.50000 1587.27
5810.60000 1596.59
5810.70000 1600.49
5810.80000 1586.89
5810.90000 1591.35
5811.00000 1609.92
5811.10000 1599.63
5811.20000 1589.48
5811.30000 1606.38
5811.40000 1609.62
5811.50000 1582.31
5811.60000 1603.40
5811.70000 1596.81
5811.80000 1588.40
5811.90000 1600.08
5812.00000 1592.87
5812.10000 1588.92
5812.20000 1582.79
5812.30000 1587.05
5812.40000 1600.47
5812.50000 1598.51
5812.60000 1581.89
5812.70000 1591.41
5812.80000 1584.92
5812.90000 1595.84
5813.00000 1581.02
5813.10000 1574.22
5813.20000 1597.75
5813.30000 1592.14
5813.40000 1595.72
5813.50000 1596.56
5813.60000 1602.20
5813.70000 1589.01
5813.80000 1591.37
5813.90000 1578.16
5814.00000 1570.42
5814.10000 1596.53
5814.20000 1588.90
5814.30000 1587.69
5814.40000 1603.91
5814.50000 1586.32
5814.60000 1603.46
5814.70000 1595.78
5814.80000 1576.40
5814.90000 1591.39
5815.00000 1581.85
5815.10000 1582.71
5815.20000 1594.86
5815.30000 1587.49
5815.40000 1595.64
5815.50000 1591.39
5815.60000 1586.94
5815.70000 1596.12
5815.80000 1609.19
5815.90000 1602.02
5816.00000 1594.65
5816.10000 1583.81
5816.20000 1592.69
5816.30000 1593.81
5816.40000 1583.61
5816.50000 1595.05
5816.60000 1579.06
5816.70000 1601.68
5816.80000 1591.75
5816.90000 1613.30
5817.00000 1596.38
5817.10000 1613.64
5817.20000 1609.05
5817.30000 1604.94
5817.40000 1586.33
5817.50000 1596.58
5817.60000 1613.00
5817.70000 1605.03
5817.80000 1594.18
5817.90000 1592.07
5818.00000 1602.51
5818.10000 1592.47
5818.20000 1592.09
5818.30000 1595.05
5818.40000 1598.84
5818.50000 1609.30
5818.60000 1588.66
5818.70000 1604.38
5818.80000 1585.07
5818.90000 1589.56
5819.00000 1572.73
5819.10000 1577.40
5819.20000 1578.33
5819.30000 1578.60
5819.40000 1581.10
5819.50000 1582.84
5819.60000 1581.47
5819.70000 1604.33
5819.80000 1610.71
5819.90000 1601.36
5820.00000 1598.86
5820.10000 1617.34
5820.20000 1591.03
5820.30000 1602.86
5820.40000 1581.50
5820.50000 1597.15
5820.60000 1592.68
5820.70000 1601.97
5820.80000 1597.82
5820.90000 1589.52
5821.00000 1601.76
5821.10000 1592.84
5821.20000 1593.32
5821.30000 1593.70
5821.40000 1597.63
5821.50000 1590.78
5821.60000 1606.89
5821.70000 1586.05
5821.80000 1592.95
5821.90000 1604.27
5822.00000 1585.28
5822.10000 1593.40
5822.20000 1613.55
5822.30000 1601.24
5822.40000 1597.34
5822.50000 1606.22
5822.60000 1612.60
5822.70000 1596.50
5822.80000 1591.10
5822.90000 1593.60
5823.00000 1598.91
5823.10000 1585.64
5823.20000 1602.57
5823.30000 1581.47
5823.40000 1593.90
5823.50000 1604.07
5823.60000 1604.54
5823.70000 1594.07
5823.80000 1599.50
5823.90000 1593.67
5824.00000 1602.26
5824.10000 1594.07
5824.20000 1601.33
5824.30000 1602.83
5824.40000 1595.53
5824.50000 1603.47
5824.60000 1598.70
5824.70000 1600.82
5824.80000 1600.11
5824.90000 1601.50
5825.00000 1613.08
5825.10000 1609.63
5825.20000 1590.42
5825.30000 1591.16
5825.40000 1586.26
5825.50000 1604.03
5825.60000 1610.18
5825.70000 1593.15
5825.80000 1587.74
5825.90000 1589.48
5826.00000 1598.46
5826.10000 1595.77
5826.20000 1580.51
5826.30000 1598.52
5826.40000 1601.95
5826.50000 1587.92
5826.60000 1593.02
5826.70000 1583.16
5826.80000 1588.27
5826.90000 1598.55
5827.00000 1585.27
5827.10000 1595.64
5827.20000 1597.78
5827.30000 1591.98
5827.40000 1592.91
5827.50000 1594.47
5827.60000 1591.54
5827.70000 1595.71
5827.80000 1588.60
5827.90000 1588.10
5828.00000 1595.59
5828.10000 1601.45
5828.20000 1578.56
5828.30000 1585.23
5828.40000 1588.41
5828.50000 1582.86
5828.60000 1587.81
5828.70000 1572.45
5828.80000 1578.78
5828.90000 1569.17
5829.00000 1569.11
5829.10000 1566.16
5829.20000 1582.73
5829.30000 1567.21
5829.40000 1593.51
5829.50000 1573.16
5829.60000 1588.03
5829.70000 1589.79
5829.80000 1602.57
5829.90000 1592.17
5830.00000 1580.18
5830.10000 1593.09
5830.20000 1597.76
5830.30000 1599.31
5830.40000 1587.30
5830.50000 1601.58
5830.60000 1579.89
5830.70000 1593.37
5830.80000 1593.10
5830.90000 1597.77
5831.00000 1587.34
5831.10000 1592.76
5831.20000 1594.70
5831.30000 1585.61
5831.40000 1592.20
5831.50000 1593.61
5831.60000 1593.90
5831.70000 1583.83
5831.80000 1593.43
5831.90000 1598.74
5832.00000 1587.38
5832.10000 1581.37
5832.20000 1600.50
5832.30000 1592.37
5832.40000 1604.12
5832.50000 1587.28
5832.60000 1589.07
5832.70000 1589.57
5832.80000 1585.71
5832.90000 1586.90
5833.00000 1602.88
5833.10000 1590.37
5833.20000 1600.36
5833.30000 1587.67
5833.40000 1588.57
5833.50000 1584.04
5833.60000 1595.67
5833.70000 1589.84
5833.80000 1593.34
5833.90000 1593.86
5834.00000 1594.75
5834.10000 1595.17
5834.20000 1600.63
5834.30000 1583.65
5834.40000 1603.70
5834.50000 1596.90
5834.60000 1585.07
5834.70000 1588.35
5834.80000 1603.24
5834.90000 1573.71
5835.00000 1583.67
5835.10000 1590.99
5835.20000 1594.60
5835.30000 1580.83
5835.40000 1579.38
5835.50000 1589.23
5835.60000 1561.87
5835.70000 1589.35
5835.80000 1576.43
5835.90000 1580.13
5836.00000 1592.68
5836.10000 1583.05
5836.20000 1589.46
5836.30000 1595.30
5836.40000 1598.62
5836.50000 1582.59
5836.60000 1584.86
5836.70000 1605.69
5836.80000 1582.34
5836.90000 1597.28
5837.00000 1602.40
5837.10000 1577.95
5837.20000 1588.60
5837.30000 1586.08
5837.40000 1590.79
5837.50000 1587.23
5837.60000 1591.29
5837.70000 1594.77
5837.80000 1587.36
5837.90000 1576.72
5838.00000 1579.08
5838.10000 1593.91
5838.20000 1584.08
5838.30000 1583.43
5838.40000 1592.76
5838.50000 1590.73
5838.60000 1600.02
5838.70000 1579.01
5838.80000 1600.30
5838.90000 1588.16
5839.00000 1574.16
5839.10000 1581.36
5839.20000 1577.25
5839.30000 1581.23
5839.40000 1587.84
5839.50000 1592.73
5839.60000 1598.17
5839.70000 1584.81
5839.80000 1588.82
5839.90000 1580.26
5840.00000 1585.47
5840.10000 1579.21
5840.20000 1586.90
5840.30000 1596.26
5840.40000 1584.68
5840.50000 1594.56
5840.60000 1580.33
5840.70000 1584.84
5840.80000 1580.93
5840.90000 1576.41
5841.00000 1585.67
5841.10000 1567.36
5841.20000 1564.56
5841.30000 1574.02
5841.40000 1573.39
5841.50000 1593.02
5841.60000 1584.65
5841.70000 1577.73
5841.80000 1589.80
5841.90000 1576.41
5842.00000 1598.12
5842.10000 1589.40
5842.20000 1589.02
5842.30000 1578.42
5842.40000 1583.66
5842.50000 1559.95
5842.60000 1590.88
5842.70000 1579.89
5842.80000 1575.81
5842.90000 1571.71
5843.00000 1574.96
5843.10000 1564.85
5843.20000 1582.77
5843.30000 1593.26
5843.40000 1573.53
5843.50000 1594.28
5843.60000 1580.08
5843.70000 1577.11
5843.80000 1574.08
5843.90000 1590.36
5844.00000 1571.32
5844.10000 1582.16
5844.20000 1585.65
5844.30000 1580.02
5844.40000 1589.88
5844.50000 1585.67
5844.60000 1585.49
5844.70000 1573.77
5844.80000 1577.89
5844.90000 1572.91
5845.00000 1571.50
5845.10000 1570.09
5845.20000 1579.43
5845.30000 1583.87
5845.40000 1547.50
5845.50000 1567.89
5845.60000 1574.06
5845.70000 1578.52
5845.80000 1589.25
5845.90000 1576.94
5846.00000 1564.20
5846.10000 1574.31
5846.20000 1575.59
5846.30000 1584.45
5846.40000 1578.08
5846.50000 1594.49
5846.60000 1580.09
5846.70000 1586.44
5846.80000 1586.80
5846.90000 1592.64
5847.00000 1579.58
5847.10000 1593.51
5847.20000 1580.89
5847.30000 1588.88
5847.40000 1587.97
5847.50000 1588.73
5847.60000 1592.29
5847.70000 1592.79
5847.80000 1591.39
5847.90000 1587.85
5848.00000 1603.70
5848.10000 1586.11
5848.20000 1604.15
5848.30000 1578.75
5848.40000 1593.57
5848.50000 1602.15
5848.60000 1611.42
5848.70000 1596.66
5848.80000 1600.93
5848.90000 1583.36
5849.00000 1590.36
5849.10000 1587.73
5849.20000 1572.65
5849.30000 1580.24
5849.40000 1586.89
5849.50000 1576.23
5849.60000 1581.59
5849.70000 1578.71
5849.80000 1553.47
5849.90000 1522.83
5850.00000 1504.50
5850.10000 1493.16
5850.20000 1484.19
5850.30000 1463.15
5850.40000 1458.17
5850.50000 1478.39
5850.60000 1479.36
5850.70000 1495.84
5850.80000 1525.21
5850.90000 1558.55
5851.00000 1574.70
5851.10000 1586.93
5851.20000 1563.68
5851.30000 1566.99
5851.40000 1566.18
5851.50000 1570.37
5851.60000 1580.73
5851.70000 1590.43
5851.80000 1571.26
5851.90000 1579.28
5852.00000 1587.04
5852.10000 1595.95
5852.20000 1581.21
5852.30000 1592.70
5852.40000 1583.80
5852.50000 1577.35
5852.60000 1592.41
5852.70000 1588.93
5852.80000 1576.91
5852.90000 1589.17
5853.00000 1593.12
5853.10000 1596.95
5853.20000 1583.03
5853.30000 1590.25
5853.40000 1582.63
5853.50000 1578.87
5853.60000 1583.02
5853.70000 1581.74
5853.80000 1571.66
5853.90000 1588.02
5854.00000 1596.82
5854.10000 1592.24
5854.20000 1590.87
5854.30000 1591.86
5854.40000 1589.94
5854.50000 1593.37
5854.60000 1593.76
5854.70000 1590.47
5854.80000 1585.39
5854.90000 1601.12
5855.00000 1579.62
5855.10000 1578.74
5855.20000 1565.53
5855.30000 1578.75
5855.40000 1571.50
5855.50000 1601.67
5855.60000 1597.77
5855.70000 1587.52
5855.80000 1585.85
5855.90000 1593.51
5856.00000 1588.91
5856.10000 1582.61
5856.20000 1576.42
5856.30000 1590.77
5856.40000 1591.59
5856.50000 1593.19
5856.60000 1596.39
5856.70000 1605.69
5856.80000 1579.89
5856.90000 1585.16
5857.00000 1587.17
5857.10000 1583.67
5857.20000 1598.25
5857.30000 1583.78
5857.40000 1599.05
5857.50000 1589.51
5857.60000 1589.37
5857.70000 1577.18
5857.80000 1584.78
5857.90000 1584.16
5858.00000 1585.86
5858.10000 1581.14
5858.20000 1575.49
5858.30000 1595.73
5858.40000 1584.38
5858.50000 1592.20
5858.60000 1587.61
5858.70000 1579.34
5858.80000 1586.56
5858.90000 1593.92
5859.00000 1591.34
5859.10000 1591.27
5859.20000 1604.81
5859.30000 1594.01
5859.40000 1578.95
5859.50000 1574.09
5859.60000 1576.82
5859.70000 1588.43
5859.80000 1596.03
5859.90000 1594.40
5860.00000 1594.01
5860.10000 1580.79
5860.20000 1545.92
5860.30000 1585.31
5860.40000 1594.11
5860.50000 1588.41
5860.60000 1600.09
5860.70000 1598.59
5860.80000 1604.10
5860.90000 1598.64
5861.00000 1596.15
5861.10000 1594.85
5861.20000 1582.70
5861.30000 1580.78
5861.40000 1579.27
5861.50000 1586.00
5861.60000 1584.53
5861.70000 1571.32
5861.80000 1592.26
5861.90000 1583.83
5862.00000 1587.52
5862.10000 1572.12
5862.20000 1569.05
5862.30000 1582.55
5862.40000 1601.28
5862.50000 1596.58
5862.60000 1583.56
5862.70000 1583.06
5862.80000 1578.89
5862.90000 1574.13
5863.00000 1579.88
5863.10000 1582.94
5863.20000 1589.61
5863.30000 1589.02
5863.40000 1588.12
5863.50000 1570.51
5863.60000 1570.79
5863.70000 1583.63
5863.80000 1590.55
5863.90000 1583.35
5864.00000 1571.54
5864.10000 1589.68
5864.20000 1593.93
5864.30000 1576.69
5864.40000 1589.52
5864.50000 1598.23
5864.60000 1591.38
5864.70000 1578.32
5864.80000 1592.35
5864.90000 1579.07
5865.00000 1569.09
5865.10000 1581.12
5865.20000 1576.90
5865.30000 1579.62
5865.40000 1582.41
5865.50000 1572.75
5865.60000 1591.76
5865.70000 1590.18
5865.80000 1574.06
5865.90000 1574.41
5866.00000 1587.76
5866.10000 1588.33
5866.20000 1567.47
5866.30000 1581.61
5866.40000 1585.16
5866.50000 1579.02
5866.60000 1577.23
5866.70000 1579.54
5866.80000 1587.22
5866.90000 1594.65
5867.00000 1584.71
5867.10000 1585.08
5867.20000 1594.04
5867.30000 1586.00
5867.40000 1580.26
5867.50000 1585.42
5867.60000 1588.07
5867.70000 1573.41
5867.80000 1601.08
5867.90000 1588.06
5868.00000 1580.54
5868.10000 1557.06
5868.20000 1564.52
5868.30000 1582.99
5868.40000 1570.44
5868.50000 1584.91
5868.60000 1575.77
5868.70000 1560.76
5868.80000 1565.45
5868.90000 1562.60
5869.00000 1563.61
5869.10000 1557.88
5869.20000 1557.96
5869.30000 1544.61
5869.40000 1558.32
5869.50000 1556.48
5869.60000 1577.49
5869.70000 1567.24
5869.80000 1548.94
5869.90000 1556.71
5870.00000 1565.52
5870.10000 1560.52
5870.20000 1556.97
5870.30000 1557.51
5870.40000 1554.24
5870.50000 1576.06
5870.60000 1573.51
5870.70000 1573.52
5870.80000 1571.51
5870.90000 1555.29
5871.00000 1563.96
5871.10000 1537.83
5871.20000 1500.94
5871.30000 1539.08
5871.40000 1575.96
5871.50000 1558.59
5871.60000 1566.07
5871.70000 1554.10
5871.80000 1536.43
5871.90000 1555.72
5872.00000 1585.14
5872.10000 1572.99
5872.20000 1580.57
5872.30000 1591.93
5872.40000 1593.44
5872.50000 1598.06
5872.60000 1599.88
5872.70000 1610.67
5872.80000 1595.80
5872.90000 1627.47
5873.00000 1624.43
5873.10000 1640.17
5873.20000 1644.43
5873.30000 1632.04
5873.40000 1658.37
5873.50000 1649.67
5873.60000 1657.81
5873.70000 1675.05
5873.80000 1664.63
5873.90000 1664.27
5874.00000 1670.37
5874.10000 1655.37
5874.20000 1667.57
5874.30000 1666.48
5874.40000 1678.82
5874.50000 1652.58
5874.60000 1658.98
5874.70000 1652.90
5874.80000 1667.89
5874.90000 1670.47
5875.00000 1652.98
5875.10000 1639.69
5875.20000 1632.45
5875.30000 1619.58
5875.40000 1625.22
5875.50000 1614.57
5875.60000 1611.36
5875.70000 1598.50
5875.80000 1590.11
5875.90000 1586.32
5876.00000 1560.12
5876.10000 1542.42
5876.20000 1562.02
5876.30000 1575.51
5876.40000 1578.84
5876.50000 1580.09
5876.60000 1551.14
5876.70000 1521.37
5876.80000 1578.76
5876.90000 1548.67
5877.00000 1534.10
5877.10000 1583.13
5877.20000 1612.80
5877.30000 1617.18
5877.40000 1607.64
5877.50000 1626.01
5877.60000 1632.27
5877.70000 1652.72
5877.80000 1642.65
5877.90000 1622.97
5878.00000 1652.01
5878.10000 1661.95
5878.20000 1723.43
5878.30000 1688.59
5878.40000 1691.28
5878.50000 1688.85
5878.60000 1685.15
5878.70000 1697.62
5878.80000 1688.76
5878.90000 1674.30
5879.00000 1674.25
5879.10000 1664.83
5879.20000 1655.70
5879.30000 1670.87
5879.40000 1671.68
5879.50000 1656.91
5879.60000 1650.82
5879.70000 1617.65
5879.80000 1625.39
5879.90000 1644.57
5880.00000 1623.65
5880.10000 1584.31
5880.20000 1547.52
5880.30000 1545.20
5880.40000 1616.97
5880.50000 1602.87
5880.60000 1619.64
5880.70000 1610.97
5880.80000 1607.61
5880.90000 1608.25
5881.00000 1597.85
5881.10000 1576.60
5881.20000 1571.01
5881.30000 1543.05
5881.40000 1556.63
5881.50000 1504.64
5881.60000 1539.96
5881.70000 1552.72
5881.80000 1586.23
5881.90000 1588.57
5882.00000 1590.87
5882.10000 1583.03
5882.20000 1565.25
5882.30000 1560.00
5882.40000 1519.64
5882.50000 1509.32
5882.60000 1552.47
5882.70000 1568.36
5882.80000 1577.60
5882.90000 1560.92
5883.00000 1538.98
5883.10000 1557.27
5883.20000 1579.00
5883.30000 1545.23
5883.40000 1512.72
5883.50000 1542.67
5883.60000 1533.02
5883.70000 1569.95
5883.80000 1573.30
5883.90000 1591.44
5884.00000 1583.93
5884.10000 1595.15
5884.20000 1573.74
5884.30000 1562.20
5884.40000 1481.41
5884.50000 1448.39
5884.60000 1587.03
5884.70000 1581.06
5884.80000 1560.04
5884.90000 1600.20
5885.00000 1613.38
5885.10000 1597.16
5885.20000 1594.89
5885.30000 1604.88
5885.40000 1596.40
5885.50000 1611.34
5885.60000 1615.44
5885.70000 1604.57
5885.80000 1605.53
5885.90000 1605.71
5886.00000 1592.51
5886.10000 1558.51
5886.20000 1558.11
5886.30000 1592.53
5886.40000 1584.81
5886.50000 1380.58
5886.60000 1469.50
5886.70000 1598.86
5886.80000 1600.79
5886.90000 1511.68
5887.00000 1560.33
5887.10000 1612.09
5887.20000 1579.45
5887.30000 1580.01
5887.40000 1618.02
5887.50000 1633.63
5887.60000 1627.74
5887.70000 1553.19
5887.80000 1414.17
5887.90000 1599.41
5888.00000 1639.24
5888.10000 1598.88
5888.20000 1473.15
5888.30000 1582.47
5888.40000 1616.23
5888.50000 1639.87
5888.60000 1653.12
5888.70000 1651.51
5888.80000 1661.21
5888.90000 1650.83
5889.00000 1652.52
5889.10000 1641.03
5889.20000 1578.49
5889.30000 1539.79
5889.40000 1604.31
5889.50000 1531.71
5889.60000 1513.52
5889.70000 1190.74
5889.80000 939.31
5889.90000 1153.22
5890.00000 751.33
5890.10000 934.13
5890.20000 642.33
5890.30000 48.19
5890.40000 7.77
5890.50000 35.95
5890.60000 438.50
5890.70000 879.60
5890.80000 797.84
5890.90000 1247.62
5891.00000 1409.12
5891.10000 1513.27
5891.20000 1572.22
5891.30000 1558.23
5891.40000 1604.34
5891.50000 1612.20
5891.60000 1618.61
5891.70000 1573.42
5891.80000 1624.42
5891.90000 1647.09
5892.00000 1592.10
5892.10000 1542.14
5892.20000 1392.27
5892.30000 1552.73
5892.40000 1639.41
5892.50000 1627.98
5892.60000 1657.06
5892.70000 1652.44
5892.80000 1638.49
5892.90000 1548.97
5893.00000 1519.88
5893.10000 1654.49
5893.20000 1651.62
5893.30000 1674.67
5893.40000 1660.19
5893.50000 1616.51
5893.60000 1553.89
5893.70000 1646.96
5893.80000 1651.72
5893.90000 1637.34
5894.00000 1606.42
5894.10000 1553.02
5894.20000 1662.46
5894.30000 1653.78
5894.40000 1658.79
5894.50000 1660.79
5894.60000 1653.67
5894.70000 1643.98
5894.80000 1662.59
5894.90000 1612.71
5895.00000 1594.74
5895.10000 1631.28
5895.20000 1641.38
5895.30000 1624.78
5895.40000 1601.17
5895.50000 1477.11
5895.60000 1536.28
5895.70000 1263.85
5895.80000 1247.90
5895.90000 1273.16
5896.00000 1062.90
5896.10000 1282.77
5896.20000 739.69
5896.30000 66.83
5896.40000 9.36
5896.50000 62.63
5896.60000 913.36
5896.70000 1129.78
5896.80000 1168.64
5896.90000 1419.48
5897.00000 1415.58
5897.10000 1502.08
5897.20000 1579.58
5897.30000 1574.32
5897.40000 1476.33
5897.50000 1595.54
5897.60000 1614.76
5897.70000 1607.66
5897.80000 1635.56
5897.90000 1609.37
5898.00000 1559.34
5898.10000 1565.78
5898.20000 1608.67
5898.30000 1610.43
5898.40000 1601.71
5898.50000 1597.47
5898.60000 1601.11
5898.70000 1377.63
5898.80000 1534.70
5898.90000 1601.14
5899.00000 1608.04
5899.10000 1622.08
5899.20000 1640.05
5899.30000 1621.02
5899.40000 1615.58
5899.50000 1550.82
5899.60000 1521.72
5899.70000 1624.24
5899.80000 1599.05
5899.90000 1627.13
5900.00000 1612.87
5900.10000 1625.83
5900.20000 1623.25
5900.30000 1605.45
5900.40000 1545.06
5900.50000 1398.70
5900.60000 1298.15
5900.70000 1536.07
5900.80000 1586.98
5900.90000 1592.74
5901.00000 1567.08
5901.10000 1591.26
5901.20000 1585.85
5901.30000 1603.62
5901.40000 1610.83
5901.50000 1572.88
5901.60000 1592.52
5901.70000 1585.98
5901.80000 1538.39
5901.90000 1536.76
5902.00000 1274.11
5902.10000 1435.29
5902.20000 1582.63
5902.30000 1597.53
5902.40000 1596.83
5902.50000 1615.41
5902.60000 1550.69
5902.70000 1501.52
5902.80000 1566.51
5902.90000 1595.50
5903.00000 1596.74
5903.10000 1589.29
5903.20000 1608.05
5903.30000 1597.94
5903.40000 1603.33
5903.50000 1608.23
5903.60000 1604.07
5903.70000 1609.35
5903.80000 1625.53
5903.90000 1600.22
5904.00000 1605.28
5904.10000 1517.64
5904.20000 1578.38
5904.30000 1561.34
5904.40000 1550.93
5904.50000 1568.10
5904.60000 1607.20
5904.70000 1597.35
5904.80000 1602.43
5904.90000 1600.45
5905.00000 1587.03
5905.10000 1593.35
5905.20000 1602.85
5905.30000 1604.46
5905.40000 1607.94
5905.50000 1631.24
5905.60000 1592.35
5905.70000 1586.99
5905.80000 1568.53
5905.90000 1541.53
5906.00000 1573.76
5906.10000 1601.81
5906.20000 1608.75
5906.30000 1625.79
5906.40000 1625.03
5906.50000 1606.08
5906.60000 1603.22
5906.70000 1609.45
5906.80000 1601.14
5906.90000 1615.55
5907.00000 1613.34
5907.10000 1615.03
5907.20000 1606.34
5907.30000 1614.91
5907.40000 1616.80
5907.50000 1601.72
5907.60000 1578.07
5907.70000 1611.53
5907.80000 1554.38
5907.90000 1562.42
5908.00000 1567.12
5908.10000 1592.02
5908.20000 1596.91
5908.30000 1568.74
5908.40000 1513.10
5908.50000 1593.21
5908.60000 1600.88
5908.70000 1558.47
5908.80000 1520.45
5908.90000 1596.49
5909.00000 1596.16
5909.10000 1589.27
5909.20000 1602.10
5909.30000 1596.96
5909.40000 1595.65
5909.50000 1507.74
5909.60000 1458.10
5909.70000 1597.07
5909.80000 1604.33
5909.90000 1602.30
5910.00000 1579.61
5910.10000 1615.71
5910.20000 1606.94
5910.30000 1604.28
5910.40000 1594.91
5910.50000 1583.12
5910.60000 1577.17
5910.70000 1531.16
5910.80000 1492.50
5910.90000 1539.91
5911.00000 1538.92
5911.10000 1532.57
5911.20000 1520.73
5911.30000 1439.89
5911.40000 1517.29
5911.50000 1571.62
5911.60000 1594.40
5911.70000 1611.05
5911.80000 1618.19
5911.90000 1617.06
5912.00000 1609.22
5912.10000 1615.32
5912.20000 1617.73
5912.30000 1608.16
5912.40000 1601.17
5912.50000 1599.35
5912.60000 1583.55
5912.70000 1616.72
5912.80000 1628.47
5912.90000 1626.47
5913.00000 1608.17
5913.10000 1585.52
5913.20000 1562.90
5913.30000 1569.63
5913.40000 1606.49
5913.50000 1509.04
5913.60000 1499.24
5913.70000 1600.59
5913.80000 1620.74
5913.90000 1612.24
5914.00000 1619.72
5914.10000 1611.44
5914.20000 1613.87
5914.30000 1596.32
5914.40000 1602.59
5914.50000 1614.53
5914.60000 1609.56
5914.70000 1540.89
5914.80000 1516.03
5914.90000 1599.30
5915.00000 1608.54
5915.10000 1603.11
5915.20000 1605.98
5915.30000 1606.65
5915.40000 1572.07
5915.50000 1505.87
5915.60000 1599.66
5915.70000 1601.56
5915.80000 1621.84
5915.90000 1574.05
5916.00000 1502.69
5916.10000 1558.66
5916.20000 1522.09
5916.30000 1599.66
5916.40000 1596.46
5916.50000 1596.50
5916.60000 1578.44
5916.70000 1615.22
5916.80000 1608.81
5916.90000 1610.58
5917.00000 1597.71
5917.10000 1566.05
5917.20000 1582.14
5917.30000 1583.69
5917.40000 1594.22
5917.50000 1590.41
5917.60000 1592.64
5917.70000 1598.80
5917.80000 1609.22
5917.90000 1568.46
5918.00000 1574.40
5918.10000 1613.59
5918.20000 1626.21
5918.30000 1629.38
5918.40000 1604.76
5918.50000 1590.21
5918.60000 1580.28
5918.70000 1606.72
5918.80000 1594.44
5918.90000 1498.58
5919.00000 1340.19
5919.10000 1546.16
5919.20000 1587.38
5919.30000 1594.53
5919.40000 1603.23
5919.50000 1519.36
5919.60000 1297.54
5919.70000 1475.68
5919.80000 1583.57
5919.90000 1597.20
5920.00000 1596.31
5920.10000 1508.16
5920.20000 1225.31
5920.30000 1496.34
5920.40000 1569.08
5920.50000 1593.82
5920.60000 1598.58
5920.70000 1585.32
5920.80000 1614.86
5920.90000 1603.03
5921.00000 1595.17
5921.10000 1486.79
5921.20000 1552.09
5921.30000 1594.63
5921.40000 1610.13
5921.50000 1605.42
5921.60000 1596.22
5921.70000 1598.34
5921.80000 1604.55
5921.90000 1613.37
5922.00000 1612.69
5922.10000 1597.30
5922.20000 1567.73
5922.30000 1592.55
5922.40000 1611.42
5922.50000 1606.50
5922.60000 1593.47
5922.70000 1582.89
5922.80000 1570.39
5922.90000 1532.97
5923.00000 1501.73
5923.10000 1446.38
5923.20000 1560.86
5923.30000 1551.77
5923.40000 1611.67
5923.50000 1588.95
5923.60000 1577.46
5923.70000 1554.21
5923.80000 1540.85
5923.90000 1549.94
5924.00000 1556.70
5924.10000 1538.07
5924.20000 1413.84
5924.30000 1447.84
5924.40000 1391.07
5924.50000 1547.70
5924.60000 1579.90
5924.70000 1549.09
5924.80000 1386.39
5924.90000 1457.49
5925.00000 1573.81
5925.10000 1579.76
5925.20000 1579.15
5925.30000 1579.85
5925.40000 1580.94
5925.50000 1491.84
5925.60000 1466.00
5925.70000 1588.18
5925.80000 1596.76
5925.90000 1579.80
5926.00000 1599.75
5926.10000 1588.59
5926.20000 1586.18
5926.30000 1588.23
5926.40000 1588.48
5926.50000 1579.14
5926.60000 1584.01
5926.70000 1586.29
5926.80000 1600.96
5926.90000 1604.36
5927.00000 1606.19
5927.10000 1599.65
5927.20000 1589.00
5927.30000 1601.18
5927.40000 1608.90
5927.50000 1619.05
5927.60000 1602.38
5927.70000 1591.73
5927.80000 1606.59
5927.90000 1613.16
5928.00000 1602.30
5928.10000 1595.71
5928.20000 1600.71
5928.30000 1594.32
5928.40000 1601.35
5928.50000 1594.96
5928.60000 1601.79
5928.70000 1583.15
5928.80000 1482.81
5928.90000 1477.13
5929.00000 1598.04
5929.10000 1583.00
5929.20000 1589.21
5929.30000 1580.86
5929.40000 1560.74
5929.50000 1581.14
5929.60000 1571.77
5929.70000 1580.41
5929.80000 1595.22
5929.90000 1595.22
5930.00000 1580.64
5930.10000 1605.34
5930.20000 1607.36
5930.30000 1592.03
5930.40000 1598.78
5930.50000 1600.70
5930.60000 1602.89
5930.70000 1612.35
5930.80000 1606.00
5930.90000 1597.42
5931.00000 1603.90
5931.10000 1567.20
5931.20000 1560.51
5931.30000 1579.35
5931.40000 1602.42
5931.50000 1588.35
5931.60000 1574.85
5931.70000 1589.45
5931.80000 1607.37
5931.90000 1600.88
5932.00000 1602.48
5932.10000 1603.05
5932.20000 1598.84
5932.30000 1594.09
5932.40000 1611.22
5932.50000 1593.13
5932.60000 1427.21
5932.70000 1400.01
5932.80000 1577.71
5932.90000 1591.14
5933.00000 1606.20
5933.10000 1596.08
5933.20000 1576.12
5933.30000 1478.14
5933.40000 1484.07
5933.50000 1574.46
5933.60000 1596.27
5933.70000 1610.62
5933.80000 1608.07
5933.90000 1601.50
5934.00000 1604.49
5934.10000 1605.00
5934.20000 1598.77
5934.30000 1596.80
5934.40000 1597.90
5934.50000 1579.01
5934.60000 1580.23
5934.70000 1570.21
5934.80000 1598.40
5934.90000 1603.20
5935.00000 1601.78
5935.10000 1600.01
5935.20000 1586.12
5935.30000 1594.71
5935.40000 1598.53
5935.50000 1608.64
5935.60000 1611.74
5935.70000 1592.14
5935.80000 1578.56
5935.90000 1603.25
5936.00000 1597.13
5936.10000 1593.21
5936.20000 1600.50
5936.30000 1571.26
5936.40000 1510.30
5936.50000 1579.54
5936.60000 1584.56
5936.70000 1593.03
5936.80000 1589.95
5936.90000 1602.69
5937.00000 1603.53
5937.10000 1602.50
5937.20000 1592.88
5937.30000 1606.53
5937.40000 1584.71
5937.50000 1591.05
5937.60000 1589.29
5937.70000 1583.36
5937.80000 1579.48
5937.90000 1550.95
5938.00000 1568.39
5938.10000 1602.74
5938.20000 1601.61
5938.30000 1600.84
5938.40000 1594.21
5938.50000 1561.45
5938.60000 1527.23
5938.70000 1569.89
5938.80000 1588.89
5938.90000 1586.39
5939.00000 1594.12
5939.10000 1585.37
5939.20000 1584.14
5939.30000 1589.68
5939.40000 1601.26
5939.50000 1600.65
5939.60000 1596.29
5939.70000 1590.01
5939.80000 1593.05
5939.90000 1604.88
5940.00000 1606.09
5940.10000 1591.07
5940.20000 1577.44
5940.30000 1599.29
5940.40000 1602.77
5940.50000 1545.90
5940.60000 1567.70
5940.70000 1576.50
5940.80000 1597.47
5940.90000 1555.07
5941.00000 1483.55
5941.10000 1574.95
5941.20000 1576.41
5941.30000 1580.06
5941.40000 1549.40
5941.50000 1544.74
5941.60000 1358.44
5941.70000 1364.83
5941.80000 1530.22
5941.90000 1573.13
5942.00000 1574.60
5942.10000 1529.70
5942.20000 1348.99
5942.30000 1551.73
5942.40000 1586.42
5942.50000 1597.16
5942.60000 1590.21
5942.70000 1592.84
5942.80000 1559.64
5942.90000 1498.74
5943.00000 1370.95
5943.10000 1302.70
5943.20000 1430.56
5943.30000 1560.33
5943.40000 1591.86
5943.50000 1584.85
5943.60000 1601.44
5943.70000 1598.91
5943.80000 1593.47
5943.90000 1604.24
5944.00000 1598.85
5944.10000 1598.97
5944.20000 1598.79
5944.30000 1603.30
5944.40000 1588.26
5944.50000 1592.83
5944.60000 1582.19
5944.70000 1590.24
5944.80000 1529.12
5944.90000 1473.34
5945.00000 1574.25
5945.10000 1594.43
5945.20000 1571.00
5945.30000 1465.69
5945.40000 1574.04
5945.50000 1607.02
5945.60000 1597.33
5945.70000 1597.29
5945.80000 1532.15
5945.90000 1531.53
5946.00000 1569.94
5946.10000 1560.50
5946.20000 1481.01
5946.30000 1533.47
5946.40000 1568.75
5946.50000 1428.02
5946.60000 1340.12
5946.70000 1569.12
5946.80000 1591.73
5946.90000 1591.19
5947.00000 1589.32
5947.10000 1583.61
5947.20000 1569.86
5947.30000 1571.46
5947.40000 1451.19
5947.50000 1518.57
5947.60000 1338.42
5947.70000 1465.36
5947.80000 1545.80
5947.90000 1562.84
5948.00000 1546.50
5948.10000 1572.93
5948.20000 1594.20
5948.30000 1591.34
5948.40000 1598.73
5948.50000 1599.69
5948.60000 1584.39
5948.70000 1588.06
5948.80000 1548.23
5948.90000 1590.30
5949.00000 1611.26
5949.10000 1590.24
5949.20000 1591.35
5949.30000 1547.73
5949.40000 1557.08
5949.50000 1565.91
5949.60000 1533.90
5949.70000 1400.13
5949.80000 1452.61
5949.90000 1586.22
5950.00000 1596.70
5950.10000 1584.59
5950.20000 1551.86
5950.30000 1543.31
5950.40000 1493.51
5950.50000 1591.13
5950.60000 1592.13
5950.70000 1566.69
5950.80000 1590.28
5950.90000 1542.64
5951.00000 1602.24
5951.10000 1681.82
5951.20000 1647.96
5951.30000 1608.23
5951.40000 1598.46
5951.50000 1570.68
5951.60000 1607.48
5951.70000 1612.59
5951.80000 1594.71
5951.90000 1581.77
5952.00000 1558.10
5952.10000 1528.36
5952.20000 1592.29
5952.30000 1597.45
5952.40000 1606.29
5952.50000 1610.30
5952.60000 1605.68
5952.70000 1612.70
5952.80000 1612.43
5952.90000 1606.47
5953.00000 1590.96
5953.10000 1612.08
5953.20000 1607.16
5953.30000 1615.30
5953.40000 1597.21
5953.50000 1615.60
5953.60000 1596.66
5953.70000 1600.97
5953.80000 1591.70
5953.90000 1595.50
5954.00000 1585.83
5954.10000 1593.15
5954.20000 1606.81
5954.30000 1607.75
5954.40000 1605.16
5954.50000 1619.54
5954.60000 1612.41
5954.70000 1614.65
5954.80000 1605.51
5954.90000 1600.85
5955.00000 1615.00
5955.10000 1621.45
5955.20000 1626.36
5955.30000 1612.76
5955.40000 1597.14
5955.50000 1481.76
5955.60000 1573.40
5955.70000 1620.65
5955.80000 1623.73
5955.90000 1612.53
5956.00000 1630.45
5956.10000 1630.92
5956.20000 1626.49
5956.30000 1619.87
5956.40000 1610.44
5956.50000 1618.16
5956.60000 1622.42
5956.70000 1624.39
5956.80000 1613.53
5956.90000 1531.70
5957.00000 1586.18
5957.10000 1624.46
5957.20000 1612.75
5957.30000 1562.99
5957.40000 1559.96
5957.50000 1632.68
5957.60000 1619.91
5957.70000 1615.16
5957.80000 1613.38
5957.90000 1638.84
5958.00000 1634.29
5958.10000 1621.07
5958.20000 1615.12
5958.30000 1619.85
5958.40000 1476.64
5958.50000 1486.35
5958.60000 1599.83
5958.70000 1586.98
5958.80000 1490.88
5958.90000 1560.65
5959.00000 1576.95
5959.10000 1551.29
5959.20000 1428.93
5959.30000 1568.05
5959.40000 1583.37
5959.50000 1588.00
5959.60000 1592.74
5959.70000 1570.16
5959.80000 1575.10
5959.90000 1589.98
5960.00000 1613.32
5960.10000 1612.27
5960.20000 1602.28
5960.30000 1616.62
5960.40000 1621.99
5960.50000 1585.23
5960.60000 1579.34
5960.70000 1622.66
5960.80000 1625.41
5960.90000 1611.67
5961.00000 1618.35
5961.10000 1609.14
5961.20000 1618.92
5961.30000 1623.37
5961.40000 1608.94
5961.50000 1616.22
5961.60000 1613.04
5961.70000 1613.31
5961.80000 1622.98
5961.90000 1606.47
5962.00000 1568.87
5962.10000 1596.68
5962.20000 1593.45
5962.30000 1591.49
5962.40000 1600.18
5962.50000 1605.22
5962.60000 1603.81
5962.70000 1590.24
5962.80000 1590.43
5962.90000 1594.38
5963.00000 1540.29
5963.10000 1568.04
5963.20000 1596.81
5963.30000 1593.43
5963.40000 1573.38
5963.50000 1591.31
5963.60000 1605.75
5963.70000 1603.62
5963.80000 1613.80
5963.90000 1614.78
5964.00000 1598.58
5964.10000 1598.30
5964.20000 1582.56
5964.30000 1599.41
5964.40000 1596.61
5964.50000 1592.64
5964.60000 1612.14
5964.70000 1605.44
5964.80000 1603.63
5964.90000 1608.30
5965.00000 1592.57
5965.10000 1605.15
5965.20000 1595.40
5965.30000 1608.18
5965.40000 1605.93
5965.50000 1571.59
5965.60000 1597.57
5965.70000 1584.54
5965.80000 1577.32
5965.90000 1583.71
5966.00000 1589.19
5966.10000 1599.67
5966.20000 1601.34
5966.30000 1609.84
5966.40000 1584.57
5966.50000 1601.80
5966.60000 1587.45
5966.70000 1579.83
5966.80000 1551.25
5966.90000 1529.66
5967.00000 1574.08
5967.10000 1570.93
5967.20000 1484.60
5967.30000 1516.51
5967.40000 1583.67
5967.50000 1578.48
5967.60000 1564.38
5967.70000 1580.51
5967.80000 1568.42
5967.90000 1562.89
5968.00000 1576.61
5968.10000 1589.62
5968.20000 1556.52
5968.30000 1518.67
5968.40000 1425.48
5968.50000 1550.55
5968.60000 1548.33
5968.70000 1551.47
5968.80000 1439.78
5968.90000 1459.44
5969.00000 1548.28
5969.10000 1579.12
5969.20000 1589.40
5969.30000 1590.33
5969.40000 1584.43
5969.50000 1591.65
5969.60000 1513.24
5969.70000 1573.26
5969.80000 1579.25
5969.90000 1550.37
5970.00000 1589.28
5970.10000 1576.40
5970.20000 1588.40
5970.30000 1584.42
5970.40000 1589.09
5970.50000 1576.08
5970.60000 1500.89
5970.70000 1525.93
5970.80000 1573.10
5970.90000 1577.44
5971.00000 1580.31
5971.10000 1568.54
5971.20000 1570.87
5971.30000 1575.20
5971.40000 1588.04
5971.50000 1581.25
5971.60000 1576.92
5971.70000 1577.55
5971.80000 1546.33
5971.90000 1425.23
5972.00000 1541.83
5972.10000 1601.33
5972.20000 1592.17
5972.30000 1585.13
5972.40000 1579.01
5972.50000 1590.44
5972.60000 1592.76
5972.70000 1579.75
5972.80000 1576.60
5972.90000 1575.73
5973.00000 1588.98
5973.10000 1587.51
5973.20000 1594.46
5973.30000 1580.47
5973.40000 1578.90
5973.50000 1586.49
5973.60000 1586.78
5973.70000 1594.14
5973.80000 1573.58
5973.90000 1602.18
5974.00000 1573.91
5974.10000 1575.96
5974.20000 1570.36
5974.30000 1574.13
5974.40000 1569.72
5974.50000 1575.74
5974.60000 1573.77
5974.70000 1581.45
5974.80000 1553.89
5974.90000 1578.61
5975.00000 1613.12
5975.10000 1584.58
5975.20000 1590.67
5975.30000 1585.59
5975.40000 1570.10
5975.50000 1583.43
5975.60000 1546.10
5975.70000 1434.25
5975.80000 1529.22
5975.90000 1586.31
5976.00000 1591.20
5976.10000 1609.66
5976.20000 1579.40
5976.30000 1567.61
5976.40000 1557.33
5976.50000 1573.69
5976.60000 1595.08
5976.70000 1622.45
5976.80000 1612.17
5976.90000 1609.35
5977.00000 1604.28
5977.10000 1563.30
5977.20000 1592.95
5977.30000 1597.75
5977.40000 1586.04
5977.50000 1524.65
5977.60000 1422.14
5977.70000 1550.43
5977.80000 1619.33
5977.90000 1600.47
5978.00000 1560.94
5978.10000 1610.50
5978.20000 1606.98
5978.30000 1561.54
5978.40000 1520.60
5978.50000 1579.52
5978.60000 1589.04
5978.70000 1599.41
5978.80000 1593.89
5978.90000 1598.94
5979.00000 1611.21
5979.10000 1596.98
5979.20000 1596.27
5979.30000 1606.66
5979.40000 1625.05
5979.50000 1589.10
5979.60000 1600.99
5979.70000 1600.99
5979.80000 1605.84
5979.90000 1599.88
5980.00000 1621.55
5980.10000 1599.89
5980.20000 1626.48
5980.30000 1617.42
5980.40000 1615.92
5980.50000 1605.70
5980.60000 1610.31
5980.70000 1565.45
5980.80000 1603.47
5980.90000 1601.56
5981.00000 1609.38
5981.10000 1596.69
5981.20000 1614.40
5981.30000 1604.69
5981.40000 1611.37
5981.50000 1612.04
5981.60000 1625.99
5981.70000 1606.21
5981.80000 1580.73
5981.90000 1622.35
5982.00000 1617.83
5982.10000 1597.89
5982.20000 1596.63
5982.30000 1599.41
5982.40000 1594.32
5982.50000 1592.79
5982.60000 1604.69
5982.70000 1610.27
5982.80000 1597.81
5982.90000 1590.28
5983.00000 1600.87
5983.10000 1590.31
5983.20000 1592.64
5983.30000 1605.07
5983.40000 1597.83
5983.50000 1588.28
5983.60000 1617.27
5983.70000 1613.11
5983.80000 1602.02
5983.90000 1590.39
5984.00000 1600.92
5984.10000 1590.19
5984.20000 1608.70
5984.30000 1605.38
5984.40000 1609.38
5984.50000 1604.76
5984.60000 1606.38
5984.70000 1587.87
5984.80000 1582.73
5984.90000 1589.59
5985.00000 1614.12
5985.10000 1608.24
5985.20000 1610.91
5985.30000 1598.17
5985.40000 1592.10
5985.50000 1590.65
5985.60000 1598.66
5985.70000 1583.34
5985.80000 1519.21
5985.90000 1583.08
5986.00000 1591.63
5986.10000 1610.78
5986.20000 1613.30
5986.30000 1590.44
5986.40000 1609.47
5986.50000 1616.12
5986.60000 1606.14
5986.70000 1605.02
5986.80000 1595.54
5986.90000 1598.93
5987.00000 1609.83
5987.10000 1597.81
5987.20000 1610.26
5987.30000 1610.95
5987.40000 1608.65
5987.50000 1591.11
5987.60000 1554.05
5987.70000 1589.83
5987.80000 1609.75
5987.90000 1622.38
5988.00000 1619.92
5988.10000 1617.10
5988.20000 1615.12
5988.30000 1617.85
5988.40000 1622.00
5988.50000 1613.05
5988.60000 1594.19
5988.70000 1600.90
5988.80000 1631.84
5988.90000 1634.98
5989.00000 1634.48
5989.10000 1583.61
5989.20000 1611.28
5989.30000 1641.56
5989.40000 1651.27
5989.50000 1645.39
5989.60000 1654.51
5989.70000 1644.40
5989.80000 1600.34
5989.90000 1585.39
5990.00000 1628.12
5990.10000 1632.88
5990.20000 1646.45
5990.30000 1646.22
5990.40000 1639.81
5990.50000 1646.79
5990.60000 1638.90
5990.70000 1648.60
5990.80000 1646.99
5990.90000 1631.03
5991.00000 1628.95
5991.10000 1605.67
5991.20000 1595.87
5991.30000 1625.62
5991.40000 1549.28
5991.50000 1603.05
5991.60000 1645.43
5991.70000 1641.28
5991.80000 1636.50
5991.90000 1638.13
5992.00000 1635.98
5992.10000 1635.43
5992.20000 1638.44
5992.30000 1620.51
5992.40000 1634.86
5992.50000 1581.15
5992.60000 1543.06
5992.70000 1596.93
5992.80000 1614.37
5992.90000 1627.61
5993.00000 1637.94
5993.10000 1629.51
5993.20000 1645.60
5993.30000 1635.08
5993.40000 1640.16
5993.50000 1630.78
5993.60000 1614.05
5993.70000 1644.60
5993.80000 1647.20
5993.90000 1641.43
5994.00000 1656.62
5994.10000 1644.56
5994.20000 1644.19
5994.30000 1650.62
5994.40000 1653.44
5994.50000 1631.65
5994.60000 1647.11
5994.70000 1644.93
5994.80000 1654.60
5994.90000 1644.72
5995.00000 1631.69
5995.10000 1571.64
5995.20000 1601.04
5995.30000 1640.00
5995.40000 1666.73
5995.50000 1650.64
5995.60000 1627.12
5995.70000 1618.90
5995.80000 1597.39
5995.90000 1624.08
5996.00000 1623.08
5996.10000 1598.04
5996.20000 1611.35
5996.30000 1623.36
5996.40000 1612.91
5996.50000 1614.00
5996.60000 1608.48
5996.70000 1618.34
5996.80000 1594.21
5996.90000 1594.78
5997.00000 1597.41
5997.10000 1595.81
5997.20000 1619.25
5997.30000 1602.66
5997.40000 1616.19
5997.50000 1598.85
5997.60000 1605.06
5997.70000 1602.69
5997.80000 1598.94
5997.90000 1536.07
5998.00000 1591.72
5998.10000 1603.54
5998.20000 1604.75
5998.30000 1591.80
5998.40000 1597.72
5998.50000 1610.37
5998.60000 1606.76
5998.70000 1603.43
5998.80000 1609.83
5998.90000 1618.27
5999.00000 1606.47
5999.10000 1606.64
5999.20000 1600.38
5999.30000 1624.69
5999.40000 1627.18
5999.50000 1621.40
5999.60000 1603.89
5999.70000 1615.80
5999.80000 1603.19
5999.90000 1602.53
6000.00000 1609.00
6000.10000 1616.60
6000.20000 1573.48
6000.30000 1544.83
6000.40000 1590.46
6000.50000 1605.56
6000.60000 1614.52
6000.70000 1603.27
6000.80000 1594.33
6000.90000 1622.67
6001.00000 1614.56
6001.10000 1618.82
6001.20000 1608.62
6001.30000 1609.41
6001.40000 1609.03
6001.50000 1610.18
6001.60000 1610.39
6001.70000 1610.33
6001.80000 1613.69
6001.90000 1610.66
6002.00000 1603.31
6002.10000 1604.69
6002.20000 1607.18
6002.30000 1599.48
6002.40000 1607.32
6002.50000 1615.45
6002.60000 1611.39
6002.70000 1603.97
6002.80000 1612.36
6002.90000 1619.28
6003.00000 1600.61
6003.10000 1593.82
6003.20000 1589.24
6003.30000 1607.38
6003.40000 1597.89
6003.50000 1600.38
6003.60000 1618.44
6003.70000 1602.36
6003.80000 1602.33
6003.90000 1607.73
6004.00000 1610.96
6004.10000 1615.85
6004.20000 1605.05
6004.30000 1609.10
6004.40000 1592.48
6004.50000 1601.98
6004.60000 1593.25
6004.70000 1626.03
6004.80000 1605.66
6004.90000 1615.69
6005.00000 1605.02
6005.10000 1593.11
6005.20000 1557.65
6005.30000 1594.15
6005.40000 1594.53
6005.50000 1593.50
6005.60000 1603.13
6005.70000 1588.13
6005.80000 1586.18
6005.90000 1590.52
6006.00000 1602.83
6006.10000 1601.59
6006.20000 1601.69
6006.30000 1606.34
6006.40000 1599.94
6006.50000 1606.51
6006.60000 1615.87
6006.70000 1601.13
6006.80000 1597.50
6006.90000 1611.90
6007.00000 1603.72
6007.10000 1593.15
6007.20000 1595.76
6007.30000 1611.32
6007.40000 1599.22
6007.50000 1618.73
6007.60000 1597.41
6007.70000 1589.25
6007.80000 1590.79
6007.90000 1601.89
6008.00000 1602.50
6008.10000 1599.68
6008.20000 1605.34
6008.30000 1606.44
6008.40000 1603.17
6008.50000 1591.52
6008.60000 1608.98
6008.70000 1603.99
6008.80000 1608.47
6008.90000 1599.65
6009.00000 1587.02
6009.10000 1596.68
6009.20000 1600.25
6009.30000 1601.41
6009.40000 1591.78
6009.50000 1590.65
6009.60000 1598.11
6009.70000 1576.91
6009.80000 1585.49
6009.90000 1570.45
6010.00000 1576.73
6010.10000 1596.66
6010.20000 1585.47
6010.30000 1598.31
6010.40000 1579.75
6010.50000 1593.48
6010.60000 1602.32
6010.70000 1591.27
6010.80000 1592.06
6010.90000 1583.94
6011.00000 1593.90
6011.10000 1579.95
6011.20000 1577.24
6011.30000 1573.18
6011.40000 1582.08
6011.50000 1581.72
6011.60000 1584.56
6011.70000 1574.95
6011.80000 1596.14
6011.90000 1588.09
6012.00000 1585.47
6012.10000 1588.36
6012.20000 1592.47
6012.30000 1598.23
6012.40000 1583.88
6012.50000 1602.65
6012.60000 1602.55
6012.70000 1607.34
6012.80000 1602.19
6012.90000 1594.36
6013.00000 1602.16
6013.10000 1594.21
6013.20000 1600.38
6013.30000 1596.49
6013.40000 1616.53
6013.50000 1595.83
6013.60000 1608.40
6013.70000 1602.97
6013.80000 1610.07
6013.90000 1619.84
6014.00000 1620.78
6014.10000 1609.92
6014.20000 1613.35
6014.30000 1601.78
6014.40000 1603.54
6014.50000 1612.44
6014.60000 1592.06
6014.70000 1604.82
6014.80000 1609.19
6014.90000 1616.10
6015.00000 1591.74
6015.10000 1598.96
6015.20000 1596.16
6015.30000 1603.09
6015.40000 1586.00
6015.50000 1592.27
6015.60000 1592.58
6015.70000 1593.67
6015.80000 1605.61
6015.90000 1606.06
6016.00000 1606.95
6016.10000 1590.76
6016.20000 1578.11
6016.30000 1609.11
6016.40000 1573.37
6016.50000 1591.58
6016.60000 1603.48
6016.70000 1612.86
6016.80000 1608.90
6016.90000 1610.20
6017.00000 1596.32
6017.10000 1607.47
6017.20000 1605.81
6017.30000 1597.96
6017.40000 1604.20
6017.50000 1593.37
6017.60000 1597.28
6017.70000 1604.35
6017.80000 1611.02
6017.90000 1603.26
6018.00000 1609.01
6018.10000 1608.45
6018.20000 1613.02
6018.30000 1625.13
6018.40000 1600.55
6018.50000 1610.63
6018.60000 1611.37
6018.70000 1613.66
6018.80000 1616.52
6018.90000 1608.54
6019.00000 1605.25
6019.10000 1595.65
6019.20000 1608.48
6019.30000 1597.62
6019.40000 1603.35
6019.50000 1598.22
6019.60000 1600.64
6019.70000 1578.95
6019.80000 1592.63
6019.90000 1588.04
6020.00000 1598.07
6020.10000 1610.29
6020.20000 1596.27
6020.30000 1605.32
6020.40000 1594.22
6020.50000 1599.43
6020.60000 1601.40
6020.70000 1610.88
6020.80000 1604.56
6020.90000 1598.93
6021.00000 1604.48
6021.10000 1609.92
6021.20000 1604.44
6021.30000 1593.49
6021.40000 1599.44
6021.50000 1605.68
6021.60000 1602.66
6021.70000 1595.81
6021.80000 1603.56
6021.90000 1611.30
6022.00000 1605.01
6022.10000 1603.37
6022.20000 1604.78
6022.30000 1597.28
6022.40000 1604.12
6022.50000 1615.30
6022.60000 1603.58
6022.70000 1591.25
6022.80000 1587.79
6022.90000 1594.69
6023.00000 1607.96
6023.10000 1613.28
6023.20000 1615.00
6023.30000 1589.17
6023.40000 1584.64
6023.50000 1584.86
6023.60000 1602.70
6023.70000 1590.90
6023.80000 1610.25
6023.90000 1604.40
6024.00000 1610.88
6024.10000 1598.96
6024.20000 1613.30
6024.30000 1615.95
6024.40000 1597.77
6024.50000 1587.17
6024.60000 1595.36
6024.70000 1595.48
6024.80000 1596.94
6024.90000 1611.72
6025.00000 1597.79
6025.10000 1604.62
6025.20000 1592.64
6025.30000 1610.13
6025.40000 1610.19
6025.50000 1602.85
6025.60000 1604.72
6025.70000 1606.67
6025.80000 1585.83
6025.90000 1603.57
6026.00000 1613.71
6026.10000 1606.25
6026.20000 1603.09
6026.30000 1621.13
6026.40000 1607.95
6026.50000 1613.71
6026.60000 1611.17
6026.70000 1609.77
6026.80000 1611.10
6026.90000 1600.58
6027.00000 1600.12
6027.10000 1597.75
6027.20000 1613.23
6027.30000 1600.07
6027.40000 1597.25
6027.50000 1602.31
6027.60000 1603.53
6027.70000 1609.14
6027.80000 1597.12
6027.90000 1594.93
6028.00000 1597.08
6028.10000 1602.18
6028.20000 1585.78
6028.30000 1582.37
6028.40000 1593.44
6028.50000 1594.95
6028.60000 1594.95
6028.70000 1607.84
6028.80000 1610.97
6028.90000 1603.97
6029.00000 1614.47
6029.10000 1610.09
6029.20000 1605.47
6029.30000 1608.52
6029.40000 1607.02
6029.50000 1606.07
6029.60000 1600.65
6029.70000 1608.60
6029.80000 1607.80
6029.90000 1598.24
6030.00000 1608.21
6030.10000 1612.36
6030.20000 1610.12
6030.30000 1607.20
6030.40000 1612.28
6030.50000 1618.43
6030.60000 1604.82
6030.70000 1597.53
6030.80000 1608.51
6030.90000 1605.17
6031.00000 1608.11
6031.10000 1600.47
6031.20000 1603.74
6031.30000 1605.85
6031.40000 1619.43
6031.50000 1624.24
6031.60000 1600.47
6031.70000 1605.61
6031.80000 1617.54
6031.90000 1609.05
6032.00000 1602.45
6032.10000 1601.92
6032.20000 1613.76
6032.30000 1610.87
6032.40000 1607.76
6032.50000 1656.75
6032.60000 1605.05
6032.70000 1600.21
6032.80000 1607.08
6032.90000 1610.87
6033.00000 1624.33
6033.10000 1597.15
6033.20000 1604.97
6033.30000 1603.55
6033.40000 1603.60
6033.50000 1604.87
6033.60000 1600.71
6033.70000 1605.27
6033.80000 1610.83
6033.90000 1607.25
6034.00000 1604.25
6034.10000 1608.09
6034.20000 1592.18
6034.30000 1606.89
6034.40000 1596.10
6034.50000 1603.02
6034.60000 1595.96
6034.70000 1587.57
6034.80000 1585.36
6034.90000 1608.34
6035.00000 1585.09
6035.10000 1578.26
6035.20000 1596.16
6035.30000 1589.99
6035.40000 1595.76
6035.50000 1594.77
6035.60000 1594.69
6035.70000 1591.23
6035.80000 1602.71
6035.90000 1595.15
6036.00000 1598.02
6036.10000 1585.23
6036.20000 1591.12
6036.30000 1586.69
6036.40000 1590.24
6036.50000 1583.77
6036.60000 1595.74
6036.70000 1593.80
6036.80000 1598.15
6036.90000 1587.84
6037.00000 1587.20
6037.10000 1592.21
6037.20000 1594.76
6037.30000 1587.63
6037.40000 1584.60
6037.50000 1587.45
6037.60000 1592.10
6037.70000 1582.69
6037.80000 1593.25
6037.90000 1603.71
6038.00000 1586.83
6038.10000 1581.56
6038.20000 1596.42
6038.30000 1588.45
6038.40000 1591.71
6038.50000 1591.36
6038.60000 1600.25
6038.70000 1588.25
6038.80000 1590.77
6038.90000 1601.84
6039.00000 1598.83
6039.10000 1598.61
6039.20000 1591.51
6039.30000 1596.41
6039.40000 1592.93
6039.50000 1599.31
6039.60000 1596.10
6039.70000 1602.62
6039.80000 1609.49
6039.90000 1604.55
6040.00000 1602.06
6040.10000 1599.88
6040.20000 1608.45
6040.30000 1597.85
6040.40000 1610.90
6040.50000 1605.08
6040.60000 1593.35
6040.70000 1583.72
6040.80000 1609.05
6040.90000 1598.78
6041.00000 1602.43
6041.10000 1599.02
6041.20000 1597.38
6041.30000 1602.25
6041.40000 1603.81
6041.50000 1591.99
6041.60000 1594.68
6041.70000 1595.79
6041.80000 1596.05
6041.90000 1589.64
6042.00000 1581.50
6042.10000 1600.38
6042.20000 1597.24
6042.30000 1603.29
6042.40000 1606.11
6042.50000 1601.06
6042.60000 1607.41
6042.70000 1596.20
6042.80000 1596.49
6042.90000 1598.14
6043.00000 1612.29
6043.10000 1598.39
6043.20000 1610.28
6043.30000 1598.26
6043.40000 1607.90
6043.50000 1607.93
6043.60000 1609.98
6043.70000 1602.74
6043.80000 1603.78
6043.90000 1599.56
6044.00000 1602.89
6044.10000 1608.10
6044.20000 1594.15
6044.30000 1592.33
6044.40000 1598.39
6044.50000 1599.11
6044.60000 1607.21
6044.70000 1606.39
6044.80000 1609.05
6044.90000 1606.91
6045.00000 1610.08
6045.10000 1599.45
6045.20000 1601.02
6045.30000 1600.44
6045.40000 1593.89
6045.50000 1592.08
6045.60000 1597.36
6045.70000 1585.03
6045.80000 1607.46
6045.90000 1601.33
6046.00000 1602.02
6046.10000 1605.12
6046.20000 1596.93
6046.30000 1593.30
6046.40000 1600.58
6046.50000 1590.77
6046.60000 1608.56
6046.70000 1589.40
6046.80000 1603.51
6046.90000 1603.51
6047.00000 1588.25
6047.10000 1593.65
6047.20000 1592.47
6047.30000 1594.34
6047.40000 1597.00
6047.50000 1596.85
6047.60000 1599.61
6047.70000 1594.68
6047.80000 1591.33
6047.90000 1583.20
6048.00000 1598.72
6048.10000 1594.97
6048.20000 1598.76
6048.30000 1589.36
6048.40000 1583.41
6048.50000 1598.59
6048.60000 1595.49
6048.70000 1606.61
6048.80000 1589.34
6048.90000 1606.41
6049.00000 1598.22
6049.10000 1588.97
6049.20000 1595.88
6049.30000 1592.38
6049.40000 1606.09
6049.50000 1596.25
6049.60000 1589.73
6049.70000 1604.17
6049.80000 1594.47
6049.90000 1598.38
6050.00000 1599.61
6050.10000 1591.75
6050.20000 1593.13
6050.30000 1599.14
6050.40000 1598.99
6050.50000 1601.40
6050.60000 1592.04
6050.70000 1609.46
6050.80000 1593.23
6050.90000 1595.33
6051.00000 1598.84
6051.10000 1591.00
6051.20000 1587.12
6051.30000 1597.12
6051.40000 1602.31
6051.50000 1599.66
6051.60000 1596.48
6051.70000 1583.75
6051.80000 1582.91
6051.90000 1605.52
6052.00000 1608.44
6052.10000 1587.77
6052.20000 1594.24
6052.30000 1590.35
6052.40000 1594.92
6052.50000 1590.58
6052.60000 1603.66
6052.70000 1575.76
6052.80000 1598.84
6052.90000 1609.29
6053.00000 1593.12
6053.10000 1584.64
6053.20000 1595.28
6053.30000 1595.11
6053.40000 1583.01
6053.50000 1597.43
6053.60000 1585.06
6053.70000 1588.02
6053.80000 1594.03
6053.90000 1595.00
6054.00000 1603.49
6054.10000 1595.81
6054.20000 1584.41
6054.30000 1580.17
6054.40000 1584.90
6054.50000 1600.79
6054.60000 1599.49
6054.70000 1596.52
6054.80000 1575.48
6054.90000 1599.17
6055.00000 1590.63
6055.10000 1576.85
6055.20000 1588.45
6055.30000 1581.85
6055.40000 1594.97
6055.50000 1586.18
6055.60000 1579.82
6055.70000 1588.87
6055.80000 1581.05
6055.90000 1588.00
6056.00000 1586.43
6056.10000 1591.12
6056.20000 1586.66
6056.30000 1581.64
6056.40000 1583.05
6056.50000 1597.38
6056.60000 1584.38
6056.70000 1591.45
6056.80000 1588.28
6056.90000 1582.78
6057.00000 1601.57
6057.10000 1618.58
6057.20000 1589.45
6057.30000 1586.71
6057.40000 1582.09
6057.50000 1600.52
6057.60000 1579.67
6057.70000 1605.35
6057.80000 1590.12
6057.90000 1580.73
6058.00000 1569.81
6058.10000 1591.27
6058.20000 1585.15
6058.30000 1589.53
6058.40000 1588.22
6058.50000 1583.55
6058.60000 1598.42
6058.70000 1595.75
6058.80000 1587.92
6058.90000 1572.96
6059.00000 1593.57
6059.10000 1591.95
6059.20000 1577.44
6059.30000 1577.21
6059.40000 1592.32
6059.50000 1576.06
6059.60000 1573.74
6059.70000 1565.78
6059.80000 1580.86
6059.90000 1571.03
6060.00000 1572.63
6060.10000 1558.29
6060.20000 1574.21
6060.30000 1575.54
6060.40000 1585.59
6060.50000 1573.04
6060.60000 1572.67
6060.70000 1580.20
6060.80000 1583.39
6060.90000 1572.75
6061.00000 1580.36
6061.10000 1592.57
6061.20000 1581.73
6061.30000 1575.37
6061.40000 1575.18
6061.50000 1572.79
6061.60000 1586.11
6061.70000 1585.07
6061.80000 1584.66
6061.90000 1585.61
6062.00000 1599.02
6062.10000 1572.41
6062.20000 1580.52
6062.30000 1585.06
6062.40000 1588.07
6062.50000 1596.54
6062.60000 1583.65
6062.70000 1570.96
6062.80000 1581.81
6062.90000 1596.49
6063.00000 1594.86
6063.10000 1582.47
6063.20000 1584.26
6063.30000 1588.58
6063.40000 1596.77
6063.50000 1589.97
6063.60000 1587.07
6063.70000 1597.90
6063.80000 1588.76
6063.90000 1591.03
6064.00000 1594.70
6064.10000 1592.63
6064.20000 1600.22
6064.30000 1605.64
6064.40000 1590.58
6064.50000 1574.29
6064.60000 1596.41
6064.70000 1596.30
6064.80000 1585.34
6064.90000 1579.66
6065.00000 1589.78
6065.10000 1583.51
6065.20000 1574.45
6065.30000 1575.34
6065.40000 1572.48
6065.50000 1577.03
6065.60000 1567.98
6065.70000 1553.97
6065.80000 1549.79
6065.90000 1568.35
6066.00000 1567.92
6066.10000 1576.99
6066.20000 1570.94
6066.30000 1583.72
6066.40000 1584.56
6066.50000 1585.98
6066.60000 1588.24
6066.70000 1588.33
6066.80000 1584.47
6066.90000 1581.63
6067.00000 1574.76
6067.10000 1591.81
6067.20000 1586.18
6067.30000 1588.57
6067.40000 1587.26
6067.50000 1575.35
6067.60000 1573.86
6067.70000 1594.97
6067.80000 1587.36
6067.90000 1574.76
6068.00000 1580.29
6068.10000 1567.68
6068.20000 1578.30
6068.30000 1571.34
6068.40000 1571.87
6068.50000 1579.42
6068.60000 1589.69
6068.70000 1590.67
6068.80000 1577.78
6068.90000 1580.13
6069.00000 1587.71
6069.10000 1558.47
6069.20000 1574.33
6069.30000 1591.49
6069.40000 1590.63
6069.50000 1581.35
6069.60000 1583.52
6069.70000 1586.04
6069.80000 1595.08
6069.90000 1597.70
6070.00000 1593.11
6070.10000 1572.24
6070.20000 1578.30
6070.30000 1582.63
6070.40000 1581.30
6070.50000 1589.52
6070.60000 1578.40
6070.70000 1581.61
6070.80000 1593.92
6070.90000 1585.14
6071.00000 1588.87
6071.10000 1575.51
6071.20000 1584.53
6071.30000 1589.45
6071.40000 1585.15
6071.50000 1578.71
6071.60000 1574.66
6071.70000 1572.62
6071.80000 1576.66
6071.90000 1569.45
6072.00000 1579.05
6072.10000 1578.85
6072.20000 1580.58
6072.30000 1574.53
6072.40000 1584.41
6072.50000 1572.89
6072.60000 1571.63
6072.70000 1566.13
6072.80000 1578.07
6072.90000 1579.92
6073.00000 1571.19
6073.10000 1595.02
6073.20000 1583.64
6073.30000 1585.10
6073.40000 1599.63
6073.50000 1596.92
6073.60000 1577.98
6073.70000 1587.92
6073.80000 1578.86
6073.90000 1588.51
6074.00000 1599.79
6074.10000 1591.49
6074.20000 1572.88
6074.30000 1589.82
6074.40000 1584.82
6074.50000 1587.97
6074.60000 1570.07
6074.70000 1596.89
6074.80000 1585.27
6074.90000 1570.02
6075.00000 1594.62
6075.10000 1588.02
6075.20000 1590.56
6075.30000 1576.28
6075.40000 1572.20
6075.50000 1601.92
6075.60000 1583.44
6075.70000 1571.02
6075.80000 1569.29
6075.90000 1564.37
6076.00000 1573.82
6076.10000 1607.31
6076.20000 1593.14
6076.30000 1574.17
6076.40000 1577.97
6076.50000 1584.85
6076.60000 1578.34
6076.70000 1574.61
6076.80000 1583.14
6076.90000 1585.78
6077.00000 1590.34
6077.10000 1583.02
6077.20000 1578.34
6077.30000 1581.66
6077.40000 1579.75
6077.50000 1575.98
6077.60000 1565.65
6077.70000 1587.41
6077.80000 1575.31
6077.90000 1567.76
6078.00000 1574.98
6078.10000 1591.85
6078.20000 1555.90
6078.30000 1574.93
6078.40000 1557.43
6078.50000 1580.19
6078.60000 1570.98
6078.70000 1577.70
6078.80000 1589.75
6078.90000 1580.72
6079.00000 1563.34
6079.10000 1570.46
6079.20000 1584.54
6079.30000 1562.31
6079.40000 1579.48
6079.50000 1589.34
6079.60000 1567.98
6079.70000 1549.86
6079.80000 1582.60
6079.90000 1573.80
6080.00000 1575.34
6080.10000 1580.35
6080.20000 1587.02
6080.30000 1597.04
6080.40000 1581.06
6080.50000 1574.39
6080.60000 1579.63
6080.70000 1578.77
6080.80000 1586.75
6080.90000 1582.23
6081.00000 1594.66
6081.10000 1587.99
6081.20000 1591.88
6081.30000 1599.12
6081.40000 1600.93
6081.50000 1585.14
6081.60000 1580.49
6081.70000 1600.72
6081.80000 1590.79
6081.90000 1591.58
6082.00000 1594.88
6082.10000 1578.35
6082.20000 1617.97
6082.30000 1613.63
6082.40000 1611.62
6082.50000 1606.32
6082.60000 1611.71
6082.70000 1591.11
6082.80000 1583.65
6082.90000 1597.30
6083.00000 1603.09
6083.10000 1607.53
6083.20000 1584.41
6083.30000 1594.54
6083.40000 1591.24
6083.50000 1587.13
6083.60000 1583.46
6083.70000 1577.52
6083.80000 1581.79
6083.90000 1596.84
6084.00000 1586.89
6084.10000 1587.10
6084.20000 1585.10
6084.30000 1587.75
6084.40000 1578.86
6084.50000 1588.50
6084.60000 1577.08
6084.70000 1597.73
6084.80000 1596.98
6084.90000 1585.91
6085.00000 1593.62
6085.10000 1575.78
6085.20000 1574.89
6085.30000 1577.25
6085.40000 1589.33
6085.50000 1584.85
6085.60000 1589.08
6085.70000 1576.91
6085.80000 1601.39
6085.90000 1594.87
6086.00000 1582.21
6086.10000 1582.23
6086.20000 1579.63
6086.30000 1583.99
6086.40000 1592.63
6086.50000 1592.50
6086.60000 1603.07
6086.70000 1596.27
6086.80000 1595.78
6086.90000 1599.68
6087.00000 1594.50
6087.10000 1601.09
6087.20000 1612.78
6087.30000 1602.01
6087.40000 1593.88
6087.50000 1601.51
6087.60000 1592.74
6087.70000 1590.49
6087.80000 1585.90
6087.90000 1594.80
6088.00000 1589.48
6088.10000 1598.46
6088.20000 1605.92
6088.30000 1588.41
6088.40000 1602.11
6088.50000 1598.93
6088.60000 1586.15
6088.70000 1580.35
6088.80000 1589.53
6088.90000 1589.34
6089.00000 1593.83
6089.10000 1605.86
6089.20000 1596.16
6089.30000 1582.80
6089.40000 1580.51
6089.50000 1579.67
6089.60000 1578.67
6089.70000 1590.40
6089.80000 1577.07
6089.90000 1582.85
6090.00000 1568.79
6090.10000 1558.98
6090.20000 1533.55
6090.30000 1513.37
6090.40000 1506.03
6090.50000 1504.54
6090.60000 1512.98
6090.70000 1544.84
6090.80000 1569.19
6090.90000 1563.20
6091.00000 1581.74
6091.10000 1572.83
6091.20000 1586.38
6091.30000 1591.65
6091.40000 1592.74
6091.50000 1575.65
6091.60000 1579.60
6091.70000 1572.20
6091.80000 1588.58
6091.90000 1584.32
6092.00000 1588.98
6092.10000 1593.44
6092.20000 1584.56
6092.30000 1577.79
6092.40000 1571.05
6092.50000 1538.30
6092.60000 1490.70
6092.70000 1574.63
6092.80000 1584.11
6092.90000 1584.87
6093.00000 1575.24
6093.10000 1569.98
6093.20000 1587.70
6093.30000 1573.83
6093.40000 1576.01
6093.50000 1567.04
6093.60000 1576.51
6093.70000 1566.17
6093.80000 1567.02
6093.90000 1583.52
6094.00000 1584.54
6094.10000 1592.43
6094.20000 1586.62
6094.30000 1584.90
6094.40000 1606.14
6094.50000 1585.45
6094.60000 1582.59
6094.70000 1590.65
6094.80000 1585.05
6094.90000 1586.04
6095.00000 1589.25
6095.10000 1589.70
6095.20000 1572.98
6095.30000 1567.26
6095.40000 1575.79
6095.50000 1589.43
6095.60000 1577.60
6095.70000 1590.48
6095.80000 1594.36
6095.90000 1578.92
6096.00000 1580.84
6096.10000 1604.74
6096.20000 1569.33
6096.30000 1597.31
6096.40000 1570.29
6096.50000 1588.49
6096.60000 1588.55
6096.70000 1591.89
6096.80000 1577.01
6096.90000 1582.87
6097.00000 1569.21
6097.10000 1572.21
6097.20000 1585.27
6097.30000 1575.58
6097.40000 1577.35
6097.50000 1579.30
6097.60000 1573.80
6097.70000 1574.04
6097.80000 1575.47
6097.90000 1580.67
6098.00000 1588.40
6098.10000 1593.87
6098.20000 1566.76
6098.30000 1579.91
6098.40000 1574.25
6098.50000 1580.37
6098.60000 1583.03
6098.70000 1583.09
6098.80000 1570.68
6098.90000 1571.91
6099.00000 1592.60
6099.10000 1582.11
6099.20000 1576.22
6099.30000 1591.20
6099.40000 1588.67
6099.50000 1584.69
6099.60000 1584.31
6099.70000 1591.84
6099.80000 1575.76
6099.90000 1573.37
6100.00000 1595.42
6100.10000 1582.74
6100.20000 1577.84
6100.30000 1595.52
6100.40000 1594.62
6100.50000 1585.28
6100.60000 1600.61
6100.70000 1597.00
6100.80000 1599.21
6100.90000 1595.51
6101.00000 1577.37
6101.10000 1567.46
6101.20000 1572.29
6101.30000 1579.31
6101.40000 1590.40
6101.50000 1593.41
6101.60000 1580.53
6101.70000 1569.72
6101.80000 1583.56
6101.90000 1579.03
6102.00000 1592.75
6102.10000 1578.88
6102.20000 1602.52
6102.30000 1594.92
6102.40000 1587.29
6102.50000 1579.24
6102.60000 1574.28
6102.70000 1585.02
6102.80000 1572.72
6102.90000 1581.44
6103.00000 1576.85
6103.10000 1577.15
6103.20000 1574.18
6103.30000 1592.88
6103.40000 1605.66
6103.50000 1593.37
6103.60000 1592.03
6103.70000 1583.84
6103.80000 1595.08
6103.90000 1598.63
6104.00000 1587.80
6104.10000 1601.10
6104.20000 1583.67
6104.30000 1593.57
6104.40000 1577.24
6104.50000 1591.82
6104.60000 1572.92
6104.70000 1572.47
6104.80000 1595.45
6104.90000 1592.97
6105.00000 1597.41
6105.10000 1594.55
6105.20000 1597.44
6105.30000 1607.10
6105.40000 1592.46
6105.50000 1595.52
6105.60000 1583.42
6105.70000 1589.38
6105.80000 1569.24
6105.90000 1589.05
6106.00000 1587.70
6106.10000 1598.21
6106.20000 1591.46
6106.30000 1596.15
6106.40000 1609.71
6106.50000 1591.11
6106.60000 1584.99
6106.70000 1582.85
6106.80000 1573.74
6106.90000 1579.02
6107.00000 1588.29
6107.10000 1580.65
6107.20000 1571.71
6107.30000 1593.72
6107.40000 1589.64
6107.50000 1584.42
6107.60000 1583.65
6107.70000 1579.51
6107.80000 1575.82
6107.90000 1574.48
6108.00000 1579.34
6108.10000 1583.33
6108.20000 1594.27
6108.30000 1587.11
6108.40000 1585.35
6108.50000 1573.65
6108.60000 1560.40
6108.70000 1568.13
6108.80000 1563.41
6108.90000 1580.62
6109.00000 1580.04
6109.10000 1579.31
6109.20000 1583.63
6109.30000 1588.87
6109.40000 1600.17
6109.50000 1586.29
6109.60000 1588.04
6109.70000 1596.61
6109.80000 1590.02
6109.90000 1600.46
6110.00000 1592.27
6110.10000 1599.94
6110.20000 1581.07
6110.30000 1576.21
6110.40000 1588.83
6110.50000 1580.74
6110.60000 1581.78
6110.70000 1584.92
6110.80000 1591.54
6110.90000 1593.24
6111.00000 1597.28
6111.10000 1582.14
6111.20000 1593.82
6111.30000 1595.74
6111.40000 1589.45
6111.50000 1576.70
6111.60000 1592.03
6111.70000 1597.69
6111.80000 1590.49
6111.90000 1583.20
6112.00000 1585.42
6112.10000 1593.80
6112.20000 1597.77
6112.30000 1585.13
6112.40000 1583.52
6112.50000 1584.56
6112.60000 1578.95
6112.70000 1582.91
6112.80000 1586.44
6112.90000 1580.35
6113.00000 1575.02
6113.10000 1573.49
6113.20000 1579.45
6113.30000 1585.65
6113.40000 1583.83
6113.50000 1560.24
6113.60000 1557.93
6113.70000 1558.73
6113.80000 1557.74
6113.90000 1562.67
6114.00000 1568.68
6114.10000 1579.99
6114.20000 1585.78
6114.30000 1559.99
6114.40000 1571.47
6114.50000 1579.47
6114.60000 1587.24
6114.70000 1585.27
6114.80000 1590.51
6114.90000 1592.08
6115.00000 1585.20
6115.10000 1583.87
6115.20000 1584.13
6115.30000 1577.81
6115.40000 1586.06
6115.50000 1586.48
6115.60000 1593.33
6115.70000 1585.91
6115.80000 1592.13
6115.90000 1588.90
6116.00000 1587.28
6116.10000 1587.67
6116.20000 1591.17
6116.30000 1599.66
6116.40000 1596.07
6116.50000 1604.68
6116.60000 1598.36
6116.70000 1600.04
6116.80000 1594.42
6116.90000 1582.13
6117.00000 1575.56
6117.10000 1583.79
6117.20000 1563.90
6117.30000 1567.04
6117.40000 1566.70
6117.50000 1578.99
6117.60000 1574.35
6117.70000 1579.33
6117.80000 1565.06
6117.90000 1589.99
6118.00000 1579.25
6118.10000 1585.09
6118.20000 1593.32
6118.30000 1581.30
6118.40000 1596.04
6118.50000 1579.01
6118.60000 1578.53
6118.70000 1586.38
6118.80000 1589.19
6118.90000 1578.22
6119.00000 1565.29
6119.10000 1577.32
6119.20000 1581.12
6119.30000 1582.86
6119.40000 1573.04
6119.50000 1588.05
6119.60000 1587.60
6119.70000 1578.12
6119.80000 1597.60
6119.90000 1588.59
6120.00000 1597.57
6120.10000 1595.47
6120.20000 1590.37
6120.30000 1588.65
6120.40000 1591.63
6120.50000 1576.55
6120.60000 1580.69
6120.70000 1579.68
6120.80000 1583.70
6120.90000 1581.06
6121.00000 1589.94
6121.10000 1591.83
6121.20000 1590.36
6121.30000 1586.44
6121.40000 1583.58
6121.50000 1577.35
6121.60000 1568.35
6121.70000 1579.85
6121.80000 1583.50
6121.90000 1599.15
6122.00000 1603.56
6122.10000 1618.22
6122.20000 1589.70
6122.30000 1580.36
6122.40000 1575.36
6122.50000 1577.60
6122.60000 1579.81
6122.70000 1582.67
6122.80000 1596.58
6122.90000 1595.88
6123.00000 1593.87
6123.10000 1595.01
6123.20000 1598.98
6123.30000 1582.69
6123.40000 1592.28
6123.50000 1585.44
6123.60000 1581.71
6123.70000 1601.37
6123.80000 1597.17
6123.90000 1594.28
6124.00000 1588.97
6124.10000 1592.06
6124.20000 1597.21
6124.30000 1591.89
6124.40000 1595.02
6124.50000 1593.39
6124.60000 1597.88
6124.70000 1595.11
6124.80000 1593.94
6124.90000 1589.31
6125.00000 1590.99
6125.10000 1604.55
6125.20000 1595.06
6125.30000 1600.52
6125.40000 1589.64
6125.50000 1591.17
6125.60000 1592.31
6125.70000 1591.76
6125.80000 1598.94
6125.90000 1594.66
6126.00000 1600.04
6126.10000 1589.39
6126.20000 1596.64
6126.30000 1575.97
6126.40000 1589.66
6126.50000 1598.07
6126.60000 1603.02
6126.70000 1607.13
6126.80000 1609.60
6126.90000 1601.62
6127.00000 1602.29
6127.10000 1602.76
6127.20000 1603.07
6127.30000 1590.52
6127.40000 1600.74
6127.50000 1588.86
6127.60000 1609.03
6127.70000 1607.13
6127.80000 1601.47
6127.90000 1607.27
6128.00000 1590.77
6128.10000 1584.13
6128.20000 1584.93
6128.30000 1591.51
6128.40000 1590.88
6128.50000 1592.91
6128.60000 1581.11
6128.70000 1593.79
6128.80000 1590.67
6128.90000 1585.41
6129.00000 1588.33
6129.10000 1594.11
6129.20000 1585.66
6129.30000 1593.60
6129.40000 1582.55
6129.50000 1580.22
6129.60000 1578.98
6129.70000 1590.56
6129.80000 1595.27
6129.90000 1578.72
6130.00000 1592.63
6130.10000 1581.63
6130.20000 1594.99
6130.30000 1597.50
6130.40000 1582.38
6130.50000 1581.54
6130.60000 1587.76
6130.70000 1599.06
6130.80000 1591.00
6130.90000 1585.08
6131.00000 1581.57
6131.10000 1581.91
6131.20000 1581.75
6131.30000 1588.90
6131.40000 1581.46
6131.50000 1585.09
6131.60000 1574.43
6131.70000 1580.88
6131.80000 1593.00
6131.90000 1590.04
6132.00000 1573.51
6132.10000 1576.64
6132.20000 1567.18
6132.30000 1594.04
6132.40000 1579.62
6132.50000 1588.50
6132.60000 1588.89
6132.70000 1596.47
6132.80000 1574.63
6132.90000 1584.38
6133.00000 1583.80
6133.10000 1590.64
6133.20000 1589.24
6133.30000 1589.32
6133.40000 1575.96
6133.50000 1583.06
6133.60000 1590.17
6133.70000 1586.67
6133.80000 1587.90
6133.90000 1580.69
6134.00000 1588.48
6134.10000 1582.91
6134.20000 1576.20
6134.30000 1583.74
6134.40000 1587.70
6134.50000 1584.63
6134.60000 1579.03
6134.70000 1594.28
6134.80000 1596.38
6134.90000 1573.24
6135.00000 1595.55
6135.10000 1586.42
6135.20000 1580.81
6135.30000 1573.25
6135.40000 1562.70
6135.50000 1575.13
6135.60000 1570.71
6135.70000 1593.77
6135.80000 1579.17
6135.90000 1569.50
6136.00000 1574.41
6136.10000 1577.12
6136.20000 1567.56
6136.30000 1570.40
6136.40000 1560.54
6136.50000 1586.83
6136.60000 1573.77
6136.70000 1559.31
6136.80000 1570.73
6136.90000 1559.55
6137.00000 1563.78
6137.10000 1565.85
6137.20000 1560.87
6137.30000 1576.38
6137.40000 1567.35
6137.50000 1567.94
6137.60000 1566.34
6137.70000 1561.93
6137.80000 1569.57
6137.90000 1564.68
6138.00000 1577.28
6138.10000 1560.61
6138.20000 1564.81
6138.30000 1562.67
6138.40000 1548.91
6138.50000 1566.02
6138.60000 1579.94
6138.70000 1561.05
6138.80000 1565.33
6138.90000 1577.64
6139.00000 1563.86
6139.10000 1572.96
6139.20000 1569.41
6139.30000 1570.80
6139.40000 1576.78
6139.50000 1569.87
6139.60000 1569.89
6139.70000 1577.06
6139.80000 1572.41
6139.90000 1561.38
6140.00000 1570.91
6140.10000 1564.41
6140.20000 1563.19
6140.30000 1553.00
6140.40000 1555.50
6140.50000 1538.74
6140.60000 1537.63
6140.70000 1546.23
6140.80000 1566.64
6140.90000 1564.24
6141.00000 1573.06
6141.10000 1572.07
6141.20000 1584.58
6141.30000 1571.58
6141.40000 1579.90
6141.50000 1579.49
6141.60000 1572.28
6141.70000 1564.76
6141.80000 1571.73
6141.90000 1580.91
6142.00000 1574.18
6142.10000 1570.55
6142.20000 1561.59
6142.30000 1572.14
6142.40000 1566.50
6142.50000 1567.44
6142.60000 1566.25
6142.70000 1556.12
6142.80000 1582.90
6142.90000 1568.95
6143.00000 1573.61
6143.10000 1582.08
6143.20000 1565.86
6143.30000 1580.70
6143.40000 1567.81
6143.50000 1579.85
6143.60000 1581.03
6143.70000 1574.50
6143.80000 1577.27
6143.90000 1584.80
6144.00000 1564.59
6144.10000 1584.02
6144.20000 1578.40
6144.30000 1589.42
6144.40000 1591.41
6144.50000 1581.64
6144.60000 1594.46
6144.70000 1592.05
6144.80000 1590.79
6144.90000 1598.57
6145.00000 1613.91
6145.10000 1615.96
6145.20000 1603.48
6145.30000 1612.84
6145.40000 1609.77
6145.50000 1611.69
6145.60000 1612.70
6145.70000 1626.71
6145.80000 1620.67
6145.90000 1626.01
6146.00000 1620.96
6146.10000 1619.23
6146.20000 1608.57
6146.30000 1625.80
6146.40000 1603.17
6146.50000 1620.74
6146.60000 1621.70
6146.70000 1628.40
6146.80000 1623.06
6146.90000 1631.91
6147.00000 1641.69
6147.10000 1630.19
6147.20000 1625.48
6147.30000 1637.10
6147.40000 1638.14
6147.50000 1630.58
6147.60000 1636.11
6147.70000 1620.72
6147.80000 1615.32
6147.90000 1607.63
6148.00000 1618.88
6148.10000 1601.00
6148.20000 1624.67
6148.30000 1619.87
6148.40000 1606.23
6148.50000 1610.94
6148.60000 1595.28
6148.70000 1601.49
6148.80000 1601.21
6148.90000 1592.46
6149.00000 1596.43
6149.10000 1591.50
6149.20000 1580.16
6149.30000 1589.66
6149.40000 1609.86
6149.50000 1602.71
6149.60000 1609.56
6149.70000 1604.63
6149.80000 1608.68
6149.90000 1600.33
6150.00000 1591.73
6150.10000 1601.61
6150.20000 1607.81
6150.30000 1600.20
6150.40000 1606.19
6150.50000 1600.43
6150.60000 1605.44
6150.70000 1606.53
6150.80000 1609.68
6150.90000 1614.57
6151.00000 1621.28
6151.10000 1604.60
6151.20000 1614.96
6151.30000 1605.13
6151.40000 1599.91
6151.50000 1612.49
6151.60000 1623.68
6151.70000 1620.72
6151.80000 1620.96
6151.90000 1625.90
6152.00000 1615.71
6152.10000 1608.22
6152.20000 1614.46
6152.30000 1616.36
6152.40000 1608.09
6152.50000 1607.62
6152.60000 1634.75
6152.70000 1617.83
6152.80000 1603.53
6152.90000 1612.19
6153.00000 1610.02
6153.10000 1599.41
6153.20000 1601.62
6153.30000 1603.84
6153.40000 1615.81
6153.50000 1593.72
6153.60000 1608.62
6153.70000 1611.39
6153.80000 1601.22
6153.90000 1596.56
6154.00000 1587.49
6154.10000 1597.77
6154.20000 1599.55
6154.30000 1580.24
6154.40000 1569.09
6154.50000 1579.27
6154.60000 1584.89
6154.70000 1590.53
6154.80000 1590.82
6154.90000 1592.39
6155.00000 1584.06
6155.10000 1572.03
6155.20000 1570.98
6155.30000 1570.65
6155.40000 1571.00
6155.50000 1590.96
6155.60000 1571.13
6155.70000 1557.07
6155.80000 1571.88
6155.90000 1575.16
6156.00000 1563.23
6156.10000 1570.88
6156.20000 1566.21
6156.30000 1587.16
6156.40000 1573.69
6156.50000 1576.17
6156.60000 1575.90
6156.70000 1570.01
6156.80000 1582.49
6156.90000 1583.31
6157.00000 1582.97
6157.10000 1579.74
6157.20000 1577.55
6157.30000 1570.00
6157.40000 1571.25
6157.50000 1563.33
6157.60000 1557.64
6157.70000 1561.81
6157.80000 1569.24
6157.90000 1571.03
6158.00000 1577.35
6158.10000 1571.16
6158.20000 1585.42
6158.30000 1580.46
6158.40000 1572.58
6158.50000 1559.25
6158.60000 1569.99
6158.70000 1569.19
6158.80000 1566.18
6158.90000 1551.98
6159.00000 1564.07
6159.10000 1557.34
6159.20000 1562.76
6159.30000 1562.37
6159.40000 1572.44
6159.50000 1578.24
6159.60000 1578.41
6159.70000 1573.31
6159.80000 1568.66
6159.90000 1574.72
6160.00000 1565.70
6160.10000 1562.31
6160.20000 1571.67
6160.30000 1564.32
6160.40000 1552.98
6160.50000 1562.33
6160.60000 1566.77
6160.70000 1571.41
6160.80000 1564.98
6160.90000 1550.10
6161.00000 1563.71
6161.10000 1576.47
6161.20000 1587.40
6161.30000 1559.76
6161.40000 1568.61
6161.50000 1565.06
6161.60000 1569.44
6161.70000 1570.73
6161.80000 1570.73
6161.90000 1560.99
6162.00000 1563.89
6162.10000 1566.61
6162.20000 1552.99
6162.30000 1536.36
6162.40000 1527.12
6162.50000 1542.83
6162.60000 1566.56
6162.70000 1552.00
6162.80000 1560.88
6162.90000 1566.80
6163.00000 1563.44
6163.10000 1575.14
6163.20000 1550.54
6163.30000 1544.73
6163.40000 1546.94
6163.50000 1563.31
6163.60000 1555.58
6163.70000 1532.00
6163.80000 1552.09
6163.90000 1551.27
6164.00000 1533.52
6164.10000 1533.58
6164.20000 1539.34
6164.30000 1545.05
6164.40000 1556.98
6164.50000 1541.78
6164.60000 1542.31
6164.70000 1536.56
6164.80000 1535.68
6164.90000 1531.92
6165.00000 1537.41
6165.10000 1552.88
6165.20000 1537.62
6165.30000 1537.14
6165.40000 1528.99
6165.50000 1537.18
6165.60000 1533.61
6165.70000 1539.77
6165.80000 1545.28
6165.90000 1531.51
6166.00000 1545.15
6166.10000 1539.43
6166.20000 1537.31
6166.30000 1527.15
6166.40000 1527.68
6166.50000 1530.61
6166.60000 1526.08
6166.70000 1527.75
6166.80000 1543.61
6166.90000 1537.43
6167.00000 1541.56
6167.10000 1528.66
6167.20000 1529.68
6167.30000 1543.59
6167.40000 1540.58
6167.50000 1535.81
6167.60000 1552.02
6167.70000 1543.60
6167.80000 1528.93
6167.90000 1536.85
6168.00000 1544.47
6168.10000 1544.01
6168.20000 1534.58
6168.30000 1527.13
6168.40000 1537.21
6168.50000 1547.91
6168.60000 1535.60
6168.70000 1537.27
6168.80000 1536.17
6168.90000 1534.64
6169.00000 1538.79
6169.10000 1529.25
6169.20000 1537.56
6169.30000 1534.28
6169.40000 1550.67
6169.50000 1538.87
6169.60000 1544.22
6169.70000 1547.56
6169.80000 1528.88
6169.90000 1538.65
6170.00000 1545.87
6170.10000 1522.25
6170.20000 1536.54
6170.30000 1536.49
6170.40000 1547.12
6170.50000 1542.69
6170.60000 1541.06
6170.70000 1538.38
6170.80000 1545.36
6170.90000 1538.19
6171.00000 1535.47
6171.10000 1527.74
6171.20000 1548.36
6171.30000 1543.04
6171.40000 1532.68
6171.50000 1526.27
6171.60000 1535.56
6171.70000 1538.46
6171.80000 1530.12
6171.90000 1555.55
6172.00000 1543.18
6172.10000 1535.24
6172.20000 1535.82
6172.30000 1540.85
6172.40000 1527.56
6172.50000 1534.58
6172.60000 1549.18
6172.70000 1546.01
6172.80000 1537.92
6172.90000 1532.90
6173.00000 1546.01
6173.10000 1554.25
6173.20000 1531.99
6173.30000 1539.10
6173.40000 1543.04
6173.50000 1554.19
6173.60000 1543.60
6173.70000 1540.97
6173.80000 1536.25
6173.90000 1536.15
6174.00000 1540.76
6174.10000 1547.41
6174.20000 1549.23
6174.30000 1544.37
6174.40000 1542.48
6174.50000 1539.26
6174.60000 1537.73
6174.70000 1533.16
6174.80000 1528.92
6174.90000 1536.99
6175.00000 1540.80
6175.10000 1531.06
6175.20000 1538.84
6175.30000 1524.33
6175.40000 1532.88
6175.50000 1534.59
6175.60000 1535.01
6175.70000 1528.00
6175.80000 1536.78
6175.90000 1522.79
6176.00000 1549.99
6176.10000 1532.91
6176.20000 1548.96
6176.30000 1547.26
6176.40000 1545.47
6176.50000 1540.65
6176.60000 1544.33
6176.70000 1538.34
6176.80000 1530.85
6176.90000 1548.05
6177.00000 1542.87
6177.10000 1522.31
6177.20000 1536.39
6177.30000 1524.89
6177.40000 1540.68
6177.50000 1545.26
6177.60000 1543.46
6177.70000 1537.03
6177.80000 1529.87
6177.90000 1549.34
6178.00000 1519.79
6178.10000 1530.76
6178.20000 1526.42
6178.30000 1531.55
6178.40000 1522.47
6178.50000 1520.77
6178.60000 1531.13
6178.70000 1541.17
6178.80000 1540.64
6178.90000 1524.16
6179.00000 1549.01
6179.10000 1534.45
6179.20000 1543.21
6179.30000 1521.26
6179.40000 1532.37
6179.50000 1529.18
6179.60000 1529.46
6179.70000 1527.80
6179.80000 1607.72
6179.90000 1536.43
6180.00000 1538.83
6180.10000 1536.95
6180.20000 1532.01
6180.30000 1527.57
6180.40000 1535.40
6180.50000 1532.35
6180.60000 1538.98
6180.70000 1540.54
6180.80000 1529.85
6180.90000 1539.98
6181.00000 1528.65
6181.10000 1522.37
6181.20000 1526.25
6181.30000 1514.37
6181.40000 1532.01
6181.50000 1534.94
6181.60000 1523.15
6181.70000 1533.26
6181.80000 1527.66
6181.90000 1521.75
6182.00000 1531.33
6182.10000 1535.01
6182.20000 1533.65
6182.30000 1535.41
6182.40000 1534.67
6182.50000 1530.21
6182.60000 1521.99
6182.70000 1555.18
6182.80000 1530.57
6182.90000 1536.88
6183.00000 1531.65
6183.10000 1530.43
6183.20000 1546.10
6183.30000 1527.90
6183.40000 1520.18
6183.50000 1533.73
6183.60000 1525.77
6183.70000 1521.40
6183.80000 1526.61
6183.90000 1540.13
6184.00000 1535.19
6184.10000 1528.31
6184.20000 1531.42
6184.30000 1529.83
6184.40000 1543.21
6184.50000 1529.67
6184.60000 1547.01
6184.70000 1533.21
6184.80000 1542.98
6184.90000 1528.65
6185.00000 1527.78
6185.10000 1546.51
6185.20000 1533.17
6185.30000 1526.74
6185.40000 1531.69
6185.50000 1535.14
6185.60000 1520.41
6185.70000 1526.18
6185.80000 1534.80
6185.90000 1527.55
6186.00000 1519.35
6186.10000 1530.47
6186.20000 1499.09
6186.30000 1511.22
6186.40000 1517.95
6186.50000 1525.80
6186.60000 1509.66
6186.70000 1508.35
6186.80000 1522.46
6186.90000 1520.26
6187.00000 1526.24
6187.10000 1522.56
6187.20000 1514.15
6187.30000 1513.64
6187.40000 1521.24
6187.50000 1518.18
6187.60000 1535.06
6187.70000 1530.37
6187.80000 1513.48
6187.90000 1524.23
6188.00000 1539.68
6188.10000 1521.23
6188.20000 1531.15
6188.30000 1512.74
6188.40000 1519.11
6188.50000 1546.16
6188.60000 1533.40
6188.70000 1517.56
6188.80000 1531.50
6188.90000 1511.23
6189.00000 1530.82
6189.10000 1523.41
6189.20000 1524.85
6189.30000 1529.54
6189.40000 1532.04
6189.50000 1527.14
6189.60000 1531.97
6189.70000 1509.23
6189.80000 1524.89
6189.90000 1520.84
6190.00000 1521.05
6190.10000 1538.75
6190.20000 1538.33
6190.30000 1537.42
6190.40000 1528.51
6190.50000 1518.77
6190.60000 1535.36
6190.70000 1536.56
6190.80000 1527.73
6190.90000 1535.19
6191.00000 1546.32
6191.10000 1537.54
6191.20000 1543.57
6191.30000 1527.01
6191.40000 1536.40
6191.50000 1522.33
6191.60000 1540.60
6191.70000 1537.26
6191.80000 1546.62
6191.90000 1538.46
6192.00000 1523.40
6192.10000 1534.05
6192.20000 1537.44
6192.30000 1544.34
6192.40000 1538.07
6192.50000 1533.90
6192.60000 1544.46
6192.70000 1535.90
6192.80000 1556.79
6192.90000 1536.39
6193.00000 1536.76
6193.10000 1543.36
6193.20000 1532.93
6193.30000 1526.51
6193.40000 1546.32
6193.50000 1536.94
6193.60000 1528.97
6193.70000 1534.00
6193.80000 1534.68
6193.90000 1536.62
6194.00000 1541.03
6194.10000 1531.09
6194.20000 1532.60
6194.30000 1541.41
6194.40000 1531.64
6194.50000 1538.72
6194.60000 1531.98
6194.70000 1545.41
6194.80000 1539.17
6194.90000 1527.40
6195.00000 1541.24
6195.10000 1525.74
6195.20000 1520.70
6195.30000 1513.05
6195.40000 1530.56
6195.50000 1543.66
6195.60000 1543.63
6195.70000 1542.34
6195.80000 1538.86
6195.90000 1542.49
6196.00000 1539.45
6196.10000 1527.98
6196.20000 1520.08
6196.30000 1479.00
6196.40000 1442.53
6196.50000 1402.29
6196.60000 1404.87
6196.70000 1443.85
6196.80000 1519.71
6196.90000 1546.02
6197.00000 1544.23
6197.10000 1538.26
6197.20000 1548.11
6197.30000 1548.74
6197.40000 1552.58
6197.50000 1548.37
6197.60000 1544.96
6197.70000 1555.62
6197.80000 1551.51
6197.90000 1535.75
6198.00000 1553.99
6198.10000 1545.76
6198.20000 1550.71
6198.30000 1544.05
6198.40000 1547.34
6198.50000 1540.73
6198.60000 1550.76
6198.70000 1541.27
6198.80000 1551.15
6198.90000 1541.48
6199.00000 1541.46
6199.10000 1540.52
6199.20000 1537.87
6199.30000 1530.60
6199.40000 1517.12
6199.50000 1536.24
6199.60000 1525.16
6199.70000 1536.82
6199.80000 1550.84
6199.90000 1538.48
6200.00000 1531.60
6200.10000 1541.27
6200.20000 1537.37
6200.30000 1547.28
6200.40000 1549.50
6200.50000 1543.89
6200.60000 1550.42
6200.70000 1543.29
6200.80000 1527.26
6200.90000 1545.84
6201.00000 1541.47
6201.10000 1526.88
6201.20000 1537.03
6201.30000 1522.72
6201.40000 1528.02
6201.50000 1521.49
6201.60000 1519.20
6201.70000 1535.20
6201.80000 1535.78
6201.90000 1528.60
6202.00000 1522.80
6202.10000 1508.01
6202.20000 1526.78
6202.30000 1517.38
6202.40000 1520.88
6202.50000 1512.97
6202.60000 1508.03
6202.70000 1504.54
6202.80000 1499.59
6202.90000 1489.88
6203.00000 1498.62
6203.10000 1468.60
6203.20000 1470.91
6203.30000 1461.92
6203.40000 1465.07
6203.50000 1462.87
6203.60000 1449.09
6203.70000 1448.26
6203.80000 1467.86
6203.90000 1452.56
6204.00000 1470.10
6204.10000 1475.48
6204.20000 1501.33
6204.30000 1511.74
6204.40000 1518.26
6204.50000 1524.15
6204.60000 1512.03
6204.70000 1522.94
6204.80000 1520.22
6204.90000 1517.54
6205.00000 1536.40
6205.10000 1531.23
6205.20000 1531.35
6205.30000 1509.91
6205.40000 1513.75
6205.50000 1530.46
6205.60000 1520.18
6205.70000 1533.58
6205.80000 1540.57
6205.90000 1541.72
6206.00000 1537.68
6206.10000 1529.83
6206.20000 1523.72
6206.30000 1529.20
6206.40000 1538.46
6206.50000 1519.45
6206.60000 1532.35
6206.70000 1557.92
6206.80000 1543.12
6206.90000 1532.00
6207.00000 1541.68
6207.10000 1528.19
6207.20000 1525.33
6207.30000 1541.95
6207.40000 1548.57
6207.50000 1532.33
6207.60000 1529.92
6207.70000 1545.47
6207.80000 1537.25
6207.90000 1533.39
6208.00000 1544.65
6208.10000 1545.64
6208.20000 1541.33
6208.30000 1555.75
6208.40000 1546.87
6208.50000 1545.31
6208.60000 1540.45
6208.70000 1547.94
6208.80000 1538.07
6208.90000 1534.87
6209.00000 1547.16
6209.10000 1543.97
6209.20000 1552.99
6209.30000 1555.62
6209.40000 1542.53
6209.50000 1558.63
6209.60000 1549.43
6209.70000 1540.03
6209.80000 1541.13
6209.90000 1570.74
6210.00000 1541.47
6210.10000 1552.95
6210.20000 1542.53
6210.30000 1546.86
6210.40000 1563.33
6210.50000 1552.69
6210.60000 1547.00
6210.70000 1544.78
6210.80000 1538.65
6210.90000 1548.33
6211.00000 1546.85
6211.10000 1546.32
6211.20000 1542.21
6211.30000 1553.84
6211.40000 1536.06
6211.50000 1538.86
6211.60000 1545.39
6211.70000 1539.54
6211.80000 1534.76
6211.90000 1540.66
6212.00000 1533.42
6212.10000 1549.90
6212.20000 1520.69
6212.30000 1510.96
6212.40000 1525.70
6212.50000 1534.45
6212.60000 1539.53
6212.70000 1549.72
6212.80000 1536.72
6212.90000 1548.35
6213.00000 1538.28
6213.10000 1553.70
6213.20000 1535.37
6213.30000 1534.04
6213.40000 1513.45
6213.50000 1530.66
6213.60000 1540.25
6213.70000 1534.17
6213.80000 1518.45
6213.90000 1533.49
6214.00000 1535.58
6214.10000 1532.76
6214.20000 1541.75
6214.30000 1540.18
6214.40000 1534.44
6214.50000 1550.39
6214.60000 1531.35
6214.70000 1523.28
6214.80000 1538.15
6214.90000 1538.53
6215.00000 1537.13
6215.10000 1549.20
6215.20000 1535.69
6215.30000 1543.69
6215.40000 1544.85
6215.50000 1539.69
6215.60000 1557.59
6215.70000 1542.16
6215.80000 1524.45
6215.90000 1529.39
6216.00000 1532.07
6216.10000 1537.54
6216.20000 1532.79
6216.30000 1518.83
6216.40000 1532.39
6216.50000 1547.08
6216.60000 1541.49
6216.70000 1540.88
6216.80000 1536.11
6216.90000 1553.00
6217.00000 1561.97
6217.10000 1539.53
6217.20000 1543.74
6217.30000 1548.53
6217.40000 1561.73
6217.50000 1549.95
6217.60000 1555.41
6217.70000 1558.57
6217.80000 1547.12
6217.90000 1543.66
6218.00000 1545.29
6218.10000 1559.66
6218.20000 1550.17
6218.30000 1554.52
6218.40000 1544.04
6218.50000 1563.46
6218.60000 1540.88
6218.70000 1556.44
6218.80000 1562.27
6218.90000 1563.96
6219.00000 1535.37
6219.10000 1543.41
6219.20000 1541.11
6219.30000 1545.28
6219.40000 1543.22
6219.50000 1552.47
6219.60000 1558.85
6219.70000 1542.48
6219.80000 1547.42
6219.90000 1555.56
6220.00000 1535.37
6220.10000 1543.45
6220.20000 1543.36
6220.30000 1552.27
6220.40000 1547.11
6220.50000 1544.50
6220.60000 1539.79
6220.70000 1551.18
6220.80000 1544.42
6220.90000 1547.47
6221.00000 1547.19
6221.10000 1543.64
6221.20000 1545.53
6221.30000 1539.67
6221.40000 1552.13
6221.50000 1538.80
6221.60000 1547.60
6221.70000 1545.51
6221.80000 1552.86
6221.90000 1557.17
6222.00000 1555.54
6222.10000 1552.35
6222.20000 1550.47
6222.30000 1550.45
6222.40000 1544.56
6222.50000 1542.25
6222.60000 1534.89
6222.70000 1551.09
6222.80000 1548.41
6222.90000 1552.32
6223.00000 1536.53
6223.10000 1541.28
6223.20000 1550.41
6223.30000 1541.21
6223.40000 1545.36
6223.50000 1557.73
6223.60000 1548.18
6223.70000 1562.57
6223.80000 1548.25
6223.90000 1556.66
6224.00000 1532.81
6224.10000 1546.16
6224.20000 1545.46
6224.30000 1534.92
6224.40000 1547.19
6224.50000 1549.00
6224.60000 1555.89
6224.70000 1547.66
6224.80000 1568.72
6224.90000 1543.78
6225.00000 1568.60
6225.10000 1549.29
6225.20000 1560.16
6225.30000 1556.20
6225.40000 1545.63
6225.50000 1560.81
6225.60000 1555.05
6225.70000 1548.79
6225.80000 1552.39
6225.90000 1546.68
6226.00000 1543.45
6226.10000 1556.99
6226.20000 1564.23
6226.30000 1564.74
6226.40000 1555.87
6226.50000 1548.75
6226.60000 1552.02
6226.70000 1536.78
6226.80000 1539.66
6226.90000 1533.05
6227.00000 1550.94
6227.10000 1542.34
6227.20000 1557.28
6227.30000 1558.76
6227.40000 1566.67
6227.50000 1571.55
6227.60000 1571.02
6227.70000 1572.66
6227.80000 1573.36
6227.90000 1564.94
6228.00000 1555.16
6228.10000 1568.13
6228.20000 1570.08
6228.30000 1571.86
6228.40000 1566.03
6228.50000 1568.84
6228.60000 1566.60
6228.70000 1566.76
6228.80000 1565.95
6228.90000 1568.49
6229.00000 1558.90
6229.10000 1568.68
6229.20000 1573.87
6229.30000 1556.86
6229.40000 1562.15
6229.50000 1563.09
6229.60000 1575.51
6229.70000 1566.27
6229.80000 1578.40
6229.90000 1571.33
6230.00000 1563.10
6230.10000 1577.35
6230.20000 1564.50
6230.30000 1567.67
6230.40000 1571.04
6230.50000 1571.66
6230.60000 1568.72
6230.70000 1561.56
6230.80000 1562.17
6230.90000 1562.92
6231.00000 1567.95
6231.10000 1573.32
6231.20000 1567.08
6231.30000 1572.66
6231.40000 1572.77
6231.50000 1584.08
6231.60000 1570.18
6231.70000 1581.85
6231.80000 1587.97
6231.90000 1571.19
6232.00000 1577.09
6232.10000 1571.90
6232.20000 1568.46
6232.30000 1583.17
6232.40000 1564.52
6232.50000 1575.41
6232.60000 1570.67
6232.70000 1585.07
6232.80000 1575.62
6232.90000 1577.13
6233.00000 1561.94
6233.10000 1567.57
6233.20000 1576.95
6233.30000 1578.73
6233.40000 1562.63
6233.50000 1567.20
6233.60000 1566.55
6233.70000 1580.56
6233.80000 1593.08
6233.90000 1588.62
6234.00000 1573.70
6234.10000 1587.62
6234.20000 1568.81
6234.30000 1561.41
6234.40000 1554.81
6234.50000 1551.68
6234.60000 1551.71
6234.70000 1549.17
6234.80000 1566.22
6234.90000 1578.42
6235.00000 1597.40
6235.10000 1592.46
6235.20000 1594.33
6235.30000 1606.68
6235.40000 1627.48
6235.50000 1613.61
6235.60000 1625.72
6235.70000 1613.17
6235.80000 1619.37
6235.90000 1622.01
6236.00000 1632.30
6236.10000 1606.39
6236.20000 1615.38
6236.30000 1614.96
6236.40000 1636.88
6236.50000 1625.98
6236.60000 1629.85
6236.70000 1635.84
6236.80000 1626.84
6236.90000 1620.05
6237.00000 1612.09
6237.10000 1612.74
6237.20000 1609.13
6237.30000 1607.00
6237.40000 1615.00
6237.50000 1618.95
6237.60000 1616.36
6237.70000 1610.10
6237.80000 1606.13
6237.90000 1607.87
6238.00000 1613.14
6238.10000 1599.96
6238.20000 1600.75
6238.30000 1611.66
6238.40000 1598.42
6238.50000 1592.10
6238.60000 1598.66
6238.70000 1597.19
6238.80000 1586.60
6238.90000 1589.42
6239.00000 1589.93
6239.10000 1597.41
6239.20000 1587.24
6239.30000 1588.97
6239.40000 1586.99
6239.50000 1586.52
6239.60000 1577.01
6239.70000 1592.49
6239.80000 1602.05
6239.90000 1584.82
6240.00000 1584.54
6240.10000 1589.31
6240.20000 1584.37
6240.30000 1591.54
6240.40000 1598.21
6240.50000 1607.82
6240.60000 1601.62
6240.70000 1589.77
6240.80000 1587.56
6240.90000 1591.29
6241.00000 1608.76
6241.10000 1601.67
6241.20000 1610.45
6241.30000 1608.51
6241.40000 1621.53
6241.50000 1609.40
6241.60000 1600.47
6241.70000 1605.72
6241.80000 1609.03
6241.90000 1602.27
6242.00000 1613.56
6242.10000 1619.31
6242.20000 1619.64
6242.30000 1619.41
6242.40000 1604.25
6242.50000 1611.87
6242.60000 1601.50
6242.70000 1604.23
6242.80000 1600.75
6242.90000 1603.62
6243.00000 1617.25
6243.10000 1611.38
6243.20000 1610.93
6243.30000 1600.99
6243.40000 1602.39
6243.50000 1608.18
6243.60000 1600.66
6243.70000 1604.40
6243.80000 1595.82
6243.90000 1610.43
6244.00000 1595.72
6244.10000 1596.96
6244.20000 1606.94
6244.30000 1603.06
6244.40000 1610.65
6244.50000 1613.90
6244.60000 1600.08
6244.70000 1612.67
6244.80000 1597.80
6244.90000 1606.51
6245.00000 1607.11
6245.10000 1604.49
6245.20000 1613.73
6245.30000 1631.85
6245.40000 1617.54
6245.50000 1624.78
6245.60000 1622.32
6245.70000 1623.60
6245.80000 1632.21
6245.90000 1635.47
6246.00000 1634.57
6246.10000 1633.75
6246.20000 1633.43
6246.30000 1644.50
6246.40000 1630.63
6246.50000 1620.73
6246.60000 1629.76
6246.70000 1631.57
6246.80000 1617.44
6246.90000 1620.63
6247.00000 1644.49
6247.10000 1643.42
6247.20000 1649.72
6247.30000 1641.93
6247.40000 1623.26
6247.50000 1614.64
6247.60000 1618.84
6247.70000 1615.39
6247.80000 1612.53
6247.90000 1609.14
6248.00000 1610.31
6248.10000 1616.01
6248.20000 1609.14
6248.30000 1605.74
6248.40000 1615.94
6248.50000 1610.78
6248.60000 1608.31
6248.70000 1606.03
6248.80000 1612.82
6248.90000 1609.62
6249.00000 1624.04
6249.10000 1620.42
6249.20000 1612.58
6249.30000 1606.53
6249.40000 1610.96
6249.50000 1613.68
6249.60000 1629.62
6249.70000 1628.76
6249.80000 1631.57
6249.90000 1629.47
6250.00000 1623.42
6250.10000 1626.97
6250.20000 1627.07
6250.30000 1630.48
6250.40000 1630.36
6250.50000 1643.47
6250.60000 1641.79
6250.70000 1638.35
6250.80000 1644.85
6250.90000 1625.34
6251.00000 1633.26
6251.10000 1611.16
6251.20000 1621.31
6251.30000 1608.77
6251.40000 1610.09
6251.50000 1611.74
6251.60000 1610.68
6251.70000 1617.83
6251.80000 1614.22
6251.90000 1604.65
6252.00000 1609.07
6252.10000 1597.90
6252.20000 1598.12
6252.30000 1596.79
6252.40000 1604.67
6252.50000 1587.90
6252.60000 1581.44
6252.70000 1584.78
6252.80000 1574.13
6252.90000 1585.47
6253.00000 1574.86
6253.10000 1574.11
6253.20000 1561.56
6253.30000 1566.32
6253.40000 1555.02
6253.50000 1565.59
6253.60000 1553.62
6253.70000 1562.22
6253.80000 1559.08
6253.90000 1557.60
6254.00000 1557.02
6254.10000 1549.56
6254.20000 1540.00
6254.30000 1550.97
6254.40000 1551.95
6254.50000 1552.67
6254.60000 1548.36
6254.70000 1544.63
6254.80000 1541.27
6254.90000 1532.56
6255.00000 1550.88
6255.10000 1540.63
6255.20000 1545.16
6255.30000 1542.86
6255.40000 1540.45
6255.50000 1541.80
6255.60000 1544.90
6255.70000 1544.44
6255.80000 1532.80
6255.90000 1552.30
6256.00000 1545.22
6256.10000 1542.12
6256.20000 1537.77
6256.30000 1547.21
6256.40000 1540.29
6256.50000 1547.87
6256.60000 1549.88
6256.70000 1545.42
6256.80000 1537.58
6256.90000 1541.38
6257.00000 1539.06
6257.10000 1539.74
6257.20000 1540.92
6257.30000 1546.85
6257.40000 1548.69
6257.50000 1537.69
6257.60000 1546.96
6257.70000 1542.91
6257.80000 1530.25
6257.90000 1541.54
6258.00000 1538.86
6258.10000 1541.26
6258.20000 1516.85
6258.30000 1535.34
6258.40000 1533.82
6258.50000 1547.20
6258.60000 1543.06
6258.70000 1523.16
6258.80000 1536.26
6258.90000 1528.74
6259.00000 1535.95
6259.10000 1526.08
6259.20000 1522.30
6259.30000 1540.29
6259.40000 1518.68
6259.50000 1534.34
6259.60000 1534.33
6259.70000 1546.17
6259.80000 1537.30
6259.90000 1531.67
6260.00000 1527.83
6260.10000 1526.60
6260.20000 1517.59
6260.30000 1519.26
6260.40000 1537.57
6260.50000 1531.80
6260.60000 1525.30
6260.70000 1535.83
6260.80000 1527.36
6260.90000 1544.68
6261.00000 1541.24
6261.10000 1523.39
6261.20000 1529.12
6261.30000 1534.41
6261.40000 1529.00
6261.50000 1533.34
6261.60000 1517.98
6261.70000 1518.65
6261.80000 1527.64
6261.90000 1535.52
6262.00000 1536.51
6262.10000 1531.29
6262.20000 1522.28
6262.30000 1528.09
6262.40000 1523.69
6262.50000 1520.28
6262.60000 1529.01
6262.70000 1531.85
6262.80000 1523.00
6262.90000 1528.83
6263.00000 1521.45
6263.10000 1526.67
6263.20000 1539.26
6263.30000 1536.57
6263.40000 1542.15
6263.50000 1533.48
6263.60000 1520.75
6263.70000 1546.91
6263.80000 1528.13
6263.90000 1540.38
6264.00000 1544.69
6264.10000 1533.40
6264.20000 1530.32
6264.30000 1525.88
6264.40000 1535.76
6264.50000 1531.00
6264.60000 1529.58
6264.70000 1527.69
6264.80000 1527.37
6264.90000 1525.70
6265.00000 1524.83
6265.10000 1526.85
6265.20000 1520.52
6265.30000 1534.79
6265.40000 1529.20
6265.50000 1518.84
6265.60000 1516.44
6265.70000 1523.91
6265.80000 1532.48
6265.90000 1525.17
6266.00000 1535.95
6266.10000 1528.69
6266.20000 1531.64
6266.30000 1518.80
6266.40000 1530.79
6266.50000 1535.46
6266.60000 1529.25
6266.70000 1525.79
6266.80000 1532.74
6266.90000 1529.00
6267.00000 1524.13
6267.10000 1527.30
6267.20000 1540.20
6267.30000 1539.00
6267.40000 1542.41
6267.50000 1526.53
6267.60000 1541.08
6267.70000 1544.01
6267.80000 1522.45
6267.90000 1538.39
6268.00000 1527.03
6268.10000 1532.73
6268.20000 1506.80
6268.30000 1515.46
6268.40000 1525.92
6268.50000 1517.66
6268.60000 1523.59
6268.70000 1512.45
6268.80000 1519.54
6268.90000 1515.54
6269.00000 1519.64
6269.10000 1514.34
6269.20000 1514.68
6269.30000 1504.24
6269.40000 1506.16
6269.50000 1507.11
6269.60000 1513.59
6269.70000 1513.19
6269.80000 1488.24
6269.90000 1471.81
6270.00000 1467.17
6270.10000 1449.11
6270.20000 1444.93
6270.30000 1438.72
6270.40000 1465.38
6270.50000 1445.33
6270.60000 1475.69
6270.70000 1471.45
6270.80000 1472.33
6270.90000 1471.97
6271.00000 1488.81
6271.10000 1491.46
6271.20000 1492.71
6271.30000 1504.48
6271.40000 1504.29
6271.50000 1509.05
6271.60000 1505.34
6271.70000 1504.60
6271.80000 1505.83
6271.90000 1511.10
6272.00000 1504.99
6272.10000 1509.33
6272.20000 1515.54
6272.30000 1507.13
6272.40000 1514.51
6272.50000 1506.12
6272.60000 1514.61
6272.70000 1520.50
6272.80000 1525.95
6272.90000 1511.16
6273.00000 1496.43
6273.10000 1500.76
6273.20000 1508.84
6273.30000 1511.44
6273.40000 1520.81
6273.50000 1520.61
6273.60000 1521.10
6273.70000 1518.79
6273.80000 1522.91
6273.90000 1519.25
6274.00000 1531.45
6274.10000 1519.44
6274.20000 1520.49
6274.30000 1532.26
6274.40000 1519.91
6274.50000 1520.86
6274.60000 1515.89
6274.70000 1514.86
6274.80000 1528.08
6274.90000 1525.26
6275.00000 1533.39
6275.10000 1524.70
6275.20000 1511.63
6275.30000 1522.09
6275.40000 1515.87
6275.50000 1520.81
6275.60000 1518.60
6275.70000 1521.99
6275.80000 1503.24
6275.90000 1481.33
6276.00000 1514.10
6276.10000 1497.73
6276.20000 1504.92
6276.30000 1522.59
6276.40000 1518.51
6276.50000 1507.46
6276.60000 1516.96
6276.70000 1504.59
6276.80000 1515.42
6276.90000 1516.72
6277.00000 1499.92
6277.10000 1474.94
6277.20000 1234.00
6277.30000 1438.18
6277.40000 1282.32
6277.50000 1385.20
6277.60000 1442.76
6277.70000 1502.04
6277.80000 1463.27
6277.90000 1217.86
6278.00000 1225.23
6278.10000 1267.96
6278.20000 1301.27
6278.30000 1370.32
6278.40000 1407.23
6278.50000 1453.78
6278.60000 1286.46
6278.70000 940.86
6278.80000 1392.27
6278.90000 1455.70
6279.00000 1418.86
6279.10000 1500.81
6279.20000 1499.10
6279.30000 1497.52
6279.40000 1412.17
6279.50000 1241.96
6279.60000 1436.54
6279.70000 1163.14
6279.80000 1438.67
6279.90000 1484.21
6280.00000 1490.59
6280.10000 1473.30
6280.20000 1500.39
6280.30000 1475.28
6280.40000 1439.73
6280.50000 1186.64
6280.60000 1453.81
6280.70000 1477.30
6280.80000 1475.28
6280.90000 1416.26
6281.00000 1160.95
6281.10000 1439.89
6281.20000 1476.30
6281.30000 1494.52
6281.40000 1469.29
6281.50000 1471.28
6281.60000 1467.97
6281.70000 1399.90
6281.80000 1232.92
6281.90000 1466.84
6282.00000 1473.82
6282.10000 1457.82
6282.20000 1434.20
6282.30000 1441.03
6282.40000 1439.55
6282.50000 1299.66
6282.60000 1290.70
6282.70000 1453.53
6282.80000 1453.05
6282.90000 1444.31
6283.00000 1437.03
6283.10000 1374.05
6283.20000 1397.31
6283.30000 1248.15
6283.40000 1364.15
6283.50000 1411.05
6283.60000 1396.46
6283.70000 1395.90
6283.80000 1404.75
6283.90000 1388.03
6284.00000 1382.10
6284.10000 1376.60
6284.20000 1370.13
6284.30000 1342.95
6284.40000 1195.35
6284.50000 1357.97
6284.60000 1368.97
6284.70000 1383.05
6284.80000 1387.74
6284.90000 1384.20
6285.00000 1384.65
6285.10000 1324.36
6285.20000 1364.50
6285.30000 1392.30
6285.40000 1409.56
6285.50000 1415.83
6285.60000 1416.26
6285.70000 1427.00
6285.80000 1414.72
6285.90000 1428.45
6286.00000 1424.14
6286.10000 1430.24
6286.20000 1437.26
6286.30000 1413.17
6286.40000 1359.27
6286.50000 1435.55
6286.60000 1446.01
6286.70000 1448.79
6286.80000 1468.13
6286.90000 1480.25
6287.00000 1473.46
6287.10000 1475.43
6287.20000 1507.64
6287.30000 1481.29
6287.40000 1496.62
6287.50000 1499.89
6287.60000 1474.14
6287.70000 1481.20
6287.80000 1472.86
6287.90000 1482.38
6288.00000 1464.86
6288.10000 1462.06
6288.20000 1443.25
6288.30000 1365.46
6288.40000 1378.43
6288.50000 1468.46
6288.60000 1480.39
6288.70000 1506.00
6288.80000 1521.02
6288.90000 1518.09
6289.00000 1511.66
6289.10000 1514.71
6289.20000 1504.54
6289.30000 1502.20
6289.40000 1500.44
6289.50000 1496.13
6289.60000 1501.85
6289.70000 1472.71
6289.80000 1476.62
6289.90000 1481.97
6290.00000 1315.31
6290.10000 1501.94
6290.20000 1513.99
6290.30000 1501.58
6290.40000 1518.20
6290.50000 1512.97
6290.60000 1509.31
6290.70000 1489.06
6290.80000 1280.75
6290.90000 1453.52
6291.00000 1506.64
6291.10000 1530.46
6291.20000 1528.04
6291.30000 1520.18
6291.40000 1500.79
6291.50000 1508.98
6291.60000 1519.91
6291.70000 1534.38
6291.80000 1522.60
6291.90000 1536.70
6292.00000 1537.43
6292.10000 1538.91
6292.20000 1544.64
6292.30000 1531.65
6292.40000 1524.80
6292.50000 1513.33
6292.60000 1520.08
6292.70000 1402.49
6292.80000 1313.75
6292.90000 1517.97
6293.00000 1509.68
6293.10000 1511.11
6293.20000 1466.00
6293.30000 1501.00
6293.40000 1522.23
6293.50000 1369.00
6293.60000 1292.62
6293.70000 1501.05
6293.80000 1524.38
6293.90000 1530.42
6294.00000 1526.12
6294.10000 1544.12
6294.20000 1525.23
6294.30000 1544.90
6294.40000 1533.97
6294.50000 1533.05
6294.60000 1520.22
6294.70000 1524.42
6294.80000 1551.07
6294.90000 1533.52
6295.00000 1528.59
6295.10000 1521.12
6295.20000 1499.68
6295.30000 1493.21
6295.40000 1534.57
6295.50000 1543.94
6295.60000 1528.06
6295.70000 1450.37
6295.80000 1245.73
6295.90000 1520.16
6296.00000 1533.92
6296.10000 1526.87
6296.20000 1531.58
6296.30000 1544.37
6296.40000 1521.17
6296.50000 1383.15
6296.60000 1279.30
6296.70000 1523.37
6296.80000 1523.04
6296.90000 1529.23
6297.00000 1534.31
6297.10000 1532.67
6297.20000 1550.29
6297.30000 1517.01
6297.40000 1531.19
6297.50000 1530.49
6297.60000 1525.31
6297.70000 1541.49
6297.80000 1490.58
6297.90000 1464.53
6298.00000 1531.17
6298.10000 1531.76
6298.20000 1536.58
6298.30000 1542.29
6298.40000 1538.24
6298.50000 1548.08
6298.60000 1525.26
6298.70000 1546.53
6298.80000 1537.93
6298.90000 1529.83
6299.00000 1379.17
6299.10000 1319.19
6299.20000 1530.25
6299.30000 1514.00
6299.40000 1526.78
6299.50000 1524.00
6299.60000 1521.50
6299.70000 1521.05
6299.80000 1283.87
6299.90000 1404.67
6300.00000 1714.69
6300.10000 1540.40
6300.20000 1537.71
6300.30000 1538.32
6300.40000 1537.30
6300.50000 1528.24
6300.60000 1532.34
6300.70000 1537.35
6300.80000 1522.23
6300.90000 1588.21
6301.00000 1546.38
6301.10000 1535.42
6301.20000 1531.07
6301.30000 1533.31
6301.40000 1537.45
6301.50000 1546.34
6301.60000 1525.86
6301.70000 1539.25
6301.80000 1536.78
6301.90000 1534.65
6302.00000 1535.59
6302.10000 1535.71
6302.20000 1529.48
6302.30000 1532.66
6302.40000 1525.92
6302.50000 1505.01
6302.60000 1285.22
6302.70000 1503.08
6302.80000 1520.85
6302.90000 1531.59
6303.00000 1530.34
6303.10000 1538.45
6303.20000 1542.59
6303.30000 1409.90
6303.40000 1318.48
6303.50000 1530.68
6303.60000 1536.12
6303.70000 1529.03
6303.80000 1530.99
6303.90000 1545.53
6304.00000 1534.37
6304.10000 1542.04
6304.20000 1547.35
6304.30000 1538.86
6304.40000 1539.72
6304.50000 1545.44
6304.60000 1538.81
6304.70000 1543.22
6304.80000 1540.37
6304.90000 1543.30
6305.00000 1549.17
6305.10000 1542.40
6305.20000 1540.41
6305.30000 1545.67
6305.40000 1554.84
6305.50000 1537.74
6305.60000 1527.78
6305.70000 1541.89
6305.80000 1526.85
6305.90000 1528.78
6306.00000 1530.56
6306.10000 1542.74
6306.20000 1527.42
6306.30000 1513.43
6306.40000 1331.14
6306.50000 1488.23
6306.60000 1525.42
6306.70000 1538.75
6306.80000 1534.12
6306.90000 1532.53
6307.00000 1536.86
6307.10000 1450.24
6307.20000 1347.86
6307.30000 1528.00
6307.40000 1531.46
6307.50000 1540.39
6307.60000 1558.47
6307.70000 1546.41
6307.80000 1544.21
6307.90000 1521.92
6308.00000 1533.63
6308.10000 1534.46
6308.20000 1535.53
6308.30000 1555.82
6308.40000 1542.17
6308.50000 1534.58
6308.60000 1534.30
6308.70000 1546.49
6308.80000 1535.56
6308.90000 1538.32
6309.00000 1540.39
6309.10000 1537.46
6309.20000 1537.24
6309.30000 1541.48
6309.40000 1542.90
6309.50000 1520.53
6309.60000 1542.24
6309.70000 1531.10
6309.80000 1538.97
6309.90000 1529.82
6310.00000 1506.15
6310.10000 1523.19
6310.20000 1523.65
6310.30000 1527.17
6310.40000 1500.18
6310.50000 1399.74
6310.60000 1538.52
6310.70000 1548.18
6310.80000 1537.84
6310.90000 1529.04
6311.00000 1554.51
6311.10000 1544.58
6311.20000 1420.11
6311.30000 1461.71
6311.40000 1539.59
6311.50000 1550.14
6311.60000 1534.11
6311.70000 1545.96
6311.80000 1552.91
6311.90000 1554.50
6312.00000 1536.14
6312.10000 1525.27
6312.20000 1548.76
6312.30000 1554.96
6312.40000 1559.13
6312.50000 1558.80
6312.60000 1538.23
6312.70000 1560.64
6312.80000 1547.67
6312.90000 1557.25
6313.00000 1558.62
6313.10000 1554.37
6313.20000 1556.80
6313.30000 1570.45
6313.40000 1565.51
6313.50000 1559.46
6313.60000 1561.44
6313.70000 1583.11
6313.80000 1583.70
6313.90000 1563.48
6314.00000 1589.05
6314.10000 1571.95
6314.20000 1584.74
6314.30000 1587.65
6314.40000 1591.87
6314.50000 1585.26
6314.60000 1605.06
6314.70000 1592.07
6314.80000 1536.26
6314.90000 1563.83
6315.00000 1615.89
6315.10000 1623.34
6315.20000 1610.03
6315.30000 1601.37
6315.40000 1608.94
6315.50000 1590.90
6315.60000 1523.13
6315.70000 1630.05
6315.80000 1633.33
6315.90000 1633.58
6316.00000 1646.89
6316.10000 1649.34
6316.20000 1663.68
6316.30000 1662.97
6316.40000 1666.67
6316.50000 1664.15
6316.60000 1654.40
6316.70000 1647.31
6316.80000 1656.35
6316.90000 1587.00
6317.00000 1603.69
6317.10000 1626.25
6317.20000 1634.77
6317.30000 1632.59
6317.40000 1628.51
6317.50000 1628.20
6317.60000 1651.67
6317.70000 1605.16
6317.80000 1573.19
6317.90000 1616.82
6318.00000 1610.25
6318.10000 1623.06
6318.20000 1635.25
6318.30000 1607.23
6318.40000 1618.13
6318.50000 1620.00
6318.60000 1630.14
6318.70000 1628.51
6318.80000 1638.74
6318.90000 1630.26
6319.00000 1634.85
6319.10000 1637.48
6319.20000 1630.32
6319.30000 1627.37
6319.40000 1606.41
6319.50000 1590.18
6319.60000 1634.17
6319.70000 1649.60
6319.80000 1636.96
6319.90000 1634.74
6320.00000 1648.70
6320.10000 1616.72
6320.20000 1563.02
6320.30000 1625.43
6320.40000 1629.27
6320.50000 1616.25
6320.60000 1626.50
6320.70000 1672.71
6320.80000 1672.34
6320.90000 1672.87
6321.00000 1669.24
6321.10000 1670.45
6321.20000 1646.99
6321.30000 1673.45
6321.40000 1654.64
6321.50000 1634.71
6321.60000 1645.46
6321.70000 1643.64
6321.80000 1656.73
6321.90000 1615.47
6322.00000 1620.76
6322.10000 1628.32
6322.20000 1628.68
6322.30000 1616.71
6322.40000 1618.22
6322.50000 1634.15
6322.60000 1611.44
6322.70000 1617.35
6322.80000 1594.59
6322.90000 1587.70
6323.00000 1586.40
6323.10000 1598.47
6323.20000 1592.49
6323.30000 1595.04
6323.40000 1587.26
6323.50000 1601.47
6323.60000 1595.77
6323.70000 1588.02
6323.80000 1569.54
6323.90000 1564.65
6324.00000 1578.00
6324.10000 1563.29
6324.20000 1557.05
6324.30000 1518.76
6324.40000 1481.13
6324.50000 1512.03
6324.60000 1546.49
6324.70000 1557.76
6324.80000 1554.60
6324.90000 1550.45
6325.00000 1539.02
6325.10000 1505.52
6325.20000 1538.95
6325.30000 1528.74
6325.40000 1529.30
6325.50000 1539.22
6325.60000 1546.74
6325.70000 1526.80
6325.80000 1548.12
6325.90000 1557.01
6326.00000 1559.40
6326.10000 1555.10
6326.20000 1547.68
6326.30000 1544.62
6326.40000 1568.44
6326.50000 1551.92
6326.60000 1550.22
6326.70000 1555.34
6326.80000 1558.91
6326.90000 1556.89
6327.00000 1563.17
6327.10000 1563.97
6327.20000 1548.41
6327.30000 1563.15
6327.40000 1566.65
6327.50000 1552.15
6327.60000 1553.12
6327.70000 1560.01
6327.80000 1554.57
6327.90000 1556.35
6328.00000 1559.99
6328.10000 1562.56
6328.20000 1571.48
6328.30000 1547.37
6328.40000 1571.16
6328.50000 1569.50
6328.60000 1558.14
6328.70000 1549.21
6328.80000 1558.97
6328.90000 1563.79
6329.00000 1561.53
6329.10000 1548.50
6329.20000 1543.68
6329.30000 1549.27
6329.40000 1558.10
6329.50000 1536.56
6329.60000 1548.60
6329.70000 1553.23
6329.80000 1554.48
6329.90000 1553.81
6330.00000 1550.25
6330.10000 1552.37
6330.20000 1535.82
6330.30000 1528.28
6330.40000 1529.25
6330.50000 1543.36
6330.60000 1525.69
6330.70000 1546.35
6330.80000 1541.90
6330.90000 1538.59
6331.00000 1557.10
6331.10000 1551.49
6331.20000 1546.54
6331.30000 1562.06
6331.40000 1554.11
6331.50000 1554.29
6331.60000 1549.19
6331.70000 1549.41
6331.80000 1554.88
6331.90000 1549.94
6332.00000 1565.98
6332.10000 1559.93
6332.20000 1569.25
6332.30000 1551.92
6332.40000 1547.79
6332.50000 1556.10
6332.60000 1546.74
6332.70000 1526.63
6332.80000 1552.16
6332.90000 1568.99
6333.00000 1554.24
6333.10000 1567.91
6333.20000 1567.04
6333.30000 1552.49
6333.40000 1556.43
6333.50000 1559.33
6333.60000 1562.75
6333.70000 1569.01
6333.80000 1540.89
6333.90000 1549.04
6334.00000 1562.76
6334.10000 1576.10
6334.20000 1570.39
6334.30000 1564.34
6334.40000 1582.25
6334.50000 1584.39
6334.60000 1572.31
6334.70000 1558.55
6334.80000 1572.84
6334.90000 1557.61
6335.00000 1567.09
6335.10000 1564.89
6335.20000 1560.13
6335.30000 1570.18
6335.40000 1566.58
6335.50000 1589.46
6335.60000 1570.89
6335.70000 1577.41
6335.80000 1580.02
6335.90000 1560.52
6336.00000 1574.51
6336.10000 1562.68
6336.20000 1559.10
6336.30000 1566.64
6336.40000 1577.84
6336.50000 1560.35
6336.60000 1570.28
6336.70000 1556.54
6336.80000 1572.78
6336.90000 1565.92
6337.00000 1562.37
6337.10000 1577.37
6337.20000 1576.61
6337.30000 1568.09
6337.40000 1578.87
6337.50000 1561.00
6337.60000 1569.32
6337.70000 1571.76
6337.80000 1564.69
6337.90000 1567.52
6338.00000 1572.28
6338.10000 1566.29
6338.20000 1562.61
6338.30000 1555.54
6338.40000 1561.34
6338.50000 1563.79
6338.60000 1556.93
6338.70000 1564.15
6338.80000 1576.94
6338.90000 1560.81
6339.00000 1561.97
6339.10000 1564.89
6339.20000 1560.96
6339.30000 1561.76
6339.40000 1570.11
6339.50000 1559.76
6339.60000 1564.77
6339.70000 1562.08
6339.80000 1564.49
6339.90000 1565.97
6340.00000 1574.74
6340.10000 1579.70
6340.20000 1571.76
6340.30000 1568.00
6340.40000 1582.65
6340.50000 1564.99
6340.60000 1559.44
6340.70000 1567.17
6340.80000 1581.93
6340.90000 1587.41
6341.00000 1584.81
6341.10000 1582.32
6341.20000 1585.41
6341.30000 1582.26
6341.40000 1573.92
6341.50000 1565.39
6341.60000 1568.22
6341.70000 1570.19
6341.80000 1569.02
6341.90000 1555.80
6342.00000 1589.13
6342.10000 1587.32
6342.20000 1575.28
6342.30000 1575.47
6342.40000 1595.30
6342.50000 1580.14
6342.60000 1583.83
6342.70000 1577.16
6342.80000 1587.88
6342.90000 1574.78
6343.00000 1532.07
6343.10000 1574.77
6343.20000 1592.58
6343.30000 1590.26
6343.40000 1596.24
6343.50000 1590.74
6343.60000 1588.46
6343.70000 1577.68
6343.80000 1584.01
6343.90000 1586.60
6344.00000 1598.96
6344.10000 1593.83
6344.20000 1610.11
6344.30000 1616.24
6344.40000 1603.40
6344.50000 1612.69
6344.60000 1600.07
6344.70000 1600.88
6344.80000 1617.47
6344.90000 1613.74
6345.00000 1615.72
6345.10000 1615.48
6345.20000 1622.26
6345.30000 1629.04
6345.40000 1613.52
6345.50000 1631.44
6345.60000 1631.98
6345.70000 1626.39
6345.80000 1626.79
6345.90000 1627.55
6346.00000 1631.72
6346.10000 1630.41
6346.20000 1614.09
6346.30000 1631.10
6346.40000 1629.83
6346.50000 1635.62
6346.60000 1618.99
6346.70000 1631.10
6346.80000 1626.31
6346.90000 1611.65
6347.00000 1609.46
6347.10000 1613.03
6347.20000 1619.87
6347.30000 1620.33
6347.40000 1613.06
6347.50000 1612.47
6347.60000 1571.74
6347.70000 1585.69
6347.80000 1604.07
6347.90000 1587.24
6348.00000 1612.32
6348.10000 1618.25
6348.20000 1617.53
6348.30000 1625.08
6348.40000 1622.99
6348.50000 1620.80
6348.60000 1606.92
6348.70000 1623.46
6348.80000 1616.47
6348.90000 1616.41
6349.00000 1640.01
6349.10000 1626.71
6349.20000 1642.36
6349.30000 1627.04
6349.40000 1633.59
6349.50000 1616.98
6349.60000 1617.39
6349.70000 1637.15
6349.80000 1631.08
6349.90000 1638.53
6350.00000 1644.33
6350.10000 1656.50
6350.20000 1623.76
6350.30000 1628.59
6350.40000 1629.39
6350.50000 1627.44
6350.60000 1623.36
6350.70000 1635.33
6350.80000 1620.15
6350.90000 1619.58
6351.00000 1616.79
6351.10000 1609.99
6351.20000 1599.09
6351.30000 1565.87
6351.40000 1589.99
6351.50000 1607.42
6351.60000 1605.08
6351.70000 1589.13
6351.80000 1608.80
6351.90000 1601.14
6352.00000 1598.06
6352.10000 1605.25
6352.20000 1587.89
6352.30000 1600.75
6352.40000 1599.24
6352.50000 1608.32
6352.60000 1604.68
6352.70000 1593.49
6352.80000 1591.84
6352.90000 1584.31
6353.00000 1595.38
6353.10000 1578.88
6353.20000 1565.43
6353.30000 1570.08
6353.40000 1579.90
6353.50000 1582.54
6353.60000 1570.68
6353.70000 1570.41
6353.80000 1567.09
6353.90000 1573.95
6354.00000 1565.40
6354.10000 1564.35
6354.20000 1563.21
6354.30000 1567.88
6354.40000 1577.30
6354.50000 1565.63
6354.60000 1572.29
6354.70000 1575.53
6354.80000 1579.66
6354.90000 1567.27
6355.00000 1573.64
6355.10000 1575.98
6355.20000 1577.75
6355.30000 1586.01
6355.40000 1580.88
6355.50000 1582.20
6355.60000 1565.77
6355.70000 1569.67
6355.80000 1568.71
6355.90000 1548.59
6356.00000 1578.09
6356.10000 1578.25
6356.20000 1576.09
6356.30000 1572.60
6356.40000 1580.34
6356.50000 1565.75
6356.60000 1588.39
6356.70000 1583.27
6356.80000 1589.15
6356.90000 1578.26
6357.00000 1588.43
6357.10000 1580.27
6357.20000 1588.36
6357.30000 1580.76
6357.40000 1585.65
6357.50000 1576.91
6357.60000 1586.12
6357.70000 1585.57
6357.80000 1583.42
6357.90000 1587.60
6358.00000 1579.38
6358.10000 1568.55
6358.20000 1577.27
6358.30000 1572.81
6358.40000 1564.59
6358.50000 1569.63
6358.60000 1578.22
6358.70000 1585.20
6358.80000 1577.95
6358.90000 1579.56
6359.00000 1570.98
6359.10000 1571.26
6359.20000 1565.71
6359.30000 1572.40
6359.40000 1581.98
6359.50000 1579.81
6359.60000 1581.25
6359.70000 1565.63
6359.80000 1592.69
6359.90000 1597.55
6360.00000 1560.02
6360.10000 1574.75
6360.20000 1592.88
6360.30000 1580.04
6360.40000 1589.52
6360.50000 1589.17
6360.60000 1580.15
6360.70000 1581.05
6360.80000 1586.36
6360.90000 1585.25
6361.00000 1581.56
6361.10000 1578.65
6361.20000 1575.55
6361.30000 1587.57
6361.40000 1586.44
6361.50000 1577.93
6361.60000 1585.45
6361.70000 1568.97
6361.80000 1552.62
6361.90000 1560.39
6362.00000 1573.16
6362.10000 1576.28
6362.20000 1585.53
6362.30000 1579.51
6362.40000 1582.70
6362.50000 1575.38
6362.60000 1565.07
6362.70000 1571.53
6362.80000 1575.44
6362.90000 1582.45
6363.00000 1568.56
6363.10000 1564.15
6363.20000 1578.75
6363.30000 1551.64
6363.40000 1576.89
6363.50000 1572.73
6363.60000 1576.01
6363.70000 1577.03
6363.80000 1586.43
6363.90000 1592.61
6364.00000 1585.27
6364.10000 1588.96
6364.20000 1585.08
6364.30000 1584.80
6364.40000 1613.53
6364.50000 1583.72
6364.60000 1595.50
6364.70000 1596.65
6364.80000 1586.54
6364.90000 1590.47
6365.00000 1600.27
6365.10000 1588.79
6365.20000 1582.62
6365.30000 1600.58
6365.40000 1598.07
6365.50000 1596.88
6365.60000 1588.85
6365.70000 1593.23
6365.80000 1610.71
6365.90000 1591.66
6366.00000 1594.58
6366.10000 1609.64
6366.20000 1608.96
6366.30000 1596.40
6366.40000 1609.40
6366.50000 1618.94
6366.60000 1610.81
6366.70000 1614.33
6366.80000 1607.11
6366.90000 1602.74
6367.00000 1632.95
6367.10000 1627.52
6367.20000 1625.33
6367.30000 1626.18
6367.40000 1626.41
6367.50000 1620.54
6367.60000 1617.41
6367.70000 1613.08
6367.80000 1586.59
6367.90000 1585.18
6368.00000 1586.88
6368.10000 1616.69
6368.20000 1630.41
6368.30000 1615.47
6368.40000 1636.46
6368.50000 1615.80
6368.60000 1617.36
6368.70000 1624.23
6368.80000 1630.98
6368.90000 1612.43
6369.00000 1609.10
6369.10000 1603.92
6369.20000 1613.97
6369.30000 1619.58
6369.40000 1621.22
6369.50000 1619.99
6369.60000 1617.24
6369.70000 1621.34
6369.80000 1642.54
6369.90000 1634.43
6370.00000 1634.69
6370.10000 1628.92
6370.20000 1629.41
6370.30000 1621.23
6370.40000 1620.10
6370.50000 1636.36
6370.60000 1634.36
6370.70000 1621.99
6370.80000 1632.25
6370.90000 1635.51
6371.00000 1626.90
6371.10000 1625.61
6371.20000 1634.73
6371.30000 1628.80
6371.40000 1619.02
6371.50000 1626.52
6371.60000 1636.53
6371.70000 1633.24
6371.80000 1620.33
6371.90000 1619.16
6372.00000 1631.36
6372.10000 1606.63
6372.20000 1598.20
6372.30000 1630.35
6372.40000 1639.69
6372.50000 1632.78
6372.60000 1633.81
6372.70000 1630.49
6372.80000 1630.63
6372.90000 1632.10
6373.00000 1640.62
6373.10000 1647.85
6373.20000 1654.42
6373.30000 1636.89
6373.40000 1633.13
6373.50000 1643.70
6373.60000 1648.27
6373.70000 1643.07
6373.80000 1647.20
6373.90000 1643.72
6374.00000 1650.64
6374.10000 1647.18
6374.20000 1640.95
6374.30000 1640.83
6374.40000 1650.72
6374.50000 1650.86
6374.60000 1644.16
6374.70000 1643.85
6374.80000 1642.76
6374.90000 1624.88
6375.00000 1642.48
6375.10000 1632.52
6375.20000 1628.62
6375.30000 1624.01
6375.40000 1612.04
6375.50000 1618.86
6375.60000 1629.59
6375.70000 1621.23
6375.80000 1612.52
6375.90000 1617.40
6376.00000 1618.20
6376.10000 1613.51
6376.20000 1600.46
6376.30000 1571.80
6376.40000 1537.46
6376.50000 1528.59
6376.60000 1546.85
6376.70000 1537.31
6376.80000 1558.58
6376.90000 1562.99
6377.00000 1566.89
6377.10000 1576.35
6377.20000 1586.77
6377.30000 1584.13
6377.40000 1576.18
6377.50000 1582.42
6377.60000 1586.46
6377.70000 1587.92
6377.80000 1588.33
6377.90000 1589.73
6378.00000 1591.32
6378.10000 1602.29
6378.20000 1583.23
6378.30000 1589.06
6378.40000 1601.10
6378.50000 1614.44
6378.60000 1615.99
6378.70000 1618.39
6378.80000 1611.21
6378.90000 1603.30
6379.00000 1610.95
6379.10000 1591.55
6379.20000 1598.14
6379.30000 1590.51
6379.40000 1568.91
6379.50000 1518.48
6379.60000 1469.36
6379.70000 1387.50
6379.80000 1342.56
6379.90000 1340.33
6380.00000 1342.06
6380.10000 1436.91
6380.20000 1536.29
6380.30000 1594.65
6380.40000 1621.75
6380.50000 1635.28
6380.60000 1635.66
6380.70000 1632.44
6380.80000 1637.79
6380.90000 1648.64
6381.00000 1650.55
6381.10000 1654.19
6381.20000 1653.72
6381.30000 1651.39
6381.40000 1662.69
6381.50000 1670.86
6381.60000 1676.71
6381.70000 1655.21
6381.80000 1668.93
6381.90000 1695.23
6382.00000 1694.18
6382.10000 1705.75
6382.20000 1700.87
6382.30000 1702.09
6382.40000 1716.32
6382.50000 1689.84
6382.60000 1697.71
6382.70000 1698.49
6382.80000 1696.74
6382.90000 1679.58
6383.00000 1683.86
6383.10000 1677.42
6383.20000 1670.82
6383.30000 1697.24
6383.40000 1685.66
6383.50000 1697.43
6383.60000 1688.69
6383.70000 1694.43
6383.80000 1706.05
6383.90000 1694.83
6384.00000 1721.12
6384.10000 1691.43
6384.20000 1691.91
6384.30000 1699.85
6384.40000 1717.88
6384.50000 1691.30
6384.60000 1678.82
6384.70000 1689.78
6384.80000 1689.00
6384.90000 1679.05
6385.00000 1687.26
6385.10000 1686.39
6385.20000 1696.66
6385.30000 1696.61
6385.40000 1680.33
6385.50000 1685.87
6385.60000 1687.21
6385.70000 1692.24
6385.80000 1680.64
6385.90000 1694.46
6386.00000 1703.11
6386.10000 1698.05
6386.20000 1702.45
6386.30000 1703.09
6386.40000 1709.79
6386.50000 1717.16
6386.60000 1712.75
6386.70000 1690.60
6386.80000 1717.59
6386.90000 1710.21
6387.00000 1716.71
6387.10000 1700.29
6387.20000 1699.06
6387.30000 1699.30
6387.40000 1706.09
6387.50000 1681.91
6387.60000 1693.24
6387.70000 1682.23
6387.80000 1692.74
6387.90000 1689.93
6388.00000 1685.59
6388.10000 1685.82
6388.20000 1690.88
6388.30000 1681.02
6388.40000 1679.95
6388.50000 1699.53
6388.60000 1679.08
6388.70000 1674.87
6388.80000 1663.70
6388.90000 1662.13
6389.00000 1658.56
6389.10000 1657.68
6389.20000 1665.28
6389.30000 1652.40
6389.40000 1655.16
6389.50000 1650.52
6389.60000 1653.49
6389.70000 1654.68
6389.80000 1640.02
6389.90000 1639.51
6390.00000 1635.58
6390.10000 1627.64
6390.20000 1634.94
6390.30000 1638.58
6390.40000 1630.92
6390.50000 1645.18
6390.60000 1613.33
6390.70000 1624.91
6390.80000 1631.10
6390.90000 1621.15
6391.00000 1622.07
6391.10000 1633.43
6391.20000 1634.34
6391.30000 1627.14
6391.40000 1617.86
6391.50000 1606.65
6391.60000 1607.46
6391.70000 1625.11
6391.80000 1631.17
6391.90000 1617.34
6392.00000 1602.03
6392.10000 1616.42
6392.20000 1605.78
6392.30000 1614.32
6392.40000 1605.02
6392.50000 1610.06
6392.60000 1610.61
6392.70000 1623.42
6392.80000 1615.88
6392.90000 1600.19
6393.00000 1619.79
6393.10000 1592.50
6393.20000 1617.57
6393.30000 1612.00
6393.40000 1600.15
6393.50000 1602.66
6393.60000 1614.83
6393.70000 1618.74
6393.80000 1609.11
6393.90000 1606.49
6394.00000 1592.19
6394.10000 1614.71
6394.20000 1603.19
6394.30000 1605.24
6394.40000 1609.77
6394.50000 1601.61
6394.60000 1604.03
6394.70000 1604.16
6394.80000 1593.61
6394.90000 1600.14
6395.00000 1601.47
6395.10000 1608.70
6395.20000 1602.73
6395.30000 1612.70
6395.40000 1622.69
6395.50000 1618.61
6395.60000 1620.02
6395.70000 1600.56
6395.80000 1617.76
6395.90000 1603.19
6396.00000 1615.69
6396.10000 1627.15
6396.20000 1610.05
6396.30000 1611.29
6396.40000 1611.12
6396.50000 1611.89
6396.60000 1607.62
6396.70000 1602.07
6396.80000 1616.92
6396.90000 1598.93
6397.00000 1610.65
6397.10000 1590.54
6397.20000 1589.36
6397.30000 1589.15
6397.40000 1577.12
6397.50000 1589.79
6397.60000 1608.46
6397.70000 1603.21
6397.80000 1600.24
6397.90000 1604.29
6398.00000 1613.43
6398.10000 1591.47
6398.20000 1602.20
6398.30000 1600.25
6398.40000 1615.96
6398.50000 1620.10
6398.60000 1616.98
6398.70000 1606.62
6398.80000 1613.69
6398.90000 1610.48
6399.00000 1617.11
6399.10000 1613.62
6399.20000 1604.60
6399.30000 1606.19
6399.40000 1612.98
6399.50000 1620.24
6399.60000 1614.02
6399.70000 1611.24
6399.80000 1624.97
6399.90000 1612.31
6400.00000 1605.49
6400.10000 1624.86
6400.20000 1621.97
6400.30000 1614.64
6400.40000 1622.51
6400.50000 1607.52
6400.60000 1608.90
6400.70000 1610.93
6400.80000 1607.02
6400.90000 1609.31
6401.00000 1600.26
6401.10000 1600.24
6401.20000 1601.17
6401.30000 1608.85
6401.40000 1612.54
6401.50000 1614.83
6401.60000 1608.00
6401.70000 1609.94
6401.80000 1624.01
6401.90000 1628.02
6402.00000 1606.50
6402.10000 1622.38
6402.20000 1608.09
6402.30000 1631.57
6402.40000 1628.06
6402.50000 1633.31
6402.60000 1602.94
6402.70000 1622.16
6402.80000 1609.11
6402.90000 1601.51
6403.00000 1605.07
6403.10000 1624.56
6403.20000 1616.75
6403.30000 1607.48
6403.40000 1616.25
6403.50000 1622.75
6403.60000 1613.07
6403.70000 1629.67
6403.80000 1624.62
6403.90000 1626.27
6404.00000 1623.72
6404.10000 1627.43
6404.20000 1624.48
6404.30000 1629.55
6404.40000 1646.40
6404.50000 1634.91
6404.60000 1627.51
6404.70000 1610.11
6404.80000 1615.87
6404.90000 1621.13
6405.00000 1635.80
6405.10000 1625.90
6405.20000 1613.16
6405.30000 1648.74
6405.40000 1649.48
6405.50000 1626.27
6405.60000 1623.54
6405.70000 1636.39
6405.80000 1635.66
6405.90000 1624.38
6406.00000 1614.35
6406.10000 1628.39
6406.20000 1622.33
6406.30000 1634.90
6406.40000 1626.99
6406.50000 1631.15
6406.60000 1618.15
6406.70000 1624.82
6406.80000 1625.94
6406.90000 1633.26
6407.00000 1615.06
6407.10000 1628.10
6407.20000 1643.22
6407.30000 1642.20
6407.40000 1614.58
6407.50000 1622.03
6407.60000 1614.64
6407.70000 1638.06
6407.80000 1623.04
6407.90000 1614.73
6408.00000 1622.26
6408.10000 1632.68
6408.20000 1634.00
6408.30000 1633.64
6408.40000 1629.27
6408.50000 1609.60
6408.60000 1629.39
6408.70000 1624.81
6408.80000 1613.06
6408.90000 1613.08
6409.00000 1607.19
6409.10000 1628.42
6409.20000 1612.39
6409.30000 1619.44
6409.40000 1612.72
6409.50000 1626.71
6409.60000 1637.00
6409.70000 1621.28
6409.80000 1620.75
6409.90000 1643.85
6410.00000 1635.52
6410.10000 1640.42
6410.20000 1626.53
6410.30000 1624.59
6410.40000 1623.32
6410.50000 1630.10
6410.60000 1611.61
6410.70000 1612.78
6410.80000 1614.41
6410.90000 1604.88
6411.00000 1608.63
6411.10000 1612.88
6411.20000 1617.99
6411.30000 1625.28
6411.40000 1634.44
6411.50000 1641.19
6411.60000 1627.06
6411.70000 1636.02
6411.80000 1638.85
6411.90000 1628.81
6412.00000 1635.43
6412.10000 1637.86
6412.20000 1651.36
6412.30000 1628.21
6412.40000 1630.77
6412.50000 1628.96
6412.60000 1643.23
6412.70000 1632.42
6412.80000 1636.96
6412.90000 1631.50
6413.00000 1634.80
6413.10000 1658.90
6413.20000 1659.32
6413.30000 1649.59
6413.40000 1631.80
6413.50000 1644.94
6413.60000 1642.59
6413.70000 1662.96
6413.80000 1657.63
6413.90000 1647.72
6414.00000 1663.44
6414.10000 1664.57
6414.20000 1648.75
6414.30000 1662.32
6414.40000 1666.81
6414.50000 1666.60
6414.60000 1671.35
6414.70000 1674.77
6414.80000 1665.05
6414.90000 1659.82
6415.00000 1662.97
6415.10000 1677.51
6415.20000 1693.54
6415.30000 1689.52
6415.40000 1689.23
6415.50000 1673.21
6415.60000 1672.67
6415.70000 1665.83
6415.80000 1676.06
6415.90000 1659.37
6416.00000 1674.32
6416.10000 1673.05
6416.20000 1668.03
6416.30000 1669.96
6416.40000 1673.50
6416.50000 1673.73
6416.60000 1670.07
6416.70000 1655.37
6416.80000 1653.17
6416.90000 1647.39
6417.00000 1672.51
6417.10000 1667.54
6417.20000 1648.92
6417.30000 1663.83
6417.40000 1652.26
6417.50000 1662.09
6417.60000 1649.56
6417.70000 1660.58
6417.80000 1659.23
6417.90000 1664.29
6418.00000 1669.08
6418.10000 1655.65
6418.20000 1670.60
6418.30000 1667.49
6418.40000 1680.09
6418.50000 1659.65
6418.60000 1688.99
6418.70000 1670.42
6418.80000 1686.30
6418.90000 1670.52
6419.00000 1671.77
6419.10000 1668.54
6419.20000 1676.50
6419.30000 1684.94
6419.40000 1679.41
6419.50000 1679.38
6419.60000 1688.97
6419.70000 1684.20
6419.80000 1675.72
6419.90000 1707.71
6420.00000 1682.05
6420.10000 1673.49
6420.20000 1682.22
6420.30000 1687.25
6420.40000 1692.50
6420.50000 1699.07
6420.60000 1695.15
6420.70000 1703.30
6420.80000 1707.28
6420.90000 1698.31
6421.00000 1691.00
6421.10000 1697.11
6421.20000 1687.27
6421.30000 1670.87
6421.40000 1682.51
6421.50000 1688.38
6421.60000 1686.36
6421.70000 1683.52
6421.80000 1679.18
6421.90000 1684.29
6422.00000 1683.54
6422.10000 1697.35
6422.20000 1682.26
6422.30000 1666.22
6422.40000 1669.00
6422.50000 1667.74
6422.60000 1677.34
6422.70000 1660.34
6422.80000 1655.73
6422.90000 1652.25
6423.00000 1652.22
6423.10000 1674.29
6423.20000 1656.75
6423.30000 1657.40
6423.40000 1655.79
6423.50000 1669.86
6423.60000 1650.65
6423.70000 1649.87
6423.80000 1659.01
6423.90000 1673.32
6424.00000 1671.08
6424.10000 1666.19
6424.20000 1667.63
6424.30000 1677.68
6424.40000 1659.10
6424.50000 1656.79
6424.60000 1664.56
6424.70000 1663.19
6424.80000 1652.25
6424.90000 1659.30
6425.00000 1673.96
6425.10000 1659.68
6425.20000 1655.12
6425.30000 1663.30
6425.40000 1646.71
6425.50000 1643.80
6425.60000 1628.41
6425.70000 1665.78
6425.80000 1660.42
6425.90000 1645.93
6426.00000 1666.89
6426.10000 1691.19
6426.20000 1637.35
6426.30000 1641.94
6426.40000 1635.59
6426.50000 1651.47
6426.60000 1659.48
6426.70000 1668.46
6426.80000 1661.66
6426.90000 1670.10
6427.00000 1673.93
6427.10000 1676.35
6427.20000 1660.31
6427.30000 1662.27
6427.40000 1664.06
6427.50000 1669.18
6427.60000 1685.36
6427.70000 1679.79
6427.80000 1663.80
6427.90000 1668.03
6428.00000 1660.50
6428.10000 1669.13
6428.20000 1670.64
6428.30000 1687.29
6428.40000 1677.16
6428.50000 1686.28
6428.60000 1673.21
6428.70000 1679.65
6428.80000 1680.11
6428.90000 1698.88
6429.00000 1703.48
6429.10000 1699.04
6429.20000 1685.80
6429.30000 1707.41
6429.40000 1711.81
6429.50000 1709.38
6429.60000 1713.96
6429.70000 1723.73
6429.80000 1716.28
6429.90000 1730.93
6430.00000 1733.57
6430.10000 1731.93
6430.20000 1728.59
6430.30000 1726.78
6430.40000 1743.36
6430.50000 1713.90
6430.60000 1756.29
6430.70000 1744.54
6430.80000 1751.36
6430.90000 1756.53
6431.00000 1748.90
6431.10000 1729.30
6431.20000 1736.36
6431.30000 1748.12
6431.40000 1728.20
6431.50000 1732.89
6431.60000 1713.21
6431.70000 1720.58
6431.80000 1734.44
6431.90000 1708.15
6432.00000 1731.79
6432.10000 1734.72
6432.20000 1727.36
6432.30000 1728.03
6432.40000 1708.07
6432.50000 1716.34
6432.60000 1705.01
6432.70000 1708.39
6432.80000 1709.85
6432.90000 1698.17
6433.00000 1702.77
6433.10000 1696.71
6433.20000 1690.57
6433.30000 1709.59
6433.40000 1684.33
6433.50000 1672.87
6433.60000 1681.08
6433.70000 1706.92
6433.80000 1699.24
6433.90000 1709.15
6434.00000 1701.63
6434.10000 1709.41
6434.20000 1703.99
6434.30000 1700.71
6434.40000 1709.40
6434.50000 1708.31
6434.60000 1715.67
6434.70000 1718.25
6434.80000 1710.82
6434.90000 1719.59
6435.00000 1745.42
6435.10000 1730.04
6435.20000 1700.84
6435.30000 1737.41
6435.40000 1728.42
6435.50000 1744.21
6435.60000 1751.45
6435.70000 1743.18
6435.80000 1737.69
6435.90000 1745.51
6436.00000 1754.08
6436.10000 1752.14
6436.20000 1754.91
6436.30000 1739.67
6436.40000 1752.66
6436.50000 1755.27
6436.60000 1731.14
6436.70000 1753.54
6436.80000 1732.86
6436.90000 1734.10
6437.00000 1732.38
6437.10000 1712.62
6437.20000 1709.77
6437.30000 1723.67
6437.40000 1702.45
6437.50000 1708.14
6437.60000 1692.87
6437.70000 1700.02
6437.80000 1705.22
6437.90000 1714.12
6438.00000 1690.19
6438.10000 1703.93
6438.20000 1712.29
6438.30000 1700.97
6438.40000 1689.71
6438.50000 1702.98
6438.60000 1692.43
6438.70000 1680.23
6438.80000 1681.35
6438.90000 1692.89
6439.00000 1689.07
6439.10000 1678.76
6439.20000 1680.99
6439.30000 1693.36
6439.40000 1681.50
6439.50000 1684.54
6439.60000 1682.27
6439.70000 1683.65
6439.80000 1672.44
6439.90000 1666.57
6440.00000 1661.60
6440.10000 1649.77
6440.20000 1654.34
6440.30000 1675.24
6440.40000 1672.96
6440.50000 1686.58
6440.60000 1692.44
6440.70000 1693.97
6440.80000 1681.55
6440.90000 1687.78
6441.00000 1711.78
6441.10000 1706.05
6441.20000 1699.40
6441.30000 1715.78
6441.40000 1714.87
6441.50000 1710.13
6441.60000 1714.45
6441.70000 1709.66
6441.80000 1708.63
6441.90000 1701.12
6442.00000 1697.83
6442.10000 1711.40
6442.20000 1692.36
6442.30000 1686.73
6442.40000 1685.27
6442.50000 1706.91
6442.60000 1705.64
6442.70000 1700.37
6442.80000 1704.16
6442.90000 1707.21
6443.00000 1693.44
6443.10000 1715.30
6443.20000 1705.08
6443.30000 1703.86
6443.40000 1704.63
6443.50000 1707.00
6443.60000 1701.05
6443.70000 1705.14
6443.80000 1705.68
6443.90000 1714.14
6444.00000 1703.46
6444.10000 1704.99
6444.20000 1700.02
6444.30000 1700.98
6444.40000 1723.15
6444.50000 1698.75
6444.60000 1701.07
6444.70000 1708.18
6444.80000 1725.45
6444.90000 1695.88
6445.00000 1701.63
6445.10000 1718.38
6445.20000 1697.10
6445.30000 1694.42
6445.40000 1691.20
6445.50000 1689.11
6445.60000 1673.50
6445.70000 1665.01
6445.80000 1655.11
6445.90000 1644.84
6446.00000 1672.01
6446.10000 1684.18
6446.20000 1692.62
6446.30000 1690.62
6446.40000 1706.07
6446.50000 1703.76
6446.60000 1712.30
6446.70000 1699.27
6446.80000 1716.78
6446.90000 1718.97
6447.00000 1713.82
6447.10000 1697.27
6447.20000 1711.89
6447.30000 1707.23
6447.40000 1706.05
6447.50000 1716.14
6447.60000 1709.31
6447.70000 1694.73
6447.80000 1688.74
6447.90000 1710.47
6448.00000 1698.45
6448.10000 1696.86
6448.20000 1697.23
6448.30000 1705.00
6448.40000 1702.38
6448.50000 1647.26
6448.60000 1660.83
6448.70000 1680.68
6448.80000 1694.82
6448.90000 1693.84
6449.00000 1695.33
6449.10000 1696.51
6449.20000 1699.42
6449.30000 1697.13
6449.40000 1679.89
6449.50000 1661.74
6449.60000 1667.04
6449.70000 1659.41
6449.80000 1671.06
6449.90000 1660.51
6450.00000 1670.92
6450.10000 1661.84
6450.20000 1664.83
6450.30000 1689.17
6450.40000 1693.97
6450.50000 1705.11
6450.60000 1703.75
6450.70000 1713.06
6450.80000 1707.07
6450.90000 1704.20
6451.00000 1697.39
6451.10000 1715.63
6451.20000 1701.07
6451.30000 1716.71
6451.40000 1706.77
6451.50000 1686.92
6451.60000 1710.76
6451.70000 1708.19
6451.80000 1716.96
6451.90000 1715.83
6452.00000 1721.33
6452.10000 1706.80
6452.20000 1725.06
6452.30000 1725.47
6452.40000 1731.89
6452.50000 1727.71
6452.60000 1735.85
6452.70000 1728.49
6452.80000 1735.16
6452.90000 1754.47
6453.00000 1741.99
6453.10000 1746.25
6453.20000 1773.19
6453.30000 1758.73
6453.40000 1747.34
6453.50000 1756.19
6453.60000 1768.29
6453.70000 1776.15
6453.80000 1754.83
6453.90000 1801.56
6454.00000 1811.55
6454.10000 1792.72
6454.20000 1805.17
6454.30000 1825.59
6454.40000 1832.00
6454.50000 1818.20
6454.60000 1838.20
6454.70000 1810.68
6454.80000 1784.64
6454.90000 1831.63
6455.00000 1829.96
6455.10000 1820.45
6455.20000 1817.08
6455.30000 1796.47
6455.40000 1789.52
6455.50000 1779.51
6455.60000 1793.46
6455.70000 1772.68
6455.80000 1792.70
6455.90000 1771.02
6456.00000 1762.82
6456.10000 1767.02
6456.20000 1758.53
6456.30000 1737.94
6456.40000 1744.50
6456.50000 1755.92
6456.60000 1758.99
6456.70000 1762.67
6456.80000 1754.85
6456.90000 1752.72
6457.00000 1765.50
6457.10000 1755.36
6457.20000 1767.20
6457.30000 1767.48
6457.40000 1760.64
6457.50000 1756.40
6457.60000 1750.99
6457.70000 1757.77
6457.80000 1766.82
6457.90000 1767.53
6458.00000 1763.54
6458.10000 1766.83
6458.20000 1785.79
6458.30000 1785.80
6458.40000 1801.29
6458.50000 1798.81
6458.60000 1804.36
6458.70000 1806.25
6458.80000 1808.70
6458.90000 1817.84
6459.00000 1808.22
6459.10000 1809.28
6459.20000 1805.70
6459.30000 1789.61
6459.40000 1780.45
6459.50000 1699.84
6459.60000 1809.65
6459.70000 1820.27
6459.80000 1817.24
6459.90000 1799.66
6460.00000 1804.22
6460.10000 1808.23
6460.20000 1769.64
6460.30000 1730.10
6460.40000 1767.88
6460.50000 1764.49
6460.60000 1745.32
6460.70000 1768.36
6460.80000 1743.12
6460.90000 1736.02
6461.00000 1749.08
6461.10000 1757.12
6461.20000 1762.29
6461.30000 1749.73
6461.40000 1758.06
6461.50000 1754.66
6461.60000 1742.05
6461.70000 1753.77
6461.80000 1741.01
6461.90000 1718.42
6462.00000 1738.52
6462.10000 1738.79
6462.20000 1732.34
6462.30000 1711.85
6462.40000 1667.01
6462.50000 1666.00
6462.60000 1687.35
6462.70000 1719.75
6462.80000 1719.72
6462.90000 1712.67
6463.00000 1704.50
6463.10000 1713.92
6463.20000 1720.12
6463.30000 1716.18
6463.40000 1710.69
6463.50000 1724.90
6463.60000 1705.82
6463.70000 1714.42
6463.80000 1670.67
6463.90000 1701.47
6464.00000 1675.68
6464.10000 1618.04
6464.20000 1670.62
6464.30000 1668.38
6464.40000 1678.37
6464.50000 1680.32
6464.60000 1702.60
6464.70000 1711.09
6464.80000 1716.81
6464.90000 1686.11
6465.00000 1597.10
6465.10000 1638.55
6465.20000 1695.24
6465.30000 1718.07
6465.40000 1712.92
6465.50000 1713.93
6465.60000 1709.26
6465.70000 1699.43
6465.80000 1702.77
6465.90000 1693.36
6466.00000 1696.25
6466.10000 1706.71
6466.20000 1710.57
6466.30000 1711.46
6466.40000 1723.48
6466.50000 1705.84
6466.60000 1716.62
6466.70000 1692.91
6466.80000 1678.95
6466.90000 1636.94
6467.00000 1698.02
6467.10000 1712.10
6467.20000 1681.12
6467.30000 1638.45
6467.40000 1664.02
6467.50000 1698.67
6467.60000 1716.89
6467.70000 1699.80
6467.80000 1701.01
6467.90000 1719.46
6468.00000 1701.18
6468.10000 1682.09
6468.20000 1639.09
6468.30000 1701.87
6468.40000 1703.18
6468.50000 1643.61
6468.60000 1675.28
6468.70000 1701.91
6468.80000 1724.86
6468.90000 1700.05
6469.00000 1679.07
6469.10000 1700.36
6469.20000 1703.71
6469.30000 1707.01
6469.40000 1706.57
6469.50000 1702.46
6469.60000 1715.55
6469.70000 1696.32
6469.80000 1703.34
6469.90000 1669.66
6470.00000 1632.97
6470.10000 1694.98
6470.20000 1630.02
6470.30000 1602.58
6470.40000 1702.06
6470.50000 1697.00
6470.60000 1640.35
6470.70000 1674.79
6470.80000 1707.33
6470.90000 1716.32
6471.00000 1720.77
6471.10000 1715.16
6471.20000 1737.06
6471.30000 1721.33
6471.40000 1731.20
6471.50000 1712.08
6471.60000 1718.02
6471.70000 1711.55
6471.80000 1704.12
6471.90000 1725.37
6472.00000 1738.80
6472.10000 1731.38
6472.20000 1726.46
6472.30000 1719.89
6472.40000 1704.31
6472.50000 1721.22
6472.60000 1727.58
6472.70000 1714.89
6472.80000 1728.01
6472.90000 1719.21
6473.00000 1675.37
6473.10000 1546.32
6473.20000 1630.67
6473.30000 1694.45
6473.40000 1724.72
6473.50000 1729.99
6473.60000 1718.02
6473.70000 1682.38
6473.80000 1529.90
6473.90000 1679.77
6474.00000 1705.50
6474.10000 1702.22
6474.20000 1716.51
6474.30000 1709.65
6474.40000 1726.09
6474.50000 1720.93
6474.60000 1713.23
6474.70000 1675.94
6474.80000 1683.09
6474.90000 1711.94
6475.00000 1718.91
6475.10000 1702.36
6475.20000 1701.15
6475.30000 1714.06
6475.40000 1710.32
6475.50000 1697.39
6475.60000 1574.26
6475.70000 1454.49
6475.80000 1436.87
6475.90000 1605.01
6476.00000 1701.50
6476.10000 1707.89
6476.20000 1695.52
6476.30000 1661.13
6476.40000 1349.37
6476.50000 1486.35
6476.60000 1684.29
6476.70000 1707.60
6476.80000 1714.84
6476.90000 1718.61
6477.00000 1718.54
6477.10000 1708.57
6477.20000 1667.26
6477.30000 1712.59
6477.40000 1723.40
6477.50000 1703.09
6477.60000 1612.39
6477.70000 1647.40
6477.80000 1703.64
6477.90000 1676.78
6478.00000 1670.05
6478.10000 1695.02
6478.20000 1711.99
6478.30000 1717.93
6478.40000 1730.36
6478.50000 1723.57
6478.60000 1720.51
6478.70000 1729.21
6478.80000 1733.78
6478.90000 1738.29
6479.00000 1725.40
6479.10000 1737.97
6479.20000 1735.92
6479.30000 1732.98
6479.40000 1730.49
6479.50000 1714.91
6479.60000 1721.90
6479.70000 1681.53
6479.80000 1603.15
6479.90000 1687.11
6480.00000 1696.67
6480.10000 1635.14
6480.20000 1710.08
6480.30000 1742.51
6480.40000 1743.45
6480.50000 1717.08
6480.60000 1573.96
6480.70000 1388.30
6480.80000 1668.76
6480.90000 1709.84
6481.00000 1740.14
6481.10000 1735.41
6481.20000 1735.55
6481.30000 1734.56
6481.40000 1726.74
6481.50000 1726.49
6481.60000 1700.19
6481.70000 1721.57
6481.80000 1746.10
6481.90000 1735.91
6482.00000 1739.62
6482.10000 1739.90
6482.20000 1703.09
6482.30000 1690.08
6482.40000 1727.52
6482.50000 1749.66
6482.60000 1735.14
6482.70000 1740.77
6482.80000 1746.80
6482.90000 1758.35
6483.00000 1762.90
6483.10000 1742.46
6483.20000 1757.92
6483.30000 1735.76
6483.40000 1740.89
6483.50000 1742.67
6483.60000 1732.49
6483.70000 1706.54
6483.80000 1515.01
6483.90000 1456.41
6484.00000 1699.63
6484.10000 1724.24
6484.20000 1712.89
6484.30000 1670.60
6484.40000 1584.78
6484.50000 1549.22
6484.60000 1593.40
6484.70000 1716.96
6484.80000 1718.98
6484.90000 1736.45
6485.00000 1736.47
6485.10000 1733.25
6485.20000 1703.07
6485.30000 1675.59
6485.40000 1744.86
6485.50000 1752.70
6485.60000 1759.79
6485.70000 1753.05
6485.80000 1756.71
6485.90000 1751.73
6486.00000 1765.64
6486.10000 1698.84
6486.20000 1673.04
6486.30000 1719.66
6486.40000 1746.02
6486.50000 1763.37
6486.60000 1757.13
6486.70000 1745.39
6486.80000 1764.49
6486.90000 1771.95
6487.00000 1765.95
6487.10000 1758.76
6487.20000 1756.08
6487.30000 1714.64
6487.40000 1559.11
6487.50000 1715.65
6487.60000 1762.27
6487.70000 1764.92
6487.80000 1756.83
6487.90000 1769.80
6488.00000 1753.38
6488.10000 1761.60
6488.20000 1729.40
6488.30000 1764.44
6488.40000 1772.93
6488.50000 1774.80
6488.60000 1731.18
6488.70000 1731.34
6488.80000 1793.79
6488.90000 1777.95
6489.00000 1792.78
6489.10000 1778.46
6489.20000 1788.16
6489.30000 1790.25
6489.40000 1795.46
6489.50000 1808.66
6489.60000 1788.30
6489.70000 1689.19
6489.80000 1688.66
6489.90000 1780.17
6490.00000 1767.95
6490.10000 1782.69
6490.20000 1773.94
6490.30000 1771.64
6490.40000 1784.27
6490.50000 1788.99
6490.60000 1798.80
6490.70000 1814.11
6490.80000 1799.06
6490.90000 1818.27
6491.00000 1828.08
6491.10000 1816.55
6491.20000 1802.19
6491.30000 1712.99
6491.40000 1385.59
6491.50000 1636.09
6491.60000 1784.45
6491.70000 1802.54
6491.80000 1802.32
6491.90000 1821.24
6492.00000 1825.74
6492.10000 1790.12
6492.20000 1806.66
6492.30000 1805.61
6492.40000 1804.57
6492.50000 1782.82
6492.60000 1785.06
6492.70000 1801.30
6492.80000 1802.27
6492.90000 1800.00
6493.00000 1812.33
6493.10000 1794.02
6493.20000 1801.91
6493.30000 1796.55
6493.40000 1753.60
6493.50000 1514.45
6493.60000 1637.34
6493.70000 1776.68
6493.80000 1731.55
6493.90000 1736.26
6494.00000 1809.56
6494.10000 1797.36
6494.20000 1827.32
6494.30000 1826.90
6494.40000 1820.82
6494.50000 1829.95
6494.60000 1816.48
6494.70000 1818.78
6494.80000 1813.17
6494.90000 1806.51
6495.00000 1746.64
6495.10000 1770.47
6495.20000 1804.25
6495.30000 1821.04
6495.40000 1814.10
6495.50000 1817.28
6495.60000 1815.14
6495.70000 1826.47
6495.80000 1818.28
6495.90000 1812.49
6496.00000 1793.31
6496.10000 1803.49
6496.20000 1814.65
6496.30000 1791.02
6496.40000 1659.20
6496.50000 1391.21
6496.60000 1707.14
6496.70000 1787.40
6496.80000 1802.07
6496.90000 1790.16
6497.00000 1793.52
6497.10000 1780.35
6497.20000 1785.58
6497.30000 1806.54
6497.40000 1788.57
6497.50000 1789.50
6497.60000 1790.66
6497.70000 1787.82
6497.80000 1787.75
6497.90000 1771.38
6498.00000 1765.34
6498.10000 1696.30
6498.20000 1650.54
6498.30000 1729.38
6498.40000 1758.96
6498.50000 1774.55
6498.60000 1765.76
6498.70000 1774.48
6498.80000 1779.20
6498.90000 1762.47
6499.00000 1779.64
6499.10000 1777.83
6499.20000 1777.46
6499.30000 1798.68
6499.40000 1774.16
6499.50000 1774.67
6499.60000 1780.67
6499.70000 1778.52
6499.80000 1765.41
6499.90000 1767.44
6500.00000 1755.82
6500.10000 1769.88
6500.20000 1772.92
6500.30000 1767.31
6500.40000 1771.47
6500.50000 1766.19
6500.60000 1767.42
6500.70000 1766.17
6500.80000 1770.92
6500.90000 1768.79
6501.00000 1766.95
6501.10000 1764.94
6501.20000 1785.93
6501.30000 1773.11
6501.40000 1768.24
6501.50000 1770.12
6501.60000 1787.71
6501.70000 1770.83
6501.80000 1762.87
6501.90000 1764.00
6502.00000 1765.28
6502.10000 1742.11
6502.20000 1760.53
6502.30000 1768.86
6502.40000 1746.17
6502.50000 1770.86
6502.60000 1777.99
6502.70000 1777.79
6502.80000 1783.15
6502.90000 1773.52
6503.00000 1774.26
6503.10000 1767.00
6503.20000 1750.36
6503.30000 1759.03
6503.40000 1783.94
6503.50000 1774.87
6503.60000 1772.89
6503.70000 1777.70
6503.80000 1775.67
6503.90000 1795.76
6504.00000 1782.38
6504.10000 1789.47
6504.20000 1745.98
6504.30000 1766.08
6504.40000 1786.68
6504.50000 1807.74
6504.60000 1802.61
6504.70000 1784.32
6504.80000 1707.74
6504.90000 1734.69
6505.00000 1785.28
6505.10000 1800.76
6505.20000 1790.95
6505.30000 1789.10
6505.40000 1785.70
6505.50000 1796.73
6505.60000 1776.98
6505.70000 1785.06
6505.80000 1789.70
6505.90000 1801.86
6506.00000 1790.21
6506.10000 1796.54
6506.20000 1792.67
6506.30000 1778.45
6506.40000 1813.13
6506.50000 1776.85
6506.60000 1792.35
6506.70000 1782.10
6506.80000 1786.98
6506.90000 1786.31
6507.00000 1800.68
6507.10000 1793.65
6507.20000 1769.02
6507.30000 1776.49
6507.40000 1803.51
6507.50000 1820.19
6507.60000 1778.36
6507.70000 1779.86
6507.80000 1792.31
6507.90000 1798.15
6508.00000 1799.39
6508.10000 1796.37
6508.20000 1779.38
6508.30000 1750.64
6508.40000 1791.27
6508.50000 1789.64
6508.60000 1801.59
6508.70000 1809.42
6508.80000 1798.59
6508.90000 1791.63
6509.00000 1786.52
6509.10000 1763.48
6509.20000 1619.71
6509.30000 1714.57
6509.40000 1785.81
6509.50000 1802.74
6509.60000 1794.02
6509.70000 1790.92
6509.80000 1778.71
6509.90000 1792.97
6510.00000 1800.06
6510.10000 1793.46
6510.20000 1805.41
6510.30000 1810.99
6510.40000 1796.93
6510.50000 1790.94
6510.60000 1806.20
6510.70000 1796.11
6510.80000 1791.40
6510.90000 1799.91
6511.00000 1795.80
6511.10000 1799.38
6511.20000 1791.88
6511.30000 1791.07
6511.40000 1789.89
6511.50000 1791.22
6511.60000 1802.15
6511.70000 1802.90
6511.80000 1810.95
6511.90000 1807.50
6512.00000 1806.44
6512.10000 1812.20
6512.20000 1820.85
6512.30000 1816.25
6512.40000 1807.91
6512.50000 1802.46
6512.60000 1723.14
6512.70000 1761.46
6512.80000 1767.77
6512.90000 1735.48
6513.00000 1810.53
6513.10000 1865.11
6513.20000 1865.14
6513.30000 1856.16
6513.40000 1878.38
6513.50000 1875.75
6513.60000 1886.10
6513.70000 1895.85
6513.80000 1902.93
6513.90000 1912.23
6514.00000 1922.32
6514.10000 1924.64
6514.20000 1902.95
6514.30000 1920.33
6514.40000 1955.37
6514.50000 1942.98
6514.60000 1932.20
6514.70000 1917.82
6514.80000 1893.99
6514.90000 1832.36
6515.00000 1885.96
6515.10000 1915.20
6515.20000 1886.13
6515.30000 1586.35
6515.40000 1569.65
6515.50000 1858.52
6515.60000 1897.01
6515.70000 1893.41
6515.80000 1895.63
6515.90000 1887.87
6516.00000 1884.93
6516.10000 1885.93
6516.20000 1876.27
6516.30000 1860.05
6516.40000 1792.27
6516.50000 1700.24
6516.60000 1840.57
6516.70000 1863.04
6516.80000 1846.88
6516.90000 1838.46
6517.00000 1776.46
6517.10000 1539.96
6517.20000 1357.32
6517.30000 1546.48
6517.40000 1820.85
6517.50000 1853.39
6517.60000 1859.26
6517.70000 1669.05
6517.80000 1820.64
6517.90000 1886.12
6518.00000 1890.94
6518.10000 1894.04
6518.20000 1899.30
6518.30000 1901.19
6518.40000 1914.28
6518.50000 1886.76
6518.60000 1777.53
6518.70000 1818.19
6518.80000 1891.25
6518.90000 1946.00
6519.00000 1922.42
6519.10000 1911.04
6519.20000 1941.38
6519.30000 1937.88
6519.40000 1925.89
6519.50000 1941.17
6519.60000 1923.62
6519.70000 1905.89
6519.80000 1867.95
6519.90000 1903.96
6520.00000 1804.36
6520.10000 1683.19
6520.20000 1836.38
6520.30000 1885.66
6520.40000 1909.63
6520.50000 1872.72
6520.60000 1890.74
6520.70000 1866.85
6520.80000 1840.09
6520.90000 1832.47
6521.00000 1831.51
6521.10000 1819.89
6521.20000 1821.71
6521.30000 1821.80
6521.40000 1823.96
6521.50000 1819.88
6521.60000 1817.63
6521.70000 1844.60
6521.80000 1818.00
6521.90000 1824.43
6522.00000 1830.97
6522.10000 1816.47
6522.20000 1820.41
6522.30000 1811.52
6522.40000 1820.77
6522.50000 1810.14
6522.60000 1819.73
6522.70000 1815.75
6522.80000 1782.10
6522.90000 1794.22
6523.00000 1831.62
6523.10000 1822.51
6523.20000 1817.22
6523.30000 1810.17
6523.40000 1830.80
6523.50000 1798.96
6523.60000 1794.11
6523.70000 1804.05
6523.80000 1799.21
6523.90000 1747.61
6524.00000 1908.86
6524.10000 1820.78
6524.20000 1788.37
6524.30000 1771.92
6524.40000 1649.47
6524.50000 1565.49
6524.60000 1762.26
6524.70000 1829.94
6524.80000 1810.02
6524.90000 1825.08
6525.00000 1818.44
6525.10000 1797.26
6525.20000 1826.63
6525.30000 1796.72
6525.40000 1829.41
6525.50000 1808.32
6525.60000 1820.20
6525.70000 1825.39
6525.80000 1840.82
6525.90000 1822.55
6526.00000 1822.73
6526.10000 1827.50
6526.20000 1826.96
6526.30000 1831.19
6526.40000 1799.25
6526.50000 1812.56
6526.60000 1826.59
6526.70000 1823.27
6526.80000 1804.91
6526.90000 1833.10
6527.00000 1794.99
6527.10000 1810.84
6527.20000 1822.04
6527.30000 1825.86
6527.40000 1819.85
6527.50000 1843.21
6527.60000 1820.22
6527.70000 1833.11
6527.80000 1840.95
6527.90000 1839.83
6528.00000 1833.76
6528.10000 1812.75
6528.20000 1801.48
6528.30000 1832.52
6528.40000 1824.66
6528.50000 1811.40
6528.60000 1834.93
6528.70000 1839.12
6528.80000 1817.44
6528.90000 1837.07
6529.00000 1829.01
6529.10000 1847.44
6529.20000 1825.92
6529.30000 1819.61
6529.40000 1834.17
6529.50000 1837.01
6529.60000 1844.60
6529.70000 1858.66
6529.80000 1853.45
6529.90000 1838.62
6530.00000 1834.52
6530.10000 1852.17
6530.20000 1843.78
6530.30000 1829.03
6530.40000 1838.98
6530.50000 1844.04
6530.60000 1844.61
6530.70000 1847.88
6530.80000 1852.36
6530.90000 1840.61
6531.00000 1837.17
6531.10000 1825.26
6531.20000 1765.09
6531.30000 1817.07
6531.40000 1827.80
6531.50000 1843.06
6531.60000 1832.79
6531.70000 1845.54
6531.80000 1846.42
6531.90000 1865.48
6532.00000 1851.84
6532.10000 1839.02
6532.20000 1857.21
6532.30000 1878.84
6532.40000 1853.38
6532.50000 1853.92
6532.60000 1866.24
6532.70000 1862.09
6532.80000 1835.87
6532.90000 1725.39
6533.00000 1560.99
6533.10000 1797.27
6533.20000 1854.42
6533.30000 1850.01
6533.40000 1862.02
6533.50000 1864.76
6533.60000 1883.72
6533.70000 1887.54
6533.80000 1875.70
6533.90000 1867.23
6534.00000 1878.51
6534.10000 1878.06
6534.20000 1871.69
6534.30000 1865.99
6534.40000 1869.80
6534.50000 1841.40
6534.60000 1715.09
6534.70000 1784.06
6534.80000 1860.78
6534.90000 1856.07
6535.00000 1883.76
6535.10000 1885.98
6535.20000 1883.39
6535.30000 1862.36
6535.40000 1893.42
6535.50000 1890.71
6535.60000 1876.11
6535.70000 1882.87
6535.80000 1901.55
6535.90000 1910.78
6536.00000 1895.91
6536.10000 1899.21
6536.20000 1901.45
6536.30000 1894.07
6536.40000 1912.88
6536.50000 1912.45
6536.60000 1909.86
6536.70000 1905.35
6536.80000 1894.57
6536.90000 1904.07
6537.00000 1903.87
6537.10000 1914.38
6537.20000 1909.91
6537.30000 1838.31
6537.40000 1864.75
6537.50000 1912.77
6537.60000 1922.88
6537.70000 1928.54
6537.80000 1919.09
6537.90000 1907.53
6538.00000 1917.73
6538.10000 1916.39
6538.20000 1944.33
6538.30000 1937.68
6538.40000 1918.98
6538.50000 1915.33
6538.60000 1943.09
6538.70000 1945.93
6538.80000 1948.42
6538.90000 1939.23
6539.00000 1934.70
6539.10000 1954.92
6539.20000 1952.39
6539.30000 1956.27
6539.40000 1935.20
6539.50000 1946.12
6539.60000 1970.28
6539.70000 1979.12
6539.80000 1973.94
6539.90000 1968.05
6540.00000 1968.99
6540.10000 1953.89
6540.20000 1988.54
6540.30000 1981.31
6540.40000 1980.65
6540.50000 1984.29
6540.60000 1972.44
6540.70000 1980.64
6540.80000 1990.38
6540.90000 1983.70
6541.00000 1991.38
6541.10000 1976.07
6541.20000 1998.25
6541.30000 1984.31
6541.40000 2004.67
6541.50000 1992.91
6541.60000 2012.79
6541.70000 2002.08
6541.80000 2003.53
6541.90000 2005.14
6542.00000 2011.28
6542.10000 2022.02
6542.20000 2015.60
6542.30000 2043.67
6542.40000 2028.38
6542.50000 2044.84
6542.60000 2030.30
6542.70000 2041.05
6542.80000 1998.68
6542.90000 1898.95
6543.00000 1953.68
6543.10000 2032.53
6543.20000 2027.33
6543.30000 2034.70
6543.40000 2028.13
6543.50000 2033.44
6543.60000 2001.61
6543.70000 2025.65
6543.80000 2031.69
6543.90000 2050.24
6544.00000 2040.65
6544.10000 2044.35
6544.20000 2055.22
6544.30000 2041.05
6544.40000 2003.58
6544.50000 1626.62
6544.60000 1806.19
6544.70000 2038.16
6544.80000 2057.81
6544.90000 2077.06
6545.00000 2100.89
6545.10000 2095.96
6545.20000 2089.86
6545.30000 2110.68
6545.40000 2100.83
6545.50000 2107.81
6545.60000 2114.48
6545.70000 2091.79
6545.80000 2100.44
6545.90000 2123.94
6546.00000 2132.33
6546.10000 2132.32
6546.20000 2129.53
6546.30000 2115.30
6546.40000 2072.72
6546.50000 2114.69
6546.60000 2146.46
6546.70000 2145.01
6546.80000 2162.36
6546.90000 2174.88
6547.00000 2173.89
6547.10000 2178.57
6547.20000 2189.28
6547.30000 2210.33
6547.40000 2187.78
6547.50000 2183.75
6547.60000 2199.73
6547.70000 2184.02
6547.80000 2220.31
6547.90000 2228.77
6548.00000 2214.78
6548.10000 2219.40
6548.20000 2185.41
6548.30000 2017.99
6548.40000 2112.28
6548.50000 2219.05
6548.60000 2235.81
6548.70000 2266.87
6548.80000 2253.37
6548.90000 2267.67
6549.00000 2276.57
6549.10000 2224.93
6549.20000 1960.35
6549.30000 1999.01
6549.40000 2262.81
6549.50000 2282.94
6549.60000 2273.81
6549.70000 2282.20
6549.80000 2291.96
6549.90000 2338.05
6550.00000 2343.57
6550.10000 2361.28
6550.20000 2383.30
6550.30000 2376.24
6550.40000 2409.09
6550.50000 2388.02
6550.60000 2397.13
6550.70000 2393.06
6550.80000 2400.24
6550.90000 2426.88
6551.00000 2433.93
6551.10000 2455.88
6551.20000 2458.50
6551.30000 2467.12
6551.40000 2491.67
6551.50000 2480.35
6551.60000 2500.39
6551.70000 2513.90
6551.80000 2518.31
6551.90000 2547.38
6552.00000 2536.26
6552.10000 2557.33
6552.20000 2566.64
6552.30000 2572.47
6552.40000 2582.82
6552.50000 2601.94
6552.60000 2592.92
6552.70000 2570.75
6552.80000 2638.38
6552.90000 2689.54
6553.00000 2670.03
6553.10000 2643.00
6553.20000 2327.67
6553.30000 2298.17
6553.40000 2632.75
6553.50000 2722.91
6553.60000 2794.26
6553.70000 2782.16
6553.80000 2823.91
6553.90000 2861.97
6554.00000 2873.31
6554.10000 2863.96
6554.20000 2884.99
6554.30000 2853.37
6554.40000 2699.51
6554.50000 2843.20
6554.60000 2952.45
6554.70000 3008.19
6554.80000 3049.35
6554.90000 3071.34
6555.00000 3130.97
6555.10000 3190.46
6555.20000 3223.63
6555.30000 3216.68
6555.40000 3254.31
6555.50000 3318.75
6555.60000 3343.93
6555.70000 3382.66
6555.80000 3437.30
6555.90000 3474.13
6556.00000 3506.77
6556.10000 3577.91
6556.20000 3641.22
6556.30000 3707.42
6556.40000 3743.67
6556.50000 3808.89
6556.60000 3885.36
6556.70000 3936.28
6556.80000 4007.72
6556.90000 4061.55
6557.00000 4143.85
6557.10000 4224.68
6557.20000 4316.71
6557.30000 4372.51
6557.40000 4487.00
6557.50000 4562.28
6557.60000 4652.85
6557.70000 4627.82
6557.80000 4290.08
6557.90000 4797.47
6558.00000 5101.85
6558.10000 5233.03
6558.20000 5354.33
6558.30000 5514.60
6558.40000 5618.40
6558.50000 5737.24
6558.60000 5858.24
6558.70000 5860.17
6558.80000 5956.78
6558.90000 6323.82
6559.00000 6566.16
6559.10000 6702.54
6559.20000 6851.45
6559.30000 6993.11
6559.40000 7235.80
6559.50000 7468.42
6559.60000 7640.45
6559.70000 7837.37
6559.80000 8038.22
6559.90000 8227.38
6560.00000 8429.19
6560.10000 8616.45
6560.20000 8822.48
6560.30000 8970.98
6560.40000 9138.99
6560.50000 9291.43
6560.60000 9296.15
6560.70000 9402.13
6560.80000 9448.10
6560.90000 9470.63
6561.00000 9525.28
6561.10000 9216.15
6561.20000 9662.67
6561.30000 9925.59
6561.40000 10085.99
6561.50000 10212.89
6561.60000 10353.34
6561.70000 10240.25
6561.80000 10535.10
6561.90000 10918.75
6562.00000 11181.04
6562.10000 11300.76
6562.20000 11360.81
6562.30000 11382.71
6562.40000 11308.51
6562.50000 11224.24
6562.60000 11184.67
6562.70000 11089.15
6562.80000 11004.54
6562.90000 10878.56
6563.00000 10697.64
6563.10000 10459.63
6563.20000 10552.62
6563.30000 10573.29
6563.40000 10484.68
6563.50000 10459.92
6563.60000 10489.94
6563.70000 10408.01
6563.80000 10405.81
6563.90000 10330.58
6564.00000 10307.65
6564.10000 10024.06
6564.20000 10004.28
6564.30000 10321.63
6564.40000 10363.73
6564.50000 10381.28
6564.60000 10200.00
6564.70000 9795.34
6564.80000 9046.81
6564.90000 9554.83
6565.00000 10080.55
6565.10000 10016.55
6565.20000 9884.23
6565.30000 9769.38
6565.40000 9628.62
6565.50000 9466.63
6565.60000 9429.89
6565.70000 9370.64
6565.80000 9288.58
6565.90000 9222.40
6566.00000 9125.99
6566.10000 9101.67
6566.20000 9046.25
6566.30000 9102.52
6566.40000 9163.11
6566.50000 9181.68
6566.60000 9193.85
6566.70000 9173.21
6566.80000 9091.85
6566.90000 9035.97
6567.00000 8921.60
6567.10000 8730.00
6567.20000 8496.19
6567.30000 8370.51
6567.40000 8258.63
6567.50000 8085.21
6567.60000 7864.50
6567.70000 7658.19
6567.80000 7495.15
6567.90000 7334.45
6568.00000 7123.65
6568.10000 6941.24
6568.20000 6719.63
6568.30000 6518.53
6568.40000 6305.85
6568.50000 6233.91
6568.60000 6038.51
6568.70000 5884.01
6568.80000 5756.25
6568.90000 5571.88
6569.00000 5471.85
6569.10000 5322.48
6569.20000 5156.95
6569.30000 4997.41
6569.40000 4781.87
6569.50000 4695.35
6569.60000 4721.37
6569.70000 4601.56
6569.80000 4524.13
6569.90000 4451.84
6570.00000 4331.09
6570.10000 4271.96
6570.20000 4200.56
6570.30000 4142.21
6570.40000 4055.82
6570.50000 3975.04
6570.60000 3937.83
6570.70000 3842.86
6570.80000 3797.45
6570.90000 3737.27
6571.00000 3678.87
6571.10000 3619.20
6571.20000 3543.90
6571.30000 3478.00
6571.40000 3456.09
6571.50000 3426.03
6571.60000 3386.30
6571.70000 3345.16
6571.80000 3328.52
6571.90000 3270.63
6572.00000 3250.96
6572.10000 3217.62
6572.20000 3156.53
6572.30000 3139.97
6572.40000 3099.35
6572.50000 3075.59
6572.60000 2943.09
6572.70000 2614.73
6572.80000 2814.38
6572.90000 2949.97
6573.00000 2923.41
6573.10000 2904.16
6573.20000 2912.33
6573.30000 2885.74
6573.40000 2860.78
6573.50000 2866.15
6573.60000 2820.95
6573.70000 2789.85
6573.80000 2763.86
6573.90000 2767.18
6574.00000 2746.54
6574.10000 2721.09
6574.20000 2709.01
6574.30000 2681.21
6574.40000 2679.68
6574.50000 2688.27
6574.60000 2665.61
6574.70000 2651.97
6574.80000 2625.75
6574.90000 2617.93
6575.00000 2580.83
6575.10000 2584.10
6575.20000 2556.37
6575.30000 2559.06
6575.40000 2324.98
6575.50000 2043.00
6575.60000 2398.11
6575.70000 2498.89
6575.80000 2504.96
6575.90000 2483.29
6576.00000 2500.97
6576.10000 2479.94
6576.20000 2475.76
6576.30000 2470.98
6576.40000 2461.92
6576.50000 2452.00
6576.60000 2429.76
6576.70000 2427.04
6576.80000 2409.86
6576.90000 2408.15
6577.00000 2384.10
6577.10000 2389.34
6577.20000 2401.74
6577.30000 2383.77
6577.40000 2383.09
6577.50000 2363.61
6577.60000 2375.64
6577.70000 2374.65
6577.80000 2354.89
6577.90000 2347.41
6578.00000 2337.78
6578.10000 2335.58
6578.20000 2321.37
6578.30000 2309.27
6578.40000 2316.06
6578.50000 2318.23
6578.60000 2305.16
6578.70000 2301.12
6578.80000 2282.39
6578.90000 2273.41
6579.00000 2266.11
6579.10000 2269.19
6579.20000 2271.81
6579.30000 2265.57
6579.40000 2243.72
6579.50000 2261.91
6579.60000 2245.34
6579.70000 2243.72
6579.80000 2218.03
6579.90000 2227.46
6580.00000 2229.88
6580.10000 2221.60
6580.20000 2225.35
6580.30000 2222.48
6580.40000 2236.17
6580.50000 2213.53
6580.60000 2215.30
6580.70000 2199.86
6580.80000 2212.72
6580.90000 2210.00
6581.00000 2198.33
6581.10000 2193.12
6581.20000 2192.17
6581.30000 2170.49
6581.40000 2046.53
6581.50000 2143.02
6581.60000 2154.48
6581.70000 2161.70
6581.80000 2167.03
6581.90000 2160.56
6582.00000 2148.34
6582.10000 2178.07
6582.20000 2158.28
6582.30000 2159.89
6582.40000 2166.60
6582.50000 2148.84
6582.60000 2144.87
6582.70000 2161.54
6582.80000 2164.90
6582.90000 2140.67
6583.00000 2108.56
6583.10000 2148.08
6583.20000 2139.65
6583.30000 2140.16
6583.40000 2139.06
6583.50000 2147.50
6583.60000 2148.89
6583.70000 2150.76
6583.80000 2135.33
6583.90000 2078.83
6584.00000 2133.18
6584.10000 2094.16
6584.20000 2084.41
6584.30000 2124.05
6584.40000 2142.98
6584.50000 2146.12
6584.60000 2124.85
6584.70000 2132.20
6584.80000 2128.60
6584.90000 2145.46
6585.00000 2125.88
6585.10000 2109.41
6585.20000 2131.09
6585.30000 2117.35
6585.40000 2115.37
6585.50000 2107.47
6585.60000 2117.92
6585.70000 2107.75
6585.80000 2074.65
6585.90000 2075.15
6586.00000 2092.28
6586.10000 2087.67
6586.20000 2096.67
6586.30000 2063.29
6586.40000 2048.53
6586.50000 2066.37
6586.60000 2077.97
6586.70000 2058.83
6586.80000 2049.99
6586.90000 2070.91
6587.00000 2050.27
6587.10000 1956.08
6587.20000 1970.12
6587.30000 1984.25
6587.40000 2039.68
6587.50000 2058.45
6587.60000 2030.44
6587.70000 2048.19
6587.80000 2053.28
6587.90000 2059.30
6588.00000 2059.77
6588.10000 2050.93
6588.20000 2060.08
6588.30000 2055.38
6588.40000 2046.40
6588.50000 2045.08
6588.60000 2044.53
6588.70000 2041.82
6588.80000 2047.54
6588.90000 2046.89
6589.00000 2050.60
6589.10000 2034.70
6589.20000 2012.12
6589.30000 2036.79
6589.40000 2030.49
6589.50000 2037.15
6589.60000 2044.20
6589.70000 2048.16
6589.80000 2051.09
6589.90000 2052.69
6590.00000 2044.76
6590.10000 2030.86
6590.20000 2040.55
6590.30000 2028.79
6590.40000 2026.39
6590.50000 2037.30
6590.60000 2018.97
6590.70000 2026.67
6590.80000 2009.33
6590.90000 2008.22
6591.00000 2016.41
6591.10000 2016.25
6591.20000 2021.02
6591.30000 2005.52
6591.40000 2013.60
6591.50000 2006.36
6591.60000 2000.49
6591.70000 1988.79
6591.80000 1990.50
6591.90000 1997.61
6592.00000 1991.57
6592.10000 1978.49
6592.20000 1982.66
6592.30000 1993.76
6592.40000 1990.14
6592.50000 2006.92
6592.60000 1995.51
6592.70000 1992.71
6592.80000 1986.02
6592.90000 1975.36
6593.00000 1991.87
6593.10000 1986.08
6593.20000 2004.55
6593.30000 1992.34
6593.40000 1979.54
6593.50000 1982.07
6593.60000 1978.56
6593.70000 1972.05
6593.80000 1982.90
6593.90000 1987.17
6594.00000 1983.04
6594.10000 1987.87
6594.20000 1995.17
6594.30000 1989.96
6594.40000 1978.51
6594.50000 1995.08
6594.60000 1968.65
6594.70000 1979.29
6594.80000 1980.52
6594.90000 1963.45
6595.00000 1902.98
6595.10000 1976.97
6595.20000 1987.57
6595.30000 1991.24
6595.40000 1987.52
6595.50000 1981.09
6595.60000 1991.68
6595.70000 1981.27
6595.80000 1986.68
6595.90000 1987.82
6596.00000 2000.58
6596.10000 1969.60
6596.20000 1981.64
6596.30000 1990.29
6596.40000 1989.31
6596.50000 2007.98
6596.60000 1978.26
6596.70000 1992.10
6596.80000 1992.04
6596.90000 1978.83
6597.00000 2001.81
6597.10000 1995.45
6597.20000 1980.12
6597.30000 1993.64
6597.40000 1978.77
6597.50000 1988.42
6597.60000 1958.87
6597.70000 1948.81
6597.80000 1967.54
6597.90000 1975.73
6598.00000 1964.99
6598.10000 1962.64
6598.20000 1986.62
6598.30000 2001.74
6598.40000 1985.62
6598.50000 1996.43
6598.60000 1981.72
6598.70000 1980.37
6598.80000 1980.36
6598.90000 1975.93
6599.00000 1983.11
6599.10000 1983.43
6599.20000 1968.14
6599.30000 1987.10
6599.40000 2000.78
6599.50000 1982.97
6599.60000 1973.89
6599.70000 1985.79
6599.80000 1982.23
6599.90000 1913.06
6600.00000 1909.71
6600.10000 1975.87
6600.20000 1981.19
6600.30000 1956.04
6600.40000 1960.62
6600.50000 1957.83
6600.60000 1959.22
6600.70000 1970.30
6600.80000 1988.52
6600.90000 1982.19
6601.00000 1977.55
6601.10000 1978.45
6601.20000 1961.57
6601.30000 1979.37
6601.40000 1986.37
6601.50000 2000.08
6601.60000 1982.51
6601.70000 1982.34
6601.80000 1986.29
6601.90000 1969.16
6602.00000 1979.02
6602.10000 1970.43
6602.20000 1981.33
6602.30000 1992.46
6602.40000 1958.38
6602.50000 1968.40
6602.60000 1955.44
6602.70000 1951.13
6602.80000 1937.33
6602.90000 1961.11
6603.00000 1968.73
6603.10000 1966.76
6603.20000 1966.72
6603.30000 1955.43
6603.40000 1955.88
6603.50000 1967.69
6603.60000 1972.84
6603.70000 1969.92
6603.80000 1970.93
6603.90000 1964.53
6604.00000 1957.81
6604.10000 1965.47
6604.20000 1954.13
6604.30000 1975.96
6604.40000 1964.40
6604.50000 1969.04
6604.60000 1955.31
6604.70000 1972.38
6604.80000 1963.31
6604.90000 1963.18
6605.00000 1959.40
6605.10000 1957.65
6605.20000 1960.54
6605.30000 1973.28
6605.40000 1940.38
6605.50000 1946.84
6605.60000 1955.03
6605.70000 1942.22
6605.80000 1969.00
6605.90000 1963.59
6606.00000 1962.50
6606.10000 1956.50
6606.20000 1925.27
6606.30000 1944.15
6606.40000 1950.86
6606.50000 1963.39
6606.60000 1966.29
6606.70000 1953.90
6606.80000 1955.96
6606.90000 1955.93
6607.00000 1944.83
6607.10000 1947.92
6607.20000 1943.44
6607.30000 1967.80
6607.40000 1950.65
6607.50000 1937.78
6607.60000 1960.26
6607.70000 1959.53
6607.80000 1951.55
6607.90000 1949.71
6608.00000 1959.61
6608.10000 1950.28
6608.20000 1953.96
6608.30000 1957.63
6608.40000 1959.01
6608.50000 1964.80
6608.60000 1965.33
6608.70000 1955.57
6608.80000 1961.22
6608.90000 1963.40
6609.00000 1947.27
6609.10000 1955.19
6609.20000 1958.14
6609.30000 1952.70
6609.40000 1948.42
6609.50000 1962.24
6609.60000 1972.37
6609.70000 1960.28
6609.80000 1958.39
6609.90000 1966.56
6610.00000 1963.86
6610.10000 1955.39
6610.20000 1945.21
6610.30000 1965.07
6610.40000 1968.77
6610.50000 1972.75
6610.60000 1957.76
6610.70000 1963.53
6610.80000 1941.56
6610.90000 1953.79
6611.00000 1959.28
6611.10000 1952.66
6611.20000 1958.08
6611.30000 1956.23
6611.40000 1944.77
6611.50000 1946.31
6611.60000 1961.38
6611.70000 1947.53
6611.80000 1952.30
6611.90000 1950.76
6612.00000 1953.64
6612.10000 1940.73
6612.20000 1949.78
6612.30000 1935.68
6612.40000 1945.74
6612.50000 1931.60
6612.60000 1958.05
6612.70000 1949.73
6612.80000 1945.37
6612.90000 1955.28
6613.00000 1931.49
6613.10000 1936.12
6613.20000 1922.31
6613.30000 1947.27
6613.40000 1943.88
6613.50000 1920.74
6613.60000 1875.32
6613.70000 1789.09
6613.80000 1668.91
6613.90000 1636.27
6614.00000 1632.51
6614.10000 1596.64
6614.20000 1585.65
6614.30000 1627.20
6614.40000 1663.63
6614.50000 1694.69
6614.60000 1749.84
6614.70000 1805.67
6614.80000 1844.51
6614.90000 1860.49
6615.00000 1888.02
6615.10000 1907.32
6615.20000 1917.90
6615.30000 1923.37
6615.40000 1926.31
6615.50000 1931.87
6615.60000 1937.49
6615.70000 1946.14
6615.80000 1945.09
6615.90000 1940.89
6616.00000 1948.76
6616.10000 1947.41
6616.20000 1943.80
6616.30000 1957.02
6616.40000 1939.72
6616.50000 1938.63
6616.60000 1959.93
6616.70000 1935.57
6616.80000 1943.46
6616.90000 1947.87
6617.00000 1949.57
6617.10000 1930.43
6617.20000 1932.52
6617.30000 1935.28
6617.40000 1951.40
6617.50000 1959.26
6617.60000 1949.09
6617.70000 1943.13
6617.80000 1942.20
6617.90000 1948.33
6618.00000 1936.23
6618.10000 1950.71
6618.20000 1951.75
6618.30000 1956.44
6618.40000 1941.85
6618.50000 1940.41
6618.60000 1964.72
6618.70000 1950.61
6618.80000 1948.18
6618.90000 1954.43
6619.00000 1957.34
6619.10000 1941.69
6619.20000 1946.84
6619.30000 1949.33
6619.40000 1922.87
6619.50000 1953.83
6619.60000 1946.88
6619.70000 1942.75
6619.80000 1937.90
6619.90000 1936.72
6620.00000 1941.18
6620.10000 1954.52
6620.20000 1942.22
6620.30000 1928.65
6620.40000 1930.60
6620.50000 1942.29
6620.60000 1942.84
6620.70000 1956.64
6620.80000 1945.00
6620.90000 1935.15
6621.00000 1955.69
6621.10000 1949.02
6621.20000 1951.48
6621.30000 1946.16
6621.40000 1948.52
6621.50000 1958.86
6621.60000 1947.22
6621.70000 1936.59
6621.80000 1943.21
6621.90000 1948.34
6622.00000 1936.38
6622.10000 1931.97
6622.20000 1940.57
6622.30000 1943.66
6622.40000 1947.91
6622.50000 1945.41
6622.60000 1950.97
6622.70000 1948.05
6622.80000 1941.50
6622.90000 1952.19
6623.00000 1952.12
6623.10000 1942.75
6623.20000 1941.44
6623.30000 1927.22
6623.40000 1931.87
6623.50000 1919.76
6623.60000 1947.46
6623.70000 1942.69
6623.80000 1948.45
6623.90000 1959.68
6624.00000 1960.99
6624.10000 1969.01
6624.20000 1962.96
6624.30000 1953.33
6624.40000 1966.29
6624.50000 1960.76
6624.60000 1952.76
6624.70000 1949.52
6624.80000 1967.16
6624.90000 1948.45
6625.00000 1946.23
6625.10000 1944.81
6625.20000 1954.64
6625.30000 1997.59
6625.40000 1979.49
6625.50000 1949.97
6625.60000 1953.65
6625.70000 1934.44
6625.80000 1948.96
6625.90000 1937.26
6626.00000 1947.82
6626.10000 1951.72
6626.20000 1953.29
6626.30000 1945.50
6626.40000 1940.06
6626.50000 1907.69
6626.60000 1946.14
6626.70000 1937.60
6626.80000 1968.68
6626.90000 1953.53
6627.00000 1937.44
6627.10000 1945.54
6627.20000 1932.09
6627.30000 1946.91
6627.40000 1947.07
6627.50000 1948.13
6627.60000 1939.57
6627.70000 1949.05
6627.80000 1950.38
6627.90000 1945.08
6628.00000 1952.38
6628.10000 1937.12
6628.20000 1937.54
6628.30000 1941.52
6628.40000 1936.09
6628.50000 1935.65
6628.60000 1941.52
6628.70000 1919.14
6628.80000 1929.93
6628.90000 1930.47
6629.00000 1943.87
6629.10000 1942.71
6629.20000 1947.58
6629.30000 1944.31
6629.40000 1955.88
6629.50000 1946.34
6629.60000 1939.88
6629.70000 1944.49
6629.80000 1952.31
6629.90000 1947.18
6630.00000 1928.55
6630.10000 1953.27
6630.20000 1966.42
6630.30000 1959.37
6630.40000 1960.62
6630.50000 1961.37
6630.60000 1942.74
6630.70000 1945.95
6630.80000 1945.05
6630.90000 1953.57
6631.00000 1955.03
6631.10000 1955.09
6631.20000 1934.43
6631.30000 1929.44
6631.40000 1920.82
6631.50000 1933.49
6631.60000 1926.75
6631.70000 1934.63
6631.80000 1954.17
6631.90000 1933.96
6632.00000 1951.00
6632.10000 1935.02
6632.20000 1921.20
6632.30000 1920.51
6632.40000 1944.62
6632.50000 1943.97
6632.60000 1937.52
6632.70000 1949.67
6632.80000 1939.29
6632.90000 1924.18
6633.00000 1925.18
6633.10000 1929.32
6633.20000 1937.79
6633.30000 1920.92
6633.40000 1928.52
6633.50000 1921.13
6633.60000 1949.52
6633.70000 1938.17
6633.80000 1946.41
6633.90000 1953.29
6634.00000 1943.38
6634.10000 1954.55
6634.20000 1942.43
6634.30000 1965.47
6634.40000 1939.02
6634.50000 1947.23
6634.60000 1949.72
6634.70000 1934.08
6634.80000 1958.73
6634.90000 1954.79
6635.00000 1953.01
6635.10000 1946.79
6635.20000 1956.33
6635.30000 1934.02
6635.40000 1943.31
6635.50000 1936.54
6635.60000 1969.80
6635.70000 1941.04
6635.80000 1930.55
6635.90000 1932.17
6636.00000 1944.81
6636.10000 1920.45
6636.20000 1941.67
6636.30000 1951.03
6636.40000 1944.75
6636.50000 1946.19
6636.60000 1947.16
6636.70000 1956.13
6636.80000 1961.82
6636.90000 1953.09
6637.00000 1944.14
6637.10000 1925.82
6637.20000 1940.86
6637.30000 1949.86
6637.40000 1941.06
6637.50000 1945.69
6637.60000 1941.48
6637.70000 1953.21
6637.80000 1949.05
6637.90000 1957.58
6638.00000 1963.55
6638.10000 1949.76
6638.20000 1927.60
6638.30000 1953.86
6638.40000 1954.02
6638.50000 1940.39
6638.60000 1961.29
6638.70000 1958.59
6638.80000 1945.49
6638.90000 1947.68
6639.00000 1955.40
6639.10000 1964.20
6639.20000 1956.99
6639.30000 1944.34
6639.40000 1937.76
6639.50000 1949.55
6639.60000 1935.45
6639.70000 1940.73
6639.80000 1961.42
6639.90000 1955.70
6640.00000 1941.90
6640.10000 1950.50
6640.20000 1938.26
6640.30000 1934.73
6640.40000 1936.98
6640.50000 1958.51
6640.60000 1940.54
6640.70000 1961.56
6640.80000 1958.90
6640.90000 1974.38
6641.00000 1937.86
6641.10000 1943.95
6641.20000 1950.11
6641.30000 1970.57
6641.40000 1948.76
6641.50000 1930.50
6641.60000 1940.88
6641.70000 1934.57
6641.80000 1936.90
6641.90000 1939.85
6642.00000 1953.79
6642.10000 1962.81
6642.20000 1954.01
6642.30000 1949.34
6642.40000 1961.98
6642.50000 1948.47
6642.60000 1959.16
6642.70000 1946.41
6642.80000 1932.31
6642.90000 1949.17
6643.00000 1939.73
6643.10000 1949.01
6643.20000 1947.75
6643.30000 1958.10
6643.40000 1949.76
6643.50000 1937.05
6643.60000 1941.71
6643.70000 1941.79
6643.80000 1947.61
6643.90000 1947.68
6644.00000 1945.04
6644.10000 1938.66
6644.20000 1950.30
6644.30000 1928.45
6644.40000 1925.29
6644.50000 1924.31
6644.60000 1939.51
6644.70000 1937.44
6644.80000 1941.06
6644.90000 1937.61
6645.00000 1947.38
6645.10000 1943.10
6645.20000 1945.86
6645.30000 1947.30
6645.40000 1954.35
6645.50000 1956.27
6645.60000 1949.27
6645.70000 1941.23
6645.80000 1949.62
6645.90000 1958.54
6646.00000 1948.09
6646.10000 1957.67
6646.20000 1959.36
6646.30000 1956.83
6646.40000 1952.41
6646.50000 1942.49
6646.60000 1926.71
6646.70000 1953.42
6646.80000 1960.74
6646.90000 1971.35
6647.00000 1955.37
6647.10000 1939.52
6647.20000 1949.73
6647.30000 1944.78
6647.40000 1942.10
6647.50000 1958.71
6647.60000 1945.35
6647.70000 1939.43
6647.80000 1957.29
6647.90000 1934.59
6648.00000 1950.53
6648.10000 1969.69
6648.20000 1942.52
6648.30000 1964.92
6648.40000 1948.21
6648.50000 1943.19
6648.60000 1946.22
6648.70000 1944.04
6648.80000 1962.37
6648.90000 1970.39
6649.00000 1978.17
6649.10000 1965.23
6649.20000 1953.80
6649.30000 1970.88
6649.40000 1961.60
6649.50000 1923.83
6649.60000 1963.75
6649.70000 1961.45
6649.80000 1967.44
6649.90000 1962.49
6650.00000 1958.78
6650.10000 1963.15
6650.20000 1958.02
6650.30000 1941.36
6650.40000 1956.94
6650.50000 1982.23
6650.60000 1958.33
6650.70000 1956.61
6650.80000 1953.71
6650.90000 1966.33
6651.00000 1967.28
6651.10000 1975.37
6651.20000 1982.27
6651.30000 1970.24
6651.40000 1970.05
6651.50000 1969.75
6651.60000 1967.15
6651.70000 1966.96
6651.80000 1956.44
6651.90000 2081.90
6652.00000 1981.45
6652.10000 1965.45
6652.20000 1974.43
6652.30000 1957.54
6652.40000 1955.70
6652.50000 1974.21
6652.60000 1969.65
6652.70000 1963.69
6652.80000 1957.26
6652.90000 1969.53
6653.00000 1985.77
6653.10000 1980.12
6653.20000 1966.95
6653.30000 1973.63
6653.40000 1964.50
6653.50000 1967.45
6653.60000 1995.28
6653.70000 1976.56
6653.80000 1967.36
6653.90000 1977.73
6654.00000 1983.01
6654.10000 1955.65
6654.20000 1968.43
6654.30000 1976.67
6654.40000 1961.09
6654.50000 1965.92
6654.60000 1977.35
6654.70000 1981.66
6654.80000 1972.51
6654.90000 1965.38
6655.00000 1965.32
6655.10000 1967.51
6655.20000 1954.86
6655.30000 1965.07
6655.40000 1963.32
6655.50000 1960.26
6655.60000 2000.42
6655.70000 1983.35
6655.80000 1979.99
6655.90000 1987.65
6656.00000 1977.37
6656.10000 1969.81
6656.20000 1962.33
6656.30000 1982.56
6656.40000 2002.03
6656.50000 1989.67
6656.60000 1974.25
6656.70000 1993.41
6656.80000 1980.83
6656.90000 1983.25
6657.00000 1984.70
6657.10000 2001.62
6657.20000 1980.54
6657.30000 1985.12
6657.40000 1986.51
6657.50000 1976.14
6657.60000 1957.07
6657.70000 1961.40
6657.80000 1979.89
6657.90000 1976.13
6658.00000 1982.73
6658.10000 1971.56
6658.20000 1979.62
6658.30000 1966.87
6658.40000 1978.67
6658.50000 1990.40
6658.60000 1977.29
6658.70000 1968.45
6658.80000 1987.85
6658.90000 1975.81
6659.00000 1972.34
6659.10000 1972.41
6659.20000 1965.47
6659.30000 1984.85
6659.40000 1974.42
6659.50000 1970.68
6659.60000 2004.49
6659.70000 1977.86
6659.80000 1987.34
6659.90000 1980.34
6660.00000 1986.67
6660.10000 1992.20
6660.20000 1986.87
6660.30000 1971.64
6660.40000 1983.59
6660.50000 1988.79
6660.60000 1980.85
6660.70000 1978.54
6660.80000 1973.98
6660.90000 1953.71
6661.00000 1901.98
6661.10000 1870.91
6661.20000 1880.91
6661.30000 1875.53
6661.40000 1878.54
6661.50000 1908.60
6661.60000 1957.92
6661.70000 1978.32
6661.80000 1975.82
6661.90000 1997.60
6662.00000 1982.90
6662.10000 1990.28
6662.20000 1990.07
6662.30000 1981.39
6662.40000 1995.04
6662.50000 1970.37
6662.60000 1970.86
6662.70000 1983.15
6662.80000 1988.22
6662.90000 1992.98
6663.00000 1998.12
6663.10000 1997.18
6663.20000 2008.44
6663.30000 1992.99
6663.40000 1988.35
6663.50000 1998.49
6663.60000 1968.80
6663.70000 1992.26
6663.80000 1987.89
6663.90000 1984.11
6664.00000 1980.36
6664.10000 1998.41
6664.20000 2006.86
6664.30000 2000.74
6664.40000 1988.60
6664.50000 1989.70
6664.60000 1992.39
6664.70000 1993.67
6664.80000 1984.11
6664.90000 1992.83
6665.00000 2003.32
6665.10000 1991.40
6665.20000 2027.47
6665.30000 1999.01
6665.40000 1994.40
6665.50000 1983.83
6665.60000 1978.81
6665.70000 1988.31
6665.80000 1967.16
6665.90000 1981.15
6666.00000 2000.23
6666.10000 1973.92
6666.20000 1996.24
6666.30000 2009.45
6666.40000 1984.51
6666.50000 2011.30
6666.60000 2002.06
6666.70000 2001.51
6666.80000 2005.67
6666.90000 1997.49
6667.00000 1988.11
6667.10000 1995.54
6667.20000 2004.30
6667.30000 2011.44
6667.40000 2006.39
6667.50000 2007.58
6667.60000 1998.50
6667.70000 1997.67
6667.80000 1999.24
6667.90000 2007.38
6668.00000 2012.99
6668.10000 2011.81
6668.20000 1999.90
6668.30000 1993.48
6668.40000 1981.43
6668.50000 2023.60
6668.60000 2023.48
6668.70000 2001.95
6668.80000 2010.45
6668.90000 2006.71
6669.00000 2005.60
6669.10000 1989.11
6669.20000 2004.17
6669.30000 2002.43
6669.40000 1991.37
6669.50000 1994.25
6669.60000 1991.72
6669.70000 1997.42
6669.80000 1985.63
6669.90000 1985.62
6670.00000 1977.10
6670.10000 1986.13
6670.20000 1985.22
6670.30000 2001.72
6670.40000 1995.44
6670.50000 2003.17
6670.60000 1977.29
6670.70000 1977.89
6670.80000 1974.92
6670.90000 1959.48
6671.00000 1988.20
6671.10000 1978.02
6671.20000 1970.63
6671.30000 1992.40
6671.40000 1959.43
6671.50000 1976.38
6671.60000 1965.55
6671.70000 1954.61
6671.80000 1970.25
6671.90000 1964.95
6672.00000 1968.37
6672.10000 1950.07
6672.20000 1948.52
6672.30000 1949.87
6672.40000 1956.57
6672.50000 1933.17
6672.60000 1935.34
6672.70000 1917.32
6672.80000 1920.96
6672.90000 1919.21
6673.00000 1915.84
6673.10000 1931.83
6673.20000 1952.77
6673.30000 1947.79
6673.40000 1955.32
6673.50000 1955.53
6673.60000 1947.44
6673.70000 1974.09
6673.80000 1959.08
6673.90000 1965.21
6674.00000 1981.79
6674.10000 1962.03
6674.20000 1969.53
6674.30000 1981.24
6674.40000 1966.98
6674.50000 1972.92
6674.60000 1983.70
6674.70000 1984.11
6674.80000 1979.24
6674.90000 1994.01
6675.00000 1984.00
6675.10000 1985.22
6675.20000 2000.49
6675.30000 1974.15
6675.40000 2024.51
6675.50000 2017.06
6675.60000 1981.46
6675.70000 2015.37
6675.80000 2016.88
6675.90000 2012.30
6676.00000 2029.27
6676.10000 2023.08
6676.20000 2013.76
6676.30000 2033.16
6676.40000 2022.10
6676.50000 2020.01
6676.60000 2035.58
6676.70000 2021.76
6676.80000 2029.88
6676.90000 2019.65
6677.00000 2030.42
6677.10000 2011.34
6677.20000 1991.42
6677.30000 2002.92
6677.40000 2007.04
6677.50000 2011.64
6677.60000 1997.44
6677.70000 2007.51
6677.80000 1986.12
6677.90000 1989.24
6678.00000 1999.07
6678.10000 1997.37
6678.20000 2003.04
6678.30000 1994.68
6678.40000 2004.07
6678.50000 1996.43
6678.60000 2000.54
6678.70000 2000.09
6678.80000 1965.90
6678.90000 1990.91
6679.00000 1998.97
6679.10000 1987.88
6679.20000 1996.25
6679.30000 1992.03
6679.40000 1979.15
6679.50000 1983.55
6679.60000 1967.16
6679.70000 1977.53
6679.80000 1999.26
6679.90000 1975.43
6680.00000 1996.34
6680.10000 1994.20
6680.20000 1995.01
6680.30000 1984.56
6680.40000 1987.56
6680.50000 1999.59
6680.60000 1989.86
6680.70000 2002.92
6680.80000 2008.02
6680.90000 2018.18
6681.00000 2000.01
6681.10000 2032.93
6681.20000 2024.45
6681.30000 2040.97
6681.40000 2034.72
6681.50000 2006.70
6681.60000 2020.68
6681.70000 2038.62
6681.80000 2038.14
6681.90000 2016.42
6682.00000 2043.71
6682.10000 2029.41
6682.20000 2018.59
6682.30000 2013.47
6682.40000 1997.26
6682.50000 2005.08
6682.60000 2015.10
6682.70000 2005.28
6682.80000 2019.26
6682.90000 2011.43
6683.00000 1996.46
6683.10000 2012.61
6683.20000 1996.78
6683.30000 2007.09
6683.40000 1994.92
6683.50000 2000.99
6683.60000 1987.58
6683.70000 1987.35
6683.80000 1986.76
6683.90000 1988.41
6684.00000 1993.34
6684.10000 1986.78
6684.20000 1997.62
6684.30000 1996.21
6684.40000 1989.94
6684.50000 1997.26
6684.60000 1980.03
6684.70000 1975.35
6684.80000 1997.82
6684.90000 1998.63
6685.00000 1982.12
6685.10000 1989.66
6685.20000 1978.82
6685.30000 1976.40
6685.40000 1983.28
6685.50000 1979.00
6685.60000 1976.70
6685.70000 1966.50
6685.80000 1973.14
6685.90000 1970.74
6686.00000 1993.60
6686.10000 1990.18
6686.20000 1955.32
6686.30000 1996.23
6686.40000 1976.11
6686.50000 1995.86
6686.60000 1982.56
6686.70000 1983.54
6686.80000 1991.83
6686.90000 2009.44
6687.00000 1989.21
6687.10000 2002.36
6687.20000 1989.28
6687.30000 2002.52
6687.40000 2009.53
6687.50000 2012.36
6687.60000 2013.57
6687.70000 2027.47
6687.80000 2023.09
6687.90000 2009.53
6688.00000 2026.75
6688.10000 2036.51
6688.20000 2017.21
6688.30000 2017.02
6688.40000 2023.01
6688.50000 2046.15
6688.60000 2043.79
6688.70000 2032.08
6688.80000 2034.78
6688.90000 2032.63
6689.00000 2030.47
6689.10000 2019.83
6689.20000 2028.83
6689.30000 2054.19
6689.40000 2039.28
6689.50000 2031.16
6689.60000 2016.55
6689.70000 2040.42
6689.80000 2033.77
6689.90000 2019.42
6690.00000 2016.12
6690.10000 2019.27
6690.20000 2027.95
6690.30000 2030.71
6690.40000 2042.94
6690.50000 2030.97
6690.60000 2038.06
6690.70000 2040.63
6690.80000 2032.22
6690.90000 2030.71
6691.00000 2041.31
6691.10000 2058.97
6691.20000 2039.75
6691.30000 2025.22
6691.40000 2024.93
6691.50000 2040.11
6691.60000 2039.99
6691.70000 2035.00
6691.80000 2046.61
6691.90000 2025.20
6692.00000 2026.84
6692.10000 2035.06
6692.20000 2044.16
6692.30000 2054.42
6692.40000 2044.44
6692.50000 2058.04
6692.60000 2032.34
6692.70000 2043.31
6692.80000 2041.11
6692.90000 2047.28
6693.00000 2055.57
6693.10000 2046.02
6693.20000 2050.70
6693.30000 2041.56
6693.40000 2041.40
6693.50000 2049.68
6693.60000 2052.70
6693.70000 2039.03
6693.80000 2044.04
6693.90000 2043.39
6694.00000 2050.01
6694.10000 2022.47
6694.20000 2047.66
6694.30000 2041.18
6694.40000 2032.11
6694.50000 2030.23
6694.60000 2030.58
6694.70000 2047.65
6694.80000 2038.22
6694.90000 2056.36
6695.00000 2042.02
6695.10000 2036.27
6695.20000 2042.17
6695.30000 2052.32
6695.40000 2036.59
6695.50000 2046.53
6695.60000 2040.46
6695.70000 2039.25
6695.80000 2050.21
6695.90000 2058.42
6696.00000 2045.83
6696.10000 2042.23
6696.20000 2040.57
6696.30000 2040.97
6696.40000 2037.39
6696.50000 2038.55
6696.60000 2053.94
6696.70000 2043.26
6696.80000 2036.27
6696.90000 2054.33
6697.00000 2038.54
6697.10000 2033.84
6697.20000 2025.54
6697.30000 2026.98
6697.40000 2027.66
6697.50000 2044.59
6697.60000 2045.63
6697.70000 2034.79
6697.80000 2047.04
6697.90000 2053.21
6698.00000 2034.95
6698.10000 2034.86
6698.20000 2026.93
6698.30000 2036.72
6698.40000 2038.96
6698.50000 2036.89
6698.60000 2035.28
6698.70000 2033.95
6698.80000 2039.54
6698.90000 2053.95
6699.00000 2062.43
6699.10000 2052.03
6699.20000 2038.78
6699.30000 2036.71
6699.40000 2019.02
6699.50000 2013.87
6699.60000 1997.11
6699.70000 1989.32
6699.80000 1983.23
6699.90000 1988.23
6700.00000 1985.58
6700.10000 1984.25
6700.20000 2018.67
6700.30000 2026.51
6700.40000 2035.38
6700.50000 2054.01
6700.60000 2045.89
6700.70000 2030.60
6700.80000 2034.23
6700.90000 2043.60
6701.00000 2052.90
6701.10000 2053.46
6701.20000 2042.38
6701.30000 2060.77
6701.40000 2056.20
6701.50000 2045.20
6701.60000 2039.24
6701.70000 2043.53
6701.80000 2043.50
6701.90000 2050.86
6702.00000 2046.48
6702.10000 2039.90
6702.20000 2042.40
6702.30000 2040.53
6702.40000 2021.31
6702.50000 2014.41
6702.60000 2007.04
6702.70000 2024.27
6702.80000 2022.86
6702.90000 2032.42
6703.00000 2028.41
6703.10000 2053.39
6703.20000 2043.45
6703.30000 2059.00
6703.40000 2054.50
6703.50000 2066.22
6703.60000 2060.63
6703.70000 2050.27
6703.80000 2072.84
6703.90000 2053.66
6704.00000 2064.45
6704.10000 2056.03
6704.20000 2053.94
6704.30000 2048.36
6704.40000 2051.10
6704.50000 2056.59
6704.60000 2055.86
6704.70000 2061.85
6704.80000 2068.82
6704.90000 2071.89
6705.00000 2050.30
6705.10000 2054.05
6705.20000 2058.59
6705.30000 2060.54
6705.40000 2068.32
6705.50000 2052.65
6705.60000 2073.59
6705.70000 2060.14
6705.80000 2068.60
6705.90000 2065.82
6706.00000 2077.90
6706.10000 2078.44
6706.20000 2069.36
6706.30000 2050.66
6706.40000 2053.92
6706.50000 2061.99
6706.60000 2064.77
6706.70000 2061.16
6706.80000 2074.94
6706.90000 2076.38
6707.00000 2056.18
6707.10000 2052.89
6707.20000 2074.21
6707.30000 2065.73
6707.40000 2071.30
6707.50000 2062.39
6707.60000 2069.15
6707.70000 2061.70
6707.80000 2074.69
6707.90000 2063.23
6708.00000 2073.16
6708.10000 2062.47
6708.20000 2082.73
6708.30000 2057.00
6708.40000 2031.94
6708.50000 2051.63
6708.60000 2065.17
6708.70000 2057.08
6708.80000 2064.72
6708.90000 2075.32
6709.00000 2068.32
6709.10000 2071.47
6709.20000 2070.76
6709.30000 2074.81
6709.40000 2075.75
6709.50000 2068.79
6709.60000 2063.87
6709.70000 2059.79
6709.80000 2072.07
6709.90000 2071.69
6710.00000 2054.00
6710.10000 2064.05
6710.20000 2065.69
6710.30000 2077.34
6710.40000 2078.50
6710.50000 2069.89
6710.60000 2056.81
6710.70000 2062.49
6710.80000 2072.99
6710.90000 2066.34
6711.00000 2078.33
6711.10000 2075.87
6711.20000 2070.95
6711.30000 2074.69
6711.40000 2069.11
6711.50000 2071.20
6711.60000 2081.63
6711.70000 2077.65
6711.80000 2087.99
6711.90000 2069.57
6712.00000 2084.25
6712.10000 2059.52
6712.20000 2069.99
6712.30000 2090.50
6712.40000 2073.38
6712.50000 2069.38
6712.60000 2072.05
6712.70000 2078.92
6712.80000 2064.77
6712.90000 2063.75
6713.00000 2073.13
6713.10000 2078.38
6713.20000 2070.19
6713.30000 2076.19
6713.40000 2066.46
6713.50000 2073.37
6713.60000 2064.07
6713.70000 2065.05
6713.80000 2075.42
6713.90000 2082.15
6714.00000 2071.10
6714.10000 2071.43
6714.20000 2084.27
6714.30000 2080.55
6714.40000 2076.81
6714.50000 2063.12
6714.60000 2074.51
6714.70000 2078.42
6714.80000 2085.92
6714.90000 2082.62
6715.00000 2073.23
6715.10000 2088.77
6715.20000 2075.25
6715.30000 2055.76
6715.40000 2080.41
6715.50000 2066.20
6715.60000 2062.85
6715.70000 2076.30
6715.80000 2070.75
6715.90000 2064.62
6716.00000 2072.04
6716.10000 2075.09
6716.20000 2085.64
6716.30000 2072.84
6716.40000 2074.95
6716.50000 2078.26
6716.60000 2082.49
6716.70000 2075.31
6716.80000 2071.11
6716.90000 2074.40
6717.00000 2085.76
6717.10000 2099.30
6717.20000 2091.86
6717.30000 2074.83
6717.40000 2071.12
6717.50000 2087.05
6717.60000 2070.80
6717.70000 2082.17
6717.80000 2067.24
6717.90000 2067.07
6718.00000 2086.73
6718.10000 2064.57
6718.20000 2073.73
6718.30000 2085.41
6718.40000 2087.96
6718.50000 2089.87
6718.60000 2089.41
6718.70000 2071.02
6718.80000 2071.40
6718.90000 2075.05
6719.00000 2051.90
6719.10000 2065.72
6719.20000 2067.85
6719.30000 2075.14
6719.40000 2070.80
6719.50000 2080.50
6719.60000 2061.11
6719.70000 2068.24
6719.80000 2052.80
6719.90000 2065.42
6720.00000 2063.83
6720.10000 2095.08
6720.20000 2089.08
6720.30000 2059.46
6720.40000 2081.51
6720.50000 2082.40
6720.60000 2084.25
6720.70000 2092.72
6720.80000 2069.64
6720.90000 2082.91
6721.00000 2068.56
6721.10000 2060.73
6721.20000 2065.85
6721.30000 2070.19
6721.40000 2080.30
6721.50000 2082.38
6721.60000 2083.63
6721.70000 2081.56
6721.80000 2092.08
6721.90000 2082.92
6722.00000 2068.42
6722.10000 2075.40
6722.20000 2093.22
6722.30000 2082.87
6722.40000 2088.15
6722.50000 2077.22
6722.60000 2094.10
6722.70000 2079.79
6722.80000 2070.83
6722.90000 2089.96
6723.00000 2079.30
6723.10000 2089.85
6723.20000 2085.42
6723.30000 2074.74
6723.40000 2081.01
6723.50000 2069.26
6723.60000 2075.89
6723.70000 2081.22
6723.80000 2096.07
6723.90000 2087.16
6724.00000 2075.71
6724.10000 2077.48
6724.20000 2084.61
6724.30000 2068.12
6724.40000 2073.14
6724.50000 2087.18
6724.60000 2083.50
6724.70000 2068.68
6724.80000 2068.99
6724.90000 2074.92
6725.00000 2069.19
6725.10000 2086.74
6725.20000 2068.95
6725.30000 2074.13
6725.40000 2073.24
6725.50000 2074.37
6725.60000 2087.47
6725.70000 2072.30
6725.80000 2077.28
6725.90000 2079.58
6726.00000 2063.10
6726.10000 2095.78
6726.20000 2081.78
6726.30000 2071.64
6726.40000 2090.04
6726.50000 2077.17
6726.60000 2080.86
6726.70000 2088.03
6726.80000 2088.15
6726.90000 2078.46
6727.00000 2082.19
6727.10000 2090.00
6727.20000 2079.04
6727.30000 2073.79
6727.40000 2084.71
6727.50000 2088.58
6727.60000 2086.90
6727.70000 2073.47
6727.80000 2055.18
6727.90000 2070.16
6728.00000 2071.17
6728.10000 2068.93
6728.20000 2067.21
6728.30000 2085.74
6728.40000 2056.30
6728.50000 2066.43
6728.60000 2078.27
6728.70000 2088.36
6728.80000 2067.32
6728.90000 2065.24
6729.00000 2093.34
6729.10000 2072.81
6729.20000 2081.82
6729.30000 2074.22
6729.40000 2089.97
6729.50000 2055.71
6729.60000 2083.81
6729.70000 2051.01
6729.80000 2032.21
6729.90000 2023.05
6730.00000 2016.30
6730.10000 2062.21
6730.20000 2064.92
6730.30000 2085.03
6730.40000 2088.76
6730.50000 2078.22
6730.60000 2092.11
6730.70000 2078.17
6730.80000 2067.71
6730.90000 2070.09
6731.00000 2076.76
6731.10000 2077.01
6731.20000 2077.40
6731.30000 2069.83
6731.40000 2070.30
6731.50000 2076.90
6731.60000 2086.65
6731.70000 2085.08
6731.80000 2090.51
6731.90000 2055.62
6732.00000 2063.30
6732.10000 2080.74
6732.20000 2088.71
6732.30000 2070.81
6732.40000 2069.49
6732.50000 2081.67
6732.60000 2070.01
6732.70000 2077.29
6732.80000 2077.58
6732.90000 2093.11
6733.00000 2087.23
6733.10000 2070.08
6733.20000 2067.23
6733.30000 2075.37
6733.40000 2100.16
6733.50000 2086.50
6733.60000 2061.06
6733.70000 2051.53
6733.80000 2062.77
6733.90000 2060.35
6734.00000 2072.97
6734.10000 2066.91
6734.20000 2069.96
6734.30000 2061.62
6734.40000 2087.55
6734.50000 2089.02
6734.60000 2078.63
6734.70000 2069.39
6734.80000 2072.70
6734.90000 2086.16
6735.00000 2065.75
6735.10000 2085.45
6735.20000 2066.30
6735.30000 2069.90
6735.40000 2067.31
6735.50000 2066.20
6735.60000 2078.81
6735.70000 2064.39
6735.80000 2087.28
6735.90000 2073.66
6736.00000 2075.72
6736.10000 2096.15
6736.20000 2082.96
6736.30000 2059.42
6736.40000 2091.44
6736.50000 2075.93
6736.60000 2064.28
6736.70000 2070.13
6736.80000 2063.83
6736.90000 2065.31
6737.00000 2065.13
6737.10000 2079.76
6737.20000 2089.93
6737.30000 2071.69
6737.40000 2073.79
6737.50000 2068.64
6737.60000 2062.31
6737.70000 2065.83
6737.80000 2071.75
6737.90000 2072.25
6738.00000 2071.72
6738.10000 2078.96
6738.20000 2069.16
6738.30000 2081.37
6738.40000 2073.12
6738.50000 2068.00
6738.60000 2080.78
6738.70000 2070.21
6738.80000 2075.86
6738.90000 2086.51
6739.00000 2086.14
6739.10000 2099.23
6739.20000 2096.35
6739.30000 2068.78
6739.40000 2083.54
6739.50000 2071.86
6739.60000 2074.06
6739.70000 2065.80
6739.80000 2079.50
6739.90000 2093.04
6740.00000 2093.09
6740.10000 2098.89
6740.20000 2096.17
6740.30000 2086.67
6740.40000 2096.38
6740.50000 2092.94
6740.60000 2082.40
6740.70000 2075.27
6740.80000 2088.41
6740.90000 2080.08
6741.00000 2098.62
6741.10000 2091.39
6741.20000 2078.12
6741.30000 2057.81
6741.40000 2075.44
6741.50000 2072.14
6741.60000 2064.57
6741.70000 2063.11
6741.80000 2073.54
6741.90000 2062.02
6742.00000 2075.37
6742.10000 2093.50
6742.20000 2082.89
6742.30000 2097.40
6742.40000 2093.22
6742.50000 2088.88
6742.60000 2104.65
6742.70000 2084.51
6742.80000 2088.84
6742.90000 2082.29
6743.00000 2075.62
6743.10000 2086.13
6743.20000 2078.54
6743.30000 2085.02
6743.40000 2083.59
6743.50000 2087.63
6743.60000 2071.63
6743.70000 2067.47
6743.80000 2085.60
6743.90000 2099.74
6744.00000 2074.64
6744.10000 2072.10
6744.20000 2093.31
6744.30000 2071.54
6744.40000 2074.86
6744.50000 2090.17
6744.60000 2082.26
6744.70000 2075.01
6744.80000 2090.50
6744.90000 2076.09
6745.00000 2085.27
6745.10000 2088.01
6745.20000 2069.58
6745.30000 2100.82
6745.40000 2099.09
6745.50000 2100.47
6745.60000 2100.99
6745.70000 2098.70
6745.80000 2075.77
6745.90000 2105.48
6746.00000 2087.07
6746.10000 2080.32
6746.20000 2098.90
6746.30000 2082.52
6746.40000 2083.98
6746.50000 2076.89
6746.60000 2106.64
6746.70000 2094.58
6746.80000 2084.31
6746.90000 2088.00
6747.00000 2101.32
6747.10000 2091.99
6747.20000 2100.21
6747.30000 2097.06
6747.40000 2102.38
6747.50000 2100.35
6747.60000 2076.63
6747.70000 2086.60
6747.80000 2067.41
6747.90000 2075.85
6748.00000 2103.53
6748.10000 2092.09
6748.20000 2094.94
6748.30000 2086.57
6748.40000 2091.54
6748.50000 2083.19
6748.60000 2085.52
6748.70000 2091.09
6748.80000 2083.01
6748.90000 2075.73
6749.00000 2093.71
6749.10000 2084.20
6749.20000 2091.59
6749.30000 2099.44
6749.40000 2097.84
6749.50000 2086.91
6749.60000 2097.88
6749.70000 2101.55
6749.80000 2094.13
6749.90000 2081.48
6750.00000 2089.97
6750.10000 2098.67
6750.20000 2088.85
6750.30000 2090.01
6750.40000 2104.58
6750.50000 2083.87
6750.60000 2083.70
6750.70000 2105.37
6750.80000 2088.15
6750.90000 2088.09
6751.00000 2102.06
6751.10000 2087.89
6751.20000 2092.62
6751.30000 2103.34
6751.40000 2066.08
6751.50000 2078.69
6751.60000 2086.68
6751.70000 2094.69
6751.80000 2092.25
6751.90000 2102.23
6752.00000 2085.03
6752.10000 2089.32
6752.20000 2082.00
6752.30000 2089.19
6752.40000 2095.85
6752.50000 2091.17
6752.60000 2107.21
6752.70000 2086.46
6752.80000 2090.75
6752.90000 2101.41
6753.00000 2100.39
6753.10000 2082.84
6753.20000 2095.64
6753.30000 2082.96
6753.40000 2100.90
6753.50000 2110.76
6753.60000 2099.04
6753.70000 2106.85
6753.80000 2096.76
6753.90000 2113.77
6754.00000 2115.52
6754.10000 2114.52
6754.20000 2098.15
6754.30000 2111.40
6754.40000 2100.21
6754.50000 2106.18
6754.60000 2118.85
6754.70000 2097.81
6754.80000 2101.06
6754.90000 2104.74
6755.00000 2110.84
6755.10000 2094.89
6755.20000 2096.33
6755.30000 2088.20
6755.40000 2105.69
6755.50000 2092.05
6755.60000 2102.52
6755.70000 2117.67
6755.80000 2108.18
6755.90000 2106.36
6756.00000 2102.74
6756.10000 2095.28
6756.20000 2081.23
6756.30000 2087.13
6756.40000 2092.37
6756.50000 2103.92
6756.60000 2116.94
6756.70000 2090.78
6756.80000 2117.10
6756.90000 2108.53
6757.00000 2113.91
6757.10000 2092.18
6757.20000 2114.16
6757.30000 2077.94
6757.40000 2090.55
6757.50000 2097.39
6757.60000 2122.60
6757.70000 2105.95
6757.80000 2087.91
6757.90000 2090.09
6758.00000 2106.44
6758.10000 2118.85
6758.20000 2087.27
6758.30000 2102.18
6758.40000 2088.52
6758.50000 2112.49
6758.60000 2116.73
6758.70000 2118.19
6758.80000 2091.45
6758.90000 2096.63
6759.00000 2099.77
6759.10000 2101.31
6759.20000 2094.16
6759.30000 2106.39
6759.40000 2111.51
6759.50000 2106.19
6759.60000 2103.69
6759.70000 2104.24
6759.80000 2115.96
6759.90000 2105.88
6760.00000 2087.21
6760.10000 2091.93
6760.20000 2116.43
6760.30000 2107.70
6760.40000 2097.47
6760.50000 2095.80
6760.60000 2107.07
6760.70000 2098.12
6760.80000 2119.09
6760.90000 2094.81
6761.00000 2098.67
6761.10000 2120.12
6761.20000 2105.37
6761.30000 2110.20
6761.40000 2115.26
6761.50000 2101.81
6761.60000 2108.92
6761.70000 2120.80
6761.80000 2106.82
6761.90000 2093.64
6762.00000 2093.86
6762.10000 2079.73
6762.20000 2080.23
6762.30000 2101.15
6762.40000 2093.98
6762.50000 2091.96
6762.60000 2088.23
6762.70000 2092.96
6762.80000 2111.68
6762.90000 2086.03
6763.00000 2101.54
6763.10000 2085.21
6763.20000 2103.49
6763.30000 2087.42
6763.40000 2108.83
6763.50000 2101.54
6763.60000 2091.11
6763.70000 2105.24
6763.80000 2097.12
6763.90000 2083.36
6764.00000 2089.22
6764.10000 2117.68
6764.20000 2090.81
6764.30000 2098.59
6764.40000 2085.71
6764.50000 2093.86
6764.60000 2094.64
6764.70000 2086.64
6764.80000 2098.16
6764.90000 2105.57
6765.00000 2092.81
6765.10000 2115.48
6765.20000 2124.35
6765.30000 2112.32
6765.40000 2120.73
6765.50000 2074.31
6765.60000 2090.96
6765.70000 2091.13
6765.80000 2090.75
6765.90000 2071.60
6766.00000 2094.32
6766.10000 2087.06
6766.20000 2090.65
6766.30000 2078.17
6766.40000 2090.24
6766.50000 2097.06
6766.60000 2095.77
6766.70000 2122.63
6766.80000 2105.26
6766.90000 2104.57
6767.00000 2087.11
6767.10000 2100.33
6767.20000 2093.60
6767.30000 2087.74
6767.40000 2089.35
6767.50000 2089.33
6767.60000 2099.15
6767.70000 2107.80
6767.80000 2089.37
6767.90000 2097.64
6768.00000 2072.22
6768.10000 2095.05
6768.20000 2106.53
6768.30000 2096.99
6768.40000 2100.37
6768.50000 2108.94
6768.60000 2111.19
6768.70000 2103.49
6768.80000 2109.58
6768.90000 2103.44
6769.00000 2108.76
6769.10000 2115.52
6769.20000 2092.57
6769.30000 2080.57
6769.40000 2107.96
6769.50000 2114.30
6769.60000 2113.17
6769.70000 2086.19
6769.80000 2096.29
6769.90000 2091.88
6770.00000 2096.54
6770.10000 2098.09
6770.20000 2102.20
6770.30000 2097.53
6770.40000 2076.98
6770.50000 2076.41
6770.60000 2082.96
6770.70000 2079.67
6770.80000 2069.22
6770.90000 2078.41
6771.00000 2099.54
6771.10000 2100.68
6771.20000 2100.75
6771.30000 2117.50
6771.40000 2108.38
6771.50000 2095.45
6771.60000 2099.56
6771.70000 2105.03
6771.80000 2103.98
6771.90000 2095.70
6772.00000 2078.03
6772.10000 2103.38
6772.20000 2114.42
6772.30000 2094.69
6772.40000 2107.75
6772.50000 2109.53
6772.60000 2125.06
6772.70000 2096.82
6772.80000 2091.96
6772.90000 2096.41
6773.00000 2140.82
6773.10000 2113.52
6773.20000 2083.75
6773.30000 2107.56
6773.40000 2114.46
6773.50000 2106.48
6773.60000 2097.14
6773.70000 2112.86
6773.80000 2107.66
6773.90000 2118.69
6774.00000 2115.11
6774.10000 2109.46
6774.20000 2107.18
6774.30000 2102.60
6774.40000 2112.26
6774.50000 2085.27
6774.60000 2106.80
6774.70000 2118.56
6774.80000 2102.92
6774.90000 2122.89
6775.00000 2103.78
6775.10000 2105.76
6775.20000 2123.49
6775.30000 2101.19
6775.40000 2112.85
6775.50000 2114.17
6775.60000 2112.22
6775.70000 2125.05
6775.80000 2092.06
6775.90000 2098.20
6776.00000 2103.15
6776.10000 2122.47
6776.20000 2093.12
6776.30000 2095.41
6776.40000 2092.05
6776.50000 2094.02
6776.60000 2108.38
6776.70000 2129.17
6776.80000 2102.89
6776.90000 2118.14
6777.00000 2110.38
6777.10000 2108.71
6777.20000 2106.82
6777.30000 2111.91
6777.40000 2093.76
6777.50000 2107.73
6777.60000 2102.21
6777.70000 2118.80
6777.80000 2096.05
6777.90000 2091.34
6778.00000 2109.39
6778.10000 2123.09
6778.20000 2118.93
6778.30000 2097.99
6778.40000 2083.02
6778.50000 2099.85
6778.60000 2089.02
6778.70000 2089.26
6778.80000 2092.34
6778.90000 2099.35
6779.00000 2116.69
6779.10000 2123.05
6779.20000 2108.15
6779.30000 2107.88
6779.40000 2112.91
6779.50000 2101.32
6779.60000 2105.69
6779.70000 2086.31
6779.80000 2108.91
6779.90000 2121.99
6780.00000 2130.60
6780.10000 2134.44
6780.20000 2124.64
6780.30000 2129.42
6780.40000 2109.36
6780.50000 2106.26
6780.60000 2109.22
6780.70000 2116.15
6780.80000 2112.87
6780.90000 2110.87
6781.00000 2119.83
6781.10000 2103.24
6781.20000 2111.79
6781.30000 2100.56
6781.40000 2097.36
6781.50000 2093.48
6781.60000 2108.46
6781.70000 2111.24
6781.80000 2124.97
6781.90000 2099.79
6782.00000 2120.54
6782.10000 2103.00
6782.20000 2092.29
6782.30000 2116.69
6782.40000 2120.03
6782.50000 2127.07
6782.60000 2109.79
6782.70000 2107.97
6782.80000 2114.93
6782.90000 2111.57
6783.00000 2118.65
6783.10000 2106.96
6783.20000 2113.96
6783.30000 2115.77
6783.40000 2130.30
6783.50000 2090.77
6783.60000 2110.94
6783.70000 2117.91
6783.80000 2107.07
6783.90000 2115.47
6784.00000 2128.09
6784.10000 2108.51
6784.20000 2116.50
6784.30000 2140.99
6784.40000 2123.26
6784.50000 2116.70
6784.60000 2120.26
6784.70000 2129.43
6784.80000 2106.20
6784.90000 2128.56
6785.00000 2133.31
6785.10000 2114.20
6785.20000 2107.44
6785.30000 2132.71
6785.40000 2124.13
6785.50000 2138.91
6785.60000 2144.66
6785.70000 2102.59
6785.80000 2129.48
6785.90000 2116.69
6786.00000 2107.64
6786.10000 2113.83
6786.20000 2109.67
6786.30000 2101.88
6786.40000 2116.30
6786.50000 2123.72
6786.60000 2120.57
6786.70000 2132.80
6786.80000 2118.37
6786.90000 2118.93
6787.00000 2133.70
6787.10000 2118.81
6787.20000 2133.66
6787.30000 2141.67
6787.40000 2135.09
6787.50000 2134.06
6787.60000 2124.51
6787.70000 2135.50
6787.80000 2142.69
6787.90000 2124.06
6788.00000 2135.87
6788.10000 2135.08
6788.20000 2146.96
6788.30000 2137.94
6788.40000 2159.44
6788.50000 2160.86
6788.60000 2152.39
6788.70000 2146.04
6788.80000 2136.52
6788.90000 2136.52
6789.00000 2118.99
6789.10000 2133.96
6789.20000 2126.35
6789.30000 2134.42
6789.40000 2143.09
6789.50000 2136.32
6789.60000 2133.88
6789.70000 2155.05
6789.80000 2155.04
6789.90000 2148.76
6790.00000 2127.32
6790.10000 2136.44
6790.20000 2146.45
6790.30000 2132.21
6790.40000 2147.76
6790.50000 2146.68
6790.60000 2167.28
6790.70000 2132.25
6790.80000 2122.94
6790.90000 2145.07
6791.00000 2131.17
6791.10000 2120.26
6791.20000 2139.93
6791.30000 2157.18
6791.40000 2135.51
6791.50000 2151.76
6791.60000 2147.74
6791.70000 2126.95
6791.80000 2136.57
6791.90000 2163.53
6792.00000 2154.83
6792.10000 2150.45
6792.20000 2133.64
6792.30000 2148.07
6792.40000 2147.25
6792.50000 2149.97
6792.60000 2138.99
6792.70000 2147.62
6792.80000 2125.78
6792.90000 2112.57
6793.00000 2151.97
6793.10000 2131.94
6793.20000 2122.62
6793.30000 2137.64
6793.40000 2144.10
6793.50000 2145.67
6793.60000 2137.32
6793.70000 2145.58
6793.80000 2150.05
6793.90000 2159.91
6794.00000 2149.61
6794.10000 2144.56
6794.20000 2173.38
6794.30000 2143.74
6794.40000 2142.57
6794.50000 2146.80
6794.60000 2145.54
6794.70000 2145.46
6794.80000 2130.46
6794.90000 2156.79
6795.00000 2154.59
6795.10000 2148.18
6795.20000 2136.12
6795.30000 2152.87
6795.40000 2143.15
6795.50000 2140.81
6795.60000 2145.21
6795.70000 2128.13
6795.80000 2127.43
6795.90000 2139.50
6796.00000 2128.26
6796.10000 2148.78
6796.20000 2135.97
6796.30000 2132.33
6796.40000 2132.63
6796.50000 2137.12
6796.60000 2131.84
6796.70000 2117.39
6796.80000 2143.58
6796.90000 2149.93
6797.00000 2136.81
6797.10000 2148.73
6797.20000 2166.76
6797.30000 2138.89
6797.40000 2135.69
6797.50000 2131.08
6797.60000 2155.66
6797.70000 2159.13
6797.80000 2145.01
6797.90000 2153.25
6798.00000 2137.21
6798.10000 2153.50
6798.20000 2171.17
6798.30000 2170.84
6798.40000 2142.23
6798.50000 2157.32
6798.60000 2170.53
6798.70000 2149.91
6798.80000 2162.15
6798.90000 2170.09
6799.00000 2156.81
6799.10000 2163.67
6799.20000 2151.31
6799.30000 2138.32
6799.40000 2163.30
6799.50000 2132.14
6799.60000 2158.51
6799.70000 2152.57
6799.80000 2174.44
6799.90000 2168.01
6800.00000 2165.26
6800.10000 2164.20
6800.20000 2160.64
6800.30000 2140.28
6800.40000 2155.51
6800.50000 2150.17
6800.60000 2146.14
6800.70000 2125.35
6800.80000 2143.34
6800.90000 2146.45
6801.00000 2141.08
6801.10000 2148.14
6801.20000 2149.22
6801.30000 2158.77
6801.40000 2146.26
6801.50000 2132.06
6801.60000 2164.70
6801.70000 2151.89
6801.80000 2142.53
6801.90000 2151.68
6802.00000 2134.02
6802.10000 2121.59
6802.20000 2142.92
6802.30000 2147.51
6802.40000 2147.97
6802.50000 2137.63
6802.60000 2151.61
6802.70000 2149.28
6802.80000 2170.97
6802.90000 2144.90
6803.00000 2163.05
6803.10000 2165.39
6803.20000 2151.01
6803.30000 2175.56
6803.40000 2158.14
6803.50000 2153.07
6803.60000 2141.83
6803.70000 2129.22
6803.80000 2134.58
6803.90000 2154.10
6804.00000 2155.75
6804.10000 2142.50
6804.20000 2149.19
6804.30000 2161.59
6804.40000 2149.54
6804.50000 2138.06
6804.60000 2171.45
6804.70000 2134.22
6804.80000 2150.88
6804.90000 2133.19
6805.00000 2160.13
6805.10000 2159.49
6805.20000 2161.25
6805.30000 2146.68
6805.40000 2175.41
6805.50000 2157.19
6805.60000 2154.94
6805.70000 2169.59
6805.80000 2156.58
6805.90000 2152.66
6806.00000 2152.22
6806.10000 2138.61
6806.20000 2155.42
6806.30000 2159.00
6806.40000 2164.29
6806.50000 2159.60
6806.60000 2163.10
6806.70000 2161.70
6806.80000 2155.92
6806.90000 2162.05
6807.00000 2158.61
6807.10000 2168.31
6807.20000 2170.43
6807.30000 2158.85
6807.40000 2167.17
6807.50000 2162.05
6807.60000 2143.17
6807.70000 2163.42
6807.80000 2161.68
6807.90000 2180.08
6808.00000 2164.54
6808.10000 2178.22
6808.20000 2167.33
6808.30000 2148.94
6808.40000 2175.56
6808.50000 2160.01
6808.60000 2174.50
6808.70000 2167.56
6808.80000 2153.06
6808.90000 2164.85
6809.00000 2156.25
6809.10000 2178.22
6809.20000 2157.49
6809.30000 2158.28
6809.40000 2161.63
6809.50000 2148.85
6809.60000 2155.37
6809.70000 2157.43
6809.80000 2154.35
6809.90000 2163.79
6810.00000 2155.99
6810.10000 2182.43
6810.20000 2177.52
6810.30000 2169.66
6810.40000 2169.44
6810.50000 2158.84
6810.60000 2161.94
6810.70000 2146.39
6810.80000 2142.85
6810.90000 2157.01
6811.00000 2156.43
6811.10000 2171.26
6811.20000 2172.24
6811.30000 2164.42
6811.40000 2145.95
6811.50000 2156.25
6811.60000 2151.39
6811.70000 2143.66
6811.80000 2156.81
6811.90000 2138.32
6812.00000 2150.45
6812.10000 2171.81
6812.20000 2154.24
6812.30000 2163.23
6812.40000 2164.52
6812.50000 2159.43
6812.60000 2148.04
6812.70000 2187.95
6812.80000 2167.59
6812.90000 2163.02
6813.00000 2151.24
6813.10000 2152.94
6813.20000 2165.91
6813.30000 2146.92
6813.40000 2154.45
6813.50000 2155.51
6813.60000 2172.38
6813.70000 2151.84
6813.80000 2174.91
6813.90000 2165.35
6814.00000 2165.46
6814.10000 2173.05
6814.20000 2153.97
6814.30000 2165.72
6814.40000 2145.97
6814.50000 2169.78
6814.60000 2164.66
6814.70000 2180.70
6814.80000 2184.74
6814.90000 2165.84
6815.00000 2175.98
6815.10000 2167.75
6815.20000 2172.06
6815.30000 2157.09
6815.40000 2170.88
6815.50000 2158.18
6815.60000 2172.56
6815.70000 2152.46
6815.80000 2184.06
6815.90000 2174.27
6816.00000 2148.11
6816.10000 2153.62
6816.20000 2194.36
6816.30000 2168.22
6816.40000 2155.85
6816.50000 2156.81
6816.60000 2158.66
6816.70000 2156.35
6816.80000 2178.70
6816.90000 2167.25
6817.00000 2169.30
6817.10000 2173.79
6817.20000 2160.00
6817.30000 2170.95
6817.40000 2164.40
6817.50000 2171.86
6817.60000 2168.75
6817.70000 2164.77
6817.80000 2167.21
6817.90000 2170.13
6818.00000 2157.27
6818.10000 2168.36
6818.20000 2153.78
6818.30000 2188.91
6818.40000 2172.88
6818.50000 2162.02
6818.60000 2162.17
6818.70000 2154.05
6818.80000 2173.41
6818.90000 2153.26
6819.00000 2168.84
6819.10000 2185.10
6819.20000 2155.46
6819.30000 2186.25
6819.40000 2157.22
6819.50000 2168.93
6819.60000 2166.91
6819.70000 2157.52
6819.80000 2198.87
6819.90000 2176.09
6820.00000 2165.08
6820.10000 2180.39
6820.20000 2183.33
6820.30000 2191.26
6820.40000 2172.47
6820.50000 2165.56
6820.60000 2185.35
6820.70000 2168.14
6820.80000 2173.65
6820.90000 2194.09
6821.00000 2203.16
6821.10000 2183.19
6821.20000 2185.48
6821.30000 2182.41
6821.40000 2186.28
6821.50000 2164.40
6821.60000 2175.43
6821.70000 2168.26
6821.80000 2163.51
6821.90000 2176.89
6822.00000 2180.32
6822.10000 2173.97
6822.20000 2162.05
6822.30000 2173.05
6822.40000 2178.66
6822.50000 2185.26
6822.60000 2184.94
6822.70000 2186.54
6822.80000 2174.24
6822.90000 2189.55
6823.00000 2179.72
6823.10000 2181.04
6823.20000 2181.20
6823.30000 2187.21
6823.40000 2175.20
6823.50000 2191.75
6823.60000 2190.14
6823.70000 2180.05
6823.80000 2187.25
6823.90000 2175.15
6824.00000 2175.87
6824.10000 2170.59
6824.20000 2177.41
6824.30000 2177.79
6824.40000 2191.51
6824.50000 2194.10
6824.60000 2194.17
6824.70000 2183.67
6824.80000 2182.97
6824.90000 2188.39
6825.00000 2194.65
6825.10000 2203.74
6825.20000 2188.31
6825.30000 2172.39
6825.40000 2194.17
6825.50000 2195.72
6825.60000 2173.18
6825.70000 2185.09
6825.80000 2194.60
6825.90000 2166.25
6826.00000 2191.38
6826.10000 2213.77
6826.20000 2190.48
6826.30000 2180.08
6826.40000 2180.81
6826.50000 2187.82
6826.60000 2184.42
6826.70000 2179.64
6826.80000 2182.08
6826.90000 2180.61
6827.00000 2191.61
6827.10000 2194.20
6827.20000 2190.88
6827.30000 2175.89
6827.40000 2175.15
6827.50000 2179.56
6827.60000 2175.67
6827.70000 2157.16
6827.80000 2167.54
6827.90000 2169.73
6828.00000 2174.99
6828.10000 2183.67
6828.20000 2188.67
6828.30000 2208.88
6828.40000 2198.04
6828.50000 2180.21
6828.60000 2177.11
6828.70000 2171.47
6828.80000 2178.13
6828.90000 2172.15
6829.00000 2181.24
6829.10000 2192.93
6829.20000 2162.27
6829.30000 2185.38
6829.40000 2196.98
6829.50000 2176.52
6829.60000 2168.28
6829.70000 2162.99
6829.80000 2171.39
6829.90000 2177.33
6830.00000 2183.18
6830.10000 2191.08
6830.20000 2187.43
6830.30000 2198.22
6830.40000 2185.53
6830.50000 2164.95
6830.60000 2163.14
6830.70000 2171.35
6830.80000 2172.94
6830.90000 2192.11
6831.00000 2181.96
6831.10000 2176.21
6831.20000 2184.17
6831.30000 2199.34
6831.40000 2197.20
6831.50000 2184.52
6831.60000 2173.26
6831.70000 2179.68
6831.80000 2163.17
6831.90000 2184.02
6832.00000 2185.78
6832.10000 2180.94
6832.20000 2193.18
6832.30000 2179.18
6832.40000 2191.37
6832.50000 2180.95
6832.60000 2185.65
6832.70000 2199.45
6832.80000 2175.70
6832.90000 2167.92
6833.00000 2172.47
6833.10000 2177.47
6833.20000 2201.00
6833.30000 2183.06
6833.40000 2171.10
6833.50000 2175.52
6833.60000 2193.43
6833.70000 2168.04
6833.80000 2174.72
6833.90000 2197.00
6834.00000 2183.88
6834.10000 2175.27
6834.20000 2179.55
6834.30000 2181.66
6834.40000 2176.66
6834.50000 2188.98
6834.60000 2196.95
6834.70000 2177.19
6834.80000 2180.79
6834.90000 2177.18
6835.00000 2197.08
6835.10000 2191.69
6835.20000 2188.50
6835.30000 2188.99
6835.40000 2194.89
6835.50000 2195.14
6835.60000 2170.85
6835.70000 2196.55
6835.80000 2196.56
6835.90000 2188.56
6836.00000 2187.47
6836.10000 2188.99
6836.20000 2184.12
6836.30000 2164.91
6836.40000 2185.91
6836.50000 2180.93
6836.60000 2164.03
6836.70000 2189.65
6836.80000 2171.09
6836.90000 2191.65
6837.00000 2176.74
6837.10000 2175.89
6837.20000 2192.30
6837.30000 2185.84
6837.40000 2193.84
6837.50000 2179.67
6837.60000 2190.34
6837.70000 2183.24
6837.80000 2174.11
6837.90000 2176.78
6838.00000 2182.92
6838.10000 2190.92
6838.20000 2201.00
6838.30000 2160.48
6838.40000 2174.68
6838.50000 2192.38
6838.60000 2186.62
6838.70000 2184.44
6838.80000 2189.93
6838.90000 2169.74
6839.00000 2183.86
6839.10000 2198.59
6839.20000 2192.05
6839.30000 2185.04
6839.40000 2188.53
6839.50000 2194.54
6839.60000 2207.84
6839.70000 2180.79
6839.80000 2172.53
6839.90000 2185.50
6840.00000 2177.50
6840.10000 2192.24
6840.20000 2190.22
6840.30000 2178.23
6840.40000 2204.11
6840.50000 2186.78
6840.60000 2199.65
6840.70000 2195.92
6840.80000 2184.20
6840.90000 2189.79
6841.00000 2181.56
6841.10000 2175.64
6841.20000 2184.90
6841.30000 2187.67
6841.40000 2185.77
6841.50000 2163.99
6841.60000 2181.92
6841.70000 2201.38
6841.80000 2198.97
6841.90000 2175.21
6842.00000 2170.33
6842.10000 2170.24
6842.20000 2167.77
6842.30000 2176.02
6842.40000 2165.13
6842.50000 2159.75
6842.60000 2193.52
6842.70000 2188.91
6842.80000 2181.82
6842.90000 2190.57
6843.00000 2161.57
6843.10000 2190.21
6843.20000 2158.25
6843.30000 2169.35
6843.40000 2169.71
6843.50000 2170.16
6843.60000 2180.11
6843.70000 2176.91
6843.80000 2174.63
6843.90000 2166.99
6844.00000 2148.49
6844.10000 2173.71
6844.20000 2167.35
6844.30000 2165.70
6844.40000 2157.50
6844.50000 2174.31
6844.60000 2157.97
6844.70000 2176.86
6844.80000 2180.69
6844.90000 2177.01
6845.00000 2191.34
6845.10000 2167.89
6845.20000 2182.50
6845.30000 2180.56
6845.40000 2205.03
6845.50000 2179.51
6845.60000 2177.66
6845.70000 2194.85
6845.80000 2168.00
6845.90000 2180.71
6846.00000 2174.21
6846.10000 2175.93
6846.20000 2172.86
6846.30000 2181.94
6846.40000 2189.98
6846.50000 2171.26
6846.60000 2168.90
6846.70000 2164.13
6846.80000 2180.02
6846.90000 2177.66
6847.00000 2177.37
6847.10000 2186.56
6847.20000 2169.23
6847.30000 2184.80
6847.40000 2184.14
6847.50000 2181.01
6847.60000 2170.54
6847.70000 2189.72
6847.80000 2177.86
6847.90000 2172.19
6848.00000 2167.24
6848.10000 2177.91
6848.20000 2179.49
6848.30000 2175.40
6848.40000 2178.61
6848.50000 2182.82
6848.60000 2171.38
6848.70000 2196.79
6848.80000 2182.38
6848.90000 2184.41
6849.00000 2177.95
6849.10000 2187.01
6849.20000 2171.00
6849.30000 2172.98
6849.40000 2178.01
6849.50000 2185.13
6849.60000 2172.95
6849.70000 2183.12
6849.80000 2173.85
6849.90000 2186.25
6850.00000 2165.95
6850.10000 2165.74
6850.20000 2173.28
6850.30000 2177.49
6850.40000 2167.63
6850.50000 2189.54
6850.60000 2188.87
6850.70000 2169.42
6850.80000 2170.70
6850.90000 2172.50
6851.00000 2181.09
6851.10000 2176.17
6851.20000 2183.37
6851.30000 2172.99
6851.40000 2173.63
6851.50000 2183.22
6851.60000 2199.19
6851.70000 2182.21
6851.80000 2184.37
6851.90000 2195.54
6852.00000 2178.61
6852.10000 2183.87
6852.20000 2175.67
6852.30000 2180.20
6852.40000 2162.65
6852.50000 2188.12
6852.60000 2180.83
6852.70000 2204.29
6852.80000 2161.22
6852.90000 2153.01
6853.00000 2151.96
6853.10000 2164.92
6853.20000 2156.70
6853.30000 2167.90
6853.40000 2170.67
6853.50000 2184.09
6853.60000 2174.21
6853.70000 2186.52
6853.80000 2178.97
6853.90000 2171.20
6854.00000 2178.98
6854.10000 2158.22
6854.20000 2154.75
6854.30000 2183.68
6854.40000 2180.56
6854.50000 2172.27
6854.60000 2195.29
6854.70000 2193.64
6854.80000 2200.94
6854.90000 2178.74
6855.00000 2176.19
6855.10000 2188.78
6855.20000 2179.83
6855.30000 2190.08
6855.40000 2176.07
6855.50000 2164.25
6855.60000 2160.21
6855.70000 2186.27
6855.80000 2176.06
6855.90000 2174.82
6856.00000 2192.60
6856.10000 2182.27
6856.20000 2169.25
6856.30000 2184.45
6856.40000 2183.02
6856.50000 2184.82
6856.60000 2189.50
6856.70000 2187.36
6856.80000 2178.28
6856.90000 2184.22
6857.00000 2180.04
6857.10000 2199.42
6857.20000 2179.56
6857.30000 2169.79
6857.40000 2187.89
6857.50000 2173.74
6857.60000 2177.12
6857.70000 2177.95
6857.80000 2183.78
6857.90000 2168.82
6858.00000 2170.04
6858.10000 2186.43
6858.20000 2190.00
6858.30000 2201.38
6858.40000 2182.69
6858.50000 2202.23
6858.60000 2189.84
6858.70000 2178.14
6858.80000 2177.95
6858.90000 2186.38
6859.00000 2184.62
6859.10000 2194.07
6859.20000 2186.44
6859.30000 2180.16
6859.40000 2208.06
6859.50000 2200.53
6859.60000 2187.39
6859.70000 2175.79
6859.80000 2181.01
6859.90000 2174.40
6860.00000 2174.17
6860.10000 2187.10
6860.20000 2182.95
6860.30000 2176.12
6860.40000 2178.57
6860.50000 2175.54
6860.60000 2182.29
6860.70000 2188.93
6860.80000 2181.69
6860.90000 2168.71
6861.00000 2182.08
6861.10000 2165.15
6861.20000 2187.06
6861.30000 2184.42
6861.40000 2177.91
6861.50000 2155.51
6861.60000 2161.85
6861.70000 2189.45
6861.80000 2171.39
6861.90000 2185.06
6862.00000 2186.49
6862.10000 2184.84
6862.20000 2200.31
6862.30000 2190.73
6862.40000 2184.15
6862.50000 2197.11
6862.60000 2180.78
6862.70000 2183.99
6862.80000 2175.96
6862.90000 2177.24
6863.00000 2172.56
6863.10000 2164.49
6863.20000 2182.87
6863.30000 2175.82
6863.40000 2184.47
6863.50000 2191.00
6863.60000 2198.28
6863.70000 2196.65
6863.80000 2204.96
6863.90000 2173.43
6864.00000 2186.43
6864.10000 2187.56
6864.20000 2185.63
6864.30000 2193.81
6864.40000 2187.61
6864.50000 2193.25
6864.60000 2213.75
6864.70000 2206.13
6864.80000 2164.86
6864.90000 2182.15
6865.00000 2173.00
6865.10000 2184.24
6865.20000 2170.02
6865.30000 2170.66
6865.40000 2170.48
6865.50000 2183.16
6865.60000 2190.58
6865.70000 2193.35
6865.80000 2179.29
6865.90000 2194.13
6866.00000 2189.79
6866.10000 2185.95
6866.20000 2200.58
6866.30000 2186.22
6866.40000 2162.21
6866.50000 2174.14
6866.60000 2162.47
6866.70000 2200.25
6866.80000 2196.50
6866.90000 2193.37
6867.00000 2196.52
6867.10000 2190.37
6867.20000 2209.83
6867.30000 2199.06
6867.40000 2181.03
6867.50000 2174.57
6867.60000 2145.74
6867.70000 2113.52
6867.80000 1510.15
6867.90000 673.67
6868.00000 1395.76
6868.10000 1344.86
6868.20000 749.07
6868.30000 1664.01
6868.40000 1997.73
6868.50000 1690.41
6868.60000 1851.25
6868.70000 1142.08
6868.80000 487.16
6868.90000 530.62
6869.00000 1443.71
6869.10000 1207.46
6869.20000 688.36
6869.30000 1553.68
6869.40000 1827.80
6869.50000 1063.02
6869.60000 466.78
6869.70000 782.39
6869.80000 922.65
6869.90000 1846.33
6870.00000 2019.39
6870.10000 2068.39
6870.20000 1903.67
6870.30000 1817.67
6870.40000 1752.51
6870.50000 824.14
6870.60000 72.86
6870.70000 861.76
6870.80000 1780.97
6870.90000 2005.04
6871.00000 2054.76
6871.10000 2075.36
6871.20000 2038.14
6871.30000 1979.71
6871.40000 1929.64
6871.50000 1421.41
6871.60000 378.67
6871.70000 1223.24
6871.80000 1484.77
6871.90000 522.04
6872.00000 699.78
6872.10000 1730.27
6872.20000 2001.53
6872.30000 2053.97
6872.40000 2076.74
6872.50000 2048.04
6872.60000 2034.95
6872.70000 1953.18
6872.80000 1381.71
6872.90000 367.48
6873.00000 1247.56
6873.10000 1899.33
6873.20000 1979.15
6873.30000 1862.24
6873.40000 1235.55
6873.50000 331.41
6873.60000 1211.82
6873.70000 1893.24
6873.80000 2035.52
6873.90000 2094.91
6874.00000 2090.65
6874.10000 2082.34
6874.20000 2026.08
6874.30000 1770.55
6874.40000 742.93
6874.50000 605.31
6874.60000 1747.54
6874.70000 2027.34
6874.80000 2056.78
6874.90000 2073.55
6875.00000 2046.30
6875.10000 1920.75
6875.20000 1377.49
6875.30000 336.80
6875.40000 1099.44
6875.50000 1870.42
6875.60000 2054.57
6875.70000 2095.75
6875.80000 2123.04
6875.90000 2097.47
6876.00000 2057.31
6876.10000 1807.22
6876.20000 739.99
6876.30000 719.83
6876.40000 1785.40
6876.50000 2062.05
6876.60000 2101.15
6876.70000 2138.47
6876.80000 2147.11
6876.90000 2139.74
6877.00000 2112.54
6877.10000 2057.89
6877.20000 1890.39
6877.30000 1024.08
6877.40000 464.97
6877.50000 1613.28
6877.60000 1993.89
6877.70000 2072.53
6877.80000 2135.48
6877.90000 2120.60
6878.00000 2072.46
6878.10000 1985.56
6878.20000 1455.39
6878.30000 514.06
6878.40000 1549.02
6878.50000 2024.65
6878.60000 2115.21
6878.70000 2154.79
6878.80000 2163.33
6878.90000 2166.67
6879.00000 2179.33
6879.10000 2167.23
6879.20000 2172.94
6879.30000 2147.23
6879.40000 2145.51
6879.50000 2053.44
6879.60000 1581.31
6879.70000 555.43
6879.80000 1577.56
6879.90000 2048.16
6880.00000 2136.90
6880.10000 2162.97
6880.20000 2168.51
6880.30000 2144.26
6880.40000 2122.53
6880.50000 1721.08
6880.60000 925.86
6880.70000 1888.99
6880.80000 2133.62
6880.90000 2184.50
6881.00000 2179.80
6881.10000 2188.75
6881.20000 2194.37
6881.30000 2201.23
6881.40000 2202.84
6881.50000 2187.78
6881.60000 2199.85
6881.70000 2191.84
6881.80000 2187.11
6881.90000 2205.42
6882.00000 2204.23
6882.10000 2206.82
6882.20000 2224.57
6882.30000 2205.46
6882.40000 2216.07
6882.50000 2210.13
6882.60000 2208.64
6882.70000 2199.55
6882.80000 2226.17
6882.90000 2191.90
6883.00000 2201.30
6883.10000 2181.64
6883.20000 2224.68
6883.30000 2199.81
6883.40000 2191.89
6883.50000 2199.49
6883.60000 2212.82
6883.70000 2210.99
6883.80000 2194.96
6883.90000 2179.68
6884.00000 2178.07
6884.10000 2191.35
6884.20000 2163.48
6884.30000 2076.93
6884.40000 1550.87
6884.50000 636.48
6884.60000 1708.22
6884.70000 2092.22
6884.80000 2167.69
6884.90000 2190.79
6885.00000 2172.52
6885.10000 2189.96
6885.20000 2198.65
6885.30000 2180.07
6885.40000 2197.30
6885.50000 2211.25
6885.60000 2177.95
6885.70000 2176.04
6885.80000 2173.12
6885.90000 2169.84
6886.00000 2159.97
6886.10000 2148.35
6886.20000 2070.25
6886.30000 1675.93
6886.40000 557.16
6886.50000 1345.00
6886.60000 2005.70
6886.70000 2107.17
6886.80000 2111.08
6886.90000 2105.56
6887.00000 2086.19
6887.10000 2065.58
6887.20000 1952.49
6887.30000 1398.03
6887.40000 385.56
6887.50000 1290.33
6887.60000 1906.29
6887.70000 2043.79
6887.80000 2112.76
6887.90000 2127.73
6888.00000 2151.77
6888.10000 2134.32
6888.20000 2140.53
6888.30000 2167.24
6888.40000 2174.64
6888.50000 2191.65
6888.60000 2169.80
6888.70000 2134.36
6888.80000 2185.86
6888.90000 2177.26
6889.00000 2172.09
6889.10000 2136.89
6889.20000 2135.91
6889.30000 2070.56
6889.40000 2021.59
6889.50000 1476.52
6889.60000 373.97
6889.70000 1302.68
6889.80000 1945.24
6889.90000 2048.69
6890.00000 2104.24
6890.10000 2133.63
6890.20000 2087.90
6890.30000 2031.66
6890.40000 1796.02
6890.50000 808.87
6890.60000 464.93
6890.70000 1626.70
6890.80000 1998.94
6890.90000 2074.08
6891.00000 2129.88
6891.10000 2143.75
6891.20000 2167.58
6891.30000 2180.06
6891.40000 2129.01
6891.50000 2161.11
6891.60000 2152.26
6891.70000 2187.00
6891.80000 2200.62
6891.90000 2182.31
6892.00000 2188.06
6892.10000 2183.31
6892.20000 2163.03
6892.30000 2139.73
6892.40000 2145.06
6892.50000 2167.82
6892.60000 2154.48
6892.70000 2113.28
6892.80000 2031.34
6892.90000 1676.34
6893.00000 481.89
6893.10000 907.50
6893.20000 1822.09
6893.30000 2061.36
6893.40000 2117.66
6893.50000 2132.83
6893.60000 2105.64
6893.70000 2034.62
6893.80000 1825.52
6893.90000 879.12
6894.00000 406.75
6894.10000 1528.25
6894.20000 1994.36
6894.30000 2129.72
6894.40000 2158.02
6894.50000 2163.76
6894.60000 2164.70
6894.70000 2178.68
6894.80000 2161.05
6894.90000 2188.75
6895.00000 2172.31
6895.10000 2164.12
6895.20000 2200.04
6895.30000 2203.55
6895.40000 2210.03
6895.50000 2185.32
6895.60000 2187.96
6895.70000 2196.08
6895.80000 2186.73
6895.90000 2178.13
6896.00000 2189.38
6896.10000 2170.22
6896.20000 2139.81
6896.30000 2150.58
6896.40000 2117.04
6896.50000 1966.90
6896.60000 1372.46
6896.70000 338.46
6896.80000 1362.81
6896.90000 1995.15
6897.00000 2080.75
6897.10000 2102.12
6897.20000 2135.63
6897.30000 2071.29
6897.40000 1996.95
6897.50000 1572.18
6897.60000 418.43
6897.70000 953.69
6897.80000 1879.88
6897.90000 2072.11
6898.00000 2136.21
6898.10000 2160.33
6898.20000 2156.61
6898.30000 2169.84
6898.40000 2168.26
6898.50000 2157.38
6898.60000 2155.89
6898.70000 2190.10
6898.80000 2203.42
6898.90000 2204.35
6899.00000 2198.01
6899.10000 2205.07
6899.20000 2190.29
6899.30000 2201.25
6899.40000 2198.37
6899.50000 2189.10
6899.60000 2208.79
6899.70000 2205.74
6899.80000 2196.08
6899.90000 2202.53
6900.00000 2191.64
6900.10000 2157.76
6900.20000 2146.62
6900.30000 2121.00
6900.40000 2055.08
6900.50000 1616.02
6900.60000 435.55
6900.70000 1236.16
6900.80000 1979.79
6900.90000 2110.23
6901.00000 2138.78
6901.10000 2129.88
6901.20000 2097.08
6901.30000 2051.36
6901.40000 1717.96
6901.50000 501.88
6901.60000 984.94
6901.70000 1925.42
6901.80000 2101.88
6901.90000 2128.99
6902.00000 2160.61
6902.10000 2185.30
6902.20000 2172.13
6902.30000 2201.04
6902.40000 2218.86
6902.50000 2203.02
6902.60000 2210.23
6902.70000 2218.04
6902.80000 2223.60
6902.90000 2211.67
6903.00000 2227.79
6903.10000 2219.50
6903.20000 2208.04
6903.30000 2192.83
6903.40000 2195.63
6903.50000 2223.23
6903.60000 2220.40
6903.70000 2181.91
6903.80000 2205.56
6903.90000 2210.04
6904.00000 2212.92
6904.10000 2207.68
6904.20000 2187.54
6904.30000 2168.36
6904.40000 2152.79
6904.50000 2129.27
6904.60000 2011.94
6904.70000 1287.86
6904.80000 558.62
6904.90000 1736.16
6905.00000 2077.77
6905.10000 2152.76
6905.20000 2145.23
6905.30000 2154.20
6905.40000 2151.87
6905.50000 2028.32
6905.60000 1365.69
6905.70000 480.01
6905.80000 1646.42
6905.90000 2093.98
6906.00000 2165.78
6906.10000 2167.12
6906.20000 2177.34
6906.30000 2195.80
6906.40000 2201.37
6906.50000 2196.28
6906.60000 2140.90
6906.70000 2124.23
6906.80000 2216.42
6906.90000 2228.21
6907.00000 2231.24
6907.10000 2203.95
6907.20000 2214.44
6907.30000 2194.50
6907.40000 2193.04
6907.50000 2219.13
6907.60000 2216.04
6907.70000 2171.81
6907.80000 2206.60
6907.90000 2199.61
6908.00000 2211.07
6908.10000 2224.91
6908.20000 2236.22
6908.30000 2181.58
6908.40000 2227.47
6908.50000 2240.63
6908.60000 2235.98
6908.70000 2211.06
6908.80000 2185.51
6908.90000 2171.66
6909.00000 2105.19
6909.10000 1628.82
6909.20000 644.72
6909.30000 1721.08
6909.40000 2107.77
6909.50000 2158.37
6909.60000 2201.26
6909.70000 2194.18
6909.80000 2177.56
6909.90000 2095.00
6910.00000 1546.48
6910.10000 643.36
6910.20000 1742.37
6910.30000 2116.65
6910.40000 2181.33
6910.50000 2182.66
6910.60000 2226.89
6910.70000 2237.24
6910.80000 2206.17
6910.90000 2173.56
6911.00000 2242.44
6911.10000 2226.24
6911.20000 2213.16
6911.30000 2226.04
6911.40000 2226.02
6911.50000 2238.99
6911.60000 2238.08
6911.70000 2214.56
6911.80000 2228.83
6911.90000 2209.34
6912.00000 2164.04
6912.10000 2189.28
6912.20000 2222.78
6912.30000 2225.88
6912.40000 2241.74
6912.50000 2223.34
6912.60000 2192.58
6912.70000 2228.40
6912.80000 2234.01
6912.90000 2232.64
6913.00000 2238.82
6913.10000 2224.10
6913.20000 2243.75
6913.30000 2236.96
6913.40000 2170.75
6913.50000 2199.89
6913.60000 2183.41
6913.70000 2105.54
6913.80000 1403.78
6913.90000 1046.41
6914.00000 1991.12
6914.10000 2148.33
6914.20000 2187.66
6914.30000 2200.07
6914.40000 2177.78
6914.50000 2199.62
6914.60000 2086.89
6914.70000 1261.60
6914.80000 1177.06
6914.90000 2069.59
6915.00000 2161.65
6915.10000 2212.67
6915.20000 2203.63
6915.30000 2205.77
6915.40000 2215.52
6915.50000 2229.29
6915.60000 2225.14
6915.70000 2224.80
6915.80000 2254.62
6915.90000 2248.04
6916.00000 2239.82
6916.10000 2220.09
6916.20000 2195.68
6916.30000 2185.00
6916.40000 2215.65
6916.50000 2248.20
6916.60000 2255.31
6916.70000 2261.92
6916.80000 2256.28
6916.90000 2243.91
6917.00000 2239.78
6917.10000 2196.72
6917.20000 2206.34
6917.30000 2235.34
6917.40000 2251.57
6917.50000 2235.68
6917.60000 2253.05
6917.70000 2247.42
6917.80000 2250.10
6917.90000 2253.37
6918.00000 2238.70
6918.10000 2187.40
6918.20000 2168.07
6918.30000 2221.87
6918.40000 2229.19
6918.50000 2207.16
6918.60000 2184.41
6918.70000 1807.72
6918.80000 1130.70
6918.90000 2073.59
6919.00000 2204.33
6919.10000 2179.56
6919.20000 2241.82
6919.30000 2222.14
6919.40000 2220.65
6919.50000 2165.44
6919.60000 1574.51
6919.70000 1217.28
6919.80000 2080.55
6919.90000 2114.17
6920.00000 2138.52
6920.10000 2223.45
6920.20000 2236.22
6920.30000 2238.83
6920.40000 2252.58
6920.50000 2231.30
6920.60000 2256.63
6920.70000 2271.18
6920.80000 2230.96
6920.90000 2266.68
6921.00000 2264.66
6921.10000 2235.94
6921.20000 2277.28
6921.30000 2250.60
6921.40000 2253.54
6921.50000 2243.22
6921.60000 2246.15
6921.70000 2251.92
6921.80000 2257.61
6921.90000 2233.11
6922.00000 2243.54
6922.10000 2248.26
6922.20000 2257.53
6922.30000 2258.73
6922.40000 2296.79
6922.50000 2274.92
6922.60000 2217.51
6922.70000 2245.41
6922.80000 2253.97
6922.90000 2197.98
6923.00000 2211.70
6923.10000 2151.88
6923.20000 2185.77
6923.30000 2210.26
6923.40000 2234.28
6923.50000 2239.78
6923.60000 2251.32
6923.70000 2216.66
6923.80000 2206.47
6923.90000 1704.79
6924.00000 1219.98
6924.10000 2072.91
6924.20000 2266.27
6924.30000 2234.43
6924.40000 2222.42
6924.50000 2220.94
6924.60000 2222.90
6924.70000 2156.69
6924.80000 1412.68
6924.90000 1715.68
6925.00000 2184.43
6925.10000 2112.56
6925.20000 2155.42
6925.30000 2252.38
6925.40000 2262.06
6925.50000 2245.59
6925.60000 2274.40
6925.70000 2277.40
6925.80000 2213.83
6925.90000 2258.17
6926.00000 2282.52
6926.10000 2278.05
6926.20000 2259.72
6926.30000 2269.05
6926.40000 2293.52
6926.50000 2268.24
6926.60000 2257.85
6926.70000 2279.61
6926.80000 2265.94
6926.90000 2249.70
6927.00000 2254.05
6927.10000 2260.29
6927.20000 2159.21
6927.30000 2149.87
6927.40000 1992.29
6927.50000 2184.93
6927.60000 2257.13
6927.70000 2244.29
6927.80000 2190.19
6927.90000 2242.29
6928.00000 2283.65
6928.10000 2271.82
6928.20000 2283.09
6928.30000 2293.62
6928.40000 2279.50
6928.50000 2264.68
6928.60000 2273.23
6928.70000 2289.83
6928.80000 2273.66
6928.90000 2264.37
6929.00000 2262.26
6929.10000 2231.79
6929.20000 2252.01
6929.30000 2134.01
6929.40000 1640.54
6929.50000 2140.52
6929.60000 2212.80
6929.70000 2071.13
6929.80000 1946.30
6929.90000 1928.83
6930.00000 1762.37
6930.10000 2131.39
6930.20000 1927.72
6930.30000 1717.19
6930.40000 2149.59
6930.50000 1856.22
6930.60000 2020.96
6930.70000 2210.75
6930.80000 2260.58
6930.90000 2260.76
6931.00000 2245.51
6931.10000 2253.45
6931.20000 2171.11
6931.30000 2179.50
6931.40000 2249.93
6931.50000 2185.45
6931.60000 2253.63
6931.70000 2262.75
6931.80000 2233.34
6931.90000 2150.90
6932.00000 1975.21
6932.10000 2219.15
6932.20000 2225.77
6932.30000 2211.10
6932.40000 2038.78
6932.50000 2109.93
6932.60000 2210.36
6932.70000 2110.78
6932.80000 2078.10
6932.90000 2189.64
6933.00000 2255.42
6933.10000 2264.32
6933.20000 2255.01
6933.30000 2284.56
6933.40000 2278.77
6933.50000 2274.61
6933.60000 2259.21
6933.70000 2272.82
6933.80000 2267.16
6933.90000 2245.00
6934.00000 2233.63
6934.10000 2043.39
6934.20000 1953.82
6934.30000 1945.87
6934.40000 2001.83
6934.50000 1699.28
6934.60000 2153.65
6934.70000 2256.71
6934.80000 2239.91
6934.90000 2238.55
6935.00000 2183.19
6935.10000 1874.56
6935.20000 2233.84
6935.30000 2374.77
6935.40000 2278.29
6935.50000 2257.30
6935.60000 2258.60
6935.70000 2232.91
6935.80000 2195.25
6935.90000 2000.87
6936.00000 1983.46
6936.10000 2186.22
6936.20000 2234.56
6936.30000 2249.63
6936.40000 2199.89
6936.50000 2115.42
6936.60000 2233.19
6936.70000 2273.70
6936.80000 2264.48
6936.90000 2273.29
6937.00000 2278.75
6937.10000 2272.65
6937.20000 2263.74
6937.30000 2259.86
6937.40000 2281.74
6937.50000 2271.51
6937.60000 2261.25
6937.70000 2280.86
6937.80000 2255.79
6937.90000 2265.56
6938.00000 2260.38
6938.10000 2254.21
6938.20000 2201.63
6938.30000 1787.37
6938.40000 1512.10
6938.50000 2129.86
6938.60000 2236.13
6938.70000 2235.37
6938.80000 2179.20
6938.90000 1929.45
6939.00000 2068.48
6939.10000 2250.20
6939.20000 2262.68
6939.30000 2281.95
6939.40000 2280.73
6939.50000 2289.12
6939.60000 2288.46
6939.70000 2271.07
6939.80000 2269.67
6939.90000 2250.39
6940.00000 2255.03
6940.10000 2207.72
6940.20000 1950.79
6940.30000 1548.87
6940.40000 1970.26
6940.50000 2172.47
6940.60000 2203.76
6940.70000 2124.79
6940.80000 1533.56
6940.90000 1468.28
6941.00000 1950.93
6941.10000 2111.15
6941.20000 2239.26
6941.30000 2273.50
6941.40000 2263.12
6941.50000 2262.15
6941.60000 2179.09
6941.70000 2099.38
6941.80000 2029.52
6941.90000 1723.19
6942.00000 2139.14
6942.10000 2239.94
6942.20000 2260.92
6942.30000 2261.34
6942.40000 2261.49
6942.50000 2248.22
6942.60000 2242.38
6942.70000 2092.50
6942.80000 1516.88
6942.90000 1856.23
6943.00000 1841.26
6943.10000 1964.33
6943.20000 2219.48
6943.30000 2249.30
6943.40000 2263.72
6943.50000 2287.27
6943.60000 2273.52
6943.70000 2280.16
6943.80000 2279.14
6943.90000 2274.79
6944.00000 2285.65
6944.10000 2251.22
6944.20000 2267.09
6944.30000 2173.65
6944.40000 1718.65
6944.50000 1395.41
6944.60000 2091.19
6944.70000 2230.81
6944.80000 2243.70
6944.90000 2248.68
6945.00000 2224.20
6945.10000 2254.57
6945.20000 2243.67
6945.30000 2259.48
6945.40000 2265.73
6945.50000 2267.70
6945.60000 2272.56
6945.70000 2297.46
6945.80000 2294.60
6945.90000 2291.06
6946.00000 2284.00
6946.10000 2293.37
6946.20000 2286.29
6946.30000 2292.39
6946.40000 2267.13
6946.50000 2277.51
6946.60000 2287.54
6946.70000 2275.60
6946.80000 2267.28
6946.90000 2291.52
6947.00000 2297.54
6947.10000 2283.29
6947.20000 2229.66
6947.30000 2218.34
6947.40000 2275.64
6947.50000 2275.70
6947.60000 2270.92
6947.70000 2280.86
6947.80000 2254.00
6947.90000 2217.70
6948.00000 2113.27
6948.10000 1733.15
6948.20000 1033.41
6948.30000 1523.44
6948.40000 2073.07
6948.50000 2228.42
6948.60000 2242.14
6948.70000 2278.20
6948.80000 2290.25
6948.90000 2251.94
6949.00000 2277.34
6949.10000 2279.48
6949.20000 2264.15
6949.30000 2260.49
6949.40000 2280.44
6949.50000 2212.11
6949.60000 1945.13
6949.70000 1571.17
6949.80000 1818.32
6949.90000 2194.45
6950.00000 2253.53
6950.10000 2290.37
6950.20000 2282.00
6950.30000 2289.69
6950.40000 2279.00
6950.50000 2271.71
6950.60000 2278.90
6950.70000 2293.86
6950.80000 2281.71
6950.90000 2297.83
6951.00000 2297.15
6951.10000 2304.01
6951.20000 2266.51
6951.30000 2208.29
6951.40000 1873.24
6951.50000 2048.70
6951.60000 2251.57
6951.70000 2266.21
6951.80000 2248.98
6951.90000 2129.25
6952.00000 2241.41
6952.10000 2296.44
6952.20000 2281.35
6952.30000 2255.28
6952.40000 2271.70
6952.50000 2288.09
6952.60000 2286.56
6952.70000 2291.16
6952.80000 2296.31
6952.90000 2280.53
6953.00000 2247.09
6953.10000 2279.47
6953.20000 2291.30
6953.30000 2304.01
6953.40000 2289.60
6953.50000 2303.25
6953.60000 2283.50
6953.70000 2254.55
6953.80000 2272.70
6953.90000 2286.22
6954.00000 2268.28
6954.10000 2226.45
6954.20000 1833.21
6954.30000 1856.12
6954.40000 2000.23
6954.50000 2105.55
6954.60000 2221.25
6954.70000 2295.54
6954.80000 2291.21
6954.90000 2290.92
6955.00000 2304.98
6955.10000 2299.51
6955.20000 2286.31
6955.30000 2295.16
6955.40000 2303.54
6955.50000 2330.18
6955.60000 2320.19
6955.70000 2294.37
6955.80000 2294.59
6955.90000 2285.99
6956.00000 2277.24
6956.10000 2270.70
6956.20000 2268.76
6956.30000 2224.78
6956.40000 2259.36
6956.50000 2289.24
6956.60000 2285.95
6956.70000 2280.38
6956.80000 2240.55
6956.90000 2149.03
6957.00000 1614.02
6957.10000 948.80
6957.20000 1408.99
6957.30000 2080.09
6957.40000 2234.09
6957.50000 2289.78
6957.60000 2286.12
6957.70000 2283.11
6957.80000 2296.08
6957.90000 2293.64
6958.00000 2254.46
6958.10000 2234.51
6958.20000 2271.23
6958.30000 2292.20
6958.40000 2326.44
6958.50000 2296.20
6958.60000 2281.95
6958.70000 2283.38
6958.80000 2294.53
6958.90000 2269.42
6959.00000 2275.95
6959.10000 2278.75
6959.20000 2298.30
6959.30000 2301.69
6959.40000 2317.32
6959.50000 2285.93
6959.60000 2276.58
6959.70000 2297.61
6959.80000 2299.41
6959.90000 2255.59
6960.00000 2095.70
6960.10000 1466.79
6960.20000 1834.54
6960.30000 2213.49
6960.40000 2263.33
6960.50000 2288.39
6960.60000 2282.75
6960.70000 2303.20
6960.80000 2318.86
6960.90000 2320.62
6961.00000 2298.91
6961.10000 2310.95
6961.20000 2322.79
6961.30000 2284.02
6961.40000 2294.02
6961.50000 2284.01
6961.60000 2269.80
6961.70000 2231.40
6961.80000 2042.25
6961.90000 1277.64
6962.00000 1615.78
6962.10000 2158.31
6962.20000 2270.39
6962.30000 2292.56
6962.40000 2280.06
6962.50000 2302.49
6962.60000 2313.51
6962.70000 2295.79
6962.80000 2304.61
6962.90000 2314.81
6963.00000 2279.39
6963.10000 2308.26
6963.20000 2318.41
6963.30000 2312.28
6963.40000 2327.83
6963.50000 2319.60
6963.60000 2313.63
6963.70000 2316.05
6963.80000 2311.37
6963.90000 2326.40
6964.00000 2312.13
6964.10000 2315.96
6964.20000 2302.92
6964.30000 2248.46
6964.40000 2298.55
6964.50000 2313.58
6964.60000 2318.85
6964.70000 2311.95
6964.80000 2319.61
6964.90000 2303.35
6965.00000 2283.65
6965.10000 2223.81
6965.20000 1959.36
6965.30000 2153.57
6965.40000 2301.97
6965.50000 2327.41
6965.60000 2299.32
6965.70000 2227.08
6965.80000 2235.76
6965.90000 2293.45
6966.00000 2298.61
6966.10000 2312.59
6966.20000 2314.65
6966.30000 2327.41
6966.40000 2327.37
6966.50000 2315.81
6966.60000 2321.10
6966.70000 2317.97
6966.80000 2321.88
6966.90000 2330.65
6967.00000 2321.28
6967.10000 2326.26
6967.20000 2323.12
6967.30000 2328.89
6967.40000 2317.19
6967.50000 2327.69
6967.60000 2314.94
6967.70000 2324.86
6967.80000 2334.37
6967.90000 2318.44
6968.00000 2313.99
6968.10000 2329.81
6968.20000 2329.96
6968.30000 2325.74
6968.40000 2347.80
6968.50000 2319.64
6968.60000 2312.10
6968.70000 2344.68
6968.80000 2323.52
6968.90000 2340.35
6969.00000 2316.50
6969.10000 2323.40
6969.20000 2307.84
6969.30000 2324.41
6969.40000 2326.94
6969.50000 2325.39
6969.60000 2313.04
6969.70000 2320.72
6969.80000 2327.32
6969.90000 2331.79
6970.00000 2334.81
6970.10000 2313.92
6970.20000 2325.74
6970.30000 2316.77
6970.40000 2306.40
6970.50000 2321.76
6970.60000 2318.88
6970.70000 2328.91
6970.80000 2329.73
6970.90000 2326.24
6971.00000 2320.17
6971.10000 2265.58
6971.20000 2227.02
6971.30000 2305.26
6971.40000 2290.29
6971.50000 2104.85
6971.60000 2103.64
6971.70000 2270.55
6971.80000 2270.34
6971.90000 2291.42
6972.00000 2301.78
6972.10000 2305.51
6972.20000 2293.70
6972.30000 2318.05
6972.40000 2307.79
6972.50000 2241.41
6972.60000 2304.37
6972.70000 2319.95
6972.80000 2324.70
6972.90000 2330.03
6973.00000 2323.63
6973.10000 2340.29
6973.20000 2343.72
6973.30000 2339.44
6973.40000 2327.04
6973.50000 2317.93
6973.60000 2324.42
6973.70000 2317.89
6973.80000 2319.13
6973.90000 2319.82
6974.00000 2282.36
6974.10000 2272.80
6974.20000 2324.27
6974.30000 2313.27
6974.40000 2300.88
6974.50000 2329.39
6974.60000 2318.75
6974.70000 2308.00
6974.80000 2313.84
6974.90000 2324.12
6975.00000 2311.67
6975.10000 2294.91
6975.20000 2281.14
6975.30000 2323.28
6975.40000 2291.71
6975.50000 2317.35
6975.60000 2308.93
6975.70000 2326.30
6975.80000 2323.57
6975.90000 2334.47
6976.00000 2320.06
6976.10000 2328.90
6976.20000 2324.29
6976.30000 2338.37
6976.40000 2316.55
6976.50000 2318.79
6976.60000 2336.40
6976.70000 2314.42
6976.80000 2311.37
6976.90000 2301.87
6977.00000 2324.36
6977.10000 2327.15
6977.20000 2329.17
6977.30000 2325.34
6977.40000 2330.46
6977.50000 2319.49
6977.60000 2328.87
6977.70000 2330.95
6977.80000 2318.87
6977.90000 2324.75
6978.00000 2261.66
6978.10000 2002.87
6978.20000 1959.07
6978.30000 2258.81
6978.40000 2302.87
6978.50000 2314.75
6978.60000 2320.83
6978.70000 2318.24
6978.80000 2325.80
6978.90000 2308.22
6979.00000 2307.82
6979.10000 2314.23
6979.20000 2326.43
6979.30000 2311.28
6979.40000 2318.02
6979.50000 2316.20
6979.60000 2308.46
6979.70000 2304.40
6979.80000 2307.85
6979.90000 2248.57
6980.00000 2275.72
6980.10000 2332.21
6980.20000 2312.18
6980.30000 2338.14
6980.40000 2339.53
6980.50000 2334.85
6980.60000 2345.31
6980.70000 2334.68
6980.80000 2314.60
6980.90000 2322.10
6981.00000 2302.37
6981.10000 2300.50
6981.20000 2342.49
6981.30000 2322.06
6981.40000 2323.45
6981.50000 2339.81
6981.60000 2333.06
6981.70000 2322.48
6981.80000 2314.01
6981.90000 2306.16
6982.00000 2259.83
6982.10000 2011.53
6982.20000 2123.90
6982.30000 2285.10
6982.40000 2325.94
6982.50000 2320.61
6982.60000 2304.56
6982.70000 2335.47
6982.80000 2310.24
6982.90000 2277.48
6983.00000 2287.92
6983.10000 2312.72
6983.20000 2325.77
6983.30000 2320.39
6983.40000 2345.71
6983.50000 2329.18
6983.60000 2331.22
6983.70000 2345.14
6983.80000 2336.63
6983.90000 2339.35
6984.00000 2347.30
6984.10000 2338.79
6984.20000 2342.42
6984.30000 2342.89
6984.40000 2351.96
6984.50000 2330.77
6984.60000 2329.08
6984.70000 2303.74
6984.80000 2272.07
6984.90000 2327.31
6985.00000 2336.66
6985.10000 2318.90
6985.20000 2324.72
6985.30000 2330.45
6985.40000 2310.79
6985.50000 2276.12
6985.60000 2100.55
6985.70000 2248.86
6985.80000 2334.12
6985.90000 2337.83
6986.00000 2332.15
6986.10000 2320.70
6986.20000 2329.10
6986.30000 2326.33
6986.40000 2271.85
6986.50000 2231.77
6986.60000 2331.35
6986.70000 2317.59
6986.80000 2333.80
6986.90000 2317.71
6987.00000 2294.60
6987.10000 2185.42
6987.20000 1648.08
6987.30000 1607.84
6987.40000 2167.12
6987.50000 2272.15
6987.60000 2298.48
6987.70000 2323.05
6987.80000 2318.84
6987.90000 2333.74
6988.00000 2337.11
6988.10000 2330.73
6988.20000 2333.76
6988.30000 2331.24
6988.40000 2263.71
6988.50000 2103.29
6988.60000 2204.50
6988.70000 2306.33
6988.80000 2348.66
6988.90000 2358.52
6989.00000 2333.52
6989.10000 2317.90
6989.20000 2328.50
6989.30000 2291.59
6989.40000 2291.05
6989.50000 2195.93
6989.60000 1550.07
6989.70000 1450.08
6989.80000 2132.63
6989.90000 2256.07
6990.00000 2313.52
6990.10000 2318.13
6990.20000 2332.10
6990.30000 2339.50
6990.40000 2337.07
6990.50000 2323.74
6990.60000 2323.44
6990.70000 2279.01
6990.80000 2280.74
6990.90000 2266.11
6991.00000 1954.40
6991.10000 2004.54
6991.20000 2259.54
6991.30000 2317.30
6991.40000 2330.59
6991.50000 2313.93
6991.60000 2281.06
6991.70000 2158.67
6991.80000 2245.87
6991.90000 2316.32
6992.00000 2346.00
6992.10000 2350.05
6992.20000 2342.63
6992.30000 2309.96
6992.40000 2256.04
6992.50000 2195.76
6992.60000 2312.85
6992.70000 2318.50
6992.80000 2327.77
6992.90000 2333.07
6993.00000 2338.18
6993.10000 2317.81
6993.20000 2387.25
6993.30000 2334.12
6993.40000 2170.58
6993.50000 2054.24
6993.60000 2146.82
6993.70000 2201.22
6993.80000 2217.57
6993.90000 2211.17
6994.00000 2200.05
6994.10000 1964.32
6994.20000 1604.59
6994.30000 2079.13
6994.40000 2267.26
6994.50000 2290.72
6994.60000 2261.07
6994.70000 2021.10
6994.80000 1776.13
6994.90000 2206.14
6995.00000 2285.18
6995.10000 2301.51
6995.20000 2275.96
6995.30000 2169.08
6995.40000 2288.35
6995.50000 2320.26
6995.60000 2334.02
6995.70000 2340.52
6995.80000 2345.72
6995.90000 2349.77
6996.00000 2352.33
6996.10000 2346.30
6996.20000 2362.28
6996.30000 2349.87
6996.40000 2341.88
6996.50000 2338.81
6996.60000 2336.35
6996.70000 2349.79
6996.80000 2365.73
6996.90000 2349.60
6997.00000 2327.38
6997.10000 2369.37
6997.20000 2360.46
6997.30000 2353.80
6997.40000 2325.00
6997.50000 2351.96
6997.60000 2346.65
6997.70000 2306.68
6997.80000 2315.19
6997.90000 2348.97
6998.00000 2359.48
6998.10000 2360.19
6998.20000 2379.69
6998.30000 2351.12
6998.40000 2328.82
6998.50000 2291.45
6998.60000 2231.32
6998.70000 2115.28
6998.80000 2238.72
6998.90000 2259.75
6999.00000 2331.85
6999.10000 2338.32
6999.20000 2295.83
6999.30000 2195.75
6999.40000 1940.78
6999.50000 2131.09
6999.60000 1585.41
6999.70000 1750.16
6999.80000 2233.37
6999.90000 2252.72
7000.00000 2315.72
7000.10000 2334.52
7000.20000 2319.53
7000.30000 2320.23
7000.40000 2339.22
7000.50000 2347.84
7000.60000 2360.09
7000.70000 2367.54
7000.80000 2365.78
7000.90000 2366.39
7001.00000 2357.48
7001.10000 2357.42
7001.20000 2357.09
7001.30000 2366.65
7001.40000 2368.25
7001.50000 2323.42
7001.60000 2301.94
7001.70000 2351.87
7001.80000 2369.40
7001.90000 2364.60
7002.00000 2346.92
7002.10000 2363.72
7002.20000 2370.71
7002.30000 2373.27
7002.40000 2370.21
7002.50000 2365.94
7002.60000 2360.06
7002.70000 2334.27
7002.80000 2150.17
7002.90000 2254.80
7003.00000 2350.04
7003.10000 2347.83
7003.20000 2346.68
7003.30000 2297.44
7003.40000 2340.03
7003.50000 2358.07
7003.60000 2368.48
7003.70000 2374.95
7003.80000 2370.42
7003.90000 2384.14
7004.00000 2374.69
7004.10000 2364.18
7004.20000 2367.70
7004.30000 2368.20
7004.40000 2374.31
7004.50000 2370.48
7004.60000 2378.17
7004.70000 2351.30
7004.80000 2339.19
7004.90000 2221.83
7005.00000 2044.75
7005.10000 2166.36
7005.20000 2240.49
7005.30000 2176.51
7005.40000 1628.48
7005.50000 1905.36
7005.60000 2227.43
7005.70000 2184.94
7005.80000 1921.92
7005.90000 2196.35
7006.00000 2207.88
7006.10000 2239.19
7006.20000 2248.64
7006.30000 2169.24
7006.40000 2298.50
7006.50000 2327.04
7006.60000 2331.61
7006.70000 2312.05
7006.80000 2209.15
7006.90000 2213.29
7007.00000 2292.48
7007.10000 2339.33
7007.20000 2353.26
7007.30000 2287.87
7007.40000 2268.85
7007.50000 2330.51
7007.60000 2364.90
7007.70000 2346.77
7007.80000 2310.85
7007.90000 2306.54
7008.00000 2337.02
7008.10000 2316.85
7008.20000 2348.18
7008.30000 2325.59
7008.40000 2281.25
7008.50000 2335.70
7008.60000 2352.04
7008.70000 2337.03
7008.80000 2343.05
7008.90000 2235.76
7009.00000 2277.94
7009.10000 2353.80
7009.20000 2344.88
7009.30000 2354.77
7009.40000 2339.17
7009.50000 2361.66
7009.60000 2354.23
7009.70000 2343.30
7009.80000 2309.35
7009.90000 2261.85
7010.00000 2306.11
7010.10000 2344.62
7010.20000 2335.35
7010.30000 2338.40
7010.40000 2303.79
7010.50000 2119.96
7010.60000 2138.95
7010.70000 2315.40
7010.80000 2350.60
7010.90000 2362.73
7011.00000 2353.90
7011.10000 2332.15
7011.20000 2333.42
7011.30000 2294.14
7011.40000 2263.45
7011.50000 2300.45
7011.60000 2181.21
7011.70000 2231.35
7011.80000 2265.86
7011.90000 2044.77
7012.00000 1815.26
7012.10000 2176.39
7012.20000 2320.34
7012.30000 2336.26
7012.40000 2356.77
7012.50000 2347.50
7012.60000 2353.82
7012.70000 2338.12
7012.80000 2338.21
7012.90000 2316.23
7013.00000 2332.99
7013.10000 2357.77
7013.20000 2347.54
7013.30000 2359.99
7013.40000 2345.85
7013.50000 2349.90
7013.60000 2355.57
7013.70000 2346.52
7013.80000 2352.75
7013.90000 2348.34
7014.00000 2303.47
7014.10000 2313.89
7014.20000 2337.36
7014.30000 2337.15
7014.40000 2350.95
7014.50000 2297.15
7014.60000 2317.93
7014.70000 2309.62
7014.80000 2350.01
7014.90000 2337.62
7015.00000 2350.58
7015.10000 2339.28
7015.20000 2324.69
7015.30000 2349.55
7015.40000 2343.63
7015.50000 2337.06
7015.60000 2275.44
7015.70000 2316.09
7015.80000 2343.00
7015.90000 2227.29
7016.00000 2127.66
7016.10000 2289.49
7016.20000 2270.12
7016.30000 2311.94
7016.40000 2312.75
7016.50000 2624.48
7016.60000 2020.99
7016.70000 2156.38
7016.80000 2278.70
7016.90000 2239.81
7017.00000 2070.94
7017.10000 1377.52
7017.20000 1749.15
7017.30000 2215.93
7017.40000 2312.18
7017.50000 2322.99
7017.60000 2329.20
7017.70000 2329.30
7017.80000 2347.34
7017.90000 2328.40
7018.00000 2239.98
7018.10000 2193.19
7018.20000 2301.37
7018.30000 2340.53
7018.40000 2349.77
7018.50000 2337.91
7018.60000 2352.29
7018.70000 2360.48
7018.80000 2362.27
7018.90000 2359.55
7019.00000 2356.31
7019.10000 2350.81
7019.20000 2359.30
7019.30000 2369.75
7019.40000 2299.59
7019.50000 2300.39
7019.60000 2345.92
7019.70000 2364.97
7019.80000 2342.66
7019.90000 2319.54
7020.00000 2105.95
7020.10000 2184.45
7020.20000 2339.49
7020.30000 2344.53
7020.40000 2338.16
7020.50000 2355.31
7020.60000 2334.54
7020.70000 2318.31
7020.80000 2301.87
7020.90000 2320.17
7021.00000 2327.79
7021.10000 2352.85
7021.20000 2282.92
7021.30000 2217.57
7021.40000 2264.48
7021.50000 2208.52
7021.60000 2278.57
7021.70000 2351.61
7021.80000 2334.94
7021.90000 2353.47
7022.00000 2378.46
7022.10000 2334.60
7022.20000 2275.64
7022.30000 2352.31
7022.40000 2376.27
7022.50000 2357.06
7022.60000 2358.70
7022.70000 2369.95
7022.80000 2346.71
7022.90000 2353.86
7023.00000 2339.53
7023.10000 2292.05
7023.20000 2145.21
7023.30000 2232.04
7023.40000 2349.86
7023.50000 2341.27
7023.60000 2351.72
7023.70000 2324.87
7023.80000 2319.25
7023.90000 2297.22
7024.00000 2246.73
7024.10000 1880.75
7024.20000 1549.90
7024.30000 2159.68
7024.40000 2311.39
7024.50000 2335.22
7024.60000 2354.43
7024.70000 2373.21
7024.80000 2365.34
7024.90000 2344.12
7025.00000 2362.15
7025.10000 2359.11
7025.20000 2357.78
7025.30000 2318.88
7025.40000 2287.62
7025.50000 2159.39
7025.60000 2272.05
7025.70000 2317.60
7025.80000 2315.80
7025.90000 2334.84
7026.00000 2346.03
7026.10000 2354.09
7026.20000 2349.22
7026.30000 2345.66
7026.40000 2351.27
7026.50000 2335.19
7026.60000 2351.90
7026.70000 2339.31
7026.80000 2330.29
7026.90000 2335.68
7027.00000 2243.28
7027.10000 2112.32
7027.20000 2291.16
7027.30000 2324.63
7027.40000 2337.36
7027.50000 2183.43
7027.60000 1828.15
7027.70000 2127.11
7027.80000 2300.46
7027.90000 2275.51
7028.00000 2184.23
7028.10000 1641.10
7028.20000 1629.49
7028.30000 2183.80
7028.40000 2236.96
7028.50000 2025.13
7028.60000 2116.72
7028.70000 2297.12
7028.80000 2321.61
7028.90000 2351.15
7029.00000 2358.03
7029.10000 2359.12
7029.20000 2357.79
7029.30000 2366.51
7029.40000 2337.30
7029.50000 2355.36
7029.60000 2330.61
7029.70000 2230.64
7029.80000 2269.40
7029.90000 2317.08
7030.00000 2345.45
7030.10000 2336.68
7030.20000 2369.92
7030.30000 2359.06
7030.40000 2327.73
7030.50000 2349.98
7030.60000 2330.67
7030.70000 2330.83
7030.80000 2311.63
7030.90000 2356.12
7031.00000 2345.81
7031.10000 2354.87
7031.20000 2354.77
7031.30000 2285.61
7031.40000 2320.55
7031.50000 2349.15
7031.60000 2368.15
7031.70000 2364.12
7031.80000 2364.84
7031.90000 2350.10
7032.00000 2340.44
7032.10000 2357.07
7032.20000 2361.27
7032.30000 2335.98
7032.40000 2360.37
7032.50000 2353.03
7032.60000 2377.82
7032.70000 2361.59
7032.80000 2361.41
7032.90000 2349.86
7033.00000 2340.01
7033.10000 2365.57
7033.20000 2371.79
7033.30000 2361.68
7033.40000 2373.56
7033.50000 2370.29
7033.60000 2347.53
7033.70000 2390.37
7033.80000 2358.92
7033.90000 2393.13
7034.00000 2355.53
7034.10000 2350.69
7034.20000 2355.96
7034.30000 2352.24
7034.40000 2383.97
7034.50000 2381.06
7034.60000 2379.47
7034.70000 2359.42
7034.80000 2368.65
7034.90000 2371.03
7035.00000 2390.69
7035.10000 2356.38
7035.20000 2373.12
7035.30000 2367.81
7035.40000 2365.95
7035.50000 2395.87
7035.60000 2361.48
7035.70000 2381.74
7035.80000 2368.54
7035.90000 2348.37
7036.00000 2379.81
7036.10000 2391.77
7036.20000 2372.62
7036.30000 2370.15
7036.40000 2371.06
7036.50000 2384.00
7036.60000 2371.00
7036.70000 2365.79
7036.80000 2352.94
7036.90000 2385.28
7037.00000 2369.93
7037.10000 2369.55
7037.20000 2361.27
7037.30000 2375.86
7037.40000 2402.51
7037.50000 2399.12
7037.60000 2357.50
7037.70000 2348.37
7037.80000 2198.80
7037.90000 2075.98
7038.00000 2296.58
7038.10000 2215.32
7038.20000 1823.71
7038.30000 2128.85
7038.40000 2328.21
7038.50000 2367.10
7038.60000 2365.38
7038.70000 2367.69
7038.80000 2382.95
7038.90000 2394.47
7039.00000 2379.72
7039.10000 2373.69
7039.20000 2375.17
7039.30000 2368.32
7039.40000 2339.51
7039.50000 2386.33
7039.60000 2381.24
7039.70000 2374.25
7039.80000 2367.74
7039.90000 2226.40
7040.00000 2150.66
7040.10000 2348.79
7040.20000 2333.58
7040.30000 2266.75
7040.40000 1857.73
7040.50000 1605.65
7040.60000 2203.75
7040.70000 2324.71
7040.80000 2368.91
7040.90000 2395.20
7041.00000 2398.69
7041.10000 2367.95
7041.20000 2339.78
7041.30000 2374.91
7041.40000 2380.95
7041.50000 2366.99
7041.60000 2397.09
7041.70000 2379.93
7041.80000 2385.87
7041.90000 2391.19
7042.00000 2386.97
7042.10000 2395.01
7042.20000 2367.61
7042.30000 2351.74
7042.40000 2194.66
7042.50000 2289.37
7042.60000 2374.39
7042.70000 2394.78
7042.80000 2398.39
7042.90000 2411.34
7043.00000 2387.75
7043.10000 2362.05
7043.20000 2411.19
7043.30000 2398.05
7043.40000 2391.29
7043.50000 2390.08
7043.60000 2371.11
7043.70000 2393.30
7043.80000 2411.42
7043.90000 2396.26
7044.00000 2365.84
7044.10000 2343.08
7044.20000 2402.28
7044.30000 2388.78
7044.40000 2352.74
7044.50000 2365.67
7044.60000 2391.08
7044.70000 2382.67
7044.80000 2404.14
7044.90000 2388.84
7045.00000 2404.78
7045.10000 2339.52
7045.20000 2322.07
7045.30000 2382.92
7045.40000 2382.15
7045.50000 2349.75
7045.60000 2386.76
7045.70000 2410.48
7045.80000 2387.59
7045.90000 2381.96
7046.00000 2384.64
7046.10000 2384.29
7046.20000 2376.38
7046.30000 2400.24
7046.40000 2378.68
7046.50000 2380.04
7046.60000 2400.67
7046.70000 2395.81
7046.80000 2415.87
7046.90000 2408.87
7047.00000 2417.14
7047.10000 2397.93
7047.20000 2392.21
7047.30000 2374.55
7047.40000 2355.44
7047.50000 2165.66
7047.60000 2140.49
7047.70000 2337.89
7047.80000 2375.84
7047.90000 2370.38
7048.00000 2331.46
7048.10000 2304.12
7048.20000 2355.61
7048.30000 2395.36
7048.40000 2390.56
7048.50000 2390.53
7048.60000 2365.13
7048.70000 2357.28
7048.80000 2335.88
7048.90000 2351.53
7049.00000 2351.82
7049.10000 2397.18
7049.20000 2403.03
7049.30000 2373.62
7049.40000 2374.45
7049.50000 2385.99
7049.60000 2360.24
7049.70000 2345.93
7049.80000 2379.45
7049.90000 2374.64
7050.00000 2365.09
7050.10000 2345.85
7050.20000 2383.19
7050.30000 2390.65
7050.40000 2386.83
7050.50000 2393.92
7050.60000 2372.34
7050.70000 2384.44
7050.80000 2388.43
7050.90000 2400.83
7051.00000 2362.25
7051.10000 2287.59
7051.20000 2251.38
7051.30000 2343.32
7051.40000 2258.50
7051.50000 1911.33
7051.60000 2077.93
7051.70000 2326.58
7051.80000 2327.60
7051.90000 2338.41
7052.00000 2366.43
7052.10000 2397.06
7052.20000 2383.16
7052.30000 2378.25
7052.40000 2370.85
7052.50000 2333.46
7052.60000 2358.09
7052.70000 2371.67
7052.80000 2385.99
7052.90000 2376.19
7053.00000 2274.86
7053.10000 2188.35
7053.20000 2206.80
7053.30000 2250.24
7053.40000 1920.48
7053.50000 2082.45
7053.60000 2326.67
7053.70000 2372.01
7053.80000 2393.40
7053.90000 2377.38
7054.00000 2396.80
7054.10000 2394.65
7054.20000 2340.76
7054.30000 2385.51
7054.40000 2366.74
7054.50000 2381.00
7054.60000 2377.59
7054.70000 2389.15
7054.80000 2403.61
7054.90000 2412.69
7055.00000 2398.12
7055.10000 2389.11
7055.20000 2391.77
7055.30000 2338.35
7055.40000 2266.96
7055.50000 2365.04
7055.60000 2385.86
7055.70000 2401.53
7055.80000 2407.86
7055.90000 2397.33
7056.00000 2371.37
7056.10000 2390.35
7056.20000 2392.09
7056.30000 2370.64
7056.40000 2367.97
7056.50000 2412.47
7056.60000 2387.95
7056.70000 2380.83
7056.80000 2398.40
7056.90000 2335.99
7057.00000 2348.99
7057.10000 2381.84
7057.20000 2370.96
7057.30000 2369.58
7057.40000 2340.77
7057.50000 2347.62
7057.60000 2167.27
7057.70000 1991.87
7057.80000 2296.82
7057.90000 2383.05
7058.00000 2389.64
7058.10000 2400.11
7058.20000 2353.34
7058.30000 2379.01
7058.40000 2375.14
7058.50000 2386.35
7058.60000 2368.75
7058.70000 2376.77
7058.80000 2320.05
7058.90000 2223.54
7059.00000 2347.91
7059.10000 2386.24
7059.20000 2375.43
7059.30000 2326.38
7059.40000 2355.05
7059.50000 2380.47
7059.60000 2386.98
7059.70000 2390.20
7059.80000 2406.68
7059.90000 2405.94
7060.00000 2414.45
7060.10000 2361.23
7060.20000 2381.96
7060.30000 2337.16
7060.40000 2394.81
7060.50000 2376.70
7060.60000 2391.05
7060.70000 2404.62
7060.80000 2409.05
7060.90000 2411.48
7061.00000 2398.28
7061.10000 2244.91
7061.20000 2284.85
7061.30000 2349.57
7061.40000 2414.75
7061.50000 2404.44
7061.60000 2408.11
7061.70000 2399.79
7061.80000 2424.02
7061.90000 2439.68
7062.00000 2455.27
7062.10000 2377.76
7062.20000 2270.79
7062.30000 2429.70
7062.40000 2459.54
7062.50000 2475.33
7062.60000 2471.47
7062.70000 2473.76
7062.80000 2481.54
7062.90000 2468.71
7063.00000 2447.55
7063.10000 2441.04
7063.20000 2450.27
7063.30000 2387.32
7063.40000 2405.14
7063.50000 2444.32
7063.60000 2487.95
7063.70000 2469.83
7063.80000 2466.66
7063.90000 2472.52
7064.00000 2444.03
7064.10000 2236.00
7064.20000 2328.89
7064.30000 2426.77
7064.40000 2455.58
7064.50000 2450.34
7064.60000 2453.95
7064.70000 2432.29
7064.80000 2456.58
7064.90000 2467.91
7065.00000 2462.06
7065.10000 2432.53
7065.20000 2419.85
7065.30000 2355.61
7065.40000 2396.95
7065.50000 2400.25
7065.60000 2416.94
7065.70000 2418.20
7065.80000 2433.12
7065.90000 2438.62
7066.00000 2402.24
7066.10000 2414.31
7066.20000 2328.33
7066.30000 2071.05
7066.40000 2193.61
7066.50000 2365.68
7066.60000 2427.65
7066.70000 2423.26
7066.80000 2419.23
7066.90000 2378.94
7067.00000 2379.26
7067.10000 2397.78
7067.20000 2422.26
7067.30000 2431.43
7067.40000 2416.71
7067.50000 2350.27
7067.60000 2377.02
7067.70000 2407.29
7067.80000 2465.17
7067.90000 2473.12
7068.00000 2437.00
7068.10000 2437.05
7068.20000 2451.59
7068.30000 2464.08
7068.40000 2466.94
7068.50000 2466.92
7068.60000 2423.30
7068.70000 2461.59
7068.80000 2472.77
7068.90000 2461.11
7069.00000 2471.92
7069.10000 2459.08
7069.20000 2452.89
7069.30000 2407.12
7069.40000 2431.96
7069.50000 2413.26
7069.60000 2416.92
7069.70000 2414.56
7069.80000 2440.30
7069.90000 2430.89
7070.00000 2405.36
7070.10000 2390.81
7070.20000 2402.48
7070.30000 2400.97
7070.40000 2398.80
7070.50000 2411.85
7070.60000 2420.21
7070.70000 2418.29
7070.80000 2425.77
7070.90000 2420.11
7071.00000 2395.66
7071.10000 2388.81
7071.20000 2387.64
7071.30000 2381.20
7071.40000 2441.08
7071.50000 2427.22
7071.60000 2424.22
7071.70000 2430.47
7071.80000 2401.43
7071.90000 2396.87
7072.00000 2380.22
7072.10000 2417.39
7072.20000 2382.59
7072.30000 2358.82
7072.40000 2381.39
7072.50000 2387.78
7072.60000 2330.32
7072.70000 2278.64
7072.80000 2351.36
7072.90000 2389.73
7073.00000 2372.62
7073.10000 2348.90
7073.20000 2297.75
7073.30000 2366.03
7073.40000 2413.38
7073.50000 2416.69
7073.60000 2395.12
7073.70000 2393.70
7073.80000 2411.15
7073.90000 2372.59
7074.00000 2374.42
7074.10000 2335.83
7074.20000 2339.64
7074.30000 2345.99
7074.40000 2356.29
7074.50000 2382.16
7074.60000 2422.74
7074.70000 2408.03
7074.80000 2401.85
7074.90000 2402.81
7075.00000 2398.88
7075.10000 2377.02
7075.20000 2387.83
7075.30000 2412.96
7075.40000 2425.56
7075.50000 2351.41
7075.60000 2328.16
7075.70000 2374.94
7075.80000 2389.28
7075.90000 2359.05
7076.00000 2379.88
7076.10000 2404.14
7076.20000 2381.64
7076.30000 2398.01
7076.40000 2416.14
7076.50000 2424.02
7076.60000 2402.25
7076.70000 2387.05
7076.80000 2408.61
7076.90000 2383.98
7077.00000 2402.64
7077.10000 2428.64
7077.20000 2420.24
7077.30000 2410.08
7077.40000 2397.99
7077.50000 2394.74
7077.60000 2407.88
7077.70000 2422.28
7077.80000 2410.49
7077.90000 2412.21
7078.00000 2421.48
7078.10000 2416.31
7078.20000 2375.85
7078.30000 2372.78
7078.40000 2339.15
7078.50000 2279.79
7078.60000 2351.28
7078.70000 2374.38
7078.80000 2355.91
7078.90000 2177.91
7079.00000 2311.94
7079.10000 2405.38
7079.20000 2417.34
7079.30000 2415.43
7079.40000 2396.61
7079.50000 2257.51
7079.60000 2337.58
7079.70000 2424.33
7079.80000 2410.60
7079.90000 2381.89
7080.00000 2410.80
7080.10000 2377.35
7080.20000 2317.63
7080.30000 2258.38
7080.40000 2385.40
7080.50000 2391.52
7080.60000 2406.33
7080.70000 2419.98
7080.80000 2445.26
7080.90000 2427.30
7081.00000 2424.21
7081.10000 2439.61
7081.20000 2431.78
7081.30000 2422.64
7081.40000 2424.05
7081.50000 2421.20
7081.60000 2357.97
7081.70000 2320.79
7081.80000 2409.61
7081.90000 2431.16
7082.00000 2418.23
7082.10000 2447.70
7082.20000 2427.01
7082.30000 2431.38
7082.40000 2423.42
7082.50000 2436.54
7082.60000 2440.85
7082.70000 2433.19
7082.80000 2425.70
7082.90000 2439.60
7083.00000 2417.00
7083.10000 2412.23
7083.20000 2438.19
7083.30000 2402.80
7083.40000 2384.23
7083.50000 2406.91
7083.60000 2435.36
7083.70000 2438.76
7083.80000 2435.64
7083.90000 2435.82
7084.00000 2428.31
7084.10000 2427.83
7084.20000 2426.88
7084.30000 2396.32
7084.40000 2406.11
7084.50000 2422.69
7084.60000 2440.11
7084.70000 2414.87
7084.80000 2389.16
7084.90000 2418.86
7085.00000 2412.06
7085.10000 2421.52
7085.20000 2423.75
7085.30000 2429.81
7085.40000 2399.29
7085.50000 2398.38
7085.60000 2357.03
7085.70000 2413.87
7085.80000 2418.57
7085.90000 2418.12
7086.00000 2404.46
7086.10000 2426.05
7086.20000 2414.58
7086.30000 2432.80
7086.40000 2415.76
7086.50000 2424.62
7086.60000 2411.68
7086.70000 2416.72
7086.80000 2417.75
7086.90000 2398.81
7087.00000 2352.96
7087.10000 2410.92
7087.20000 2412.40
7087.30000 2440.84
7087.40000 2438.90
7087.50000 2429.38
7087.60000 2442.27
7087.70000 2448.68
7087.80000 2448.63
7087.90000 2448.10
7088.00000 2469.24
7088.10000 2449.74
7088.20000 2420.37
7088.30000 2435.82
7088.40000 2420.09
7088.50000 2453.25
7088.60000 2399.90
7088.70000 2356.06
7088.80000 2180.52
7088.90000 2194.44
7089.00000 2358.19
7089.10000 2379.40
7089.20000 2416.89
7089.30000 2396.36
7089.40000 2416.45
7089.50000 2431.07
7089.60000 2427.35
7089.70000 2412.09
7089.80000 2417.64
7089.90000 2433.02
7090.00000 2446.55
7090.10000 2435.91
7090.20000 2430.30
7090.30000 2431.05
7090.40000 2400.30
7090.50000 2419.81
7090.60000 2437.31
7090.70000 2449.82
7090.80000 2441.58
7090.90000 2450.23
7091.00000 2431.80
7091.10000 2436.16
7091.20000 2411.53
7091.30000 2392.71
7091.40000 2384.51
7091.50000 2419.53
7091.60000 2434.24
7091.70000 2428.22
7091.80000 2389.42
7091.90000 2359.05
7092.00000 2395.22
7092.10000 2403.26
7092.20000 2427.51
7092.30000 2429.34
7092.40000 2432.85
7092.50000 2451.48
7092.60000 2461.40
7092.70000 2454.87
7092.80000 2440.50
7092.90000 2400.77
7093.00000 2435.22
7093.10000 2434.84
7093.20000 2414.95
7093.30000 2430.95
7093.40000 2438.67
7093.50000 2428.26
7093.60000 2441.59
7093.70000 2394.79
7093.80000 2396.34
7093.90000 2441.34
7094.00000 2443.40
7094.10000 2443.65
7094.20000 2428.08
7094.30000 2440.84
7094.40000 2423.23
7094.50000 2435.46
7094.60000 2412.22
7094.70000 2351.22
7094.80000 2398.62
7094.90000 2423.11
7095.00000 2448.05
7095.10000 2456.06
7095.20000 2461.61
7095.30000 2447.04
7095.40000 2436.93
7095.50000 2459.85
7095.60000 2396.03
7095.70000 2392.20
7095.80000 2443.55
7095.90000 2445.95
7096.00000 2460.10
7096.10000 2435.43
7096.20000 2427.79
7096.30000 2400.38
7096.40000 2432.64
7096.50000 2411.66
7096.60000 2419.00
7096.70000 2440.33
7096.80000 2453.54
7096.90000 2438.02
7097.00000 2437.38
7097.10000 2417.69
7097.20000 2434.20
7097.30000 2414.76
7097.40000 2453.54
7097.50000 2452.54
7097.60000 2461.56
7097.70000 2432.09
7097.80000 2428.79
7097.90000 2433.53
7098.00000 2416.86
7098.10000 2431.62
7098.20000 2461.76
7098.30000 2400.03
7098.40000 2389.66
7098.50000 2442.05
7098.60000 2433.07
7098.70000 2425.30
7098.80000 2456.15
7098.90000 2454.42
7099.00000 2437.32
7099.10000 2443.03
7099.20000 2449.91
7099.30000 2424.27
7099.40000 2422.04
7099.50000 2407.72
7099.60000 2371.62
7099.70000 2420.86
7099.80000 2416.45
7099.90000 2429.46
7100.00000 2385.19
7100.10000 2407.97
7100.20000 2379.20
7100.30000 2426.33
7100.40000 2427.33
7100.50000 2412.18
7100.60000 2426.04
7100.70000 2415.18
7100.80000 2393.90
7100.90000 2424.42
7101.00000 2431.45
7101.10000 2433.72
7101.20000 2466.27
7101.30000 2412.26
7101.40000 2357.28
7101.50000 2422.73
7101.60000 2460.14
7101.70000 2462.85
7101.80000 2465.41
7101.90000 2439.84
7102.00000 2433.11
7102.10000 2441.28
7102.20000 2437.13
7102.30000 2406.37
7102.40000 2460.92
7102.50000 2472.07
7102.60000 2432.56
7102.70000 2434.34
7102.80000 2448.16
7102.90000 2364.51
7103.00000 2347.69
7103.10000 2434.90
7103.20000 2450.39
7103.30000 2486.47
7103.40000 2460.35
7103.50000 2455.09
7103.60000 2455.63
7103.70000 2469.39
7103.80000 2429.16
7103.90000 2441.19
7104.00000 2444.46
7104.10000 2461.11
7104.20000 2477.25
7104.30000 2465.60
7104.40000 2456.59
7104.50000 2443.67
7104.60000 2417.05
7104.70000 2442.92
7104.80000 2446.12
7104.90000 2442.60
7105.00000 2454.43
7105.10000 2446.10
7105.20000 2444.96
7105.30000 2444.11
7105.40000 2454.22
7105.50000 2446.06
7105.60000 2459.17
7105.70000 2450.63
7105.80000 2428.56
7105.90000 2440.70
7106.00000 2431.80
7106.10000 2451.40
7106.20000 2444.74
7106.30000 2433.14
7106.40000 2427.01
7106.50000 2427.44
7106.60000 2423.41
7106.70000 2431.53
7106.80000 2333.87
7106.90000 2342.61
7107.00000 2436.73
7107.10000 2340.74
7107.20000 2396.00
7107.30000 2458.12
7107.40000 2469.83
7107.50000 2457.51
7107.60000 2446.00
7107.70000 2427.99
7107.80000 2454.40
7107.90000 2487.79
7108.00000 2460.16
7108.10000 2473.35
7108.20000 2460.86
7108.30000 2452.36
7108.40000 2442.92
7108.50000 2483.79
7108.60000 2487.78
7108.70000 2463.50
7108.80000 2467.25
7108.90000 2464.51
7109.00000 2466.11
7109.10000 2445.43
7109.20000 2459.23
7109.30000 2459.98
7109.40000 2471.73
7109.50000 2461.11
7109.60000 2445.38
7109.70000 2413.08
7109.80000 2410.41
7109.90000 2397.80
7110.00000 2401.96
7110.10000 2429.36
7110.20000 2455.98
7110.30000 2464.13
7110.40000 2470.82
7110.50000 2443.87
7110.60000 2459.36
7110.70000 2485.28
7110.80000 2458.92
7110.90000 2470.31
7111.00000 2431.46
7111.10000 2457.64
7111.20000 2471.43
7111.30000 2464.42
7111.40000 2475.73
7111.50000 2466.96
7111.60000 2447.82
7111.70000 2486.01
7111.80000 2463.92
7111.90000 2465.00
7112.00000 2432.37
7112.10000 2451.93
7112.20000 2489.52
7112.30000 2436.43
7112.40000 2465.59
7112.50000 2420.82
7112.60000 2394.72
7112.70000 2458.21
7112.80000 2477.49
7112.90000 2477.58
7113.00000 2450.25
7113.10000 2465.28
7113.20000 2477.09
7113.30000 2486.46
7113.40000 2487.81
7113.50000 2474.96
7113.60000 2475.17
7113.70000 2460.50
7113.80000 2462.49
7113.90000 2472.52
7114.00000 2480.48
7114.10000 2482.02
7114.20000 2470.38
7114.30000 2461.93
7114.40000 2458.69
7114.50000 2430.25
7114.60000 2401.52
7114.70000 2434.68
7114.80000 2489.88
7114.90000 2487.84
7115.00000 2479.16
7115.10000 2474.18
7115.20000 2453.76
7115.30000 2456.91
7115.40000 2453.76
7115.50000 2486.00
7115.60000 2468.64
7115.70000 2470.74
7115.80000 2471.57
7115.90000 2466.78
7116.00000 2443.56
7116.10000 2444.32
7116.20000 2373.49
7116.30000 2420.40
7116.40000 2442.70
7116.50000 2441.07
7116.60000 2452.61
7116.70000 2434.69
7116.80000 2444.85
7116.90000 2433.85
7117.00000 2417.11
7117.10000 2454.06
7117.20000 2480.67
7117.30000 2469.78
7117.40000 2478.99
7117.50000 2466.25
7117.60000 2470.02
7117.70000 2466.70
7117.80000 2481.73
7117.90000 2482.33
7118.00000 2464.13
7118.10000 2462.46
7118.20000 2440.61
7118.30000 2474.33
7118.40000 2453.02
7118.50000 2456.23
7118.60000 2469.78
7118.70000 2457.97
7118.80000 2444.16
7118.90000 2334.62
7119.00000 2198.22
7119.10000 2395.37
7119.20000 2448.76
7119.30000 2463.88
7119.40000 2484.46
7119.50000 2473.38
7119.60000 2466.20
7119.70000 2456.37
7119.80000 2457.29
7119.90000 2432.37
7120.00000 2406.82
7120.10000 2443.62
7120.20000 2518.69
7120.30000 2448.93
7120.40000 2394.14
7120.50000 2382.71
7120.60000 2429.07
7120.70000 2448.07
7120.80000 2459.96
7120.90000 2447.54
7121.00000 2460.52
7121.10000 2466.13
7121.20000 2464.86
7121.30000 2458.94
7121.40000 2464.35
7121.50000 2458.09
7121.60000 2461.25
7121.70000 2468.81
7121.80000 2458.18
7121.90000 2465.37
7122.00000 2478.42
7122.10000 2437.19
7122.20000 2446.86
7122.30000 2431.57
7122.40000 2458.73
7122.50000 2466.23
7122.60000 2454.63
7122.70000 2450.46
7122.80000 2448.82
7122.90000 2423.01
7123.00000 2424.31
7123.10000 2429.28
7123.20000 2398.26
7123.30000 2407.63
7123.40000 2424.96
7123.50000 2408.75
7123.60000 2456.60
7123.70000 2454.75
7123.80000 2461.70
7123.90000 2467.93
7124.00000 2470.64
7124.10000 2475.60
7124.20000 2459.33
7124.30000 2468.44
7124.40000 2466.20
7124.50000 2456.52
7124.60000 2430.66
7124.70000 2430.38
7124.80000 2449.25
7124.90000 2452.48
7125.00000 2449.49
7125.10000 2453.21
7125.20000 2465.69
7125.30000 2455.10
7125.40000 2445.64
7125.50000 2445.71
7125.60000 2442.78
7125.70000 2441.51
7125.80000 2449.49
7125.90000 2462.72
7126.00000 2467.23
7126.10000 2454.65
7126.20000 2446.60
7126.30000 2458.46
7126.40000 2469.61
7126.50000 2466.87
7126.60000 2472.34
7126.70000 2455.40
7126.80000 2467.82
7126.90000 2465.20
7127.00000 2447.99
7127.10000 2458.84
7127.20000 2453.01
7127.30000 2451.60
7127.40000 2465.11
7127.50000 2460.39
7127.60000 2469.10
7127.70000 2460.57
7127.80000 2461.54
7127.90000 2462.58
7128.00000 2455.43
7128.10000 2463.02
7128.20000 2449.44
7128.30000 2438.09
7128.40000 2419.85
7128.50000 2417.94
7128.60000 2449.38
7128.70000 2414.26
7128.80000 2362.05
7128.90000 2339.58
7129.00000 2414.52
7129.10000 2451.25
7129.20000 2438.01
7129.30000 2451.49
7129.40000 2489.39
7129.50000 2460.02
7129.60000 2448.72
7129.70000 2393.00
7129.80000 2368.15
7129.90000 2439.04
7130.00000 2473.48
7130.10000 2447.70
7130.20000 2415.85
7130.30000 2442.42
7130.40000 2439.92
7130.50000 2449.02
7130.60000 2432.41
7130.70000 2458.47
7130.80000 2404.21
7130.90000 2436.21
7131.00000 2460.23
7131.10000 2462.66
7131.20000 2461.19
7131.30000 2463.98
7131.40000 2468.86
7131.50000 2443.10
7131.60000 2376.98
7131.70000 2445.87
7131.80000 2445.53
7131.90000 2449.29
7132.00000 2424.94
7132.10000 2446.68
7132.20000 2456.52
7132.30000 2446.13
7132.40000 2423.36
7132.50000 2411.16
7132.60000 2463.20
7132.70000 2442.11
7132.80000 2454.33
7132.90000 2426.71
7133.00000 2451.63
7133.10000 2458.95
7133.20000 2462.37
7133.30000 2471.58
7133.40000 2446.65
7133.50000 2422.04
7133.60000 2447.73
7133.70000 2472.90
7133.80000 2460.05
7133.90000 2475.60
7134.00000 2482.82
7134.10000 2470.42
7134.20000 2472.38
7134.30000 2475.49
7134.40000 2449.96
7134.50000 2443.55
7134.60000 2438.75
7134.70000 2393.00
7134.80000 2282.72
7134.90000 2397.36
7135.00000 2459.71
7135.10000 2472.08
7135.20000 2458.28
7135.30000 2463.78
7135.40000 2474.00
7135.50000 2449.81
7135.60000 2433.02
7135.70000 2450.26
7135.80000 2454.89
7135.90000 2454.24
7136.00000 2473.48
7136.10000 2458.88
7136.20000 2468.27
7136.30000 2480.73
7136.40000 2482.82
7136.50000 2450.01
7136.60000 2447.33
7136.70000 2460.90
7136.80000 2440.49
7136.90000 2458.71
7137.00000 2444.88
7137.10000 2436.98
7137.20000 2457.40
7137.30000 2439.16
7137.40000 2445.69
7137.50000 2440.50
7137.60000 2438.19
7137.70000 2417.47
7137.80000 2424.95
7137.90000 2360.86
7138.00000 2399.83
7138.10000 2288.73
7138.20000 2234.81
7138.30000 2413.33
7138.40000 2434.43
7138.50000 2439.08
7138.60000 2425.21
7138.70000 2394.80
7138.80000 2389.12
7138.90000 2457.86
7139.00000 2436.99
7139.10000 2457.47
7139.20000 2463.70
7139.30000 2444.49
7139.40000 2442.77
7139.50000 2448.46
7139.60000 2459.50
7139.70000 2443.12
7139.80000 2453.46
7139.90000 2459.01
7140.00000 2438.49
7140.10000 2443.53
7140.20000 2434.02
7140.30000 2442.77
7140.40000 2444.09
7140.50000 2447.13
7140.60000 2455.98
7140.70000 2445.24
7140.80000 2418.43
7140.90000 2348.38
7141.00000 2319.48
7141.10000 2430.61
7141.20000 2447.14
7141.30000 2449.37
7141.40000 2466.06
7141.50000 2438.87
7141.60000 2426.61
7141.70000 2426.73
7141.80000 2398.04
7141.90000 2419.35
7142.00000 2447.26
7142.10000 2443.31
7142.20000 2465.17
7142.30000 2457.90
7142.40000 2459.06
7142.50000 2448.49
7142.60000 2455.83
7142.70000 2416.75
7142.80000 2374.20
7142.90000 2412.51
7143.00000 2437.11
7143.10000 2408.61
7143.20000 2464.24
7143.30000 2500.85
7143.40000 2446.45
7143.50000 2463.71
7143.60000 2330.41
7143.70000 2234.23
7143.80000 2380.38
7143.90000 2443.30
7144.00000 2421.35
7144.10000 2448.10
7144.20000 2455.23
7144.30000 2458.08
7144.40000 2445.05
7144.50000 2470.24
7144.60000 2471.29
7144.70000 2461.54
7144.80000 2447.62
7144.90000 2449.22
7145.00000 2474.66
7145.10000 2470.51
7145.20000 2459.17
7145.30000 2435.87
7145.40000 2438.27
7145.50000 2462.23
7145.60000 2451.08
7145.70000 2408.66
7145.80000 2380.31
7145.90000 2444.40
7146.00000 2441.01
7146.10000 2425.93
7146.20000 2398.75
7146.30000 2412.35
7146.40000 2452.86
7146.50000 2423.37
7146.60000 2429.06
7146.70000 2444.00
7146.80000 2418.82
7146.90000 2420.12
7147.00000 2439.46
7147.10000 2442.38
7147.20000 2407.16
7147.30000 2420.50
7147.40000 2437.68
7147.50000 2448.63
7147.60000 2457.77
7147.70000 2456.22
7147.80000 2450.50
7147.90000 2432.70
7148.00000 2428.22
7148.10000 2417.91
7148.20000 2332.19
7148.30000 1983.87
7148.40000 2185.36
7148.50000 2368.98
7148.60000 2422.44
7148.70000 2433.49
7148.80000 2458.43
7148.90000 2452.82
7149.00000 2456.60
7149.10000 2438.34
7149.20000 2435.10
7149.30000 2423.33
7149.40000 2461.46
7149.50000 2443.86
7149.60000 2445.88
7149.70000 2450.01
7149.80000 2470.64
7149.90000 2462.94
7150.00000 2440.95
7150.10000 2437.97
7150.20000 2429.01
7150.30000 2407.21
7150.40000 2358.00
7150.50000 2364.86
7150.60000 2439.22
7150.70000 2446.73
7150.80000 2348.15
7150.90000 2379.20
7151.00000 2437.68
7151.10000 2451.31
7151.20000 2408.62
7151.30000 2303.73
7151.40000 2237.53
7151.50000 2361.14
7151.60000 2421.51
7151.70000 2393.07
7151.80000 2162.84
7151.90000 2266.78
7152.00000 2428.21
7152.10000 2423.65
7152.20000 2419.01
7152.30000 2465.71
7152.40000 2396.15
7152.50000 2404.44
7152.60000 2441.30
7152.70000 2443.30
7152.80000 2449.29
7152.90000 2442.53
7153.00000 2455.39
7153.10000 2455.27
7153.20000 2432.09
7153.30000 2449.06
7153.40000 2436.05
7153.50000 2434.32
7153.60000 2436.56
7153.70000 2437.25
7153.80000 2441.66
7153.90000 2449.89
7154.00000 2400.65
7154.10000 2421.74
7154.20000 2445.58
7154.30000 2442.76
7154.40000 2344.94
7154.50000 2359.10
7154.60000 2428.19
7154.70000 2452.68
7154.80000 2444.14
7154.90000 2425.30
7155.00000 2454.56
7155.10000 2458.40
7155.20000 2444.29
7155.30000 2436.90
7155.40000 2451.86
7155.50000 2433.55
7155.60000 2438.26
7155.70000 2419.86
7155.80000 2407.38
7155.90000 2434.57
7156.00000 2442.50
7156.10000 2424.41
7156.20000 2378.27
7156.30000 2415.95
7156.40000 2395.26
7156.50000 2443.11
7156.60000 2451.52
7156.70000 2430.05
7156.80000 2416.17
7156.90000 2438.47
7157.00000 2365.42
7157.10000 2142.30
7157.20000 2309.49
7157.30000 2414.65
7157.40000 2439.34
7157.50000 2457.16
7157.60000 2461.77
7157.70000 2430.64
7157.80000 2460.73
7157.90000 2445.09
7158.00000 2459.66
7158.10000 2445.57
7158.20000 2414.06
7158.30000 2360.64
7158.40000 2369.62
7158.50000 2433.00
7158.60000 2429.53
7158.70000 2431.90
7158.80000 2461.81
7158.90000 2464.04
7159.00000 2451.14
7159.10000 2440.08
7159.20000 2427.39
7159.30000 2415.83
7159.40000 2186.19
7159.50000 2126.40
7159.60000 2383.73
7159.70000 2405.33
7159.80000 2405.60
7159.90000 2351.08
7160.00000 2179.82
7160.10000 2343.71
7160.20000 2428.55
7160.30000 2424.81
7160.40000 2420.69
7160.50000 2446.74
7160.60000 2433.51
7160.70000 2411.98
7160.80000 2452.27
7160.90000 2442.64
7161.00000 2417.53
7161.10000 2435.79
7161.20000 2433.44
7161.30000 2438.41
7161.40000 2440.26
7161.50000 2429.59
7161.60000 2439.72
7161.70000 2444.77
7161.80000 2437.07
7161.90000 2442.92
7162.00000 2454.16
7162.10000 2451.26
7162.20000 2435.72
7162.30000 2422.41
7162.40000 2409.16
7162.50000 2394.27
7162.60000 2384.26
7162.70000 2142.51
7162.80000 2216.05
7162.90000 2408.57
7163.00000 2404.54
7163.10000 2409.05
7163.20000 2431.55
7163.30000 2406.47
7163.40000 2311.22
7163.50000 2369.58
7163.60000 2425.94
7163.70000 2428.66
7163.80000 2401.00
7163.90000 2422.81
7164.00000 2397.12
7164.10000 2440.15
7164.20000 2441.03
7164.30000 2422.38
7164.40000 2338.91
7164.50000 2238.28
7164.60000 2339.97
7164.70000 2404.83
7164.80000 2373.71
7164.90000 2224.56
7165.00000 2097.60
7165.10000 2113.52
7165.20000 2361.09
7165.30000 2389.17
7165.40000 2419.35
7165.50000 2372.31
7165.60000 2363.65
7165.70000 2417.74
7165.80000 2416.91
7165.90000 2453.80
7166.00000 2432.25
7166.10000 2417.72
7166.20000 2357.13
7166.30000 2407.13
7166.40000 2278.48
7166.50000 2364.40
7166.60000 2408.70
7166.70000 2323.75
7166.80000 2198.65
7166.90000 2295.58
7167.00000 2274.72
7167.10000 2325.17
7167.20000 2381.19
7167.30000 2349.95
7167.40000 2339.38
7167.50000 2408.18
7167.60000 2347.84
7167.70000 2250.84
7167.80000 2007.28
7167.90000 2253.30
7168.00000 1731.61
7168.10000 1852.16
7168.20000 2318.00
7168.30000 2316.98
7168.40000 2201.76
7168.50000 1560.51
7168.60000 793.21
7168.70000 1781.44
7168.80000 2260.99
7168.90000 2357.10
7169.00000 2398.07
7169.10000 2446.23
7169.20000 2403.65
7169.30000 2386.41
7169.40000 2343.22
7169.50000 2362.99
7169.60000 2385.81
7169.70000 2150.57
7169.80000 2167.77
7169.90000 2383.51
7170.00000 2415.55
7170.10000 2430.07
7170.20000 2467.18
7170.30000 2436.41
7170.40000 2414.97
7170.50000 2243.10
7170.60000 2022.60
7170.70000 2015.29
7170.80000 1796.61
7170.90000 2244.86
7171.00000 1928.48
7171.10000 2131.17
7171.20000 1582.93
7171.30000 1460.96
7171.40000 2182.41
7171.50000 2206.51
7171.60000 2025.54
7171.70000 2236.16
7171.80000 2193.41
7171.90000 2411.56
7172.00000 2407.30
7172.10000 2396.55
7172.20000 2424.60
7172.30000 2394.06
7172.40000 2408.57
7172.50000 2367.37
7172.60000 2143.34
7172.70000 2144.91
7172.80000 2353.51
7172.90000 2406.80
7173.00000 2378.99
7173.10000 2348.22
7173.20000 2273.64
7173.30000 1757.90
7173.40000 910.99
7173.50000 1612.55
7173.60000 1608.19
7173.70000 2128.31
7173.80000 2296.95
7173.90000 2354.18
7174.00000 1754.52
7174.10000 874.31
7174.20000 1480.06
7174.30000 2052.95
7174.40000 1666.28
7174.50000 1589.14
7174.60000 2224.47
7174.70000 2208.30
7174.80000 1632.30
7174.90000 1624.46
7175.00000 2266.06
7175.10000 2391.99
7175.20000 2416.13
7175.30000 2447.07
7175.40000 2439.32
7175.50000 2425.38
7175.60000 2433.66
7175.70000 2436.46
7175.80000 2413.34
7175.90000 2396.74
7176.00000 2299.74
7176.10000 2330.08
7176.20000 2386.30
7176.30000 2422.39
7176.40000 2418.87
7176.50000 2378.64
7176.60000 2004.77
7176.70000 1672.13
7176.80000 1426.34
7176.90000 1715.55
7177.00000 2275.45
7177.10000 2384.60
7177.20000 2383.15
7177.30000 2410.15
7177.40000 2399.53
7177.50000 2354.87
7177.60000 2244.24
7177.70000 1795.06
7177.80000 1072.84
7177.90000 1684.59
7178.00000 1027.55
7178.10000 795.06
7178.20000 1314.00
7178.30000 976.91
7178.40000 1735.34
7178.50000 2269.27
7178.60000 2368.87
7178.70000 2365.59
7178.80000 2378.98
7178.90000 2383.00
7179.00000 2197.29
7179.10000 1570.84
7179.20000 2129.74
7179.30000 2350.16
7179.40000 2384.86
7179.50000 2371.86
7179.60000 2380.57
7179.70000 2380.56
7179.80000 2376.12
7179.90000 2232.99
7180.00000 1963.87
7180.10000 2342.66
7180.20000 2393.92
7180.30000 2294.18
7180.40000 2394.66
7180.50000 2431.11
7180.60000 2431.79
7180.70000 2428.56
7180.80000 2418.60
7180.90000 2348.42
7181.00000 2388.30
7181.10000 2427.57
7181.20000 2443.30
7181.30000 2405.13
7181.40000 2443.18
7181.50000 2432.12
7181.60000 2406.59
7181.70000 2402.71
7181.80000 2361.33
7181.90000 2201.20
7182.00000 2151.51
7182.10000 1671.05
7182.20000 446.29
7182.30000 991.14
7182.40000 1174.16
7182.50000 1408.97
7182.60000 2193.51
7182.70000 2335.23
7182.80000 2422.21
7182.90000 2423.43
7183.00000 2409.48
7183.10000 2289.29
7183.20000 2383.38
7183.30000 2397.92
7183.40000 2366.24
7183.50000 2261.24
7183.60000 2340.91
7183.70000 2431.03
7183.80000 2430.12
7183.90000 2431.55
7184.00000 2425.13
7184.10000 2410.72
7184.20000 2403.21
7184.30000 2441.38
7184.40000 2403.29
7184.50000 2404.17
7184.60000 2382.03
7184.70000 2359.64
7184.80000 2262.14
7184.90000 2063.54
7185.00000 1427.79
7185.10000 739.57
7185.20000 74.77
7185.30000 588.77
7185.40000 1560.50
7185.50000 1941.84
7185.60000 2027.24
7185.70000 2209.26
7185.80000 2325.00
7185.90000 2328.41
7186.00000 2330.48
7186.10000 2322.67
7186.20000 2339.94
7186.30000 2396.11
7186.40000 2349.24
7186.50000 2316.69
7186.60000 2220.67
7186.70000 1921.16
7186.80000 845.47
7186.90000 1056.29
7187.00000 793.13
7187.10000 546.92
7187.20000 1705.59
7187.30000 2120.40
7187.40000 2223.78
7187.50000 2192.31
7187.60000 1757.31
7187.70000 927.39
7187.80000 1603.25
7187.90000 1756.61
7188.00000 933.12
7188.10000 239.80
7188.20000 1243.92
7188.30000 2015.09
7188.40000 2233.89
7188.50000 2310.36
7188.60000 2322.54
7188.70000 2360.20
7188.80000 2402.14
7188.90000 2389.11
7189.00000 2414.71
7189.10000 2413.31
7189.20000 2397.82
7189.30000 2320.34
7189.40000 2377.20
7189.50000 2403.15
7189.60000 2305.82
7189.70000 2193.28
7189.80000 2375.99
7189.90000 2419.64
7190.00000 2437.49
7190.10000 2435.70
7190.20000 2409.64
7190.30000 2395.70
7190.40000 2444.13
7190.50000 2420.73
7190.60000 2431.23
7190.70000 2442.68
7190.80000 2439.32
7190.90000 2408.99
7191.00000 2418.52
7191.10000 2425.89
7191.20000 2418.61
7191.30000 2406.39
7191.40000 2383.39
7191.50000 2383.57
7191.60000 2321.69
7191.70000 2261.79
7191.80000 2252.88
7191.90000 2121.86
7192.00000 1723.11
7192.10000 638.23
7192.20000 202.39
7192.30000 965.18
7192.40000 1694.51
7192.50000 1309.53
7192.60000 1372.35
7192.70000 2121.05
7192.80000 2287.76
7192.90000 2315.41
7193.00000 2235.46
7193.10000 1749.18
7193.20000 1644.39
7193.30000 2234.50
7193.40000 2297.94
7193.50000 2352.20
7193.60000 2386.73
7193.70000 2359.86
7193.80000 2352.47
7193.90000 2315.33
7194.00000 2157.10
7194.10000 1761.56
7194.20000 856.98
7194.30000 789.51
7194.40000 797.75
7194.50000 971.78
7194.60000 1973.26
7194.70000 2240.10
7194.80000 2302.38
7194.90000 2340.11
7195.00000 2379.53
7195.10000 2375.06
7195.20000 2337.39
7195.30000 2377.17
7195.40000 2362.27
7195.50000 2308.44
7195.60000 2113.00
7195.70000 1192.27
7195.80000 1597.77
7195.90000 2171.38
7196.00000 2311.45
7196.10000 2400.75
7196.20000 2411.67
7196.30000 2355.78
7196.40000 2075.07
7196.50000 1746.56
7196.60000 2162.20
7196.70000 2360.89
7196.80000 2421.75
7196.90000 2426.34
7197.00000 2442.65
7197.10000 2369.48
7197.20000 2360.84
7197.30000 2376.94
7197.40000 2398.17
7197.50000 2403.20
7197.60000 2406.08
7197.70000 2372.32
7197.80000 2157.64
7197.90000 1407.73
7198.00000 1713.33
7198.10000 1897.49
7198.20000 2229.68
7198.30000 2315.33
7198.40000 2244.11
7198.50000 1553.86
7198.60000 1507.80
7198.70000 2194.37
7198.80000 2290.56
7198.90000 2261.28
7199.00000 1967.15
7199.10000 982.12
7199.20000 1480.33
7199.30000 2184.98
7199.40000 2322.12
7199.50000 2314.58
7199.60000 2370.31
7199.70000 2387.99
7199.80000 2358.67
7199.90000 2433.96
7200.00000 2433.57
7200.10000 2413.38
7200.20000 2409.37
7200.30000 2418.06
7200.40000 2341.99
7200.50000 2337.97
7200.60000 2326.12
7200.70000 2218.24
7200.80000 2238.84
7200.90000 2158.69
7201.00000 1553.47
7201.10000 918.36
7201.20000 488.52
7201.30000 1103.28
7201.40000 1911.25
7201.50000 2113.78
7201.60000 2066.10
7201.70000 1751.90
7201.80000 833.77
7201.90000 236.27
7202.00000 1132.89
7202.10000 1756.71
7202.20000 1808.48
7202.30000 2133.02
7202.40000 2249.44
7202.50000 2309.19
7202.60000 2391.07
7202.70000 2420.46
7202.80000 2418.37
7202.90000 2337.99
7203.00000 2380.70
7203.10000 2401.59
7203.20000 2343.14
7203.30000 2276.87
7203.40000 2373.87
7203.50000 2341.04
7203.60000 2315.36
7203.70000 2398.61
7203.80000 2432.84
7203.90000 2423.67
7204.00000 2378.17
7204.10000 2376.64
7204.20000 2387.16
7204.30000 2319.62
7204.40000 2225.83
7204.50000 1746.29
7204.60000 1816.13
7204.70000 2057.21
7204.80000 1834.11
7204.90000 1017.02
7205.00000 271.90
7205.10000 1068.81
7205.20000 1903.49
7205.30000 2184.31
7205.40000 2248.96
7205.50000 2234.92
7205.60000 2328.63
7205.70000 2368.41
7205.80000 2381.74
7205.90000 2377.06
7206.00000 2357.41
7206.10000 2368.74
7206.20000 2313.11
7206.30000 2361.71
7206.40000 2369.15
7206.50000 2353.09
7206.60000 2330.13
7206.70000 2278.68
7206.80000 2168.78
7206.90000 1859.71
7207.00000 1100.60
7207.10000 206.63
7207.20000 759.78
7207.30000 1744.89
7207.40000 2139.26
7207.50000 2291.95
7207.60000 2348.43
7207.70000 2388.16
7207.80000 2388.46
7207.90000 2411.86
7208.00000 2414.78
7208.10000 2420.17
7208.20000 2409.75
7208.30000 2440.80
7208.40000 2426.95
7208.50000 2335.43
7208.60000 2379.68
7208.70000 2421.37
7208.80000 2404.26
7208.90000 2377.54
7209.00000 2404.21
7209.10000 2447.55
7209.20000 2437.16
7209.30000 2459.19
7209.40000 2460.46
7209.50000 2449.84
7209.60000 2421.17
7209.70000 2422.54
7209.80000 2410.15
7209.90000 2389.91
7210.00000 2284.76
7210.10000 1834.16
7210.20000 943.12
7210.30000 1689.26
7210.40000 2246.72
7210.50000 2393.11
7210.60000 2554.16
7210.70000 2475.05
7210.80000 2400.79
7210.90000 2448.59
7211.00000 2402.02
7211.10000 2360.66
7211.20000 2318.22
7211.30000 2436.81
7211.40000 2456.67
7211.50000 2429.26
7211.60000 2439.59
7211.70000 2428.69
7211.80000 2192.84
7211.90000 1776.42
7212.00000 2220.34
7212.10000 2432.59
7212.20000 2453.21
7212.30000 2457.08
7212.40000 2440.70
7212.50000 2475.01
7212.60000 2425.59
7212.70000 2258.65
7212.80000 2326.35
7212.90000 2416.91
7213.00000 2452.83
7213.10000 2459.92
7213.20000 2461.32
7213.30000 2459.17
7213.40000 2471.72
7213.50000 2466.52
7213.60000 2456.16
7213.70000 2469.06
7213.80000 2479.41
7213.90000 2462.47
7214.00000 2474.44
7214.10000 2480.32
7214.20000 2468.04
7214.30000 2462.37
7214.40000 2464.42
7214.50000 2433.13
7214.60000 2411.98
7214.70000 2468.42
7214.80000 2466.60
7214.90000 2458.69
7215.00000 2457.78
7215.10000 2431.80
7215.20000 2424.24
7215.30000 2398.42
7215.40000 2409.11
7215.50000 2464.79
7215.60000 2423.24
7215.70000 2420.48
7215.80000 2451.18
7215.90000 2450.23
7216.00000 2467.48
7216.10000 2436.26
7216.20000 2328.07
7216.30000 2397.72
7216.40000 2458.93
7216.50000 2452.85
7216.60000 2444.62
7216.70000 2397.48
7216.80000 2397.40
7216.90000 2390.25
7217.00000 2353.65
7217.10000 2033.56
7217.20000 1165.52
7217.30000 1728.94
7217.40000 2280.18
7217.50000 2409.46
7217.60000 2446.41
7217.70000 2452.90
7217.80000 2461.99
7217.90000 2452.02
7218.00000 2448.40
7218.10000 2473.71
7218.20000 2444.39
7218.30000 2388.41
7218.40000 2422.68
7218.50000 2460.30
7218.60000 2356.15
7218.70000 1999.29
7218.80000 2231.94
7218.90000 2445.53
7219.00000 2451.14
7219.10000 2452.17
7219.20000 2429.15
7219.30000 2338.51
7219.40000 2402.03
7219.50000 2475.94
7219.60000 2498.15
7219.70000 2368.54
7219.80000 2365.51
7219.90000 2506.27
7220.00000 2513.99
7220.10000 2513.29
7220.20000 2485.70
7220.30000 2513.92
7220.40000 2481.47
7220.50000 2493.53
7220.60000 2516.73
7220.70000 2517.90
7220.80000 2454.01
7220.90000 2520.50
7221.00000 2517.26
7221.10000 2494.12
7221.20000 2502.49
7221.30000 2500.20
7221.40000 2514.67
7221.50000 2503.38
7221.60000 2519.88
7221.70000 2501.59
7221.80000 2493.56
7221.90000 2487.91
7222.00000 2498.66
7222.10000 2494.90
7222.20000 2494.06
7222.30000 2512.75
7222.40000 2500.54
7222.50000 2520.07
7222.60000 2507.24
7222.70000 2521.41
7222.80000 2508.51
7222.90000 2501.19
7223.00000 2495.71
7223.10000 2473.01
7223.20000 2479.70
7223.30000 2492.60
7223.40000 2495.25
7223.50000 2477.44
7223.60000 2376.63
7223.70000 2214.74
7223.80000 2346.42
7223.90000 2401.46
7224.00000 2331.13
7224.10000 2180.44
7224.20000 1773.11
7224.30000 748.50
7224.40000 1354.30
7224.50000 2021.90
7224.60000 2188.37
7224.70000 2263.62
7224.80000 2260.46
7224.90000 2275.72
7225.00000 2333.04
7225.10000 2373.97
7225.20000 2440.22
7225.30000 2453.03
7225.40000 2432.02
7225.50000 2454.41
7225.60000 2477.66
7225.70000 2456.42
7225.80000 2454.87
7225.90000 2491.77
7226.00000 2490.19
7226.10000 2501.62
7226.20000 2489.25
7226.30000 2491.18
7226.40000 2472.19
7226.50000 2488.85
7226.60000 2495.64
7226.70000 2507.98
7226.80000 2500.09
7226.90000 2501.32
7227.00000 2511.34
7227.10000 2504.01
7227.20000 2502.92
7227.30000 2505.88
7227.40000 2509.46
7227.50000 2485.90
7227.60000 2483.90
7227.70000 2500.33
7227.80000 2478.81
7227.90000 2333.98
7228.00000 2193.29
7228.10000 1597.14
7228.20000 991.22
7228.30000 1794.96
7228.40000 2231.35
7228.50000 2411.65
7228.60000 2421.63
7228.70000 2419.00
7228.80000 2392.88
7228.90000 2269.35
7229.00000 2323.76
7229.10000 2461.04
7229.20000 2501.37
7229.30000 2504.34
7229.40000 2498.63
7229.50000 2460.46
7229.60000 2470.39
7229.70000 2491.45
7229.80000 2483.32
7229.90000 2491.32
7230.00000 2495.26
7230.10000 2500.44
7230.20000 2481.97
7230.30000 2483.25
7230.40000 2484.66
7230.50000 2489.57
7230.60000 2484.85
7230.70000 2482.92
7230.80000 2483.32
7230.90000 2481.10
7231.00000 2441.14
7231.10000 2460.00
7231.20000 2471.94
7231.30000 2375.78
7231.40000 2307.11
7231.50000 2398.88
7231.60000 2387.12
7231.70000 2235.47
7231.80000 2361.97
7231.90000 2432.28
7232.00000 2455.42
7232.10000 2442.31
7232.20000 2448.52
7232.30000 2402.31
7232.40000 2402.86
7232.50000 2426.71
7232.60000 2407.33
7232.70000 2337.58
7232.80000 2125.41
7232.90000 1349.63
7233.00000 1711.28
7233.10000 2225.91
7233.20000 2306.76
7233.30000 2195.64
7233.40000 1924.58
7233.50000 1048.53
7233.60000 251.84
7233.70000 1180.25
7233.80000 1981.19
7233.90000 2220.31
7234.00000 2331.66
7234.10000 2370.82
7234.20000 2350.90
7234.30000 2387.25
7234.40000 2411.16
7234.50000 2389.39
7234.60000 2403.17
7234.70000 2403.65
7234.80000 2349.08
7234.90000 2201.00
7235.00000 1840.91
7235.10000 1241.23
7235.20000 1691.72
7235.30000 1237.81
7235.40000 238.46
7235.50000 670.35
7235.60000 1678.89
7235.70000 2109.61
7235.80000 2266.18
7235.90000 2285.42
7236.00000 2325.39
7236.10000 2336.24
7236.20000 2349.80
7236.30000 2404.06
7236.40000 2378.09
7236.50000 2359.78
7236.60000 2274.99
7236.70000 1872.11
7236.80000 826.09
7236.90000 1381.42
7237.00000 2153.59
7237.10000 2145.43
7237.20000 2199.41
7237.30000 2381.80
7237.40000 2422.19
7237.50000 2431.64
7237.60000 2440.99
7237.70000 2456.95
7237.80000 2455.58
7237.90000 2460.73
7238.00000 2453.00
7238.10000 2465.04
7238.20000 2478.95
7238.30000 2456.84
7238.40000 2458.72
7238.50000 2399.17
7238.60000 2293.47
7238.70000 2280.51
7238.80000 2411.77
7238.90000 2456.04
7239.00000 2418.24
7239.10000 2441.57
7239.20000 2471.19
7239.30000 2461.88
7239.40000 2475.54
7239.50000 2485.14
7239.60000 2449.42
7239.70000 2325.48
7239.80000 2372.38
7239.90000 2448.97
7240.00000 2429.71
7240.10000 2429.47
7240.20000 2335.62
7240.30000 2349.71
7240.40000 2253.14
7240.50000 1605.88
7240.60000 1988.82
7240.70000 2264.94
7240.80000 2341.16
7240.90000 2354.63
7241.00000 2277.43
7241.10000 2026.06
7241.20000 1348.58
7241.30000 434.19
7241.40000 553.52
7241.50000 436.54
7241.60000 1200.78
7241.70000 2028.81
7241.80000 2292.30
7241.90000 2360.46
7242.00000 2372.59
7242.10000 2417.50
7242.20000 2456.35
7242.30000 2471.52
7242.40000 2459.12
7242.50000 2460.80
7242.60000 2455.74
7242.70000 2456.24
7242.80000 2429.68
7242.90000 2433.91
7243.00000 2446.59
7243.10000 2464.57
7243.20000 2455.26
7243.30000 2469.98
7243.40000 2442.70
7243.50000 2479.16
7243.60000 2436.84
7243.70000 2423.69
7243.80000 2389.20
7243.90000 2322.39
7244.00000 2167.33
7244.10000 1450.62
7244.20000 943.34
7244.30000 1123.25
7244.40000 322.59
7244.50000 1193.30
7244.60000 2039.12
7244.70000 2302.76
7244.80000 2359.82
7244.90000 2391.31
7245.00000 2423.70
7245.10000 2439.90
7245.20000 2409.95
7245.30000 2337.69
7245.40000 2343.11
7245.50000 2428.14
7245.60000 2434.21
7245.70000 2443.38
7245.80000 2458.20
7245.90000 2434.69
7246.00000 2396.68
7246.10000 2246.70
7246.20000 2163.92
7246.30000 1408.74
7246.40000 946.67
7246.50000 2008.08
7246.60000 2320.10
7246.70000 2321.88
7246.80000 2402.17
7246.90000 2447.59
7247.00000 2449.89
7247.10000 2440.52
7247.20000 2439.80
7247.30000 2435.72
7247.40000 2346.85
7247.50000 2296.56
7247.60000 2376.38
7247.70000 2166.54
7247.80000 1832.55
7247.90000 1447.92
7248.00000 1832.57
7248.10000 2201.22
7248.20000 2391.34
7248.30000 2451.44
7248.40000 2429.88
7248.50000 2464.78
7248.60000 2427.21
7248.70000 2461.70
7248.80000 2477.55
7248.90000 2463.16
7249.00000 2453.49
7249.10000 2471.92
7249.20000 2459.68
7249.30000 2444.34
7249.40000 2391.30
7249.50000 2197.02
7249.60000 1682.37
7249.70000 1981.60
7249.80000 2359.18
7249.90000 2418.19
7250.00000 2381.88
7250.10000 2317.46
7250.20000 2434.01
7250.30000 2445.09
7250.40000 2478.88
7250.50000 2457.77
7250.60000 2443.95
7250.70000 2397.97
7250.80000 2105.64
7250.90000 1397.45
7251.00000 1924.91
7251.10000 2344.88
7251.20000 2454.22
7251.30000 2452.59
7251.40000 2268.26
7251.50000 2318.89
7251.60000 2445.60
7251.70000 2464.26
7251.80000 2476.77
7251.90000 2470.85
7252.00000 2461.73
7252.10000 2486.14
7252.20000 2466.44
7252.30000 2436.06
7252.40000 2467.12
7252.50000 2458.35
7252.60000 2411.17
7252.70000 2264.32
7252.80000 2072.79
7252.90000 1889.59
7253.00000 917.62
7253.10000 429.73
7253.20000 1497.03
7253.30000 2090.51
7253.40000 2116.78
7253.50000 1645.56
7253.60000 1624.40
7253.70000 2122.89
7253.80000 1832.90
7253.90000 891.34
7254.00000 1474.28
7254.10000 2021.42
7254.20000 2076.49
7254.30000 1763.87
7254.40000 648.25
7254.50000 1401.48
7254.60000 2189.45
7254.70000 2360.86
7254.80000 2430.61
7254.90000 2418.74
7255.00000 2425.47
7255.10000 2463.83
7255.20000 2477.10
7255.30000 2459.58
7255.40000 2433.27
7255.50000 2471.14
7255.60000 2478.34
7255.70000 2483.35
7255.80000 2498.56
7255.90000 2470.81
7256.00000 2485.00
7256.10000 2446.24
7256.20000 2487.96
7256.30000 2476.68
7256.40000 2482.99
7256.50000 2466.24
7256.60000 2435.90
7256.70000 2397.53
7256.80000 2478.27
7256.90000 2484.91
7257.00000 2508.74
7257.10000 2496.00
7257.20000 2461.75
7257.30000 2487.53
7257.40000 2489.75
7257.50000 2484.53
7257.60000 2423.41
7257.70000 2188.84
7257.80000 1987.91
7257.90000 2249.06
7258.00000 1809.58
7258.10000 1561.04
7258.20000 2268.18
7258.30000 2384.55
7258.40000 2338.78
7258.50000 2055.80
7258.60000 1244.22
7258.70000 1501.93
7258.80000 2253.71
7258.90000 2403.21
7259.00000 2425.54
7259.10000 2423.02
7259.20000 2404.02
7259.30000 2173.93
7259.40000 2196.89
7259.50000 2415.30
7259.60000 2450.49
7259.70000 2451.64
7259.80000 2364.28
7259.90000 2423.55
7260.00000 2432.36
7260.10000 2457.80
7260.20000 2378.25
7260.30000 2364.11
7260.40000 2455.43
7260.50000 2458.09
7260.60000 2453.79
7260.70000 2307.59
7260.80000 2234.76
7260.90000 2251.87
7261.00000 2261.09
7261.10000 2410.46
7261.20000 2419.93
7261.30000 2241.69
7261.40000 1622.35
7261.50000 1928.29
7261.60000 2335.24
7261.70000 2428.49
7261.80000 2453.38
7261.90000 2436.01
7262.00000 2349.43
7262.10000 1900.67
7262.20000 2099.51
7262.30000 2392.35
7262.40000 2370.07
7262.50000 2366.08
7262.60000 2268.04
7262.70000 1630.92
7262.80000 2007.63
7262.90000 2392.23
7263.00000 2439.91
7263.10000 2450.63
7263.20000 2424.60
7263.30000 2449.87
7263.40000 2441.85
7263.50000 2366.90
7263.60000 1935.59
7263.70000 1670.30
7263.80000 2255.95
7263.90000 2389.38
7264.00000 2289.39
7264.10000 2172.17
7264.20000 2368.88
7264.30000 2442.84
7264.40000 2438.54
7264.50000 2427.31
7264.60000 2407.05
7264.70000 2390.88
7264.80000 2409.47
7264.90000 2340.49
7265.00000 2031.43
7265.10000 1562.01
7265.20000 1316.12
7265.30000 789.03
7265.40000 1670.79
7265.50000 2222.17
7265.60000 2351.37
7265.70000 2324.00
7265.80000 2198.91
7265.90000 2255.98
7266.00000 2210.56
7266.10000 1862.87
7266.20000 864.50
7266.30000 243.96
7266.40000 1171.48
7266.50000 1959.53
7266.60000 2200.79
7266.70000 2299.85
7266.80000 2377.30
7266.90000 2411.61
7267.00000 2426.75
7267.10000 2434.15
7267.20000 2439.44
7267.30000 2471.77
7267.40000 2468.19
7267.50000 2459.02
7267.60000 2458.76
7267.70000 2454.13
7267.80000 2468.63
7267.90000 2464.14
7268.00000 2476.67
7268.10000 2457.35
7268.20000 2470.49
7268.30000 2472.12
7268.40000 2469.01
7268.50000 2457.80
7268.60000 2433.16
7268.70000 2393.97
7268.80000 2391.67
7268.90000 2344.43
7269.00000 2412.48
7269.10000 2437.31
7269.20000 2306.79
7269.30000 2340.38
7269.40000 2438.13
7269.50000 2458.03
7269.60000 2473.36
7269.70000 2454.19
7269.80000 2493.62
7269.90000 2472.65
7270.00000 2464.60
7270.10000 2410.62
7270.20000 2398.32
7270.30000 2249.49
7270.40000 1715.12
7270.50000 1737.85
7270.60000 2132.10
7270.70000 2250.61
7270.80000 1828.60
7270.90000 2008.40
7271.00000 2181.79
7271.10000 2407.57
7271.20000 2416.68
7271.30000 2424.54
7271.40000 2438.10
7271.50000 2391.17
7271.60000 2434.51
7271.70000 2454.35
7271.80000 2390.48
7271.90000 2443.62
7272.00000 2466.47
7272.10000 2451.99
7272.20000 2430.97
7272.30000 2433.88
7272.40000 2432.43
7272.50000 2429.38
7272.60000 2424.56
7272.70000 2421.85
7272.80000 2404.43
7272.90000 2400.32
7273.00000 2396.13
7273.10000 2407.56
7273.20000 2343.09
7273.30000 2294.51
7273.40000 2162.96
7273.50000 1683.11
7273.60000 584.91
7273.70000 296.75
7273.80000 1227.14
7273.90000 2018.88
7274.00000 2257.79
7274.10000 2353.16
7274.20000 2353.59
7274.30000 2382.35
7274.40000 2354.72
7274.50000 2300.14
7274.60000 2355.57
7274.70000 2404.16
7274.80000 2415.94
7274.90000 2354.86
7275.00000 2367.18
7275.10000 2405.94
7275.20000 2394.60
7275.30000 2371.81
7275.40000 2373.60
7275.50000 2392.15
7275.60000 2374.92
7275.70000 2379.58
7275.80000 2331.23
7275.90000 2188.16
7276.00000 1610.37
7276.10000 655.45
7276.20000 1492.94
7276.30000 2134.96
7276.40000 2208.44
7276.50000 2003.03
7276.60000 2171.72
7276.70000 2335.52
7276.80000 2330.19
7276.90000 2147.09
7277.00000 1619.47
7277.10000 1989.33
7277.20000 1709.32
7277.30000 1802.90
7277.40000 2081.49
7277.50000 1608.68
7277.60000 1703.16
7277.70000 2103.52
7277.80000 1753.53
7277.90000 1588.00
7278.00000 975.45
7278.10000 391.42
7278.20000 1407.49
7278.30000 2049.46
7278.40000 2241.41
7278.50000 2288.86
7278.60000 2221.33
7278.70000 1729.67
7278.80000 1363.13
7278.90000 2102.84
7279.00000 2270.66
7279.10000 2352.25
7279.20000 2377.51
7279.30000 2378.93
7279.40000 2173.70
7279.50000 1986.45
7279.60000 2303.58
7279.70000 2396.04
7279.80000 2425.78
7279.90000 2426.21
7280.00000 2432.74
7280.10000 2440.62
7280.20000 2403.02
7280.30000 2176.74
7280.40000 1901.55
7280.50000 2295.51
7280.60000 2425.71
7280.70000 2434.05
7280.80000 2440.50
7280.90000 2433.12
7281.00000 2413.45
7281.10000 2392.84
7281.20000 2385.15
7281.30000 2110.31
7281.40000 2055.94
7281.50000 2306.88
7281.60000 2212.98
7281.70000 2147.29
7281.80000 2371.85
7281.90000 2403.92
7282.00000 2418.84
7282.10000 2400.01
7282.20000 2302.60
7282.30000 2360.33
7282.40000 2408.17
7282.50000 2423.17
7282.60000 2417.42
7282.70000 2428.32
7282.80000 2346.10
7282.90000 1922.33
7283.00000 1515.20
7283.10000 2189.58
7283.20000 2369.98
7283.30000 2396.30
7283.40000 2419.43
7283.50000 2427.06
7283.60000 2437.25
7283.70000 2412.72
7283.80000 2340.84
7283.90000 2091.18
7284.00000 2274.36
7284.10000 2370.70
7284.20000 2439.75
7284.30000 2443.00
7284.40000 2473.98
7284.50000 2456.79
7284.60000 2481.02
7284.70000 2473.13
7284.80000 2478.40
7284.90000 2442.71
7285.00000 2459.72
7285.10000 2455.41
7285.20000 2491.56
7285.30000 2449.22
7285.40000 2422.99
7285.50000 2460.28
7285.60000 2449.89
7285.70000 2458.27
7285.80000 2450.81
7285.90000 2463.47
7286.00000 2386.54
7286.10000 2374.97
7286.20000 2448.35
7286.30000 2465.58
7286.40000 2432.82
7286.50000 2460.67
7286.60000 2464.22
7286.70000 2454.80
7286.80000 2476.17
7286.90000 2453.64
7287.00000 2467.27
7287.10000 2442.08
7287.20000 2445.94
7287.30000 2471.32
7287.40000 2472.47
7287.50000 2452.35
7287.60000 2415.80
7287.70000 2382.40
7287.80000 2328.32
7287.90000 2160.16
7288.00000 1315.96
7288.10000 731.38
7288.20000 1795.89
7288.30000 2264.19
7288.40000 2352.04
7288.50000 2286.91
7288.60000 2235.42
7288.70000 2067.21
7288.80000 1215.27
7288.90000 1711.17
7289.00000 2258.55
7289.10000 2388.98
7289.20000 2410.56
7289.30000 2417.56
7289.40000 2437.69
7289.50000 2472.11
7289.60000 2439.59
7289.70000 2442.42
7289.80000 2456.65
7289.90000 2454.31
7290.00000 2437.69
7290.10000 2426.57
7290.20000 2411.90
7290.30000 2409.96
7290.40000 2317.64
7290.50000 2016.29
7290.60000 2218.49
7290.70000 2311.93
7290.80000 2253.49
7290.90000 2021.18
7291.00000 1192.36
7291.10000 272.54
7291.20000 853.70
7291.30000 1915.07
7291.40000 2225.07
7291.50000 2302.92
7291.60000 2304.22
7291.70000 2005.06
7291.80000 1525.87
7291.90000 2123.89
7292.00000 2254.49
7292.10000 2051.41
7292.20000 2315.82
7292.30000 2426.08
7292.40000 2426.16
7292.50000 2384.99
7292.60000 2360.95
7292.70000 2307.14
7292.80000 1808.05
7292.90000 1544.93
7293.00000 2251.86
7293.10000 2381.63
7293.20000 2405.30
7293.30000 2087.61
7293.40000 1521.07
7293.50000 2256.50
7293.60000 2402.23
7293.70000 2420.34
7293.80000 2425.13
7293.90000 2359.99
7294.00000 2043.90
7294.10000 1838.76
7294.20000 2305.65
7294.30000 2385.08
7294.40000 2447.93
7294.50000 2445.44
7294.60000 2372.93
7294.70000 2449.41
7294.80000 2389.50
7294.90000 2333.74
7295.00000 2140.03
7295.10000 2091.96
7295.20000 2397.77
7295.30000 2417.68
7295.40000 2396.47
7295.50000 2133.66
7295.60000 1968.80
7295.70000 1439.56
7295.80000 1712.01
7295.90000 2306.33
7296.00000 2412.85
7296.10000 2410.28
7296.20000 2327.83
7296.30000 1973.02
7296.40000 2279.18
7296.50000 2431.46
7296.60000 2531.81
7296.70000 2443.57
7296.80000 2462.26
7296.90000 2215.39
7297.00000 2135.46
7297.10000 2427.71
7297.20000 2434.43
7297.30000 2458.19
7297.40000 2464.41
7297.50000 2460.57
7297.60000 2443.13
7297.70000 2384.76
7297.80000 2379.59
7297.90000 2445.80
7298.00000 2465.92
7298.10000 2451.54
7298.20000 2477.41
7298.30000 2475.91
7298.40000 2447.93
7298.50000 2443.77
7298.60000 2455.45
7298.70000 2442.75
7298.80000 2239.96
7298.90000 2164.30
7299.00000 2410.71
7299.10000 2456.81
7299.20000 2453.07
7299.30000 2482.43
7299.40000 2493.78
7299.50000 2465.25
7299.60000 2474.85
7299.70000 2462.37
7299.80000 2443.78
7299.90000 2458.61
7300.00000 2423.93
7300.10000 2387.81
7300.20000 2181.33
7300.30000 1794.61
7300.40000 1898.20
7300.50000 1921.71
7300.60000 1381.36
7300.70000 1920.91
7300.80000 2357.18
7300.90000 2432.07
7301.00000 2437.63
7301.10000 2435.83
7301.20000 2411.32
7301.30000 2360.21
7301.40000 2312.11
7301.50000 2322.08
7301.60000 2211.02
7301.70000 2396.22
7301.80000 2439.09
7301.90000 2362.47
7302.00000 2360.45
7302.10000 2392.08
7302.20000 2429.62
7302.30000 2445.70
7302.40000 2445.27
7302.50000 2423.35
7302.60000 2411.62
7302.70000 2306.41
7302.80000 1709.39
7302.90000 1978.54
7303.00000 2221.22
7303.10000 2331.59
7303.20000 2276.70
7303.30000 1988.28
7303.40000 2160.91
7303.50000 2220.63
7303.60000 2314.23
7303.70000 2208.67
7303.80000 1632.92
7303.90000 722.26
7304.00000 1699.67
7304.10000 2241.79
7304.20000 2341.11
7304.30000 2354.17
7304.40000 2356.63
7304.50000 2346.32
7304.60000 2307.59
7304.70000 1872.85
7304.80000 955.92
7304.90000 587.96
7305.00000 1719.69
7305.10000 2267.59
7305.20000 2396.46
7305.30000 2431.70
7305.40000 2415.62
7305.50000 2430.71
7305.60000 2353.40
7305.70000 2332.53
7305.80000 2473.77
7305.90000 2491.80
7306.00000 2443.04
7306.10000 2484.54
7306.20000 2452.20
7306.30000 2295.92
7306.40000 2376.10
7306.50000 2433.56
7306.60000 2375.54
7306.70000 2394.02
7306.80000 2431.63
7306.90000 2457.75
7307.00000 2508.25
7307.10000 2502.86
7307.20000 2512.74
7307.30000 2517.00
7307.40000 2526.04
7307.50000 2509.68
7307.60000 2487.08
7307.70000 2470.99
7307.80000 2494.33
7307.90000 2525.91
7308.00000 2484.33
7308.10000 2465.15
7308.20000 2505.72
7308.30000 2481.61
7308.40000 2468.79
7308.50000 2495.35
7308.60000 2500.89
7308.70000 2454.87
7308.80000 2438.63
7308.90000 2479.81
7309.00000 2476.58
7309.10000 2475.26
7309.20000 2443.02
7309.30000 2239.49
7309.40000 1642.06
7309.50000 1571.84
7309.60000 2248.11
7309.70000 2376.01
7309.80000 2398.66
7309.90000 2360.96
7310.00000 2310.92
7310.10000 1927.79
7310.20000 908.93
7310.30000 1409.70
7310.40000 2161.52
7310.50000 2383.96
7310.60000 2423.97
7310.70000 2410.40
7310.80000 2234.39
7310.90000 1894.83
7311.00000 2226.50
7311.10000 2244.26
7311.20000 2388.02
7311.30000 2306.76
7311.40000 2358.76
7311.50000 2324.58
7311.60000 2028.90
7311.70000 2262.42
7311.80000 2334.30
7311.90000 2247.96
7312.00000 2304.55
7312.10000 2383.26
7312.20000 2274.14
7312.30000 2442.71
7312.40000 2491.52
7312.50000 2484.90
7312.60000 2491.39
7312.70000 2486.69
7312.80000 2491.12
7312.90000 2419.01
7313.00000 2377.55
7313.10000 2422.06
7313.20000 2148.00
7313.30000 1393.02
7313.40000 1993.02
7313.50000 2367.16
7313.60000 2303.59
7313.70000 2272.90
7313.80000 2261.21
7313.90000 2114.32
7314.00000 2384.50
7314.10000 2417.95
7314.20000 2407.09
7314.30000 2463.97
7314.40000 2490.94
7314.50000 2486.87
7314.60000 2466.46
7314.70000 2491.03
7314.80000 2457.02
7314.90000 2437.85
7315.00000 2468.75
7315.10000 2459.88
7315.20000 2257.33
7315.30000 2269.92
7315.40000 2433.94
7315.50000 2461.65
7315.60000 2464.55
7315.70000 2477.46
7315.80000 2477.04
7315.90000 2406.59
7316.00000 2388.13
7316.10000 2158.34
7316.20000 1454.21
7316.30000 1990.18
7316.40000 2347.68
7316.50000 2344.72
7316.60000 2219.83
7316.70000 2411.24
7316.80000 2450.70
7316.90000 2507.07
7317.00000 2502.09
7317.10000 2465.78
7317.20000 2448.40
7317.30000 2460.31
7317.40000 2384.73
7317.50000 2190.08
7317.60000 2088.04
7317.70000 2359.29
7317.80000 2363.70
7317.90000 2002.13
7318.00000 1282.70
7318.10000 2082.89
7318.20000 2391.03
7318.30000 2438.62
7318.40000 2461.97
7318.50000 2449.11
7318.60000 2422.24
7318.70000 2147.62
7318.80000 1834.52
7318.90000 2086.14
7319.00000 2095.72
7319.10000 1845.70
7319.20000 2037.91
7319.30000 1615.94
7319.40000 996.03
7319.50000 1931.83
7319.60000 2361.77
7319.70000 2442.73
7319.80000 2443.55
7319.90000 2449.16
7320.00000 2456.31
7320.10000 2474.35
7320.20000 2439.09
7320.30000 2460.04
7320.40000 2482.73
7320.50000 2468.34
7320.60000 2494.25
7320.70000 2485.09
7320.80000 2467.53
7320.90000 2476.46
7321.00000 2478.22
7321.10000 2479.45
7321.20000 2477.42
7321.30000 2455.90
7321.40000 2424.93
7321.50000 2164.39
7321.60000 1972.52
7321.70000 2341.69
7321.80000 2479.21
7321.90000 2452.72
7322.00000 2500.86
7322.10000 2458.30
7322.20000 2420.23
7322.30000 2447.73
7322.40000 2465.35
7322.50000 2481.20
7322.60000 2484.79
7322.70000 2470.74
7322.80000 2468.67
7322.90000 2468.73
7323.00000 2474.40
7323.10000 2498.15
7323.20000 2493.10
7323.30000 2480.08
7323.40000 2508.44
7323.50000 2493.61
7323.60000 2453.99
7323.70000 2459.09
7323.80000 2447.29
7323.90000 2454.19
7324.00000 2469.22
7324.10000 2496.54
7324.20000 2478.71
7324.30000 2474.09
7324.40000 2459.13
7324.50000 2409.10
7324.60000 2108.97
7324.70000 1782.51
7324.80000 2314.99
7324.90000 2450.89
7325.00000 2463.95
7325.10000 2486.79
7325.20000 2453.67
7325.30000 2369.41
7325.40000 2225.37
7325.50000 2424.46
7325.60000 2455.85
7325.70000 2465.22
7325.80000 2466.09
7325.90000 2449.52
7326.00000 2478.37
7326.10000 2466.04
7326.20000 2477.50
7326.30000 2491.99
7326.40000 2492.06
7326.50000 2475.20
7326.60000 2442.02
7326.70000 2463.31
7326.80000 2480.02
7326.90000 2456.73
7327.00000 2477.71
7327.10000 2450.19
7327.20000 2466.21
7327.30000 2447.29
7327.40000 2368.15
7327.50000 2397.30
7327.60000 2407.91
7327.70000 2272.13
7327.80000 1962.57
7327.90000 2220.52
7328.00000 2011.69
7328.10000 1783.77
7328.20000 2310.06
7328.30000 2418.98
7328.40000 2437.28
7328.50000 2443.08
7328.60000 2438.39
7328.70000 2417.82
7328.80000 2378.60
7328.90000 2341.56
7329.00000 2382.52
7329.10000 2469.17
7329.20000 2445.46
7329.30000 2454.79
7329.40000 2505.62
7329.50000 2472.57
7329.60000 2452.80
7329.70000 2470.58
7329.80000 2446.99
7329.90000 2432.06
7330.00000 2420.74
7330.10000 2459.93
7330.20000 2441.00
7330.30000 2458.94
7330.40000 2461.61
7330.50000 2471.98
7330.60000 2459.00
7330.70000 2439.55
7330.80000 2452.55
7330.90000 2455.49
7331.00000 2428.32
7331.10000 2444.48
7331.20000 2444.64
7331.30000 2416.35
7331.40000 2286.82
7331.50000 1788.19
7331.60000 1848.50
7331.70000 2271.88
7331.80000 2411.30
7331.90000 2463.43
7332.00000 2458.73
7332.10000 2432.84
7332.20000 2473.94
7332.30000 2458.79
7332.40000 2466.35
7332.50000 2408.71
7332.60000 2448.89
7332.70000 2429.36
7332.80000 2446.94
7332.90000 2464.47
7333.00000 2468.35
7333.10000 2453.72
7333.20000 2420.67
7333.30000 2429.85
7333.40000 2393.13
7333.50000 2346.81
7333.60000 2100.49
7333.70000 2122.65
7333.80000 2044.94
7333.90000 2379.30
7334.00000 2426.63
7334.10000 2416.20
7334.20000 2365.15
7334.30000 2035.86
7334.40000 1358.40
7334.50000 2153.56
7334.60000 2395.81
7334.70000 2404.08
7334.80000 2425.48
7334.90000 2431.68
7335.00000 2427.42
7335.10000 2431.65
7335.20000 2436.18
7335.30000 2434.25
7335.40000 2418.11
7335.50000 2408.04
7335.60000 2420.74
7335.70000 2434.45
7335.80000 2417.52
7335.90000 2282.33
7336.00000 1778.04
7336.10000 1906.45
7336.20000 2357.72
7336.30000 2406.99
7336.40000 2334.78
7336.50000 2403.00
7336.60000 2446.77
7336.70000 2456.41
7336.80000 2465.99
7336.90000 2459.42
7337.00000 2477.00
7337.10000 2448.55
7337.20000 2448.00
7337.30000 2452.90
7337.40000 2456.45
7337.50000 2466.16
7337.60000 2435.49
7337.70000 2427.96
7337.80000 2415.38
7337.90000 2439.37
7338.00000 2449.52
7338.10000 2459.02
7338.20000 2450.92
7338.30000 2443.71
7338.40000 2461.92
7338.50000 2472.04
7338.60000 2470.59
7338.70000 2463.31
7338.80000 2470.44
7338.90000 2473.32
7339.00000 2459.26
7339.10000 2462.07
7339.20000 2470.29
7339.30000 2450.40
7339.40000 2452.97
7339.50000 2474.93
7339.60000 2463.28
7339.70000 2450.68
7339.80000 2464.04
7339.90000 2445.73
7340.00000 2405.21
7340.10000 2396.72
7340.20000 2433.08
7340.30000 2458.33
7340.40000 2457.82
7340.50000 2451.42
7340.60000 2445.25
7340.70000 2418.54
7340.80000 2397.70
7340.90000 2326.10
7341.00000 2373.07
7341.10000 2442.22
7341.20000 2461.65
7341.30000 2466.46
7341.40000 2452.83
7341.50000 2486.73
7341.60000 2460.47
7341.70000 2491.97
7341.80000 2441.48
7341.90000 2445.94
7342.00000 2332.63
7342.10000 2306.67
7342.20000 2419.29
7342.30000 2421.90
7342.40000 2447.00
7342.50000 2426.64
7342.60000 2435.03
7342.70000 2430.57
7342.80000 2454.17
7342.90000 2468.96
7343.00000 2452.05
7343.10000 2460.06
7343.20000 2466.94
7343.30000 2457.07
7343.40000 2455.31
7343.50000 2462.29
7343.60000 2450.79
7343.70000 2459.05
7343.80000 2461.83
7343.90000 2458.74
7344.00000 2445.46
7344.10000 2457.07
7344.20000 2453.84
7344.30000 2442.13
7344.40000 2400.60
7344.50000 2357.62
7344.60000 2005.90
7344.70000 1950.45
7344.80000 2332.30
7344.90000 2302.68
7345.00000 2347.33
7345.10000 2419.77
7345.20000 2447.06
7345.30000 2420.70
7345.40000 2209.17
7345.50000 1880.63
7345.60000 2317.22
7345.70000 2424.08
7345.80000 2411.50
7345.90000 2421.41
7346.00000 2464.11
7346.10000 2457.81
7346.20000 2448.93
7346.30000 2435.98
7346.40000 2445.79
7346.50000 2445.03
7346.60000 2464.69
7346.70000 2435.68
7346.80000 2445.61
7346.90000 2437.58
7347.00000 2441.37
7347.10000 2451.31
7347.20000 2437.83
7347.30000 2446.26
7347.40000 2467.31
7347.50000 2456.05
7347.60000 2458.78
7347.70000 2418.21
7347.80000 2446.90
7347.90000 2445.65
7348.00000 2325.71
7348.10000 2372.46
7348.20000 2453.08
7348.30000 2436.03
7348.40000 2437.72
7348.50000 2454.15
7348.60000 2404.42
7348.70000 2208.73
7348.80000 2237.29
7348.90000 2315.29
7349.00000 2392.64
7349.10000 2459.94
7349.20000 2462.10
7349.30000 2459.33
7349.40000 2449.39
7349.50000 2463.42
7349.60000 2463.30
7349.70000 2480.10
7349.80000 2403.36
7349.90000 2076.02
7350.00000 2095.15
7350.10000 2199.10
7350.20000 1802.50
7350.30000 2247.68
7350.40000 2432.37
7350.50000 2423.39
7350.60000 2394.49
7350.70000 2286.98
7350.80000 2055.16
7350.90000 2329.43
7351.00000 2401.88
7351.10000 2420.54
7351.20000 2450.11
7351.30000 2471.48
7351.40000 2477.89
7351.50000 2471.26
7351.60000 2491.65
7351.70000 2454.34
7351.80000 2492.21
7351.90000 2493.33
7352.00000 2484.63
7352.10000 2467.49
7352.20000 2483.16
7352.30000 2481.80
7352.40000 2457.47
7352.50000 2481.49
7352.60000 2501.96
7352.70000 2496.22
7352.80000 2471.91
7352.90000 2486.69
7353.00000 2503.49
7353.10000 2499.59
7353.20000 2485.21
7353.30000 2478.21
7353.40000 2468.09
7353.50000 2408.16
7353.60000 2463.66
7353.70000 2433.16
7353.80000 2418.56
7353.90000 2351.79
7354.00000 2397.18
7354.10000 2408.31
7354.20000 2459.47
7354.30000 2471.65
7354.40000 2471.88
7354.50000 2453.97
7354.60000 2292.73
7354.70000 2393.81
7354.80000 2462.91
7354.90000 2496.90
7355.00000 2472.07
7355.10000 2456.01
7355.20000 2432.50
7355.30000 2296.83
7355.40000 2349.53
7355.50000 2484.57
7355.60000 2464.59
7355.70000 2481.96
7355.80000 2491.92
7355.90000 2487.90
7356.00000 2460.13
7356.10000 2456.96
7356.20000 2492.34
7356.30000 2498.71
7356.40000 2491.90
7356.50000 2485.98
7356.60000 2507.78
7356.70000 2468.98
7356.80000 2466.01
7356.90000 2330.75
7357.00000 2205.82
7357.10000 2360.52
7357.20000 2427.44
7357.30000 2453.21
7357.40000 2474.44
7357.50000 2446.54
7357.60000 2420.30
7357.70000 2305.59
7357.80000 2004.64
7357.90000 2278.77
7358.00000 2446.37
7358.10000 2453.73
7358.20000 2448.75
7358.30000 2451.04
7358.40000 2457.24
7358.50000 2431.98
7358.60000 2430.50
7358.70000 2460.84
7358.80000 2470.88
7358.90000 2468.42
7359.00000 2480.59
7359.10000 2476.65
7359.20000 2495.54
7359.30000 2483.44
7359.40000 2443.71
7359.50000 2330.29
7359.60000 2268.39
7359.70000 2400.47
7359.80000 2453.94
7359.90000 2492.56
7360.00000 2459.57
7360.10000 2502.06
7360.20000 2456.94
7360.30000 2467.46
7360.40000 2501.07
7360.50000 2499.16
7360.60000 2478.55
7360.70000 2465.43
7360.80000 2444.88
7360.90000 2385.16
7361.00000 2014.35
7361.10000 1920.37
7361.20000 2351.24
7361.30000 2438.05
7361.40000 2470.50
7361.50000 2434.43
7361.60000 2435.26
7361.70000 2195.95
7361.80000 2272.54
7361.90000 2422.91
7362.00000 2444.95
7362.10000 2435.20
7362.20000 2336.09
7362.30000 2331.50
7362.40000 2391.38
7362.50000 2376.78
7362.60000 2437.47
7362.70000 2345.71
7362.80000 2425.53
7362.90000 2459.54
7363.00000 2463.19
7363.10000 2435.26
7363.20000 2423.18
7363.30000 2398.91
7363.40000 2470.21
7363.50000 2458.41
7363.60000 2463.54
7363.70000 2473.40
7363.80000 2448.28
7363.90000 2470.24
7364.00000 2487.63
7364.10000 2456.76
7364.20000 2423.37
7364.30000 2362.54
7364.40000 1912.10
7364.50000 1941.89
7364.60000 2345.95
7364.70000 2439.58
7364.80000 2451.29
7364.90000 2454.14
7365.00000 2458.86
7365.10000 2469.53
7365.20000 2457.81
7365.30000 2468.91
7365.40000 2454.35
7365.50000 2467.72
7365.60000 2463.67
7365.70000 2453.17
7365.80000 2454.11
7365.90000 2413.87
7366.00000 2269.68
7366.10000 2394.19
7366.20000 2392.71
7366.30000 2321.83
7366.40000 2207.76
7366.50000 2265.41
7366.60000 2410.11
7366.70000 2408.15
7366.80000 2375.74
7366.90000 2452.48
7367.00000 2469.34
7367.10000 2445.88
7367.20000 2465.83
7367.30000 2408.06
7367.40000 2455.32
7367.50000 2436.93
7367.60000 2375.96
7367.70000 2364.33
7367.80000 2355.42
7367.90000 2377.65
7368.00000 2389.22
7368.10000 2480.62
7368.20000 2466.06
7368.30000 2462.39
7368.40000 2482.04
7368.50000 2489.38
7368.60000 2464.13
7368.70000 2487.58
7368.80000 2468.43
7368.90000 2471.38
7369.00000 2426.48
7369.10000 2190.83
7369.20000 1990.71
7369.30000 2382.00
7369.40000 2459.13
7369.50000 2454.79
7369.60000 2459.67
7369.70000 2421.60
7369.80000 2252.45
7369.90000 1767.25
7370.00000 2130.36
7370.10000 2382.23
7370.20000 2417.43
7370.30000 2387.04
7370.40000 2425.06
7370.50000 2468.93
7370.60000 2426.66
7370.70000 2390.83
7370.80000 2411.15
7370.90000 2424.22
7371.00000 2469.90
7371.10000 2482.62
7371.20000 2476.94
7371.30000 2454.47
7371.40000 2475.92
7371.50000 2398.77
7371.60000 2455.45
7371.70000 2453.30
7371.80000 2464.48
7371.90000 2455.75
7372.00000 2443.89
7372.10000 2355.39
7372.20000 2112.45
7372.30000 2355.80
7372.40000 2446.34
7372.50000 2486.86
7372.60000 2467.20
7372.70000 2461.43
7372.80000 2483.40
7372.90000 2479.03
7373.00000 2483.04
7373.10000 2456.11
7373.20000 2478.50
7373.30000 2491.39
7373.40000 2495.88
7373.50000 2497.33
7373.60000 2511.67
7373.70000 2487.36
7373.80000 2482.59
7373.90000 2482.05
7374.00000 2437.44
7374.10000 2462.62
7374.20000 2469.02
7374.30000 2336.00
7374.40000 2381.50
7374.50000 2472.73
7374.60000 2467.28
7374.70000 2488.58
7374.80000 2484.39
7374.90000 2489.60
7375.00000 2493.02
7375.10000 2498.03
7375.20000 2488.22
7375.30000 2475.18
7375.40000 2482.49
7375.50000 2521.55
7375.60000 2498.42
7375.70000 2494.41
7375.80000 2501.10
7375.90000 2496.35
7376.00000 2488.79
7376.10000 2519.87
7376.20000 2501.45
7376.30000 2509.28
7376.40000 2475.69
7376.50000 2474.72
7376.60000 2481.91
7376.70000 2510.16
7376.80000 2505.14
7376.90000 2451.39
7377.00000 2377.50
7377.10000 2460.83
7377.20000 2449.07
7377.30000 2460.06
7377.40000 2493.90
7377.50000 2483.71
7377.60000 2487.27
7377.70000 2486.70
7377.80000 2471.82
7377.90000 2487.37
7378.00000 2511.16
7378.10000 2496.06
7378.20000 2507.55
7378.30000 2473.85
7378.40000 2466.40
7378.50000 2385.12
7378.60000 2263.81
7378.70000 2415.22
7378.80000 2471.19
7378.90000 2439.12
7379.00000 2251.19
7379.10000 2313.97
7379.20000 2464.59
7379.30000 2491.42
7379.40000 2478.65
7379.50000 2493.63
7379.60000 2486.21
7379.70000 2465.69
7379.80000 2487.05
7379.90000 2489.23
7380.00000 2500.04
7380.10000 2483.92
7380.20000 2496.42
7380.30000 2500.91
7380.40000 2494.26
7380.50000 2493.53
7380.60000 2496.03
7380.70000 2488.58
7380.80000 2498.37
7380.90000 2504.22
7381.00000 2488.01
7381.10000 2474.34
7381.20000 2439.77
7381.30000 2504.33
7381.40000 2506.26
7381.50000 2491.80
7381.60000 2497.70
7381.70000 2505.21
7381.80000 2513.12
7381.90000 2462.73
7382.00000 2477.13
7382.10000 2494.19
7382.20000 2379.77
7382.30000 2436.44
7382.40000 2491.94
7382.50000 2481.00
7382.60000 2468.21
7382.70000 2428.91
7382.80000 2478.75
7382.90000 2456.35
7383.00000 2349.87
7383.10000 2293.94
7383.20000 2420.78
7383.30000 2409.95
7383.40000 2428.45
7383.50000 2449.49
7383.60000 2495.88
7383.70000 2478.80
7383.80000 2444.99
7383.90000 2500.91
7384.00000 2433.18
7384.10000 2409.55
7384.20000 2482.28
7384.30000 2376.39
7384.40000 1924.84
7384.50000 2167.99
7384.60000 2447.76
7384.70000 2463.99
7384.80000 2495.43
7384.90000 2497.73
7385.00000 2494.09
7385.10000 2480.90
7385.20000 2518.80
7385.30000 2512.46
7385.40000 2509.85
7385.50000 2471.07
7385.60000 2488.28
7385.70000 2518.93
7385.80000 2504.97
7385.90000 2525.31
7386.00000 2516.66
7386.10000 2522.78
7386.20000 2498.66
7386.30000 2508.98
7386.40000 2502.65
7386.50000 2489.02
7386.60000 2487.08
7386.70000 2487.97
7386.80000 2503.15
7386.90000 2521.61
7387.00000 2518.70
7387.10000 2499.31
7387.20000 2491.96
7387.30000 2532.17
7387.40000 2497.35
7387.50000 2498.09
7387.60000 2527.96
7387.70000 2492.77
7387.80000 2466.96
7387.90000 2486.23
7388.00000 2506.44
7388.10000 2499.10
7388.20000 2516.02
7388.30000 2505.65
7388.40000 2515.01
7388.50000 2507.18
7388.60000 2499.54
7388.70000 2514.29
7388.80000 2519.79
7388.90000 2518.46
7389.00000 2517.74
7389.10000 2499.04
7389.20000 2442.95
7389.30000 2452.07
7389.40000 2502.30
7389.50000 2509.10
7389.60000 2508.72
7389.70000 2507.84
7389.80000 2506.86
7389.90000 2491.42
7390.00000 2484.29
7390.10000 2475.93
7390.20000 2460.96
7390.30000 2488.78
7390.40000 2508.91
7390.50000 2519.89
7390.60000 2513.19
7390.70000 2508.37
7390.80000 2456.55
7390.90000 2198.34
7391.00000 2278.79
7391.10000 2499.75
7391.20000 2502.94
7391.30000 2515.57
7391.40000 2519.00
7391.50000 2509.10
7391.60000 2496.43
7391.70000 2505.04
7391.80000 2469.26
7391.90000 2255.71
7392.00000 2077.09
7392.10000 2432.27
7392.20000 2497.24
7392.30000 2470.77
7392.40000 2340.34
7392.50000 2407.91
7392.60000 2479.05
7392.70000 2512.59
7392.80000 2542.40
7392.90000 2527.94
7393.00000 2543.35
7393.10000 2504.68
7393.20000 2472.87
7393.30000 2513.95
7393.40000 2484.69
7393.50000 2541.11
7393.60000 2502.10
7393.70000 2499.69
7393.80000 2493.34
7393.90000 2496.21
7394.00000 2509.40
7394.10000 2497.47
7394.20000 2496.40
7394.30000 2487.96
7394.40000 2475.72
7394.50000 2501.65
7394.60000 2532.83
7394.70000 2521.33
7394.80000 2507.06
7394.90000 2523.67
7395.00000 2510.06
7395.10000 2508.33
7395.20000 2506.74
7395.30000 2507.21
7395.40000 2526.69
7395.50000 2500.70
7395.60000 2503.76
7395.70000 2511.12
7395.80000 2514.00
7395.90000 2490.43
7396.00000 2500.81
7396.10000 2518.21
7396.20000 2491.88
7396.30000 2478.40
7396.40000 2505.12
7396.50000 2494.58
7396.60000 2473.38
7396.70000 2195.64
7396.80000 2190.36
7396.90000 2432.99
7397.00000 2439.92
7397.10000 2476.17
7397.20000 2495.38
7397.30000 2516.63
7397.40000 2375.13
7397.50000 2373.57
7397.60000 2457.93
7397.70000 2442.48
7397.80000 2284.47
7397.90000 2380.95
7398.00000 2466.63
7398.10000 2488.95
7398.20000 2477.53
7398.30000 2483.18
7398.40000 2497.76
7398.50000 2481.81
7398.60000 2468.52
7398.70000 2519.87
7398.80000 2457.31
7398.90000 2475.93
7399.00000 2494.19
7399.10000 2503.26
7399.20000 2508.12
7399.30000 2495.33
7399.40000 2501.03
7399.50000 2488.75
7399.60000 2499.91
7399.70000 2510.25
7399.80000 2496.28
7399.90000 2469.13
7400.00000 2432.59
7400.10000 2459.04
7400.20000 2498.45
7400.30000 2505.24
7400.40000 2518.79
7400.50000 2516.61
7400.60000 2528.35
7400.70000 2516.09
7400.80000 2503.94
7400.90000 2501.93
7401.00000 2505.37
7401.10000 2499.99
7401.20000 2519.60
7401.30000 2510.34
7401.40000 2509.67
7401.50000 2487.60
7401.60000 2502.85
7401.70000 2506.16
7401.80000 2505.46
7401.90000 2497.78
7402.00000 2485.24
7402.10000 2473.19
7402.20000 2489.90
7402.30000 2507.99
7402.40000 2523.67
7402.50000 2505.85
7402.60000 2512.30
7402.70000 2512.20
7402.80000 2527.83
7402.90000 2493.48
7403.00000 2496.37
7403.10000 2497.38
7403.20000 2506.78
7403.30000 2503.35
7403.40000 2511.63
7403.50000 2501.64
7403.60000 2502.87
7403.70000 2491.17
7403.80000 2503.55
7403.90000 2507.58
7404.00000 2519.70
7404.10000 2481.01
7404.20000 2511.24
7404.30000 2500.03
7404.40000 2481.60
7404.50000 2475.86
7404.60000 2428.39
7404.70000 2495.66
7404.80000 2495.84
7404.90000 2482.14
7405.00000 2498.12
7405.10000 2492.66
7405.20000 2492.18
7405.30000 2515.36
7405.40000 2493.43
7405.50000 2494.79
7405.60000 2528.22
7405.70000 2523.46
7405.80000 2500.74
7405.90000 2502.62
7406.00000 2502.29
7406.10000 2524.57
7406.20000 2499.05
7406.30000 2490.85
7406.40000 2494.96
7406.50000 2507.09
7406.60000 2516.77
7406.70000 2491.82
7406.80000 2509.88
7406.90000 2481.07
7407.00000 2393.03
7407.10000 2489.81
7407.20000 2516.45
7407.30000 2511.28
7407.40000 2529.36
7407.50000 2514.48
7407.60000 2533.21
7407.70000 2525.32
7407.80000 2507.90
7407.90000 2516.94
7408.00000 2471.25
7408.10000 2477.11
7408.20000 2487.72
7408.30000 2501.67
7408.40000 2519.63
7408.50000 2524.02
7408.60000 2513.70
7408.70000 2491.23
7408.80000 2437.57
7408.90000 2448.16
7409.00000 2497.51
7409.10000 2518.10
7409.20000 2520.09
7409.30000 2514.69
7409.40000 2514.56
7409.50000 2524.69
7409.60000 2516.13
7409.70000 2494.02
7409.80000 2493.32
7409.90000 2523.55
7410.00000 2525.24
7410.10000 2544.73
7410.20000 2512.05
7410.30000 2513.73
7410.40000 2512.27
7410.50000 2534.69
7410.60000 2490.00
7410.70000 2517.66
7410.80000 2509.42
7410.90000 2487.69
7411.00000 2425.80
7411.10000 2469.94
7411.20000 2532.99
7411.30000 2487.54
7411.40000 2297.24
7411.50000 2345.43
7411.60000 2487.52
7411.70000 2514.85
7411.80000 2527.95
7411.90000 2485.60
7412.00000 2494.03
7412.10000 2526.51
7412.20000 2540.80
7412.30000 2535.62
7412.40000 2528.81
7412.50000 2548.66
7412.60000 2542.14
7412.70000 2541.70
7412.80000 2548.65
7412.90000 2543.67
7413.00000 2535.51
7413.10000 2533.33
7413.20000 2532.06
7413.30000 2532.63
7413.40000 2533.74
7413.50000 2533.88
7413.60000 2557.80
7413.70000 2530.16
7413.80000 2534.84
7413.90000 2534.79
7414.00000 2527.04
7414.10000 2532.59
7414.20000 2522.64
7414.30000 2520.83
7414.40000 2520.22
7414.50000 2530.27
7414.60000 2531.19
7414.70000 2535.97
7414.80000 2525.99
7414.90000 2518.99
7415.00000 2515.45
7415.10000 2508.32
7415.20000 2495.94
7415.30000 2432.81
7415.40000 2480.42
7415.50000 2501.36
7415.60000 2514.12
7415.70000 2540.13
7415.80000 2495.40
7415.90000 2503.04
7416.00000 2524.80
7416.10000 2489.49
7416.20000 2444.28
7416.30000 2508.58
7416.40000 2508.65
7416.50000 2536.19
7416.60000 2502.85
7416.70000 2528.81
7416.80000 2522.89
7416.90000 2497.53
7417.00000 2454.18
7417.10000 2451.25
7417.20000 2527.26
7417.30000 2515.71
7417.40000 2518.71
7417.50000 2528.62
7417.60000 2519.99
7417.70000 2515.36
7417.80000 2517.51
7417.90000 2516.02
7418.00000 2537.41
7418.10000 2527.74
7418.20000 2533.59
7418.30000 2532.25
7418.40000 2528.74
7418.50000 2520.99
7418.60000 2512.80
7418.70000 2507.78
7418.80000 2529.90
7418.90000 2528.79
7419.00000 2525.89
7419.10000 2521.83
7419.20000 2524.19
7419.30000 2518.78
7419.40000 2528.98
7419.50000 2514.39
7419.60000 2524.15
7419.70000 2499.32
7419.80000 2520.55
7419.90000 2524.72
7420.00000 2549.79
7420.10000 2513.89
7420.20000 2516.92
7420.30000 2537.05
7420.40000 2517.80
7420.50000 2504.94
7420.60000 2510.86
7420.70000 2562.69
7420.80000 2545.33
7420.90000 2544.25
7421.00000 2525.64
7421.10000 2524.75
7421.20000 2508.78
7421.30000 2528.85
7421.40000 2537.04
7421.50000 2523.58
7421.60000 2474.94
7421.70000 2423.08
7421.80000 2433.62
7421.90000 2493.96
7422.00000 2485.01
7422.10000 2523.60
7422.20000 2517.54
7422.30000 2489.12
7422.40000 2496.21
7422.50000 2504.95
7422.60000 2497.43
7422.70000 2523.11
7422.80000 2511.51
7422.90000 2501.53
7423.00000 2498.50
7423.10000 2507.32
7423.20000 2507.06
7423.30000 2502.84
7423.40000 2477.98
7423.50000 2439.68
7423.60000 2500.38
7423.70000 2511.48
7423.80000 2482.65
7423.90000 2497.50
7424.00000 2499.49
7424.10000 2509.62
7424.20000 2491.57
7424.30000 2501.18
7424.40000 2506.50
7424.50000 2503.85
7424.60000 2489.84
7424.70000 2496.60
7424.80000 2481.82
7424.90000 2490.62
7425.00000 2496.81
7425.10000 2511.23
7425.20000 2491.04
7425.30000 2461.84
7425.40000 2374.85
7425.50000 2452.42
7425.60000 2496.71
7425.70000 2489.09
7425.80000 2477.09
7425.90000 2499.52
7426.00000 2496.97
7426.10000 2470.62
7426.20000 2454.78
7426.30000 2446.02
7426.40000 2489.81
7426.50000 2446.39
7426.60000 2438.92
7426.70000 2499.88
7426.80000 2483.23
7426.90000 2501.86
7427.00000 2503.41
7427.10000 2504.35
7427.20000 2490.91
7427.30000 2507.24
7427.40000 2506.51
7427.50000 2493.60
7427.60000 2501.05
7427.70000 2504.02
7427.80000 2506.85
7427.90000 2487.63
7428.00000 2498.44
7428.10000 2517.35
7428.20000 2485.12
7428.30000 2489.46
7428.40000 2469.02
7428.50000 2499.86
7428.60000 2519.11
7428.70000 2477.46
7428.80000 2488.55
7428.90000 2501.65
7429.00000 2501.18
7429.10000 2481.65
7429.20000 2514.49
7429.30000 2504.66
7429.40000 2516.24
7429.50000 2482.55
7429.60000 2488.32
7429.70000 2482.03
7429.80000 2503.41
7429.90000 2513.36
7430.00000 2496.26
7430.10000 2501.61
7430.20000 2513.57
7430.30000 2487.43
7430.40000 2487.39
7430.50000 2495.76
7430.60000 2499.82
7430.70000 2503.07
7430.80000 2487.30
7430.90000 2500.35
7431.00000 2503.38
7431.10000 2481.37
7431.20000 2489.68
7431.30000 2492.79
7431.40000 2500.80
7431.50000 2499.38
7431.60000 2499.34
7431.70000 2493.10
7431.80000 2482.45
7431.90000 2489.34
7432.00000 2465.88
7432.10000 2480.10
7432.20000 2473.45
7432.30000 2480.90
7432.40000 2482.01
7432.50000 2506.65
7432.60000 2504.37
7432.70000 2507.68
7432.80000 2490.07
7432.90000 2491.20
7433.00000 2494.41
7433.10000 2504.14
7433.20000 2515.00
7433.30000 2492.52
7433.40000 2496.97
7433.50000 2487.79
7433.60000 2472.47
7433.70000 2487.40
7433.80000 2478.95
7433.90000 2490.94
7434.00000 2502.89
7434.10000 2491.28
7434.20000 2478.84
7434.30000 2498.91
7434.40000 2474.00
7434.50000 2494.74
7434.60000 2515.43
7434.70000 2485.62
7434.80000 2491.91
7434.90000 2485.32
7435.00000 2502.46
7435.10000 2485.20
7435.20000 2500.58
7435.30000 2477.75
7435.40000 2481.84
7435.50000 2491.72
7435.60000 2479.61
7435.70000 2496.13
7435.80000 2498.87
7435.90000 2510.59
7436.00000 2483.29
7436.10000 2487.14
7436.20000 2504.04
7436.30000 2507.01
7436.40000 2496.07
7436.50000 2502.82
7436.60000 2497.71
7436.70000 2505.84
7436.80000 2510.09
7436.90000 2514.81
7437.00000 2500.59
7437.10000 2491.67
7437.20000 2497.11
7437.30000 2496.67
7437.40000 2488.37
7437.50000 2506.06
7437.60000 2496.37
7437.70000 2508.53
7437.80000 2498.53
7437.90000 2513.85
7438.00000 2499.74
7438.10000 2514.96
7438.20000 2498.01
7438.30000 2505.27
7438.40000 2501.43
7438.50000 2502.81
7438.60000 2481.60
7438.70000 2502.20
7438.80000 2494.59
7438.90000 2488.62
7439.00000 2504.43
7439.10000 2528.15
7439.20000 2529.53
7439.30000 2542.70
7439.40000 2521.12
7439.50000 2511.11
7439.60000 2523.14
7439.70000 2518.47
7439.80000 2509.77
7439.90000 2519.23
7440.00000 2536.52
7440.10000 2535.88
7440.20000 2537.70
7440.30000 2526.27
7440.40000 2522.66
7440.50000 2539.78
7440.60000 2520.05
7440.70000 2524.96
7440.80000 2531.82
7440.90000 2526.06
7441.00000 2484.88
7441.10000 2500.12
7441.20000 2520.11
7441.30000 2506.06
7441.40000 2443.13
7441.50000 2484.07
7441.60000 2491.37
7441.70000 2486.96
7441.80000 2507.94
7441.90000 2513.77
7442.00000 2517.28
7442.10000 2528.48
7442.20000 2517.87
7442.30000 2494.29
7442.40000 2499.03
7442.50000 2514.65
7442.60000 2506.54
7442.70000 2492.82
7442.80000 2499.52
7442.90000 2498.50
7443.00000 2513.90
7443.10000 2490.74
7443.20000 2514.90
7443.30000 2502.04
7443.40000 2512.31
7443.50000 2526.41
7443.60000 2520.98
7443.70000 2526.01
7443.80000 2522.55
7443.90000 2529.92
7444.00000 2531.09
7444.10000 2518.42
7444.20000 2503.04
7444.30000 2513.10
7444.40000 2527.34
7444.50000 2517.03
7444.60000 2529.82
7444.70000 2548.00
7444.80000 2520.43
7444.90000 2548.88
7445.00000 2531.33
7445.10000 2538.37
7445.20000 2541.71
7445.30000 2548.44
7445.40000 2543.19
7445.50000 2542.15
7445.60000 2547.43
7445.70000 2537.19
7445.80000 2527.50
7445.90000 2556.65
7446.00000 2535.61
7446.10000 2569.05
7446.20000 2556.32
7446.30000 2573.13
7446.40000 2547.93
7446.50000 2533.90
7446.60000 2568.38
7446.70000 2557.25
7446.80000 2544.17
7446.90000 2551.97
7447.00000 2554.91
7447.10000 2579.63
7447.20000 2565.44
7447.30000 2564.68
7447.40000 2543.97
7447.50000 2541.23
7447.60000 2555.89
7447.70000 2545.01
7447.80000 2553.62
7447.90000 2573.15
7448.00000 2552.27
7448.10000 2543.33
7448.20000 2544.79
7448.30000 2536.16
7448.40000 2553.93
7448.50000 2517.20
7448.60000 2538.68
7448.70000 2538.19
7448.80000 2525.19
7448.90000 2513.81
7449.00000 2531.45
7449.10000 2525.89
7449.20000 2539.35
7449.30000 2537.36
7449.40000 2544.12
7449.50000 2525.05
7449.60000 2517.87
7449.70000 2524.61
7449.80000 2520.54
7449.90000 2534.55
7450.00000 2538.93
7450.10000 2518.30
7450.20000 2541.47
7450.30000 2527.94
7450.40000 2527.11
7450.50000 2530.84
7450.60000 2526.68
7450.70000 2532.37
7450.80000 2514.09
7450.90000 2513.50
7451.00000 2515.59
7451.10000 2517.84
7451.20000 2524.68
7451.30000 2531.73
7451.40000 2500.00
7451.50000 2526.45
7451.60000 2514.32
7451.70000 2515.40
7451.80000 2538.94
7451.90000 2537.33
7452.00000 2503.52
7452.10000 2508.76
7452.20000 2488.65
7452.30000 2513.59
7452.40000 2532.55
7452.50000 2527.12
7452.60000 2508.70
7452.70000 2532.92
7452.80000 2534.54
7452.90000 2552.50
7453.00000 2528.97
7453.10000 2539.56
7453.20000 2550.30
7453.30000 2535.54
7453.40000 2536.73
7453.50000 2540.89
7453.60000 2560.75
7453.70000 2543.21
7453.80000 2546.65
7453.90000 2559.28
7454.00000 2559.04
7454.10000 2541.27
7454.20000 2539.91
7454.30000 2533.17
7454.40000 2549.06
7454.50000 2546.24
7454.60000 2520.28
7454.70000 2527.66
7454.80000 2539.75
7454.90000 2528.30
7455.00000 2527.16
7455.10000 2506.21
7455.20000 2546.73
7455.30000 2549.58
7455.40000 2514.60
7455.50000 2551.07
7455.60000 2527.81
7455.70000 2519.72
7455.80000 2507.23
7455.90000 2532.91
7456.00000 2527.11
7456.10000 2509.98
7456.20000 2530.71
7456.30000 2511.80
7456.40000 2516.46
7456.50000 2530.36
7456.60000 2516.25
7456.70000 2499.62
7456.80000 2513.72
7456.90000 2515.62
7457.00000 2525.81
7457.10000 2522.89
7457.20000 2537.65
7457.30000 2526.85
7457.40000 2545.30
7457.50000 2521.15
7457.60000 2524.45
7457.70000 2538.20
7457.80000 2544.50
7457.90000 2548.01
7458.00000 2550.22
7458.10000 2552.45
7458.20000 2527.08
7458.30000 2515.98
7458.40000 2519.24
7458.50000 2568.73
7458.60000 2545.92
7458.70000 2564.46
7458.80000 2591.76
7458.90000 2581.12
7459.00000 2568.95
7459.10000 2545.92
7459.20000 2569.73
7459.30000 2578.92
7459.40000 2575.24
7459.50000 2593.65
7459.60000 2585.06
7459.70000 2581.23
7459.80000 2604.15
7459.90000 2619.24
7460.00000 2612.55
7460.10000 2603.77
7460.20000 2595.29
7460.30000 2598.92
7460.40000 2617.32
7460.50000 2603.12
7460.60000 2605.02
7460.70000 2596.15
7460.80000 2584.10
7460.90000 2599.95
7461.00000 2584.22
7461.10000 2589.20
7461.20000 2603.79
7461.30000 2579.93
7461.40000 2581.45
7461.50000 2573.81
7461.60000 2569.75
7461.70000 2557.20
7461.80000 2558.29
7461.90000 2574.65
7462.00000 2568.13
7462.10000 2557.85
7462.20000 2536.69
7462.30000 2563.00
7462.40000 2553.78
7462.50000 2539.74
7462.60000 2575.07
7462.70000 2570.02
7462.80000 2537.53
7462.90000 2527.98
7463.00000 2550.67
7463.10000 2547.70
7463.20000 2539.24
7463.30000 2536.74
7463.40000 2554.46
7463.50000 2531.57
7463.60000 2546.40
7463.70000 2549.34
7463.80000 2565.52
7463.90000 2563.83
7464.00000 2544.09
7464.10000 2558.41
7464.20000 2553.64
7464.30000 2568.54
7464.40000 2553.83
7464.50000 2592.73
7464.60000 2549.12
7464.70000 2581.23
7464.80000 2586.54
7464.90000 2560.76
7465.00000 2577.97
7465.10000 2610.49
7465.20000 2578.77
7465.30000 2574.85
7465.40000 2579.84
7465.50000 2593.26
7465.60000 2613.50
7465.70000 2599.34
7465.80000 2607.32
7465.90000 2582.06
7466.00000 2615.07
7466.10000 2605.11
7466.20000 2647.77
7466.30000 2619.77
7466.40000 2601.40
7466.50000 2608.54
7466.60000 2596.77
7466.70000 2602.64
7466.80000 2616.15
7466.90000 2609.38
7467.00000 2594.27
7467.10000 2591.77
7467.20000 2618.11
7467.30000 2605.54
7467.40000 2593.64
7467.50000 2574.79
7467.60000 2581.46
7467.70000 2564.82
7467.80000 2557.04
7467.90000 2574.39
7468.00000 2576.94
7468.10000 2556.25
7468.20000 2559.14
7468.30000 2544.16
7468.40000 2556.21
7468.50000 2553.34
7468.60000 2555.72
7468.70000 2566.93
7468.80000 2565.00
7468.90000 2549.81
7469.00000 2536.61
7469.10000 2547.53
7469.20000 2521.40
7469.30000 2551.03
7469.40000 2552.48
7469.50000 2531.08
7469.60000 2489.46
7469.70000 2513.29
7469.80000 2503.87
7469.90000 2520.95
7470.00000 2534.58
7470.10000 2542.45
7470.20000 2538.49
7470.30000 2541.40
7470.40000 2521.65
7470.50000 2539.65
7470.60000 2538.62
7470.70000 2532.69
7470.80000 2518.11
7470.90000 2550.97
7471.00000 2519.59
7471.10000 2512.30
7471.20000 2541.80
7471.30000 2541.34
7471.40000 2539.33
7471.50000 2549.16
7471.60000 2513.65
7471.70000 2536.39
7471.80000 2530.68
7471.90000 2565.81
7472.00000 2535.06
7472.10000 2540.55
7472.20000 2507.31
7472.30000 2533.83
7472.40000 2511.75
7472.50000 2542.64
7472.60000 2531.02
7472.70000 2532.43
7472.80000 2521.13
7472.90000 2512.78
7473.00000 2524.60
7473.10000 2516.04
7473.20000 2530.06
7473.30000 2501.10
7473.40000 2517.01
7473.50000 2490.38
7473.60000 2517.44
7473.70000 2517.16
7473.80000 2549.05
7473.90000 2517.81
7474.00000 2533.55
7474.10000 2514.06
7474.20000 2527.49
7474.30000 2522.14
7474.40000 2505.63
7474.50000 2524.73
7474.60000 2496.09
7474.70000 2488.05
7474.80000 2505.83
7474.90000 2521.77
7475.00000 2519.88
7475.10000 2516.07
7475.20000 2520.36
7475.30000 2525.54
7475.40000 2521.38
7475.50000 2506.49
7475.60000 2505.00
7475.70000 2525.89
7475.80000 2523.24
7475.90000 2504.07
7476.00000 2496.69
7476.10000 2509.89
7476.20000 2509.26
7476.30000 2523.34
7476.40000 2530.69
7476.50000 2502.70
7476.60000 2511.39
7476.70000 2530.80
7476.80000 2531.86
7476.90000 2509.26
7477.00000 2509.68
7477.10000 2520.41
7477.20000 2509.81
7477.30000 2504.89
7477.40000 2523.87
7477.50000 2543.66
7477.60000 2527.23
7477.70000 2512.34
7477.80000 2521.65
7477.90000 2510.80
7478.00000 2506.82
7478.10000 2510.86
7478.20000 2544.34
7478.30000 2528.00
7478.40000 2491.10
7478.50000 2513.77
7478.60000 2505.03
7478.70000 2492.26
7478.80000 2493.80
7478.90000 2511.78
7479.00000 2527.70
7479.10000 2493.15
7479.20000 2511.25
7479.30000 2492.34
7479.40000 2535.82
7479.50000 2495.02
7479.60000 2487.27
7479.70000 2487.29
7479.80000 2476.86
7479.90000 2517.17
7480.00000 2496.76
7480.10000 2515.20
7480.20000 2493.59
7480.30000 2526.83
7480.40000 2511.49
7480.50000 2488.25
7480.60000 2518.23
7480.70000 2541.54
7480.80000 2532.82
7480.90000 2504.13
7481.00000 2492.41
7481.10000 2523.43
7481.20000 2501.90
7481.30000 2513.20
7481.40000 2505.99
7481.50000 2515.03
7481.60000 2501.98
7481.70000 2509.18
7481.80000 2503.43
7481.90000 2529.86
7482.00000 2513.57
7482.10000 2534.37
7482.20000 2543.43
7482.30000 2508.30
7482.40000 2509.74
7482.50000 2527.41
7482.60000 2537.23
7482.70000 2523.88
7482.80000 2490.03
7482.90000 2520.28
7483.00000 2503.00
7483.10000 2496.53
7483.20000 2506.15
7483.30000 2538.66
7483.40000 2522.04
7483.50000 2479.18
7483.60000 2499.89
7483.70000 2494.44
7483.80000 2501.71
7483.90000 2501.28
7484.00000 2498.49
7484.10000 2536.75
7484.20000 2522.47
7484.30000 2517.06
7484.40000 2533.80
7484.50000 2520.96
7484.60000 2511.56
7484.70000 2493.44
7484.80000 2504.22
7484.90000 2522.73
7485.00000 2505.21
7485.10000 2538.24
7485.20000 2523.32
7485.30000 2494.31
7485.40000 2494.79
7485.50000 2464.36
7485.60000 2499.90
7485.70000 2506.20
7485.80000 2523.06
7485.90000 2531.21
7486.00000 2520.85
7486.10000 2519.34
7486.20000 2512.29
7486.30000 2513.52
7486.40000 2504.88
7486.50000 2500.33
7486.60000 2500.19
7486.70000 2493.91
7486.80000 2508.81
7486.90000 2495.36
7487.00000 2479.92
7487.10000 2488.55
7487.20000 2479.24
7487.30000 2493.56
7487.40000 2517.06
7487.50000 2497.87
7487.60000 2515.53
7487.70000 2473.03
7487.80000 2531.10
7487.90000 2514.34
7488.00000 2488.65
7488.10000 2523.77
7488.20000 2534.15
7488.30000 2505.89
7488.40000 2515.07
7488.50000 2519.32
7488.60000 2522.89
7488.70000 2516.47
7488.80000 2517.02
7488.90000 2504.59
7489.00000 2502.65
7489.10000 2505.22
7489.20000 2513.52
7489.30000 2501.84
7489.40000 2503.98
7489.50000 2486.93
7489.60000 2479.81
7489.70000 2495.17
7489.80000 2520.68
7489.90000 2506.91
7490.00000 2508.71
7490.10000 2516.55
7490.20000 2497.55
7490.30000 2515.93
7490.40000 2521.93
7490.50000 2518.90
7490.60000 2489.72
7490.70000 2521.22
7490.80000 2536.15
7490.90000 2536.86
7491.00000 2504.33
7491.10000 2496.14
7491.20000 2518.17
7491.30000 2523.48
7491.40000 2503.08
7491.50000 2540.85
7491.60000 2504.90
7491.70000 2534.69
7491.80000 2530.82
7491.90000 2515.52
7492.00000 2537.27
7492.10000 2525.92
7492.20000 2513.79
7492.30000 2513.35
7492.40000 2530.64
7492.50000 2525.38
7492.60000 2536.54
7492.70000 2529.59
7492.80000 2516.23
7492.90000 2545.11
7493.00000 2502.35
7493.10000 2506.03
7493.20000 2522.95
7493.30000 2528.10
7493.40000 2540.75
7493.50000 2555.89
7493.60000 2528.50
7493.70000 2541.96
7493.80000 2532.15
7493.90000 2511.94
7494.00000 2517.70
7494.10000 2532.27
7494.20000 2514.64
7494.30000 2530.23
7494.40000 2532.44
7494.50000 2535.94
7494.60000 2531.48
7494.70000 2531.90
7494.80000 2513.53
7494.90000 2534.48
7495.00000 2512.89
7495.10000 2499.08
7495.20000 2510.70
7495.30000 2521.44
7495.40000 2493.54
7495.50000 2506.84
7495.60000 2468.98
7495.70000 2489.11
7495.80000 2481.46
7495.90000 2472.64
7496.00000 2517.32
7496.10000 2518.65
7496.20000 2528.28
7496.30000 2541.26
7496.40000 2530.38
7496.50000 2527.89
7496.60000 2514.31
7496.70000 2505.33
7496.80000 2514.19
7496.90000 2520.06
7497.00000 2539.74
7497.10000 2530.16
7497.20000 2552.03
7497.30000 2514.71
7497.40000 2535.51
7497.50000 2530.26
7497.60000 2531.75
7497.70000 2546.05
7497.80000 2562.42
7497.90000 2538.63
7498.00000 2532.18
7498.10000 2525.08
7498.20000 2538.68
7498.30000 2542.73
7498.40000 2539.34
7498.50000 2536.94
7498.60000 2541.05
7498.70000 2548.90
7498.80000 2560.03
7498.90000 2551.52
7499.00000 2554.28
7499.10000 2558.45
7499.20000 2553.74
7499.30000 2556.80
7499.40000 2558.14
7499.50000 2537.30
7499.60000 2546.27
7499.70000 2540.03
7499.80000 2559.76
7499.90000 2543.33
7500.00000 2541.70
7500.10000 2544.75
7500.20000 2540.10
7500.30000 2554.64
7500.40000 2525.38
7500.50000 2543.85
7500.60000 2560.18
7500.70000 2537.86
7500.80000 2533.19
7500.90000 2551.10
7501.00000 2551.81
7501.10000 2560.74
7501.20000 2550.61
7501.30000 2546.40
7501.40000 2552.91
7501.50000 2551.26
7501.60000 2527.47
7501.70000 2523.73
7501.80000 2564.71
7501.90000 2551.94
7502.00000 2530.64
7502.10000 2540.86
7502.20000 2505.32
7502.30000 2526.75
7502.40000 2555.04
7502.50000 2541.73
7502.60000 2549.25
7502.70000 2542.76
7502.80000 2551.31
7502.90000 2551.02
7503.00000 2549.55
7503.10000 2530.61
7503.20000 2539.27
7503.30000 2553.38
7503.40000 2536.33
7503.50000 2548.94
7503.60000 2549.46
7503.70000 2560.35
7503.80000 2551.40
7503.90000 2551.98
7504.00000 2548.73
7504.10000 2541.24
7504.20000 2537.08
7504.30000 2547.77
7504.40000 2546.17
7504.50000 2535.54
7504.60000 2532.67
7504.70000 2558.20
7504.80000 2511.48
7504.90000 2518.92
7505.00000 2515.69
7505.10000 2515.50
7505.20000 2542.25
7505.30000 2557.45
7505.40000 2512.70
7505.50000 2540.99
7505.60000 2522.18
7505.70000 2515.28
7505.80000 2499.34
7505.90000 2507.92
7506.00000 2513.60
7506.10000 2520.25
7506.20000 2516.58
7506.30000 2518.97
7506.40000 2495.28
7506.50000 2529.64
7506.60000 2512.77
7506.70000 2535.55
7506.80000 2520.61
7506.90000 2549.10
7507.00000 2516.55
7507.10000 2522.53
7507.20000 2528.24
7507.30000 2549.71
7507.40000 2559.06
7507.50000 2530.13
7507.60000 2525.73
7507.70000 2506.95
7507.80000 2527.77
7507.90000 2538.50
7508.00000 2564.02
7508.10000 2551.31
7508.20000 2561.37
7508.30000 2541.25
7508.40000 2567.18
7508.50000 2534.36
7508.60000 2549.99
7508.70000 2590.38
7508.80000 2584.76
7508.90000 2554.96
7509.00000 2560.10
7509.10000 2562.24
7509.20000 2562.92
7509.30000 2567.66
7509.40000 2536.16
7509.50000 2560.43
7509.60000 2577.72
7509.70000 2571.52
7509.80000 2576.63
7509.90000 2569.10
7510.00000 2568.83
7510.10000 2579.04
7510.20000 2591.54
7510.30000 2601.94
7510.40000 2597.68
7510.50000 2580.62
7510.60000 2603.12
7510.70000 2597.69
7510.80000 2605.25
7510.90000 2583.59
7511.00000 2629.99
7511.10000 2615.38
7511.20000 2588.40
7511.30000 2613.02
7511.40000 2616.71
7511.50000 2643.31
7511.60000 2614.83
7511.70000 2601.92
7511.80000 2607.69
7511.90000 2641.67
7512.00000 2622.82
7512.10000 2608.48
7512.20000 2629.40
7512.30000 2605.96
7512.40000 2624.97
7512.50000 2635.27
7512.60000 2632.82
7512.70000 2629.85
7512.80000 2621.51
7512.90000 2649.08
7513.00000 2629.41
7513.10000 2655.89
7513.20000 2623.74
7513.30000 2648.05
7513.40000 2669.79
7513.50000 2619.48
7513.60000 2620.47
7513.70000 2657.75
7513.80000 2653.76
7513.90000 2653.18
7514.00000 2646.25
7514.10000 2648.21
7514.20000 2646.71
7514.30000 2656.83
7514.40000 2646.28
7514.50000 2635.26
7514.60000 2629.00
7514.70000 2617.44
7514.80000 2622.16
7514.90000 2601.12
7515.00000 2615.32
7515.10000 2620.99
7515.20000 2643.66
7515.30000 2654.48
7515.40000 2630.00
7515.50000 2622.55
7515.60000 2609.86
7515.70000 2599.73
7515.80000 2628.07
7515.90000 2628.03
7516.00000 2625.13
7516.10000 2630.19
7516.20000 2615.41
7516.30000 2602.40
7516.40000 2628.59
7516.50000 2620.16
7516.60000 2616.92
7516.70000 2626.48
7516.80000 2610.95
7516.90000 2643.08
7517.00000 2635.59
7517.10000 2619.26
7517.20000 2615.81
7517.30000 2624.73
7517.40000 2616.28
7517.50000 2601.68
7517.60000 2629.04
7517.70000 2601.86
7517.80000 2608.53
7517.90000 2626.65
7518.00000 2615.04
7518.10000 2644.24
7518.20000 2628.35
7518.30000 2637.71
7518.40000 2645.72
7518.50000 2619.59
7518.60000 2647.14
7518.70000 2638.41
7518.80000 2636.80
7518.90000 2615.66
7519.00000 2614.63
7519.10000 2627.60
7519.20000 2619.46
7519.30000 2606.58
7519.40000 2618.71
7519.50000 2608.04
7519.60000 2611.32
7519.70000 2626.83
7519.80000 2594.64
7519.90000 2598.42
7520.00000 2614.71
7520.10000 2585.09
7520.20000 2566.53
7520.30000 2592.16
7520.40000 2599.66
7520.50000 2585.80
7520.60000 2567.01
7520.70000 2589.68
7520.80000 2572.91
7520.90000 2574.63
7521.00000 2588.56
7521.10000 2550.54
7521.20000 2585.18
7521.30000 2560.00
7521.40000 2559.17
7521.50000 2541.11
7521.60000 2570.40
7521.70000 2551.81
7521.80000 2522.67
7521.90000 2541.44
7522.00000 2537.08
7522.10000 2554.41
7522.20000 2559.73
7522.30000 2538.59
7522.40000 2519.16
7522.50000 2555.84
7522.60000 2524.07
7522.70000 2535.45
7522.80000 2530.17
7522.90000 2556.26
7523.00000 2520.43
7523.10000 2553.57
7523.20000 2529.06
7523.30000 2548.75
7523.40000 2519.88
7523.50000 2502.46
7523.60000 2521.61
7523.70000 2515.47
7523.80000 2540.22
7523.90000 2520.61
7524.00000 2534.08
7524.10000 2518.56
7524.20000 2507.34
7524.30000 2531.85
7524.40000 2507.65
7524.50000 2526.37
7524.60000 2523.11
7524.70000 2536.44
7524.80000 2532.29
7524.90000 2498.21
7525.00000 2523.67
7525.10000 2519.37
7525.20000 2550.99
7525.30000 2523.86
7525.40000 2520.35
7525.50000 2520.52
7525.60000 2511.36
7525.70000 2509.16
7525.80000 2508.17
7525.90000 2520.34
7526.00000 2524.83
7526.10000 2490.70
7526.20000 2518.62
7526.30000 2496.64
7526.40000 2487.81
7526.50000 2520.57
7526.60000 2503.70
7526.70000 2522.46
7526.80000 2524.86
7526.90000 2523.86
7527.00000 2523.81
7527.10000 2494.70
7527.20000 2514.01
7527.30000 2516.00
7527.40000 2506.81
7527.50000 2524.24
7527.60000 2536.50
7527.70000 2522.97
7527.80000 2513.95
7527.90000 2528.75
7528.00000 2529.06
7528.10000 2500.62
7528.20000 2507.91
7528.30000 2520.63
7528.40000 2528.91
7528.50000 2527.53
7528.60000 2521.46
7528.70000 2546.67
7528.80000 2529.47
7528.90000 2510.53
7529.00000 2535.37
7529.10000 2519.50
7529.20000 2527.54
7529.30000 2558.57
7529.40000 2536.08
7529.50000 2519.38
7529.60000 2554.40
7529.70000 2529.95
7529.80000 2528.52
7529.90000 2544.92
7530.00000 2545.42
7530.10000 2563.59
7530.20000 2552.46
7530.30000 2563.28
7530.40000 2540.97
7530.50000 2515.74
7530.60000 2544.90
7530.70000 2547.88
7530.80000 2551.25
7530.90000 2542.71
7531.00000 2566.12
7531.10000 2563.16
7531.20000 2552.63
7531.30000 2562.66
7531.40000 2548.42
7531.50000 2563.83
7531.60000 2550.38
7531.70000 2538.50
7531.80000 2566.85
7531.90000 2543.26
7532.00000 2565.57
7532.10000 2568.63
7532.20000 2543.96
7532.30000 2530.71
7532.40000 2535.22
7532.50000 2551.66
7532.60000 2545.75
7532.70000 2525.11
7532.80000 2512.45
7532.90000 2516.98
7533.00000 2520.68
7533.10000 2529.56
7533.20000 2533.41
7533.30000 2526.81
7533.40000 2528.59
7533.50000 2539.50
7533.60000 2526.81
7533.70000 2521.21
7533.80000 2542.37
7533.90000 2536.69
7534.00000 2528.18
7534.10000 2535.01
7534.20000 2539.07
7534.30000 2520.86
7534.40000 2525.34
7534.50000 2531.85
7534.60000 2514.76
7534.70000 2528.32
7534.80000 2515.11
7534.90000 2512.04
7535.00000 2534.20
7535.10000 2543.67
7535.20000 2539.63
7535.30000 2537.47
7535.40000 2506.21
7535.50000 2513.58
7535.60000 2510.56
7535.70000 2515.72
7535.80000 2533.80
7535.90000 2541.81
7536.00000 2519.84
7536.10000 2513.17
7536.20000 2556.91
7536.30000 2521.20
7536.40000 2535.41
7536.50000 2527.87
7536.60000 2549.65
7536.70000 2522.94
7536.80000 2549.59
7536.90000 2510.66
7537.00000 2550.09
7537.10000 2530.09
7537.20000 2519.49
7537.30000 2519.56
7537.40000 2550.47
7537.50000 2548.40
7537.60000 2545.70
7537.70000 2522.68
7537.80000 2545.50
7537.90000 2533.12
7538.00000 2542.02
7538.10000 2510.44
7538.20000 2527.72
7538.30000 2536.36
7538.40000 2529.25
7538.50000 2540.05
7538.60000 2544.92
7538.70000 2540.25
7538.80000 2526.41
7538.90000 2514.79
7539.00000 2524.74
7539.10000 2540.42
7539.20000 2537.46
7539.30000 2548.47
7539.40000 2524.75
7539.50000 2528.11
7539.60000 2528.50
7539.70000 2518.91
7539.80000 2502.74
7539.90000 2518.05
7540.00000 2518.58
7540.10000 2515.50
7540.20000 2528.13
7540.30000 2527.66
7540.40000 2504.86
7540.50000 2495.62
7540.60000 2514.31
7540.70000 2537.28
7540.80000 2525.50
7540.90000 2528.04
7541.00000 2531.21
7541.10000 2491.70
7541.20000 2506.50
7541.30000 2508.34
7541.40000 2510.40
7541.50000 2499.40
7541.60000 2533.47
7541.70000 2510.48
7541.80000 2510.24
7541.90000 2513.18
7542.00000 2500.23
7542.10000 2523.71
7542.20000 2532.47
7542.30000 2519.71
7542.40000 2526.50
7542.50000 2522.95
7542.60000 2507.66
7542.70000 2512.50
7542.80000 2534.26
7542.90000 2526.83
7543.00000 2512.04
7543.10000 2521.52
7543.20000 2533.26
7543.30000 2491.02
7543.40000 2496.55
7543.50000 2523.76
7543.60000 2521.84
7543.70000 2516.14
7543.80000 2515.38
7543.90000 2513.94
7544.00000 2515.78
7544.10000 2525.95
7544.20000 2523.84
7544.30000 2517.96
7544.40000 2503.13
7544.50000 2525.11
7544.60000 2508.00
7544.70000 2507.53
7544.80000 2518.57
7544.90000 2495.67
7545.00000 2510.77
7545.10000 2502.29
7545.20000 2513.75
7545.30000 2524.73
7545.40000 2533.99
7545.50000 2500.19
7545.60000 2502.47
7545.70000 2500.30
7545.80000 2490.61
7545.90000 2529.81
7546.00000 2490.79
7546.10000 2527.25
7546.20000 2519.16
7546.30000 2510.66
7546.40000 2501.58
7546.50000 2510.95
7546.60000 2525.32
7546.70000 2529.12
7546.80000 2512.83
7546.90000 2519.08
7547.00000 2547.04
7547.10000 2502.08
7547.20000 2525.19
7547.30000 2511.91
7547.40000 2519.13
7547.50000 2516.38
7547.60000 2507.93
7547.70000 2507.15
7547.80000 2508.86
7547.90000 2528.20
7548.00000 2547.91
7548.10000 2541.51
7548.20000 2522.97
7548.30000 2517.85
7548.40000 2512.25
7548.50000 2540.26
7548.60000 2524.26
7548.70000 2520.25
7548.80000 2536.57
7548.90000 2546.07
7549.00000 2532.47
7549.10000 2535.05
7549.20000 2546.99
7549.30000 2510.75
7549.40000 2506.40
7549.50000 2527.40
7549.60000 2498.90
7549.70000 2520.95
7549.80000 2530.19
7549.90000 2510.21
7550.00000 2527.10
7550.10000 2521.36
7550.20000 2524.94
7550.30000 2501.95
7550.40000 2511.14
7550.50000 2531.72
7550.60000 2493.22
7550.70000 2517.17
7550.80000 2510.22
7550.90000 2524.62
7551.00000 2502.38
7551.10000 2495.58
7551.20000 2508.59
7551.30000 2524.76
7551.40000 2520.32
7551.50000 2525.94
7551.60000 2514.74
7551.70000 2516.65
7551.80000 2496.12
7551.90000 2506.96
7552.00000 2526.32
7552.10000 2522.02
7552.20000 2533.14
7552.30000 2500.45
7552.40000 2522.27
7552.50000 2538.34
7552.60000 2527.90
7552.70000 2523.43
7552.80000 2509.71
7552.90000 2536.08
7553.00000 2520.46
7553.10000 2515.52
7553.20000 2516.86
7553.30000 2505.43
7553.40000 2525.89
7553.50000 2512.83
7553.60000 2491.29
7553.70000 2510.43
7553.80000 2522.60
7553.90000 2526.29
7554.00000 2496.99
7554.10000 2498.97
7554.20000 2514.00
7554.30000 2513.55
7554.40000 2501.90
7554.50000 2517.24
7554.60000 2494.52
7554.70000 2508.86
7554.80000 2522.60
7554.90000 2519.90
7555.00000 2522.50
7555.10000 2500.72
7555.20000 2518.19
7555.30000 2502.40
7555.40000 2511.63
7555.50000 2497.26
7555.60000 2506.69
7555.70000 2517.01
7555.80000 2515.82
7555.90000 2507.56
7556.00000 2537.86
7556.10000 2530.17
7556.20000 2496.77
7556.30000 2487.69
7556.40000 2495.28
7556.50000 2506.00
7556.60000 2509.80
7556.70000 2500.71
7556.80000 2506.12
7556.90000 2498.11
7557.00000 2525.84
7557.10000 2515.54
7557.20000 2503.00
7557.30000 2507.69
7557.40000 2511.16
7557.50000 2488.66
7557.60000 2515.53
7557.70000 2517.51
7557.80000 2490.09
7557.90000 2494.29
7558.00000 2495.11
7558.10000 2519.04
7558.20000 2522.72
7558.30000 2521.86
7558.40000 2501.53
7558.50000 2497.46
7558.60000 2497.95
7558.70000 2511.58
7558.80000 2513.85
7558.90000 2494.23
7559.00000 2503.80
7559.10000 2505.41
7559.20000 2529.25
7559.30000 2512.46
7559.40000 2505.06
7559.50000 2489.98
7559.60000 2482.11
7559.70000 2497.65
7559.80000 2510.62
7559.90000 2486.35
7560.00000 2495.88
7560.10000 2485.01
7560.20000 2504.58
7560.30000 2495.33
7560.40000 2497.06
7560.50000 2479.33
7560.60000 2502.43
7560.70000 2480.84
7560.80000 2498.18
7560.90000 2517.01
7561.00000 2508.25
7561.10000 2498.36
7561.20000 2526.20
7561.30000 2514.01
7561.40000 2511.97
7561.50000 2481.96
7561.60000 2505.96
7561.70000 2495.21
7561.80000 2485.51
7561.90000 2495.96
7562.00000 2495.48
7562.10000 2487.14
7562.20000 2473.46
7562.30000 2478.18
7562.40000 2464.46
7562.50000 2476.78
7562.60000 2493.03
7562.70000 2466.24
7562.80000 2470.98
7562.90000 2478.09
7563.00000 2505.57
7563.10000 2498.52
7563.20000 2474.87
7563.30000 2495.20
7563.40000 2504.88
7563.50000 2500.26
7563.60000 2490.83
7563.70000 2502.91
7563.80000 2490.38
7563.90000 2507.00
7564.00000 2515.53
7564.10000 2498.97
7564.20000 2522.58
7564.30000 2501.29
7564.40000 2496.36
7564.50000 2507.08
7564.60000 2487.17
7564.70000 2490.11
7564.80000 2500.39
7564.90000 2490.83
7565.00000 2504.95
7565.10000 2488.99
7565.20000 2516.27
7565.30000 2501.39
7565.40000 2500.45
7565.50000 2499.23
7565.60000 2506.50
7565.70000 2502.67
7565.80000 2516.47
7565.90000 2496.00
7566.00000 2502.73
7566.10000 2495.40
7566.20000 2501.52
7566.30000 2513.88
7566.40000 2504.59
7566.50000 2501.04
7566.60000 2512.16
7566.70000 2502.64
7566.80000 2508.31
7566.90000 2496.20
7567.00000 2495.22
7567.10000 2489.64
7567.20000 2515.49
7567.30000 2496.80
7567.40000 2503.59
7567.50000 2506.82
7567.60000 2521.16
7567.70000 2514.51
7567.80000 2496.04
7567.90000 2483.45
7568.00000 2507.83
7568.10000 2527.35
7568.20000 2525.57
7568.30000 2501.81
7568.40000 2521.76
7568.50000 2511.70
7568.60000 2484.94
7568.70000 2502.42
7568.80000 2490.11
7568.90000 2489.17
7569.00000 2491.22
7569.10000 2504.34
7569.20000 2506.11
7569.30000 2481.36
7569.40000 2522.37
7569.50000 2513.81
7569.60000 2517.44
7569.70000 2510.87
7569.80000 2514.64
7569.90000 2510.04
7570.00000 2517.70
7570.10000 2519.38
7570.20000 2523.16
7570.30000 2505.99
7570.40000 2514.48
7570.50000 2517.11
7570.60000 2534.54
7570.70000 2541.51
7570.80000 2519.46
7570.90000 2512.44
7571.00000 2501.83
7571.10000 2502.04
7571.20000 2506.42
7571.30000 2523.93
7571.40000 2516.92
7571.50000 2514.69
7571.60000 2508.95
7571.70000 2508.88
7571.80000 2513.53
7571.90000 2506.17
7572.00000 2511.05
7572.10000 2519.29
7572.20000 2515.71
7572.30000 2510.02
7572.40000 2532.22
7572.50000 2527.57
7572.60000 2521.25
7572.70000 2521.60
7572.80000 2523.97
7572.90000 2491.94
7573.00000 2519.71
7573.10000 2500.04
7573.20000 2538.26
7573.30000 2509.39
7573.40000 2527.78
7573.50000 2504.22
7573.60000 2499.31
7573.70000 2511.23
7573.80000 2533.91
7573.90000 2524.40
7574.00000 2538.78
7574.10000 2525.52
7574.20000 2535.30
7574.30000 2533.45
7574.40000 2524.53
7574.50000 2518.15
7574.60000 2516.03
7574.70000 2518.73
7574.80000 2513.56
7574.90000 2516.21
7575.00000 2536.84
7575.10000 2510.76
7575.20000 2525.98
7575.30000 2519.46
7575.40000 2514.56
7575.50000 2537.84
7575.60000 2523.83
7575.70000 2509.33
7575.80000 2514.76
7575.90000 2523.81
7576.00000 2523.41
7576.10000 2536.35
7576.20000 2528.24
7576.30000 2528.20
7576.40000 2530.23
7576.50000 2516.93
7576.60000 2515.13
7576.70000 2524.71
7576.80000 2551.76
7576.90000 2521.34
7577.00000 2520.24
7577.10000 2543.36
7577.20000 2527.46
7577.30000 2523.69
7577.40000 2517.54
7577.50000 2495.71
7577.60000 2503.16
7577.70000 2507.35
7577.80000 2521.30
7577.90000 2519.37
7578.00000 2520.71
7578.10000 2511.64
7578.20000 2509.67
7578.30000 2496.12
7578.40000 2514.07
7578.50000 2519.45
7578.60000 2507.92
7578.70000 2515.35
7578.80000 2505.80
7578.90000 2534.43
7579.00000 2556.97
7579.10000 2524.77
7579.20000 2504.40
7579.30000 2497.23
7579.40000 2516.21
7579.50000 2508.00
7579.60000 2493.05
7579.70000 2501.87
7579.80000 2496.48
7579.90000 2496.71
7580.00000 2499.59
7580.10000 2482.94
7580.20000 2512.42
7580.30000 2513.71
7580.40000 2506.97
7580.50000 2478.50
7580.60000 2499.90
7580.70000 2496.23
7580.80000 2517.62
7580.90000 2496.14
7581.00000 2511.37
7581.10000 2497.08
7581.20000 2498.35
7581.30000 2487.58
7581.40000 2500.48
7581.50000 2488.42
7581.60000 2491.03
7581.70000 2491.22
7581.80000 2485.74
7581.90000 2479.45
7582.00000 2482.06
7582.10000 2503.25
7582.20000 2512.28
7582.30000 2531.99
7582.40000 2507.88
7582.50000 2495.32
7582.60000 2492.38
7582.70000 2511.23
7582.80000 2499.50
7582.90000 2500.87
7583.00000 2511.28
7583.10000 2494.71
7583.20000 2494.68
7583.30000 2501.29
7583.40000 2504.32
7583.50000 2507.44
7583.60000 2496.21
7583.70000 2497.09
7583.80000 2497.41
7583.90000 2523.08
7584.00000 2511.35
7584.10000 2501.24
7584.20000 2503.09
7584.30000 2508.03
7584.40000 2514.11
7584.50000 2513.16
7584.60000 2497.13
7584.70000 2492.58
7584.80000 2481.58
7584.90000 2512.08
7585.00000 2497.02
7585.10000 2501.39
7585.20000 2512.52
7585.30000 2503.96
7585.40000 2505.05
7585.50000 2486.99
7585.60000 2495.59
7585.70000 2510.57
7585.80000 2483.62
7585.90000 2483.07
7586.00000 2492.49
7586.10000 2493.20
7586.20000 2475.63
7586.30000 2504.88
7586.40000 2491.31
7586.50000 2480.53
7586.60000 2483.86
7586.70000 2500.27
7586.80000 2500.48
7586.90000 2480.89
7587.00000 2476.89
7587.10000 2491.19
7587.20000 2470.62
7587.30000 2477.78
7587.40000 2506.06
7587.50000 2477.13
7587.60000 2466.60
7587.70000 2476.62
7587.80000 2482.48
7587.90000 2471.73
7588.00000 2492.65
7588.10000 2504.01
7588.20000 2489.55
7588.30000 2484.22
7588.40000 2493.15
7588.50000 2499.91
7588.60000 2460.94
7588.70000 2470.64
7588.80000 2486.64
7588.90000 2485.50
7589.00000 2490.35
7589.10000 2471.19
7589.20000 2470.45
7589.30000 2475.64
7589.40000 2474.08
7589.50000 2466.80
7589.60000 2481.12
7589.70000 2488.90
7589.80000 2476.06
7589.90000 2493.99
7590.00000 2469.74
7590.10000 2476.17
7590.20000 2473.46
7590.30000 2487.22
7590.40000 2477.57
7590.50000 2481.20
7590.60000 2470.55
7590.70000 2486.18
7590.80000 2472.03
7590.90000 2483.48
7591.00000 2462.55
7591.10000 2484.69
7591.20000 2476.17
7591.30000 2477.52
7591.40000 2483.29
7591.50000 2482.15
7591.60000 2487.77
7591.70000 2497.53
7591.80000 2498.22
7591.90000 2466.74
7592.00000 2458.87
7592.10000 2469.59
7592.20000 2491.56
7592.30000 2472.22
7592.40000 2474.20
7592.50000 2462.98
7592.60000 2460.36
7592.70000 2469.61
7592.80000 2459.60
7592.90000 2464.45
7593.00000 2471.06
7593.10000 2457.03
7593.20000 2464.61
7593.30000 2469.44
7593.40000 2471.38
7593.50000 2459.05
7593.60000 2515.82
7593.70000 3019.02
7593.80000 2683.19
7593.90000 2447.90
7594.00000 2431.11
7594.10000 2421.21
7594.20000 2376.15
7594.30000 2083.69
7594.40000 734.85
7594.50000 1231.96
7594.60000 1348.17
7594.70000 650.71
7594.80000 1455.14
7594.90000 2088.64
7595.00000 1886.44
7595.10000 1643.84
7595.20000 498.54
7595.30000 903.38
7595.40000 1903.20
7595.50000 2091.39
7595.60000 1678.14
7595.70000 594.19
7595.80000 1056.73
7595.90000 368.02
7596.00000 143.43
7596.10000 1059.78
7596.20000 1692.96
7596.30000 1587.32
7596.40000 1056.13
7596.50000 350.31
7596.60000 1257.05
7596.70000 1577.01
7596.80000 1013.78
7596.90000 156.99
7597.00000 166.92
7597.10000 506.02
7597.20000 145.78
7597.30000 660.96
7597.40000 1522.98
7597.50000 1693.73
7597.60000 1850.11
7597.70000 1758.53
7597.80000 1656.43
7597.90000 1249.29
7598.00000 491.17
7598.10000 41.95
7598.20000 14.10
7598.30000 391.01
7598.40000 1116.97
7598.50000 1552.04
7598.60000 1756.32
7598.70000 1572.94
7598.80000 1697.55
7598.90000 1808.42
7599.00000 1675.69
7599.10000 1342.97
7599.20000 755.98
7599.30000 110.00
7599.40000 -2.88
7599.50000 -9.24
7599.60000 8.85
7599.70000 298.79
7599.80000 925.11
7599.90000 1266.99
7600.00000 1464.41
7600.10000 1619.17
7600.20000 1446.10
7600.30000 1605.70
7600.40000 1539.93
7600.50000 1224.63
7600.60000 602.94
7600.70000 81.29
7600.80000 8.25
7600.90000 119.68
7601.00000 194.74
7601.10000 52.24
7601.20000 -7.52
7601.30000 31.64
7601.40000 382.91
7601.50000 943.04
7601.60000 1312.87
7601.70000 1478.54
7601.80000 1356.59
7601.90000 1343.20
7602.00000 1354.73
7602.10000 1112.05
7602.20000 542.38
7602.30000 113.11
7602.40000 -2.31
7602.50000 46.59
7602.60000 358.22
7602.70000 570.42
7602.80000 473.45
7602.90000 191.19
7603.00000 9.14
7603.10000 -7.34
7603.20000 57.80
7603.30000 439.43
7603.40000 920.12
7603.50000 1240.49
7603.60000 1350.97
7603.70000 1117.63
7603.80000 1235.55
7603.90000 973.80
7604.00000 650.27
7604.10000 255.36
7604.20000 11.26
7604.30000 -6.44
7604.40000 100.46
7604.50000 479.40
7604.60000 845.13
7604.70000 782.18
7604.80000 741.77
7604.90000 411.29
7605.00000 108.98
7605.10000 1.98
7605.20000 -4.48
7605.30000 51.08
7605.40000 374.62
7605.50000 813.73
7605.60000 1130.58
7605.70000 1202.88
7605.80000 976.86
7605.90000 905.60
7606.00000 863.75
7606.10000 501.72
7606.20000 120.61
7606.30000 4.66
7606.40000 1.11
7606.50000 123.03
7606.60000 540.56
7606.70000 951.41
7606.80000 1135.02
7606.90000 867.01
7607.00000 856.26
7607.10000 902.97
7607.20000 505.36
7607.30000 148.01
7607.40000 7.27
7607.50000 -6.26
7607.60000 21.72
7607.70000 270.40
7607.80000 726.93
7607.90000 1031.84
7608.00000 1066.25
7608.10000 810.93
7608.20000 1110.29
7608.30000 908.73
7608.40000 456.59
7608.50000 108.39
7608.60000 -2.68
7608.70000 -3.46
7608.80000 114.71
7608.90000 533.79
7609.00000 1017.77
7609.10000 1270.34
7609.20000 1173.19
7609.30000 975.00
7609.40000 1353.86
7609.50000 1307.98
7609.60000 1070.12
7609.70000 742.02
7609.80000 316.09
7609.90000 24.53
7610.00000 -5.97
7610.10000 5.81
7610.20000 158.10
7610.30000 605.95
7610.40000 887.25
7610.50000 968.14
7610.60000 1017.66
7610.70000 1234.22
7610.80000 1024.21
7610.90000 659.97
7611.00000 186.86
7611.10000 4.15
7611.20000 -3.06
7611.30000 87.48
7611.40000 543.48
7611.50000 1044.77
7611.60000 1365.08
7611.70000 1344.51
7611.80000 1526.56
7611.90000 1411.84
7612.00000 1634.29
7612.10000 1652.18
7612.20000 1619.96
7612.30000 1424.43
7612.40000 1165.96
7612.50000 765.93
7612.60000 230.96
7612.70000 14.25
7612.80000 -3.34
7612.90000 56.94
7613.00000 383.24
7613.10000 887.63
7613.20000 1251.94
7613.30000 1216.41
7613.40000 1421.60
7613.50000 1341.46
7613.60000 1138.82
7613.70000 579.07
7613.80000 97.98
7613.90000 -1.06
7614.00000 59.86
7614.10000 537.73
7614.20000 1154.02
7614.30000 1567.96
7614.40000 1628.65
7614.50000 1836.64
7614.60000 1967.96
7614.70000 1861.52
7614.80000 1886.68
7614.90000 2008.53
7615.00000 2027.57
7615.10000 1980.45
7615.20000 1876.31
7615.30000 1769.36
7615.40000 1592.93
7615.50000 1191.63
7615.60000 511.21
7615.70000 59.71
7615.80000 6.93
7615.90000 182.42
7616.00000 863.65
7616.10000 1412.06
7616.20000 1641.78
7616.30000 1727.38
7616.40000 1860.08
7616.50000 1802.40
7616.60000 1564.65
7616.70000 953.07
7616.80000 170.81
7616.90000 71.33
7617.00000 710.95
7617.10000 1519.38
7617.20000 1933.52
7617.30000 2090.89
7617.40000 2187.46
7617.50000 2272.13
7617.60000 2270.89
7617.70000 2326.37
7617.80000 2338.17
7617.90000 2352.59
7618.00000 2374.69
7618.10000 2360.89
7618.20000 2383.17
7618.30000 2367.19
7618.40000 2386.04
7618.50000 2409.44
7618.60000 2371.94
7618.70000 2384.58
7618.80000 2395.35
7618.90000 2383.14
7619.00000 2382.91
7619.10000 2416.72
7619.20000 2409.00
7619.30000 2382.04
7619.40000 2401.15
7619.50000 2414.45
7619.60000 2397.21
7619.70000 2385.38
7619.80000 2392.56
7619.90000 2377.88
7620.00000 2371.59
7620.10000 2388.98
7620.20000 2369.11
7620.30000 2331.23
7620.40000 2110.65
7620.50000 2238.13
7620.60000 2309.35
7620.70000 2264.98
7620.80000 2075.96
7620.90000 2193.84
7621.00000 2156.27
7621.10000 2121.29
7621.20000 2039.39
7621.30000 1882.04
7621.40000 1547.59
7621.50000 919.65
7621.60000 224.56
7621.70000 5.81
7621.80000 87.63
7621.90000 660.81
7622.00000 1172.50
7622.10000 1577.83
7622.20000 1931.67
7622.30000 2050.30
7622.40000 2107.57
7622.50000 1921.21
7622.60000 2046.35
7622.70000 2109.29
7622.80000 2196.56
7622.90000 2211.34
7623.00000 2203.65
7623.10000 2176.74
7623.20000 2091.14
7623.30000 2057.56
7623.40000 2007.93
7623.50000 1895.17
7623.60000 1680.73
7623.70000 1192.07
7623.80000 617.06
7623.90000 120.24
7624.00000 3.99
7624.10000 65.41
7624.20000 495.75
7624.30000 949.40
7624.40000 1412.98
7624.50000 1575.85
7624.60000 1649.37
7624.70000 1574.40
7624.80000 1408.72
7624.90000 1055.56
7625.00000 500.74
7625.10000 75.03
7625.20000 -1.50
7625.30000 14.63
7625.40000 224.47
7625.50000 739.96
7625.60000 1314.64
7625.70000 1646.19
7625.80000 1823.69
7625.90000 1895.18
7626.00000 1862.24
7626.10000 1674.70
7626.20000 1917.01
7626.30000 2055.04
7626.40000 2112.94
7626.50000 2123.30
7626.60000 2142.24
7626.70000 2110.50
7626.80000 2044.50
7626.90000 1973.09
7627.00000 1978.47
7627.10000 1917.57
7627.20000 1537.39
7627.30000 1367.72
7627.40000 1305.25
7627.50000 842.14
7627.60000 264.51
7627.70000 6.60
7627.80000 -0.16
7627.90000 62.34
7628.00000 445.22
7628.10000 945.21
7628.20000 1292.88
7628.30000 1409.62
7628.40000 1377.89
7628.50000 1245.61
7628.60000 935.29
7628.70000 461.82
7628.80000 66.86
7628.90000 -0.93
7629.00000 3.36
7629.10000 88.97
7629.20000 543.45
7629.30000 1053.61
7629.40000 1420.30
7629.50000 1657.98
7629.60000 1790.31
7629.70000 1878.20
7629.80000 1583.42
7629.90000 1759.85
7630.00000 2004.12
7630.10000 2072.79
7630.20000 2085.12
7630.30000 2097.56
7630.40000 2094.29
7630.50000 2068.30
7630.60000 2074.90
7630.70000 1952.79
7630.80000 1982.53
7630.90000 1767.00
7631.00000 1520.84
7631.10000 1766.69
7631.20000 1655.26
7631.30000 1417.79
7631.40000 1073.90
7631.50000 517.76
7631.60000 88.76
7631.70000 -5.73
7631.80000 -1.54
7631.90000 144.48
7632.00000 593.26
7632.10000 1037.05
7632.20000 1236.94
7632.30000 1302.24
7632.40000 1257.92
7632.50000 1016.95
7632.60000 630.17
7632.70000 171.03
7632.80000 -1.49
7632.90000 -9.70
7633.00000 27.06
7633.10000 296.31
7633.20000 816.17
7633.30000 1244.40
7633.40000 1565.90
7633.50000 1713.97
7633.60000 1843.46
7633.70000 1714.75
7633.80000 1603.28
7633.90000 1921.97
7634.00000 2094.02
7634.10000 2109.54
7634.20000 2109.79
7634.30000 2100.23
7634.40000 2121.79
7634.50000 2103.05
7634.60000 2126.59
7634.70000 2068.39
7634.80000 1893.61
7634.90000 1577.52
7635.00000 1956.24
7635.10000 1968.21
7635.20000 1908.15
7635.30000 1813.27
7635.40000 1680.99
7635.50000 1403.88
7635.60000 997.64
7635.70000 415.67
7635.80000 43.13
7635.90000 -9.90
7636.00000 15.74
7636.10000 256.93
7636.20000 741.22
7636.30000 1125.38
7636.40000 1314.11
7636.50000 1326.64
7636.60000 1229.64
7636.70000 937.54
7636.80000 480.46
7636.90000 67.02
7637.00000 -3.28
7637.10000 -5.93
7637.20000 101.83
7637.30000 557.18
7637.40000 1079.05
7637.50000 1465.14
7637.60000 1683.54
7637.70000 1829.48
7637.80000 1880.81
7637.90000 1638.01
7638.00000 1857.51
7638.10000 2069.23
7638.20000 2140.74
7638.30000 2163.27
7638.40000 2158.17
7638.50000 2172.71
7638.60000 2206.47
7638.70000 2186.74
7638.80000 2188.29
7638.90000 2150.82
7639.00000 1767.51
7639.10000 1945.02
7639.20000 2139.18
7639.30000 2137.94
7639.40000 2101.53
7639.50000 2062.68
7639.60000 1974.63
7639.70000 1888.95
7639.80000 1718.51
7639.90000 1499.57
7640.00000 999.92
7640.10000 409.41
7640.20000 49.79
7640.30000 -3.01
7640.40000 40.12
7640.50000 457.04
7640.60000 1106.93
7640.70000 1436.85
7640.80000 1447.91
7640.90000 1460.97
7641.00000 1332.86
7641.10000 961.05
7641.20000 403.97
7641.30000 74.43
7641.40000 -10.29
7641.50000 3.11
7641.60000 224.99
7641.70000 810.27
7641.80000 1293.30
7641.90000 1622.06
7642.00000 1829.40
7642.10000 1940.00
7642.20000 1863.05
7642.30000 1792.60
7642.40000 2052.08
7642.50000 2164.84
7642.60000 2199.48
7642.70000 2221.74
7642.80000 2224.98
7642.90000 2222.35
7643.00000 2229.41
7643.10000 2256.44
7643.20000 2210.42
7643.30000 2086.29
7643.40000 1887.35
7643.50000 2129.73
7643.60000 2217.04
7643.70000 2250.48
7643.80000 2218.71
7643.90000 2221.98
7644.00000 2167.44
7644.10000 2140.25
7644.20000 2096.28
7644.30000 2009.46
7644.40000 1859.66
7644.50000 1474.49
7644.60000 1242.37
7644.70000 749.56
7644.80000 162.48
7644.90000 -5.16
7645.00000 36.58
7645.10000 442.83
7645.20000 1077.75
7645.30000 1440.09
7645.40000 1609.33
7645.50000 1638.14
7645.60000 1342.91
7645.70000 1193.22
7645.80000 719.14
7645.90000 171.07
7646.00000 0.68
7646.10000 16.91
7646.20000 377.36
7646.30000 1012.10
7646.40000 1515.76
7646.50000 1802.00
7646.60000 1928.63
7646.70000 2029.80
7646.80000 1870.26
7646.90000 2015.10
7647.00000 2161.33
7647.10000 2207.06
7647.20000 2274.11
7647.30000 2280.80
7647.40000 2258.64
7647.50000 2283.49
7647.60000 2288.63
7647.70000 2273.75
7647.80000 2279.69
7647.90000 2028.08
7648.00000 2168.00
7648.10000 2283.14
7648.20000 2237.48
7648.30000 2271.95
7648.40000 2271.91
7648.50000 2279.98
7648.60000 2267.09
7648.70000 2224.69
7648.80000 2263.16
7648.90000 2226.24
7649.00000 2188.03
7649.10000 2054.53
7649.20000 1859.15
7649.30000 1859.72
7649.40000 1684.29
7649.50000 1275.06
7649.60000 557.82
7649.70000 44.89
7649.80000 23.32
7649.90000 440.76
7650.00000 1157.58
7650.10000 1578.78
7650.20000 1720.66
7650.30000 1625.16
7650.40000 1750.25
7650.50000 1590.38
7650.60000 1173.19
7650.70000 481.47
7650.80000 39.02
7650.90000 26.89
7651.00000 421.08
7651.10000 1186.65
7651.20000 1715.78
7651.30000 1951.18
7651.40000 2053.45
7651.50000 2128.37
7651.60000 2033.21
7651.70000 2173.83
7651.80000 2260.27
7651.90000 2283.94
7652.00000 2316.08
7652.10000 2319.05
7652.20000 2346.30
7652.30000 2359.44
7652.40000 2337.90
7652.50000 2360.96
7652.60000 2297.01
7652.70000 2154.42
7652.80000 2346.80
7652.90000 2359.58
7653.00000 2349.54
7653.10000 2359.93
7653.20000 2358.88
7653.30000 2343.41
7653.40000 2353.89
7653.50000 2351.14
7653.60000 2347.08
7653.70000 2360.05
7653.80000 2330.86
7653.90000 2339.95
7654.00000 2223.80
7654.10000 2146.23
7654.20000 2202.46
7654.30000 2155.89
7654.40000 2091.68
7654.50000 1857.57
7654.60000 1363.48
7654.70000 496.96
7654.80000 36.26
7654.90000 265.39
7655.00000 1116.32
7655.10000 1614.48
7655.20000 1900.02
7655.30000 2049.27
7655.40000 2059.88
7655.50000 1982.37
7655.60000 1737.49
7655.70000 1207.67
7655.80000 373.53
7655.90000 25.07
7656.00000 313.19
7656.10000 1207.66
7656.20000 1784.14
7656.30000 2048.31
7656.40000 2183.89
7656.50000 2237.64
7656.60000 2188.21
7656.70000 2326.11
7656.80000 2338.58
7656.90000 2377.75
7657.00000 2406.51
7657.10000 2402.10
7657.20000 2414.36
7657.30000 2402.50
7657.40000 2452.54
7657.50000 2419.49
7657.60000 2367.96
7657.70000 2332.99
7657.80000 2421.63
7657.90000 2447.60
7658.00000 2429.23
7658.10000 2469.83
7658.20000 2446.66
7658.30000 2445.41
7658.40000 2450.40
7658.50000 2438.38
7658.60000 2422.26
7658.70000 2451.79
7658.80000 2443.67
7658.90000 2455.38
7659.00000 2455.11
7659.10000 2377.44
7659.20000 2370.68
7659.30000 2371.21
7659.40000 2382.32
7659.50000 2348.64
7659.60000 2317.17
7659.70000 2226.01
7659.80000 2049.06
7659.90000 1597.02
7660.00000 614.13
7660.10000 80.96
7660.20000 658.92
7660.30000 1625.77
7660.40000 2044.54
7660.50000 2185.98
7660.60000 2239.44
7660.70000 2224.32
7660.80000 2154.18
7660.90000 1945.17
7661.00000 1392.76
7661.10000 408.30
7661.20000 102.24
7661.30000 861.98
7661.40000 1764.09
7661.50000 2105.60
7661.60000 2260.23
7661.70000 2321.44
7661.80000 2277.36
7661.90000 2382.34
7662.00000 2411.46
7662.10000 2418.21
7662.20000 2450.73
7662.30000 2429.24
7662.40000 2437.80
7662.50000 2438.14
7662.60000 2446.36
7662.70000 2432.35
7662.80000 2399.35
7662.90000 2399.54
7663.00000 2437.53
7663.10000 2471.04
7663.20000 2473.09
7663.30000 2447.62
7663.40000 2428.21
7663.50000 2426.86
7663.60000 2437.97
7663.70000 2428.60
7663.80000 2434.75
7663.90000 2419.14
7664.00000 2416.42
7664.10000 2404.42
7664.20000 2420.14
7664.30000 2416.62
7664.40000 2364.72
7664.50000 2375.84
7664.60000 2396.06
7664.70000 2356.05
7664.80000 2388.15
7664.90000 2325.79
7665.00000 2308.76
7665.10000 2320.54
7665.20000 2258.18
7665.30000 2031.29
7665.40000 1405.90
7665.50000 745.06
7665.60000 78.65
7665.70000 494.86
7665.80000 1762.64
7665.90000 2133.95
7666.00000 2226.30
7666.10000 2277.68
7666.20000 2264.37
7666.30000 2226.80
7666.40000 2108.74
7666.50000 1709.54
7666.60000 676.09
7666.70000 235.96
7666.80000 1267.24
7666.90000 1990.14
7667.00000 2186.78
7667.10000 2234.60
7667.20000 2299.92
7667.30000 2364.76
7667.40000 2374.27
7667.50000 2396.29
7667.60000 2400.94
7667.70000 2380.54
7667.80000 2383.84
7667.90000 2425.79
7668.00000 2419.11
7668.10000 2400.99
7668.20000 2385.45
7668.30000 2352.21
7668.40000 2425.93
7668.50000 2418.87
7668.60000 2396.62
7668.70000 2389.82
7668.80000 2398.59
7668.90000 2390.72
7669.00000 2434.31
7669.10000 2403.41
7669.20000 2412.90
7669.30000 2401.89
7669.40000 2411.27
7669.50000 2384.95
7669.60000 2388.87
7669.70000 2399.68
7669.80000 2422.11
7669.90000 2394.16
7670.00000 2352.51
7670.10000 2374.75
7670.20000 2373.06
7670.30000 2378.88
7670.40000 2396.83
7670.50000 2380.66
7670.60000 2350.31
7670.70000 2360.85
7670.80000 2360.31
7670.90000 2323.20
7671.00000 2353.37
7671.10000 2178.19
7671.20000 1763.42
7671.30000 551.58
7671.40000 876.54
7671.50000 1942.57
7671.60000 2206.77
7671.70000 2288.63
7671.80000 2328.52
7671.90000 2310.35
7672.00000 2281.97
7672.10000 2257.79
7672.20000 2102.08
7672.30000 1348.43
7672.40000 372.97
7672.50000 1349.51
7672.60000 2099.73
7672.70000 2247.45
7672.80000 2272.35
7672.90000 2335.85
7673.00000 2353.02
7673.10000 2390.99
7673.20000 2389.06
7673.30000 2356.02
7673.40000 2370.45
7673.50000 2391.73
7673.60000 2378.90
7673.70000 2393.17
7673.80000 2364.82
7673.90000 2347.38
7674.00000 2380.33
7674.10000 2363.76
7674.20000 2386.89
7674.30000 2375.22
7674.40000 2397.27
7674.50000 2361.36
7674.60000 2395.57
7674.70000 2397.96
7674.80000 2403.16
7674.90000 2368.02
7675.00000 2369.97
7675.10000 2392.44
7675.20000 2388.10
7675.30000 2386.24
7675.40000 2385.74
7675.50000 2401.33
7675.60000 2402.80
7675.70000 2358.14
7675.80000 2397.72
7675.90000 2399.67
7676.00000 2383.53
7676.10000 2401.41
7676.20000 2388.40
7676.30000 2391.08
7676.40000 2397.59
7676.50000 2391.90
7676.60000 2410.96
7676.70000 2382.01
7676.80000 2347.58
7676.90000 2370.45
7677.00000 2329.76
7677.10000 2263.61
7677.20000 1702.66
7677.30000 690.26
7677.40000 1757.97
7677.50000 2254.65
7677.60000 2331.51
7677.70000 2334.25
7677.80000 2377.28
7677.90000 2337.38
7678.00000 2323.10
7678.10000 2306.12
7678.20000 2084.88
7678.30000 1068.73
7678.40000 997.16
7678.50000 2081.92
7678.60000 2288.15
7678.70000 2349.81
7678.80000 2365.82
7678.90000 2367.68
7679.00000 2378.68
7679.10000 2401.19
7679.20000 2383.32
7679.30000 2377.35
7679.40000 2395.20
7679.50000 2400.35
7679.60000 2393.09
7679.70000 2381.95
7679.80000 2361.09
7679.90000 2392.41
7680.00000 2400.19
7680.10000 2395.09
7680.20000 2382.21
7680.30000 2382.00
7680.40000 2380.92
7680.50000 2383.60
7680.60000 2380.26
7680.70000 2393.15
7680.80000 2384.04
7680.90000 2383.75
7681.00000 2395.45
7681.10000 2389.06
7681.20000 2392.31
7681.30000 2408.10
7681.40000 2370.62
7681.50000 2413.86
7681.60000 2381.75
7681.70000 2386.64
7681.80000 2393.95
7681.90000 2380.30
7682.00000 2390.74
7682.10000 2378.44
7682.20000 2387.47
7682.30000 2393.77
7682.40000 2417.00
7682.50000 2400.04
7682.60000 2371.29
7682.70000 2367.25
7682.80000 2367.49
7682.90000 2389.10
7683.00000 2373.75
7683.10000 2350.52
7683.20000 2360.38
7683.30000 2314.39
7683.40000 1901.45
7683.50000 1061.75
7683.60000 2047.55
7683.70000 2346.05
7683.80000 2378.95
7683.90000 2383.99
7684.00000 2376.92
7684.10000 2402.94
7684.20000 2363.88
7684.30000 2351.94
7684.40000 2200.72
7684.50000 1265.94
7684.60000 1536.91
7684.70000 2263.38
7684.80000 2364.80
7684.90000 2388.60
7685.00000 2360.50
7685.10000 2375.97
7685.20000 2384.66
7685.30000 2393.82
7685.40000 2408.44
7685.50000 2397.72
7685.60000 2388.56
7685.70000 2399.56
7685.80000 2402.15
7685.90000 2384.06
7686.00000 2385.94
7686.10000 2395.96
7686.20000 2386.88
7686.30000 2391.76
7686.40000 2406.49
7686.50000 2383.33
7686.60000 2393.79
7686.70000 2398.86
7686.80000 2416.52
7686.90000 2403.52
7687.00000 2386.64
7687.10000 2409.31
7687.20000 2417.43
7687.30000 2413.25
7687.40000 2428.61
7687.50000 2412.21
7687.60000 2367.75
7687.70000 2375.97
7687.80000 2399.45
7687.90000 2399.64
7688.00000 2387.23
7688.10000 2389.82
7688.20000 2415.03
7688.30000 2425.98
7688.40000 2407.40
7688.50000 2391.89
7688.60000 2382.09
7688.70000 2412.39
7688.80000 2393.03
7688.90000 2346.65
7689.00000 2408.30
7689.10000 2396.51
7689.20000 2357.92
7689.30000 2410.77
7689.40000 2400.47
7689.50000 2371.75
7689.60000 2377.80
7689.70000 2372.26
7689.80000 2277.19
7689.90000 1497.94
7690.00000 2044.08
7690.10000 2352.99
7690.20000 2386.80
7690.30000 2394.92
7690.40000 2369.43
7690.50000 2391.98
7690.60000 2380.66
7690.70000 2393.22
7690.80000 2339.16
7690.90000 1755.17
7691.00000 1683.38
7691.10000 2337.84
7691.20000 2396.99
7691.30000 2388.67
7691.40000 2400.24
7691.50000 2375.73
7691.60000 2393.46
7691.70000 2362.35
7691.80000 2379.82
7691.90000 2427.24
7692.00000 2394.21
7692.10000 2420.92
7692.20000 2360.64
7692.30000 2367.35
7692.40000 2382.17
7692.50000 2372.86
7692.60000 2408.67
7692.70000 2412.43
7692.80000 2410.52
7692.90000 2404.20
7693.00000 2420.64
7693.10000 2400.96
7693.20000 2407.31
7693.30000 2391.85
7693.40000 2405.14
7693.50000 2355.26
7693.60000 2393.20
7693.70000 2399.01
7693.80000 2394.93
7693.90000 2419.33
7694.00000 2402.31
7694.10000 2410.66
7694.20000 2402.93
7694.30000 2368.45
7694.40000 2402.67
7694.50000 2400.53
7694.60000 2406.43
7694.70000 2402.83
7694.80000 2420.23
7694.90000 2428.81
7695.00000 2412.61
7695.10000 2395.54
7695.20000 2408.38
7695.30000 2403.32
7695.40000 2420.84
7695.50000 2372.07
7695.60000 2401.97
7695.70000 2397.63
7695.80000 2390.77
7695.90000 2395.95
7696.00000 2388.96
7696.10000 2389.56
7696.20000 2425.24
7696.30000 2394.61
7696.40000 2382.23
7696.50000 2158.91
7696.60000 1880.21
7696.70000 2310.50
7696.80000 2389.90
7696.90000 2421.11
7697.00000 2397.03
7697.10000 2401.52
7697.20000 2400.45
7697.30000 2377.22
7697.40000 2387.68
7697.50000 2302.85
7697.60000 1853.44
7697.70000 2236.56
7697.80000 2376.81
7697.90000 2391.43
7698.00000 2395.29
7698.10000 2385.73
7698.20000 2402.09
7698.30000 2393.49
7698.40000 2396.48
7698.50000 2403.15
7698.60000 2378.82
7698.70000 2374.71
7698.80000 2372.11
7698.90000 2377.35
7699.00000 2312.65
7699.10000 2309.75
7699.20000 2356.54
7699.30000 2328.78
7699.40000 2227.76
7699.50000 1991.11
7699.60000 1666.16
7699.70000 525.15
7699.80000 1516.86
7699.90000 2329.50
7700.00000 2346.44
7700.10000 2310.14
7700.20000 2338.42
7700.30000 2357.77
7700.40000 2376.09
7700.50000 2354.95
7700.60000 2388.44
7700.70000 2378.58
7700.80000 2377.09
7700.90000 2408.33
7701.00000 2364.39
7701.10000 2363.58
7701.20000 2394.10
7701.30000 2374.70
7701.40000 2391.37
7701.50000 2386.65
7701.60000 2383.51
7701.70000 2386.98
7701.80000 2375.60
7701.90000 2368.32
7702.00000 2378.03
7702.10000 2383.97
7702.20000 2411.20
7702.30000 2393.26
7702.40000 2391.22
7702.50000 2382.45
7702.60000 2402.14
7702.70000 2389.77
7702.80000 2382.85
7702.90000 2368.09
7703.00000 2367.04
7703.10000 2373.50
7703.20000 2378.42
7703.30000 2383.69
7703.40000 2256.69
7703.50000 2157.28
7703.60000 2373.49
7703.70000 2378.30
7703.80000 2382.46
7703.90000 2370.63
7704.00000 2370.22
7704.10000 2367.84
7704.20000 2369.83
7704.30000 2383.24
7704.40000 2336.30
7704.50000 2112.08
7704.60000 2345.43
7704.70000 2410.47
7704.80000 2349.21
7704.90000 2349.17
7705.00000 2389.66
7705.10000 2388.73
7705.20000 2368.70
7705.30000 2374.98
7705.40000 2368.05
7705.50000 2378.53
7705.60000 2379.17
7705.70000 2367.38
7705.80000 2382.09
7705.90000 2370.08
7706.00000 2376.25
7706.10000 2356.92
7706.20000 2362.57
7706.30000 2388.82
7706.40000 2407.72
7706.50000 2379.12
7706.60000 2394.88
7706.70000 2419.34
7706.80000 2390.57
7706.90000 2410.58
7707.00000 2410.77
7707.10000 2418.50
7707.20000 2407.34
7707.30000 2403.67
7707.40000 2431.43
7707.50000 2404.88
7707.60000 2437.74
7707.70000 2425.43
7707.80000 2442.46
7707.90000 2429.05
7708.00000 2450.15
7708.10000 2464.23
7708.20000 2459.09
7708.30000 2461.42
7708.40000 2461.23
7708.50000 2463.07
7708.60000 2477.53
7708.70000 2492.89
7708.80000 2483.43
7708.90000 2483.47
7709.00000 2516.37
7709.10000 2520.16
7709.20000 2539.21
7709.30000 2540.16
7709.40000 2560.31
7709.50000 2591.38
7709.60000 2565.71
7709.70000 2581.83
7709.80000 2559.90
7709.90000 2560.49
7710.00000 2528.02
7710.10000 2536.07
7710.20000 2544.50
7710.30000 2529.82
7710.40000 2519.18
7710.50000 2507.01
7710.60000 2420.31
7710.70000 2471.17
7710.80000 2484.25
7710.90000 2479.37
7711.00000 2479.81
7711.10000 2500.61
7711.20000 2491.44
7711.30000 2488.87
7711.40000 2497.29
7711.50000 2475.81
7711.60000 2410.46
7711.70000 2440.58
7711.80000 2488.93
7711.90000 2465.15
7712.00000 2491.93
7712.10000 2465.68
7712.20000 2458.33
7712.30000 2469.72
7712.40000 2478.60
7712.50000 2467.17
7712.60000 2474.61
7712.70000 2483.13
7712.80000 2497.85
7712.90000 2502.69
7713.00000 2485.53
7713.10000 2461.60
7713.20000 2483.06
7713.30000 2480.65
7713.40000 2485.09
7713.50000 2502.78
7713.60000 2494.55
7713.70000 2489.55
7713.80000 2484.75
7713.90000 2491.66
7714.00000 2495.23
7714.10000 2473.06
7714.20000 2516.84
7714.30000 2499.52
7714.40000 2480.80
7714.50000 2536.33
7714.60000 2544.07
7714.70000 2549.12
7714.80000 2525.67
7714.90000 2541.74
7715.00000 2554.10
7715.10000 2539.63
7715.20000 2540.78
7715.30000 2529.92
7715.40000 2544.44
7715.50000 2537.50
7715.60000 2515.70
7715.70000 2485.08
7715.80000 2505.24
7715.90000 2496.18
7716.00000 2491.34
7716.10000 2499.80
7716.20000 2472.12
7716.30000 2493.34
7716.40000 2483.87
7716.50000 2475.50
7716.60000 2490.93
7716.70000 2458.25
7716.80000 2469.33
7716.90000 2452.43
7717.00000 2425.31
7717.10000 2439.19
7717.20000 2409.38
7717.30000 2414.02
7717.40000 2449.19
7717.50000 2413.69
7717.60000 2451.92
7717.70000 2426.45
7717.80000 2430.97
7717.90000 2385.89
7718.00000 2340.77
7718.10000 2361.30
7718.20000 2362.26
7718.30000 2383.34
7718.40000 2410.85
7718.50000 2402.04
7718.60000 2403.99
7718.70000 2421.76
7718.80000 2397.99
7718.90000 2373.10
7719.00000 2333.08
7719.10000 2373.55
7719.20000 2372.74
7719.30000 2380.78
7719.40000 2372.00
7719.50000 2356.87
7719.60000 2365.12
7719.70000 2365.92
7719.80000 2369.55
7719.90000 2363.20
7720.00000 2358.40
7720.10000 2364.41
7720.20000 2364.54
7720.30000 2384.92
7720.40000 2359.36
7720.50000 2367.73
7720.60000 2372.38
7720.70000 2339.95
7720.80000 2367.84
7720.90000 2368.05
7721.00000 2304.36
7721.10000 2332.99
7721.20000 2353.68
7721.30000 2366.70
7721.40000 2360.71
7721.50000 2361.93
7721.60000 2351.83
7721.70000 2346.75
7721.80000 2366.90
7721.90000 2374.66
7722.00000 2375.52
7722.10000 2344.42
7722.20000 2300.17
7722.30000 2337.59
7722.40000 2319.76
7722.50000 2325.70
7722.60000 2348.81
7722.70000 2345.93
7722.80000 2303.82
7722.90000 2327.01
7723.00000 2342.29
7723.10000 2365.00
7723.20000 2360.02
7723.30000 2377.56
7723.40000 2380.34
7723.50000 2384.37
7723.60000 2371.68
7723.70000 2379.08
7723.80000 2376.93
7723.90000 2368.58
7724.00000 2383.79
7724.10000 2364.30
7724.20000 2356.20
7724.30000 2368.34
7724.40000 2384.75
7724.50000 2345.04
7724.60000 2360.72
7724.70000 2369.76
7724.80000 2352.23
7724.90000 2348.03
7725.00000 2352.93
7725.10000 2367.75
7725.20000 2367.10
7725.30000 2344.24
7725.40000 2330.89
7725.50000 2376.60
7725.60000 2376.69
7725.70000 2368.66
7725.80000 2345.43
7725.90000 2370.30
7726.00000 2371.62
7726.10000 2354.75
7726.20000 2349.93
7726.30000 2362.96
7726.40000 2356.80
7726.50000 2304.33
7726.60000 2345.52
7726.70000 2370.56
7726.80000 2381.83
7726.90000 2357.53
7727.00000 2358.30
7727.10000 2357.09
7727.20000 2368.70
7727.30000 2377.93
7727.40000 2390.27
7727.50000 2381.01
7727.60000 2380.36
7727.70000 2369.45
7727.80000 2361.72
7727.90000 2393.43
7728.00000 2371.41
7728.10000 2384.21
7728.20000 2357.69
7728.30000 2350.92
7728.40000 2378.17
7728.50000 2386.95
7728.60000 2368.67
7728.70000 2387.84
7728.80000 2379.72
7728.90000 2382.41
7729.00000 2382.09
7729.10000 2362.95
7729.20000 2374.44
7729.30000 2367.21
7729.40000 2374.21
7729.50000 2400.50
7729.60000 2385.58
7729.70000 2384.01
7729.80000 2346.55
7729.90000 2369.11
7730.00000 2384.22
7730.10000 2360.81
7730.20000 2381.25
7730.30000 2394.93
7730.40000 2361.17
7730.50000 2391.47
7730.60000 2363.80
7730.70000 2368.23
7730.80000 2387.63
7730.90000 2375.41
7731.00000 2368.89
7731.10000 2389.64
7731.20000 2370.45
7731.30000 2360.47
7731.40000 2368.13
7731.50000 2372.14
7731.60000 2369.21
7731.70000 2367.97
7731.80000 2378.70
7731.90000 2373.51
7732.00000 2378.81
7732.10000 2369.93
7732.20000 2384.77
7732.30000 2357.48
7732.40000 2364.48
7732.50000 2370.28
7732.60000 2375.39
7732.70000 2391.45
7732.80000 2365.89
7732.90000 2346.38
7733.00000 2381.99
7733.10000 2373.68
7733.20000 2372.88
7733.30000 2363.34
7733.40000 2368.33
7733.50000 2358.70
7733.60000 2376.84
7733.70000 2373.61
7733.80000 2376.63
7733.90000 2367.39
7734.00000 2375.49
7734.10000 2363.96
7734.20000 2395.27
7734.30000 2374.46
7734.40000 2371.61
7734.50000 2342.78
7734.60000 2359.10
7734.70000 2362.46
7734.80000 2366.80
7734.90000 2373.90
7735.00000 2387.95
7735.10000 2388.23
7735.20000 2369.00
7735.30000 2359.44
7735.40000 2376.38
7735.50000 2386.73
7735.60000 2373.57
7735.70000 2343.69
7735.80000 2359.92
7735.90000 2399.97
7736.00000 2382.26
7736.10000 2355.80
7736.20000 2370.86
7736.30000 2378.08
7736.40000 2368.31
7736.50000 2381.40
7736.60000 2357.59
7736.70000 2381.09
7736.80000 2370.95
7736.90000 2355.65
7737.00000 2358.31
7737.10000 2363.44
7737.20000 2372.41
7737.30000 2382.97
7737.40000 2372.86
7737.50000 2376.73
7737.60000 2392.93
7737.70000 2366.26
7737.80000 2388.31
7737.90000 2367.32
7738.00000 2382.92
7738.10000 2360.24
7738.20000 2376.24
7738.30000 2372.79
7738.40000 2399.80
7738.50000 2381.54
7738.60000 2362.45
7738.70000 2367.88
7738.80000 2362.21
7738.90000 2374.64
7739.00000 2379.45
7739.10000 2361.83
7739.20000 2373.86
7739.30000 2362.02
7739.40000 2350.27
7739.50000 2347.04
7739.60000 2349.43
7739.70000 2355.37
7739.80000 2369.51
7739.90000 2370.09
7740.00000 2365.39
7740.10000 2378.06
7740.20000 2366.74
7740.30000 2375.33
7740.40000 2358.69
7740.50000 2366.57
7740.60000 2379.67
7740.70000 2360.05
7740.80000 2363.87
7740.90000 2368.20
7741.00000 2357.64
7741.10000 2374.21
7741.20000 2362.54
7741.30000 2361.74
7741.40000 2375.32
7741.50000 2366.61
7741.60000 2343.96
7741.70000 2387.39
7741.80000 2375.67
7741.90000 2370.83
7742.00000 2374.95
7742.10000 2382.37
7742.20000 2372.60
7742.30000 2367.45
7742.40000 2358.93
7742.50000 2351.78
7742.60000 2328.55
7742.70000 2347.06
7742.80000 2352.72
7742.90000 2371.72
7743.00000 2365.97
7743.10000 2381.87
7743.20000 2369.17
7743.30000 2354.90
7743.40000 2348.71
7743.50000 2360.51
7743.60000 2354.20
7743.70000 2355.18
7743.80000 2351.84
7743.90000 2363.46
7744.00000 2353.13
7744.10000 2339.12
7744.20000 2375.44
7744.30000 2356.74
7744.40000 2369.39
7744.50000 2374.20
7744.60000 2336.24
7744.70000 2360.50
7744.80000 2355.41
7744.90000 2344.05
7745.00000 2360.10
7745.10000 2372.93
7745.20000 2359.66
7745.30000 2363.52
7745.40000 2354.56
7745.50000 2368.64
7745.60000 2370.19
7745.70000 2366.44
7745.80000 2356.69
7745.90000 2341.71
7746.00000 2366.84
7746.10000 2347.01
7746.20000 2374.86
7746.30000 2372.46
7746.40000 2356.23
7746.50000 2358.85
7746.60000 2356.48
7746.70000 2356.62
7746.80000 2353.99
7746.90000 2360.42
7747.00000 2363.66
7747.10000 2370.70
7747.20000 2352.25
7747.30000 2356.74
7747.40000 2355.38
7747.50000 2358.98
7747.60000 2373.79
7747.70000 2351.39
7747.80000 2332.53
7747.90000 2353.58
7748.00000 2360.01
7748.10000 2360.49
7748.20000 2366.52
7748.30000 2371.32
7748.40000 2395.28
7748.50000 2362.19
7748.60000 2362.17
7748.70000 2349.02
7748.80000 2345.15
7748.90000 2352.62
7749.00000 2372.13
7749.10000 2353.55
7749.20000 2369.23
7749.30000 2361.18
7749.40000 2367.04
7749.50000 2359.21
7749.60000 2370.56
7749.70000 2357.64
7749.80000 2341.56
7749.90000 2359.64
7750.00000 2338.68
7750.10000 2354.31
7750.20000 2340.01
7750.30000 2341.90
7750.40000 2357.07
7750.50000 2374.74
7750.60000 2358.47
7750.70000 2323.41
7750.80000 2339.67
7750.90000 2364.21
7751.00000 2370.06
7751.10000 2372.56
7751.20000 2355.14
7751.30000 2369.91
7751.40000 2417.02
7751.50000 2364.60
7751.60000 2374.61
7751.70000 2246.18
7751.80000 1593.76
7751.90000 2346.57
7752.00000 2350.23
7752.10000 2355.84
7752.20000 2381.85
7752.30000 2352.76
7752.40000 2360.86
7752.50000 2359.49
7752.60000 2361.83
7752.70000 2364.86
7752.80000 2346.28
7752.90000 2358.41
7753.00000 2358.53
7753.10000 2342.77
7753.20000 2349.90
7753.30000 2365.67
7753.40000 2352.46
7753.50000 2363.97
7753.60000 2353.21
7753.70000 2327.44
7753.80000 2351.00
7753.90000 2369.59
7754.00000 2348.43
7754.10000 2359.15
7754.20000 2363.26
7754.30000 2347.73
7754.40000 2361.65
7754.50000 2363.20
7754.60000 2352.73
7754.70000 2342.76
7754.80000 2345.20
7754.90000 2352.29
7755.00000 2349.84
7755.10000 2358.45
7755.20000 2354.06
7755.30000 2352.06
7755.40000 2369.21
7755.50000 2365.19
7755.60000 2341.93
7755.70000 2350.67
7755.80000 2363.26
7755.90000 2352.12
7756.00000 2376.84
7756.10000 2346.78
7756.20000 2360.85
7756.30000 2353.25
7756.40000 2358.17
7756.50000 2372.11
7756.60000 2360.69
7756.70000 2359.68
7756.80000 2379.34
7756.90000 2376.64
7757.00000 2357.62
7757.10000 2352.85
7757.20000 2340.51
7757.30000 2315.14
7757.40000 2342.02
7757.50000 2368.82
7757.60000 2337.83
7757.70000 2337.14
7757.80000 2334.99
7757.90000 2357.31
7758.00000 2349.51
7758.10000 2352.25
7758.20000 2338.78
7758.30000 2346.20
7758.40000 2340.91
7758.50000 2337.41
7758.60000 2355.37
7758.70000 2335.51
7758.80000 2343.95
7758.90000 2349.16
7759.00000 2350.20
7759.10000 2355.50
7759.20000 2344.94
7759.30000 2356.61
7759.40000 2342.48
7759.50000 2340.37
7759.60000 2352.29
7759.70000 2366.51
7759.80000 2336.73
7759.90000 2340.42
7760.00000 2348.61
7760.10000 2345.10
7760.20000 2371.95
7760.30000 2349.37
7760.40000 2347.06
7760.50000 2340.48
7760.60000 2343.49
7760.70000 2365.63
7760.80000 2370.62
7760.90000 2351.57
7761.00000 2344.29
7761.10000 2333.56
7761.20000 2354.14
7761.30000 2329.29
7761.40000 2339.74
7761.50000 2346.51
7761.60000 2336.45
7761.70000 2338.59
7761.80000 2326.40
7761.90000 2365.50
7762.00000 2348.07
7762.10000 2335.17
7762.20000 2309.03
7762.30000 2321.85
7762.40000 2338.65
7762.50000 2340.94
7762.60000 2322.02
7762.70000 2349.02
7762.80000 2342.14
7762.90000 2342.61
7763.00000 2328.04
7763.10000 2319.52
7763.20000 2339.12
7763.30000 2330.03
7763.40000 2340.19
7763.50000 2328.02
7763.60000 2334.21
7763.70000 2343.04
7763.80000 2329.67
7763.90000 2349.64
7764.00000 2355.54
7764.10000 2338.47
7764.20000 2323.13
7764.30000 2319.81
7764.40000 2342.75
7764.50000 2335.33
7764.60000 2316.76
7764.70000 2321.31
7764.80000 2315.40
7764.90000 2331.60
7765.00000 2321.68
7765.10000 2318.28
7765.20000 2343.02
7765.30000 2326.92
7765.40000 2323.51
7765.50000 2307.60
7765.60000 2322.06
7765.70000 2327.74
7765.80000 2314.21
7765.90000 2332.09
7766.00000 2326.60
7766.10000 2319.77
7766.20000 2315.28
7766.30000 2319.20
7766.40000 2307.72
7766.50000 2330.76
7766.60000 2335.40
7766.70000 2317.83
7766.80000 2328.66
7766.90000 2340.50
7767.00000 2333.69
7767.10000 2308.02
7767.20000 2326.33
7767.30000 2324.32
7767.40000 2346.71
7767.50000 2334.79
7767.60000 2322.53
7767.70000 2344.83
7767.80000 2323.27
7767.90000 2335.31
7768.00000 2325.23
7768.10000 2363.80
7768.20000 2354.85
7768.30000 2368.09
7768.40000 2363.00
7768.50000 2361.97
7768.60000 2374.15
7768.70000 2383.88
7768.80000 2371.48
7768.90000 2376.25
7769.00000 2411.67
7769.10000 2408.88
7769.20000 2418.65
7769.30000 2427.18
7769.40000 2430.00
7769.50000 2447.12
7769.60000 2470.97
7769.70000 2463.06
7769.80000 2465.53
7769.90000 2491.70
7770.00000 2495.29
7770.10000 2488.68
7770.20000 2505.54
7770.30000 2508.82
7770.40000 2492.60
7770.50000 2522.10
7770.60000 2492.43
7770.70000 2484.33
7770.80000 2518.52
7770.90000 2504.11
7771.00000 2501.83
7771.10000 2509.64
7771.20000 2508.87
7771.30000 2510.95
7771.40000 2519.11
7771.50000 2538.99
7771.60000 2520.43
7771.70000 2541.37
7771.80000 2527.64
7771.90000 2523.21
7772.00000 2557.87
7772.10000 2554.00
7772.20000 2561.35
7772.30000 2559.41
7772.40000 2568.67
7772.50000 2554.34
7772.60000 2565.35
7772.70000 2549.07
7772.80000 2566.09
7772.90000 2579.37
7773.00000 2553.87
7773.10000 2560.08
7773.20000 2566.93
7773.30000 2579.23
7773.40000 2572.77
7773.50000 2572.02
7773.60000 2714.30
7773.70000 2550.82
7773.80000 2565.49
7773.90000 2571.18
7774.00000 2573.51
7774.10000 2546.60
7774.20000 2569.46
7774.30000 2571.66
7774.40000 2547.98
7774.50000 2560.54
7774.60000 2548.81
7774.70000 2546.30
7774.80000 2556.46
7774.90000 2569.91
7775.00000 2560.92
7775.10000 2562.25
7775.20000 2549.31
7775.30000 2553.44
7775.40000 2543.94
7775.50000 2538.34
7775.60000 2532.19
7775.70000 2544.70
7775.80000 2591.73
7775.90000 2571.57
7776.00000 2570.51
7776.10000 2560.92
7776.20000 2559.94
7776.30000 2571.49
7776.40000 2527.42
7776.50000 2527.27
7776.60000 2536.57
7776.70000 2544.23
7776.80000 2546.31
7776.90000 2532.10
7777.00000 2541.54
7777.10000 2515.70
7777.20000 2510.87
7777.30000 2537.60
7777.40000 2542.36
7777.50000 2519.90
7777.60000 2513.50
7777.70000 2515.20
7777.80000 2530.71
7777.90000 2512.56
7778.00000 2547.96
7778.10000 2524.42
7778.20000 2521.32
7778.30000 2496.68
7778.40000 2497.74
7778.50000 2494.10
7778.60000 2485.71
7778.70000 2495.11
7778.80000 2493.52
7778.90000 2481.80
7779.00000 2492.84
7779.10000 2462.24
7779.20000 2479.50
7779.30000 2444.60
7779.40000 2454.76
7779.50000 2454.79
7779.60000 2444.30
7779.70000 2412.54
7779.80000 2417.43
7779.90000 2436.59
7780.00000 2400.94
7780.10000 2410.48
7780.20000 2409.44
7780.30000 2390.11
7780.40000 2373.31
7780.50000 2374.82
7780.60000 2371.10
7780.70000 2361.80
7780.80000 2364.39
7780.90000 2353.36
7781.00000 2358.03
7781.10000 2377.96
7781.20000 2353.87
7781.30000 2325.06
7781.40000 2337.12
7781.50000 2337.92
7781.60000 2341.87
7781.70000 2334.35
7781.80000 2334.62
7781.90000 2322.04
7782.00000 2329.59
7782.10000 2347.61
7782.20000 2336.63
7782.30000 2322.36
7782.40000 2333.56
7782.50000 2317.15
7782.60000 2333.85
7782.70000 2332.02
7782.80000 2307.36
7782.90000 2313.50
7783.00000 2332.84
7783.10000 2328.24
7783.20000 2330.60
7783.30000 2339.12
7783.40000 2318.40
7783.50000 2334.70
7783.60000 2327.24
7783.70000 2315.05
7783.80000 2328.43
7783.90000 2325.31
7784.00000 2345.07
7784.10000 2339.39
7784.20000 2329.67
7784.30000 2328.42
7784.40000 2331.47
7784.50000 2316.77
7784.60000 2351.72
7784.70000 2331.46
7784.80000 2354.03
7784.90000 2342.61
7785.00000 2344.54
7785.10000 2334.50
7785.20000 2359.31
7785.30000 2332.14
7785.40000 2337.31
7785.50000 2346.43
7785.60000 2318.38
7785.70000 2320.77
7785.80000 2344.48
7785.90000 2355.16
7786.00000 2332.93
7786.10000 2354.15
7786.20000 2372.98
7786.30000 2361.64
7786.40000 2362.24
7786.50000 2341.27
7786.60000 2349.99
7786.70000 2349.41
7786.80000 2354.66
7786.90000 2313.35
7787.00000 2340.01
7787.10000 2328.15
7787.20000 2342.61
7787.30000 2348.70
7787.40000 2340.26
7787.50000 2327.37
7787.60000 2338.07
7787.70000 2348.05
7787.80000 2346.56
7787.90000 2345.11
7788.00000 2322.04
7788.10000 2335.01
7788.20000 2349.46
7788.30000 2341.37
7788.40000 2342.58
7788.50000 2363.78
7788.60000 2319.38
7788.70000 2315.54
7788.80000 2309.08
7788.90000 2327.24
7789.00000 2334.90
7789.10000 2363.19
7789.20000 2317.97
7789.30000 2350.88
7789.40000 2362.60
7789.50000 2352.32
7789.60000 2324.19
7789.70000 2314.21
7789.80000 2322.27
7789.90000 2345.63
7790.00000 2351.05
7790.10000 2356.44
7790.20000 2327.89
7790.30000 2321.44
7790.40000 2321.87
7790.50000 2315.90
7790.60000 2320.29
7790.70000 2320.71
7790.80000 2317.03
7790.90000 2324.62
7791.00000 2326.48
7791.10000 2315.95
7791.20000 2314.93
7791.30000 2322.96
7791.40000 2317.21
7791.50000 2323.36
7791.60000 2318.70
7791.70000 2317.49
7791.80000 2339.72
7791.90000 2305.05
7792.00000 2334.28
7792.10000 2323.76
7792.20000 2334.50
7792.30000 2332.96
7792.40000 2337.57
7792.50000 2331.22
7792.60000 2330.47
7792.70000 2327.15
7792.80000 2320.43
7792.90000 2318.16
7793.00000 2321.60
7793.10000 2320.47
7793.20000 2308.61
7793.30000 2332.51
7793.40000 2303.80
7793.50000 2335.45
7793.60000 2319.83
7793.70000 2307.53
7793.80000 2317.41
7793.90000 2342.00
7794.00000 2311.02
7794.10000 2302.29
7794.20000 2321.19
7794.30000 2322.82
7794.40000 2324.36
7794.50000 2318.86
7794.60000 2328.97
7794.70000 2321.25
7794.80000 2345.26
7794.90000 2360.04
7795.00000 2310.01
7795.10000 2357.84
7795.20000 2337.31
7795.30000 2316.84
7795.40000 2320.79
7795.50000 2315.94
7795.60000 2312.91
7795.70000 2336.27
7795.80000 2313.65
7795.90000 2323.40
7796.00000 2329.20
7796.10000 2323.84
7796.20000 2326.11
7796.30000 2309.81
7796.40000 2323.11
7796.50000 2335.28
7796.60000 2309.09
7796.70000 2327.01
7796.80000 2301.63
7796.90000 2328.90
7797.00000 2313.67
7797.10000 2325.23
7797.20000 2337.90
7797.30000 2332.77
7797.40000 2304.86
7797.50000 2303.70
7797.60000 2333.56
7797.70000 2325.65
7797.80000 2313.71
7797.90000 2299.45
7798.00000 2327.02
7798.10000 2352.60
7798.20000 2331.87
7798.30000 2321.75
7798.40000 2326.04
7798.50000 2313.39
7798.60000 2314.01
7798.70000 2356.81
7798.80000 2336.62
7798.90000 2324.29
7799.00000 2327.08
7799.10000 2346.35
7799.20000 2336.21
7799.30000 2334.37
7799.40000 2338.04
7799.50000 2336.18
7799.60000 2323.48
7799.70000 2333.67
7799.80000 2340.64
7799.90000 2324.92
7800.00000 2317.94
7800.10000 2319.01
7800.20000 2326.23
7800.30000 2341.89
7800.40000 2328.78
7800.50000 2303.65
7800.60000 2308.50
7800.70000 2322.54
7800.80000 2313.85
7800.90000 2299.88
7801.00000 2302.27
7801.10000 2309.80
7801.20000 2339.35
7801.30000 2329.24
7801.40000 2329.74
7801.50000 2333.48
7801.60000 2323.42
7801.70000 2334.58
7801.80000 2314.25
7801.90000 2324.73
7802.00000 2331.70
7802.10000 2335.51
7802.20000 2326.78
7802.30000 2329.66
7802.40000 2311.22
7802.50000 2332.94
7802.60000 2341.45
7802.70000 2334.53
7802.80000 2329.34
7802.90000 2321.34
7803.00000 2330.39
7803.10000 2323.00
7803.20000 2339.27
7803.30000 2317.71
7803.40000 2313.22
7803.50000 2319.28
7803.60000 2311.73
7803.70000 2307.15
7803.80000 2327.43
7803.90000 2338.64
7804.00000 2332.68
7804.10000 2324.51
7804.20000 2310.69
7804.30000 2334.68
7804.40000 2338.40
7804.50000 2318.59
7804.60000 2336.84
7804.70000 2316.43
7804.80000 2299.20
7804.90000 2311.27
7805.00000 2322.81
7805.10000 2310.34
7805.20000 2326.73
7805.30000 2306.16
7805.40000 2328.35
7805.50000 2315.99
7805.60000 2334.79
7805.70000 2318.52
7805.80000 2294.39
7805.90000 2321.05
7806.00000 2324.22
7806.10000 2325.14
7806.20000 2299.44
7806.30000 2311.30
7806.40000 2299.84
7806.50000 2314.71
7806.60000 2293.02
7806.70000 2348.92
7806.80000 2349.99
7806.90000 2331.58
7807.00000 2343.79
7807.10000 2297.37
7807.20000 2305.62
7807.30000 2323.90
7807.40000 2349.67
7807.50000 2301.21
7807.60000 2321.88
7807.70000 2325.17
7807.80000 2288.34
7807.90000 2309.46
7808.00000 2295.13
7808.10000 2321.57
7808.20000 2305.34
7808.30000 2316.25
7808.40000 2319.21
7808.50000 2332.95
7808.60000 2297.68
7808.70000 2333.29
7808.80000 2332.88
7808.90000 2287.77
7809.00000 2302.56
7809.10000 2299.44
7809.20000 2330.15
7809.30000 2291.61
7809.40000 2295.51
7809.50000 2317.32
7809.60000 2309.94
7809.70000 2294.83
7809.80000 2293.24
7809.90000 2302.34
7810.00000 2302.62
7810.10000 2313.95
7810.20000 2279.94
7810.30000 2291.32
7810.40000 2321.58
7810.50000 2308.14
7810.60000 2326.32
7810.70000 2293.99
7810.80000 2304.10
7810.90000 2323.39
7811.00000 2288.77
7811.10000 2300.20
7811.20000 2280.41
7811.30000 2299.58
7811.40000 2281.29
7811.50000 2329.17
7811.60000 2302.36
7811.70000 2287.92
7811.80000 2312.92
7811.90000 2300.54
7812.00000 2283.90
7812.10000 2297.23
7812.20000 2300.66
7812.30000 2280.40
7812.40000 2296.59
7812.50000 2303.72
7812.60000 2323.77
7812.70000 2304.25
7812.80000 2315.33
7812.90000 2292.43
7813.00000 2272.89
7813.10000 2296.90
7813.20000 2300.18
7813.30000 2289.03
7813.40000 2278.40
7813.50000 2293.08
7813.60000 2286.37
7813.70000 2306.29
7813.80000 2329.75
7813.90000 2290.51
7814.00000 2291.00
7814.10000 2269.41
7814.20000 2314.34
7814.30000 2302.58
7814.40000 2324.48
7814.50000 2279.44
7814.60000 2315.19
7814.70000 2319.19
7814.80000 2264.91
7814.90000 2315.20
7815.00000 2304.28
7815.10000 2325.22
7815.20000 2296.57
7815.30000 2287.95
7815.40000 2289.54
7815.50000 2318.92
7815.60000 2303.73
7815.70000 2241.50
7815.80000 2268.92
7815.90000 2286.46
7816.00000 2305.91
7816.10000 2309.99
7816.20000 2300.79
7816.30000 2305.37
7816.40000 2333.97
7816.50000 2309.30
7816.60000 2308.28
7816.70000 2302.66
7816.80000 2309.55
7816.90000 2317.71
7817.00000 2303.24
7817.10000 2296.21
7817.20000 2287.45
7817.30000 2272.23
7817.40000 2311.56
7817.50000 2313.53
7817.60000 2312.15
7817.70000 2309.28
7817.80000 2291.21
7817.90000 2294.24
7818.00000 2289.04
7818.10000 2274.75
7818.20000 2302.48
7818.30000 2284.46
7818.40000 2328.48
7818.50000 2347.01
7818.60000 2321.13
7818.70000 2285.31
7818.80000 2312.79
7818.90000 2290.77
7819.00000 2322.83
7819.10000 2309.42
7819.20000 2286.58
7819.30000 2301.75
7819.40000 2298.15
7819.50000 2289.55
7819.60000 2301.91
7819.70000 2274.19
7819.80000 2317.10
7819.90000 2300.04
7820.00000 2295.92
7820.10000 2299.37
7820.20000 2330.36
7820.30000 2299.55
7820.40000 2257.03
7820.50000 2289.45
7820.60000 2276.95
7820.70000 2285.37
7820.80000 2262.98
7820.90000 2288.55
7821.00000 2285.45
7821.10000 2273.11
7821.20000 2311.86
7821.30000 2274.98
7821.40000 2301.85
7821.50000 2291.81
7821.60000 2278.97
7821.70000 2284.84
7821.80000 2308.31
7821.90000 2285.94
7822.00000 2281.88
7822.10000 2324.08
7822.20000 2320.22
7822.30000 2324.14
7822.40000 2307.09
7822.50000 2279.05
7822.60000 2282.48
7822.70000 2321.17
7822.80000 2293.42
7822.90000 2286.75
7823.00000 2265.52
7823.10000 2299.78
7823.20000 2310.18
7823.30000 2293.65
7823.40000 2281.00
7823.50000 2291.74
7823.60000 2282.82
7823.70000 2302.41
7823.80000 2282.38
7823.90000 2279.95
7824.00000 2305.27
7824.10000 2293.24
7824.20000 2291.55
7824.30000 2279.15
7824.40000 2293.51
7824.50000 2289.00
7824.60000 2287.20
7824.70000 2278.75
7824.80000 2287.34
7824.90000 2304.40
7825.00000 2277.50
7825.10000 2283.70
7825.20000 2291.13
7825.30000 2284.34
7825.40000 2265.99
7825.50000 2290.46
7825.60000 2285.09
7825.70000 2274.51
7825.80000 2304.65
7825.90000 2312.23
7826.00000 2283.73
7826.10000 2289.38
7826.20000 2291.72
7826.30000 2288.46
7826.40000 2278.89
7826.50000 2308.02
7826.60000 2277.83
7826.70000 2290.21
7826.80000 2279.27
7826.90000 2291.14
7827.00000 2260.44
7827.10000 2276.27
7827.20000 2272.94
7827.30000 2280.21
7827.40000 2286.72
7827.50000 2291.29
7827.60000 2280.35
7827.70000 2289.91
7827.80000 2284.08
7827.90000 2298.20
7828.00000 2284.72
7828.10000 2274.12
7828.20000 2275.17
7828.30000 2297.55
7828.40000 2274.51
7828.50000 2281.43
7828.60000 2286.13
7828.70000 2285.08
7828.80000 2284.96
7828.90000 2276.90
7829.00000 2290.42
7829.10000 2293.17
7829.20000 2295.76
7829.30000 2301.61
7829.40000 2277.08
7829.50000 2272.43
7829.60000 2281.50
7829.70000 2280.46
7829.80000 2243.54
7829.90000 2290.28
7830.00000 2281.40
7830.10000 2284.57
7830.20000 2289.92
7830.30000 2264.31
7830.40000 2255.35
7830.50000 2295.61
7830.60000 2292.55
7830.70000 2273.46
7830.80000 2308.05
7830.90000 2273.62
7831.00000 2275.29
7831.10000 2288.78
7831.20000 2299.14
7831.30000 2281.89
7831.40000 2259.70
7831.50000 2282.62
7831.60000 2305.73
7831.70000 2293.23
7831.80000 2309.82
7831.90000 2281.98
7832.00000 2303.18
7832.10000 2281.29
7832.20000 2278.59
7832.30000 2286.07
7832.40000 2305.16
7832.50000 2315.12
7832.60000 2311.31
7832.70000 2323.66
7832.80000 2317.10
7832.90000 2320.23
7833.00000 2293.42
7833.10000 2289.29
7833.20000 2266.59
7833.30000 2236.36
7833.40000 2265.98
7833.50000 2268.44
7833.60000 2282.64
7833.70000 2249.71
7833.80000 2280.75
7833.90000 2309.04
7834.00000 2316.73
7834.10000 2293.30
7834.20000 2314.37
7834.30000 2248.47
7834.40000 2262.52
7834.50000 2296.74
7834.60000 2281.25
7834.70000 2311.33
7834.80000 2314.79
7834.90000 2302.84
7835.00000 2287.76
7835.10000 2310.91
7835.20000 2287.72
7835.30000 2285.18
7835.40000 2292.39
7835.50000 2315.08
7835.60000 2283.75
7835.70000 2287.87
7835.80000 2274.76
7835.90000 2281.05
7836.00000 2308.23
7836.10000 2288.91
7836.20000 2335.51
7836.30000 2297.97
7836.40000 2305.40
7836.50000 2304.42
7836.60000 2304.90
7836.70000 2302.18
7836.80000 2288.45
7836.90000 2299.76
7837.00000 2288.02
7837.10000 2289.74
7837.20000 2274.32
7837.30000 2301.22
7837.40000 2291.30
7837.50000 2307.89
7837.60000 2329.18
7837.70000 2283.20
7837.80000 2292.35
7837.90000 2282.21
7838.00000 2308.79
7838.10000 2301.01
7838.20000 2287.85
7838.30000 2275.60
7838.40000 2281.05
7838.50000 2293.07
7838.60000 2289.54
7838.70000 2289.27
7838.80000 2286.74
7838.90000 2282.58
7839.00000 2315.37
7839.10000 2270.84
7839.20000 2285.41
7839.30000 2304.52
7839.40000 2288.58
7839.50000 2297.11
7839.60000 2311.27
7839.70000 2285.56
7839.80000 2307.18
7839.90000 2297.33
7840.00000 2305.56
7840.10000 2294.76
7840.20000 2278.32
7840.30000 2266.51
7840.40000 2270.37
7840.50000 2293.89
7840.60000 2306.66
7840.70000 2288.21
7840.80000 2294.08
7840.90000 2297.39
7841.00000 2333.19
7841.10000 2298.76
7841.20000 2289.07
7841.30000 2287.54
7841.40000 2288.96
7841.50000 2263.15
7841.60000 2289.78
7841.70000 2271.69
7841.80000 2291.87
7841.90000 2295.21
7842.00000 2303.60
7842.10000 2274.53
7842.20000 2263.72
7842.30000 2295.22
7842.40000 2270.19
7842.50000 2301.49
7842.60000 2277.44
7842.70000 2270.89
7842.80000 2268.24
7842.90000 2282.35
7843.00000 2292.25
7843.10000 2299.80
7843.20000 2267.12
7843.30000 2290.69
7843.40000 2271.96
7843.50000 2284.02
7843.60000 2284.89
7843.70000 2458.51
7843.80000 2272.02
7843.90000 2267.53
7844.00000 2267.28
7844.10000 2287.99
7844.20000 2315.80
7844.30000 2357.68
7844.40000 2292.97
7844.50000 2291.13
7844.60000 2271.84
7844.70000 2297.37
7844.80000 2311.48
7844.90000 2257.09
7845.00000 2284.67
7845.10000 2290.53
7845.20000 2290.77
7845.30000 2288.42
7845.40000 2309.05
7845.50000 2277.56
7845.60000 2286.62
7845.70000 2286.05
7845.80000 2274.47
7845.90000 2303.44
7846.00000 2257.07
7846.10000 2274.54
7846.20000 2282.41
7846.30000 2283.06
7846.40000 2275.43
7846.50000 2300.32
7846.60000 2325.54
7846.70000 2273.09
7846.80000 2283.46
7846.90000 2273.95
7847.00000 2226.14
7847.10000 2259.36
7847.20000 2258.21
7847.30000 2289.92
7847.40000 2289.43
7847.50000 2315.34
7847.60000 2297.55
7847.70000 2294.62
7847.80000 2291.18
7847.90000 2298.84
7848.00000 2309.25
7848.10000 2272.64
7848.20000 2294.36
7848.30000 2269.13
7848.40000 2282.73
7848.50000 2296.67
7848.60000 2288.39
7848.70000 2267.53
7848.80000 2290.09
7848.90000 2289.13
7849.00000 2267.00
7849.10000 2275.52
7849.20000 2303.34
7849.30000 2262.16
7849.40000 2274.25
7849.50000 2270.55
7849.60000 2263.04
7849.70000 2287.95
7849.80000 2272.67
7849.90000 2294.28
7850.00000 2274.44
7850.10000 2295.00
7850.20000 2279.90
7850.30000 2284.44
7850.40000 2302.95
7850.50000 2286.72
7850.60000 2293.12
7850.70000 2291.12
7850.80000 2279.09
7850.90000 2312.63
7851.00000 2267.46
7851.10000 2302.70
7851.20000 2310.58
7851.30000 2265.93
7851.40000 2292.03
7851.50000 2276.41
7851.60000 2304.91
7851.70000 2274.55
7851.80000 2288.01
7851.90000 2299.95
7852.00000 2299.83
7852.10000 2294.81
7852.20000 2294.26
7852.30000 2284.42
7852.40000 2299.67
7852.50000 2292.49
7852.60000 2269.00
7852.70000 2282.43
7852.80000 2298.42
7852.90000 2288.86
7853.00000 2288.00
7853.10000 2270.30
7853.20000 2278.88
7853.30000 2301.52
7853.40000 2246.47
7853.50000 2293.66
7853.60000 2273.53
7853.70000 2288.67
7853.80000 2291.59
7853.90000 2294.47
7854.00000 2306.31
7854.10000 2295.09
7854.20000 2318.67
7854.30000 2283.25
7854.40000 2279.90
7854.50000 2284.69
7854.60000 2290.29
7854.70000 2282.86
7854.80000 2257.74
7854.90000 2292.10
7855.00000 2301.23
7855.10000 2283.08
7855.20000 2282.17
7855.30000 2266.16
7855.40000 2229.83
7855.50000 2244.87
7855.60000 2316.68
7855.70000 2282.44
7855.80000 2283.79
7855.90000 2286.90
7856.00000 2291.67
7856.10000 2280.99
7856.20000 2282.47
7856.30000 2273.73
7856.40000 2294.11
7856.50000 2314.78
7856.60000 2270.74
7856.70000 2293.24
7856.80000 2314.62
7856.90000 2268.62
7857.00000 2295.87
7857.10000 2262.71
7857.20000 2276.07
7857.30000 2309.31
7857.40000 2279.68
7857.50000 2265.06
7857.60000 2272.57
7857.70000 2294.02
7857.80000 2323.83
7857.90000 2279.27
7858.00000 2288.41
7858.10000 2299.62
7858.20000 2300.30
7858.30000 2296.01
7858.40000 2277.32
7858.50000 2289.64
7858.60000 2297.90
7858.70000 2282.72
7858.80000 2288.50
7858.90000 2284.34
7859.00000 2286.01
7859.10000 2279.99
7859.20000 2256.33
7859.30000 2285.87
7859.40000 2277.44
7859.50000 2271.57
7859.60000 2279.03
7859.70000 2272.06
7859.80000 2267.35
7859.90000 2279.20
7860.00000 2279.61
7860.10000 2263.45
7860.20000 2284.30
7860.30000 2280.21
7860.40000 2278.60
7860.50000 2285.82
7860.60000 2254.09
7860.70000 2276.07
7860.80000 2276.53
7860.90000 2274.10
7861.00000 2289.22
7861.10000 2279.96
7861.20000 2269.34
7861.30000 2287.06
7861.40000 2281.93
7861.50000 2230.37
7861.60000 2260.21
7861.70000 2270.70
7861.80000 2248.76
7861.90000 2270.32
7862.00000 2289.95
7862.10000 2233.98
7862.20000 2264.07
7862.30000 2309.63
7862.40000 2283.18
7862.50000 2275.02
7862.60000 2305.70
7862.70000 2274.23
7862.80000 2275.29
7862.90000 2289.49
7863.00000 2278.10
7863.10000 2275.58
7863.20000 2300.88
7863.30000 2272.60
7863.40000 2287.03
7863.50000 2324.90
7863.60000 2298.74
7863.70000 2312.45
7863.80000 2287.65
7863.90000 2233.18
7864.00000 2276.18
7864.10000 2314.83
7864.20000 2308.82
7864.30000 2313.64
7864.40000 2321.46
7864.50000 2348.18
7864.60000 2361.29
7864.70000 2336.03
7864.80000 2345.44
7864.90000 2343.38
7865.00000 2340.27
7865.10000 2268.25
7865.20000 2218.37
7865.30000 2279.79
7865.40000 2309.14
7865.50000 2327.57
7865.60000 2311.30
7865.70000 2326.13
7865.80000 2342.32
7865.90000 2322.16
7866.00000 2311.02
7866.10000 2302.64
7866.20000 2291.07
7866.30000 2307.42
7866.40000 2258.65
7866.50000 2260.62
7866.60000 2291.22
7866.70000 2255.85
7866.80000 2084.75
7866.90000 2180.59
7867.00000 2270.32
7867.10000 2290.19
7867.20000 2323.42
7867.30000 2303.23
7867.40000 2272.09
7867.50000 2272.77
7867.60000 2351.55
7867.70000 2327.41
7867.80000 2303.32
7867.90000 2314.47
7868.00000 2314.71
7868.10000 2319.90
7868.20000 2299.72
7868.30000 2333.88
7868.40000 2323.18
7868.50000 2321.94
7868.60000 2308.85
7868.70000 2327.74
7868.80000 2311.43
7868.90000 2325.55
7869.00000 2341.94
7869.10000 2318.41
7869.20000 2367.46
7869.30000 2375.09
7869.40000 2332.86
7869.50000 2342.18
7869.60000 2339.90
7869.70000 2356.98
7869.80000 2339.27
7869.90000 2371.74
7870.00000 2356.34
7870.10000 2365.59
7870.20000 2368.63
7870.30000 2356.28
7870.40000 2363.56
7870.50000 2331.19
7870.60000 2243.20
7870.70000 2129.94
7870.80000 2227.53
7870.90000 2304.65
7871.00000 2328.80
7871.10000 2304.97
7871.20000 2241.72
7871.30000 2235.27
7871.40000 2298.47
7871.50000 2327.39
7871.60000 2304.37
7871.70000 2291.87
7871.80000 2306.75
7871.90000 2321.29
7872.00000 2287.55
7872.10000 2290.27
7872.20000 2303.89
7872.30000 2303.91
7872.40000 2275.81
7872.50000 2297.04
7872.60000 2307.21
7872.70000 2299.67
7872.80000 2307.73
7872.90000 2290.35
7873.00000 2292.47
7873.10000 2289.26
7873.20000 2296.76
7873.30000 2307.39
7873.40000 2270.16
7873.50000 2139.18
7873.60000 2148.34
7873.70000 2240.25
7873.80000 2304.17
7873.90000 2267.51
7874.00000 2308.49
7874.10000 2315.93
7874.20000 2304.40
7874.30000 2338.88
7874.40000 2317.16
7874.50000 2289.19
7874.60000 2299.90
7874.70000 2313.20
7874.80000 2302.14
7874.90000 2304.75
7875.00000 2294.92
7875.10000 2323.47
7875.20000 2312.66
7875.30000 2310.93
7875.40000 2317.37
7875.50000 2295.23
7875.60000 2287.90
7875.70000 2301.16
7875.80000 2297.29
7875.90000 2294.20
7876.00000 2227.67
7876.10000 2168.46
7876.20000 2292.22
7876.30000 2282.55
7876.40000 2304.14
7876.50000 2298.94
7876.60000 2324.31
7876.70000 2318.08
7876.80000 2261.31
7876.90000 2197.05
7877.00000 2255.96
7877.10000 2261.74
7877.20000 2206.44
7877.30000 1994.67
7877.40000 2079.04
7877.50000 2174.57
7877.60000 2289.34
7877.70000 2287.25
7877.80000 2301.77
7877.90000 2304.53
7878.00000 2278.30
7878.10000 2319.93
7878.20000 2327.86
7878.30000 2300.42
7878.40000 2310.07
7878.50000 2298.26
7878.60000 2309.69
7878.70000 2293.23
7878.80000 2293.39
7878.90000 2321.33
7879.00000 2312.95
7879.10000 2301.72
7879.20000 2318.78
7879.30000 2311.46
7879.40000 2324.52
7879.50000 2316.83
7879.60000 2301.70
7879.70000 2317.18
7879.80000 2334.68
7879.90000 2314.53
7880.00000 2303.34
7880.10000 2313.07
7880.20000 2297.66
7880.30000 2330.62
7880.40000 2293.85
7880.50000 2269.87
7880.60000 2191.19
7880.70000 2239.39
7880.80000 2310.79
7880.90000 2310.43
7881.00000 2300.98
7881.10000 2313.34
7881.20000 2309.48
7881.30000 2286.08
7881.40000 2120.11
7881.50000 2120.74
7881.60000 2219.43
7881.70000 2283.83
7881.80000 2292.63
7881.90000 2293.68
7882.00000 2300.07
7882.10000 2307.23
7882.20000 2297.59
7882.30000 2312.05
7882.40000 2315.96
7882.50000 2304.99
7882.60000 2252.63
7882.70000 2198.61
7882.80000 2271.78
7882.90000 2298.07
7883.00000 2290.40
7883.10000 2303.26
7883.20000 2303.16
7883.30000 2298.23
7883.40000 2304.44
7883.50000 2278.91
7883.60000 2306.28
7883.70000 2309.86
7883.80000 2295.49
7883.90000 2288.53
7884.00000 2301.38
7884.10000 2282.08
7884.20000 2319.82
7884.30000 2284.49
7884.40000 2318.40
7884.50000 2286.00
7884.60000 2295.15
7884.70000 2285.72
7884.80000 2283.03
7884.90000 2299.86
7885.00000 2303.16
7885.10000 2260.04
7885.20000 2264.79
7885.30000 2294.09
7885.40000 2256.36
7885.50000 2284.70
7885.60000 2257.75
7885.70000 2155.24
7885.80000 2125.52
7885.90000 2231.44
7886.00000 2273.46
7886.10000 2281.17
7886.20000 2279.78
7886.30000 2283.23
7886.40000 2293.68
7886.50000 2260.28
7886.60000 2280.19
7886.70000 2284.77
7886.80000 2255.49
7886.90000 2210.75
7887.00000 2180.27
7887.10000 2240.11
7887.20000 2268.44
7887.30000 2258.39
7887.40000 2238.32
7887.50000 2171.40
7887.60000 2133.28
7887.70000 2212.92
7887.80000 2049.45
7887.90000 1931.16
7888.00000 2201.25
7888.10000 2253.81
7888.20000 2232.88
7888.30000 2270.64
7888.40000 2261.46
7888.50000 2258.97
7888.60000 2278.15
7888.70000 2253.94
7888.80000 2273.92
7888.90000 2263.02
7889.00000 2299.26
7889.10000 2300.39
7889.20000 2270.22
7889.30000 2265.90
7889.40000 2260.89
7889.50000 2261.07
7889.60000 2272.99
7889.70000 2276.95
7889.80000 2270.40
7889.90000 2256.88
7890.00000 2182.93
7890.10000 2022.68
7890.20000 2210.70
7890.30000 2280.06
7890.40000 2290.79
7890.50000 2297.97
7890.60000 2270.54
7890.70000 2293.51
7890.80000 2304.36
7890.90000 2284.49
7891.00000 2290.40
7891.10000 2244.21
7891.20000 2235.22
7891.30000 2291.18
7891.40000 2289.32
7891.50000 2269.61
7891.60000 2296.34
7891.70000 2251.51
7891.80000 2214.16
7891.90000 2162.95
7892.00000 2260.32
7892.10000 2298.72
7892.20000 2296.63
7892.30000 2288.13
7892.40000 2288.08
7892.50000 2250.17
7892.60000 1987.73
7892.70000 1959.74
7892.80000 2239.12
7892.90000 2277.03
7893.00000 2308.16
7893.10000 2310.55
7893.20000 2319.45
7893.30000 2301.56
7893.40000 2305.23
7893.50000 2322.17
7893.60000 2317.07
7893.70000 2316.72
7893.80000 2319.65
7893.90000 2312.77
7894.00000 2324.52
7894.10000 2284.84
7894.20000 1995.10
7894.30000 1871.03
7894.40000 2230.66
7894.50000 2297.92
7894.60000 2310.22
7894.70000 2323.01
7894.80000 2339.51
7894.90000 2336.30
7895.00000 2329.97
7895.10000 2296.62
7895.20000 2312.24
7895.30000 2295.07
7895.40000 2301.21
7895.50000 2256.90
7895.60000 2178.26
7895.70000 2248.73
7895.80000 2291.20
7895.90000 2293.62
7896.00000 2287.52
7896.10000 2241.92
7896.20000 2008.70
7896.30000 1890.81
7896.40000 2191.44
7896.50000 2247.16
7896.60000 2223.89
7896.70000 1994.49
7896.80000 1668.47
7896.90000 2091.29
7897.00000 2254.32
7897.10000 2288.19
7897.20000 2328.91
7897.30000 2326.34
7897.40000 2318.50
7897.50000 2335.70
7897.60000 2310.80
7897.70000 2328.90
7897.80000 2321.20
7897.90000 2327.46
7898.00000 2304.10
7898.10000 2312.97
7898.20000 2331.49
7898.30000 2322.50
7898.40000 2329.85
7898.50000 2325.90
7898.60000 2308.44
7898.70000 2330.67
7898.80000 2337.99
7898.90000 2317.46
7899.00000 2340.41
7899.10000 2300.08
7899.20000 2312.78
7899.30000 2342.14
7899.40000 2334.10
7899.50000 2355.07
7899.60000 2339.51
7899.70000 2313.45
7899.80000 2305.56
7899.90000 2330.18
7900.00000 2338.73
7900.10000 2338.82
7900.20000 2325.62
7900.30000 2304.98
7900.40000 2314.68
7900.50000 2327.00
7900.60000 2320.45
7900.70000 2317.27
7900.80000 2308.86
7900.90000 2339.60
7901.00000 2316.71
7901.10000 2318.44
7901.20000 2332.38
7901.30000 2310.68
7901.40000 2281.01
7901.50000 2120.09
7901.60000 2100.36
7901.70000 2278.63
7901.80000 2304.90
7901.90000 2298.97
7902.00000 2301.28
7902.10000 2309.82
7902.20000 2279.70
7902.30000 2246.78
7902.40000 2081.21
7902.50000 1563.04
7902.60000 1730.48
7902.70000 2129.90
7902.80000 2264.15
7902.90000 2301.84
7903.00000 2295.45
7903.10000 2297.93
7903.20000 2277.55
7903.30000 2303.85
7903.40000 2296.03
7903.50000 2280.24
7903.60000 2201.27
7903.70000 2222.84
7903.80000 2219.89
7903.90000 2096.08
7904.00000 2198.48
7904.10000 2269.42
7904.20000 2270.61
7904.30000 2276.74
7904.40000 2267.78
7904.50000 2216.96
7904.60000 2226.04
7904.70000 2262.39
7904.80000 2283.29
7904.90000 2271.57
7905.00000 2276.72
7905.10000 2271.33
7905.20000 2245.17
7905.30000 2263.27
7905.40000 2277.86
7905.50000 2253.32
7905.60000 2251.26
7905.70000 2264.54
7905.80000 2246.79
7905.90000 2264.35
7906.00000 2260.36
7906.10000 2267.68
7906.20000 2274.63
7906.30000 2256.62
7906.40000 2265.17
7906.50000 2276.70
7906.60000 2261.58
7906.70000 2271.22
7906.80000 2265.47
7906.90000 2258.80
7907.00000 2275.96
7907.10000 2247.32
7907.20000 2272.36
7907.30000 2230.67
7907.40000 2235.88
7907.50000 2253.58
7907.60000 2243.03
7907.70000 2244.16
7907.80000 2261.09
7907.90000 2230.18
7908.00000 2237.43
7908.10000 2252.53
7908.20000 2242.15
7908.30000 2229.23
7908.40000 2246.00
7908.50000 2261.04
7908.60000 2282.96
7908.70000 2271.55
7908.80000 2261.82
7908.90000 2259.25
7909.00000 2245.11
7909.10000 2241.12
7909.20000 2228.97
7909.30000 2201.49
7909.40000 1998.15
7909.50000 1526.52
7909.60000 1869.11
7909.70000 2171.22
7909.80000 2216.61
7909.90000 2219.14
7910.00000 2192.54
7910.10000 2034.77
7910.20000 2070.99
7910.30000 2212.25
7910.40000 2239.56
7910.50000 2262.70
7910.60000 2264.74
7910.70000 2263.98
7910.80000 2267.79
7910.90000 2263.38
7911.00000 2260.32
7911.10000 2268.05
7911.20000 2255.53
7911.30000 2216.12
7911.40000 2025.63
7911.50000 2046.74
7911.60000 2204.03
7911.70000 2243.34
7911.80000 2247.66
7911.90000 2258.65
7912.00000 2258.91
7912.10000 2248.68
7912.20000 2268.34
7912.30000 2260.45
7912.40000 2267.94
7912.50000 2261.75
7912.60000 2256.16
7912.70000 2160.00
7912.80000 2143.54
7912.90000 2252.25
7913.00000 2270.99
7913.10000 2281.85
7913.20000 2250.64
7913.30000 2274.74
7913.40000 2273.08
7913.50000 2257.61
7913.60000 2266.25
7913.70000 2265.31
7913.80000 2276.44
7913.90000 2293.79
7914.00000 2275.12
7914.10000 2280.88
7914.20000 2267.41
7914.30000 2261.81
7914.40000 2324.29
7914.50000 2317.46
7914.60000 2277.35
7914.70000 2278.20
7914.80000 2273.36
7914.90000 2270.49
7915.00000 2289.40
7915.10000 2276.51
7915.20000 2292.71
7915.30000 2266.85
7915.40000 2260.77
7915.50000 2289.17
7915.60000 2295.51
7915.70000 2305.02
7915.80000 2265.14
7915.90000 2298.12
7916.00000 2290.36
7916.10000 2270.55
7916.20000 2257.45
7916.30000 2094.81
7916.40000 1874.83
7916.50000 2141.61
7916.60000 2218.16
7916.70000 2278.86
7916.80000 2254.61
7916.90000 2275.72
7917.00000 2272.27
7917.10000 2269.86
7917.20000 2251.51
7917.30000 2176.90
7917.40000 2234.76
7917.50000 2233.07
7917.60000 2232.47
7917.70000 2245.23
7917.80000 2279.17
7917.90000 2270.15
7918.00000 2251.94
7918.10000 2227.20
7918.20000 2197.75
7918.30000 1992.89
7918.40000 2034.61
7918.50000 2205.33
7918.60000 2269.70
7918.70000 2345.81
7918.80000 2415.52
7918.90000 2345.76
7919.00000 2278.36
7919.10000 2277.53
7919.20000 2270.99
7919.30000 2282.50
7919.40000 2286.86
7919.50000 2269.11
7919.60000 2286.32
7919.70000 2247.80
7919.80000 2271.77
7919.90000 2301.09
7920.00000 2291.09
7920.10000 2265.25
7920.20000 2269.38
7920.30000 2282.44
7920.40000 2277.98
7920.50000 2270.61
7920.60000 2272.00
7920.70000 2274.36
7920.80000 2266.47
7920.90000 2293.01
7921.00000 2260.67
7921.10000 2248.46
7921.20000 2215.22
7921.30000 2029.74
7921.40000 1540.65
7921.50000 1835.20
7921.60000 2186.44
7921.70000 2248.70
7921.80000 2265.42
7921.90000 2258.19
7922.00000 2277.20
7922.10000 2249.70
7922.20000 2260.96
7922.30000 2254.26
7922.40000 2243.11
7922.50000 2248.73
7922.60000 2249.45
7922.70000 2235.47
7922.80000 2244.04
7922.90000 2260.55
7923.00000 2260.10
7923.10000 2244.93
7923.20000 2252.27
7923.30000 2264.63
7923.40000 2244.39
7923.50000 2229.88
7923.60000 2234.17
7923.70000 2243.37
7923.80000 2232.22
7923.90000 2241.33
7924.00000 2237.01
7924.10000 2245.79
7924.20000 2245.13
7924.30000 2247.57
7924.40000 2230.25
7924.50000 2238.34
7924.60000 2226.10
7924.70000 2237.44
7924.80000 2206.47
7924.90000 2186.84
7925.00000 2036.97
7925.10000 1704.23
7925.20000 1974.66
7925.30000 2191.69
7925.40000 2206.26
7925.50000 2241.56
7925.60000 2247.91
7925.70000 2225.54
7925.80000 2238.97
7925.90000 2234.30
7926.00000 2232.28
7926.10000 2238.47
7926.20000 2225.32
7926.30000 2257.00
7926.40000 2242.98
7926.50000 2224.47
7926.60000 2234.94
7926.70000 2219.28
7926.80000 2227.45
7926.90000 2224.58
7927.00000 2236.01
7927.10000 2246.98
7927.20000 2227.53
7927.30000 2241.67
7927.40000 2233.25
7927.50000 2232.29
7927.60000 2253.46
7927.70000 2246.36
7927.80000 2252.94
7927.90000 2218.83
7928.00000 2254.54
7928.10000 2250.15
7928.20000 2238.09
7928.30000 2236.00
7928.40000 2246.26
7928.50000 2225.08
7928.60000 2251.49
7928.70000 2235.10
7928.80000 2226.18
7928.90000 2204.56
7929.00000 2165.00
7929.10000 2153.60
7929.20000 2122.25
7929.30000 1775.27
7929.40000 1556.53
7929.50000 1995.14
7929.60000 2143.73
7929.70000 2214.27
7929.80000 2218.77
7929.90000 2209.98
7930.00000 2139.02
7930.10000 2041.24
7930.20000 2137.96
7930.30000 2209.44
7930.40000 2230.39
7930.50000 2229.71
7930.60000 2196.49
7930.70000 2150.29
7930.80000 2206.28
7930.90000 2254.64
7931.00000 2232.67
7931.10000 2226.36
7931.20000 2237.52
7931.30000 2225.18
7931.40000 2240.92
7931.50000 2242.80
7931.60000 2246.17
7931.70000 2238.28
7931.80000 2243.71
7931.90000 2246.78
7932.00000 2215.93
7932.10000 2246.95
7932.20000 2240.00
7932.30000 2219.09
7932.40000 2190.91
7932.50000 2037.74
7932.60000 2128.69
7932.70000 2217.47
7932.80000 2236.20
7932.90000 2234.69
7933.00000 2222.46
7933.10000 2239.64
7933.20000 2221.08
7933.30000 2230.51
7933.40000 2222.67
7933.50000 2241.63
7933.60000 2254.46
7933.70000 2243.40
7933.80000 2243.24
7933.90000 2209.23
7934.00000 2239.12
7934.10000 2242.56
7934.20000 2228.26
7934.30000 2227.17
7934.40000 2239.70
7934.50000 2242.99
7934.60000 2234.55
7934.70000 2224.58
7934.80000 2243.62
7934.90000 2255.24
7935.00000 2218.86
7935.10000 2225.43
7935.20000 2230.34
7935.30000 2228.33
7935.40000 2226.58
7935.50000 2245.62
7935.60000 2253.15
7935.70000 2228.76
7935.80000 2244.88
7935.90000 2227.92
7936.00000 2231.48
7936.10000 2245.87
7936.20000 2231.26
7936.30000 2222.01
7936.40000 2226.88
7936.50000 2250.57
7936.60000 2249.43
7936.70000 2258.44
7936.80000 2245.22
7936.90000 2265.19
7937.00000 2221.51
7937.10000 2236.19
7937.20000 2246.85
7937.30000 2245.64
7937.40000 2219.57
7937.50000 2232.14
7937.60000 2193.10
7937.70000 2199.99
7937.80000 2218.11
7937.90000 2238.76
7938.00000 2246.07
7938.10000 2243.02
7938.20000 2239.65
7938.30000 2241.38
7938.40000 2253.23
7938.50000 2222.42
7938.60000 2230.82
7938.70000 2256.65
7938.80000 2249.24
7938.90000 2249.08
7939.00000 2251.41
7939.10000 2224.98
7939.20000 2237.27
7939.30000 2254.34
7939.40000 2227.89
7939.50000 2213.39
7939.60000 2219.48
7939.70000 2195.26
7939.80000 2226.59
7939.90000 2236.13
7940.00000 2227.72
7940.10000 2252.61
7940.20000 2257.77
7940.30000 2248.80
7940.40000 2235.23
7940.50000 2235.91
7940.60000 2224.85
7940.70000 2245.53
7940.80000 2259.60
7940.90000 2222.95
7941.00000 2242.75
7941.10000 2229.69
7941.20000 2218.75
7941.30000 2263.13
7941.40000 2250.53
7941.50000 2241.78
7941.60000 2247.96
7941.70000 2226.14
7941.80000 2228.84
7941.90000 2242.75
7942.00000 2236.00
7942.10000 2242.31
7942.20000 2215.68
7942.30000 2219.57
7942.40000 2204.68
7942.50000 2104.85
7942.60000 2098.57
7942.70000 2217.27
7942.80000 2233.84
7942.90000 2233.22
7943.00000 2244.21
7943.10000 2265.59
7943.20000 2236.25
7943.30000 2242.05
7943.40000 2228.56
7943.50000 2189.77
7943.60000 2238.60
7943.70000 2248.94
7943.80000 2223.51
7943.90000 2233.25
7944.00000 2222.60
7944.10000 2218.13
7944.20000 2229.51
7944.30000 2233.78
7944.40000 2218.06
7944.50000 2249.73
7944.60000 2221.37
7944.70000 2244.84
7944.80000 2235.22
7944.90000 2249.97
7945.00000 2237.62
7945.10000 2237.64
7945.20000 2255.72
7945.30000 2240.85
7945.40000 2217.13
7945.50000 2237.82
7945.60000 2253.60
7945.70000 2242.94
7945.80000 2246.46
7945.90000 2214.11
7946.00000 2232.24
7946.10000 2228.95
7946.20000 2237.29
7946.30000 2225.10
7946.40000 2233.17
7946.50000 2227.60
7946.60000 2242.27
7946.70000 2227.36
7946.80000 2245.98
7946.90000 2244.15
7947.00000 2242.33
7947.10000 2240.47
7947.20000 2239.25
7947.30000 2230.91
7947.40000 2224.11
7947.50000 2159.65
7947.60000 2202.07
7947.70000 2233.30
7947.80000 2230.66
7947.90000 2239.54
7948.00000 2237.89
7948.10000 2223.92
7948.20000 2219.30
7948.30000 2188.08
7948.40000 2123.53
7948.50000 1973.89
7948.60000 2133.59
7948.70000 2210.31
7948.80000 2225.77
7948.90000 2223.02
7949.00000 2223.10
7949.10000 2249.93
7949.20000 2232.99
7949.30000 2203.23
7949.40000 2202.48
7949.50000 2234.24
7949.60000 2231.34
7949.70000 2239.30
7949.80000 2239.12
7949.90000 2242.52
7950.00000 2245.37
7950.10000 2236.08
7950.20000 2223.79
7950.30000 2244.39
7950.40000 2248.49
7950.50000 2254.54
7950.60000 2257.47
7950.70000 2239.41
7950.80000 2233.65
7950.90000 2235.90
7951.00000 2218.85
7951.10000 2236.31
7951.20000 2232.92
7951.30000 2222.56
7951.40000 2224.21
7951.50000 2195.24
7951.60000 2124.78
7951.70000 2102.25
7951.80000 2172.01
7951.90000 2053.01
7952.00000 2099.89
7952.10000 2220.41
7952.20000 2210.17
7952.30000 2231.26
7952.40000 2223.31
7952.50000 2239.92
7952.60000 2227.25
7952.70000 2252.67
7952.80000 2215.69
7952.90000 2249.78
7953.00000 2233.17
7953.10000 2236.42
7953.20000 2220.91
7953.30000 2229.49
7953.40000 2219.08
7953.50000 2235.03
7953.60000 2214.87
7953.70000 2239.53
7953.80000 2230.67
7953.90000 2216.81
7954.00000 2230.18
7954.10000 2214.07
7954.20000 2203.33
7954.30000 2236.78
7954.40000 2214.01
7954.50000 2108.47
7954.60000 2044.55
7954.70000 2182.73
7954.80000 2211.52
7954.90000 2212.02
7955.00000 2239.12
7955.10000 2228.16
7955.20000 2233.61
7955.30000 2217.86
7955.40000 2209.79
7955.50000 2230.16
7955.60000 2222.59
7955.70000 2226.26
7955.80000 2220.96
7955.90000 2228.72
7956.00000 2211.27
7956.10000 2242.86
7956.20000 2210.18
7956.30000 2210.37
7956.40000 2204.17
7956.50000 2248.92
7956.60000 2212.84
7956.70000 2227.70
7956.80000 2195.17
7956.90000 2112.38
7957.00000 2137.53
7957.10000 2204.67
7957.20000 2222.29
7957.30000 2241.63
7957.40000 2217.46
7957.50000 2237.90
7957.60000 2189.54
7957.70000 2210.83
7957.80000 2239.53
7957.90000 2238.46
7958.00000 2233.56
7958.10000 2219.89
7958.20000 2234.33
7958.30000 2230.79
7958.40000 2226.78
7958.50000 2191.01
7958.60000 2221.42
7958.70000 2235.16
7958.80000 2202.05
7958.90000 2178.72
7959.00000 2191.10
7959.10000 2089.85
7959.20000 1668.85
7959.30000 1683.79
7959.40000 2080.72
7959.50000 2171.98
7959.60000 2220.52
7959.70000 2223.20
7959.80000 2209.09
7959.90000 2209.71
7960.00000 2203.49
7960.10000 2218.73
7960.20000 2237.16
7960.30000 2209.14
7960.40000 2223.34
7960.50000 2232.93
7960.60000 2213.39
7960.70000 2222.90
7960.80000 2225.31
7960.90000 2157.59
7961.00000 1978.26
7961.10000 2039.00
7961.20000 2179.79
7961.30000 2150.94
7961.40000 1959.11
7961.50000 1662.58
7961.60000 1976.01
7961.70000 2169.87
7961.80000 2179.19
7961.90000 2181.23
7962.00000 2221.54
7962.10000 2207.14
7962.20000 2177.88
7962.30000 2061.60
7962.40000 1929.04
7962.50000 2141.85
7962.60000 2196.15
7962.70000 2213.74
7962.80000 2238.15
7962.90000 2243.78
7963.00000 2223.46
7963.10000 2217.80
7963.20000 2220.06
7963.30000 2151.75
7963.40000 2107.11
7963.50000 2102.74
7963.60000 1961.67
7963.70000 1896.60
7963.80000 1825.64
7963.90000 1649.76
7964.00000 2061.39
7964.10000 2191.80
7964.20000 2211.10
7964.30000 2241.93
7964.40000 2236.51
7964.50000 2222.54
7964.60000 2231.97
7964.70000 2223.02
7964.80000 2209.69
7964.90000 2201.30
7965.00000 2118.23
7965.10000 1898.99
7965.20000 2080.92
7965.30000 2224.05
7965.40000 2259.16
7965.50000 2267.06
7965.60000 2193.44
7965.70000 2166.70
7965.80000 2176.35
7965.90000 2245.42
7966.00000 2231.89
7966.10000 2228.82
7966.20000 2239.95
7966.30000 2237.88
7966.40000 2247.31
7966.50000 2241.83
7966.60000 2238.82
7966.70000 2246.56
7966.80000 2232.50
7966.90000 2231.75
7967.00000 2224.37
7967.10000 2229.13
7967.20000 2241.32
7967.30000 2210.77
7967.40000 2233.59
7967.50000 2237.41
7967.60000 2250.66
7967.70000 2243.64
7967.80000 2229.98
7967.90000 2238.28
7968.00000 2223.98
7968.10000 2220.67
7968.20000 2223.68
7968.30000 2221.34
7968.40000 2207.88
7968.50000 2217.63
7968.60000 2236.28
7968.70000 2157.27
7968.80000 2008.37
7968.90000 1852.69
7969.00000 2103.15
7969.10000 2180.65
7969.20000 2125.22
7969.30000 2172.15
7969.40000 2177.25
7969.50000 2122.62
7969.60000 2181.18
7969.70000 2227.20
7969.80000 2226.04
7969.90000 2242.48
7970.00000 2207.63
7970.10000 2232.89
7970.20000 2229.25
7970.30000 2208.03
7970.40000 2248.15
7970.50000 2254.56
7970.60000 2248.48
7970.70000 2229.22
7970.80000 2240.17
7970.90000 2246.16
7971.00000 2226.12
7971.10000 2248.89
7971.20000 2205.97
7971.30000 2207.08
7971.40000 2213.70
7971.50000 2248.34
7971.60000 2232.91
7971.70000 2210.81
7971.80000 2212.81
7971.90000 2202.54
7972.00000 2225.42
7972.10000 2187.90
7972.20000 2031.69
7972.30000 1795.96
7972.40000 2096.16
7972.50000 2179.71
7972.60000 2237.53
7972.70000 2216.93
7972.80000 2212.67
7972.90000 2171.59
7973.00000 2232.09
7973.10000 2226.22
7973.20000 2245.44
7973.30000 2252.62
7973.40000 2223.31
7973.50000 2239.03
7973.60000 2253.73
7973.70000 2262.76
7973.80000 2277.15
7973.90000 2257.86
7974.00000 2263.66
7974.10000 2232.42
7974.20000 2246.05
7974.30000 2260.26
7974.40000 2255.10
7974.50000 2252.73
7974.60000 2231.50
7974.70000 2239.22
7974.80000 2188.39
7974.90000 2117.58
7975.00000 2182.63
7975.10000 2224.04
7975.20000 2239.95
7975.30000 2245.40
7975.40000 2244.66
7975.50000 2237.09
7975.60000 2218.99
7975.70000 2159.36
7975.80000 2117.16
7975.90000 2227.74
7976.00000 2236.05
7976.10000 2245.86
7976.20000 2242.60
7976.30000 2261.71
7976.40000 2249.30
7976.50000 2224.62
7976.60000 2236.76
7976.70000 2250.15
7976.80000 2230.34
7976.90000 2263.34
7977.00000 2223.65
7977.10000 2212.76
7977.20000 2225.07
7977.30000 2181.81
7977.40000 2176.69
7977.50000 2240.45
7977.60000 2240.59
7977.70000 2254.98
7977.80000 2238.54
7977.90000 2260.56
7978.00000 2263.85
7978.10000 2255.80
7978.20000 2247.46
7978.30000 2234.16
7978.40000 2245.24
7978.50000 2237.02
7978.60000 2248.97
7978.70000 2217.63
7978.80000 2175.62
7978.90000 2245.36
7979.00000 2240.54
7979.10000 2248.69
7979.20000 2249.43
7979.30000 2243.33
7979.40000 2258.70
7979.50000 2257.31
7979.60000 2254.80
7979.70000 2258.38
7979.80000 2244.87
7979.90000 2258.55
7980.00000 2280.30
7980.10000 2253.55
7980.20000 2237.99
7980.30000 2216.02
7980.40000 2231.31
7980.50000 2228.76
7980.60000 2226.13
7980.70000 2158.93
7980.80000 2102.75
7980.90000 2202.41
7981.00000 2225.88
7981.10000 2181.43
7981.20000 2056.09
7981.30000 2124.33
7981.40000 2196.77
7981.50000 2217.40
7981.60000 2234.58
7981.70000 2258.24
7981.80000 2228.00
7981.90000 2221.64
7982.00000 2222.96
7982.10000 2209.73
7982.20000 2217.91
7982.30000 2211.10
7982.40000 2238.01
7982.50000 2232.77
7982.60000 2232.53
7982.70000 2219.00
7982.80000 2236.65
7982.90000 2235.76
7983.00000 2222.72
7983.10000 2231.99
7983.20000 2207.79
7983.30000 2228.23
7983.40000 2229.95
7983.50000 2244.18
7983.60000 2220.82
7983.70000 2225.92
7983.80000 2223.80
7983.90000 2207.93
7984.00000 2229.66
7984.10000 2234.32
7984.20000 2216.42
7984.30000 2216.61
7984.40000 2186.63
7984.50000 2181.76
7984.60000 2238.17
7984.70000 2196.95
7984.80000 2174.11
7984.90000 2196.76
7985.00000 2036.86
7985.10000 1766.70
7985.20000 2025.55
7985.30000 2195.88
7985.40000 2207.12
7985.50000 2221.44
7985.60000 2221.74
7985.70000 2251.48
7985.80000 2220.23
7985.90000 2227.84
7986.00000 2244.32
7986.10000 2226.65
7986.20000 2227.30
7986.30000 2203.16
7986.40000 2219.84
7986.50000 2215.27
7986.60000 2217.23
7986.70000 2210.59
7986.80000 2201.90
7986.90000 2145.79
7987.00000 1981.49
7987.10000 2089.88
7987.20000 2177.40
7987.30000 2167.99
7987.40000 2222.97
7987.50000 2200.27
7987.60000 2208.74
7987.70000 2206.03
7987.80000 2197.61
7987.90000 2200.54
7988.00000 2190.27
7988.10000 2202.59
7988.20000 2201.38
7988.30000 2163.91
7988.40000 2216.39
7988.50000 2213.19
7988.60000 2215.56
7988.70000 2214.68
7988.80000 2179.01
7988.90000 2099.69
7989.00000 2169.87
7989.10000 2207.96
7989.20000 2188.81
7989.30000 2208.51
7989.40000 2191.76
7989.50000 2205.59
7989.60000 2205.05
7989.70000 2214.85
7989.80000 2223.35
7989.90000 2219.66
7990.00000 2204.13
7990.10000 2193.13
7990.20000 2220.84
7990.30000 2215.89
7990.40000 2211.60
7990.50000 2198.52
7990.60000 2220.79
7990.70000 2205.87
7990.80000 2197.98
7990.90000 2194.79
7991.00000 2193.64
7991.10000 2183.34
7991.20000 2189.58
7991.30000 2207.49
7991.40000 2107.55
7991.50000 2027.91
7991.60000 2101.50
7991.70000 2128.92
7991.80000 2199.89
7991.90000 2212.37
7992.00000 2218.56
7992.10000 2199.39
7992.20000 2203.87
7992.30000 2189.49
7992.40000 2189.27
7992.50000 2194.91
7992.60000 2226.32
7992.70000 2202.48
7992.80000 2223.48
7992.90000 2244.45
7993.00000 2233.32
7993.10000 2208.86
7993.20000 2190.40
7993.30000 2201.18
7993.40000 2196.50
7993.50000 2217.96
7993.60000 2210.16
7993.70000 2194.04
7993.80000 2196.47
7993.90000 2200.16
7994.00000 2227.88
7994.10000 2214.43
7994.20000 2200.89
7994.30000 2217.25
7994.40000 2228.78
7994.50000 2185.10
7994.60000 2111.16
7994.70000 2142.90
7994.80000 2131.46
7994.90000 2171.64
7995.00000 2225.89
7995.10000 2214.38
7995.20000 2190.77
7995.30000 2234.49
7995.40000 2238.90
7995.50000 2221.19
7995.60000 2218.60
7995.70000 2181.81
7995.80000 2176.65
7995.90000 2181.64
7996.00000 2200.15
7996.10000 2230.38
7996.20000 2231.12
7996.30000 2194.94
7996.40000 2207.24
7996.50000 2211.54
7996.60000 2128.24
7996.70000 2182.98
7996.80000 2214.02
7996.90000 2234.02
7997.00000 2240.70
7997.10000 2195.34
7997.20000 2170.97
7997.30000 2139.16
7997.40000 2184.02
7997.50000 2217.89
7997.60000 2213.91
7997.70000 2211.58
7997.80000 2184.28
7997.90000 2216.23
7998.00000 2215.22
7998.10000 2210.05
7998.20000 2213.13
7998.30000 2162.58
7998.40000 2174.58
7998.50000 2180.79
7998.60000 2190.31
7998.70000 2199.31
7998.80000 2180.42
7998.90000 2092.92
7999.00000 1916.71
7999.10000 2053.01
7999.20000 2013.48
7999.30000 2001.31
7999.40000 2151.18
7999.50000 2204.82
7999.60000 2184.43
7999.70000 2190.63
7999.80000 2184.52
7999.90000 2147.34
8000.00000 2194.90
8000.10000 2158.27
8000.20000 2195.30
8000.30000 2191.88
8000.40000 2216.68
8000.50000 2205.03
8000.60000 2199.43
8000.70000 2194.73
8000.80000 2128.90
8000.90000 2083.92
8001.00000 1760.45
8001.10000 1648.16
8001.20000 2025.97
8001.30000 2130.54
8001.40000 2150.53
8001.50000 2213.09
8001.60000 2178.29
8001.70000 2112.64
8001.80000 2153.79
8001.90000 2187.24
8002.00000 2212.93
8002.10000 2186.39
8002.20000 2181.30
8002.30000 2197.68
8002.40000 2207.87
8002.50000 2208.92
8002.60000 2221.65
8002.70000 2214.36
8002.80000 2216.18
8002.90000 2206.76
8003.00000 2213.48
8003.10000 2192.81
8003.20000 2196.45
8003.30000 2181.19
8003.40000 2218.47
8003.50000 2213.89
8003.60000 2216.63
8003.70000 2192.17
8003.80000 2183.44
8003.90000 2187.10
8004.00000 2103.20
8004.10000 2149.46
8004.20000 2194.86
8004.30000 2180.74
8004.40000 2197.89
8004.50000 2177.63
8004.60000 2206.99
8004.70000 2207.78
8004.80000 2202.29
8004.90000 2175.20
8005.00000 2227.24
8005.10000 2193.83
8005.20000 2196.28
8005.30000 2162.58
8005.40000 2174.09
8005.50000 2184.39
8005.60000 2186.60
8005.70000 2136.13
8005.80000 2116.98
8005.90000 2165.15
8006.00000 2208.52
8006.10000 2204.51
8006.20000 2215.11
8006.30000 2221.13
8006.40000 2217.12
8006.50000 2214.87
8006.60000 2220.59
8006.70000 2196.76
8006.80000 2210.47
8006.90000 2213.72
8007.00000 2177.52
8007.10000 2203.84
8007.20000 2226.31
8007.30000 2206.18
8007.40000 2136.90
8007.50000 2198.22
8007.60000 2230.30
8007.70000 2171.41
8007.80000 2165.52
8007.90000 2148.65
8008.00000 2077.51
8008.10000 1852.34
8008.20000 1566.42
8008.30000 1623.62
8008.40000 1925.55
8008.50000 1841.87
8008.60000 2056.34
8008.70000 2149.25
8008.80000 2179.01
8008.90000 2184.10
8009.00000 2182.69
8009.10000 2193.87
8009.20000 2194.64
8009.30000 2177.81
8009.40000 2208.29
8009.50000 2232.48
8009.60000 2226.27
8009.70000 2217.01
8009.80000 2226.39
8009.90000 2230.68
8010.00000 2233.32
8010.10000 2241.78
8010.20000 2215.81
8010.30000 2208.83
8010.40000 2224.45
8010.50000 2254.63
8010.60000 2198.83
8010.70000 2213.29
8010.80000 2212.66
8010.90000 2187.28
8011.00000 2215.89
8011.10000 2191.18
8011.20000 2204.71
8011.30000 2204.15
8011.40000 2202.90
8011.50000 2176.24
8011.60000 2111.95
8011.70000 2041.18
8011.80000 2158.58
8011.90000 2194.45
8012.00000 2182.80
8012.10000 2211.13
8012.20000 2225.77
8012.30000 2230.43
8012.40000 2202.18
8012.50000 2216.64
8012.60000 2236.03
8012.70000 2188.65
8012.80000 2195.26
8012.90000 2195.49
8013.00000 2140.23
8013.10000 2138.83
8013.20000 2085.45
8013.30000 2120.63
8013.40000 2152.72
8013.50000 2151.39
8013.60000 1973.11
8013.70000 1663.44
8013.80000 1962.11
8013.90000 2131.98
8014.00000 2145.55
8014.10000 2047.03
8014.20000 2059.31
8014.30000 2152.21
8014.40000 2195.84
8014.50000 2162.94
8014.60000 2157.86
8014.70000 2132.33
8014.80000 2010.45
8014.90000 2132.59
8015.00000 2183.81
8015.10000 2186.50
8015.20000 2190.95
8015.30000 2205.55
8015.40000 2152.49
8015.50000 2125.27
8015.60000 2167.61
8015.70000 2228.66
8015.80000 2225.56
8015.90000 2215.54
8016.00000 2228.72
8016.10000 2225.82
8016.20000 2217.72
8016.30000 2206.25
8016.40000 2220.20
8016.50000 2196.90
8016.60000 2200.38
8016.70000 2190.31
8016.80000 2218.64
8016.90000 2206.73
8017.00000 2194.36
8017.10000 2173.43
8017.20000 2203.74
8017.30000 2147.41
8017.40000 2182.16
8017.50000 2181.95
8017.60000 2182.57
8017.70000 2198.27
8017.80000 2186.67
8017.90000 2201.21
8018.00000 2165.55
8018.10000 2162.80
8018.20000 2076.61
8018.30000 2147.30
8018.40000 2177.71
8018.50000 2189.77
8018.60000 2188.82
8018.70000 2193.88
8018.80000 2148.04
8018.90000 2181.45
8019.00000 2160.13
8019.10000 2148.72
8019.20000 2175.27
8019.30000 2203.14
8019.40000 2185.48
8019.50000 2224.57
8019.60000 2175.92
8019.70000 2192.02
8019.80000 2196.78
8019.90000 2200.48
8020.00000 2211.66
8020.10000 2197.48
8020.20000 2217.83
8020.30000 2184.23
8020.40000 2200.44
8020.50000 2211.41
8020.60000 2198.40
8020.70000 2193.70
8020.80000 2212.87
8020.90000 2204.58
8021.00000 2156.18
8021.10000 2206.10
8021.20000 2194.02
8021.30000 2175.01
8021.40000 2046.67
8021.50000 1864.55
8021.60000 2096.14
8021.70000 2190.33
8021.80000 2196.42
8021.90000 2200.98
8022.00000 2211.92
8022.10000 2201.36
8022.20000 2214.31
8022.30000 2189.81
8022.40000 2173.50
8022.50000 2204.35
8022.60000 2178.98
8022.70000 2169.28
8022.80000 2040.33
8022.90000 2073.77
8023.00000 2182.82
8023.10000 2188.61
8023.20000 2201.95
8023.30000 2160.92
8023.40000 2208.62
8023.50000 2186.53
8023.60000 2160.66
8023.70000 2060.70
8023.80000 2079.92
8023.90000 1951.72
8024.00000 1994.64
8024.10000 2152.43
8024.20000 2191.74
8024.30000 2185.56
8024.40000 2201.07
8024.50000 2178.18
8024.60000 2047.12
8024.70000 2093.82
8024.80000 2160.62
8024.90000 2110.71
8025.00000 2046.73
8025.10000 2140.72
8025.20000 2218.46
8025.30000 2214.14
8025.40000 2182.42
8025.50000 2185.03
8025.60000 2181.88
8025.70000 2175.54
8025.80000 2182.84
8025.90000 2123.14
8026.00000 2075.28
8026.10000 2163.47
8026.20000 2172.95
8026.30000 2174.87
8026.40000 2193.62
8026.50000 2209.64
8026.60000 2153.88
8026.70000 2148.72
8026.80000 2121.24
8026.90000 2056.80
8027.00000 2156.85
8027.10000 2173.43
8027.20000 2211.97
8027.30000 2181.36
8027.40000 2211.06
8027.50000 2187.17
8027.60000 2131.60
8027.70000 2185.40
8027.80000 2197.96
8027.90000 2213.30
8028.00000 2213.75
8028.10000 2212.57
8028.20000 2183.12
8028.30000 2201.06
8028.40000 2185.59
8028.50000 2070.41
8028.60000 2023.79
8028.70000 2192.08
8028.80000 2191.27
8028.90000 2206.26
8029.00000 2214.54
8029.10000 2193.89
8029.20000 2047.61
8029.30000 1770.75
8029.40000 1932.16
8029.50000 2084.47
8029.60000 2178.01
8029.70000 2222.53
8029.80000 2230.92
8029.90000 2260.03
8030.00000 2201.73
8030.10000 2174.79
8030.20000 2136.60
8030.30000 2154.47
8030.40000 2203.57
8030.50000 2184.63
8030.60000 2177.09
8030.70000 2203.29
8030.80000 2204.39
8030.90000 2200.44
8031.00000 2206.01
8031.10000 2233.60
8031.20000 2209.89
8031.30000 2215.57
8031.40000 2212.81
8031.50000 2221.25
8031.60000 2211.47
8031.70000 2215.23
8031.80000 2214.73
8031.90000 2180.97
8032.00000 2106.68
8032.10000 2126.15
8032.20000 2191.29
8032.30000 2207.80
8032.40000 2219.61
8032.50000 2182.76
8032.60000 2206.35
8032.70000 2192.80
8032.80000 2197.63
8032.90000 2184.06
8033.00000 2198.34
8033.10000 2209.15
8033.20000 2226.76
8033.30000 2225.51
8033.40000 2217.25
8033.50000 2212.37
8033.60000 2208.87
8033.70000 2209.38
8033.80000 2194.56
8033.90000 2198.31
8034.00000 2202.20
8034.10000 2188.98
8034.20000 2192.70
8034.30000 2078.68
8034.40000 2029.99
8034.50000 2109.96
8034.60000 2154.45
8034.70000 2186.40
8034.80000 2192.91
8034.90000 2168.37
8035.00000 1997.10
8035.10000 1904.51
8035.20000 2143.74
8035.30000 2152.54
8035.40000 2195.53
8035.50000 2213.65
8035.60000 2205.50
8035.70000 2205.03
8035.80000 2196.32
8035.90000 2196.00
8036.00000 2166.00
8036.10000 2121.94
8036.20000 2138.36
8036.30000 2196.41
8036.40000 2175.64
8036.50000 2215.98
8036.60000 2209.14
8036.70000 2226.89
8036.80000 2192.10
8036.90000 2188.36
8037.00000 2189.62
8037.10000 2107.48
8037.20000 1833.26
8037.30000 1929.20
8037.40000 2103.98
8037.50000 2178.74
8037.60000 2212.96
8037.70000 2212.34
8037.80000 2202.08
8037.90000 2209.30
8038.00000 2198.19
8038.10000 2205.41
8038.20000 2210.12
8038.30000 2203.20
8038.40000 2201.22
8038.50000 2201.05
8038.60000 2159.62
8038.70000 2162.24
8038.80000 2188.89
8038.90000 2200.96
8039.00000 2181.78
8039.10000 2230.79
8039.20000 2222.13
8039.30000 2184.26
8039.40000 2208.04
8039.50000 2212.17
8039.60000 2225.25
8039.70000 2199.97
8039.80000 2214.20
8039.90000 2231.11
8040.00000 2189.01
8040.10000 2179.24
8040.20000 2155.46
8040.30000 2006.31
8040.40000 1903.42
8040.50000 2091.36
8040.60000 2200.83
8040.70000 2183.31
8040.80000 2195.62
8040.90000 2216.29
8041.00000 2213.42
8041.10000 2200.93
8041.20000 2208.65
8041.30000 2206.95
8041.40000 2213.39
8041.50000 2224.49
8041.60000 2223.10
8041.70000 2187.05
8041.80000 2150.66
8041.90000 2202.54
8042.00000 2221.84
8042.10000 2224.57
8042.20000 2223.73
8042.30000 2199.62
8042.40000 2201.35
8042.50000 2208.38
8042.60000 2191.01
8042.70000 2187.41
8042.80000 2169.74
8042.90000 2194.98
8043.00000 2158.55
8043.10000 2078.25
8043.20000 2169.10
8043.30000 2209.02
8043.40000 2195.97
8043.50000 2204.48
8043.60000 2211.26
8043.70000 2204.02
8043.80000 2160.89
8043.90000 1936.82
8044.00000 1997.91
8044.10000 2171.79
8044.20000 2194.48
8044.30000 2159.67
8044.40000 2093.98
8044.50000 2170.12
8044.60000 2120.51
8044.70000 2089.89
8044.80000 2171.17
8044.90000 2195.27
8045.00000 2173.55
8045.10000 2044.88
8045.20000 1982.76
8045.30000 2164.21
8045.40000 2188.71
8045.50000 2196.24
8045.60000 2204.63
8045.70000 2204.96
8045.80000 2229.98
8045.90000 2210.27
8046.00000 2197.25
8046.10000 2182.40
8046.20000 2040.18
8046.30000 1817.62
8046.40000 2029.74
8046.50000 2163.34
8046.60000 2193.54
8046.70000 2177.62
8046.80000 2204.56
8046.90000 2198.72
8047.00000 2195.62
8047.10000 2204.22
8047.20000 2163.38
8047.30000 2188.61
8047.40000 2189.37
8047.50000 2208.90
8047.60000 2213.29
8047.70000 2225.85
8047.80000 2242.53
8047.90000 2220.77
8048.00000 2227.55
8048.10000 2222.53
8048.20000 2220.64
8048.30000 2209.79
8048.40000 2214.97
8048.50000 2223.89
8048.60000 2215.21
8048.70000 2237.62
8048.80000 2229.13
8048.90000 2232.60
8049.00000 2240.85
8049.10000 2228.52
8049.20000 2211.59
8049.30000 2225.19
8049.40000 2227.43
8049.50000 2230.35
8049.60000 2200.20
8049.70000 2165.64
8049.80000 2131.47
8049.90000 2199.07
8050.00000 2220.92
8050.10000 2201.66
8050.20000 2201.80
8050.30000 2231.19
8050.40000 2228.12
8050.50000 2207.69
8050.60000 2219.36
8050.70000 2208.16
8050.80000 2201.36
8050.90000 2222.15
8051.00000 2216.91
8051.10000 2192.95
8051.20000 2197.68
8051.30000 2208.81
8051.40000 2208.33
8051.50000 2217.97
8051.60000 2231.30
8051.70000 2229.03
8051.80000 2208.73
8051.90000 2235.57
8052.00000 2230.14
8052.10000 2243.48
8052.20000 2235.25
8052.30000 2246.79
8052.40000 2217.21
8052.50000 2206.68
8052.60000 2210.03
8052.70000 2219.69
8052.80000 2220.63
8052.90000 2212.83
8053.00000 2187.59
8053.10000 2172.12
8053.20000 2034.47
8053.30000 2155.60
8053.40000 2217.07
8053.50000 2198.54
8053.60000 2193.51
8053.70000 2219.44
8053.80000 2209.76
8053.90000 2181.29
8054.00000 2176.57
8054.10000 2193.87
8054.20000 2190.60
8054.30000 2221.90
8054.40000 2199.57
8054.50000 2218.30
8054.60000 2230.90
8054.70000 2200.13
8054.80000 2219.41
8054.90000 2209.63
8055.00000 2208.53
8055.10000 2138.18
8055.20000 2146.97
8055.30000 2226.80
8055.40000 2219.32
8055.50000 2215.72
8055.60000 2163.39
8055.70000 2146.37
8055.80000 2206.91
8055.90000 2215.29
8056.00000 2240.31
8056.10000 2215.17
8056.20000 2235.83
8056.30000 2215.91
8056.40000 2235.05
8056.50000 2234.37
8056.60000 2232.87
8056.70000 2220.93
8056.80000 2202.90
8056.90000 2212.19
8057.00000 2201.14
8057.10000 2215.77
8057.20000 2203.98
8057.30000 2232.87
8057.40000 2203.19
8057.50000 2211.44
8057.60000 2228.78
8057.70000 2219.80
8057.80000 2228.95
8057.90000 2205.51
8058.00000 2236.95
8058.10000 2227.28
8058.20000 2235.41
8058.30000 2214.57
8058.40000 2237.45
8058.50000 2228.39
8058.60000 2218.84
8058.70000 2240.05
8058.80000 2220.49
8058.90000 2211.34
8059.00000 2219.01
8059.10000 2233.68
8059.20000 2213.93
8059.30000 2217.04
8059.40000 2211.44
8059.50000 2178.65
8059.60000 2132.06
8059.70000 2207.25
8059.80000 2221.93
8059.90000 2207.50
8060.00000 2204.59
8060.10000 2220.53
8060.20000 2176.14
8060.30000 2043.59
8060.40000 2144.53
8060.50000 2198.76
8060.60000 2201.42
8060.70000 2205.98
8060.80000 2215.82
8060.90000 2193.53
8061.00000 2160.49
8061.10000 2165.69
8061.20000 2189.73
8061.30000 2219.44
8061.40000 2227.36
8061.50000 2223.97
8061.60000 2223.62
8061.70000 2216.72
8061.80000 2223.42
8061.90000 2241.77
8062.00000 2236.62
8062.10000 2217.02
8062.20000 2225.26
8062.30000 2216.19
8062.40000 2204.09
8062.50000 2203.72
8062.60000 2210.41
8062.70000 2240.30
8062.80000 2194.16
8062.90000 2147.91
8063.00000 2178.17
8063.10000 2215.92
8063.20000 2231.35
8063.30000 2231.67
8063.40000 2194.92
8063.50000 2201.08
8063.60000 2184.09
8063.70000 2188.04
8063.80000 2211.86
8063.90000 2202.18
8064.00000 2071.79
8064.10000 2042.41
8064.20000 2189.08
8064.30000 2199.93
8064.40000 2216.28
8064.50000 2228.59
8064.60000 2209.75
8064.70000 2240.50
8064.80000 2208.54
8064.90000 2228.65
8065.00000 2227.85
8065.10000 2208.32
8065.20000 2224.08
8065.30000 2211.44
8065.40000 2208.15
8065.50000 2205.53
8065.60000 2219.27
8065.70000 2222.07
8065.80000 2223.12
8065.90000 2160.88
8066.00000 2060.49
8066.10000 2142.40
8066.20000 2194.42
8066.30000 2203.15
8066.40000 2223.61
8066.50000 2199.34
8066.60000 2182.76
8066.70000 2204.98
8066.80000 2223.52
8066.90000 2212.72
8067.00000 2210.09
8067.10000 2227.72
8067.20000 2229.10
8067.30000 2216.85
8067.40000 2232.11
8067.50000 2208.91
8067.60000 2213.10
8067.70000 2229.01
8067.80000 2216.34
8067.90000 2197.23
8068.00000 2227.72
8068.10000 2230.49
8068.20000 2214.51
8068.30000 2211.44
8068.40000 2184.13
8068.50000 2202.17
8068.60000 2210.50
8068.70000 2210.97
8068.80000 2209.13
8068.90000 2204.79
8069.00000 2219.32
8069.10000 2222.92
8069.20000 2207.13
8069.30000 2185.38
8069.40000 2189.41
8069.50000 2220.04
8069.60000 2202.80
8069.70000 2207.58
8069.80000 2210.91
8069.90000 2219.01
8070.00000 2214.68
8070.10000 2181.01
8070.20000 2209.77
8070.30000 2222.65
8070.40000 2209.25
8070.50000 2200.25
8070.60000 2191.31
8070.70000 2082.55
8070.80000 1950.64
8070.90000 2096.83
8071.00000 2163.84
8071.10000 2124.75
8071.20000 2160.35
8071.30000 2208.36
8071.40000 2209.94
8071.50000 2220.11
8071.60000 2188.75
8071.70000 2183.59
8071.80000 2155.62
8071.90000 2150.49
8072.00000 2177.74
8072.10000 2213.69
8072.20000 2221.51
8072.30000 2232.72
8072.40000 2213.63
8072.50000 2229.28
8072.60000 2210.41
8072.70000 2225.34
8072.80000 2217.76
8072.90000 2220.07
8073.00000 2230.03
8073.10000 2201.23
8073.20000 2217.38
8073.30000 2212.35
8073.40000 2209.34
8073.50000 2230.27
8073.60000 2221.45
8073.70000 2214.38
8073.80000 2199.94
8073.90000 2207.81
8074.00000 2201.84
8074.10000 2220.35
8074.20000 2230.78
8074.30000 2210.82
8074.40000 2217.74
8074.50000 2219.15
8074.60000 2211.88
8074.70000 2216.04
8074.80000 2228.70
8074.90000 2237.54
8075.00000 2223.59
8075.10000 2211.15
8075.20000 2219.07
8075.30000 2221.51
8075.40000 2212.85
8075.50000 2153.48
8075.60000 2162.86
8075.70000 2206.13
8075.80000 2215.57
8075.90000 2197.27
8076.00000 2232.51
8076.10000 2189.65
8076.20000 2187.63
8076.30000 2126.10
8076.40000 2152.83
8076.50000 2179.32
8076.60000 2197.19
8076.70000 2202.79
8076.80000 2235.79
8076.90000 2207.74
8077.00000 2136.84
8077.10000 2102.05
8077.20000 2169.17
8077.30000 2206.38
8077.40000 2214.83
8077.50000 2196.02
8077.60000 2202.48
8077.70000 2199.26
8077.80000 2184.32
8077.90000 2210.91
8078.00000 2209.91
8078.10000 2209.28
8078.20000 2216.75
8078.30000 2199.91
8078.40000 2233.25
8078.50000 2217.23
8078.60000 2281.34
8078.70000 2273.23
8078.80000 2233.27
8078.90000 2194.16
8079.00000 2215.04
8079.10000 2213.32
8079.20000 2180.94
8079.30000 2121.20
8079.40000 2189.52
8079.50000 2207.78
8079.60000 2212.67
8079.70000 2201.72
8079.80000 2214.69
8079.90000 2192.73
8080.00000 2164.07
8080.10000 2187.07
8080.20000 2211.17
8080.30000 2163.03
8080.40000 2142.44
8080.50000 2194.27
8080.60000 2222.11
8080.70000 2218.49
8080.80000 2216.60
8080.90000 2198.48
8081.00000 2190.07
8081.10000 2158.03
8081.20000 2172.94
8081.30000 2189.23
8081.40000 2201.28
8081.50000 2209.21
8081.60000 2212.49
8081.70000 2205.56
8081.80000 2180.50
8081.90000 2207.01
8082.00000 2223.98
8082.10000 2215.31
8082.20000 2166.03
8082.30000 2113.57
8082.40000 2189.50
8082.50000 2207.92
8082.60000 2211.04
8082.70000 2208.88
8082.80000 2191.22
8082.90000 2175.91
8083.00000 2217.16
8083.10000 2199.78
8083.20000 2205.99
8083.30000 2215.37
8083.40000 2214.65
8083.50000 2197.06
8083.60000 2204.13
8083.70000 2142.41
8083.80000 2170.72
8083.90000 2212.49
8084.00000 2197.28
8084.10000 2225.44
8084.20000 2226.71
8084.30000 2210.89
8084.40000 2207.26
8084.50000 2209.76
8084.60000 2219.63
8084.70000 2206.66
8084.80000 2220.09
8084.90000 2209.09
8085.00000 2206.29
8085.10000 2213.14
8085.20000 2200.69
8085.30000 2184.28
8085.40000 2175.09
8085.50000 2133.62
8085.60000 2117.79
8085.70000 2167.52
8085.80000 2099.33
8085.90000 2024.45
8086.00000 2086.18
8086.10000 2060.58
8086.20000 1926.38
8086.30000 2026.38
8086.40000 2152.10
8086.50000 2168.76
8086.60000 2174.55
8086.70000 2206.32
8086.80000 2201.63
8086.90000 2228.42
8087.00000 2215.57
8087.10000 2219.96
8087.20000 2213.35
8087.30000 2225.96
8087.40000 2218.98
8087.50000 2234.11
8087.60000 2213.59
8087.70000 2205.07
8087.80000 2239.08
8087.90000 2206.62
8088.00000 2218.98
8088.10000 2221.05
8088.20000 2193.82
8088.30000 2206.59
8088.40000 2217.02
8088.50000 2218.67
8088.60000 2210.63
8088.70000 2209.35
8088.80000 2202.84
8088.90000 2193.03
8089.00000 2196.68
8089.10000 2222.09
8089.20000 2275.30
8089.30000 2220.85
8089.40000 2187.41
8089.50000 2192.17
8089.60000 2200.97
8089.70000 2222.48
8089.80000 2219.48
8089.90000 2224.35
8090.00000 2216.87
8090.10000 2205.74
8090.20000 2218.95
8090.30000 2234.45
8090.40000 2237.59
8090.50000 2198.53
8090.60000 2220.53
8090.70000 2226.10
8090.80000 2207.31
8090.90000 2222.01
8091.00000 2210.80
8091.10000 2163.27
8091.20000 2012.68
8091.30000 2033.21
8091.40000 2131.19
8091.50000 2201.46
8091.60000 2204.45
8091.70000 2226.10
8091.80000 2186.50
8091.90000 2162.38
8092.00000 2199.55
8092.10000 2195.18
8092.20000 2229.10
8092.30000 2222.02
8092.40000 2233.04
8092.50000 2204.98
8092.60000 2175.64
8092.70000 2195.34
8092.80000 2204.89
8092.90000 2204.08
8093.00000 2221.91
8093.10000 2199.33
8093.20000 2236.38
8093.30000 2247.94
8093.40000 2222.11
8093.50000 2231.21
8093.60000 2238.64
8093.70000 2231.70
8093.80000 2234.88
8093.90000 2192.78
8094.00000 2205.69
8094.10000 2229.07
8094.20000 2248.38
8094.30000 2241.13
8094.40000 2230.66
8094.50000 2162.66
8094.60000 2193.89
8094.70000 2225.10
8094.80000 2205.10
8094.90000 2166.22
8095.00000 1958.96
8095.10000 1984.04
8095.20000 2174.62
8095.30000 2197.86
8095.40000 2228.64
8095.50000 2208.77
8095.60000 2180.12
8095.70000 2214.20
8095.80000 2231.17
8095.90000 2243.83
8096.00000 2210.10
8096.10000 2148.06
8096.20000 2166.47
8096.30000 2213.87
8096.40000 2230.70
8096.50000 2228.20
8096.60000 2217.71
8096.70000 2229.23
8096.80000 2164.87
8096.90000 2165.13
8097.00000 2228.69
8097.10000 2221.28
8097.20000 2148.17
8097.30000 1944.62
8097.40000 1924.97
8097.50000 2140.09
8097.60000 2213.89
8097.70000 2245.90
8097.80000 2232.80
8097.90000 2221.72
8098.00000 2225.07
8098.10000 2219.44
8098.20000 2160.86
8098.30000 2157.34
8098.40000 2177.45
8098.50000 2193.51
8098.60000 2221.96
8098.70000 2214.73
8098.80000 2233.76
8098.90000 2229.67
8099.00000 2211.75
8099.10000 2146.08
8099.20000 2110.99
8099.30000 2076.81
8099.40000 2142.98
8099.50000 2177.84
8099.60000 2147.98
8099.70000 2098.69
8099.80000 2136.42
8099.90000 2215.74
8100.00000 2216.79
8100.10000 2217.57
8100.20000 2175.20
8100.30000 2210.70
8100.40000 2239.05
8100.50000 2228.83
8100.60000 2226.63
8100.70000 2226.96
8100.80000 2215.26
8100.90000 2221.34
8101.00000 2218.96
8101.10000 2230.66
8101.20000 2222.47
8101.30000 2237.56
8101.40000 2225.37
8101.50000 2224.10
8101.60000 2234.22
8101.70000 2211.81
8101.80000 2194.27
8101.90000 2187.97
8102.00000 2151.97
8102.10000 2096.89
8102.20000 2079.92
8102.30000 2175.20
8102.40000 2199.15
8102.50000 2227.95
8102.60000 2185.31
8102.70000 2218.12
8102.80000 2215.63
8102.90000 2175.81
8103.00000 2151.45
8103.10000 2152.59
8103.20000 2194.66
8103.30000 2232.36
8103.40000 2233.84
8103.50000 2218.94
8103.60000 2209.66
8103.70000 2208.03
8103.80000 2177.91
8103.90000 2060.39
8104.00000 2063.76
8104.10000 2194.53
8104.20000 2199.28
8104.30000 2218.60
8104.40000 2231.13
8104.50000 2228.38
8104.60000 2230.82
8104.70000 2233.76
8104.80000 2233.63
8104.90000 2222.46
8105.00000 2232.48
8105.10000 2241.09
8105.20000 2214.92
8105.30000 2219.07
8105.40000 2145.45
8105.50000 2064.23
8105.60000 2141.82
8105.70000 2171.98
8105.80000 2191.46
8105.90000 2210.63
8106.00000 2238.95
8106.10000 2239.74
8106.20000 2217.91
8106.30000 2227.74
8106.40000 2218.53
8106.50000 2222.45
8106.60000 2199.82
8106.70000 2140.66
8106.80000 2188.28
8106.90000 2222.34
8107.00000 2200.54
8107.10000 2123.39
8107.20000 2115.33
8107.30000 2200.22
8107.40000 2203.59
8107.50000 2229.87
8107.60000 2238.16
8107.70000 2240.98
8107.80000 2223.28
8107.90000 2205.80
8108.00000 2193.25
8108.10000 2206.87
8108.20000 2213.08
8108.30000 2227.08
8108.40000 2186.59
8108.50000 2038.23
8108.60000 1711.86
8108.70000 1964.53
8108.80000 2147.79
8108.90000 2213.77
8109.00000 2209.88
8109.10000 2220.22
8109.20000 2220.47
8109.30000 2221.41
8109.40000 2218.39
8109.50000 2231.57
8109.60000 2209.27
8109.70000 2127.89
8109.80000 1983.58
8109.90000 2155.46
8110.00000 2222.19
8110.10000 2237.23
8110.20000 2206.16
8110.30000 2228.11
8110.40000 2237.90
8110.50000 2178.45
8110.60000 2107.99
8110.70000 2204.74
8110.80000 2195.20
8110.90000 2166.33
8111.00000 2203.09
8111.10000 2204.01
8111.20000 2163.55
8111.30000 2007.48
8111.40000 2015.41
8111.50000 2167.84
8111.60000 2227.03
8111.70000 2203.19
8111.80000 2190.27
8111.90000 2216.43
8112.00000 2234.40
8112.10000 2219.07
8112.20000 2217.01
8112.30000 2228.90
8112.40000 2224.82
8112.50000 2223.45
8112.60000 2214.20
8112.70000 2202.20
8112.80000 2202.29
8112.90000 2230.54
8113.00000 2164.41
8113.10000 1972.63
8113.20000 1799.71
8113.30000 2086.25
8113.40000 2176.56
8113.50000 2190.31
8113.60000 2214.23
8113.70000 2207.56
8113.80000 2218.96
8113.90000 2212.64
8114.00000 2188.14
8114.10000 2141.06
8114.20000 2064.32
8114.30000 1982.30
8114.40000 1791.70
8114.50000 1907.48
8114.60000 1883.57
8114.70000 1603.29
8114.80000 1821.95
8114.90000 2134.35
8115.00000 2194.06
8115.10000 2188.37
8115.20000 2196.61
8115.30000 2184.73
8115.40000 2123.22
8115.50000 2128.58
8115.60000 2189.79
8115.70000 2094.26
8115.80000 2145.37
8115.90000 2191.52
8116.00000 2219.79
8116.10000 2207.71
8116.20000 2214.64
8116.30000 2220.02
8116.40000 2215.57
8116.50000 2177.87
8116.60000 2201.97
8116.70000 2172.90
8116.80000 2189.37
8116.90000 2196.38
8117.00000 2198.58
8117.10000 2205.60
8117.20000 2213.52
8117.30000 2205.14
8117.40000 2178.04
8117.50000 2162.50
8117.60000 2191.45
8117.70000 2191.69
8117.80000 2197.60
8117.90000 2197.45
8118.00000 2184.79
8118.10000 2171.12
8118.20000 2220.05
8118.30000 2206.29
8118.40000 2194.02
8118.50000 2166.96
8118.60000 2170.25
8118.70000 2186.64
8118.80000 2092.08
8118.90000 1996.58
8119.00000 2139.54
8119.10000 2167.62
8119.20000 2078.72
8119.30000 2113.91
8119.40000 2108.27
8119.50000 2142.82
8119.60000 1984.28
8119.70000 1787.70
8119.80000 2041.84
8119.90000 2156.63
8120.00000 2180.80
8120.10000 2179.58
8120.20000 2195.49
8120.30000 2196.62
8120.40000 2195.61
8120.50000 2196.12
8120.60000 2187.88
8120.70000 2190.73
8120.80000 2169.30
8120.90000 2184.91
8121.00000 2190.59
8121.10000 2198.22
8121.20000 2184.76
8121.30000 2113.88
8121.40000 1874.36
8121.50000 1924.26
8121.60000 2137.79
8121.70000 2170.15
8121.80000 2165.62
8121.90000 2146.80
8122.00000 1963.98
8122.10000 2022.20
8122.20000 1969.59
8122.30000 1860.04
8122.40000 2110.44
8122.50000 2179.83
8122.60000 2178.63
8122.70000 2199.09
8122.80000 2174.89
8122.90000 2163.68
8123.00000 2180.43
8123.10000 2157.18
8123.20000 2094.44
8123.30000 1758.34
8123.40000 1716.45
8123.50000 2024.59
8123.60000 1959.26
8123.70000 2111.08
8123.80000 2148.16
8123.90000 2163.21
8124.00000 2068.23
8124.10000 1908.08
8124.20000 2057.11
8124.30000 2035.94
8124.40000 2016.56
8124.50000 2170.41
8124.60000 2190.51
8124.70000 2203.36
8124.80000 2208.89
8124.90000 2205.15
8125.00000 2162.63
8125.10000 2166.57
8125.20000 2173.99
8125.30000 2170.94
8125.40000 2220.18
8125.50000 2200.31
8125.60000 2175.95
8125.70000 2095.85
8125.80000 1966.04
8125.90000 1984.46
8126.00000 2130.11
8126.10000 2041.61
8126.20000 1662.57
8126.30000 1914.37
8126.40000 2144.05
8126.50000 2154.53
8126.60000 2171.31
8126.70000 2174.73
8126.80000 2165.80
8126.90000 2188.95
8127.00000 2185.72
8127.10000 2175.45
8127.20000 2166.86
8127.30000 2167.84
8127.40000 2159.33
8127.50000 2070.14
8127.60000 1652.63
8127.70000 1856.39
8127.80000 2097.37
8127.90000 2062.84
8128.00000 2107.31
8128.10000 2140.48
8128.20000 2158.92
8128.30000 2167.12
8128.40000 2191.53
8128.50000 2176.66
8128.60000 2161.77
8128.70000 2189.19
8128.80000 2189.38
8128.90000 2171.28
8129.00000 2167.78
8129.10000 2174.65
8129.20000 2194.80
8129.30000 2189.09
8129.40000 2198.85
8129.50000 2184.50
8129.60000 2174.28
8129.70000 2169.08
8129.80000 2173.39
8129.90000 2205.28
8130.00000 2191.61
8130.10000 2163.16
8130.20000 2189.14
8130.30000 2178.43
8130.40000 2137.14
8130.50000 2167.29
8130.60000 2109.79
8130.70000 1883.90
8130.80000 1561.92
8130.90000 1838.22
8131.00000 1694.81
8131.10000 1763.85
8131.20000 1287.06
8131.30000 1491.50
8131.40000 1991.34
8131.50000 2076.25
8131.60000 2242.64
8131.70000 2339.60
8131.80000 2192.84
8131.90000 1907.20
8132.00000 1558.63
8132.10000 1941.56
8132.20000 2061.89
8132.30000 2122.55
8132.40000 2138.01
8132.50000 2126.50
8132.60000 2145.22
8132.70000 2158.89
8132.80000 2167.78
8132.90000 2170.55
8133.00000 2136.07
8133.10000 2065.06
8133.20000 2072.58
8133.30000 2148.69
8133.40000 2167.74
8133.50000 2160.20
8133.60000 2169.69
8133.70000 2131.61
8133.80000 2114.08
8133.90000 1947.43
8134.00000 1718.51
8134.10000 1990.09
8134.20000 1994.36
8134.30000 1617.75
8134.40000 1482.06
8134.50000 777.99
8134.60000 739.83
8134.70000 1470.17
8134.80000 1857.27
8134.90000 2049.69
8135.00000 2067.30
8135.10000 2115.66
8135.20000 2058.45
8135.30000 1959.18
8135.40000 2042.88
8135.50000 2073.02
8135.60000 1957.46
8135.70000 1546.33
8135.80000 730.44
8135.90000 1128.56
8136.00000 1858.50
8136.10000 2047.36
8136.20000 2122.96
8136.30000 2120.78
8136.40000 2170.25
8136.50000 2175.52
8136.60000 2152.15
8136.70000 2167.30
8136.80000 2138.87
8136.90000 2024.59
8137.00000 1796.51
8137.10000 2055.40
8137.20000 1865.90
8137.30000 1411.31
8137.40000 1877.18
8137.50000 2136.78
8137.60000 2152.88
8137.70000 2140.74
8137.80000 2110.31
8137.90000 1892.52
8138.00000 1989.59
8138.10000 2148.37
8138.20000 2176.63
8138.30000 2166.71
8138.40000 2204.39
8138.50000 2201.90
8138.60000 2199.61
8138.70000 2184.36
8138.80000 2182.94
8138.90000 2179.75
8139.00000 2193.76
8139.10000 2181.82
8139.20000 2185.19
8139.30000 2159.24
8139.40000 2123.90
8139.50000 1979.13
8139.60000 1960.22
8139.70000 2136.13
8139.80000 2175.10
8139.90000 2180.54
8140.00000 2185.05
8140.10000 2190.84
8140.20000 2188.53
8140.30000 2146.27
8140.40000 1902.76
8140.50000 1447.52
8140.60000 1949.42
8140.70000 2161.30
8140.80000 2177.46
8140.90000 2153.27
8141.00000 2126.79
8141.10000 2123.60
8141.20000 2062.80
8141.30000 1749.15
8141.40000 826.75
8141.50000 969.35
8141.60000 1378.80
8141.70000 1923.20
8141.80000 2089.24
8141.90000 2100.22
8142.00000 2133.19
8142.10000 2156.45
8142.20000 2139.83
8142.30000 2105.74
8142.40000 2062.00
8142.50000 1952.19
8142.60000 1435.65
8142.70000 563.22
8142.80000 1185.59
8142.90000 1852.24
8143.00000 2049.18
8143.10000 2104.37
8143.20000 2104.77
8143.30000 2128.92
8143.40000 2147.69
8143.50000 2180.18
8143.60000 2164.04
8143.70000 2155.19
8143.80000 2156.81
8143.90000 2164.48
8144.00000 2173.59
8144.10000 2153.72
8144.20000 2112.73
8144.30000 1998.86
8144.40000 1982.48
8144.50000 1527.97
8144.60000 1250.11
8144.70000 1965.34
8144.80000 2070.20
8144.90000 1899.81
8145.00000 1725.90
8145.10000 2047.16
8145.20000 2040.54
8145.30000 1845.65
8145.40000 2058.98
8145.50000 2147.96
8145.60000 2177.92
8145.70000 2172.07
8145.80000 2178.73
8145.90000 2159.04
8146.00000 2137.88
8146.10000 2162.94
8146.20000 2167.45
8146.30000 2175.02
8146.40000 2148.15
8146.50000 2122.26
8146.60000 2113.87
8146.70000 2116.98
8146.80000 2021.09
8146.90000 1579.69
8147.00000 1043.05
8147.10000 1647.79
8147.20000 1987.83
8147.30000 2102.79
8147.40000 2109.60
8147.50000 2101.04
8147.60000 2087.20
8147.70000 2000.29
8147.80000 1795.83
8147.90000 1225.32
8148.00000 1066.70
8148.10000 1791.86
8148.20000 2025.04
8148.30000 2083.23
8148.40000 2098.70
8148.50000 2107.96
8148.60000 2068.68
8148.70000 1980.21
8148.80000 1579.27
8148.90000 1538.95
8149.00000 1719.79
8149.10000 1103.70
8149.20000 756.45
8149.30000 1683.84
8149.40000 1957.70
8149.50000 2063.04
8149.60000 2099.33
8149.70000 2120.50
8149.80000 2111.06
8149.90000 2037.68
8150.00000 1491.93
8150.10000 1529.77
8150.20000 1888.84
8150.30000 1622.18
8150.40000 1120.97
8150.50000 835.21
8150.60000 1245.43
8150.70000 1375.75
8150.80000 1909.86
8150.90000 2054.70
8151.00000 2112.25
8151.10000 2126.03
8151.20000 2140.78
8151.30000 2124.08
8151.40000 2141.79
8151.50000 2111.47
8151.60000 2148.81
8151.70000 2141.90
8151.80000 2155.26
8151.90000 2124.09
8152.00000 2101.25
8152.10000 2062.24
8152.20000 2104.04
8152.30000 2113.37
8152.40000 2148.84
8152.50000 2127.47
8152.60000 2130.68
8152.70000 2098.64
8152.80000 2103.17
8152.90000 2100.22
8153.00000 2014.19
8153.10000 1774.95
8153.20000 1042.39
8153.30000 637.38
8153.40000 1554.08
8153.50000 1927.92
8153.60000 2036.77
8153.70000 2073.02
8153.80000 2015.95
8153.90000 2052.91
8154.00000 2089.59
8154.10000 2098.85
8154.20000 2063.13
8154.30000 1954.66
8154.40000 1422.02
8154.50000 901.82
8154.60000 1627.46
8154.70000 1956.00
8154.80000 2042.95
8154.90000 2011.68
8155.00000 1937.63
8155.10000 1586.57
8155.20000 1210.14
8155.30000 1123.83
8155.40000 317.80
8155.50000 439.67
8155.60000 1444.02
8155.70000 1863.76
8155.80000 1999.33
8155.90000 2082.79
8156.00000 2116.58
8156.10000 2092.28
8156.20000 2012.65
8156.30000 2037.91
8156.40000 2111.74
8156.50000 2104.59
8156.60000 2044.31
8156.70000 2141.64
8156.80000 2118.78
8156.90000 2112.47
8157.00000 2137.55
8157.10000 2170.98
8157.20000 2140.62
8157.30000 2105.73
8157.40000 2131.45
8157.50000 2094.90
8157.60000 1985.40
8157.70000 2026.52
8157.80000 2097.37
8157.90000 2117.66
8158.00000 2103.83
8158.10000 2117.54
8158.20000 2084.00
8158.30000 2064.55
8158.40000 2006.89
8158.50000 1920.00
8158.60000 1698.75
8158.70000 964.99
8158.80000 276.80
8158.90000 1003.54
8159.00000 1728.51
8159.10000 1970.93
8159.20000 2042.60
8159.30000 2064.78
8159.40000 2092.17
8159.50000 2095.51
8159.60000 2064.17
8159.70000 2087.44
8159.80000 2121.31
8159.90000 2126.62
8160.00000 2126.29
8160.10000 2102.93
8160.20000 2131.00
8160.30000 2096.11
8160.40000 2125.88
8160.50000 2164.63
8160.60000 2138.60
8160.70000 2129.74
8160.80000 2128.35
8160.90000 2135.05
8161.00000 2126.92
8161.10000 2127.20
8161.20000 2123.58
8161.30000 2112.86
8161.40000 2100.60
8161.50000 2071.71
8161.60000 2033.51
8161.70000 2042.08
8161.80000 2013.45
8161.90000 1925.64
8162.00000 1666.54
8162.10000 988.59
8162.20000 210.95
8162.30000 693.22
8162.40000 1497.85
8162.50000 1723.94
8162.60000 1650.94
8162.70000 907.79
8162.80000 776.21
8162.90000 1387.58
8163.00000 988.77
8163.10000 227.80
8163.20000 523.98
8163.30000 1297.47
8163.40000 1740.38
8163.50000 1857.96
8163.60000 1813.03
8163.70000 1976.94
8163.80000 2053.07
8163.90000 2050.49
8164.00000 2061.98
8164.10000 2073.11
8164.20000 2082.02
8164.30000 2041.04
8164.40000 2002.97
8164.50000 1918.00
8164.60000 1885.83
8164.70000 1930.24
8164.80000 1853.49
8164.90000 1523.04
8165.00000 1458.21
8165.10000 1261.59
8165.20000 549.64
8165.30000 58.91
8165.40000 332.68
8165.50000 1100.00
8165.60000 1580.46
8165.70000 1827.21
8165.80000 1942.18
8165.90000 1926.18
8166.00000 1789.45
8166.10000 1334.99
8166.20000 1688.73
8166.30000 2002.44
8166.40000 2071.87
8166.50000 2082.17
8166.60000 2072.25
8166.70000 2102.11
8166.80000 2074.85
8166.90000 2110.66
8167.00000 2133.18
8167.10000 2128.56
8167.20000 2014.11
8167.30000 2048.46
8167.40000 2088.86
8167.50000 2069.57
8167.60000 2095.05
8167.70000 2101.76
8167.80000 2085.90
8167.90000 2011.38
8168.00000 2076.54
8168.10000 2123.12
8168.20000 2133.78
8168.30000 2102.02
8168.40000 2116.52
8168.50000 2099.38
8168.60000 2118.10
8168.70000 2119.55
8168.80000 2101.31
8168.90000 2076.49
8169.00000 2066.14
8169.10000 2102.08
8169.20000 2103.23
8169.30000 2007.62
8169.40000 1798.29
8169.50000 1218.43
8169.60000 465.25
8169.70000 1100.99
8169.80000 1691.49
8169.90000 1815.97
8170.00000 1739.80
8170.10000 1115.53
8170.20000 804.17
8170.30000 1550.56
8170.40000 1750.90
8170.50000 1660.14
8170.60000 1235.67
8170.70000 404.58
8170.80000 135.18
8170.90000 845.67
8171.00000 1535.95
8171.10000 1837.07
8171.20000 1935.93
8171.30000 2043.50
8171.40000 2043.09
8171.50000 2055.73
8171.60000 2093.26
8171.70000 2101.94
8171.80000 2086.94
8171.90000 2092.10
8172.00000 2116.21
8172.10000 2131.77
8172.20000 2109.85
8172.30000 2083.45
8172.40000 2007.62
8172.50000 2060.25
8172.60000 2095.73
8172.70000 2119.18
8172.80000 2088.60
8172.90000 2134.33
8173.00000 2105.48
8173.10000 2106.53
8173.20000 2094.79
8173.30000 2116.70
8173.40000 2087.28
8173.50000 2105.89
8173.60000 2085.59
8173.70000 2003.12
8173.80000 1852.33
8173.90000 1995.29
8174.00000 2113.35
8174.10000 2113.36
8174.20000 2103.68
8174.30000 2101.49
8174.40000 2094.26
8174.50000 1981.03
8174.60000 2031.21
8174.70000 2113.85
8174.80000 2071.70
8174.90000 2110.58
8175.00000 2108.95
8175.10000 2099.33
8175.20000 2084.81
8175.30000 2006.75
8175.40000 1804.05
8175.50000 1712.65
8175.60000 1984.46
8175.70000 2073.61
8175.80000 2081.07
8175.90000 2084.16
8176.00000 2137.90
8176.10000 2097.74
8176.20000 2104.56
8176.30000 2079.72
8176.40000 2099.27
8176.50000 2071.90
8176.60000 2093.74
8176.70000 2076.32
8176.80000 2050.20
8176.90000 2066.24
8177.00000 2027.09
8177.10000 2004.31
8177.20000 1985.90
8177.30000 1899.30
8177.40000 1776.46
8177.50000 1514.25
8177.60000 928.33
8177.70000 213.48
8177.80000 99.51
8177.90000 747.35
8178.00000 1408.65
8178.10000 1677.60
8178.20000 1767.37
8178.30000 1861.13
8178.40000 1871.97
8178.50000 1743.20
8178.60000 1256.02
8178.70000 456.26
8178.80000 910.56
8178.90000 1538.93
8179.00000 1784.44
8179.10000 1749.40
8179.20000 1252.39
8179.30000 921.05
8179.40000 1578.07
8179.50000 1836.56
8179.60000 1805.61
8179.70000 1404.98
8179.80000 522.82
8179.90000 753.99
8180.00000 1580.03
8180.10000 1908.01
8180.20000 2034.24
8180.30000 2056.06
8180.40000 2082.85
8180.50000 2034.61
8180.60000 2001.29
8180.70000 1893.39
8180.80000 2040.51
8180.90000 2121.34
8181.00000 2145.96
8181.10000 2102.29
8181.20000 2131.79
8181.30000 2159.14
8181.40000 2084.29
8181.50000 2112.22
8181.60000 2073.40
8181.70000 2105.96
8181.80000 2125.37
8181.90000 2127.77
8182.00000 2112.18
8182.10000 2068.95
8182.20000 2034.37
8182.30000 1982.50
8182.40000 1816.48
8182.50000 1231.92
8182.60000 352.95
8182.70000 643.36
8182.80000 1555.66
8182.90000 1866.90
8183.00000 1905.06
8183.10000 1947.86
8183.20000 2015.64
8183.30000 2083.45
8183.40000 2088.41
8183.50000 2115.51
8183.60000 2104.34
8183.70000 2067.93
8183.80000 1771.30
8183.90000 1594.18
8184.00000 1940.22
8184.10000 2059.55
8184.20000 2086.25
8184.30000 2080.74
8184.40000 2130.65
8184.50000 2122.60
8184.60000 2140.94
8184.70000 2140.17
8184.80000 2129.03
8184.90000 2082.50
8185.00000 2066.28
8185.10000 2106.61
8185.20000 2135.75
8185.30000 2155.63
8185.40000 2138.53
8185.50000 2146.78
8185.60000 2138.47
8185.70000 2136.69
8185.80000 2149.74
8185.90000 2183.67
8186.00000 2150.96
8186.10000 2150.86
8186.20000 2128.04
8186.30000 2132.66
8186.40000 2118.16
8186.50000 2115.25
8186.60000 2108.89
8186.70000 2062.37
8186.80000 2018.76
8186.90000 1900.36
8187.00000 1500.29
8187.10000 620.34
8187.20000 527.04
8187.30000 1449.04
8187.40000 1867.75
8187.50000 2015.80
8187.60000 2107.33
8187.70000 2118.82
8187.80000 2145.57
8187.90000 2142.31
8188.00000 2154.19
8188.10000 2153.97
8188.20000 2111.63
8188.30000 2125.73
8188.40000 2134.06
8188.50000 2052.39
8188.60000 1955.86
8188.70000 1996.87
8188.80000 2088.86
8188.90000 2114.10
8189.00000 2121.03
8189.10000 2118.90
8189.20000 2109.40
8189.30000 2066.40
8189.40000 2041.04
8189.50000 2026.39
8189.60000 1958.13
8189.70000 1811.70
8189.80000 1563.88
8189.90000 891.95
8190.00000 193.75
8190.10000 164.32
8190.20000 873.90
8190.30000 1495.78
8190.40000 1810.78
8190.50000 1972.26
8190.60000 2020.14
8190.70000 2037.63
8190.80000 2071.66
8190.90000 2094.28
8191.00000 2106.16
8191.10000 2119.14
8191.20000 2158.84
8191.30000 2155.56
8191.40000 2144.40
8191.50000 2144.23
8191.60000 2162.84
8191.70000 2120.56
8191.80000 2039.69
8191.90000 2097.06
8192.00000 2113.16
8192.10000 2134.88
8192.20000 2177.84
8192.30000 2168.35
8192.40000 2169.12
8192.50000 2147.48
8192.60000 2131.40
8192.70000 2124.34
8192.80000 2040.54
8192.90000 2068.23
8193.00000 2078.90
8193.10000 2074.51
8193.20000 2085.16
8193.30000 2043.11
8193.40000 2017.53
8193.50000 1932.94
8193.60000 1829.22
8193.70000 1410.19
8193.80000 607.84
8193.90000 137.58
8194.00000 716.91
8194.10000 1448.54
8194.20000 1804.45
8194.30000 1940.79
8194.40000 1959.47
8194.50000 1970.70
8194.60000 2001.82
8194.70000 2070.94
8194.80000 2070.64
8194.90000 2072.48
8195.00000 2042.01
8195.10000 2044.92
8195.20000 2091.85
8195.30000 2101.57
8195.40000 2124.09
8195.50000 2137.96
8195.60000 2118.59
8195.70000 2118.50
8195.80000 2145.28
8195.90000 2119.78
8196.00000 2099.96
8196.10000 2111.32
8196.20000 2129.19
8196.30000 2133.79
8196.40000 2125.36
8196.50000 2156.63
8196.60000 2137.58
8196.70000 2124.02
8196.80000 2128.66
8196.90000 2141.36
8197.00000 2111.13
8197.10000 2129.90
8197.20000 2127.73
8197.30000 2106.19
8197.40000 2107.64
8197.50000 2093.20
8197.60000 2084.72
8197.70000 2110.46
8197.80000 2088.93
8197.90000 2039.78
8198.00000 1979.36
8198.10000 1899.57
8198.20000 1672.48
8198.30000 1171.54
8198.40000 387.73
8198.50000 94.49
8198.60000 659.36
8198.70000 1387.01
8198.80000 1762.99
8198.90000 1934.00
8199.00000 1999.44
8199.10000 2051.41
8199.20000 2070.96
8199.30000 2098.70
8199.40000 2083.63
8199.50000 2064.60
8199.60000 1981.93
8199.70000 1636.00
8199.80000 1261.82
8199.90000 1754.29
8200.00000 2021.66
8200.10000 2084.05
8200.20000 2078.17
8200.30000 2025.84
8200.40000 2049.41
8200.50000 2038.97
8200.60000 1913.89
8200.70000 1407.27
8200.80000 1131.40
8200.90000 1766.17
8201.00000 1981.33
8201.10000 1971.08
8201.20000 1937.62
8201.30000 1731.59
8201.40000 1028.29
8201.50000 697.22
8201.60000 1493.26
8201.70000 1859.79
8201.80000 1968.68
8201.90000 2035.69
8202.00000 2059.05
8202.10000 2223.81
8202.20000 2169.30
8202.30000 2056.61
8202.40000 2073.61
8202.50000 2114.02
8202.60000 2133.63
8202.70000 2143.71
8202.80000 2113.60
8202.90000 2144.42
8203.00000 2140.45
8203.10000 2107.25
8203.20000 2118.60
8203.30000 2138.98
8203.40000 2133.72
8203.50000 2158.39
8203.60000 2150.52
8203.70000 2139.52
8203.80000 2170.67
8203.90000 2147.49
8204.00000 2145.61
8204.10000 2148.76
8204.20000 2139.59
8204.30000 2127.82
8204.40000 2175.26
8204.50000 2160.95
8204.60000 2137.18
8204.70000 2159.65
8204.80000 2161.38
8204.90000 2144.49
8205.00000 2172.51
8205.10000 2137.42
8205.20000 2144.67
8205.30000 2112.25
8205.40000 2100.36
8205.50000 1923.29
8205.60000 1775.08
8205.70000 2016.27
8205.80000 2110.21
8205.90000 2135.90
8206.00000 2131.05
8206.10000 2132.27
8206.20000 2173.90
8206.30000 2156.60
8206.40000 2158.06
8206.50000 2157.07
8206.60000 2152.48
8206.70000 2158.27
8206.80000 2172.38
8206.90000 2169.84
8207.00000 2193.31
8207.10000 2185.25
8207.20000 2176.69
8207.30000 2188.30
8207.40000 2175.48
8207.50000 2130.60
8207.60000 2142.23
8207.70000 2177.50
8207.80000 2165.92
8207.90000 2157.13
8208.00000 2183.35
8208.10000 2191.44
8208.20000 2169.84
8208.30000 2173.00
8208.40000 2188.02
8208.50000 2194.07
8208.60000 2164.81
8208.70000 2143.75
8208.80000 2151.29
8208.90000 2159.03
8209.00000 2185.01
8209.10000 2155.80
8209.20000 2165.17
8209.30000 2166.62
8209.40000 2150.19
8209.50000 2158.81
8209.60000 2162.70
8209.70000 2153.19
8209.80000 2159.56
8209.90000 2140.21
8210.00000 2121.42
8210.10000 2116.83
8210.20000 1986.44
8210.30000 1616.11
8210.40000 1692.61
8210.50000 2040.20
8210.60000 2107.35
8210.70000 2146.78
8210.80000 2124.68
8210.90000 2097.01
8211.00000 1986.56
8211.10000 1724.30
8211.20000 1943.79
8211.30000 2110.93
8211.40000 2156.91
8211.50000 2153.67
8211.60000 2181.90
8211.70000 2138.40
8211.80000 2151.53
8211.90000 2147.37
8212.00000 2133.72
8212.10000 2147.78
8212.20000 2147.32
8212.30000 2163.92
8212.40000 2179.83
8212.50000 2128.94
8212.60000 2090.86
8212.70000 1985.45
8212.80000 1594.08
8212.90000 942.12
8213.00000 1404.34
8213.10000 1930.92
8213.20000 2025.15
8213.30000 2046.29
8213.40000 2131.59
8213.50000 2149.75
8213.60000 2182.54
8213.70000 2202.71
8213.80000 2203.37
8213.90000 2173.85
8214.00000 2185.14
8214.10000 2190.80
8214.20000 2207.75
8214.30000 2210.89
8214.40000 2188.78
8214.50000 2177.85
8214.60000 2166.19
8214.70000 2205.68
8214.80000 2202.57
8214.90000 2202.32
8215.00000 2170.44
8215.10000 2062.24
8215.20000 1855.19
8215.30000 2043.19
8215.40000 2161.23
8215.50000 2172.47
8215.60000 2191.10
8215.70000 2186.76
8215.80000 2162.27
8215.90000 2143.20
8216.00000 2165.81
8216.10000 2169.97
8216.20000 2186.50
8216.30000 2189.89
8216.40000 2184.37
8216.50000 2193.92
8216.60000 2173.00
8216.70000 2179.55
8216.80000 2181.13
8216.90000 2181.51
8217.00000 2159.75
8217.10000 2149.03
8217.20000 2165.30
8217.30000 2160.03
8217.40000 2167.43
8217.50000 2192.43
8217.60000 2156.55
8217.70000 2092.58
8217.80000 2131.91
8217.90000 2135.58
8218.00000 2164.30
8218.10000 2152.06
8218.20000 2161.48
8218.30000 2135.40
8218.40000 2145.44
8218.50000 2069.36
8218.60000 2009.14
8218.70000 1769.11
8218.80000 1095.11
8218.90000 432.47
8219.00000 1148.53
8219.10000 1767.37
8219.20000 2017.97
8219.30000 2075.33
8219.40000 2096.26
8219.50000 2141.19
8219.60000 2156.83
8219.70000 2161.90
8219.80000 2159.57
8219.90000 2174.14
8220.00000 2204.89
8220.10000 2190.42
8220.20000 2197.80
8220.30000 2171.44
8220.40000 2183.16
8220.50000 2154.43
8220.60000 2188.42
8220.70000 2182.97
8220.80000 2194.53
8220.90000 2199.61
8221.00000 2188.50
8221.10000 2217.25
8221.20000 2178.37
8221.30000 2153.54
8221.40000 2138.87
8221.50000 2142.91
8221.60000 2145.29
8221.70000 2136.09
8221.80000 2136.82
8221.90000 2129.22
8222.00000 2083.89
8222.10000 2035.35
8222.20000 1712.64
8222.30000 930.48
8222.40000 1077.37
8222.50000 1827.40
8222.60000 2028.50
8222.70000 2080.14
8222.80000 2102.43
8222.90000 2131.81
8223.00000 2136.28
8223.10000 2129.29
8223.20000 2153.09
8223.30000 2161.00
8223.40000 2137.22
8223.50000 2136.77
8223.60000 2110.71
8223.70000 2064.79
8223.80000 2108.79
8223.90000 2127.12
8224.00000 2149.08
8224.10000 2126.15
8224.20000 2141.82
8224.30000 2120.55
8224.40000 2072.72
8224.50000 2005.32
8224.60000 1787.98
8224.70000 1082.70
8224.80000 644.67
8224.90000 1468.18
8225.00000 1873.51
8225.10000 1945.17
8225.20000 1802.55
8225.30000 1847.93
8225.40000 2089.76
8225.50000 2116.70
8225.60000 2122.22
8225.70000 2141.28
8225.80000 2121.68
8225.90000 2095.02
8226.00000 2123.45
8226.10000 2118.80
8226.20000 2069.49
8226.30000 1938.95
8226.40000 1393.06
8226.50000 1036.88
8226.60000 1703.31
8226.70000 2035.20
8226.80000 2069.30
8226.90000 2080.91
8227.00000 2081.65
8227.10000 2082.50
8227.20000 2047.70
8227.30000 1946.11
8227.40000 1855.18
8227.50000 1584.02
8227.60000 932.29
8227.70000 202.55
8227.80000 188.77
8227.90000 927.04
8228.00000 1519.08
8228.10000 1758.94
8228.20000 1863.64
8228.30000 1891.58
8228.40000 1869.64
8228.50000 1718.21
8228.60000 1536.63
8228.70000 768.92
8228.80000 234.79
8228.90000 463.99
8229.00000 169.56
8229.10000 33.32
8229.20000 396.59
8229.30000 1109.58
8229.40000 1091.75
8229.50000 443.07
8229.60000 692.84
8229.70000 1227.83
8229.80000 1705.74
8229.90000 1925.94
8230.00000 1972.14
8230.10000 2002.69
8230.20000 2001.26
8230.30000 1898.67
8230.40000 1584.75
8230.50000 710.42
8230.60000 690.48
8230.70000 1571.91
8230.80000 1917.25
8230.90000 2028.88
8231.00000 2055.84
8231.10000 2039.48
8231.20000 1817.22
8231.30000 1662.22
8231.40000 1940.27
8231.50000 2007.78
8231.60000 1956.36
8231.70000 1853.42
8231.80000 1702.73
8231.90000 1241.25
8232.00000 406.68
8232.10000 120.56
8232.20000 611.07
8232.30000 1176.63
8232.40000 783.97
8232.50000 459.41
8232.60000 1290.90
8232.70000 1853.86
8232.80000 2009.05
8232.90000 2085.35
8233.00000 2085.95
8233.10000 2137.70
8233.20000 2139.31
8233.30000 2135.56
8233.40000 2138.00
8233.50000 2136.91
8233.60000 2152.24
8233.70000 2128.25
8233.80000 2134.30
8233.90000 2136.05
8234.00000 2134.00
8234.10000 2117.61
8234.20000 2068.28
8234.30000 2052.38
8234.40000 1940.88
8234.50000 1694.01
8234.60000 995.57
8234.70000 310.30
8234.80000 1016.81
8234.90000 1714.53
8235.00000 1967.32
8235.10000 2017.89
8235.20000 2034.43
8235.30000 1975.23
8235.40000 1560.64
8235.50000 1782.61
8235.60000 2073.30
8235.70000 2125.90
8235.80000 2107.22
8235.90000 2143.69
8236.00000 2130.53
8236.10000 2123.71
8236.20000 2119.22
8236.30000 2124.41
8236.40000 2122.33
8236.50000 2125.42
8236.60000 2082.12
8236.70000 2058.71
8236.80000 2012.97
8236.90000 1786.36
8237.00000 1929.19
8237.10000 2080.64
8237.20000 2124.01
8237.30000 2115.89
8237.40000 2133.07
8237.50000 2146.66
8237.60000 2131.82
8237.70000 2131.95
8237.80000 2113.18
8237.90000 2046.97
8238.00000 1811.03
8238.10000 1143.51
8238.20000 1394.61
8238.30000 1960.71
8238.40000 2090.72
8238.50000 2130.21
8238.60000 2161.41
8238.70000 2160.43
8238.80000 2168.88
8238.90000 2177.88
8239.00000 2180.78
8239.10000 2205.89
8239.20000 2140.88
8239.30000 2100.06
8239.40000 2106.62
8239.50000 2159.64
8239.60000 2161.50
8239.70000 2170.60
8239.80000 2204.92
8239.90000 2167.42
8240.00000 2167.50
8240.10000 2155.49
8240.20000 2145.64
8240.30000 2153.54
8240.40000 2129.56
8240.50000 2048.78
8240.60000 1826.43
8240.70000 1268.60
8240.80000 1604.78
8240.90000 1994.32
8241.00000 2075.70
8241.10000 2103.74
8241.20000 2088.06
8241.30000 2163.19
8241.40000 2176.80
8241.50000 2162.18
8241.60000 2145.65
8241.70000 2137.85
8241.80000 2142.40
8241.90000 2148.93
8242.00000 2132.86
8242.10000 2107.92
8242.20000 2099.70
8242.30000 2115.28
8242.40000 2129.96
8242.50000 2134.05
8242.60000 2145.38
8242.70000 2122.32
8242.80000 2143.52
8242.90000 2117.96
8243.00000 2099.94
8243.10000 1938.94
8243.20000 1981.89
8243.30000 2092.38
8243.40000 2104.16
8243.50000 2094.37
8243.60000 2065.44
8243.70000 2008.71
8243.80000 1835.14
8243.90000 1434.04
8244.00000 1492.73
8244.10000 1395.15
8244.20000 625.34
8244.30000 230.75
8244.40000 967.43
8244.50000 1635.95
8244.60000 1902.83
8244.70000 1996.31
8244.80000 2071.62
8244.90000 2094.15
8245.00000 2096.85
8245.10000 2122.94
8245.20000 2146.37
8245.30000 2149.85
8245.40000 2154.34
8245.50000 2147.40
8245.60000 2188.99
8245.70000 2158.76
8245.80000 2150.52
8245.90000 2151.18
8246.00000 2168.42
8246.10000 2173.23
8246.20000 2175.23
8246.30000 2173.89
8246.40000 2194.00
8246.50000 2195.37
8246.60000 2172.75
8246.70000 2171.87
8246.80000 2167.41
8246.90000 2188.72
8247.00000 2167.89
8247.10000 2189.70
8247.20000 2166.83
8247.30000 2112.60
8247.40000 2010.51
8247.50000 2083.46
8247.60000 2157.58
8247.70000 2158.65
8247.80000 2153.76
8247.90000 2176.16
8248.00000 2177.38
8248.10000 2171.55
8248.20000 2186.60
8248.30000 2180.78
8248.40000 2164.15
8248.50000 2164.51
8248.60000 2171.84
8248.70000 2141.75
8248.80000 2161.05
8248.90000 2154.37
8249.00000 2156.29
8249.10000 2160.76
8249.20000 2149.45
8249.30000 2167.79
8249.40000 2122.54
8249.50000 2074.10
8249.60000 2086.39
8249.70000 2147.33
8249.80000 2145.78
8249.90000 2152.22
8250.00000 2146.75
8250.10000 2155.61
8250.20000 2164.28
8250.30000 2149.44
8250.40000 2136.87
8250.50000 2155.10
8250.60000 2146.80
8250.70000 2164.46
8250.80000 2140.88
8250.90000 2153.45
8251.00000 2152.44
8251.10000 2151.60
8251.20000 2141.43
8251.30000 2152.83
8251.40000 2126.28
8251.50000 2152.52
8251.60000 2170.88
8251.70000 2158.09
8251.80000 2144.74
8251.90000 2146.85
8252.00000 2161.28
8252.10000 2147.35
8252.20000 2143.16
8252.30000 2151.47
8252.40000 2122.75
8252.50000 2148.43
8252.60000 2155.02
8252.70000 2143.21
8252.80000 2151.09
8252.90000 2131.50
8253.00000 2114.30
8253.10000 2116.84
8253.20000 2105.32
8253.30000 2013.45
8253.40000 1681.96
8253.50000 999.77
8253.60000 1392.30
8253.70000 1930.92
8253.80000 2068.94
8253.90000 2127.05
8254.00000 2122.01
8254.10000 2144.37
8254.20000 2165.93
8254.30000 2174.57
8254.40000 2160.22
8254.50000 2180.46
8254.60000 2155.53
8254.70000 2140.68
8254.80000 2149.91
8254.90000 2156.12
8255.00000 2154.48
8255.10000 2148.74
8255.20000 2132.65
8255.30000 2115.33
8255.40000 2083.37
8255.50000 2122.92
8255.60000 2131.21
8255.70000 2140.92
8255.80000 2149.08
8255.90000 2137.18
8256.00000 2107.37
8256.10000 2100.37
8256.20000 2126.85
8256.30000 2116.60
8256.40000 2105.49
8256.50000 2076.49
8256.60000 2085.37
8256.70000 2039.11
8256.80000 2000.24
8256.90000 1948.96
8257.00000 1818.15
8257.10000 1489.27
8257.20000 745.58
8257.30000 132.15
8257.40000 596.92
8257.50000 1380.52
8257.60000 1754.73
8257.70000 1903.93
8257.80000 1985.38
8257.90000 2026.75
8258.00000 2035.61
8258.10000 2064.90
8258.20000 2085.19
8258.30000 2085.53
8258.40000 2081.13
8258.50000 2058.13
8258.60000 1888.03
8258.70000 1867.28
8258.80000 2054.47
8258.90000 2087.41
8259.00000 2099.99
8259.10000 2137.48
8259.20000 2119.42
8259.30000 2115.04
8259.40000 2122.69
8259.50000 2123.23
8259.60000 2085.86
8259.70000 2100.92
8259.80000 2088.46
8259.90000 2080.56
8260.00000 2051.46
8260.10000 2041.81
8260.20000 1945.92
8260.30000 1736.99
8260.40000 1054.92
8260.50000 616.23
8260.60000 1374.96
8260.70000 1840.87
8260.80000 1969.79
8260.90000 2020.79
8261.00000 2114.36
8261.10000 2049.15
8261.20000 2012.20
8261.30000 2077.22
8261.40000 2088.04
8261.50000 2162.32
8261.60000 2113.59
8261.70000 2097.18
8261.80000 2099.45
8261.90000 2114.12
8262.00000 2127.38
8262.10000 2110.50
8262.20000 2098.88
8262.30000 2101.34
8262.40000 2132.15
8262.50000 2102.49
8262.60000 2082.23
8262.70000 2071.69
8262.80000 2101.01
8262.90000 2102.06
8263.00000 2109.07
8263.10000 2084.61
8263.20000 2064.04
8263.30000 2079.91
8263.40000 2051.44
8263.50000 1993.19
8263.60000 2027.57
8263.70000 2054.49
8263.80000 2022.72
8263.90000 2009.06
8264.00000 1935.02
8264.10000 1613.38
8264.20000 880.38
8264.30000 1102.76
8264.40000 1767.00
8264.50000 1948.66
8264.60000 1993.76
8264.70000 1964.96
8264.80000 2072.62
8264.90000 2082.77
8265.00000 2080.71
8265.10000 2090.50
8265.20000 2099.29
8265.30000 2057.55
8265.40000 2025.87
8265.50000 2025.57
8265.60000 2065.51
8265.70000 2031.39
8265.80000 2108.99
8265.90000 2299.51
8266.00000 2305.42
8266.10000 2278.74
8266.20000 2131.60
8266.30000 2080.77
8266.40000 2087.14
8266.50000 2086.76
8266.60000 2070.62
8266.70000 2088.32
8266.80000 2102.12
8266.90000 2094.80
8267.00000 2082.22
8267.10000 2064.84
8267.20000 2097.86
8267.30000 2067.55
8267.40000 2068.22
8267.50000 2091.61
8267.60000 2078.84
8267.70000 2071.70
8267.80000 2078.65
8267.90000 2084.90
8268.00000 2112.18
8268.10000 2101.54
8268.20000 2097.22
8268.30000 2095.62
8268.40000 2113.16
8268.50000 2113.30
8268.60000 2106.65
8268.70000 2093.22
8268.80000 2093.77
8268.90000 2095.25
8269.00000 2098.07
8269.10000 2074.37
8269.20000 2100.68
8269.30000 2082.38
8269.40000 2103.55
8269.50000 2120.90
8269.60000 2103.37
8269.70000 2110.57
8269.80000 2054.68
8269.90000 1909.80
8270.00000 1865.16
8270.10000 2036.15
8270.20000 2071.12
8270.30000 2099.22
8270.40000 2073.90
8270.50000 2097.20
8270.60000 2063.72
8270.70000 2079.06
8270.80000 2081.75
8270.90000 2071.26
8271.00000 2054.13
8271.10000 2072.63
8271.20000 2088.12
8271.30000 2061.29
8271.40000 2078.32
8271.50000 2084.33
8271.60000 2067.27
8271.70000 2059.42
8271.80000 2081.89
8271.90000 2079.07
8272.00000 2078.46
8272.10000 2071.02
8272.20000 2060.91
8272.30000 2032.70
8272.40000 2016.85
8272.50000 1993.41
8272.60000 1859.08
8272.70000 1454.48
8272.80000 637.57
8272.90000 946.33
8273.00000 1689.42
8273.10000 1918.81
8273.20000 2012.28
8273.30000 2018.52
8273.40000 2043.68
8273.50000 2065.02
8273.60000 2046.06
8273.70000 2027.00
8273.80000 1878.25
8273.90000 1815.22
8274.00000 1995.30
8274.10000 2047.56
8274.20000 2030.67
8274.30000 2033.15
8274.40000 2050.42
8274.50000 2029.52
8274.60000 1997.10
8274.70000 1939.96
8274.80000 1801.77
8274.90000 1595.41
8275.00000 1036.76
8275.10000 251.07
8275.20000 316.29
8275.30000 1091.46
8275.40000 1605.94
8275.50000 1830.67
8275.60000 1919.45
8275.70000 1980.05
8275.80000 2000.60
8275.90000 2048.41
8276.00000 2024.00
8276.10000 2016.03
8276.20000 2032.30
8276.30000 1958.81
8276.40000 1990.72
8276.50000 2046.09
8276.60000 2066.54
8276.70000 2060.04
8276.80000 2026.96
8276.90000 2008.63
8277.00000 1978.32
8277.10000 1853.56
8277.20000 1510.63
8277.30000 883.82
8277.40000 744.63
8277.50000 703.19
8277.60000 1464.39
8277.70000 1840.09
8277.80000 1959.47
8277.90000 2028.61
8278.00000 2045.65
8278.10000 2046.62
8278.20000 2056.39
8278.30000 2062.67
8278.40000 2057.07
8278.50000 2065.46
8278.60000 2081.16
8278.70000 2080.90
8278.80000 2089.63
8278.90000 2094.23
8279.00000 2094.74
8279.10000 2081.91
8279.20000 2101.33
8279.30000 2094.10
8279.40000 2040.26
8279.50000 1922.91
8279.60000 1999.10
8279.70000 2049.43
8279.80000 2066.48
8279.90000 2047.68
8280.00000 2001.71
8280.10000 1924.17
8280.20000 1722.32
8280.30000 976.95
8280.40000 410.60
8280.50000 1158.15
8280.60000 1750.35
8280.70000 1940.74
8280.80000 1990.83
8280.90000 2028.43
8281.00000 2063.80
8281.10000 2049.28
8281.20000 2080.69
8281.30000 2057.55
8281.40000 2070.73
8281.50000 2070.51
8281.60000 2052.84
8281.70000 2052.00
8281.80000 2050.39
8281.90000 2060.07
8282.00000 2047.01
8282.10000 2048.86
8282.20000 2026.63
8282.30000 1991.99
8282.40000 1941.99
8282.50000 1817.60
8282.60000 1515.11
8282.70000 812.82
8282.80000 152.69
8282.90000 577.09
8283.00000 1372.58
8283.10000 1762.17
8283.20000 1935.98
8283.30000 2011.58
8283.40000 2055.55
8283.50000 2085.22
8283.60000 2070.76
8283.70000 2050.66
8283.80000 2034.97
8283.90000 2070.18
8284.00000 2106.00
8284.10000 2099.78
8284.20000 2114.47
8284.30000 2138.73
8284.40000 2128.24
8284.50000 2146.06
8284.60000 2167.17
8284.70000 2166.20
8284.80000 2166.95
8284.90000 2175.10
8285.00000 2153.53
8285.10000 2173.00
8285.20000 2163.82
8285.30000 2191.22
8285.40000 2176.90
8285.50000 2161.20
8285.60000 2165.96
8285.70000 2132.30
8285.80000 2157.75
8285.90000 2147.41
8286.00000 2123.99
8286.10000 2090.52
8286.20000 2107.27
8286.30000 2124.06
8286.40000 2134.29
8286.50000 2133.18
8286.60000 2119.65
8286.70000 2123.60
8286.80000 2118.39
8286.90000 2091.59
8287.00000 2072.80
8287.10000 2098.53
8287.20000 2116.36
8287.30000 2115.71
8287.40000 2103.62
8287.50000 2068.03
8287.60000 2071.21
8287.70000 2097.26
8287.80000 2088.24
8287.90000 2058.61
8288.00000 2004.20
8288.10000 2008.00
8288.20000 2005.37
8288.30000 1925.95
8288.40000 1821.56
8288.50000 1582.45
8288.60000 932.77
8288.70000 169.75
8288.80000 331.81
8288.90000 1108.61
8289.00000 1432.91
8289.10000 1570.84
8289.20000 1911.06
8289.30000 2013.87
8289.40000 2119.81
8289.50000 2114.36
8289.60000 2106.16
8289.70000 2134.76
8289.80000 2131.56
8289.90000 2111.67
8290.00000 2072.44
8290.10000 1952.58
8290.20000 1549.99
8290.30000 682.13
8290.40000 1136.65
8290.50000 1837.46
8290.60000 2055.24
8290.70000 2107.05
8290.80000 2125.71
8290.90000 2140.02
8291.00000 2139.14
8291.10000 2166.77
8291.20000 2172.05
8291.30000 2170.81
8291.40000 2160.57
8291.50000 2143.03
8291.60000 2139.92
8291.70000 2131.74
8291.80000 2104.90
8291.90000 2100.47
8292.00000 2062.21
8292.10000 2049.44
8292.20000 2096.69
8292.30000 2111.82
8292.40000 2109.99
8292.50000 2101.73
8292.60000 2113.47
8292.70000 2124.46
8292.80000 2094.61
8292.90000 2101.44
8293.00000 2092.49
8293.10000 2103.71
8293.20000 2081.20
8293.30000 2095.62
8293.40000 2081.44
8293.50000 2087.70
8293.60000 2091.16
8293.70000 2081.24
8293.80000 2082.90
8293.90000 2066.58
8294.00000 2075.70
8294.10000 2061.66
8294.20000 2058.32
8294.30000 2066.73
8294.40000 2036.76
8294.50000 2018.45
8294.60000 1967.55
8294.70000 1853.55
8294.80000 1487.79
8294.90000 610.50
8295.00000 460.73
8295.10000 1171.18
8295.20000 1425.88
8295.30000 942.30
8295.40000 1222.10
8295.50000 1843.42
8295.60000 1994.72
8295.70000 2061.78
8295.80000 2098.02
8295.90000 2081.22
8296.00000 1907.63
8296.10000 1612.86
8296.20000 1915.05
8296.30000 2115.87
8296.40000 2085.69
8296.50000 2052.82
8296.60000 2103.41
8296.70000 2067.83
8296.80000 1986.81
8296.90000 2014.66
8297.00000 2161.73
8297.10000 2168.76
8297.20000 2142.32
8297.30000 2131.87
8297.40000 2119.96
8297.50000 2110.28
8297.60000 2113.71
8297.70000 2110.47
8297.80000 2089.43
8297.90000 2089.33
8298.00000 2089.45
8298.10000 2086.46
8298.20000 2105.26
8298.30000 2081.57
8298.40000 2054.60
8298.50000 2064.51
8298.60000 2070.00
8298.70000 2063.19
8298.80000 2000.08
8298.90000 1994.51
8299.00000 2027.06
8299.10000 2055.40
8299.20000 2057.38
8299.30000 2055.00
8299.40000 2041.40
8299.50000 2004.54
8299.60000 2024.49
8299.70000 2052.16
8299.80000 2007.74
8299.90000 2027.61
8300.00000 2018.16
8300.10000 2052.84
8300.20000 2035.06
8300.30000 2038.22
8300.40000 2035.02
8300.50000 1984.81
8300.60000 1997.33
8300.70000 1962.20
8300.80000 1926.96
8300.90000 1904.89
8301.00000 1681.54
8301.10000 987.28
8301.20000 443.30
8301.30000 929.41
8301.40000 1664.42
8301.50000 1902.50
8301.60000 2003.66
8301.70000 2034.64
8301.80000 2040.28
8301.90000 2072.47
8302.00000 2094.72
8302.10000 2098.80
8302.20000 2126.65
8302.30000 2132.72
8302.40000 2117.75
8302.50000 2144.02
8302.60000 2148.42
8302.70000 2145.38
8302.80000 2131.66
8302.90000 2145.86
8303.00000 2140.70
8303.10000 2158.95
8303.20000 2169.59
8303.30000 2160.56
8303.40000 2156.02
8303.50000 2166.86
8303.60000 2152.12
8303.70000 2163.00
8303.80000 2154.62
8303.90000 2134.55
8304.00000 2128.70
8304.10000 2151.22
8304.20000 2136.20
8304.30000 2128.73
8304.40000 2124.84
8304.50000 2102.09
8304.60000 2086.19
8304.70000 2065.34
8304.80000 1989.96
8304.90000 1859.38
8305.00000 1375.10
8305.10000 745.63
8305.20000 1401.07
8305.30000 1811.96
8305.40000 1900.93
8305.50000 1901.56
8305.60000 1791.60
8305.70000 1466.16
8305.80000 668.01
8305.90000 219.81
8306.00000 907.66
8306.10000 1584.22
8306.20000 1798.19
8306.30000 1890.24
8306.40000 1940.17
8306.50000 1956.01
8306.60000 1995.67
8306.70000 1971.78
8306.80000 1999.84
8306.90000 1990.10
8307.00000 1976.77
8307.10000 1979.45
8307.20000 1948.72
8307.30000 1974.76
8307.40000 1992.15
8307.50000 1999.45
8307.60000 1991.76
8307.70000 1998.62
8307.80000 2007.59
8307.90000 2006.70
8308.00000 2006.14
8308.10000 2003.06
8308.20000 2015.81
8308.30000 1942.97
8308.40000 1869.63
8308.50000 1957.50
8308.60000 2001.80
8308.70000 1999.07
8308.80000 2024.77
8308.90000 2020.27
8309.00000 2035.19
8309.10000 2033.15
8309.20000 2044.57
8309.30000 2019.81
8309.40000 2022.29
8309.50000 1995.97
8309.60000 2053.33
8309.70000 2097.56
8309.80000 2068.45
8309.90000 2108.88
8310.00000 2102.61
8310.10000 2109.33
8310.20000 2106.98
8310.30000 2105.91
8310.40000 2067.71
8310.50000 2082.77
8310.60000 2097.89
8310.70000 2101.34
8310.80000 2075.51
8310.90000 2045.11
8311.00000 1989.00
8311.10000 2074.52
8311.20000 2106.35
8311.30000 2118.53
8311.40000 2107.05
8311.50000 2118.18
8311.60000 2025.31
8311.70000 2038.97
8311.80000 2088.60
8311.90000 2105.34
8312.00000 2108.28
8312.10000 2088.26
8312.20000 2061.63
8312.30000 2076.69
8312.40000 1994.28
8312.50000 1702.94
8312.60000 1478.42
8312.70000 1063.37
8312.80000 1029.32
8312.90000 1730.92
8313.00000 1939.32
8313.10000 1979.69
8313.20000 2006.32
8313.30000 1995.36
8313.40000 2003.51
8313.50000 2017.72
8313.60000 1984.77
8313.70000 1957.34
8313.80000 1989.56
8313.90000 2002.05
8314.00000 1976.30
8314.10000 1971.64
8314.20000 1981.23
8314.30000 1981.96
8314.40000 1950.53
8314.50000 1914.06
8314.60000 1663.35
8314.70000 1506.73
8314.80000 1831.54
8314.90000 1931.05
8315.00000 1960.59
8315.10000 1955.81
8315.20000 1946.33
8315.30000 1942.75
8315.40000 1959.25
8315.50000 1968.53
8315.60000 1954.08
8315.70000 1971.54
8315.80000 1985.75
8315.90000 1964.63
8316.00000 1974.16
8316.10000 1951.97
8316.20000 1963.42
8316.30000 1965.08
8316.40000 1949.36
8316.50000 1924.51
8316.60000 1915.08
8316.70000 1780.15
8316.80000 1780.56
8316.90000 1573.79
8317.00000 937.99
8317.10000 1297.88
8317.20000 1778.68
8317.30000 1917.05
8317.40000 1953.02
8317.50000 1974.42
8317.60000 2000.87
8317.70000 2002.96
8317.80000 1982.49
8317.90000 2034.23
8318.00000 2024.32
8318.10000 2006.28
8318.20000 2020.72
8318.30000 2006.81
8318.40000 1993.43
8318.50000 1991.43
8318.60000 1930.07
8318.70000 1787.69
8318.80000 1348.63
8318.90000 481.08
8319.00000 706.93
8319.10000 1484.25
8319.20000 1835.20
8319.30000 1948.26
8319.40000 1994.02
8319.50000 1994.23
8319.60000 2024.04
8319.70000 2014.51
8319.80000 2040.94
8319.90000 2053.19
8320.00000 2068.83
8320.10000 2041.77
8320.20000 2063.43
8320.30000 2061.49
8320.40000 2058.42
8320.50000 2060.92
8320.60000 2069.51
8320.70000 2071.06
8320.80000 2064.72
8320.90000 2072.81
8321.00000 2038.38
8321.10000 2061.52
8321.20000 2054.82
8321.30000 2037.31
8321.40000 2013.22
8321.50000 1993.15
8321.60000 1987.02
8321.70000 1913.12
8321.80000 1766.56
8321.90000 1384.03
8322.00000 493.79
8322.10000 596.03
8322.20000 1096.73
8322.30000 603.40
8322.40000 402.07
8322.50000 1260.41
8322.60000 1707.37
8322.70000 1848.04
8322.80000 1920.78
8322.90000 1933.86
8323.00000 1960.32
8323.10000 1955.06
8323.20000 1960.01
8323.30000 1957.21
8323.40000 1963.25
8323.50000 1949.87
8323.60000 1951.40
8323.70000 1955.62
8323.80000 1971.91
8323.90000 1979.41
8324.00000 1987.07
8324.10000 1966.28
8324.20000 1962.35
8324.30000 1963.12
8324.40000 1947.89
8324.50000 1978.42
8324.60000 1971.43
8324.70000 1973.47
8324.80000 1955.89
8324.90000 1967.81
8325.00000 1967.89
8325.10000 1944.95
8325.20000 1957.07
8325.30000 1982.19
8325.40000 1993.60
8325.50000 1993.97
8325.60000 2001.38
8325.70000 1982.77
8325.80000 1948.23
8325.90000 1973.40
8326.00000 1986.54
8326.10000 1995.45
8326.20000 1988.83
8326.30000 1989.45
8326.40000 1977.90
8326.50000 1949.30
8326.60000 1970.97
8326.70000 2012.48
8326.80000 1997.28
8326.90000 2005.34
8327.00000 1936.62
8327.10000 1844.39
8327.20000 1946.83
8327.30000 2009.08
8327.40000 2000.00
8327.50000 1989.99
8327.60000 2003.45
8327.70000 1962.32
8327.80000 1901.91
8327.90000 1981.37
8328.00000 2032.84
8328.10000 2053.49
8328.20000 2054.80
8328.30000 2042.38
8328.40000 2051.94
8328.50000 2034.12
8328.60000 2016.57
8328.70000 2031.80
8328.80000 2005.00
8328.90000 2034.08
8329.00000 2017.07
8329.10000 1966.54
8329.20000 1897.64
8329.30000 1870.17
8329.40000 1961.03
8329.50000 2006.48
8329.60000 2021.52
8329.70000 2010.36
8329.80000 2023.89
8329.90000 1974.20
8330.00000 1887.08
8330.10000 1886.09
8330.20000 1928.46
8330.30000 1771.25
8330.40000 1155.88
8330.50000 805.18
8330.60000 1566.87
8330.70000 1896.70
8330.80000 1988.36
8330.90000 2054.84
8331.00000 2039.54
8331.10000 2015.41
8331.20000 1984.41
8331.30000 1957.17
8331.40000 2037.54
8331.50000 2097.52
8331.60000 2090.47
8331.70000 2084.83
8331.80000 2066.02
8331.90000 2061.22
8332.00000 2039.05
8332.10000 2057.34
8332.20000 2042.62
8332.30000 2055.28
8332.40000 2087.94
8332.50000 2045.38
8332.60000 2006.30
8332.70000 1998.10
8332.80000 1923.82
8332.90000 1639.77
8333.00000 1693.32
8333.10000 1950.93
8333.20000 2008.85
8333.30000 2005.90
8333.40000 1942.24
8333.50000 1830.63
8333.60000 1886.72
8333.70000 1904.70
8333.80000 1951.90
8333.90000 1957.94
8334.00000 1956.36
8334.10000 1915.64
8334.20000 1842.90
8334.30000 1444.09
8334.40000 1156.77
8334.50000 1704.51
8334.60000 1853.79
8334.70000 1857.84
8334.80000 1923.38
8334.90000 1954.74
8335.00000 1944.55
8335.10000 1916.36
8335.20000 1775.75
8335.30000 1835.97
8335.40000 1929.25
8335.50000 1965.63
8335.60000 1993.52
8335.70000 1952.78
8335.80000 1969.78
8335.90000 1937.44
8336.00000 1950.13
8336.10000 1889.67
8336.20000 1705.16
8336.30000 1378.75
8336.40000 1710.44
8336.50000 1897.56
8336.60000 1931.41
8336.70000 1938.82
8336.80000 1855.06
8336.90000 1837.21
8337.00000 1912.54
8337.10000 1971.70
8337.20000 2000.87
8337.30000 2036.84
8337.40000 2035.86
8337.50000 2019.05
8337.60000 2049.85
8337.70000 2036.30
8337.80000 2045.24
8337.90000 2014.25
8338.00000 2016.44
8338.10000 2013.71
8338.20000 2027.95
8338.30000 2016.57
8338.40000 2016.82
8338.50000 2022.45
8338.60000 1991.48
8338.70000 2003.41
8338.80000 2016.20
8338.90000 2014.98
8339.00000 1980.47
8339.10000 1995.50
8339.20000 1944.84
8339.30000 1908.67
8339.40000 1685.04
8339.50000 1579.61
8339.60000 1444.64
8339.70000 1032.83
8339.80000 670.00
8339.90000 940.58
8340.00000 1670.61
8340.10000 1840.22
8340.20000 1905.07
8340.30000 1930.28
8340.40000 1938.47
8340.50000 1959.54
8340.60000 1953.32
8340.70000 1949.19
8340.80000 1961.62
8340.90000 1951.66
8341.00000 1976.73
8341.10000 1973.66
8341.20000 1976.02
8341.30000 1970.93
8341.40000 1965.22
8341.50000 1974.28
8341.60000 1992.59
8341.70000 2002.10
8341.80000 1998.35
8341.90000 1991.06
8342.00000 1991.33
8342.10000 1992.29
8342.20000 1894.09
8342.30000 1886.37
8342.40000 1971.52
8342.50000 1946.85
8342.60000 1964.39
8342.70000 1927.32
8342.80000 1979.99
8342.90000 1964.28
8343.00000 1770.58
8343.10000 1554.46
8343.20000 1881.40
8343.30000 2023.82
8343.40000 2056.40
8343.50000 2047.24
8343.60000 2044.21
8343.70000 2065.32
8343.80000 2073.32
8343.90000 2020.34
8344.00000 2056.19
8344.10000 2026.09
8344.20000 2040.26
8344.30000 2029.55
8344.40000 1998.34
8344.50000 1995.73
8344.60000 1989.37
8344.70000 1898.52
8344.80000 1902.41
8344.90000 1927.71
8345.00000 1949.77
8345.10000 1930.76
8345.20000 1963.66
8345.30000 1988.80
8345.40000 2063.74
8345.50000 1955.53
8345.60000 1936.60
8345.70000 1965.84
8345.80000 1973.42
8345.90000 1933.69
8346.00000 1962.84
8346.10000 1966.08
8346.20000 1941.74
8346.30000 1953.12
8346.40000 1956.32
8346.50000 1960.05
8346.60000 1949.42
8346.70000 1936.24
8346.80000 1942.17
8346.90000 1964.39
8347.00000 1969.59
8347.10000 1941.20
8347.20000 1925.98
8347.30000 1935.83
8347.40000 1949.79
8347.50000 1950.06
8347.60000 1950.65
8347.70000 1963.94
8347.80000 1938.08
8347.90000 1965.67
8348.00000 1951.56
8348.10000 1861.84
8348.20000 1898.59
8348.30000 1946.90
8348.40000 1984.69
8348.50000 1978.51
8348.60000 1964.52
8348.70000 1992.32
8348.80000 1976.30
8348.90000 2009.77
8349.00000 1993.09
8349.10000 1995.18
8349.20000 2017.59
8349.30000 2030.77
8349.40000 2041.83
8349.50000 2027.08
8349.60000 1998.57
8349.70000 1991.10
8349.80000 1897.26
8349.90000 1572.33
8350.00000 1449.37
8350.10000 1672.56
8350.20000 1559.09
8350.30000 1879.34
8350.40000 1982.43
8350.50000 1961.96
8350.60000 1967.28
8350.70000 1957.94
8350.80000 1935.26
8350.90000 1965.67
8351.00000 1971.97
8351.10000 1954.80
8351.20000 1962.19
8351.30000 1948.64
8351.40000 1958.44
8351.50000 1931.36
8351.60000 1901.08
8351.70000 1910.65
8351.80000 1919.48
8351.90000 1895.42
8352.00000 1953.81
8352.10000 1909.56
8352.20000 1903.59
8352.30000 1910.30
8352.40000 1952.92
8352.50000 1945.98
8352.60000 1909.69
8352.70000 1927.80
8352.80000 1925.61
8352.90000 1890.93
8353.00000 1905.43
8353.10000 1902.55
8353.20000 1905.66
8353.30000 1888.05
8353.40000 1913.44
8353.50000 1887.58
8353.60000 1843.26
8353.70000 1894.17
8353.80000 1911.14
8353.90000 1820.18
8354.00000 1905.82
8354.10000 1925.85
8354.20000 1879.84
8354.30000 1703.44
8354.40000 1503.14
8354.50000 1524.99
8354.60000 1850.44
8354.70000 1932.69
8354.80000 1951.30
8354.90000 1976.50
8355.00000 1974.71
8355.10000 1960.94
8355.20000 1947.04
8355.30000 1924.00
8355.40000 1910.64
8355.50000 1719.72
8355.60000 1835.14
8355.70000 1995.10
8355.80000 1989.63
8355.90000 1999.31
8356.00000 2051.54
8356.10000 2045.41
8356.20000 2034.62
8356.30000 2040.43
8356.40000 2081.28
8356.50000 2050.14
8356.60000 2075.98
8356.70000 2081.75
8356.80000 2086.08
8356.90000 2091.48
8357.00000 2078.18
8357.10000 2061.56
8357.20000 2047.11
8357.30000 2037.06
8357.40000 2040.46
8357.50000 2007.43
8357.60000 1965.98
8357.70000 1827.15
8357.80000 1218.11
8357.90000 1393.26
8358.00000 1869.28
8358.10000 1902.67
8358.20000 1637.44
8358.30000 1686.32
8358.40000 1939.89
8358.50000 1955.22
8358.60000 1950.52
8358.70000 1964.34
8358.80000 1983.38
8358.90000 1964.39
8359.00000 1969.17
8359.10000 1969.00
8359.20000 1978.59
8359.30000 1963.14
8359.40000 1959.24
8359.50000 1980.01
8359.60000 1968.68
8359.70000 1975.97
8359.80000 1958.48
8359.90000 1966.04
8360.00000 1975.19
8360.10000 1960.35
8360.20000 1942.11
8360.30000 1809.50
8360.40000 1828.17
8360.50000 1935.55
8360.60000 1961.79
8360.70000 1965.75
8360.80000 1979.56
8360.90000 1992.83
8361.00000 1972.41
8361.10000 1988.78
8361.20000 1971.74
8361.30000 1971.63
8361.40000 1992.17
8361.50000 1988.97
8361.60000 2009.77
8361.70000 1998.22
8361.80000 2003.43
8361.90000 1969.96
8362.00000 1979.85
8362.10000 1974.74
8362.20000 1962.34
8362.30000 1986.08
8362.40000 2009.41
8362.50000 2001.44
8362.60000 1979.78
8362.70000 1811.52
8362.80000 1538.94
8362.90000 1745.74
8363.00000 1729.94
8363.10000 1334.64
8363.20000 1689.47
8363.30000 1912.08
8363.40000 1960.27
8363.50000 1980.44
8363.60000 2017.89
8363.70000 1981.49
8363.80000 1990.07
8363.90000 1950.21
8364.00000 1974.78
8364.10000 1962.49
8364.20000 1959.50
8364.30000 1944.88
8364.40000 1957.13
8364.50000 1973.38
8364.60000 1951.57
8364.70000 1961.78
8364.80000 1943.69
8364.90000 1907.26
8365.00000 1896.10
8365.10000 1906.85
8365.20000 1923.55
8365.30000 1887.70
8365.40000 1902.05
8365.50000 1889.84
8365.60000 1906.68
8365.70000 1885.96
8365.80000 1878.61
8365.90000 1846.69
8366.00000 1811.79
8366.10000 1855.95
8366.20000 1856.28
8366.30000 1878.71
8366.40000 1849.49
8366.50000 1840.98
8366.60000 1883.21
8366.70000 1864.19
8366.80000 1818.43
8366.90000 1838.80
8367.00000 1814.17
8367.10000 1863.49
8367.20000 1869.62
8367.30000 1798.33
8367.40000 1763.38
8367.50000 1828.24
8367.60000 1815.50
8367.70000 1825.43
8367.80000 1789.26
8367.90000 1786.09
8368.00000 1691.98
8368.10000 1240.98
8368.20000 1368.23
8368.30000 1720.08
8368.40000 1810.14
8368.50000 1825.86
8368.60000 1842.55
8368.70000 1826.68
8368.80000 1844.56
8368.90000 1842.15
8369.00000 1860.46
8369.10000 1862.98
8369.20000 1863.12
8369.30000 1873.94
8369.40000 1894.68
8369.50000 1856.81
8369.60000 1868.07
8369.70000 1900.66
8369.80000 1844.50
8369.90000 1874.91
8370.00000 1889.24
8370.10000 1894.72
8370.20000 1893.83
8370.30000 1870.14
8370.40000 1902.71
8370.50000 1824.09
8370.60000 1860.73
8370.70000 1935.19
8370.80000 1940.53
8370.90000 1960.41
8371.00000 1938.40
8371.10000 1955.71
8371.20000 1902.85
8371.30000 1912.35
8371.40000 1944.98
8371.50000 1966.81
8371.60000 1966.28
8371.70000 1956.28
8371.80000 2007.43
8371.90000 1991.82
8372.00000 1969.94
8372.10000 2048.96
8372.20000 2021.76
8372.30000 2060.96
8372.40000 1999.32
8372.50000 2025.89
8372.60000 2013.32
8372.70000 2036.82
8372.80000 2020.12
8372.90000 1976.82
8373.00000 1978.68
8373.10000 1970.53
8373.20000 1976.38
8373.30000 1969.20
8373.40000 1928.05
8373.50000 1961.38
8373.60000 1926.39
8373.70000 1948.42
8373.80000 1921.71
8373.90000 1944.69
8374.00000 1874.66
8374.10000 1879.97
8374.20000 1927.88
8374.30000 1904.46
8374.40000 1713.79
8374.50000 1389.75
8374.60000 1621.72
8374.70000 1840.13
8374.80000 1907.41
8374.90000 1893.63
8375.00000 1920.69
8375.10000 1864.31
8375.20000 1881.21
8375.30000 1794.54
8375.40000 1799.17
8375.50000 1902.37
8375.60000 1913.62
8375.70000 1900.40
8375.80000 1931.20
8375.90000 1948.60
8376.00000 1909.51
8376.10000 1914.82
8376.20000 1909.93
8376.30000 1919.13
8376.40000 1919.02
8376.50000 1857.70
8376.60000 1897.22
8376.70000 1895.43
8376.80000 1917.30
8376.90000 1844.26
8377.00000 1782.39
8377.10000 1666.26
8377.20000 1469.43
8377.30000 1789.67
8377.40000 1796.43
8377.50000 1878.33
8377.60000 1965.18
8377.70000 1962.98
8377.80000 1936.47
8377.90000 1841.42
8378.00000 1770.40
8378.10000 1941.69
8378.20000 2016.39
8378.30000 2023.60
8378.40000 1991.10
8378.50000 1996.98
8378.60000 2032.63
8378.70000 2013.54
8378.80000 1926.42
8378.90000 1944.01
8379.00000 1928.85
8379.10000 1971.30
8379.20000 1977.06
8379.30000 1938.38
8379.40000 1966.57
8379.50000 1954.09
8379.60000 1958.38
8379.70000 1961.74
8379.80000 1911.27
8379.90000 1938.52
8380.00000 1924.44
8380.10000 1940.12
8380.20000 1949.48
8380.30000 1932.00
8380.40000 1952.17
8380.50000 1916.19
8380.60000 1910.80
8380.70000 1902.56
8380.80000 1878.59
8380.90000 1899.06
8381.00000 1877.49
8381.10000 1868.15
8381.20000 1881.50
8381.30000 1870.99
8381.40000 1853.34
8381.50000 1872.86
8381.60000 1859.66
8381.70000 1867.71
8381.80000 1868.51
8381.90000 1859.11
8382.00000 1835.86
8382.10000 1822.41
8382.20000 1768.10
8382.30000 1775.25
8382.40000 1813.62
8382.50000 1834.68
8382.60000 1832.65
8382.70000 1833.18
8382.80000 1832.05
8382.90000 1811.98
8383.00000 1785.35
8383.10000 1829.63
8383.20000 1837.97
8383.30000 1833.05
8383.40000 1793.09
8383.50000 1782.47
8383.60000 1791.49
8383.70000 1800.18
8383.80000 1781.02
8383.90000 1800.85
8384.00000 1836.11
8384.10000 1815.73
8384.20000 1818.44
8384.30000 1804.95
8384.40000 1817.16
8384.50000 1779.84
8384.60000 1756.32
8384.70000 1742.28
8384.80000 1752.05
8384.90000 1705.43
8385.00000 1581.12
8385.10000 1758.70
8385.20000 1808.08
8385.30000 1813.66
8385.40000 1823.17
8385.50000 1802.08
8385.60000 1753.64
8385.70000 1714.40
8385.80000 1754.01
8385.90000 1788.93
8386.00000 1796.37
8386.10000 1757.89
8386.20000 1710.08
8386.30000 1595.99
8386.40000 1699.69
8386.50000 1752.59
8386.60000 1777.75
8386.70000 1812.59
8386.80000 1800.55
8386.90000 1775.10
8387.00000 1756.70
8387.10000 1826.00
8387.20000 1845.16
8387.30000 1861.64
8387.40000 1835.38
8387.50000 1870.56
8387.60000 1842.73
8387.70000 1767.45
8387.80000 1786.24
8387.90000 1871.08
8388.00000 1882.74
8388.10000 1873.28
8388.20000 1909.94
8388.30000 1905.82
8388.40000 1906.11
8388.50000 1830.60
8388.60000 1790.71
8388.70000 1930.25
8388.80000 1938.28
8388.90000 1970.79
8389.00000 1964.72
8389.10000 1958.26
8389.20000 1955.82
8389.30000 1976.34
8389.40000 1994.71
8389.50000 1981.88
8389.60000 1995.50
8389.70000 2006.30
8389.80000 1976.12
8389.90000 1984.85
8390.00000 2046.03
8390.10000 2060.50
8390.20000 2038.67
8390.30000 2007.64
8390.40000 2011.12
8390.50000 2044.36
8390.60000 2055.63
8390.70000 2026.82
8390.80000 2015.80
8390.90000 2032.93
8391.00000 2034.31
8391.10000 2001.57
8391.20000 2000.44
8391.30000 1996.47
8391.40000 1984.87
8391.50000 1963.94
8391.60000 1967.92
8391.70000 1990.41
8391.80000 1955.60
8391.90000 1940.52
8392.00000 1971.19
8392.10000 1977.25
8392.20000 1925.58
8392.30000 1963.22
8392.40000 1937.27
8392.50000 1948.90
8392.60000 1969.21
8392.70000 1964.23
8392.80000 1969.39
8392.90000 1957.33
8393.00000 1972.33
8393.10000 1966.07
8393.20000 1956.56
8393.30000 1949.40
8393.40000 1971.26
8393.50000 1970.10
8393.60000 1974.07
8393.70000 1969.80
8393.80000 1966.73
8393.90000 1984.10
8394.00000 1989.85
8394.10000 1993.26
8394.20000 1980.85
8394.30000 1955.62
8394.40000 1921.68
8394.50000 1938.49
8394.60000 1923.14
8394.70000 1854.50
8394.80000 1693.25
8394.90000 1839.84
8395.00000 1945.17
8395.10000 1951.95
8395.20000 1930.20
8395.30000 1890.94
8395.40000 1944.09
8395.50000 1915.68
8395.60000 1917.13
8395.70000 1882.76
8395.80000 1942.39
8395.90000 2013.98
8396.00000 1994.51
8396.10000 1993.85
8396.20000 1992.10
8396.30000 2001.04
8396.40000 2025.43
8396.50000 2033.63
8396.60000 1980.80
8396.70000 1999.33
8396.80000 1998.13
8396.90000 1988.36
8397.00000 1985.80
8397.10000 1975.28
8397.20000 1976.56
8397.30000 1958.99
8397.40000 1948.01
8397.50000 1965.71
8397.60000 1933.66
8397.70000 1921.96
8397.80000 1904.25
8397.90000 1717.94
8398.00000 1767.61
8398.10000 1878.21
8398.20000 1882.84
8398.30000 1887.17
8398.40000 1786.73
8398.50000 1824.52
8398.60000 1845.93
8398.70000 1884.77
8398.80000 1862.85
8398.90000 1869.63
8399.00000 1855.88
8399.10000 1843.90
8399.20000 1859.88
8399.30000 1862.44
8399.40000 1843.57
8399.50000 1843.48
8399.60000 1837.39
8399.70000 1813.45
8399.80000 1809.78
8399.90000 1883.21
8400.00000 1885.47
8400.10000 1796.07
8400.20000 1824.21
8400.30000 1816.44
8400.40000 1785.31
8400.50000 1780.05
8400.60000 1785.83
8400.70000 1703.05
8400.80000 1726.74
8400.90000 1777.08
8401.00000 1792.01
8401.10000 1786.23
8401.20000 1784.38
8401.30000 1738.52
8401.40000 1691.16
8401.50000 1717.79
8401.60000 1770.62
8401.70000 1759.02
8401.80000 1757.02
8401.90000 1790.63
8402.00000 1779.74
8402.10000 1778.37
8402.20000 1776.14
8402.30000 1772.37
8402.40000 1740.72
8402.50000 1737.07
8402.60000 1775.12
8402.70000 1793.08
8402.80000 1790.37
8402.90000 1768.82
8403.00000 1776.24
8403.10000 1768.95
8403.20000 1778.58
8403.30000 1781.42
8403.40000 1788.34
8403.50000 1787.00
8403.60000 1765.82
8403.70000 1758.82
8403.80000 1744.16
8403.90000 1772.04
8404.00000 1772.18
8404.10000 1769.63
8404.20000 1769.41
8404.30000 1768.63
8404.40000 1766.92
8404.50000 1774.76
8404.60000 1760.84
8404.70000 1785.20
8404.80000 1749.60
8404.90000 1701.93
8405.00000 1695.41
8405.10000 1782.46
8405.20000 1796.85
8405.30000 1772.76
8405.40000 1769.03
8405.50000 1801.82
8405.60000 1817.70
8405.70000 1767.90
8405.80000 1777.96
8405.90000 1737.23
8406.00000 1730.18
8406.10000 1629.29
8406.20000 1546.46
8406.30000 1700.05
8406.40000 1696.56
8406.50000 1713.44
8406.60000 1766.41
8406.70000 1785.17
8406.80000 1781.33
8406.90000 1828.11
8407.00000 1810.84
8407.10000 1813.53
8407.20000 1818.55
8407.30000 1831.42
8407.40000 1817.22
8407.50000 1818.55
8407.60000 1805.94
8407.70000 1826.39
8407.80000 1859.92
8407.90000 1864.92
8408.00000 1857.95
8408.10000 1893.84
8408.20000 1899.06
8408.30000 1872.16
8408.40000 1884.07
8408.50000 1856.84
8408.60000 1844.43
8408.70000 1864.21
8408.80000 1858.64
8408.90000 1824.54
8409.00000 1796.14
8409.10000 1821.72
8409.20000 1846.07
8409.30000 1780.60
8409.40000 1796.81
8409.50000 1669.14
8409.60000 1681.23
8409.70000 1884.53
8409.80000 1939.07
8409.90000 1958.89
8410.00000 1969.10
8410.10000 1950.82
8410.20000 1982.36
8410.30000 1903.88
8410.40000 1834.31
8410.50000 1954.37
8410.60000 1983.68
8410.70000 1996.98
8410.80000 2031.23
8410.90000 2068.52
8411.00000 2048.49
8411.10000 2059.88
8411.20000 2068.42
8411.30000 2084.11
8411.40000 2072.42
8411.50000 2054.40
8411.60000 2076.20
8411.70000 2028.36
8411.80000 2007.03
8411.90000 1979.01
8412.00000 1999.28
8412.10000 2002.86
8412.20000 2000.35
8412.30000 1974.71
8412.40000 2004.90
8412.50000 2001.26
8412.60000 1990.67
8412.70000 1991.11
8412.80000 1975.94
8412.90000 1962.56
8413.00000 1958.58
8413.10000 1943.56
8413.20000 1945.88
8413.30000 1940.98
8413.40000 1940.03
8413.50000 1932.81
8413.60000 1951.05
8413.70000 1953.07
8413.80000 1941.44
8413.90000 1960.45
8414.00000 1963.60
8414.10000 1956.87
8414.20000 1980.69
8414.30000 1964.38
8414.40000 1973.78
8414.50000 1967.31
8414.60000 1962.03
8414.70000 1977.23
8414.80000 1967.46
8414.90000 1931.24
8415.00000 1974.50
8415.10000 1992.65
8415.20000 2001.11
8415.30000 1964.59
8415.40000 1977.19
8415.50000 1960.83
8415.60000 1959.74
8415.70000 1965.48
8415.80000 1973.89
8415.90000 1957.54
8416.00000 1959.14
8416.10000 1902.36
8416.20000 1713.30
8416.30000 1788.65
8416.40000 1901.40
8416.50000 1989.08
8416.60000 2009.39
8416.70000 1999.17
8416.80000 2043.60
8416.90000 2029.29
8417.00000 2043.45
8417.10000 2049.70
8417.20000 2063.59
8417.30000 2048.50
8417.40000 2134.42
8417.50000 2219.27
8417.60000 2057.27
8417.70000 2046.56
8417.80000 2046.92
8417.90000 1993.98
8418.00000 1917.72
8418.10000 1949.30
8418.20000 1983.65
8418.30000 1995.43
8418.40000 1973.53
8418.50000 1971.72
8418.60000 1968.76
8418.70000 1964.21
8418.80000 1950.61
8418.90000 1948.39
8419.00000 1916.26
8419.10000 1856.87
8419.20000 1746.34
8419.30000 1834.50
8419.40000 1803.51
8419.50000 1797.83
8419.60000 1903.07
8419.70000 1928.65
8419.80000 1895.98
8419.90000 1903.89
8420.00000 1897.42
8420.10000 1890.01
8420.20000 1889.41
8420.30000 1881.93
8420.40000 1864.73
8420.50000 1863.18
8420.60000 1866.94
8420.70000 1884.01
8420.80000 1868.62
8420.90000 1848.91
8421.00000 1838.48
8421.10000 1848.13
8421.20000 1818.90
8421.30000 1841.76
8421.40000 1857.08
8421.50000 1821.57
8421.60000 1836.89
8421.70000 1810.68
8421.80000 1837.92
8421.90000 1845.22
8422.00000 1846.87
8422.10000 1851.70
8422.20000 1829.39
8422.30000 1826.88
8422.40000 1828.55
8422.50000 1815.00
8422.60000 1820.98
8422.70000 1812.11
8422.80000 1787.14
8422.90000 1825.07
8423.00000 1808.36
8423.10000 1809.66
8423.20000 1787.22
8423.30000 1799.02
8423.40000 1782.11
8423.50000 1817.97
8423.60000 1785.81
8423.70000 1774.58
8423.80000 1784.99
8423.90000 1781.99
8424.00000 1771.31
8424.10000 1794.95
8424.20000 1781.07
8424.30000 1789.28
8424.40000 1774.52
8424.50000 1799.37
8424.60000 1795.97
8424.70000 1798.26
8424.80000 1799.91
8424.90000 1804.32
8425.00000 1788.38
8425.10000 1802.32
8425.20000 1792.37
8425.30000 1784.60
8425.40000 1797.69
8425.50000 1803.65
8425.60000 1795.33
8425.70000 1805.62
8425.80000 1802.83
8425.90000 1781.48
8426.00000 1793.59
8426.10000 1793.21
8426.20000 1783.65
8426.30000 1796.28
8426.40000 1801.55
8426.50000 1788.55
8426.60000 1788.30
8426.70000 1799.29
8426.80000 1807.34
8426.90000 1800.25
8427.00000 1772.52
8427.10000 1779.81
8427.20000 1793.82
8427.30000 1779.46
8427.40000 1788.61
8427.50000 1781.84
8427.60000 1778.40
8427.70000 1775.53
8427.80000 1788.03
8427.90000 1794.01
8428.00000 1792.97
8428.10000 1794.74
8428.20000 1811.59
8428.30000 1797.05
8428.40000 1797.52
8428.50000 1776.90
8428.60000 1709.48
8428.70000 1757.04
8428.80000 1778.09
8428.90000 1763.05
8429.00000 1778.60
8429.10000 1806.21
8429.20000 1795.36
8429.30000 1796.70
8429.40000 1789.36
8429.50000 1792.27
8429.60000 1781.85
8429.70000 1773.92
8429.80000 1799.20
8429.90000 1794.27
8430.00000 1827.10
8430.10000 1798.74
8430.20000 1785.94
8430.30000 1765.57
8430.40000 1716.83
8430.50000 1779.79
8430.60000 1793.09
8430.70000 1807.80
8430.80000 1810.71
8430.90000 1869.13
8431.00000 1833.04
8431.10000 1872.77
8431.20000 1823.07
8431.30000 1811.86
8431.40000 1814.51
8431.50000 1751.89
8431.60000 1598.30
8431.70000 1730.44
8431.80000 1805.54
8431.90000 1818.70
8432.00000 1843.61
8432.10000 1833.45
8432.20000 1851.83
8432.30000 1867.15
8432.40000 1846.01
8432.50000 1852.89
8432.60000 1852.72
8432.70000 1866.88
8432.80000 1875.24
8432.90000 1867.44
8433.00000 1882.75
8433.10000 1890.39
8433.20000 1855.48
8433.30000 1872.32
8433.40000 1890.96
8433.50000 1910.79
8433.60000 1917.12
8433.70000 1937.75
8433.80000 1922.54
8433.90000 1934.52
8434.00000 1944.55
8434.10000 1954.33
8434.20000 1954.40
8434.30000 1968.32
8434.40000 1966.56
8434.50000 1983.02
8434.60000 1970.30
8434.70000 1972.51
8434.80000 1987.50
8434.90000 1996.80
8435.00000 2024.63
8435.10000 2023.00
8435.20000 2004.73
8435.30000 2030.83
8435.40000 1990.03
8435.50000 2029.05
8435.60000 2052.50
8435.70000 2067.52
8435.80000 2075.74
8435.90000 2086.47
8436.00000 2086.14
8436.10000 2079.17
8436.20000 2099.86
8436.30000 2064.41
8436.40000 2056.48
8436.50000 2035.59
8436.60000 2030.78
8436.70000 2021.86
8436.80000 2020.05
8436.90000 2019.10
8437.00000 1994.87
8437.10000 1850.62
8437.20000 1677.11
8437.30000 1852.55
8437.40000 1945.41
8437.50000 1958.79
8437.60000 1969.90
8437.70000 1959.18
8437.80000 1957.13
8437.90000 1985.62
8438.00000 1970.20
8438.10000 1970.97
8438.20000 1951.47
8438.30000 1939.43
8438.40000 1944.55
8438.50000 1964.19
8438.60000 1969.35
8438.70000 1946.71
8438.80000 1913.70
8438.90000 1858.31
8439.00000 1927.16
8439.10000 1967.16
8439.20000 1970.13
8439.30000 2008.32
8439.40000 1988.59
8439.50000 1992.89
8439.60000 1967.10
8439.70000 1983.47
8439.80000 1956.96
8439.90000 1967.39
8440.00000 1959.07
8440.10000 1988.29
8440.20000 1958.95
8440.30000 1987.53
8440.40000 1995.41
8440.50000 2025.12
8440.60000 2042.16
8440.70000 2038.14
8440.80000 2029.37
8440.90000 2044.83
8441.00000 2071.04
8441.10000 2084.64
8441.20000 2112.60
8441.30000 2118.97
8441.40000 2133.47
8441.50000 2094.08
8441.60000 2099.87
8441.70000 2142.05
8441.80000 2176.02
8441.90000 2185.98
8442.00000 2222.86
8442.10000 2222.59
8442.20000 2243.11
8442.30000 2239.79
8442.40000 2242.56
8442.50000 2284.47
8442.60000 2303.58
8442.70000 2271.46
8442.80000 2305.18
8442.90000 2339.40
8443.00000 2352.10
8443.10000 2342.95
8443.20000 2290.38
8443.30000 2213.49
8443.40000 2368.53
8443.50000 2437.86
8443.60000 2483.12
8443.70000 2557.59
8443.80000 2622.35
8443.90000 2685.09
8444.00000 2789.66
8444.10000 2854.91
8444.20000 2877.49
8444.30000 2942.05
8444.40000 2971.63
8444.50000 3010.35
8444.60000 3020.41
8444.70000 3017.98
8444.80000 3032.79
8444.90000 3024.92
8445.00000 3001.00
8445.10000 2927.98
8445.20000 2890.42
8445.30000 2830.20
8445.40000 2794.97
8445.50000 2700.58
8445.60000 2568.45
8445.70000 2616.82
8445.80000 2613.99
8445.90000 2588.05
8446.00000 2576.16
8446.10000 2563.64
8446.20000 2546.71
8446.30000 2512.76
8446.40000 2507.36
8446.50000 2462.31
8446.60000 2475.67
8446.70000 2454.01
8446.80000 2448.54
8446.90000 2404.80
8447.00000 2384.23
8447.10000 2455.09
8447.20000 2485.01
8447.30000 2495.67
8447.40000 2513.36
8447.50000 2554.73
8447.60000 2565.77
8447.70000 2570.90
8447.80000 2596.25
8447.90000 2592.90
8448.00000 2612.00
8448.10000 2627.52
8448.20000 2583.14
8448.30000 2612.27
8448.40000 2621.56
8448.50000 2595.05
8448.60000 2603.81
8448.70000 2620.81
8448.80000 2621.07
8448.90000 2587.01
8449.00000 2598.57
8449.10000 2621.71
8449.20000 2613.60
8449.30000 2614.89
8449.40000 2637.49
8449.50000 2650.69
8449.60000 2679.48
8449.70000 2675.44
8449.80000 2672.83
8449.90000 2712.51
8450.00000 2731.33
8450.10000 2726.48
8450.20000 2751.25
8450.30000 2723.60
8450.40000 2711.44
8450.50000 2705.32
8450.60000 2670.67
8450.70000 2659.48
8450.80000 2612.15
8450.90000 2564.91
8451.00000 2560.11
8451.10000 2502.43
8451.20000 2461.77
8451.30000 2416.31
8451.40000 2357.68
8451.50000 2316.55
8451.60000 2253.26
8451.70000 2229.86
8451.80000 2193.96
8451.90000 2150.17
8452.00000 2141.74
8452.10000 2108.10
8452.20000 2087.27
8452.30000 2048.91
8452.40000 2023.41
8452.50000 2042.35
8452.60000 1995.37
8452.70000 1982.72
8452.80000 1949.28
8452.90000 1906.45
8453.00000 1943.92
8453.10000 1982.46
8453.20000 1931.07
8453.30000 1912.65
8453.40000 1900.23
8453.50000 1875.42
8453.60000 1878.27
8453.70000 1890.35
8453.80000 1889.20
8453.90000 1855.82
8454.00000 1863.64
8454.10000 1842.90
8454.20000 1830.74
8454.30000 1843.42
8454.40000 1834.70
8454.50000 1826.31
8454.60000 1837.94
8454.70000 1819.40
8454.80000 1824.83
8454.90000 1833.96
8455.00000 1840.60
8455.10000 1833.15
8455.20000 1815.18
8455.30000 1836.33
8455.40000 1796.54
8455.50000 1812.19
8455.60000 1808.96
8455.70000 1803.80
8455.80000 1804.59
8455.90000 1769.17
8456.00000 1785.93
8456.10000 1790.21
8456.20000 1773.38
8456.30000 1786.56
8456.40000 1770.57
8456.50000 1784.36
8456.60000 1767.90
8456.70000 1781.45
8456.80000 1781.10
8456.90000 1773.92
8457.00000 1781.01
8457.10000 1786.36
8457.20000 1785.78
8457.30000 1785.13
8457.40000 1776.10
8457.50000 1777.86
8457.60000 1787.65
8457.70000 1799.27
8457.80000 1762.14
8457.90000 1757.46
8458.00000 1766.54
8458.10000 1776.79
8458.20000 1775.55
8458.30000 1766.52
8458.40000 1797.18
8458.50000 1772.52
8458.60000 1786.00
8458.70000 1782.58
8458.80000 1770.21
8458.90000 1773.85
8459.00000 1767.51
8459.10000 1767.43
8459.20000 1771.94
8459.30000 1783.54
8459.40000 1793.00
8459.50000 1789.34
8459.60000 1774.45
8459.70000 1770.53
8459.80000 1779.58
8459.90000 1793.25
8460.00000 1788.90
8460.10000 1784.98
8460.20000 1777.38
8460.30000 1780.80
8460.40000 1794.02
8460.50000 1775.55
8460.60000 1773.28
8460.70000 1790.83
8460.80000 1799.85
8460.90000 1761.46
8461.00000 1666.31
8461.10000 1638.39
8461.20000 1744.94
8461.30000 1794.29
8461.40000 1810.92
8461.50000 1800.67
8461.60000 1810.37
8461.70000 1821.82
8461.80000 1833.97
8461.90000 1820.15
8462.00000 1841.97
8462.10000 1844.47
8462.20000 1872.29
8462.30000 1860.15
8462.40000 1862.28
8462.50000 1849.64
8462.60000 1841.57
8462.70000 1884.92
8462.80000 1867.52
8462.90000 1881.19
8463.00000 1908.77
8463.10000 1883.40
8463.20000 1879.19
8463.30000 1906.05
8463.40000 1928.64
8463.50000 1935.01
8463.60000 1935.65
8463.70000 1946.12
8463.80000 1942.10
8463.90000 1974.32
8464.00000 1948.51
8464.10000 1961.96
8464.20000 1977.36
8464.30000 1986.69
8464.40000 1998.58
8464.50000 2002.83
8464.60000 2000.77
8464.70000 2022.81
8464.80000 2062.00
8464.90000 2053.72
8465.00000 2066.90
8465.10000 2102.28
8465.20000 2080.47
8465.30000 2096.44
8465.40000 2107.65
8465.50000 2074.90
8465.60000 2079.94
8465.70000 2080.37
8465.80000 2045.06
8465.90000 2057.92
8466.00000 2093.10
8466.10000 2056.55
8466.20000 2053.23
8466.30000 2058.10
8466.40000 2043.49
8466.50000 1996.39
8466.60000 2016.84
8466.70000 2016.94
8466.80000 2002.90
8466.90000 2006.17
8467.00000 2004.53
8467.10000 2006.26
8467.20000 1993.96
8467.30000 1985.91
8467.40000 1987.82
8467.50000 1982.27
8467.60000 1962.66
8467.70000 1957.36
8467.80000 1967.38
8467.90000 1972.15
8468.00000 1980.97
8468.10000 1982.61
8468.20000 1962.93
8468.30000 1975.28
8468.40000 1975.17
8468.50000 1970.92
8468.60000 1980.04
8468.70000 1967.29
8468.80000 1984.13
8468.90000 1985.38
8469.00000 1988.90
8469.10000 1985.83
8469.20000 1979.91
8469.30000 1986.28
8469.40000 1998.72
8469.50000 1987.18
8469.60000 1983.57
8469.70000 1981.42
8469.80000 2064.40
8469.90000 2071.05
8470.00000 2031.29
8470.10000 2030.20
8470.20000 2018.53
8470.30000 2020.46
8470.40000 2011.22
8470.50000 2033.91
8470.60000 2037.42
8470.70000 2046.15
8470.80000 2049.48
8470.90000 2026.34
8471.00000 2068.49
8471.10000 2054.15
8471.20000 2086.67
8471.30000 2064.51
8471.40000 2076.41
8471.50000 2062.20
8471.60000 2053.67
8471.70000 2051.28
8471.80000 2027.16
8471.90000 2047.93
8472.00000 2039.20
8472.10000 2022.27
8472.20000 2015.63
8472.30000 1995.56
8472.40000 2002.25
8472.50000 1979.44
8472.60000 1972.44
8472.70000 1966.93
8472.80000 1995.97
8472.90000 1971.38
8473.00000 1947.21
8473.10000 1967.59
8473.20000 1952.78
8473.30000 1945.39
8473.40000 1935.08
8473.50000 1927.30
8473.60000 1924.87
8473.70000 1919.05
8473.80000 1905.54
8473.90000 1897.31
8474.00000 1889.36
8474.10000 1889.97
8474.20000 1855.87
8474.30000 1853.24
8474.40000 1849.34
8474.50000 1856.40
8474.60000 1851.57
8474.70000 1827.65
8474.80000 1843.16
8474.90000 1845.38
8475.00000 1816.17
8475.10000 1777.35
8475.20000 1774.98
8475.30000 1819.66
8475.40000 1821.22
8475.50000 1820.10
8475.60000 1806.95
8475.70000 1801.59
8475.80000 1814.67
8475.90000 1782.00
8476.00000 1797.01
8476.10000 1786.06
8476.20000 1787.38
8476.30000 1782.68
8476.40000 1772.99
8476.50000 1782.04
8476.60000 1762.51
8476.70000 1766.19
8476.80000 1777.31
8476.90000 1758.55
8477.00000 1747.20
8477.10000 1751.38
8477.20000 1736.83
8477.30000 1765.71
8477.40000 1772.19
8477.50000 1749.18
8477.60000 1757.54
8477.70000 1755.79
8477.80000 1748.24
8477.90000 1742.77
8478.00000 1737.48
8478.10000 1728.10
8478.20000 1747.08
8478.30000 1738.57
8478.40000 1741.63
8478.50000 1722.04
8478.60000 1714.78
8478.70000 1703.71
8478.80000 1676.48
8478.90000 1688.08
8479.00000 1737.31
8479.10000 1720.91
8479.20000 1742.94
8479.30000 1732.00
8479.40000 1732.58
8479.50000 1733.03
8479.60000 1713.96
8479.70000 1713.97
8479.80000 1723.32
8479.90000 1712.29
8480.00000 1720.41
8480.10000 1738.21
8480.20000 1715.29
8480.30000 1713.96
8480.40000 1733.43
8480.50000 1704.62
8480.60000 1635.12
8480.70000 1638.72
8480.80000 1693.75
8480.90000 1712.28
8481.00000 1712.37
8481.10000 1728.03
8481.20000 1712.65
8481.30000 1711.58
8481.40000 1705.73
8481.50000 1711.97
8481.60000 1737.66
8481.70000 1737.68
8481.80000 1729.23
8481.90000 1722.51
8482.00000 1726.06
8482.10000 1745.61
8482.20000 1731.70
8482.30000 1745.08
8482.40000 1751.23
8482.50000 1720.72
8482.60000 1725.80
8482.70000 1741.29
8482.80000 1726.31
8482.90000 1746.82
8483.00000 1740.72
8483.10000 1724.62
8483.20000 1707.30
8483.30000 1736.05
8483.40000 1737.58
8483.50000 1748.94
8483.60000 1731.39
8483.70000 1754.29
8483.80000 1751.96
8483.90000 1738.33
8484.00000 1740.29
8484.10000 1735.71
8484.20000 1753.88
8484.30000 1759.24
8484.40000 1750.45
8484.50000 1734.74
8484.60000 1770.96
8484.70000 1744.50
8484.80000 1728.62
8484.90000 1754.64
8485.00000 1740.87
8485.10000 1742.37
8485.20000 1740.80
8485.30000 1761.83
8485.40000 1766.26
8485.50000 1745.64
8485.60000 1756.32
8485.70000 1773.07
8485.80000 1747.86
8485.90000 1728.35
8486.00000 1756.83
8486.10000 1764.75
8486.20000 1760.80
8486.30000 1754.54
8486.40000 1763.98
8486.50000 1770.32
8486.60000 1767.98
8486.70000 1770.39
8486.80000 1765.41
8486.90000 1758.06
8487.00000 1785.04
8487.10000 1786.38
8487.20000 1775.45
8487.30000 1766.12
8487.40000 1777.40
8487.50000 1772.42
8487.60000 1747.01
8487.70000 1653.34
8487.80000 1688.57
8487.90000 1768.15
8488.00000 1788.67
8488.10000 1784.26
8488.20000 1771.04
8488.30000 1787.18
8488.40000 1806.21
8488.50000 1790.98
8488.60000 1782.62
8488.70000 1778.08
8488.80000 1783.98
8488.90000 1775.25
8489.00000 1767.32
8489.10000 1745.31
8489.20000 1759.62
8489.30000 1773.72
8489.40000 1767.99
8489.50000 1771.04
8489.60000 1779.02
8489.70000 1763.32
8489.80000 1749.87
8489.90000 1777.14
8490.00000 1771.96
8490.10000 1772.11
8490.20000 1777.47
8490.30000 1782.92
8490.40000 1764.53
8490.50000 1789.37
8490.60000 1782.58
8490.70000 1786.16
8490.80000 1789.91
8490.90000 1785.85
8491.00000 1780.73
8491.10000 1782.69
8491.20000 1802.54
8491.30000 1808.95
8491.40000 1787.15
8491.50000 1808.00
8491.60000 1805.94
8491.70000 1816.10
8491.80000 1821.61
8491.90000 1815.02
8492.00000 1824.33
8492.10000 1834.93
8492.20000 1830.31
8492.30000 1834.51
8492.40000 1830.83
8492.50000 1779.37
8492.60000 1737.58
8492.70000 1817.43
8492.80000 1858.36
8492.90000 1851.10
8493.00000 1882.04
8493.10000 1889.91
8493.20000 1894.31
8493.30000 1906.61
8493.40000 1880.79
8493.50000 1938.19
8493.60000 1944.13
8493.70000 1943.92
8493.80000 1967.92
8493.90000 1966.79
8494.00000 1976.47
8494.10000 1983.42
8494.20000 1996.46
8494.30000 2020.52
8494.40000 2007.71
8494.50000 2023.90
8494.60000 2006.78
8494.70000 2042.06
8494.80000 2077.21
8494.90000 2094.48
8495.00000 2123.47
8495.10000 2149.38
8495.20000 2170.81
8495.30000 2201.33
8495.40000 2199.03
8495.50000 2213.53
8495.60000 2234.93
8495.70000 2219.56
8495.80000 2227.92
8495.90000 2206.15
8496.00000 2181.02
8496.10000 2178.73
8496.20000 2148.89
8496.30000 2160.40
8496.40000 2145.01
8496.50000 2152.58
8496.60000 2141.92
8496.70000 2145.74
8496.80000 2125.05
8496.90000 2125.84
8497.00000 2144.18
8497.10000 2115.46
8497.20000 2059.99
8497.30000 2031.70
8497.40000 2085.57
8497.50000 2095.00
8497.60000 2114.00
8497.70000 2112.90
8497.80000 2069.75
8497.90000 2073.29
8498.00000 2094.69
8498.10000 2097.53
8498.20000 2122.68
8498.30000 2105.10
8498.40000 2105.45
8498.50000 2109.41
8498.60000 2107.12
8498.70000 2085.58
8498.80000 2108.02
8498.90000 2117.41
8499.00000 2126.23
8499.10000 2122.44
8499.20000 2146.18
8499.30000 2167.19
8499.40000 2156.66
8499.50000 2163.09
8499.60000 2170.82
8499.70000 2184.20
8499.80000 2197.70
8499.90000 2227.74
8500.00000 2248.61
8500.10000 2222.45
8500.20000 2225.29
8500.30000 2267.48
8500.40000 2277.60
8500.50000 2281.25
8500.60000 2260.02
8500.70000 2212.20
8500.80000 2238.12
8500.90000 2294.92
8501.00000 2289.65
8501.10000 2251.69
8501.20000 2261.92
8501.30000 2249.66
8501.40000 2300.45
8501.50000 2282.35
8501.60000 2269.28
8501.70000 2257.90
8501.80000 2297.29
8501.90000 2289.04
8502.00000 2306.68
8502.10000 2291.98
8502.20000 2285.33
8502.30000 2306.46
8502.40000 2303.84
8502.50000 2294.33
8502.60000 2287.64
8502.70000 2296.22
8502.80000 2286.32
8502.90000 2274.67
8503.00000 2256.49
8503.10000 2244.03
8503.20000 2246.88
8503.30000 2222.39
8503.40000 2222.96
8503.50000 2207.09
8503.60000 2216.71
8503.70000 2206.25
8503.80000 2210.68
8503.90000 2145.45
8504.00000 2110.63
8504.10000 2135.94
8504.20000 2131.40
8504.30000 2139.00
8504.40000 2106.27
8504.50000 2103.67
8504.60000 2081.67
8504.70000 2103.08
8504.80000 2093.52
8504.90000 2075.98
8505.00000 2068.59
8505.10000 2084.64
8505.20000 2073.32
8505.30000 2052.93
8505.40000 2073.57
8505.50000 2087.73
8505.60000 2044.20
8505.70000 2074.14
8505.80000 2088.65
8505.90000 2109.09
8506.00000 2088.48
8506.10000 2078.59
8506.20000 2108.14
8506.30000 2090.99
8506.40000 2084.25
8506.50000 2055.03
8506.60000 1986.35
8506.70000 1960.50
8506.80000 2033.66
8506.90000 2036.32
8507.00000 2042.42
8507.10000 2013.52
8507.20000 2024.32
8507.30000 2025.67
8507.40000 2007.32
8507.50000 1992.51
8507.60000 1984.12
8507.70000 1983.92
8507.80000 1968.66
8507.90000 1970.36
8508.00000 1955.82
8508.10000 1944.36
8508.20000 1923.99
8508.30000 1917.20
8508.40000 1904.18
8508.50000 1898.60
8508.60000 1901.63
8508.70000 1894.20
8508.80000 1912.11
8508.90000 1877.58
8509.00000 1864.41
8509.10000 1879.43
8509.20000 1874.50
8509.30000 1845.89
8509.40000 1849.90
8509.50000 1851.89
8509.60000 1850.22
8509.70000 1828.79
8509.80000 1818.29
8509.90000 1825.61
8510.00000 1832.84
8510.10000 1835.70
8510.20000 1807.44
8510.30000 1815.58
8510.40000 1797.05
8510.50000 1777.82
8510.60000 1779.72
8510.70000 1801.76
8510.80000 1796.25
8510.90000 1796.81
8511.00000 1786.48
8511.10000 1771.01
8511.20000 1775.69
8511.30000 1774.34
8511.40000 1765.24
8511.50000 1777.09
8511.60000 1769.70
8511.70000 1766.71
8511.80000 1763.41
8511.90000 1754.09
8512.00000 1756.68
8512.10000 1766.72
8512.20000 1745.36
8512.30000 1736.99
8512.40000 1748.67
8512.50000 1715.25
8512.60000 1684.96
8512.70000 1556.45
8512.80000 1627.98
8512.90000 1695.36
8513.00000 1671.62
8513.10000 1584.46
8513.20000 1654.14
8513.30000 1708.82
8513.40000 1717.43
8513.50000 1726.03
8513.60000 1740.05
8513.70000 1715.22
8513.80000 1726.63
8513.90000 1726.88
8514.00000 1731.49
8514.10000 1709.85
8514.20000 1716.15
8514.30000 1728.19
8514.40000 1718.89
8514.50000 1742.83
8514.60000 1737.86
8514.70000 1745.87
8514.80000 1727.95
8514.90000 1716.17
8515.00000 1723.45
8515.10000 1707.61
8515.20000 1717.93
8515.30000 1735.06
8515.40000 1730.03
8515.50000 1712.77
8515.60000 1724.05
8515.70000 1702.50
8515.80000 1716.69
8515.90000 1720.73
8516.00000 1724.09
8516.10000 1710.80
8516.20000 1723.71
8516.30000 1723.56
8516.40000 1712.02
8516.50000 1709.22
8516.60000 1725.03
8516.70000 1718.10
8516.80000 1685.32
8516.90000 1691.45
8517.00000 1714.75
8517.10000 1713.25
8517.20000 1709.02
8517.30000 1697.26
8517.40000 1716.60
8517.50000 1701.94
8517.60000 1709.13
8517.70000 1715.42
8517.80000 1720.65
8517.90000 1701.35
8518.00000 1717.88
8518.10000 1707.80
8518.20000 1702.94
8518.30000 1720.58
8518.40000 1691.22
8518.50000 1712.01
8518.60000 1708.97
8518.70000 1725.91
8518.80000 1722.42
8518.90000 1704.75
8519.00000 1718.32
8519.10000 1707.30
8519.20000 1708.95
8519.30000 1729.90
8519.40000 1678.38
8519.50000 1715.06
8519.60000 1724.36
8519.70000 1723.93
8519.80000 1708.17
8519.90000 1690.94
8520.00000 1716.95
8520.10000 1728.64
8520.20000 1723.80
8520.30000 1666.78
8520.40000 1584.40
8520.50000 1555.77
8520.60000 1707.74
8520.70000 1718.43
8520.80000 1725.29
8520.90000 1716.24
8521.00000 1711.39
8521.10000 1703.63
8521.20000 1715.52
8521.30000 1720.13
8521.40000 1732.10
8521.50000 1709.81
8521.60000 1703.61
8521.70000 1726.88
8521.80000 1728.81
8521.90000 1725.58
8522.00000 1719.50
8522.10000 1716.45
8522.20000 1714.66
8522.30000 1702.24
8522.40000 1714.35
8522.50000 1705.52
8522.60000 1716.31
8522.70000 1710.26
8522.80000 1706.67
8522.90000 1703.16
8523.00000 1700.21
8523.10000 1700.21
8523.20000 1710.15
8523.30000 1708.45
8523.40000 1682.49
8523.50000 1688.54
8523.60000 1670.62
8523.70000 1678.77
8523.80000 1680.84
8523.90000 1783.01
8524.00000 1707.73
8524.10000 1695.47
8524.20000 1733.74
8524.30000 1708.78
8524.40000 1708.58
8524.50000 1708.99
8524.60000 1701.10
8524.70000 1712.41
8524.80000 1709.20
8524.90000 1699.74
8525.00000 1715.31
8525.10000 1709.69
8525.20000 1689.02
8525.30000 1691.15
8525.40000 1713.83
8525.50000 1685.01
8525.60000 1675.14
8525.70000 1694.48
8525.80000 1719.77
8525.90000 1687.63
8526.00000 1697.53
8526.10000 1693.58
8526.20000 1707.71
8526.30000 1703.92
8526.40000 1702.87
8526.50000 1693.82
8526.60000 1693.07
8526.70000 1686.92
8526.80000 1691.67
8526.90000 1691.86
8527.00000 1680.03
8527.10000 1642.08
8527.20000 1642.59
8527.30000 1690.49
8527.40000 1698.73
8527.50000 1691.17
8527.60000 1685.85
8527.70000 1694.43
8527.80000 1708.53
8527.90000 1686.75
8528.00000 1691.10
8528.10000 1685.29
8528.20000 1707.52
8528.30000 1717.89
8528.40000 1711.20
8528.50000 1693.34
8528.60000 1676.60
8528.70000 1705.46
8528.80000 1681.36
8528.90000 1702.83
8529.00000 1711.71
8529.10000 1704.02
8529.20000 1690.60
8529.30000 1691.50
8529.40000 1689.81
8529.50000 1703.26
8529.60000 1703.98
8529.70000 1714.77
8529.80000 1689.52
8529.90000 1699.44
8530.00000 1693.40
8530.10000 1717.40
8530.20000 1682.30
8530.30000 1717.07
8530.40000 1699.90
8530.50000 1713.15
8530.60000 1684.73
8530.70000 1658.56
8530.80000 1676.12
8530.90000 1692.70
8531.00000 1699.70
8531.10000 1682.34
8531.20000 1718.34
8531.30000 1710.64
8531.40000 1708.66
8531.50000 1701.32
8531.60000 1692.53
8531.70000 1708.46
8531.80000 1704.56
8531.90000 1706.47
8532.00000 1695.04
8532.10000 1708.23
8532.20000 1677.59
8532.30000 1689.07
8532.40000 1695.87
8532.50000 1719.83
8532.60000 1704.24
8532.70000 1698.11
8532.80000 1713.60
8532.90000 1714.93
8533.00000 1711.66
8533.10000 1691.08
8533.20000 1710.09
8533.30000 1726.03
8533.40000 1704.54
8533.50000 1713.99
8533.60000 1690.49
8533.70000 1687.94
8533.80000 1711.65
8533.90000 1716.76
8534.00000 1698.92
8534.10000 1704.98
8534.20000 1708.01
8534.30000 1716.41
8534.40000 1715.55
8534.50000 1723.80
8534.60000 1732.25
8534.70000 1724.09
8534.80000 1729.24
8534.90000 1721.90
8535.00000 1712.14
8535.10000 1708.63
8535.20000 1719.04
8535.30000 1734.83
8535.40000 1726.37
8535.50000 1697.86
8535.60000 1665.50
8535.70000 1720.87
8535.80000 1747.27
8535.90000 1746.79
8536.00000 1749.89
8536.10000 1774.26
8536.20000 1777.83
8536.30000 1767.32
8536.40000 1773.66
8536.50000 1783.41
8536.60000 1795.99
8536.70000 1808.72
8536.80000 1812.94
8536.90000 1825.09
8537.00000 1823.16
8537.10000 1830.24
8537.20000 1808.48
8537.30000 1810.30
8537.40000 1846.27
8537.50000 1831.74
8537.60000 1865.18
8537.70000 1895.24
8537.80000 1912.54
8537.90000 1938.47
8538.00000 1936.17
8538.10000 1973.99
8538.20000 1946.30
8538.30000 2006.92
8538.40000 1994.19
8538.50000 2022.77
8538.60000 2057.11
8538.70000 2088.50
8538.80000 2081.77
8538.90000 2099.48
8539.00000 2133.60
8539.10000 2155.65
8539.20000 2174.26
8539.30000 2175.84
8539.40000 2193.29
8539.50000 2232.58
8539.60000 2242.64
8539.70000 2270.56
8539.80000 2262.18
8539.90000 2254.92
8540.00000 2227.21
8540.10000 2224.09
8540.20000 2204.25
8540.30000 2174.63
8540.40000 2192.35
8540.50000 2154.23
8540.60000 2130.91
8540.70000 2089.53
8540.80000 2140.50
8540.90000 2154.03
8541.00000 2154.22
8541.10000 2144.55
8541.20000 2147.71
8541.30000 2138.01
8541.40000 2141.63
8541.50000 2080.49
8541.60000 1932.98
8541.70000 2030.45
8541.80000 2121.32
8541.90000 2156.78
8542.00000 2158.44
8542.10000 2161.71
8542.20000 2177.21
8542.30000 2185.75
8542.40000 2181.99
8542.50000 2188.79
8542.60000 2208.77
8542.70000 2222.14
8542.80000 2239.45
8542.90000 2236.23
8543.00000 2226.76
8543.10000 2241.91
8543.20000 2273.35
8543.30000 2272.79
8543.40000 2256.31
8543.50000 2293.26
8543.60000 2294.10
8543.70000 2278.13
8543.80000 2249.80
8543.90000 2246.99
8544.00000 2237.06
8544.10000 2215.03
8544.20000 2239.03
8544.30000 2194.13
8544.40000 2195.77
8544.50000 2209.14
8544.60000 2199.89
8544.70000 2214.85
8544.80000 2212.37
8544.90000 2195.84
8545.00000 2212.12
8545.10000 2168.66
8545.20000 2187.33
8545.30000 2224.58
8545.40000 2205.16
8545.50000 2228.01
8545.60000 2208.44
8545.70000 2217.85
8545.80000 2227.44
8545.90000 2241.98
8546.00000 2253.00
8546.10000 2283.54
8546.20000 2258.43
8546.30000 2316.92
8546.40000 2317.31
8546.50000 2345.34
8546.60000 2327.01
8546.70000 2356.54
8546.80000 2316.17
8546.90000 2261.48
8547.00000 2231.92
8547.10000 2242.39
8547.20000 2261.90
8547.30000 2251.98
8547.40000 2238.79
8547.50000 2239.84
8547.60000 2215.12
8547.70000 2178.72
8547.80000 2175.62
8547.90000 2155.19
8548.00000 2139.81
8548.10000 2145.60
8548.20000 2124.15
8548.30000 2119.22
8548.40000 2105.70
8548.50000 2101.12
8548.60000 2124.96
8548.70000 2113.05
8548.80000 2105.88
8548.90000 2143.87
8549.00000 2120.81
8549.10000 2106.40
8549.20000 2102.96
8549.30000 2083.59
8549.40000 2079.83
8549.50000 2060.03
8549.60000 2069.99
8549.70000 2079.88
8549.80000 2043.03
8549.90000 2011.35
8550.00000 2023.32
8550.10000 1992.90
8550.20000 1972.69
8550.30000 1952.42
8550.40000 1948.58
8550.50000 1928.77
8550.60000 1917.86
8550.70000 1901.37
8550.80000 1902.99
8550.90000 1886.15
8551.00000 1887.06
8551.10000 1868.67
8551.20000 1853.05
8551.30000 1859.78
8551.40000 1864.16
8551.50000 1844.89
8551.60000 1829.36
8551.70000 1824.58
8551.80000 1827.71
8551.90000 1834.88
8552.00000 1839.17
8552.10000 1795.63
8552.20000 1803.84
8552.30000 1791.45
8552.40000 1793.82
8552.50000 1779.46
8552.60000 1786.68
8552.70000 1785.50
8552.80000 1796.54
8552.90000 1765.72
8553.00000 1754.50
8553.10000 1760.98
8553.20000 1739.33
8553.30000 1738.55
8553.40000 1740.67
8553.50000 1723.78
8553.60000 1739.94
8553.70000 1749.75
8553.80000 1745.85
8553.90000 1752.56
8554.00000 1734.21
8554.10000 1741.30
8554.20000 1741.04
8554.30000 1715.19
8554.40000 1706.55
8554.50000 1647.03
8554.60000 1632.13
8554.70000 1695.70
8554.80000 1663.61
8554.90000 1695.97
8555.00000 1693.08
8555.10000 1691.23
8555.20000 1693.02
8555.30000 1676.17
8555.40000 1680.96
8555.50000 1666.59
8555.60000 1666.93
8555.70000 1669.88
8555.80000 1658.39
8555.90000 1666.87
8556.00000 1662.10
8556.10000 1688.81
8556.20000 1690.27
8556.30000 1687.58
8556.40000 1684.10
8556.50000 1707.87
8556.60000 1696.08
8556.70000 1685.25
8556.80000 1648.67
8556.90000 1658.44
8557.00000 1667.56
8557.10000 1657.02
8557.20000 1664.66
8557.30000 1698.29
8557.40000 1663.45
8557.50000 1673.25
8557.60000 1690.24
8557.70000 1693.81
8557.80000 1684.10
8557.90000 1667.50
8558.00000 1692.84
8558.10000 1683.80
8558.20000 1688.24
8558.30000 1661.16
8558.40000 1697.38
8558.50000 1689.95
8558.60000 1683.78
8558.70000 1680.57
8558.80000 1678.62
8558.90000 1677.13
8559.00000 1691.73
8559.10000 1683.74
8559.20000 1678.48
8559.30000 1662.68
8559.40000 1654.32
8559.50000 1674.61
8559.60000 1636.77
8559.70000 1668.78
8559.80000 1679.77
8559.90000 1656.74
8560.00000 1690.42
8560.10000 1691.63
8560.20000 1707.99
8560.30000 1675.72
8560.40000 1668.64
8560.50000 1662.18
8560.60000 1697.10
8560.70000 1678.43
8560.80000 1674.53
8560.90000 1671.56
8561.00000 1680.93
8561.10000 1688.09
8561.20000 1674.15
8561.30000 1642.72
8561.40000 1662.64
8561.50000 1666.68
8561.60000 1658.66
8561.70000 1663.06
8561.80000 1691.19
8561.90000 1672.92
8562.00000 1660.25
8562.10000 1661.02
8562.20000 1651.10
8562.30000 1670.18
8562.40000 1700.31
8562.50000 1718.27
8562.60000 1697.99
8562.70000 1684.91
8562.80000 1681.57
8562.90000 1665.06
8563.00000 1668.24
8563.10000 1679.02
8563.20000 1634.30
8563.30000 1649.16
8563.40000 1688.17
8563.50000 1684.07
8563.60000 1648.89
8563.70000 1669.24
8563.80000 1672.17
8563.90000 1655.79
8564.00000 1695.81
8564.10000 1666.31
8564.20000 1675.27
8564.30000 1668.85
8564.40000 1713.38
8564.50000 1661.56
8564.60000 1682.86
8564.70000 1647.73
8564.80000 1663.66
8564.90000 1665.38
8565.00000 1679.01
8565.10000 1655.43
8565.20000 1684.76
8565.30000 1666.33
8565.40000 1659.73
8565.50000 1646.03
8565.60000 1670.56
8565.70000 1677.20
8565.80000 1688.68
8565.90000 1677.32
8566.00000 1663.13
8566.10000 1692.37
8566.20000 1651.49
8566.30000 1635.43
8566.40000 1704.03
8566.50000 1673.00
8566.60000 1701.65
8566.70000 1672.36
8566.80000 1673.76
8566.90000 1692.23
8567.00000 1666.03
8567.10000 1666.30
8567.20000 1682.53
8567.30000 1668.48
8567.40000 1668.20
8567.50000 1648.19
8567.60000 1636.58
8567.70000 1662.55
8567.80000 1655.44
8567.90000 1671.61
8568.00000 1662.07
8568.10000 1651.07
8568.20000 1640.85
8568.30000 1631.81
8568.40000 1663.48
8568.50000 1656.24
8568.60000 1666.86
8568.70000 1668.00
8568.80000 1640.50
8568.90000 1667.89
8569.00000 1670.19
8569.10000 1661.35
8569.20000 1664.59
8569.30000 1644.00
8569.40000 1676.85
8569.50000 1645.45
8569.60000 1615.82
8569.70000 1635.33
8569.80000 1625.27
8569.90000 1645.06
8570.00000 1672.32
8570.10000 1665.96
8570.20000 1666.81
8570.30000 1639.80
8570.40000 1684.81
8570.50000 1632.20
8570.60000 1647.72
8570.70000 1664.46
8570.80000 1644.23
8570.90000 1702.44
8571.00000 1673.30
8571.10000 1659.12
8571.20000 1695.06
8571.30000 1643.55
8571.40000 1663.20
8571.50000 1674.19
8571.60000 1667.92
8571.70000 1652.05
8571.80000 1635.67
8571.90000 1647.18
8572.00000 1644.68
8572.10000 1660.64
8572.20000 1646.24
8572.30000 1675.39
8572.40000 1658.87
8572.50000 1658.07
8572.60000 1670.41
8572.70000 1645.91
8572.80000 1681.63
8572.90000 1655.78
8573.00000 1672.63
8573.10000 1625.61
8573.20000 1644.60
8573.30000 1652.49
8573.40000 1627.94
8573.50000 1672.76
8573.60000 1652.76
8573.70000 1654.81
8573.80000 1631.48
8573.90000 1635.48
8574.00000 1611.63
8574.10000 1638.87
8574.20000 1671.06
8574.30000 1632.34
8574.40000 1666.26
8574.50000 1665.51
8574.60000 1661.93
8574.70000 1625.08
8574.80000 1609.73
8574.90000 1694.99
8575.00000 1650.06
8575.10000 1640.02
8575.20000 1637.67
8575.30000 1653.93
8575.40000 1656.97
8575.50000 1670.47
8575.60000 1629.77
8575.70000 1659.90
8575.80000 1635.85
8575.90000 1621.15
8576.00000 1638.31
8576.10000 1640.68
8576.20000 1623.63
8576.30000 1657.23
8576.40000 1634.60
8576.50000 1619.35
8576.60000 1644.62
8576.70000 1594.01
8576.80000 1651.31
8576.90000 1623.39
8577.00000 1631.49
8577.10000 1663.21
8577.20000 1627.29
8577.30000 1676.97
8577.40000 1642.07
8577.50000 1631.53
8577.60000 1621.86
8577.70000 1667.61
8577.80000 1173.74
8577.90000 0.00
8578.00000 0.00
8578.10000 0.00
8578.20000 0.00
8578.30000 0.00
8578.40000 0.00
8578.50000 0.00
8578.60000 0.00
8578.70000 0.00
8578.80000 0.00
8578.90000 0.00
8579.00000 0.00
8579.10000 0.00
8579.20000 0.00
8579.30000 0.00
8579.40000 0.00
8579.50000 0.00
8579.60000 0.00
8579.70000 0.00
8579.80000 0.00
8579.90000 0.00
8580.00000 0.00
8580.10000 0.00
8580.20000 0.00
8580.30000 0.00
8580.40000 0.00
8580.50000 95.04
8580.60000 1651.07
8580.70000 1650.24
8580.80000 1632.84
8580.90000 1641.17
8581.00000 1639.20
8581.10000 1623.85
8581.20000 1617.80
8581.30000 1635.40
8581.40000 1652.51
8581.50000 1664.21
8581.60000 1616.90
8581.70000 1636.67
8581.80000 1662.84
8581.90000 1659.78
8582.00000 1656.08
8582.10000 1649.72
8582.20000 1670.97
8582.30000 1688.42
8582.40000 1674.27
8582.50000 1675.08
8582.60000 1659.17
8582.70000 1650.73
8582.80000 1632.63
8582.90000 1651.57
8583.00000 1655.66
8583.10000 1657.39
8583.20000 1654.16
8583.30000 1660.68
8583.40000 1653.58
8583.50000 1630.28
8583.60000 1639.58
8583.70000 1644.50
8583.80000 1674.67
8583.90000 1652.09
8584.00000 1656.38
8584.10000 1639.92
8584.20000 1667.18
8584.30000 1656.54
8584.40000 1668.70
8584.50000 1675.97
8584.60000 1674.81
8584.70000 1684.60
8584.80000 1644.20
8584.90000 1657.77
8585.00000 1650.05
8585.10000 1677.26
8585.20000 1646.90
8585.30000 1668.36
8585.40000 1677.73
8585.50000 1671.58
8585.60000 1652.31
8585.70000 1672.35
8585.80000 1660.27
8585.90000 1630.47
8586.00000 1646.72
8586.10000 1648.77
8586.20000 1644.19
8586.30000 1656.34
8586.40000 1661.58
8586.50000 1677.17
8586.60000 1684.20
8586.70000 1678.33
8586.80000 1681.05
8586.90000 1664.08
8587.00000 1663.25
8587.10000 1644.71
8587.20000 1667.04
8587.30000 1655.08
8587.40000 1659.91
8587.50000 1639.67
8587.60000 1652.50
8587.70000 1640.67
8587.80000 1613.78
8587.90000 1659.99
8588.00000 1647.16
8588.10000 1623.41
8588.20000 1639.61
8588.30000 1654.18
8588.40000 1666.16
8588.50000 1669.45
8588.60000 1665.61
8588.70000 1685.31
8588.80000 1654.39
8588.90000 1694.05
8589.00000 1669.78
8589.10000 1653.74
8589.20000 1707.02
8589.30000 1661.07
8589.40000 1678.71
8589.50000 1679.34
8589.60000 1695.03
8589.70000 1682.36
8589.80000 1704.99
8589.90000 1668.26
8590.00000 1659.70
8590.10000 1651.09
8590.20000 1666.79
8590.30000 1690.97
8590.40000 1696.16
8590.50000 1689.22
8590.60000 1666.24
8590.70000 1682.15
8590.80000 1688.95
8590.90000 1692.65
8591.00000 1678.70
8591.10000 1648.64
8591.20000 1710.77
8591.30000 1702.16
8591.40000 1718.80
8591.50000 1709.03
8591.60000 1729.72
8591.70000 1736.56
8591.80000 1728.67
8591.90000 1711.33
8592.00000 1695.43
8592.10000 1717.60
8592.20000 1740.53
8592.30000 1755.11
8592.40000 1743.14
8592.50000 1742.32
8592.60000 1749.76
8592.70000 1746.44
8592.80000 1744.04
8592.90000 1759.23
8593.00000 1751.82
8593.10000 1756.54
8593.20000 1764.78
8593.30000 1775.24
8593.40000 1736.61
8593.50000 1741.23
8593.60000 1780.02
8593.70000 1779.55
8593.80000 1777.21
8593.90000 1786.02
8594.00000 1799.69
8594.10000 1796.08
8594.20000 1809.06
8594.30000 1827.40
8594.40000 1807.18
8594.50000 1846.50
8594.60000 1860.49
8594.70000 1857.10
8594.80000 1847.59
8594.90000 1869.21
8595.00000 1866.65
8595.10000 1885.64
8595.20000 1891.39
8595.30000 1915.10
8595.40000 1930.87
8595.50000 1957.90
8595.60000 1952.87
8595.70000 1955.78
8595.80000 1969.37
8595.90000 1990.44
8596.00000 1971.94
8596.10000 2002.17
8596.20000 2010.21
8596.30000 2030.00
8596.40000 1991.30
8596.50000 1994.26
8596.60000 2012.50
8596.70000 2008.26
8596.80000 1995.29
8596.90000 1965.11
8597.00000 1984.06
8597.10000 1959.47
8597.20000 1957.55
8597.30000 1956.10
8597.40000 1914.76
8597.50000 1940.21
8597.60000 1939.88
8597.70000 1940.50
8597.80000 1936.06
8597.90000 1916.94
8598.00000 1916.73
8598.10000 1920.77
8598.20000 1908.45
8598.30000 1891.94
8598.40000 1879.08
8598.50000 1891.57
8598.60000 1862.14
8598.70000 1889.17
8598.80000 1873.61
8598.90000 1896.23
8599.00000 1895.08
8599.10000 1887.14
8599.20000 1889.59
8599.30000 1905.69
8599.40000 1901.70
8599.50000 1899.95
8599.60000 1891.40
8599.70000 1915.15
8599.80000 1894.87
8599.90000 1909.17
8600.00000 1917.39
8600.10000 1909.97
8600.20000 1905.13
8600.30000 1890.92
8600.40000 1916.66
8600.50000 1920.86
8600.60000 1912.25
8600.70000 1914.42
8600.80000 1923.74
8600.90000 1895.38
8601.00000 1901.64
8601.10000 1915.09
8601.20000 1900.51
8601.30000 1923.92
8601.40000 1895.32
8601.50000 1908.65
8601.60000 1945.57
8601.70000 1921.83
8601.80000 1915.57
8601.90000 1959.41
8602.00000 1961.92
8602.10000 1963.06
8602.20000 1924.44
8602.30000 1945.22
8602.40000 1960.62
8602.50000 1991.45
8602.60000 1966.50
8602.70000 1947.65
8602.80000 1951.72
8602.90000 1960.51
8603.00000 1904.84
8603.10000 1926.33
8603.20000 1897.67
8603.30000 1925.67
8603.40000 1915.00
8603.50000 1881.44
8603.60000 1884.69
8603.70000 1849.62
8603.80000 1852.53
8603.90000 1843.92
8604.00000 1837.40
8604.10000 1867.85
8604.20000 1843.32
8604.30000 1820.97
8604.40000 1800.91
8604.50000 1823.25
8604.60000 1794.92
8604.70000 1780.75
8604.80000 1775.42
8604.90000 1792.66
8605.00000 1767.00
8605.10000 1758.69
8605.20000 1760.36
8605.30000 1765.31
8605.40000 1767.51
8605.50000 1743.34
8605.60000 1753.71
8605.70000 1732.72
8605.80000 1747.21
8605.90000 1750.55
8606.00000 1727.29
8606.10000 1739.94
8606.20000 1738.87
8606.30000 1735.27
8606.40000 1725.96
8606.50000 1705.54
8606.60000 1693.39
8606.70000 1724.20
8606.80000 1701.22
8606.90000 1720.72
8607.00000 1694.61
8607.10000 1694.91
8607.20000 1712.55
8607.30000 1687.68
8607.40000 1684.78
8607.50000 1702.89
8607.60000 1680.22
8607.70000 1688.03
8607.80000 1705.85
8607.90000 1669.71
8608.00000 1696.18
8608.10000 1702.88
8608.20000 1689.51
8608.30000 1652.65
8608.40000 1673.10
8608.50000 1686.04
8608.60000 1672.18
8608.70000 1664.83
8608.80000 1659.79
8608.90000 1659.63
8609.00000 1666.73
8609.10000 1660.55
8609.20000 1681.41
8609.30000 1677.80
8609.40000 1707.08
8609.50000 1702.55
8609.60000 1695.12
8609.70000 1685.85
8609.80000 1671.49
8609.90000 1678.00
8610.00000 1675.37
8610.10000 1660.44
8610.20000 1657.89
8610.30000 1646.35
8610.40000 1674.48
8610.50000 1663.40
8610.60000 1665.98
8610.70000 1643.30
8610.80000 1652.58
8610.90000 1685.59
8611.00000 1673.99
8611.10000 1661.79
8611.20000 1653.55
8611.30000 1659.44
8611.40000 1662.79
8611.50000 1650.83
8611.60000 1651.91
8611.70000 1684.63
8611.80000 1662.95
8611.90000 1681.90
8612.00000 1664.82
8612.10000 1675.43
8612.20000 1696.84
8612.30000 1682.25
8612.40000 1680.11
8612.50000 1659.67
8612.60000 1652.34
8612.70000 1689.68
8612.80000 1677.67
8612.90000 1670.06
8613.00000 1670.45
8613.10000 1681.25
8613.20000 1673.02
8613.30000 1678.47
8613.40000 1675.60
8613.50000 1658.43
8613.60000 1659.20
8613.70000 1681.60
8613.80000 1659.01
8613.90000 1663.82
8614.00000 1654.50
8614.10000 1662.44
8614.20000 1673.46
8614.30000 1668.03
8614.40000 1662.17
8614.50000 1676.82
8614.60000 1662.63
8614.70000 1654.38
8614.80000 1662.11
8614.90000 1675.54
8615.00000 1672.22
8615.10000 1659.91
8615.20000 1656.83
8615.30000 1672.12
8615.40000 1676.54
8615.50000 1651.14
8615.60000 1637.26
8615.70000 1669.57
8615.80000 1665.90
8615.90000 1669.38
8616.00000 1650.71
8616.10000 1638.19
8616.20000 1662.32
8616.30000 1664.40
8616.40000 1678.25
8616.50000 1624.04
8616.60000 1649.01
8616.70000 1631.30
8616.80000 1654.12
8616.90000 1651.03
8617.00000 1662.28
8617.10000 1671.70
8617.20000 1667.75
8617.30000 1663.73
8617.40000 1643.29
8617.50000 1648.14
8617.60000 1633.81
8617.70000 1625.84
8617.80000 1639.78
8617.90000 1647.51
8618.00000 1661.67
8618.10000 1654.12
8618.20000 1661.79
8618.30000 1639.34
8618.40000 1668.09
8618.50000 1670.77
8618.60000 1654.08
8618.70000 1631.39
8618.80000 1625.99
8618.90000 1598.31
8619.00000 1632.11
8619.10000 1640.01
8619.20000 1637.90
8619.30000 1626.78
8619.40000 1664.79
8619.50000 1643.29
8619.60000 1645.73
8619.70000 1657.21
8619.80000 1636.53
8619.90000 1634.06
8620.00000 1634.93
8620.10000 1630.86
8620.20000 1620.05
8620.30000 1634.51
8620.40000 1618.00
8620.50000 1633.05
8620.60000 1622.13
8620.70000 1636.40
8620.80000 1627.90
8620.90000 1628.88
8621.00000 1609.21
8621.10000 1633.92
8621.20000 1642.11
8621.30000 1628.16
8621.40000 1610.00
8621.50000 1616.49
8621.60000 1634.76
8621.70000 1625.11
8621.80000 1629.71
8621.90000 1640.59
8622.00000 1620.60
8622.10000 1605.66
8622.20000 1635.22
8622.30000 1625.67
8622.40000 1629.29
8622.50000 1645.76
8622.60000 1652.10
8622.70000 1652.81
8622.80000 1647.08
8622.90000 1640.63
8623.00000 1669.46
8623.10000 1661.72
8623.20000 1665.23
8623.30000 1643.51
8623.40000 1667.29
8623.50000 1671.48
8623.60000 1680.53
8623.70000 1673.15
8623.80000 1676.38
8623.90000 1683.92
8624.00000 1695.00
8624.10000 1685.66
8624.20000 1697.50
8624.30000 1685.47
8624.40000 1684.29
8624.50000 1679.72
8624.60000 1681.52
8624.70000 1688.13
8624.80000 1701.46
8624.90000 1699.62
8625.00000 1686.39
8625.10000 1685.71
8625.20000 1698.05
8625.30000 1699.65
8625.40000 1702.42
8625.50000 1699.92
8625.60000 1686.60
8625.70000 1696.67
8625.80000 1679.58
8625.90000 1687.44
8626.00000 1687.19
8626.10000 1716.77
8626.20000 1701.38
8626.30000 1692.58
8626.40000 1719.98
8626.50000 1723.01
8626.60000 1717.21
8626.70000 1720.66
8626.80000 1739.40
8626.90000 1757.34
8627.00000 1721.80
8627.10000 1727.86
8627.20000 1709.84
8627.30000 1701.97
8627.40000 1714.19
8627.50000 1718.21
8627.60000 1709.61
8627.70000 1717.47
8627.80000 1716.89
8627.90000 1712.70
8628.00000 1711.28
8628.10000 1701.83
8628.20000 1696.19
8628.30000 1693.32
8628.40000 1708.56
8628.50000 1710.90
8628.60000 1709.01
8628.70000 1713.08
8628.80000 1689.49
8628.90000 1700.13
8629.00000 1699.57
8629.10000 1703.24
8629.20000 1699.42
8629.30000 1685.26
8629.40000 1707.44
8629.50000 1697.89
8629.60000 1720.46
8629.70000 1691.89
8629.80000 1729.72
8629.90000 1710.02
8630.00000 1726.82
8630.10000 1727.36
8630.20000 1729.29
8630.30000 1707.26
8630.40000 1707.31
8630.50000 1727.57
8630.60000 1729.84
8630.70000 1723.89
8630.80000 1711.30
8630.90000 1719.28
8631.00000 1702.58
8631.10000 1705.25
8631.20000 1701.59
8631.30000 1730.62
8631.40000 1720.41
8631.50000 1714.99
8631.60000 1731.81
8631.70000 1705.62
8631.80000 1706.18
8631.90000 1731.14
8632.00000 1724.00
8632.10000 1730.45
8632.20000 1748.49
8632.30000 1747.49
8632.40000 1751.41
8632.50000 1718.70
8632.60000 1753.19
8632.70000 1754.50
8632.80000 1736.12
8632.90000 1750.07
8633.00000 1746.99
8633.10000 1740.61
8633.20000 1739.55
8633.30000 1745.56
8633.40000 1735.46
8633.50000 1751.07
8633.60000 1759.43
8633.70000 1754.36
8633.80000 1764.12
8633.90000 1745.79
8634.00000 1724.36
8634.10000 1749.43
8634.20000 1750.06
8634.30000 1724.45
8634.40000 1754.99
8634.50000 1768.44
8634.60000 1732.38
8634.70000 1729.38
8634.80000 1723.90
8634.90000 1732.51
8635.00000 1715.37
8635.10000 1733.74
8635.20000 1728.13
8635.30000 1742.53
8635.40000 1727.85
8635.50000 1722.01
8635.60000 1733.10
8635.70000 1728.28
8635.80000 1718.30
8635.90000 1731.63
8636.00000 1737.34
8636.10000 1736.69
8636.20000 1708.27
8636.30000 1718.63
8636.40000 1706.24
8636.50000 1705.10
8636.60000 1714.51
8636.70000 1691.32
8636.80000 1698.02
8636.90000 1696.41
8637.00000 1708.22
8637.10000 1709.02
8637.20000 1703.89
8637.30000 1686.13
8637.40000 1716.11
8637.50000 1702.55
8637.60000 1700.10
8637.70000 1694.44
8637.80000 1690.50
8637.90000 1688.42
8638.00000 1676.31
8638.10000 1667.80
8638.20000 1687.70
8638.30000 1688.39
8638.40000 1687.94
8638.50000 1677.24
8638.60000 1688.76
8638.70000 1663.35
8638.80000 1688.72
8638.90000 1683.19
8639.00000 1691.23
8639.10000 1682.65
8639.20000 1698.08
8639.30000 1682.31
8639.40000 1672.00
8639.50000 1661.19
8639.60000 1685.74
8639.70000 1708.34
8639.80000 1685.49
8639.90000 1680.23
8640.00000 1684.91
8640.10000 1678.68
8640.20000 1691.86
8640.30000 1674.54
8640.40000 1680.39
8640.50000 1680.37
8640.60000 1657.89
8640.70000 1671.42
8640.80000 1678.11
8640.90000 1659.81
8641.00000 1664.40
8641.10000 1679.97
8641.20000 1685.59
8641.30000 1686.54
8641.40000 1667.18
8641.50000 1668.51
8641.60000 1664.56
8641.70000 1669.00
8641.80000 1672.67
8641.90000 1670.95
8642.00000 1678.59
8642.10000 1666.67
8642.20000 1661.20
8642.30000 1679.28
8642.40000 1670.30
8642.50000 1666.93
8642.60000 1685.84
8642.70000 1663.62
8642.80000 1680.79
8642.90000 1686.35
8643.00000 1670.15
8643.10000 1666.71
8643.20000 1690.95
8643.30000 1656.25
8643.40000 1655.85
8643.50000 1671.05
8643.60000 1691.43
8643.70000 1668.40
8643.80000 1674.24
8643.90000 1665.39
8644.00000 1651.70
8644.10000 1660.06
8644.20000 1673.67
8644.30000 1666.74
8644.40000 1666.55
8644.50000 1651.17
8644.60000 1664.75
8644.70000 1670.78
8644.80000 1661.57
8644.90000 1648.48
8645.00000 1664.83
8645.10000 1659.82
8645.20000 1666.84
8645.30000 1673.93
8645.40000 1674.36
8645.50000 1668.56
8645.60000 1657.43
8645.70000 1649.80
8645.80000 1666.64
8645.90000 1661.44
8646.00000 1678.98
8646.10000 1663.98
8646.20000 1646.98
8646.30000 1667.34
8646.40000 1643.57
8646.50000 1652.94
8646.60000 1646.90
8646.70000 1657.27
8646.80000 1658.82
8646.90000 1657.30
8647.00000 1650.54
8647.10000 1665.18
8647.20000 1651.98
8647.30000 1662.14
8647.40000 1660.63
8647.50000 1653.05
8647.60000 1648.79
8647.70000 1676.67
8647.80000 1662.88
8647.90000 1645.61
8648.00000 1670.10
8648.10000 1654.66
8648.20000 1651.61
8648.30000 1647.45
8648.40000 1647.16
8648.50000 1642.43
8648.60000 1655.83
8648.70000 1636.15
8648.80000 1638.71
8648.90000 1636.64
8649.00000 1650.37
8649.10000 1665.24
8649.20000 1667.34
8649.30000 1632.59
8649.40000 1625.75
8649.50000 1672.63
8649.60000 1653.69
8649.70000 1655.56
8649.80000 1653.48
8649.90000 1645.68
8650.00000 1646.93
8650.10000 1652.05
8650.20000 1657.94
8650.30000 1648.24
8650.40000 1664.96
8650.50000 1662.78
8650.60000 1667.27
8650.70000 1666.08
8650.80000 1666.95
8650.90000 1654.82
8651.00000 1662.68
8651.10000 1663.07
8651.20000 1667.12
8651.30000 1660.52
8651.40000 1647.00
8651.50000 1650.78
8651.60000 1666.82
8651.70000 1663.62
8651.80000 1660.80
8651.90000 1658.68
8652.00000 1679.39
8652.10000 1659.27
8652.20000 1667.30
8652.30000 1666.85
8652.40000 1657.06
8652.50000 1655.54
8652.60000 1651.21
8652.70000 1669.30
8652.80000 1664.90
8652.90000 1678.56
8653.00000 1680.97
8653.10000 1652.89
8653.20000 1669.82
8653.30000 1673.65
8653.40000 1663.44
8653.50000 1692.45
8653.60000 1672.78
8653.70000 1663.86
8653.80000 1666.74
8653.90000 1652.77
8654.00000 1693.10
8654.10000 1658.88
8654.20000 1654.35
8654.30000 1658.62
8654.40000 1686.66
8654.50000 1689.67
8654.60000 1691.24
8654.70000 1676.64
8654.80000 1679.34
8654.90000 1664.49
8655.00000 1685.53
8655.10000 1684.72
8655.20000 1711.83
8655.30000 1712.34
8655.40000 1673.10
8655.50000 1693.60
8655.60000 1682.67
8655.70000 1684.59
8655.80000 1689.85
8655.90000 1702.25
8656.00000 1713.49
8656.10000 1713.53
8656.20000 1714.66
8656.30000 1716.35
8656.40000 1719.15
8656.50000 1725.86
8656.60000 1739.55
8656.70000 1750.94
8656.80000 1758.72
8656.90000 1747.47
8657.00000 1757.47
8657.10000 1768.26
8657.20000 1766.03
8657.30000 1789.28
8657.40000 1819.47
8657.50000 1790.06
8657.60000 1824.49
8657.70000 1837.86
8657.80000 1845.21
8657.90000 1847.71
8658.00000 1841.10
8658.10000 1865.30
8658.20000 1895.05
8658.30000 1888.34
8658.40000 1929.55
8658.50000 1932.31
8658.60000 1958.31
8658.70000 1982.14
8658.80000 2005.52
8658.90000 2030.54
8659.00000 2045.55
8659.10000 2041.28
8659.20000 2057.04
8659.30000 2103.22
8659.40000 2116.28
8659.50000 2112.13
8659.60000 2128.13
8659.70000 2160.72
8659.80000 2163.78
8659.90000 2151.34
8660.00000 2132.52
8660.10000 2131.01
8660.20000 2120.53
8660.30000 2112.59
8660.40000 2110.75
8660.50000 2118.92
8660.60000 2085.93
8660.70000 2108.20
8660.80000 2101.24
8660.90000 2095.37
8661.00000 2101.13
8661.10000 2096.89
8661.20000 2075.84
8661.30000 2094.72
8661.40000 2118.44
8661.50000 2105.18
8661.60000 2090.76
8661.70000 2078.43
8661.80000 2115.67
8661.90000 2121.74
8662.00000 2101.35
8662.10000 2125.15
8662.20000 2149.78
8662.30000 2146.66
8662.40000 2145.02
8662.50000 2140.98
8662.60000 2173.17
8662.70000 2171.83
8662.80000 2172.29
8662.90000 2196.58
8663.00000 2167.95
8663.10000 2182.08
8663.20000 2169.90
8663.30000 2164.24
8663.40000 2166.76
8663.50000 2161.80
8663.60000 2133.61
8663.70000 2144.76
8663.80000 2141.81
8663.90000 2133.03
8664.00000 2127.37
8664.10000 2132.58
8664.20000 2117.00
8664.30000 2103.50
8664.40000 2099.31
8664.50000 2128.31
8664.60000 2088.11
8664.70000 2105.02
8664.80000 2104.03
8664.90000 2107.90
8665.00000 2103.98
8665.10000 2093.90
8665.20000 2111.01
8665.30000 2134.24
8665.40000 2118.96
8665.50000 2112.12
8665.60000 2127.96
8665.70000 2123.15
8665.80000 2144.72
8665.90000 2161.40
8666.00000 2185.43
8666.10000 2199.92
8666.20000 2210.85
8666.30000 2205.86
8666.40000 2227.83
8666.50000 2243.64
8666.60000 2242.72
8666.70000 2233.52
8666.80000 2242.83
8666.90000 2234.18
8667.00000 2239.07
8667.10000 2224.35
8667.20000 2210.94
8667.30000 2196.29
8667.40000 2172.45
8667.50000 2161.21
8667.60000 2171.27
8667.70000 2152.16
8667.80000 2147.13
8667.90000 2124.16
8668.00000 2144.78
8668.10000 2128.65
8668.20000 2126.26
8668.30000 2096.58
8668.40000 2095.47
8668.50000 2078.02
8668.60000 2078.57
8668.70000 2073.06
8668.80000 2082.56
8668.90000 2071.75
8669.00000 2070.06
8669.10000 2049.41
8669.20000 2054.19
8669.30000 2042.93
8669.40000 2022.82
8669.50000 2024.01
8669.60000 2013.12
8669.70000 1993.29
8669.80000 1981.31
8669.90000 1955.26
8670.00000 1942.54
8670.10000 1949.81
8670.20000 1927.09
8670.30000 1907.40
8670.40000 1908.24
8670.50000 1862.67
8670.60000 1861.08
8670.70000 1852.67
8670.80000 1846.05
8670.90000 1811.62
8671.00000 1802.18
8671.10000 1814.18
8671.20000 1822.29
8671.30000 1790.79
8671.40000 1770.42
8671.50000 1781.34
8671.60000 1803.98
8671.70000 1796.61
8671.80000 1778.05
8671.90000 1754.80
8672.00000 1758.50
8672.10000 1736.52
8672.20000 1748.31
8672.30000 1757.20
8672.40000 1741.23
8672.50000 1721.61
8672.60000 1729.01
8672.70000 1720.25
8672.80000 1722.47
8672.90000 1720.77
8673.00000 1720.52
8673.10000 1712.47
8673.20000 1714.38
8673.30000 1720.39
8673.40000 1706.76
8673.50000 1700.63
8673.60000 1715.47
8673.70000 1696.96
8673.80000 1705.26
8673.90000 1695.23
8674.00000 1689.98
8674.10000 1715.14
8674.20000 1693.52
8674.30000 1696.76
8674.40000 1701.22
8674.50000 1687.15
8674.60000 1691.91
8674.70000 1687.41
8674.80000 1694.28
8674.90000 1717.49
8675.00000 1677.90
8675.10000 1688.06
8675.20000 1699.39
8675.30000 1701.47
8675.40000 1704.49
8675.50000 1712.47
8675.60000 1698.51
8675.70000 1673.61
8675.80000 1694.29
8675.90000 1706.42
8676.00000 1703.30
8676.10000 1723.47
8676.20000 1702.78
8676.30000 1703.61
8676.40000 1685.30
8676.50000 1717.15
8676.60000 1708.60
8676.70000 1693.90
8676.80000 1739.45
8676.90000 1743.67
8677.00000 1720.87
8677.10000 1715.52
8677.20000 1715.33
8677.30000 1727.66
8677.40000 1736.22
8677.50000 1738.43
8677.60000 1736.11
8677.70000 1748.86
8677.80000 1745.13
8677.90000 1753.91
8678.00000 1755.90
8678.10000 1759.91
8678.20000 1751.51
8678.30000 1745.83
8678.40000 1759.70
8678.50000 1739.31
8678.60000 1765.10
8678.70000 1749.33
8678.80000 1743.55
8678.90000 1737.42
8679.00000 1750.25
8679.10000 1735.44
8679.20000 1738.18
8679.30000 1747.97
8679.40000 1740.09
8679.50000 1734.03
8679.60000 1764.75
8679.70000 1753.17
8679.80000 1724.07
8679.90000 1756.73
8680.00000 1770.30
8680.10000 1744.55
8680.20000 1745.82
8680.30000 1757.31
8680.40000 1762.79
8680.50000 1754.27
8680.60000 1748.04
8680.70000 1746.17
8680.80000 1772.64
8680.90000 1771.06
8681.00000 1767.21
8681.10000 1749.93
8681.20000 1764.60
8681.30000 1776.48
8681.40000 1762.11
8681.50000 1767.38
8681.60000 1753.83
8681.70000 1775.79
8681.80000 1759.46
8681.90000 1758.64
8682.00000 1767.65
8682.10000 1766.33
8682.20000 1758.19
8682.30000 1767.12
8682.40000 1779.44
8682.50000 1771.18
8682.60000 1756.96
8682.70000 1774.83
8682.80000 1783.13
8682.90000 1795.89
8683.00000 1795.87
8683.10000 1783.55
8683.20000 1768.42
8683.30000 1764.98
8683.40000 1770.75
8683.50000 1775.57
8683.60000 1789.52
8683.70000 1797.03
8683.80000 1802.96
8683.90000 1773.13
8684.00000 1782.24
8684.10000 1788.89
8684.20000 1798.07
8684.30000 1787.75
8684.40000 1789.27
8684.50000 1796.26
8684.60000 1777.79
8684.70000 1787.23
8684.80000 1793.99
8684.90000 1790.62
8685.00000 1784.34
8685.10000 1792.64
8685.20000 1780.06
8685.30000 1770.80
8685.40000 1776.59
8685.50000 1773.60
8685.60000 1794.76
8685.70000 1770.87
8685.80000 1789.03
8685.90000 1774.64
8686.00000 1757.69
8686.10000 1770.56
8686.20000 1776.61
8686.30000 1771.49
8686.40000 1761.18
8686.50000 1769.28
8686.60000 1768.84
8686.70000 1739.11
8686.80000 1758.59
8686.90000 1757.04
8687.00000 1758.46
8687.10000 1734.74
8687.20000 1759.44
8687.30000 1758.34
8687.40000 1775.58
8687.50000 1766.38
8687.60000 1757.77
8687.70000 1749.06
8687.80000 1741.27
8687.90000 1757.37
8688.00000 1758.96
8688.10000 1769.07
8688.20000 1748.17
8688.30000 1733.17
8688.40000 1745.41
8688.50000 1735.84
8688.60000 1721.93
8688.70000 1723.78
8688.80000 1724.64
8688.90000 1729.57
8689.00000 1744.02
8689.10000 1722.39
8689.20000 1735.70
8689.30000 1734.93
8689.40000 1715.46
8689.50000 1720.34
8689.60000 1717.36
8689.70000 1724.26
8689.80000 1726.80
8689.90000 1721.53
8690.00000 1710.49
8690.10000 1715.49
8690.20000 1727.30
8690.30000 1730.35
8690.40000 1718.81
8690.50000 1715.96
8690.60000 1720.05
8690.70000 1712.44
8690.80000 1707.11
8690.90000 1726.31
8691.00000 1720.58
8691.10000 1708.35
8691.20000 1692.70
8691.30000 1706.46
8691.40000 1697.32
8691.50000 1697.39
8691.60000 1709.27
8691.70000 1713.22
8691.80000 1698.14
8691.90000 1687.52
8692.00000 1697.56
8692.10000 1684.67
8692.20000 1672.81
8692.30000 1695.30
8692.40000 1685.62
8692.50000 1691.67
8692.60000 1680.69
8692.70000 1681.74
8692.80000 1668.90
8692.90000 1680.83
8693.00000 1679.46
8693.10000 1678.86
8693.20000 1678.75
8693.30000 1675.56
8693.40000 1681.50
8693.50000 1681.22
8693.60000 1662.45
8693.70000 1690.94
8693.80000 1679.48
8693.90000 1674.26
8694.00000 1685.85
8694.10000 1702.17
8694.20000 1684.82
8694.30000 1671.67
8694.40000 1674.29
8694.50000 1667.00
8694.60000 1680.19
8694.70000 1674.97
8694.80000 1665.20
8694.90000 1660.03
8695.00000 1666.94
8695.10000 1674.59
8695.20000 1667.75
8695.30000 1674.26
8695.40000 1667.52
8695.50000 1666.66
8695.60000 1671.45
8695.70000 1662.01
8695.80000 1656.71
8695.90000 1671.40
8696.00000 1663.15
8696.10000 1664.41
8696.20000 1660.68
8696.30000 1653.23
8696.40000 1653.66
8696.50000 1649.54
8696.60000 1643.72
8696.70000 1628.01
8696.80000 1652.07
8696.90000 1635.64
8697.00000 1663.78
8697.10000 1649.36
8697.20000 1648.69
8697.30000 1670.41
8697.40000 1647.48
8697.50000 1651.45
8697.60000 1651.04
8697.70000 1647.24
8697.80000 1629.46
8697.90000 1630.70
8698.00000 1653.72
8698.10000 1654.93
8698.20000 1654.78
8698.30000 1661.30
8698.40000 1674.23
8698.50000 1648.04
8698.60000 1650.27
8698.70000 1650.22
8698.80000 1675.12
8698.90000 1667.72
8699.00000 1657.48
8699.10000 1670.50
8699.20000 1666.62
8699.30000 1658.63
8699.40000 1653.34
8699.50000 1677.21
8699.60000 1665.43
8699.70000 1679.66
8699.80000 1674.46
8699.90000 1679.45
8700.00000 1655.42
8700.10000 1671.51
8700.20000 1676.54
8700.30000 1645.90
8700.40000 1668.65
8700.50000 1664.59
8700.60000 1684.01
8700.70000 1687.00
8700.80000 1683.09
8700.90000 1664.29
8701.00000 1669.47
8701.10000 1666.10
8701.20000 1676.87
8701.30000 1682.69
8701.40000 1672.37
8701.50000 1671.62
8701.60000 1661.98
8701.70000 1671.05
8701.80000 1684.55
8701.90000 1677.55
8702.00000 1665.55
8702.10000 1674.50
8702.20000 1666.94
8702.30000 1652.70
8702.40000 1659.31
8702.50000 1663.99
8702.60000 1645.08
8702.70000 1657.43
8702.80000 1657.22
8702.90000 1657.08
8703.00000 1670.10
8703.10000 1662.11
8703.20000 1667.76
8703.30000 1664.78
8703.40000 1672.94
8703.50000 1661.62
8703.60000 1657.23
8703.70000 1660.95
8703.80000 1645.57
8703.90000 1654.07
8704.00000 1654.62
8704.10000 1629.52
8704.20000 1655.05
8704.30000 1643.50
8704.40000 1638.16
8704.50000 1640.04
8704.60000 1652.47
8704.70000 1646.09
8704.80000 1646.79
8704.90000 1661.64
8705.00000 1656.57
8705.10000 1656.62
8705.20000 1645.37
8705.30000 1647.32
8705.40000 1667.91
8705.50000 1660.25
8705.60000 1654.54
8705.70000 1670.96
8705.80000 1657.65
8705.90000 1666.29
8706.00000 1672.26
8706.10000 1658.50
8706.20000 1656.48
8706.30000 1666.28
8706.40000 1666.18
8706.50000 1647.62
8706.60000 1664.01
8706.70000 1662.98
8706.80000 1665.68
8706.90000 1654.09
8707.00000 1679.03
8707.10000 1685.16
8707.20000 1685.78
8707.30000 1670.18
8707.40000 1680.16
8707.50000 1692.82
8707.60000 1687.59
8707.70000 1680.12
8707.80000 1705.71
8707.90000 1689.51
8708.00000 1681.70
8708.10000 1669.41
8708.20000 1676.50
8708.30000 1669.07
8708.40000 1688.16
8708.50000 1690.69
8708.60000 1670.57
8708.70000 1675.12
8708.80000 1699.71
8708.90000 1691.22
8709.00000 1681.81
8709.10000 1680.94
8709.20000 1697.73
8709.30000 1692.79
8709.40000 1700.44
8709.50000 1692.63
8709.60000 1692.17
8709.70000 1677.42
8709.80000 1674.61
8709.90000 1666.09
8710.00000 1677.29
8710.10000 1680.56
8710.20000 1690.32
8710.30000 1672.78
8710.40000 1675.56
8710.50000 1664.69
8710.60000 1670.73
8710.70000 1657.27
8710.80000 1678.38
8710.90000 1662.71
8711.00000 1651.22
8711.10000 1656.69
8711.20000 1660.41
8711.30000 1667.50
8711.40000 1648.03
8711.50000 1666.30
8711.60000 1658.61
8711.70000 1668.44
8711.80000 1636.37
8711.90000 1634.02
8712.00000 1650.23
8712.10000 1646.88
8712.20000 1651.93
8712.30000 1649.35
8712.40000 1650.03
8712.50000 1641.68
8712.60000 1644.61
8712.70000 1648.48
8712.80000 1641.75
8712.90000 1631.41
8713.00000 1655.09
8713.10000 1643.08
8713.20000 1652.73
8713.30000 1660.47
8713.40000 1654.73
8713.50000 1673.25
8713.60000 1662.61
8713.70000 1672.26
8713.80000 1656.99
8713.90000 1663.94
8714.00000 1676.58
8714.10000 1676.38
8714.20000 1668.96
8714.30000 1681.82
8714.40000 1667.13
8714.50000 1662.97
8714.60000 1680.77
8714.70000 1675.43
8714.80000 1672.97
8714.90000 1660.06
8715.00000 1688.98
8715.10000 1671.78
8715.20000 1688.78
8715.30000 1690.93
8715.40000 1692.73
8715.50000 1696.72
8715.60000 1705.98
8715.70000 1693.47
8715.80000 1714.09
8715.90000 1713.07
8716.00000 1701.65
8716.10000 1707.73
8716.20000 1707.34
8716.30000 1687.59
8716.40000 1680.70
8716.50000 1683.54
8716.60000 1698.92
8716.70000 1714.68
8716.80000 1712.04
8716.90000 1677.34
8717.00000 1697.97
8717.10000 1694.69
8717.20000 1696.52
8717.30000 1687.34
8717.40000 1684.31
8717.50000 1694.36
8717.60000 1677.94
8717.70000 1685.84
8717.80000 1693.77
8717.90000 1675.39
8718.00000 1669.32
8718.10000 1669.27
8718.20000 1678.03
8718.30000 1672.37
8718.40000 1675.66
8718.50000 1660.31
8718.60000 1661.78
8718.70000 1649.85
8718.80000 1659.06
8718.90000 1656.85
8719.00000 1651.66
8719.10000 1666.26
8719.20000 1653.03
8719.30000 1659.65
8719.40000 1666.97
8719.50000 1641.42
8719.60000 1655.65
8719.70000 1642.38
8719.80000 1649.29
8719.90000 1653.35
8720.00000 1644.27
8720.10000 1636.18
8720.20000 1645.51
8720.30000 1657.18
8720.40000 1654.23
8720.50000 1679.08
8720.60000 1657.86
8720.70000 1647.30
8720.80000 1646.51
8720.90000 1654.98
8721.00000 1637.28
8721.10000 1644.56
8721.20000 1641.08
8721.30000 1648.65
8721.40000 1644.02
8721.50000 1657.12
8721.60000 1651.66
8721.70000 1638.36
8721.80000 1652.37
8721.90000 1654.09
8722.00000 1642.71
8722.10000 1644.62
8722.20000 1651.81
8722.30000 1649.42
8722.40000 1643.94
8722.50000 1641.76
8722.60000 1666.92
8722.70000 1652.06
8722.80000 1652.37
8722.90000 1652.90
8723.00000 1662.36
8723.10000 1719.17
8723.20000 1731.95
8723.30000 1669.79
8723.40000 1677.46
8723.50000 1650.14
8723.60000 1646.99
8723.70000 1669.63
8723.80000 1682.74
8723.90000 1644.30
8724.00000 1672.24
8724.10000 1664.65
8724.20000 1669.32
8724.30000 1655.96
8724.40000 1655.09
8724.50000 1648.73
8724.60000 1653.44
8724.70000 1652.49
8724.80000 1659.60
8724.90000 1658.92
8725.00000 1655.95
8725.10000 1660.27
8725.20000 1649.99
8725.30000 1653.80
8725.40000 1655.52
8725.50000 1654.86
8725.60000 1658.70
8725.70000 1664.54
8725.80000 1657.83
8725.90000 1646.04
8726.00000 1657.21
8726.10000 1648.67
8726.20000 1639.55
8726.30000 1632.50
8726.40000 1652.56
8726.50000 1656.17
8726.60000 1657.03
8726.70000 1635.68
8726.80000 1632.14
8726.90000 1651.68
8727.00000 1623.92
8727.10000 1630.86
8727.20000 1617.93
8727.30000 1661.02
8727.40000 1638.71
8727.50000 1633.86
8727.60000 1631.28
8727.70000 1638.59
8727.80000 1617.33
8727.90000 1631.83
8728.00000 1630.07
8728.10000 1614.06
8728.20000 1635.39
8728.30000 1613.36
8728.40000 1619.81
8728.50000 1614.86
8728.60000 1605.81
8728.70000 1629.66
8728.80000 1629.32
8728.90000 1613.24
8729.00000 1586.69
8729.10000 1624.14
8729.20000 1595.65
8729.30000 1628.95
8729.40000 1621.89
8729.50000 1619.56
8729.60000 1642.94
8729.70000 1619.71
8729.80000 1625.61
8729.90000 1602.95
8730.00000 1624.33
8730.10000 1636.12
8730.20000 1618.97
8730.30000 1631.69
8730.40000 1637.24
8730.50000 1626.68
8730.60000 1610.05
8730.70000 1632.78
8730.80000 1613.63
8730.90000 1628.18
8731.00000 1626.40
8731.10000 1608.67
8731.20000 1622.33
8731.30000 1612.00
8731.40000 1616.68
8731.50000 1616.06
8731.60000 1628.05
8731.70000 1632.43
8731.80000 1627.31
8731.90000 1640.45
8732.00000 1624.54
8732.10000 1634.36
8732.20000 1623.68
8732.30000 1613.75
8732.40000 1615.95
8732.50000 1605.63
8732.60000 1636.28
8732.70000 1626.33
8732.80000 1607.83
8732.90000 1616.39
8733.00000 1635.07
8733.10000 1641.43
8733.20000 1616.25
8733.30000 1630.33
8733.40000 1621.41
8733.50000 1636.37
8733.60000 1638.15
8733.70000 1611.77
8733.80000 1621.98
8733.90000 1631.79
8734.00000 1602.97
8734.10000 1637.14
8734.20000 1631.40
8734.30000 1606.75
8734.40000 1617.66
8734.50000 1628.14
8734.60000 1636.42
8734.70000 1618.19
8734.80000 1616.36
8734.90000 1633.13
8735.00000 1613.07
8735.10000 1605.48
8735.20000 1603.69
8735.30000 1624.17
8735.40000 1590.51
8735.50000 1625.08
8735.60000 1621.21
8735.70000 1594.78
8735.80000 1615.83
8735.90000 1612.44
8736.00000 1624.19
8736.10000 1611.90
8736.20000 1603.48
8736.30000 1595.58
8736.40000 1585.68
8736.50000 1598.82
8736.60000 1604.48
8736.70000 1600.79
8736.80000 1591.32
8736.90000 1592.05
8737.00000 1612.54
8737.10000 1604.20
8737.20000 1611.97
8737.30000 1585.28
8737.40000 1603.01
8737.50000 1602.80
8737.60000 1605.96
8737.70000 1610.07
8737.80000 1646.61
8737.90000 1613.68
8738.00000 1591.96
8738.10000 1606.71
8738.20000 1610.52
8738.30000 1590.34
8738.40000 1609.43
8738.50000 1606.83
8738.60000 1595.04
8738.70000 1607.91
8738.80000 1597.26
8738.90000 1615.67
8739.00000 1586.67
8739.10000 1611.38
8739.20000 1597.41
8739.30000 1575.06
8739.40000 1589.08
8739.50000 1597.90
8739.60000 1595.65
8739.70000 1595.39
8739.80000 1605.73
8739.90000 1592.72
8740.00000 1592.22
8740.10000 1588.40
8740.20000 1581.53
8740.30000 1592.43
8740.40000 1619.08
8740.50000 1621.80
8740.60000 1683.16
8740.70000 1616.54
8740.80000 1590.35
8740.90000 1593.28
8741.00000 1590.21
8741.10000 1594.10
8741.20000 1591.41
8741.30000 1601.95
8741.40000 1586.94
8741.50000 1588.65
8741.60000 1600.72
8741.70000 1569.25
8741.80000 1583.25
8741.90000 1587.70
8742.00000 1607.05
8742.10000 1600.61
8742.20000 1586.77
8742.30000 1586.50
8742.40000 1595.88
8742.50000 1602.00
8742.60000 1592.93
8742.70000 1593.25
8742.80000 1606.56
8742.90000 1601.46
8743.00000 1831.13
8743.10000 1634.86
8743.20000 1625.59
8743.30000 1619.38
8743.40000 1594.41
8743.50000 1609.55
8743.60000 1621.98
8743.70000 1605.50
8743.80000 1611.68
8743.90000 1609.87
8744.00000 1602.36
8744.10000 1610.24
8744.20000 1625.28
8744.30000 1636.86
8744.40000 1641.45
8744.50000 1636.33
8744.60000 1639.33
8744.70000 1643.12
8744.80000 1650.92
8744.90000 1653.99
8745.00000 1644.40
8745.10000 1642.22
8745.20000 1640.44
8745.30000 1674.94
8745.40000 1675.56
8745.50000 1680.99
8745.60000 1681.65
8745.70000 1670.54
8745.80000 1693.43
8745.90000 1700.73
8746.00000 1696.20
8746.10000 1680.04
8746.20000 1709.48
8746.30000 1714.32
8746.40000 1725.03
8746.50000 1724.66
8746.60000 1736.39
8746.70000 1719.50
8746.80000 1746.63
8746.90000 1747.02
8747.00000 1791.78
8747.10000 1777.20
8747.20000 1798.48
8747.30000 1798.24
8747.40000 1801.39
8747.50000 1826.44
8747.60000 1850.73
8747.70000 1833.38
8747.80000 1858.18
8747.90000 1872.22
8748.00000 1880.00
8748.10000 1881.70
8748.20000 1913.90
8748.30000 1903.82
8748.40000 1891.63
8748.50000 1902.17
8748.60000 1895.90
8748.70000 1943.19
8748.80000 1909.61
8748.90000 1888.46
8749.00000 1866.24
8749.10000 1884.93
8749.20000 1861.64
8749.30000 1840.60
8749.40000 1825.22
8749.50000 1855.53
8749.60000 1819.38
8749.70000 1810.59
8749.80000 1834.49
8749.90000 1804.93
8750.00000 1794.98
8750.10000 1811.07
8750.20000 1807.55
8750.30000 1785.40
8750.40000 1773.43
8750.50000 1762.95
8750.60000 1763.17
8750.70000 1754.29
8750.80000 1779.28
8750.90000 1781.14
8751.00000 1774.08
8751.10000 1773.33
8751.20000 1766.17
8751.30000 1773.27
8751.40000 1784.79
8751.50000 1757.76
8751.60000 1748.36
8751.70000 1786.90
8751.80000 1767.23
8751.90000 1791.22
8752.00000 1777.06
8752.10000 1790.36
8752.20000 1766.48
8752.30000 1753.12
8752.40000 1755.53
8752.50000 1775.87
8752.60000 1808.79
8752.70000 1810.80
8752.80000 1767.25
8752.90000 1788.41
8753.00000 1817.55
8753.10000 1815.62
8753.20000 1798.02
8753.30000 1806.64
8753.40000 1820.59
8753.50000 1829.98
8753.60000 1827.37
8753.70000 1821.36
8753.80000 1814.90
8753.90000 1849.97
8754.00000 1851.19
8754.10000 1857.73
8754.20000 1873.51
8754.30000 1882.69
8754.40000 1848.93
8754.50000 1874.89
8754.60000 1858.51
8754.70000 1811.04
8754.80000 1834.39
8754.90000 1850.95
8755.00000 1832.88
8755.10000 1813.85
8755.20000 1822.79
8755.30000 1846.89
8755.40000 1817.15
8755.50000 1798.97
8755.60000 1793.60
8755.70000 1781.30
8755.80000 1777.90
8755.90000 1757.25
8756.00000 1756.18
8756.10000 1726.62
8756.20000 1739.20
8756.30000 1728.45
8756.40000 1730.22
8756.50000 1739.44
8756.60000 1695.54
8756.70000 1717.35
8756.80000 1692.94
8756.90000 1682.04
8757.00000 1678.67
8757.10000 1687.25
8757.20000 1687.28
8757.30000 1670.40
8757.40000 1669.57
8757.50000 1646.95
8757.60000 1639.83
8757.70000 1643.62
8757.80000 1639.79
8757.90000 1638.68
8758.00000 1645.67
8758.10000 1635.00
8758.20000 1628.25
8758.30000 1624.47
8758.40000 1604.79
8758.50000 1586.78
8758.60000 1586.38
8758.70000 1587.54
8758.80000 1599.18
8758.90000 1590.49
8759.00000 1605.07
8759.10000 1589.59
8759.20000 1577.08
8759.30000 1579.92
8759.40000 1592.66
8759.50000 1605.83
8759.60000 1606.64
8759.70000 1616.36
8759.80000 1590.98
8759.90000 1593.72
8760.00000 1580.27
8760.10000 1600.63
8760.20000 1595.96
8760.30000 1576.71
8760.40000 1583.70
8760.50000 1580.17
8760.60000 1596.42
8760.70000 1587.00
8760.80000 1586.76
8760.90000 1572.99
8761.00000 1564.35
8761.10000 1579.74
8761.20000 1577.10
8761.30000 1590.93
8761.40000 1606.61
8761.50000 1564.07
8761.60000 1573.47
8761.70000 1576.15
8761.80000 1583.73
8761.90000 1557.59
8762.00000 1526.78
8762.10000 1613.96
8762.20000 1600.73
8762.30000 1583.06
8762.40000 1583.45
8762.50000 1591.82
8762.60000 1575.42
8762.70000 1559.32
8762.80000 1562.86
8762.90000 1566.24
8763.00000 1587.20
8763.10000 1588.80
8763.20000 1601.19
8763.30000 1599.16
8763.40000 1567.75
8763.50000 1573.73
8763.60000 1580.91
8763.70000 1576.81
8763.80000 1584.26
8763.90000 1586.56
8764.00000 1591.99
8764.10000 1545.53
8764.20000 1591.18
8764.30000 1582.36
8764.40000 1549.70
8764.50000 1520.89
8764.60000 1540.83
8764.70000 1572.81
8764.80000 1584.63
8764.90000 1587.53
8765.00000 1586.81
8765.10000 1583.66
8765.20000 1600.83
8765.30000 1568.10
8765.40000 1602.72
8765.50000 1620.75
8765.60000 1590.80
8765.70000 1583.01
8765.80000 1590.31
8765.90000 1606.58
8766.00000 1598.90
8766.10000 1587.03
8766.20000 1589.50
8766.30000 1582.67
8766.40000 1590.72
8766.50000 1568.95
8766.60000 1556.45
8766.70000 1586.48
8766.80000 1588.17
8766.90000 1570.86
8767.00000 1602.71
8767.10000 1586.12
8767.20000 1596.21
8767.30000 1591.23
8767.40000 1615.47
8767.50000 1593.63
8767.60000 1609.61
8767.70000 1577.29
8767.80000 1602.45
8767.90000 1586.11
8768.00000 1585.49
8768.10000 1583.90
8768.20000 1584.07
8768.30000 1562.51
8768.40000 1559.72
8768.50000 1545.63
8768.60000 1546.55
8768.70000 1659.42
8768.80000 1623.83
8768.90000 1584.14
8769.00000 1593.73
8769.10000 1590.47
8769.20000 1581.22
8769.30000 1613.66
8769.40000 1549.99
8769.50000 1571.33
8769.60000 1598.85
8769.70000 1574.68
8769.80000 1596.43
8769.90000 1574.06
8770.00000 1571.47
8770.10000 1594.01
8770.20000 1602.54
8770.30000 1589.97
8770.40000 1560.36
8770.50000 1568.77
8770.60000 1566.05
8770.70000 1578.63
8770.80000 1550.67
8770.90000 1575.44
8771.00000 1573.69
8771.10000 1585.06
8771.20000 1585.25
8771.30000 1563.58
8771.40000 1570.85
8771.50000 1596.18
8771.60000 1594.27
8771.70000 1555.38
8771.80000 1596.62
8771.90000 1592.05
8772.00000 1588.66
8772.10000 1594.49
8772.20000 1587.53
8772.30000 1595.53
8772.40000 1597.76
8772.50000 1586.29
8772.60000 1572.11
8772.70000 1564.52
8772.80000 1580.13
8772.90000 1575.10
8773.00000 1581.88
8773.10000 1578.04
8773.20000 1583.74
8773.30000 1578.84
8773.40000 1576.01
8773.50000 1590.22
8773.60000 1568.74
8773.70000 1571.85
8773.80000 1584.69
8773.90000 1567.21
8774.00000 1521.81
8774.10000 1543.59
8774.20000 1576.71
8774.30000 1575.64
8774.40000 1573.41
8774.50000 1563.52
8774.60000 1543.53
8774.70000 1564.72
8774.80000 1539.91
8774.90000 1567.97
8775.00000 1563.74
8775.10000 1567.52
8775.20000 1579.97
8775.30000 1546.01
8775.40000 1554.56
8775.50000 1551.13
8775.60000 1558.91
8775.70000 1570.74
8775.80000 1567.70
8775.90000 1566.74
8776.00000 1573.10
8776.10000 1581.81
8776.20000 1547.12
8776.30000 1560.01
8776.40000 1537.61
8776.50000 1563.98
8776.60000 1574.03
8776.70000 1553.51
8776.80000 1568.39
8776.90000 1540.61
8777.00000 1608.98
8777.10000 1565.23
8777.20000 1546.48
8777.30000 1549.21
8777.40000 1556.36
8777.50000 1564.90
8777.60000 1584.22
8777.70000 1538.90
8777.80000 1549.61
8777.90000 1564.90
8778.00000 1561.73
8778.10000 1586.37
8778.20000 1564.22
8778.30000 1548.90
8778.40000 1556.56
8778.50000 1531.44
8778.60000 1570.57
8778.70000 1565.27
8778.80000 1579.46
8778.90000 1559.69
8779.00000 1570.40
8779.10000 1605.28
8779.20000 1601.45
8779.30000 1572.68
8779.40000 1539.09
8779.50000 1535.73
8779.60000 1571.86
8779.70000 1537.29
8779.80000 1562.47
8779.90000 1549.67
8780.00000 1536.82
8780.10000 1570.98
8780.20000 1551.63
8780.30000 1590.46
8780.40000 1560.39
8780.50000 1539.45
8780.60000 1560.88
8780.70000 1540.32
8780.80000 1543.54
8780.90000 1534.33
8781.00000 1529.51
8781.10000 1551.03
8781.20000 1522.99
8781.30000 1577.18
8781.40000 1559.27
8781.50000 1547.20
8781.60000 1580.62
8781.70000 1559.81
8781.80000 1564.26
8781.90000 1552.49
8782.00000 1564.36
8782.10000 1563.85
8782.20000 1547.61
8782.30000 1572.53
8782.40000 1566.91
8782.50000 1559.87
8782.60000 1557.46
8782.70000 1553.58
8782.80000 1561.16
8782.90000 1552.48
8783.00000 1562.61
8783.10000 1531.33
8783.20000 1543.82
8783.30000 1525.96
8783.40000 1561.54
8783.50000 1563.45
8783.60000 1516.34
8783.70000 1540.35
8783.80000 1550.39
8783.90000 1565.25
8784.00000 1570.50
8784.10000 1546.04
8784.20000 1551.04
8784.30000 1514.37
8784.40000 1538.88
8784.50000 1547.23
8784.60000 1584.01
8784.70000 1536.89
8784.80000 1563.84
8784.90000 1579.73
8785.00000 1521.70
8785.10000 1557.68
8785.20000 1532.03
8785.30000 1549.41
8785.40000 1554.69
8785.50000 1584.26
8785.60000 1551.48
8785.70000 1533.42
8785.80000 1560.86
8785.90000 1516.13
8786.00000 1552.73
8786.10000 1548.94
8786.20000 1554.60
8786.30000 1532.57
8786.40000 1532.61
8786.50000 1533.25
8786.60000 1589.77
8786.70000 1534.11
8786.80000 1531.54
8786.90000 1565.13
8787.00000 1583.30
8787.10000 29.34
8787.20000 0.00
8787.30000 0.00
8787.40000 0.00
8787.50000 0.00
8787.60000 0.00
8787.70000 0.00
8787.80000 0.00
8787.90000 0.00
8788.00000 0.00
8788.10000 0.00
8788.20000 0.00
8788.30000 0.00
8788.40000 0.00
8788.50000 0.00
8788.60000 0.00
8788.70000 0.00
8788.80000 0.00
8788.90000 0.00
8789.00000 0.00
8789.10000 0.00
8789.20000 0.00
8789.30000 0.00
8789.40000 0.00
8789.50000 0.00
8789.60000 0.00
8789.70000 0.00
8789.80000 0.00
8789.90000 0.00
8790.00000 0.00
8790.10000 0.00
8790.20000 0.00
8790.30000 0.00
8790.40000 0.00
8790.50000 0.00
8790.60000 0.00
8790.70000 0.00
8790.80000 0.00
8790.90000 0.00
8791.00000 0.00
8791.10000 0.00
8791.20000 0.00
8791.30000 0.00
8791.40000 0.00
8791.50000 0.00
8791.60000 0.00
8791.70000 0.00
8791.80000 0.00
8791.90000 0.00
8792.00000 0.00
8792.10000 0.00
8792.20000 0.00
8792.30000 0.00
8792.40000 0.00
8792.50000 0.00
8792.60000 0.00
8792.70000 0.00
8792.80000 0.00
8792.90000 0.00
8793.00000 0.00
8793.10000 0.00
8793.20000 0.00
8793.30000 0.00
8793.40000 0.00
8793.50000 0.00
8793.60000 0.00
8793.70000 0.00
8793.80000 0.00
8793.90000 0.00
8794.00000 0.00
8794.10000 0.00
8794.20000 0.00
8794.30000 0.00
8794.40000 0.00
8794.50000 0.00
8794.60000 0.00
8794.70000 0.00
8794.80000 0.00
8794.90000 0.00
8795.00000 0.00
8795.10000 95.73
8795.20000 1574.94
8795.30000 1540.50
8795.40000 1540.43
8795.50000 1545.55
8795.60000 1545.21
8795.70000 1554.35
8795.80000 1541.60
8795.90000 1550.19
8796.00000 1532.67
8796.10000 1528.77
8796.20000 1560.35
8796.30000 1565.71
8796.40000 1558.52
8796.50000 1562.46
8796.60000 1535.49
8796.70000 1575.95
8796.80000 1537.88
8796.90000 1531.47
8797.00000 1560.75
8797.10000 1572.43
8797.20000 1564.72
8797.30000 1585.20
8797.40000 1568.80
8797.50000 1566.79
8797.60000 1546.82
8797.70000 1555.30
8797.80000 1541.26
8797.90000 1559.53
8798.00000 1537.69
8798.10000 1553.78
8798.20000 1535.92
8798.30000 1555.85
8798.40000 1566.66
8798.50000 1553.60
8798.60000 1569.18
8798.70000 1553.19
8798.80000 1537.96
8798.90000 1570.83
8799.00000 1550.62
8799.10000 1547.05
8799.20000 1534.29
8799.30000 1560.21
8799.40000 1528.67
8799.50000 1555.29
8799.60000 1564.14
8799.70000 1570.66
8799.80000 1562.78
8799.90000 1554.10
8800.00000 1571.69
8800.10000 1562.77
8800.20000 1577.89
8800.30000 1572.24
8800.40000 1554.87
8800.50000 1562.25
8800.60000 1548.80
8800.70000 1525.03
8800.80000 1507.02
8800.90000 1555.50
8801.00000 1570.77
8801.10000 1590.17
8801.20000 1571.90
8801.30000 1547.99
8801.40000 1551.83
8801.50000 1564.89
8801.60000 1583.72
8801.70000 1575.86
8801.80000 1608.15
8801.90000 1587.32
8802.00000 1600.12
8802.10000 1564.43
8802.20000 1573.43
8802.30000 1577.95
8802.40000 1584.33
8802.50000 1598.98
8802.60000 1601.50
8802.70000 1613.36
8802.80000 1621.09
8802.90000 1594.89
8803.00000 1604.26
8803.10000 1615.63
8803.20000 1592.85
8803.30000 1637.08
8803.40000 1618.87
8803.50000 1618.26
8803.60000 1612.41
8803.70000 1626.79
8803.80000 1614.11
8803.90000 1621.17
8804.00000 1633.72
8804.10000 1627.70
8804.20000 1591.03
8804.30000 1537.82
8804.40000 1597.62
8804.50000 1580.88
8804.60000 1609.03
8804.70000 1593.81
8804.80000 1568.77
8804.90000 1615.33
8805.00000 1596.25
8805.10000 1565.60
8805.20000 1583.94
8805.30000 1598.62
8805.40000 1576.58
8805.50000 1586.11
8805.60000 1592.72
8805.70000 1597.64
8805.80000 1612.26
8805.90000 1602.47
8806.00000 1601.73
8806.10000 1607.16
8806.20000 1605.82
8806.30000 1599.72
8806.40000 1570.17
8806.50000 1560.87
8806.60000 1591.31
8806.70000 1586.48
8806.80000 1618.43
8806.90000 1618.65
8807.00000 1601.72
8807.10000 1578.00
8807.20000 1587.39
8807.30000 1565.61
8807.40000 1573.27
8807.50000 1590.85
8807.60000 1568.84
8807.70000 1558.33
8807.80000 1588.98
8807.90000 1568.13
8808.00000 1586.35
8808.10000 1556.72
8808.20000 1587.24
8808.30000 1614.34
8808.40000 1598.73
8808.50000 1575.51
8808.60000 1602.16
8808.70000 1597.11
8808.80000 1592.18
8808.90000 1611.46
8809.00000 1597.99
8809.10000 1584.42
8809.20000 1592.07
8809.30000 1591.83
8809.40000 1602.23
8809.50000 1595.24
8809.60000 1587.46
8809.70000 1610.33
8809.80000 1612.22
8809.90000 1625.19
8810.00000 1576.32
8810.10000 1603.66
8810.20000 1585.28
8810.30000 1588.81
8810.40000 1611.25
8810.50000 1626.22
8810.60000 1621.39
8810.70000 1573.28
8810.80000 1594.20
8810.90000 1640.56
8811.00000 1619.35
8811.10000 1604.34
8811.20000 1616.32
8811.30000 1608.05
8811.40000 1596.34
8811.50000 1614.83
8811.60000 1628.02
8811.70000 1620.46
8811.80000 1629.85
8811.90000 1614.74
8812.00000 1644.34
8812.10000 1615.73
8812.20000 1625.28
8812.30000 1622.26
8812.40000 1590.20
8812.50000 1546.27
8812.60000 1575.49
8812.70000 1604.64
8812.80000 1614.25
8812.90000 1614.93
8813.00000 1591.92
8813.10000 1619.37
8813.20000 1596.29
8813.30000 1601.04
8813.40000 1617.25
8813.50000 1601.41
8813.60000 1597.87
8813.70000 1620.12
8813.80000 1627.71
8813.90000 1587.48
8814.00000 1608.30
8814.10000 1593.98
8814.20000 1579.00
8814.30000 1589.34
8814.40000 1572.72
8814.50000 1572.06
8814.60000 1577.12
8814.70000 1571.59
8814.80000 1574.05
8814.90000 1596.85
8815.00000 1573.21
8815.10000 1564.13
8815.20000 1581.72
8815.30000 1578.06
8815.40000 1563.38
8815.50000 1573.86
8815.60000 1575.21
8815.70000 1553.88
8815.80000 1545.29
8815.90000 1555.38
8816.00000 1561.57
8816.10000 1541.11
8816.20000 1557.04
8816.30000 1557.31
8816.40000 1550.69
8816.50000 1565.23
8816.60000 1561.43
8816.70000 1559.77
8816.80000 1552.07
8816.90000 1568.51
8817.00000 1561.01
8817.10000 1582.55
8817.20000 1570.90
8817.30000 1545.42
8817.40000 1567.95
8817.50000 1564.76
8817.60000 1557.71
8817.70000 1560.69
8817.80000 1538.37
8817.90000 1569.32
8818.00000 1562.38
8818.10000 1552.46
8818.20000 1549.44
8818.30000 1547.97
8818.40000 1549.65
8818.50000 1560.56
8818.60000 1562.54
8818.70000 1557.05
8818.80000 1553.80
8818.90000 1561.48
8819.00000 1554.12
8819.10000 1576.97
8819.20000 1560.80
8819.30000 1544.56
8819.40000 1550.01
8819.50000 1577.23
8819.60000 1589.47
8819.70000 1579.65
8819.80000 1576.89
8819.90000 1532.09
8820.00000 1540.81
8820.10000 1566.59
8820.20000 1581.49
8820.30000 1586.60
8820.40000 1588.88
8820.50000 1584.48
8820.60000 1568.91
8820.70000 1580.38
8820.80000 1573.00
8820.90000 1529.14
8821.00000 1495.23
8821.10000 1538.19
8821.20000 1563.49
8821.30000 1562.67
8821.40000 1548.87
8821.50000 1558.99
8821.60000 1559.65
8821.70000 1567.84
8821.80000 1593.65
8821.90000 1539.70
8822.00000 1564.63
8822.10000 1577.87
8822.20000 1535.48
8822.30000 1551.99
8822.40000 1549.10
8822.50000 1569.62
8822.60000 1578.03
8822.70000 1566.29
8822.80000 1552.38
8822.90000 1569.40
8823.00000 1563.65
8823.10000 1545.09
8823.20000 1537.60
8823.30000 1547.45
8823.40000 1566.30
8823.50000 1549.32
8823.60000 1554.34
8823.70000 1550.81
8823.80000 1549.14
8823.90000 1562.22
8824.00000 1545.69
8824.10000 1563.29
8824.20000 1552.23
8824.30000 1558.14
8824.40000 1569.08
8824.50000 1565.64
8824.60000 1545.36
8824.70000 1540.06
8824.80000 1561.18
8824.90000 1565.84
8825.00000 1575.79
8825.10000 1573.48
8825.20000 1567.01
8825.30000 1565.90
8825.40000 1554.66
8825.50000 1536.28
8825.60000 1534.47
8825.70000 1549.97
8825.80000 1540.02
8825.90000 1541.52
8826.00000 1546.55
8826.10000 1572.43
8826.20000 1561.16
8826.30000 1534.26
8826.40000 1552.26
8826.50000 1554.24
8826.60000 1554.93
8826.70000 1562.08
8826.80000 1564.14
8826.90000 1563.32
8827.00000 1548.17
8827.10000 1559.27
8827.20000 1554.67
8827.30000 1546.45
8827.40000 1570.54
8827.50000 1558.52
8827.60000 1551.97
8827.70000 1565.72
8827.80000 1702.56
8827.90000 1681.49
8828.00000 1572.43
8828.10000 1555.84
8828.20000 1558.27
8828.30000 1569.82
8828.40000 1585.23
8828.50000 1569.70
8828.60000 1560.07
8828.70000 1574.18
8828.80000 1545.33
8828.90000 1583.94
8829.00000 1566.04
8829.10000 1577.75
8829.20000 1586.47
8829.30000 1573.55
8829.40000 1562.99
8829.50000 1575.20
8829.60000 1567.68
8829.70000 1560.13
8829.80000 1568.41
8829.90000 1551.81
8830.00000 1557.33
8830.10000 1576.36
8830.20000 1546.05
8830.30000 1576.64
8830.40000 1596.20
8830.50000 1581.92
8830.60000 1554.88
8830.70000 1561.72
8830.80000 1577.89
8830.90000 1557.94
8831.00000 1550.77
8831.10000 1560.68
8831.20000 1581.26
8831.30000 1560.01
8831.40000 1561.24
8831.50000 1588.62
8831.60000 1573.48
8831.70000 1563.30
8831.80000 1569.04
8831.90000 1535.64
8832.00000 1494.02
8832.10000 1537.28
8832.20000 1560.20
8832.30000 1560.15
8832.40000 1578.65
8832.50000 1548.20
8832.60000 1571.00
8832.70000 1576.58
8832.80000 1568.17
8832.90000 1570.46
8833.00000 1573.31
8833.10000 1571.68
8833.20000 1567.83
8833.30000 1562.86
8833.40000 1556.86
8833.50000 1567.05
8833.60000 1554.37
8833.70000 1543.62
8833.80000 1573.17
8833.90000 1567.92
8834.00000 1568.99
8834.10000 1550.02
8834.20000 1569.41
8834.30000 1554.07
8834.40000 1555.39
8834.50000 1565.86
8834.60000 1542.99
8834.70000 1552.35
8834.80000 1565.39
8834.90000 1556.99
8835.00000 1568.84
8835.10000 1564.78
8835.20000 1550.56
8835.30000 1555.17
8835.40000 1530.43
8835.50000 1544.50
8835.60000 1536.41
8835.70000 1538.90
8835.80000 1559.63
8835.90000 1540.57
8836.00000 1540.62
8836.10000 1550.61
8836.20000 1532.71
8836.30000 1559.86
8836.40000 1552.44
8836.50000 1519.86
8836.60000 1515.41
8836.70000 1546.05
8836.80000 1558.01
8836.90000 1554.08
8837.00000 1554.66
8837.10000 1596.66
8837.20000 1553.58
8837.30000 1568.38
8837.40000 1541.76
8837.50000 1536.10
8837.60000 1532.70
8837.70000 1511.11
8837.80000 1546.85
8837.90000 1543.08
8838.00000 1547.00
8838.10000 1553.17
8838.20000 1568.17
8838.30000 1540.22
8838.40000 1533.27
8838.50000 1540.55
8838.60000 1536.21
8838.70000 1538.06
8838.80000 1564.20
8838.90000 1543.26
8839.00000 1522.67
8839.10000 1520.83
8839.20000 1519.42
8839.30000 1519.89
8839.40000 1534.69
8839.50000 1516.65
8839.60000 1539.34
8839.70000 1540.27
8839.80000 1525.51
8839.90000 1536.99
8840.00000 1533.53
8840.10000 1544.77
8840.20000 1526.78
8840.30000 1533.68
8840.40000 1541.76
8840.50000 1548.67
8840.60000 1563.67
8840.70000 1563.79
8840.80000 1548.10
8840.90000 1544.51
8841.00000 1536.50
8841.10000 1555.70
8841.20000 1559.67
8841.30000 1545.26
8841.40000 1549.93
8841.50000 1541.69
8841.60000 1548.94
8841.70000 1547.37
8841.80000 1538.92
8841.90000 1547.58
8842.00000 1563.50
8842.10000 1548.22
8842.20000 1538.51
8842.30000 1561.83
8842.40000 1543.82
8842.50000 1536.01
8842.60000 1520.47
8842.70000 1544.77
8842.80000 1543.90
8842.90000 1529.67
8843.00000 1547.75
8843.10000 1547.57
8843.20000 1518.40
8843.30000 1527.30
8843.40000 1549.93
8843.50000 1541.99
8843.60000 1536.10
8843.70000 1538.42
8843.80000 1548.44
8843.90000 1532.31
8844.00000 1524.25
8844.10000 1540.33
8844.20000 1543.73
8844.30000 1545.82
8844.40000 1528.70
8844.50000 1547.91
8844.60000 1549.18
8844.70000 1542.57
8844.80000 1534.47
8844.90000 1536.00
8845.00000 1536.32
8845.10000 1544.32
8845.20000 1535.57
8845.30000 1502.66
8845.40000 1526.53
8845.50000 1546.16
8845.60000 1536.93
8845.70000 1529.64
8845.80000 1525.83
8845.90000 1536.06
8846.00000 1551.81
8846.10000 1532.34
8846.20000 1524.50
8846.30000 1519.66
8846.40000 1533.39
8846.50000 1522.31
8846.60000 1519.62
8846.70000 1526.59
8846.80000 1470.40
8846.90000 1504.57
8847.00000 1511.18
8847.10000 1525.52
8847.20000 1549.73
8847.30000 1540.64
8847.40000 1543.58
8847.50000 1512.60
8847.60000 1518.11
8847.70000 1538.80
8847.80000 1537.41
8847.90000 1527.91
8848.00000 1528.51
8848.10000 1510.17
8848.20000 1512.76
8848.30000 1536.95
8848.40000 1517.15
8848.50000 1511.51
8848.60000 1525.83
8848.70000 1525.69
8848.80000 1512.14
8848.90000 1507.74
8849.00000 1524.61
8849.10000 1508.89
8849.20000 1516.15
8849.30000 1530.65
8849.40000 1521.76
8849.50000 1518.38
8849.60000 1533.63
8849.70000 1516.94
8849.80000 1521.38
8849.90000 1512.60
8850.00000 1512.30
8850.10000 1513.51
8850.20000 1501.24
8850.30000 1521.19
8850.40000 1511.13
8850.50000 1513.70
8850.60000 1524.13
8850.70000 1514.56
8850.80000 1488.77
8850.90000 1505.02
8851.00000 1515.01
8851.10000 1509.31
8851.20000 1517.76
8851.30000 1521.71
8851.40000 1528.82
8851.50000 1521.64
8851.60000 1518.05
8851.70000 1501.95
8851.80000 1500.62
8851.90000 1486.28
8852.00000 1499.80
8852.10000 1497.76
8852.20000 1520.16
8852.30000 1512.95
8852.40000 1490.41
8852.50000 1494.79
8852.60000 1509.26
8852.70000 1502.92
8852.80000 1510.05
8852.90000 1510.58
8853.00000 1499.88
8853.10000 1445.76
8853.20000 1436.36
8853.30000 1496.61
8853.40000 1483.57
8853.50000 1500.44
8853.60000 1484.84
8853.70000 1510.17
8853.80000 1499.79
8853.90000 1496.61
8854.00000 1485.72
8854.10000 1498.41
8854.20000 1503.49
8854.30000 1489.14
8854.40000 1503.15
8854.50000 1521.01
8854.60000 1526.79
8854.70000 1482.95
8854.80000 1502.24
8854.90000 1490.98
8855.00000 1493.33
8855.10000 1493.05
8855.20000 1518.15
8855.30000 1517.52
8855.40000 1503.17
8855.50000 1495.22
8855.60000 1517.38
8855.70000 1512.02
8855.80000 1508.52
8855.90000 1513.57
8856.00000 1513.22
8856.10000 1501.48
8856.20000 1519.72
8856.30000 1532.53
8856.40000 1533.67
8856.50000 1526.88
8856.60000 1517.10
8856.70000 1536.74
8856.80000 1533.50
8856.90000 1537.04
8857.00000 1540.82
8857.10000 1544.94
8857.20000 1532.74
8857.30000 1542.99
8857.40000 1553.76
8857.50000 1543.64
8857.60000 1551.46
8857.70000 1556.98
8857.80000 1578.54
8857.90000 1554.59
8858.00000 1548.47
8858.10000 1500.84
8858.20000 1533.57
8858.30000 1574.06
8858.40000 1543.77
8858.50000 1457.36
8858.60000 1546.91
8858.70000 1599.20
8858.80000 1637.44
8858.90000 1639.17
8859.00000 1719.95
8859.10000 1764.90
8859.20000 1664.09
8859.30000 1675.59
8859.40000 1666.49
8859.50000 1647.51
8859.60000 1519.96
8859.70000 1590.38
8859.80000 1693.57
8859.90000 1727.23
8860.00000 1763.21
8860.10000 1774.32
8860.20000 1772.48
8860.30000 1781.71
8860.40000 1778.69
8860.50000 1782.83
8860.60000 1800.43
8860.70000 1797.64
8860.80000 1839.83
8860.90000 1828.48
8861.00000 1818.80
8861.10000 1831.21
8861.20000 1808.37
8861.30000 1799.02
8861.40000 1785.77
8861.50000 1787.90
8861.60000 1772.02
8861.70000 1762.16
8861.80000 1754.93
8861.90000 1731.94
8862.00000 1748.83
8862.10000 1736.16
8862.20000 1737.73
8862.30000 1726.94
8862.40000 1729.90
8862.50000 1725.14
8862.60000 1717.58
8862.70000 1699.22
8862.80000 1705.06
8862.90000 1707.42
8863.00000 1690.58
8863.10000 1732.12
8863.20000 1698.61
8863.30000 1697.96
8863.40000 1681.24
8863.50000 1683.29
8863.60000 1693.62
8863.70000 1700.39
8863.80000 1710.36
8863.90000 1710.60
8864.00000 1708.23
8864.10000 1712.26
8864.20000 1705.28
8864.30000 1696.51
8864.40000 1704.80
8864.50000 1716.21
8864.60000 1733.85
8864.70000 1723.49
8864.80000 1711.94
8864.90000 1718.21
8865.00000 1733.46
8865.10000 1733.40
8865.20000 1695.14
8865.30000 1721.61
8865.40000 1728.65
8865.50000 1737.03
8865.60000 1742.11
8865.70000 1748.72
8865.80000 1735.40
8865.90000 1736.94
8866.00000 1745.42
8866.10000 1768.86
8866.20000 1753.71
8866.30000 1760.93
8866.40000 1789.42
8866.50000 1790.75
8866.60000 1786.38
8866.70000 1797.64
8866.80000 1809.51
8866.90000 1773.90
8867.00000 1685.74
8867.10000 1612.66
8867.20000 1750.62
8867.30000 1778.72
8867.40000 1762.52
8867.50000 1760.73
8867.60000 1745.33
8867.70000 1724.13
8867.80000 1715.56
8867.90000 1722.26
8868.00000 1716.65
8868.10000 1725.01
8868.20000 1718.43
8868.30000 1698.42
8868.40000 1698.63
8868.50000 1698.75
8868.60000 1671.72
8868.70000 1670.59
8868.80000 1649.09
8868.90000 1653.85
8869.00000 1632.33
8869.10000 1632.67
8869.20000 1622.69
8869.30000 1588.86
8869.40000 1612.95
8869.50000 1615.07
8869.60000 1600.51
8869.70000 1589.81
8869.80000 1552.87
8869.90000 1540.99
8870.00000 1556.97
8870.10000 1576.47
8870.20000 1565.62
8870.30000 1574.85
8870.40000 1570.63
8870.50000 1562.64
8870.60000 1546.60
8870.70000 1536.78
8870.80000 1553.20
8870.90000 1536.62
8871.00000 1537.47
8871.10000 1548.12
8871.20000 1535.97
8871.30000 1516.92
8871.40000 1521.46
8871.50000 1523.03
8871.60000 1530.76
8871.70000 1527.18
8871.80000 1508.82
8871.90000 1512.34
8872.00000 1507.95
8872.10000 1526.33
8872.20000 1489.02
8872.30000 1507.25
8872.40000 1510.91
8872.50000 1507.57
8872.60000 1517.32
8872.70000 1496.32
8872.80000 1514.14
8872.90000 1505.26
8873.00000 1494.62
8873.10000 1484.69
8873.20000 1475.90
8873.30000 1487.42
8873.40000 1500.22
8873.50000 1498.13
8873.60000 1494.31
8873.70000 1501.97
8873.80000 1508.35
8873.90000 1482.88
8874.00000 1493.87
8874.10000 1506.60
8874.20000 1496.93
8874.30000 1498.43
8874.40000 1484.26
8874.50000 1474.92
8874.60000 1491.93
8874.70000 1515.53
8874.80000 1508.31
8874.90000 1512.58
8875.00000 1495.88
8875.10000 1492.14
8875.20000 1495.49
8875.30000 1496.49
8875.40000 1496.66
8875.50000 1496.36
8875.60000 1502.15
8875.70000 1499.69
8875.80000 1492.74
8875.90000 1494.28
8876.00000 1501.55
8876.10000 1518.48
8876.20000 1505.78
8876.30000 1510.78
8876.40000 1510.84
8876.50000 1504.07
8876.60000 1518.77
8876.70000 1505.00
8876.80000 1495.73
8876.90000 1510.07
8877.00000 1494.58
8877.10000 1506.75
8877.20000 1489.30
8877.30000 1509.58
8877.40000 1505.29
8877.50000 1489.11
8877.60000 1503.23
8877.70000 1504.41
8877.80000 1498.29
8877.90000 1497.23
8878.00000 1503.37
8878.10000 1503.78
8878.20000 1509.91
8878.30000 1493.13
8878.40000 1484.11
8878.50000 1494.77
8878.60000 1501.98
8878.70000 1495.83
8878.80000 1515.68
8878.90000 1514.17
8879.00000 1496.71
8879.10000 1504.29
8879.20000 1500.34
8879.30000 1504.86
8879.40000 1504.00
8879.50000 1526.66
8879.60000 1505.65
8879.70000 1496.16
8879.80000 1500.86
8879.90000 1464.15
8880.00000 1363.66
8880.10000 1183.51
8880.20000 1283.35
8880.30000 1444.37
8880.40000 1469.53
8880.50000 1518.87
8880.60000 1513.57
8880.70000 1531.41
8880.80000 1490.55
8880.90000 1511.24
8881.00000 1513.42
8881.10000 1502.76
8881.20000 1498.90
8881.30000 1504.87
8881.40000 1489.19
8881.50000 1504.30
8881.60000 1512.29
8881.70000 1505.64
8881.80000 1505.16
8881.90000 1501.43
8882.00000 1495.76
8882.10000 1501.32
8882.20000 1513.92
8882.30000 1493.51
8882.40000 1497.37
8882.50000 1492.54
8882.60000 1487.68
8882.70000 1473.63
8882.80000 1459.61
8882.90000 1445.26
8883.00000 1455.35
8883.10000 1470.47
8883.20000 1490.22
8883.30000 1492.40
8883.40000 1501.31
8883.50000 1513.61
8883.60000 1497.82
8883.70000 1492.10
8883.80000 1486.01
8883.90000 1520.55
8884.00000 1536.58
8884.10000 1492.27
8884.20000 1496.91
8884.30000 1495.97
8884.40000 1499.59
8884.50000 1502.17
8884.60000 1495.29
8884.70000 1503.31
8884.80000 1479.33
8884.90000 1495.68
8885.00000 1487.43
8885.10000 1501.28
8885.20000 1511.77
8885.30000 1511.69
8885.40000 1509.97
8885.50000 1520.30
8885.60000 1507.12
8885.70000 1517.26
8885.80000 1523.03
8885.90000 1509.27
8886.00000 1516.02
8886.10000 1496.79
8886.20000 1514.79
8886.30000 1514.68
8886.40000 1500.46
8886.50000 1541.33
8886.60000 1612.30
8886.70000 1586.22
8886.80000 1521.20
8886.90000 1503.72
8887.00000 1502.39
8887.10000 1514.98
8887.20000 1520.57
8887.30000 1513.87
8887.40000 1499.67
8887.50000 1500.93
8887.60000 1490.98
8887.70000 1514.37
8887.80000 1497.45
8887.90000 1507.83
8888.00000 1519.03
8888.10000 1512.97
8888.20000 1502.58
8888.30000 1500.99
8888.40000 1507.08
8888.50000 1505.32
8888.60000 1509.57
8888.70000 1481.95
8888.80000 1498.09
8888.90000 1497.95
8889.00000 1499.82
8889.10000 1493.02
8889.20000 1510.92
8889.30000 1512.32
8889.40000 1501.29
8889.50000 1499.77
8889.60000 1510.03
8889.70000 1498.95
8889.80000 1512.34
8889.90000 1482.38
8890.00000 1491.73
8890.10000 1501.54
8890.20000 1493.05
8890.30000 1495.00
8890.40000 1495.30
8890.50000 1495.89
8890.60000 1505.40
8890.70000 1502.03
8890.80000 1492.29
8890.90000 1502.32
8891.00000 1497.89
8891.10000 1495.55
8891.20000 1490.26
8891.30000 1504.51
8891.40000 1500.48
8891.50000 1501.62
8891.60000 1483.45
8891.70000 1491.19
8891.80000 1503.16
8891.90000 1501.71
8892.00000 1488.41
8892.10000 1505.38
8892.20000 1490.32
8892.30000 1509.90
8892.40000 1510.08
8892.50000 1491.10
8892.60000 1492.93
8892.70000 1499.34
8892.80000 1526.98
8892.90000 1505.63
8893.00000 1494.47
8893.10000 1497.20
8893.20000 1508.33
8893.30000 1490.11
8893.40000 1487.65
8893.50000 1478.95
8893.60000 1476.44
8893.70000 1491.98
8893.80000 1480.38
8893.90000 1499.37
8894.00000 1487.41
8894.10000 1489.57
8894.20000 1513.61
8894.30000 1490.48
8894.40000 1483.50
8894.50000 1471.32
8894.60000 1489.41
8894.70000 1492.31
8894.80000 1495.46
8894.90000 1499.15
8895.00000 1497.70
8895.10000 1498.72
8895.20000 1465.42
8895.30000 1455.14
8895.40000 1474.78
8895.50000 1496.29
8895.60000 1495.63
8895.70000 1515.82
8895.80000 1487.67
8895.90000 1504.83
8896.00000 1510.00
8896.10000 1483.29
8896.20000 1508.97
8896.30000 1515.86
8896.40000 1483.05
8896.50000 1485.53
8896.60000 1502.69
8896.70000 1498.03
8896.80000 1502.63
8896.90000 1508.92
8897.00000 1496.01
8897.10000 1481.42
8897.20000 1496.97
8897.30000 1475.74
8897.40000 1384.15
8897.50000 1428.24
8897.60000 1499.98
8897.70000 1492.51
8897.80000 1488.92
8897.90000 1480.10
8898.00000 1493.64
8898.10000 1495.15
8898.20000 1497.37
8898.30000 1478.92
8898.40000 1508.92
8898.50000 1502.92
8898.60000 1508.28
8898.70000 1494.48
8898.80000 1488.78
8898.90000 1491.33
8899.00000 1499.58
8899.10000 1477.13
8899.20000 1491.50
8899.30000 1513.48
8899.40000 1486.61
8899.50000 1487.30
8899.60000 1493.39
8899.70000 1454.88
8899.80000 1434.82
8899.90000 1479.45
