6.300024540000000343e+03 1.010770098281054574e+00
6.300057300000000396e+03 9.912032429202916051e-01
6.300090070000000196e+03 9.991314238441815210e-01
6.300122830000000249e+03 1.016626178577975326e+00
6.300155590000000302e+03 1.009382760855720651e+00
6.300188360000000102e+03 9.979184574530750584e-01
6.300221120000000155e+03 1.011746219316797646e+00
6.300253889999999956e+03 1.008260648109664537e+00
6.300286650000000009e+03 9.986829003522484927e-01
6.300319419999999809e+03 9.937022525931327177e-01
6.300352179999999862e+03 1.004740627099643291e+00
6.300384949999999662e+03 9.982715128912522662e-01
6.300417709999999715e+03 9.905896776313583008e-01
6.300450480000000425e+03 9.873971712355701369e-01
6.300483239999999569e+03 1.002702479471272001e+00
6.300516010000000279e+03 1.016385856677522570e+00
6.300548770000000331e+03 1.018691653759564497e+00
6.300581540000000132e+03 1.012214007921560688e+00
6.300614309999999932e+03 1.014650922147455336e+00
6.300647069999999985e+03 9.994514446061525392e-01
6.300679839999999786e+03 9.959909315250977668e-01
6.300712609999999586e+03 1.001425410909058789e+00
6.300745369999999639e+03 1.015905968998342512e+00
6.300778140000000349e+03 1.001621966336513792e+00
6.300810910000000149e+03 1.005179878874869814e+00
6.300843679999999949e+03 1.010371926330300152e+00
6.300876440000000002e+03 1.047472327443434326e+00
6.300909209999999803e+03 1.044807947556380956e+00
6.300941979999999603e+03 1.034656570445263490e+00
6.300974750000000313e+03 1.010600002552256793e+00
6.301007520000000113e+03 1.018315826383777045e+00
6.301040280000000166e+03 1.015367596682120510e+00
6.301073049999999967e+03 1.004894721191875950e+00
6.301105819999999767e+03 1.007292797454692135e+00
6.301138589999999567e+03 1.011226910325847994e+00
6.301171360000000277e+03 9.907709053216667838e-01
6.301204130000000077e+03 1.004428738673276200e+00
6.301236899999999878e+03 1.016864888101791875e+00
6.301269669999999678e+03 1.013981038041288363e+00
6.301302440000000388e+03 1.016123518598935682e+00
6.301335210000000188e+03 1.010107607709856969e+00
6.301367979999999989e+03 1.010345458282005060e+00
6.301400749999999789e+03 1.010519488524896259e+00
6.301433519999999589e+03 1.006874348294735766e+00
6.301466290000000299e+03 9.895105411876234935e-01
6.301499060000000100e+03 1.003819514241774957e+00
6.301531829999999900e+03 1.012442845479433862e+00
6.301564599999999700e+03 1.012160617291054887e+00
6.301597370000000410e+03 9.980505313914689314e-01
6.301630149999999958e+03 1.010541316544567136e+00
6.301662919999999758e+03 9.957491232750778076e-01
6.301695689999999558e+03 1.001613587697299579e+00
6.301728460000000268e+03 9.990606176212205591e-01
6.301761230000000069e+03 1.004271949697791211e+00
6.301794009999999616e+03 1.006247585189960825e+00
6.301826780000000326e+03 1.009127462802166031e+00
6.301859550000000127e+03 1.008522385519420972e+00
6.301892329999999674e+03 1.010790202528096371e+00
6.301925100000000384e+03 1.000780816117072369e+00
6.301957870000000185e+03 9.921045895882111276e-01
6.301990639999999985e+03 1.007563045178089034e+00
6.302023420000000442e+03 1.000671576179452016e+00
6.302056190000000242e+03 9.982980815719337819e-01
6.302088969999999790e+03 1.011037848064955114e+00
6.302121739999999591e+03 9.958767929910120609e-01
6.302154510000000300e+03 1.005593077735495333e+00
6.302187289999999848e+03 1.000022330234749068e+00
6.302220059999999648e+03 9.966540683367635101e-01
6.302252840000000106e+03 1.007741377264747440e+00
6.302285609999999906e+03 9.901630721263066093e-01
6.302318390000000363e+03 9.961648510554093061e-01
6.302351160000000164e+03 1.015417528266011615e+00
6.302383939999999711e+03 1.003816554408288209e+00
6.302416720000000169e+03 1.000841044916615852e+00
6.302449489999999969e+03 1.005151770464250749e+00
6.302482270000000426e+03 9.902761668244908222e-01
6.302515040000000226e+03 9.706006149389325710e-01
6.302547819999999774e+03 9.144524024144682350e-01
6.302580600000000231e+03 7.894083024638958168e-01
6.302613370000000032e+03 7.671225793401194037e-01
6.302646149999999579e+03 8.763792821905693753e-01
6.302678930000000037e+03 9.572856220456240628e-01
6.302711699999999837e+03 9.771660328731152090e-01
6.302744480000000294e+03 1.002852789735030559e+00
6.302777259999999842e+03 1.001047988096512187e+00
6.302810040000000299e+03 1.004245761898119982e+00
6.302842810000000100e+03 9.898789756835827403e-01
6.302875589999999647e+03 9.971133270105627666e-01
6.302908370000000104e+03 9.983483869300212588e-01
6.302941149999999652e+03 1.014231819086106601e+00
6.302973930000000109e+03 1.003220207127505592e+00
6.303006709999999657e+03 1.002065891712108137e+00
6.303039490000000114e+03 9.998335912900990774e-01
6.303072259999999915e+03 1.018430814380416605e+00
6.303105040000000372e+03 1.002786895977245019e+00
6.303137819999999920e+03 9.804147798197173636e-01
6.303170600000000377e+03 9.959136474906254977e-01
6.303203379999999925e+03 1.004811180509007418e+00
6.303236160000000382e+03 1.006641274881884929e+00
6.303268939999999930e+03 9.851611171927266986e-01
6.303301720000000387e+03 9.421439974220731095e-01
6.303334499999999935e+03 8.215403140550083805e-01
6.303367280000000392e+03 7.370190607618976042e-01
6.303400059999999939e+03 8.270465510174435098e-01
6.303432850000000144e+03 9.476351001855923828e-01
6.303465629999999692e+03 1.002523045404714264e+00
6.303498410000000149e+03 9.952415203542342992e-01
6.303531189999999697e+03 9.858045904055802167e-01
6.303563970000000154e+03 1.004420936673872555e+00
6.303596749999999702e+03 9.974080091948016591e-01
6.303629530000000159e+03 1.005998595668100348e+00
6.303662320000000364e+03 9.996313569335241178e-01
6.303695099999999911e+03 1.000426356455480281e+00
6.303727880000000368e+03 1.017531282443294938e+00
6.303760659999999916e+03 1.005237007690130913e+00
6.303793450000000121e+03 1.011569630962579236e+00
6.303826229999999669e+03 1.019970469306081151e+00
6.303859010000000126e+03 1.008524226818838798e+00
6.303891800000000330e+03 1.006982748290565999e+00
6.303924579999999878e+03 9.969789438567343565e-01
6.303957360000000335e+03 1.020675744777867600e+00
6.303990149999999630e+03 1.009563561294728684e+00
6.304022930000000088e+03 1.007993325422342767e+00
6.304055720000000292e+03 1.012505467273819626e+00
6.304088499999999840e+03 1.021450646104233639e+00
6.304121280000000297e+03 1.013632558234699443e+00
6.304154069999999592e+03 1.004938737286824146e+00
6.304186850000000049e+03 1.005697501699704954e+00
6.304219640000000254e+03 1.012988587516305383e+00
6.304252419999999802e+03 1.026144151656574799e+00
6.304285210000000006e+03 1.023245313613778906e+00
6.304318000000000211e+03 1.015239769449657103e+00
6.304350779999999759e+03 1.019115325172328612e+00
6.304383569999999963e+03 1.007202579509703932e+00
6.304416350000000421e+03 9.902879392445006479e-01
6.304449139999999716e+03 1.014113262531135984e+00
6.304481929999999920e+03 1.017614020839621602e+00
6.304514710000000377e+03 1.006131227251764626e+00
6.304547499999999673e+03 1.021231798090803888e+00
6.304580289999999877e+03 1.011222635312765128e+00
6.304613070000000334e+03 1.003176870056831760e+00
6.304645859999999630e+03 1.008314492228804538e+00
6.304678649999999834e+03 1.012149959169827751e+00
6.304711440000000039e+03 1.013975498661498831e+00
6.304744219999999586e+03 1.007959923191730445e+00
6.304777009999999791e+03 1.024940205487003375e+00
6.304809799999999996e+03 1.002518469591348493e+00
6.304842590000000200e+03 1.010500277921529522e+00
6.304875380000000405e+03 1.007745420586308782e+00
6.304908159999999953e+03 1.021455691172140190e+00
6.304940950000000157e+03 1.005616253663395021e+00
6.304973740000000362e+03 9.856271411110170133e-01
6.305006529999999657e+03 1.007624602810910375e+00
6.305039319999999861e+03 1.010850011130896231e+00
6.305072110000000066e+03 1.013312178625674909e+00
6.305104900000000271e+03 1.006364313110102549e+00
6.305137689999999566e+03 1.003302193739801895e+00
6.305170479999999770e+03 1.008646488495139160e+00
6.305203269999999975e+03 1.005988169966545165e+00
6.305236060000000180e+03 1.001134630062330944e+00
6.305268850000000384e+03 1.003247889521325487e+00
6.305301639999999679e+03 1.018554389229360257e+00
6.305334429999999884e+03 9.984996939915165015e-01
6.305367220000000088e+03 1.011628226147999188e+00
6.305400010000000293e+03 1.006215430435107194e+00
6.305432810000000245e+03 1.000473448158070156e+00
6.305465600000000450e+03 1.000701318741105128e+00
6.305498389999999745e+03 1.006456910060508969e+00
6.305531179999999949e+03 9.998884264771024100e-01
6.305563970000000154e+03 1.003843739750876152e+00
6.305596770000000106e+03 1.011589474140495382e+00
6.305629560000000311e+03 9.975004699633778227e-01
6.305662349999999606e+03 1.017091545415672593e+00
6.305695139999999810e+03 1.001635835418733356e+00
6.305727939999999762e+03 1.007180892522328230e+00
6.305760729999999967e+03 1.002017221663029201e+00
6.305793520000000171e+03 9.963230209664780679e-01
6.305826320000000123e+03 9.843286169379045214e-01
6.305859110000000328e+03 9.887585248333152776e-01
6.305891899999999623e+03 1.015247326448619702e+00
6.305924699999999575e+03 9.990299036098813090e-01
6.305957489999999780e+03 9.892425374086717405e-01
6.305990279999999984e+03 9.812259543626062896e-01
6.306023079999999936e+03 9.950449161477038507e-01
6.306055870000000141e+03 1.001219388444773539e+00
6.306088670000000093e+03 9.988230118620533560e-01
6.306121460000000297e+03 1.033252396826871200e+00
6.306154260000000249e+03 1.056295058069611770e+00
6.306187050000000454e+03 1.014917770374496486e+00
6.306219850000000406e+03 1.004531114346331577e+00
6.306252650000000358e+03 9.943377046580681444e-01
6.306285439999999653e+03 9.988368753549726753e-01
6.306318239999999605e+03 9.974277715701588276e-01
6.306351029999999810e+03 9.527110224265900040e-01
6.306383829999999762e+03 8.559290118489090160e-01
6.306416629999999714e+03 7.982081018659976657e-01
6.306449419999999918e+03 8.920774117008591908e-01
6.306482219999999870e+03 9.724029047220810185e-01
6.306515019999999822e+03 9.965738999036112267e-01
6.306547810000000027e+03 1.004270456660623090e+00
6.306580609999999979e+03 9.943708653854959056e-01
6.306613409999999931e+03 1.003978557135466909e+00
6.306646209999999883e+03 1.012879189775576227e+00
6.306679000000000087e+03 1.007354938304647618e+00
6.306711800000000039e+03 1.005439821244441756e+00
6.306744599999999991e+03 9.876955936383952084e-01
6.306777399999999943e+03 9.937969100862902305e-01
6.306810199999999895e+03 1.009744956830409546e+00
6.306842999999999847e+03 1.009347628404229535e+00
6.306875790000000052e+03 9.993867533896984012e-01
6.306908590000000004e+03 1.001520688425833860e+00
6.306941389999999956e+03 1.001407378412322080e+00
6.306974189999999908e+03 9.918090856968118096e-01
6.307006989999999860e+03 1.016073772291832933e+00
6.307039789999999812e+03 1.009559299937034194e+00
6.307072589999999764e+03 9.897030252723084676e-01
6.307105389999999716e+03 9.638139225856234837e-01
6.307138189999999668e+03 8.621555365774720148e-01
6.307170989999999620e+03 7.938359853039770320e-01
6.307203789999999572e+03 8.761748645376209454e-01
6.307236590000000433e+03 9.687265207214909024e-01
6.307269390000000385e+03 9.914156249715992963e-01
6.307302190000000337e+03 9.983908040168478770e-01
6.307335000000000036e+03 1.004316878763614751e+00
6.307367799999999988e+03 1.017450616129252694e+00
6.307400599999999940e+03 1.010005222290299765e+00
6.307433399999999892e+03 9.939696201785327423e-01
6.307466199999999844e+03 9.847376799988434293e-01
6.307498999999999796e+03 9.964956765595721633e-01
6.307531810000000405e+03 1.025229353440601177e+00
6.307564610000000357e+03 1.006718259985496466e+00
6.307597410000000309e+03 1.013271443505241898e+00
6.307630210000000261e+03 1.020492918057858800e+00
6.307663019999999960e+03 1.014469408678410289e+00
6.307695819999999912e+03 1.009194217127046489e+00
6.307728619999999864e+03 1.015217827668338568e+00
6.307761429999999564e+03 1.019046184603531913e+00
6.307794230000000425e+03 1.015371444522141342e+00
6.307827040000000125e+03 1.010848081660489006e+00
6.307859840000000077e+03 9.917950159177979508e-01
6.307892640000000029e+03 1.012533275373835862e+00
6.307925449999999728e+03 1.008698902067530545e+00
6.307958249999999680e+03 1.016285769305499853e+00
6.307991060000000289e+03 1.024686073155991028e+00
6.308023860000000241e+03 1.001284379675112302e+00
6.308056669999999940e+03 9.942410855107285395e-01
6.308089469999999892e+03 9.981999343655687529e-01
6.308122279999999591e+03 1.011571854813676508e+00
6.308155080000000453e+03 9.999256747649246657e-01
6.308187890000000152e+03 9.957160204061228370e-01
6.308220690000000104e+03 9.971277975101834334e-01
6.308253499999999804e+03 1.010437358937658070e+00
6.308286310000000412e+03 1.003214143545627879e+00
6.308319110000000364e+03 1.016577089449480553e+00
6.308351920000000064e+03 1.029946452669136425e+00
6.308384729999999763e+03 1.043306040396041245e+00
6.308417529999999715e+03 1.056671930555493466e+00
6.308450340000000324e+03 1.013784965732114962e+00
6.308483150000000023e+03 1.023227303623616136e+00
6.308515949999999975e+03 1.022527954883678758e+00
6.308548759999999675e+03 1.007613661293337293e+00
6.308581570000000283e+03 1.007177741644928126e+00
6.308614379999999983e+03 9.976334013489002173e-01
6.308647189999999682e+03 1.009576347989569634e+00
6.308679989999999634e+03 1.009369846225096845e+00
6.308712800000000243e+03 1.006572702750194281e+00
6.308745609999999942e+03 1.011517248648682976e+00
6.308778419999999642e+03 1.007886446199995456e+00
6.308811230000000251e+03 1.003794615920488464e+00
6.308844039999999950e+03 1.019105996324081609e+00
6.308876849999999649e+03 1.029382544116142162e+00
6.308909660000000258e+03 1.014310073367945986e+00
6.308942469999999958e+03 1.006164276802004043e+00
6.308975279999999657e+03 9.977030344699713282e-01
6.309008090000000266e+03 1.004013634339460115e+00
6.309040899999999965e+03 1.014483009276170744e+00
6.309073709999999664e+03 1.014492234150660810e+00
6.309106520000000273e+03 1.006985436607239714e+00
6.309139329999999973e+03 1.003823417871996249e+00
6.309172139999999672e+03 1.004675104110004602e+00
6.309204950000000281e+03 1.007169820489998369e+00
6.309237759999999980e+03 1.007744209468355079e+00
6.309270569999999680e+03 1.022576941318312782e+00
6.309303380000000288e+03 1.013265240940897760e+00
6.309336189999999988e+03 1.013214119958190551e+00
6.309369010000000344e+03 1.004327976309722814e+00
6.309401820000000043e+03 1.004637001148291908e+00
6.309434629999999743e+03 1.010327845456848950e+00
6.309467440000000352e+03 1.006966926157532694e+00
6.309500259999999798e+03 1.009503317981578663e+00
6.309533070000000407e+03 9.857382573727515584e-01
6.309565880000000107e+03 9.952016931282634538e-01
6.309598689999999806e+03 1.000690630041272344e+00
6.309631510000000162e+03 9.948587014058821731e-01
6.309664319999999861e+03 9.996028972254730194e-01
6.309697129999999561e+03 1.007768329599658674e+00
6.309729949999999917e+03 1.017058757662880675e+00
6.309762759999999616e+03 1.028416248727168414e+00
6.309795579999999973e+03 9.899854308425506400e-01
6.309828389999999672e+03 9.809992195360983658e-01
6.309861200000000281e+03 1.016750136515204517e+00
6.309894019999999728e+03 1.015304501711081109e+00
6.309926830000000336e+03 1.014187690166768352e+00
6.309959649999999783e+03 9.975245862917021533e-01
6.309992460000000392e+03 9.767976442237084056e-01
6.310025279999999839e+03 9.872701179711246278e-01
6.310058090000000448e+03 9.943913656482051833e-01
6.310090909999999894e+03 1.003401096795907277e+00
6.310123730000000251e+03 1.022482475449549844e+00
6.310156539999999950e+03 1.022723002561110262e+00
6.310189360000000306e+03 1.005672288235573086e+00
6.310222170000000006e+03 9.945762573637031423e-01
6.310254990000000362e+03 9.966889572017303411e-01
6.310287809999999808e+03 1.005017202985347691e+00
6.310320620000000417e+03 1.005219534089401456e+00
6.310353439999999864e+03 9.859755027183088050e-01
6.310386260000000220e+03 1.001792084796822691e+00
6.310419069999999920e+03 9.866898903997728398e-01
6.310451890000000276e+03 9.195106582005175833e-01
6.310484709999999723e+03 8.521427277211820472e-01
6.310517530000000079e+03 8.824608313649797697e-01
6.310550350000000435e+03 9.537911184595353475e-01
6.310583160000000134e+03 9.870627820354165305e-01
6.310615979999999581e+03 1.005099349774311479e+00
6.310648799999999937e+03 1.006547930392330148e+00
6.310681620000000294e+03 1.004387749336483227e+00
6.310714439999999740e+03 1.006017857176159103e+00
6.310747260000000097e+03 1.009003428598879815e+00
6.310780080000000453e+03 1.006831204753047437e+00
6.310812899999999900e+03 1.011250313838884862e+00
6.310845709999999599e+03 1.016855233510100875e+00
6.310878529999999955e+03 1.011597244967828102e+00
6.310911350000000311e+03 1.005088843487602412e+00
6.310944169999999758e+03 1.004979081844035393e+00
6.310976990000000114e+03 9.897268808094117354e-01
6.311009820000000218e+03 9.971544386983099972e-01
6.311042639999999665e+03 1.009442788329433682e+00
6.311075460000000021e+03 1.009214324177647448e+00
6.311108280000000377e+03 1.011617387138819213e+00
6.311141099999999824e+03 1.013555247567254236e+00
6.311173920000000180e+03 9.787805020215304408e-01
6.311206739999999627e+03 8.971301585438439252e-01
6.311239559999999983e+03 8.276533085827838532e-01
6.311272380000000339e+03 8.782741491622574337e-01
6.311305210000000443e+03 9.556327550402834436e-01
6.311338029999999890e+03 1.004377579541864796e+00
6.311370850000000246e+03 1.013090212601406304e+00
6.311403669999999693e+03 9.999817164985984608e-01
6.311436499999999796e+03 9.912993357709770637e-01
6.311469320000000153e+03 9.966793588970446205e-01
6.311502139999999599e+03 1.007169435241261235e+00
6.311534959999999955e+03 1.016832773818742819e+00
6.311567790000000059e+03 1.011189732202792957e+00
6.311600610000000415e+03 1.008471348398529477e+00
6.311633429999999862e+03 1.021047597622024128e+00
6.311666259999999966e+03 9.979698898028313003e-01
6.311699080000000322e+03 9.936222193387741486e-01
6.311731910000000425e+03 9.983050881697285162e-01
6.311764729999999872e+03 9.863557750285972814e-01
6.311797550000000228e+03 1.007853580286443229e+00
6.311830380000000332e+03 1.007949877962530216e+00
6.311863199999999779e+03 1.010719128224193852e+00
6.311896029999999882e+03 1.024016887723236735e+00
6.311928850000000239e+03 1.025881028255072991e+00
6.311961680000000342e+03 1.017970722868241085e+00
6.311994510000000446e+03 1.010390452810648432e+00
6.312027329999999893e+03 1.006363019840381678e+00
6.312060159999999996e+03 1.004048113471208703e+00
6.312092980000000352e+03 1.003021511972702617e+00
6.312125809999999547e+03 1.003562591907250390e+00
6.312158629999999903e+03 1.008740678181776262e+00
6.312191460000000006e+03 9.949981025335046247e-01
6.312224290000000110e+03 1.001951359207476910e+00
6.312257109999999557e+03 1.016112389683564210e+00
6.312289939999999660e+03 1.021265346839550947e+00
6.312322769999999764e+03 1.005866958591452809e+00
6.312355599999999868e+03 9.988210164001420921e-01
6.312388420000000224e+03 1.020408556427585545e+00
6.312421250000000327e+03 9.995683640669563719e-01
6.312454080000000431e+03 1.001280554186720462e+00
6.312486909999999625e+03 1.000932424987795777e+00
6.312519739999999729e+03 9.953382255512149834e-01
6.312552560000000085e+03 1.000517409430872640e+00
6.312585390000000189e+03 1.013369062101144413e+00
6.312618220000000292e+03 1.004918684134396889e+00
6.312651050000000396e+03 9.912415630569997305e-01
6.312683879999999590e+03 1.002208336444182724e+00
6.312716709999999694e+03 9.921345618193387894e-01
6.312749539999999797e+03 1.004760331341391977e+00
6.312782369999999901e+03 9.956786635178263012e-01
6.312815200000000004e+03 1.000379439225355105e+00
6.312848030000000108e+03 1.001617173466209598e+00
6.312880860000000212e+03 1.006772394247511082e+00
6.312913690000000315e+03 1.010730653862973227e+00
6.312946520000000419e+03 1.000027746236419324e+00
6.312979349999999613e+03 9.902603541877327276e-01
6.313012179999999717e+03 1.000018569631694332e+00
6.313045009999999820e+03 1.013436004780821076e+00
6.313077839999999924e+03 9.910328004647632749e-01
6.313110670000000027e+03 1.016465516186565665e+00
6.313143500000000131e+03 1.024275068793638610e+00
6.313176339999999982e+03 1.017670514172202667e+00
6.313209170000000086e+03 1.008588497383311688e+00
6.313242000000000189e+03 1.007957395239087672e+00
6.313274830000000293e+03 1.021633155991456432e+00
6.313307660000000396e+03 1.014682406216818045e+00
6.313340500000000247e+03 1.006721217523260714e+00
6.313373330000000351e+03 9.952717656010462433e-01
6.313406160000000455e+03 1.003823153846348681e+00
6.313438989999999649e+03 1.018906613951509721e+00
6.313471830000000409e+03 1.003126733152428285e+00
6.313504659999999603e+03 9.913406278902654467e-01
6.313537489999999707e+03 1.004925689494691188e+00
6.313570329999999558e+03 1.016382669537285510e+00
6.313603159999999662e+03 1.023721134187243420e+00
6.313636000000000422e+03 1.016255194190564204e+00
6.313668829999999616e+03 9.987897085083378146e-01
6.313701670000000377e+03 1.034729432247913916e+00
6.313734499999999571e+03 1.031437796510516813e+00
6.313767329999999674e+03 1.016818664601211619e+00
6.313800170000000435e+03 1.016252291818195097e+00
6.313832999999999629e+03 1.027857175221751573e+00
6.313865840000000389e+03 1.033881449929088481e+00
6.313898669999999584e+03 1.020000611411041147e+00
6.313931510000000344e+03 1.025381033979053003e+00
6.313964350000000195e+03 1.023177605477653573e+00
6.313997180000000299e+03 1.017672831785759735e+00
6.314030020000000150e+03 1.014214145414770618e+00
6.314062850000000253e+03 1.016787131174117009e+00
6.314095690000000104e+03 1.032622067224587603e+00
6.314128529999999955e+03 1.038058292037589814e+00
6.314161360000000059e+03 1.023759402671099883e+00
6.314194199999999910e+03 1.016677094662047587e+00
6.314227039999999761e+03 1.017605301829574982e+00
6.314259879999999612e+03 1.020609614335276971e+00
6.314292709999999715e+03 1.023375514031972244e+00
6.314325549999999566e+03 1.036797077831067337e+00
6.314358390000000327e+03 1.046043009323210704e+00
6.314391230000000178e+03 1.029917067079965998e+00
6.314424060000000281e+03 1.022602702659833884e+00
6.314456900000000132e+03 1.036317230346076368e+00
6.314489739999999983e+03 1.041270358316665590e+00
6.314522579999999834e+03 1.035460558253132213e+00
6.314555419999999685e+03 1.007348596047078049e+00
6.314588260000000446e+03 1.031347539133842472e+00
6.314621100000000297e+03 1.033027526140714469e+00
6.314653940000000148e+03 1.029264107311067544e+00
6.314686779999999999e+03 1.020519129845380402e+00
6.314719610000000102e+03 1.013643042987262044e+00
6.314752449999999953e+03 1.023120497006579477e+00
6.314785289999999804e+03 1.015928257855120975e+00
6.314818129999999655e+03 9.568576972824471838e-01
6.314850970000000416e+03 9.230255083048742870e-01
6.314883820000000014e+03 9.812280839286482426e-01
6.314916659999999865e+03 1.037852041928658986e+00
6.314949499999999716e+03 1.048178112635001158e+00
6.314982339999999567e+03 1.044246529752316688e+00
6.315015180000000328e+03 1.042809764134931871e+00
6.315048020000000179e+03 1.035218757687026869e+00
6.315080860000000030e+03 1.023713941743699563e+00
6.315113699999999881e+03 1.020199500878235410e+00
6.315146550000000389e+03 1.026429071105399160e+00
6.315179390000000240e+03 1.048149945062202049e+00
6.315212230000000091e+03 1.066987038242402930e+00
6.315245069999999942e+03 1.039424688465832691e+00
6.315277909999999792e+03 1.027680168739395494e+00
6.315310760000000300e+03 1.039189698337055878e+00
6.315343600000000151e+03 1.055231454163396698e+00
6.315376440000000002e+03 1.050903493471335937e+00
6.315409289999999601e+03 1.032526961822351819e+00
6.315442130000000361e+03 1.031701828810342780e+00
6.315474970000000212e+03 1.029750267294609278e+00
6.315507819999999811e+03 1.039712068104155618e+00
6.315540659999999662e+03 9.869700883710091910e-01
6.315573510000000169e+03 9.203376699408172268e-01
6.315606350000000020e+03 9.509922064531133312e-01
6.315639189999999871e+03 1.016106781020156946e+00
6.315672040000000379e+03 1.044668756858448289e+00
6.315704880000000230e+03 1.052567590588260327e+00
6.315737729999999829e+03 1.057800432024018855e+00
6.315770569999999680e+03 1.054694981126740982e+00
6.315803420000000187e+03 1.046179677148570075e+00
6.315836260000000038e+03 1.061568220017467423e+00
6.315869109999999637e+03 1.059987711132086341e+00
6.315901960000000145e+03 1.063310181539371513e+00
6.315934799999999996e+03 1.056424156393142688e+00
6.315967649999999594e+03 1.054671150006764702e+00
6.316000490000000354e+03 1.062857186107376561e+00
6.316033339999999953e+03 1.061858635107772342e+00
6.316066189999999551e+03 1.059060346319279367e+00
6.316099030000000312e+03 1.070268594003902951e+00
6.316131879999999910e+03 1.075576283440552894e+00
6.316164730000000418e+03 1.083271157836221299e+00
6.316197580000000016e+03 1.069380672998594406e+00
6.316230419999999867e+03 1.065007333016113389e+00
6.316263270000000375e+03 1.073004754399019989e+00
6.316296119999999974e+03 1.070591176901597663e+00
6.316328969999999572e+03 1.062057164617863814e+00
6.316361810000000332e+03 1.066876155356175193e+00
6.316394659999999931e+03 1.075080826332509565e+00
6.316427510000000439e+03 1.074358390897382609e+00
6.316460360000000037e+03 1.085140024379033674e+00
6.316493209999999635e+03 1.080335655858926103e+00
6.316526060000000143e+03 1.087026998115816490e+00
6.316558909999999742e+03 1.074027157448152803e+00
6.316591760000000249e+03 1.070097149757535337e+00
6.316624609999999848e+03 1.063980098846111000e+00
6.316657460000000356e+03 1.059044991260580826e+00
6.316690309999999954e+03 1.079831917686575160e+00
6.316723159999999552e+03 1.063999202598896243e+00
6.316756010000000060e+03 1.060603757040955664e+00
6.316788859999999659e+03 1.064453222021746415e+00
6.316821710000000166e+03 1.038082631605046435e+00
6.316854559999999765e+03 1.036060782788890799e+00
6.316887410000000273e+03 1.008639120926332344e+00
6.316920259999999871e+03 9.853561233666360275e-01
6.316953110000000379e+03 1.006287680894715209e+00
6.316985959999999977e+03 1.040247084507651465e+00
6.317018809999999576e+03 1.052365482659818108e+00
6.317051669999999831e+03 1.042374845353834401e+00
6.317084520000000339e+03 1.059478114654230474e+00
6.317117369999999937e+03 1.043300113182052069e+00
6.317150220000000445e+03 1.046481427928447783e+00
6.317183070000000043e+03 1.043339981610494238e+00
6.317215930000000299e+03 1.048780477452974091e+00
6.317248779999999897e+03 1.045885802476399506e+00
6.317281630000000405e+03 1.032461614897412838e+00
6.317314489999999751e+03 1.041255141251007821e+00
6.317347340000000258e+03 1.056379478698626695e+00
6.317380189999999857e+03 1.039574267627957571e+00
6.317413050000000112e+03 1.067890793115841008e+00
6.317445899999999710e+03 1.044962709816331436e+00
6.317478750000000218e+03 1.037548335254645737e+00
6.317511609999999564e+03 1.048792245925298072e+00
6.317544460000000072e+03 1.047534812234854673e+00
6.317577320000000327e+03 1.049066601705668678e+00
6.317610169999999925e+03 1.047382468340950723e+00
6.317643030000000181e+03 1.033815694532076446e+00
6.317675879999999779e+03 1.041813590300462167e+00
6.317708740000000034e+03 1.029056277707768530e+00
6.317741589999999633e+03 1.086693702566770670e+00
6.317774449999999888e+03 1.075188928448834957e+00
6.317807300000000396e+03 1.050835841158447526e+00
6.317840159999999742e+03 1.022522867951642267e+00
6.317873019999999997e+03 1.010339296927281749e+00
6.317905869999999595e+03 1.028559385944928906e+00
6.317938729999999850e+03 1.041163391503400648e+00
6.317971590000000106e+03 1.035374139135685656e+00
6.318004439999999704e+03 1.033767994235538668e+00
6.318037299999999959e+03 1.005261422958284134e+00
6.318070160000000214e+03 1.021416122501389800e+00
6.318103009999999813e+03 1.041745723609373231e+00
6.318135870000000068e+03 1.042779484107594579e+00
6.318168730000000323e+03 1.026846470340612827e+00
6.318201589999999669e+03 1.029212097130291381e+00
6.318234440000000177e+03 1.036117088832123612e+00
6.318267300000000432e+03 1.029643694361100481e+00
6.318300159999999778e+03 1.041199450677191773e+00
6.318333020000000033e+03 1.071758614552567268e+00
6.318365880000000288e+03 1.060518272310573495e+00
6.318398739999999634e+03 1.033404436285877415e+00
6.318431599999999889e+03 1.049318957381653039e+00
6.318464450000000397e+03 1.059570397301021760e+00
6.318497309999999743e+03 1.054621616142400686e+00
6.318530169999999998e+03 1.047439568134128862e+00
6.318563030000000253e+03 1.047814890042559899e+00
6.318595889999999599e+03 1.052183073741195019e+00
6.318628749999999854e+03 1.054001167192265775e+00
6.318661610000000110e+03 1.053673131709601085e+00
6.318694470000000365e+03 1.048854209555395434e+00
6.318727329999999711e+03 1.038261056150665995e+00
6.318760189999999966e+03 1.045713425057566592e+00
6.318793050000000221e+03 1.046171717511513943e+00
6.318825920000000224e+03 1.036578071695893444e+00
6.318858779999999570e+03 1.048682179900609190e+00
6.318891639999999825e+03 1.062094093194239086e+00
6.318924500000000080e+03 1.056185579377919348e+00
6.318957360000000335e+03 1.045983865496923348e+00
6.318990219999999681e+03 1.040741616595300956e+00
6.319023089999999684e+03 1.074143292293133989e+00
6.319055949999999939e+03 1.063911394463670668e+00
6.319088810000000194e+03 1.050724851791744241e+00
6.319121670000000449e+03 1.047995928994419401e+00
6.319154540000000452e+03 1.049046444951373891e+00
6.319187399999999798e+03 1.047601947166924230e+00
6.319220260000000053e+03 1.048978379243074466e+00
6.319253120000000308e+03 1.054728696950415046e+00
6.319285990000000311e+03 1.054292029309163325e+00
6.319318849999999657e+03 1.049609213010440856e+00
6.319351719999999659e+03 1.059219917907012531e+00
6.319384579999999914e+03 1.037907445345437552e+00
6.319417440000000170e+03 1.012141948304318806e+00
6.319450310000000172e+03 9.860591905738416152e-01
6.319483170000000428e+03 1.001083354087032751e+00
6.319516040000000430e+03 1.026021080964400145e+00
6.319548899999999776e+03 1.043495985501772028e+00
6.319581769999999779e+03 1.056312782836609676e+00
6.319614630000000034e+03 1.060350674463433895e+00
6.319647500000000036e+03 1.057606089760955159e+00
6.319680360000000292e+03 1.050091417016499218e+00
6.319713230000000294e+03 1.066731178058665463e+00
6.319746089999999640e+03 1.059780125660734207e+00
6.319778959999999643e+03 1.055864578095786710e+00
6.319811829999999645e+03 1.057433585085546079e+00
6.319844689999999900e+03 1.050007974915813103e+00
6.319877559999999903e+03 1.048701046170817497e+00
6.319910420000000158e+03 1.059441620410675133e+00
6.319943290000000161e+03 1.058389562946696838e+00
6.319976160000000164e+03 1.052645761459358065e+00
6.320009030000000166e+03 1.069714025514435729e+00
6.320041890000000421e+03 1.041689966287964619e+00
6.320074760000000424e+03 1.039854760755714036e+00
6.320107630000000427e+03 1.054515874824279997e+00
6.320140500000000429e+03 1.020236284950060135e+00
6.320173359999999775e+03 9.857491963840042670e-01
6.320206229999999778e+03 9.844692576140746665e-01
6.320239099999999780e+03 1.024128883214836527e+00
6.320271969999999783e+03 1.064282285737420564e+00
6.320304839999999786e+03 1.058374505696620060e+00
6.320337709999999788e+03 1.047780327039505188e+00
6.320370579999999791e+03 1.059496591704621071e+00
6.320403440000000046e+03 1.045158733043974220e+00
6.320436310000000049e+03 1.046345020810074633e+00
6.320469180000000051e+03 1.036437880794227606e+00
6.320502050000000054e+03 1.043094746733026490e+00
6.320534920000000056e+03 1.014717892148091716e+00
6.320567790000000059e+03 1.002349863593942958e+00
6.320600660000000062e+03 1.044604013948538856e+00
6.320633530000000064e+03 1.070007928856435697e+00
6.320666400000000067e+03 1.065871349444315275e+00
6.320699279999999817e+03 1.082838064585619930e+00
6.320732149999999820e+03 1.078447136012483432e+00
6.320765019999999822e+03 1.080353009418341781e+00
6.320797889999999825e+03 1.068497717954484338e+00
6.320830759999999827e+03 1.071148339103409119e+00
6.320863629999999830e+03 1.072252061280191127e+00
6.320896499999999833e+03 1.071071106446511711e+00
6.320929379999999583e+03 1.073498876513661937e+00
6.320962249999999585e+03 1.074815894293147389e+00
6.320995119999999588e+03 1.071293837741495114e+00
6.321027989999999591e+03 1.069008781839308586e+00
6.321060859999999593e+03 1.096852058431526666e+00
6.321093740000000253e+03 1.067309114108742074e+00
6.321126610000000255e+03 1.070203160438085943e+00
6.321159480000000258e+03 1.062609177748678357e+00
6.321192360000000008e+03 1.080623750623068480e+00
6.321225230000000010e+03 1.081494166149526759e+00
6.321258100000000013e+03 1.063743725061489842e+00
6.321290979999999763e+03 1.058932492420088467e+00
6.321323849999999766e+03 1.063943119040182905e+00
6.321356730000000425e+03 1.073849021390557157e+00
6.321389600000000428e+03 1.074178169983896369e+00
6.321422480000000178e+03 1.072928033601116216e+00
6.321455350000000180e+03 1.071336321403999703e+00
6.321488220000000183e+03 1.068823783191746424e+00
6.321521099999999933e+03 1.072460395139950950e+00
6.321553969999999936e+03 1.070439094494123999e+00
6.321586849999999686e+03 1.047627207201037969e+00
6.321619730000000345e+03 1.054024143489453058e+00
6.321652600000000348e+03 1.075799835206462163e+00
6.321685480000000098e+03 1.055953843122625635e+00
6.321718350000000100e+03 1.054771637468239653e+00
6.321751229999999850e+03 1.047073776272686940e+00
6.321784109999999600e+03 1.056136023069890628e+00
6.321816979999999603e+03 1.057920854478869188e+00
6.321849860000000263e+03 1.069030379733363123e+00
6.321882740000000013e+03 1.049236109584724019e+00
6.321915610000000015e+03 1.030631425903981713e+00
6.321948489999999765e+03 1.036676584974154380e+00
6.321981370000000425e+03 1.055674047230199752e+00
6.322014250000000175e+03 1.054123639335016183e+00
6.322047120000000177e+03 1.033818300521822442e+00
6.322079999999999927e+03 1.061530109905856945e+00
6.322112879999999677e+03 1.050906798334648506e+00
6.322145760000000337e+03 1.055387088490413072e+00
6.322178640000000087e+03 1.042540419203652924e+00
6.322211510000000089e+03 1.040789353243546156e+00
6.322244389999999839e+03 1.037521907787582576e+00
6.322277269999999589e+03 1.044842512162446280e+00
6.322310150000000249e+03 1.042550695657523452e+00
6.322343029999999999e+03 1.040901448192076195e+00
6.322375909999999749e+03 1.058548108890488226e+00
6.322408790000000408e+03 1.049349612158116951e+00
6.322441670000000158e+03 1.036523093441991117e+00
6.322474549999999908e+03 1.035182010497674998e+00
6.322507429999999658e+03 1.052867592927250628e+00
6.322540310000000318e+03 1.046556835800392271e+00
6.322573190000000068e+03 1.043341463502546862e+00
6.322606069999999818e+03 1.042054657214599445e+00
6.322638949999999568e+03 1.034059843837369375e+00
6.322671830000000227e+03 1.030113043487939084e+00
6.322704709999999977e+03 1.037334863832243270e+00
6.322737600000000384e+03 1.040579403820085513e+00
6.322770480000000134e+03 1.031971851689933439e+00
6.322803359999999884e+03 1.030524221626686332e+00
6.322836239999999634e+03 1.023614690852818310e+00
6.322869120000000294e+03 1.045203471794553307e+00
6.322902000000000044e+03 1.039388794917255776e+00
6.322934890000000451e+03 1.039868912991574135e+00
6.322967770000000201e+03 1.026670772307900714e+00
6.323000649999999951e+03 1.022911062378432101e+00
6.323033540000000357e+03 1.035305834409435244e+00
6.323066420000000107e+03 1.039618945298212305e+00
6.323099299999999857e+03 1.030991956776518004e+00
6.323132179999999607e+03 1.014346688822684195e+00
6.323165070000000014e+03 1.031257299174779707e+00
6.323197949999999764e+03 1.024074104722204170e+00
6.323230840000000171e+03 1.032029420492213134e+00
6.323263719999999921e+03 1.029513450371894345e+00
6.323296599999999671e+03 1.037761859653202778e+00
6.323329490000000078e+03 1.035570724392612663e+00
6.323362369999999828e+03 1.025059647046263622e+00
6.323395260000000235e+03 1.012539804217110762e+00
6.323428139999999985e+03 1.011903682154900563e+00
6.323461030000000392e+03 1.032486971471264559e+00
6.323493910000000142e+03 1.028746219456914579e+00
6.323526799999999639e+03 1.004904838950583690e+00
6.323559680000000299e+03 1.031123406363698924e+00
6.323592569999999796e+03 1.021038871115887536e+00
6.323625460000000203e+03 1.023020520497384789e+00
6.323658339999999953e+03 1.030542861111548136e+00
6.323691230000000360e+03 1.026196920054922135e+00
6.323724119999999857e+03 1.012491352643271059e+00
6.323756999999999607e+03 1.011463102096936462e+00
6.323789890000000014e+03 1.026176192904531437e+00
6.323822780000000421e+03 1.025456843694588116e+00
6.323855660000000171e+03 1.003399240660388658e+00
6.323888549999999668e+03 1.012641795072147799e+00
6.323921440000000075e+03 1.029052064744733874e+00
6.323954329999999572e+03 1.018210369830695239e+00
6.323987210000000232e+03 1.030650751369165175e+00
6.324020099999999729e+03 1.015482342051516884e+00
6.324052990000000136e+03 1.002425310390279378e+00
6.324085879999999634e+03 1.013673908387334066e+00
6.324118770000000040e+03 1.011046730801480553e+00
6.324151660000000447e+03 9.976874440124182675e-01
6.324184540000000197e+03 9.995763490680413810e-01
6.324217429999999695e+03 9.922096496369458007e-01
6.324250320000000102e+03 1.008639523057898169e+00
6.324283209999999599e+03 1.004550423061866038e+00
6.324316100000000006e+03 9.586548225290918435e-01
6.324348990000000413e+03 9.377385452983277858e-01
6.324381879999999910e+03 9.439598062833698400e-01
6.324414770000000317e+03 9.602370197326606238e-01
6.324447659999999814e+03 9.701242473415139234e-01
6.324480550000000221e+03 9.626845237742308603e-01
6.324513439999999719e+03 9.631736208735838245e-01
6.324546330000000125e+03 9.820599069538160641e-01
6.324579219999999623e+03 9.907547105445366764e-01
6.324612110000000030e+03 1.016068248366241100e+00
6.324645010000000184e+03 9.996189341253820526e-01
6.324677899999999681e+03 9.998282437980305914e-01
6.324710790000000088e+03 1.013767033396216766e+00
6.324743679999999586e+03 1.008166227731561060e+00
6.324776569999999992e+03 9.989543426571101392e-01
6.324809460000000399e+03 9.960753069818883976e-01
6.324842359999999644e+03 9.978385127668690791e-01
6.324875250000000051e+03 1.002728039632929224e+00
6.324908139999999548e+03 1.009648624706796394e+00
6.324941039999999703e+03 1.015941773749210464e+00
6.324973930000000109e+03 1.013695955088527834e+00
6.325006819999999607e+03 1.005673033663063043e+00
6.325039710000000014e+03 1.003157026161163534e+00
6.325072610000000168e+03 9.641954149160693044e-01
6.325105499999999665e+03 9.798582998851361747e-01
6.325138399999999820e+03 9.844672865529583428e-01
6.325171290000000226e+03 9.968596220659927676e-01
6.325204179999999724e+03 9.991506797217746261e-01
6.325237079999999878e+03 9.921740944344331625e-01
6.325269970000000285e+03 9.965988133787085923e-01
6.325302870000000439e+03 9.918275598313011088e-01
6.325335759999999937e+03 1.000194611703021152e+00
6.325368660000000091e+03 9.997229028323052491e-01
6.325401549999999588e+03 9.808610014951090195e-01
6.325434449999999742e+03 9.914005814689755836e-01
6.325467340000000149e+03 1.012871380596233717e+00
6.325500240000000304e+03 9.971191677674794418e-01
6.325533129999999801e+03 9.940519651276058521e-01
6.325566029999999955e+03 1.011363680629023820e+00
6.325598930000000109e+03 1.001489562036122605e+00
6.325631819999999607e+03 9.846112997351856855e-01
6.325664719999999761e+03 9.887140770373435972e-01
6.325697619999999915e+03 9.836549039500016578e-01
6.325730510000000322e+03 1.004294742272366481e+00
6.325763409999999567e+03 1.006405016546042086e+00
6.325796309999999721e+03 9.991478413987283647e-01
6.325829209999999875e+03 1.001201991182812723e+00
6.325862100000000282e+03 9.977674405407608305e-01
6.325895000000000437e+03 9.980523152208704563e-01
6.325927899999999681e+03 9.917385439712957940e-01
6.325960799999999836e+03 9.941165764977762942e-01
6.325993699999999990e+03 1.013179469962718571e+00
6.326026590000000397e+03 1.010814035978270686e+00
6.326059489999999641e+03 9.894960316990383253e-01
6.326092389999999796e+03 1.005598864470716780e+00
6.326125289999999950e+03 1.014920856856109221e+00
6.326158190000000104e+03 9.983213887738966452e-01
6.326191090000000258e+03 9.878199184256776233e-01
6.326223990000000413e+03 1.006877250851019090e+00
6.326256889999999657e+03 1.006341713049049957e+00
6.326289789999999812e+03 1.005520470084086293e+00
6.326322689999999966e+03 1.017677292000313427e+00
6.326355590000000120e+03 1.014040738161023247e+00
6.326388490000000274e+03 1.005021196876425105e+00
6.326421390000000429e+03 1.002676763344795940e+00
6.326454289999999673e+03 9.907957451517901415e-01
6.326487189999999828e+03 1.011756489860550667e+00
6.326520089999999982e+03 1.012462903970591022e+00
6.326552990000000136e+03 9.876932928578251447e-01
6.326585890000000290e+03 9.903496278335685021e-01
6.326618790000000445e+03 1.000368716058111618e+00
6.326651700000000346e+03 1.004276119052130767e+00
6.326684599999999591e+03 1.000138618696217341e+00
6.326717499999999745e+03 9.897956301631090081e-01
6.326750399999999900e+03 9.866488615207738011e-01
6.326783309999999801e+03 1.003488057028651959e+00
6.326816209999999955e+03 1.017251156355605479e+00
6.326849110000000110e+03 1.002993174039102264e+00
6.326882010000000264e+03 9.968023650122184165e-01
6.326914920000000166e+03 9.957303170335211062e-01
6.326947820000000320e+03 1.003508426283338917e+00
6.326980719999999565e+03 9.967785296204568768e-01
6.327013630000000376e+03 9.934714300232264650e-01
6.327046529999999620e+03 1.002206491460358340e+00
6.327079429999999775e+03 1.001117046637254315e+00
6.327112339999999676e+03 1.009692135068856578e+00
6.327145239999999831e+03 1.014178720786750310e+00
6.327178149999999732e+03 9.957402007627919049e-01
6.327211049999999886e+03 9.954895353931287882e-01
6.327243959999999788e+03 1.012727656915564545e+00
6.327276859999999942e+03 1.006852204433164477e+00
6.327309769999999844e+03 1.011613678970892716e+00
6.327342669999999998e+03 9.888212120897922341e-01
6.327375579999999900e+03 1.007196141750874130e+00
6.327408480000000054e+03 1.000417742809875055e+00
6.327441389999999956e+03 9.965141306760090245e-01
6.327474290000000110e+03 1.007228351193092397e+00
6.327507200000000012e+03 1.010395224163286532e+00
6.327540109999999913e+03 1.003181008954855624e+00
6.327573010000000068e+03 9.993954356273013762e-01
6.327605919999999969e+03 1.002521712584859559e+00
6.327638829999999871e+03 1.005021973869218765e+00
6.327671730000000025e+03 9.996920890845287788e-01
6.327704639999999927e+03 1.017026955262731791e+00
6.327737549999999828e+03 9.897213857875276632e-01
6.327770459999999730e+03 9.814867916625797939e-01
6.327803359999999884e+03 1.000259912392557515e+00
6.327836269999999786e+03 1.003485944751481229e+00
6.327869179999999687e+03 1.001448104630621172e+00
6.327902089999999589e+03 1.002900363045757581e+00
6.327935000000000400e+03 1.008681149161440693e+00
6.327967899999999645e+03 1.008549614957005236e+00
6.328000809999999547e+03 9.962075152850048410e-01
6.328033720000000358e+03 9.982677980415752828e-01
6.328066630000000259e+03 9.929688596498404962e-01
6.328099540000000161e+03 9.897430991138373990e-01
6.328132450000000063e+03 1.009374763616394111e+00
6.328165359999999964e+03 1.012896453228322224e+00
6.328198269999999866e+03 1.017659553215953361e+00
6.328231179999999767e+03 1.008617567839388274e+00
6.328264089999999669e+03 9.927889751621042924e-01
6.328296999999999571e+03 9.970688928653920202e-01
6.328329910000000382e+03 1.011773035617504535e+00
6.328362820000000283e+03 1.005286474544810904e+00
6.328395730000000185e+03 9.931058081704546847e-01
6.328428640000000087e+03 1.000507516692670462e+00
6.328461549999999988e+03 9.923528829342825874e-01
6.328494459999999890e+03 1.009044892104651536e+00
6.328527380000000448e+03 1.003285930266401227e+00
6.328560290000000350e+03 1.006043045261086011e+00
6.328593200000000252e+03 1.007439640935251735e+00
6.328626110000000153e+03 1.001609538533372978e+00
6.328659020000000055e+03 9.911311167137458744e-01
6.328691939999999704e+03 9.971282288103754388e-01
6.328724849999999606e+03 9.949032671984229248e-01
6.328757760000000417e+03 9.984564564373418216e-01
6.328790670000000318e+03 1.014418480612909068e+00
6.328823589999999967e+03 9.903697972666648530e-01
6.328856499999999869e+03 9.990430894825643726e-01
6.328889409999999771e+03 1.009524922151948001e+00
6.328922330000000329e+03 9.967799109178170358e-01
6.328955240000000231e+03 9.966792626663392163e-01
6.328988150000000132e+03 9.963728717287011483e-01
6.329021069999999781e+03 1.007198993184443392e+00
6.329053979999999683e+03 1.007152167888035521e+00
6.329086900000000242e+03 9.984067314826374773e-01
6.329119810000000143e+03 9.925138284740554484e-01
6.329152729999999792e+03 9.927275462167615139e-01
6.329185639999999694e+03 9.953422555672468697e-01
6.329218560000000252e+03 9.930592150191934753e-01
6.329251470000000154e+03 9.910525729803982831e-01
6.329284389999999803e+03 9.916757679913028589e-01
6.329317299999999705e+03 9.904980249672321602e-01
6.329350220000000263e+03 9.878117996714027571e-01
6.329383130000000165e+03 1.003737300585781478e+00
6.329416049999999814e+03 9.971020527632601382e-01
6.329448970000000372e+03 9.963493657825975847e-01
6.329481880000000274e+03 9.744379265916703892e-01
6.329514799999999923e+03 9.716650393922333651e-01
6.329547719999999572e+03 9.919980636411175334e-01
6.329580630000000383e+03 9.992013629225293680e-01
6.329613550000000032e+03 1.010657864406112383e+00
6.329646469999999681e+03 1.015411830296973683e+00
6.329679390000000240e+03 9.953361579205920462e-01
6.329712300000000141e+03 9.999320317842922412e-01
6.329745219999999790e+03 9.974880610988939855e-01
6.329778140000000349e+03 9.919272412839192921e-01
6.329811059999999998e+03 9.842443194199423928e-01
6.329843969999999899e+03 9.908030597025684338e-01
6.329876889999999548e+03 9.855662122094752675e-01
6.329909810000000107e+03 9.973378999513501375e-01
6.329942729999999756e+03 1.006812316452738276e+00
6.329975650000000314e+03 9.928900734923331584e-01
6.330008569999999963e+03 9.846481213096252016e-01
6.330041489999999612e+03 9.909501287884328047e-01
6.330074410000000171e+03 1.004806075560477074e+00
6.330107329999999820e+03 1.003282685349258019e+00
6.330140250000000378e+03 9.852001331376453175e-01
6.330173170000000027e+03 1.001252689846827915e+00
6.330206089999999676e+03 9.693115097973213912e-01
6.330239010000000235e+03 9.627282391982828758e-01
6.330271929999999884e+03 9.763344095391220945e-01
6.330304850000000442e+03 9.830805509759454885e-01
6.330337770000000091e+03 9.946020800959088914e-01
6.330370689999999740e+03 9.968372051487331964e-01
6.330403610000000299e+03 9.812840707150198849e-01
6.330436529999999948e+03 9.771359083444410842e-01
6.330469460000000254e+03 9.870065730588093444e-01
6.330502379999999903e+03 9.902804673398936108e-01
6.330535299999999552e+03 9.843273364796376601e-01
6.330568220000000110e+03 9.904287081423183148e-01
6.330601139999999759e+03 9.719893191501447482e-01
6.330634070000000065e+03 9.712604141378459177e-01
6.330666989999999714e+03 9.846465436190776632e-01
6.330699910000000273e+03 9.856569230999077114e-01
6.330732829999999922e+03 9.910142374349198979e-01
6.330765760000000228e+03 9.956932081144683755e-01
6.330798679999999877e+03 1.000764959631626594e+00
6.330831600000000435e+03 9.991427614037637905e-01
6.330864529999999831e+03 9.855370515601111769e-01
6.330897450000000390e+03 9.901193968952343161e-01
6.330930370000000039e+03 9.993297089020358737e-01
6.330963300000000345e+03 9.986750400813634299e-01
6.330996219999999994e+03 9.929196436106632051e-01
6.331029150000000300e+03 9.867397392137318146e-01
6.331062069999999949e+03 1.000196215169786740e+00
6.331095000000000255e+03 1.007645982365625414e+00
6.331127919999999904e+03 9.842168479239624679e-01
6.331160850000000210e+03 9.867090434745285910e-01
6.331193769999999859e+03 9.997669329351989154e-01
6.331226700000000164e+03 9.980323341362502543e-01
6.331259619999999813e+03 1.000490594449525705e+00
6.331292550000000119e+03 1.010374295997484628e+00
6.331325480000000425e+03 1.013917734558561046e+00
6.331358400000000074e+03 9.983341791630478967e-01
6.331391330000000380e+03 9.832804627873998893e-01
6.331424250000000029e+03 9.987327779501543601e-01
6.331457180000000335e+03 1.001091479351812419e+00
6.331490109999999731e+03 9.896203056001710019e-01
6.331523040000000037e+03 1.008262902443171738e+00
6.331555959999999686e+03 1.004545628762301135e+00
6.331588889999999992e+03 9.913964254039594470e-01
6.331621820000000298e+03 9.940333651786915636e-01
6.331654749999999694e+03 9.939432609766345461e-01
6.331687670000000253e+03 9.981922339300077773e-01
6.331720599999999649e+03 1.007486685745927701e+00
6.331753529999999955e+03 9.962939707312904458e-01
6.331786460000000261e+03 9.926468926427807205e-01
6.331819389999999657e+03 9.842865714869992733e-01
6.331852319999999963e+03 9.941243964787629395e-01
6.331885239999999612e+03 9.985093971570369042e-01
6.331918169999999918e+03 1.001755426214382405e+00
6.331951100000000224e+03 9.972406326320266690e-01
6.331984029999999620e+03 9.877549129085680946e-01
6.332016959999999926e+03 9.904218300644450634e-01
6.332049890000000232e+03 9.893820346536928989e-01
6.332082819999999629e+03 9.917671803997915037e-01
6.332115749999999935e+03 1.001660278473248233e+00
6.332148680000000240e+03 1.001046114739985615e+00
6.332181609999999637e+03 9.921721981736262297e-01
6.332214539999999943e+03 9.898247655061714889e-01
6.332247470000000249e+03 1.004390050106021892e+00
6.332280399999999645e+03 9.954723656503715601e-01
6.332313339999999698e+03 1.004478989005198386e+00
6.332346270000000004e+03 9.998576207075794420e-01
6.332379200000000310e+03 1.000779296001436336e+00
6.332412129999999706e+03 9.916780349970063524e-01
6.332445060000000012e+03 9.988962107606100815e-01
6.332477990000000318e+03 9.879215398829701567e-01
6.332510930000000371e+03 9.881557192859665717e-01
6.332543859999999768e+03 9.951788597793079783e-01
6.332576790000000074e+03 9.812652565576043262e-01
6.332609720000000380e+03 9.684129860272541190e-01
6.332642660000000433e+03 9.595015722552096005e-01
6.332675589999999829e+03 9.644717057367938606e-01
6.332708520000000135e+03 9.525184016737977544e-01
6.332741460000000188e+03 9.807126120668112623e-01
6.332774389999999585e+03 9.785204485911117578e-01
6.332807319999999891e+03 9.941135347332219485e-01
6.332840259999999944e+03 9.931460835552575750e-01
6.332873190000000250e+03 1.000502153648664017e+00
6.332906130000000303e+03 1.002587177848998978e+00
6.332939059999999699e+03 1.003880531157739453e+00
6.332971990000000005e+03 1.001903814223627176e+00
6.333004930000000058e+03 9.941005777666419574e-01
6.333037860000000364e+03 9.876162080851806913e-01
6.333070800000000418e+03 9.813604235673896170e-01
6.333103729999999814e+03 9.847908134963241356e-01
6.333136669999999867e+03 9.918131874932404335e-01
6.333169609999999921e+03 9.797415210099655880e-01
6.333202540000000226e+03 9.952335503220881563e-01
6.333235480000000280e+03 1.005134538708632785e+00
6.333268409999999676e+03 9.958256644714322814e-01
6.333301349999999729e+03 9.912145475957869767e-01
6.333334289999999783e+03 1.002731851930119378e+00
6.333367220000000088e+03 9.984436308203286092e-01
6.333400160000000142e+03 9.882059469188343437e-01
6.333433100000000195e+03 9.827516888109302240e-01
6.333466029999999591e+03 9.849496248702676038e-01
6.333498969999999645e+03 9.982012529094312914e-01
6.333531909999999698e+03 1.002022635294244957e+00
6.333564849999999751e+03 9.947370809505100553e-01
6.333597780000000057e+03 9.962081881124537075e-01
6.333630720000000110e+03 1.000917106414802360e+00
6.333663660000000164e+03 9.978981231227631588e-01
6.333696600000000217e+03 9.950445697491282493e-01
6.333729540000000270e+03 1.002851126906595614e+00
6.333762480000000323e+03 9.897709817206116201e-01
6.333795409999999720e+03 9.848586414118604138e-01
6.333828349999999773e+03 9.798609758776147816e-01
6.333861289999999826e+03 9.892921719073536346e-01
6.333894229999999880e+03 1.003378769109354973e+00
6.333927169999999933e+03 1.007003474995819436e+00
6.333960109999999986e+03 1.006389146679549373e+00
6.333993050000000039e+03 1.001136361292619403e+00
6.334025990000000093e+03 1.010890970025066116e+00
6.334058930000000146e+03 1.016516280713597009e+00
6.334091870000000199e+03 1.000969102780309372e+00
6.334124810000000252e+03 9.885888116512624446e-01
6.334157750000000306e+03 1.010122982810197634e+00
6.334190690000000359e+03 1.002868845607931547e+00
6.334223630000000412e+03 1.002291529461904807e+00
6.334256580000000213e+03 1.007403492716666848e+00
6.334289520000000266e+03 9.950665563942583391e-01
6.334322460000000319e+03 9.954003139031128988e-01
6.334355400000000373e+03 1.008420016341802894e+00
6.334388340000000426e+03 1.003317396272604523e+00
6.334421279999999570e+03 9.984741196501520921e-01
6.334454230000000280e+03 1.002430357880696565e+00
6.334487170000000333e+03 9.924487995197972534e-01
6.334520110000000386e+03 1.003645866866207159e+00
6.334553060000000187e+03 1.002056959650957868e+00
6.334586000000000240e+03 1.003814235002418398e+00
6.334618940000000293e+03 1.001568602952944032e+00
6.334651880000000347e+03 9.957275248023392811e-01
6.334684830000000147e+03 9.983016782783508125e-01
6.334717770000000201e+03 9.975545855822403052e-01
6.334750720000000001e+03 9.923737447593107275e-01
6.334783660000000054e+03 9.997996107681818012e-01
6.334816600000000108e+03 9.982867809891590172e-01
6.334849549999999908e+03 9.938288002000689181e-01
6.334882489999999962e+03 9.985459130025676755e-01
6.334915439999999762e+03 9.938229175415423944e-01
6.334948379999999815e+03 9.959794631999584480e-01
6.334981329999999616e+03 1.000040543966145279e+00
6.335014269999999669e+03 9.977013405938621737e-01
6.335047220000000380e+03 1.030619353045878039e+00
6.335080160000000433e+03 1.005380455541384555e+00
6.335113110000000233e+03 9.954121509948606894e-01
6.335146050000000287e+03 9.915948229015487669e-01
6.335179000000000087e+03 1.001873239625985734e+00
6.335211949999999888e+03 1.004764061126474761e+00
6.335244889999999941e+03 9.932155406439089340e-01
6.335277839999999742e+03 9.888053414359300186e-01
6.335310790000000452e+03 9.978880201025167596e-01
6.335343729999999596e+03 1.004378072088837559e+00
6.335376680000000306e+03 1.001678027131119419e+00
6.335409630000000107e+03 1.004361595422078590e+00
6.335442579999999907e+03 1.006113483651810414e+00
6.335475519999999960e+03 9.814284738291361165e-01
6.335508469999999761e+03 1.017196689070124727e+00
6.335541419999999562e+03 1.011976943613472679e+00
6.335574370000000272e+03 9.962496214120434290e-01
6.335607310000000325e+03 9.927155528640839721e-01
6.335640260000000126e+03 9.940170457909244250e-01
6.335673209999999926e+03 9.900610291907294691e-01
6.335706159999999727e+03 9.872653661428085758e-01
6.335739110000000437e+03 1.001930457530209706e+00
6.335772060000000238e+03 1.007098523976374782e+00
6.335805010000000038e+03 9.989759154868153024e-01
6.335837959999999839e+03 9.956265032846319807e-01
6.335870909999999640e+03 9.967527564661222694e-01
6.335903860000000350e+03 1.000176135037353919e+00
6.335936810000000150e+03 9.922592192439999570e-01
6.335969759999999951e+03 1.001679994139242247e+00
6.336002709999999752e+03 1.011360560791855434e+00
6.336035659999999552e+03 1.005742024091495157e+00
6.336068610000000263e+03 9.885856950402883703e-01
6.336101560000000063e+03 9.996718459879483376e-01
6.336134509999999864e+03 9.979113673480975999e-01
6.336167459999999664e+03 1.002422746484277205e+00
6.336200410000000375e+03 1.010572503691377300e+00
6.336233360000000175e+03 1.001131515706929376e+00
6.336266319999999723e+03 1.002015640782836892e+00
6.336299270000000433e+03 1.011352018442195355e+00
6.336332220000000234e+03 1.009830929100377084e+00
6.336365170000000035e+03 1.007949777319736784e+00
6.336398119999999835e+03 9.989654864661610123e-01
6.336431080000000293e+03 9.953288696124410473e-01
6.336464030000000093e+03 1.002301917832442157e+00
6.336496979999999894e+03 9.874845049472877889e-01
6.336529940000000352e+03 1.012024798231925704e+00
6.336562890000000152e+03 1.015629134443791326e+00
6.336595839999999953e+03 1.007957093199760568e+00
6.336628800000000410e+03 9.932581627754868414e-01
6.336661750000000211e+03 9.961270431087243526e-01
6.336694700000000012e+03 9.901966836834878993e-01
6.336727659999999560e+03 9.891609472141266179e-01
6.336760610000000270e+03 9.984326656872624106e-01
6.336793569999999818e+03 9.978142877368372243e-01
6.336826519999999618e+03 9.923093926479091831e-01
6.336859480000000076e+03 1.000525392793562451e+00
6.336892429999999877e+03 1.015724986716568967e+00
6.336925390000000334e+03 1.016067161421233545e+00
6.336958340000000135e+03 1.009277728446350775e+00
6.336991299999999683e+03 1.003177440207849713e+00
6.337024250000000393e+03 1.005008685957818892e+00
6.337057209999999941e+03 9.970228766748384652e-01
6.337090159999999742e+03 1.010811554698007209e+00
6.337123120000000199e+03 1.019154394461217139e+00
6.337156079999999747e+03 1.003372944295653379e+00
6.337189029999999548e+03 9.977998565032329958e-01
6.337221990000000005e+03 1.001141351575978167e+00
6.337254949999999553e+03 1.011758035448922843e+00
6.337287900000000263e+03 1.012178876893210955e+00
6.337320859999999811e+03 1.002614730443456503e+00
6.337353820000000269e+03 1.003755861329469479e+00
6.337386779999999817e+03 9.983103217715775246e-01
6.337419729999999618e+03 9.851627495741313023e-01
6.337452690000000075e+03 9.912859951434067618e-01
6.337485649999999623e+03 1.002236917602353117e+00
6.337518610000000081e+03 1.004080842207272894e+00
6.337551569999999629e+03 1.001017216769358731e+00
6.337584520000000339e+03 1.003173676190731500e+00
6.337617479999999887e+03 9.970148047676562486e-01
6.337650440000000344e+03 9.978506299326079798e-01
6.337683399999999892e+03 1.003310458986441889e+00
6.337716360000000350e+03 9.922411970931097613e-01
6.337749319999999898e+03 1.007640545338500448e+00
6.337782280000000355e+03 1.016074735794967765e+00
6.337815239999999903e+03 1.005717191804441857e+00
6.337848200000000361e+03 1.011825708689199521e+00
6.337881159999999909e+03 1.007442127499669882e+00
6.337914120000000366e+03 9.931076425889606707e-01
6.337947079999999914e+03 9.936380743994388531e-01
6.337980040000000372e+03 9.796074557029227359e-01
6.338012999999999920e+03 9.919478954616439692e-01
6.338045960000000377e+03 1.003997413855171716e+00
6.338078919999999925e+03 9.888093588048494365e-01
6.338111890000000130e+03 9.955012463335082273e-01
6.338144849999999678e+03 9.852905070077931926e-01
6.338177810000000136e+03 9.997409576755138527e-01
6.338210769999999684e+03 1.006258153083228191e+00
6.338243730000000141e+03 9.986681613164816174e-01
6.338276689999999689e+03 1.007029749154538800e+00
6.338309659999999894e+03 1.005878796379926943e+00
6.338342620000000352e+03 9.972807600041241338e-01
6.338375579999999900e+03 9.997255891949229367e-01
6.338408540000000357e+03 9.993969132720464943e-01
6.338441509999999653e+03 9.986197165263094311e-01
6.338474470000000110e+03 9.936785788930118102e-01
6.338507429999999658e+03 1.005043637266374912e+00
6.338540399999999863e+03 1.001271311001872943e+00
6.338573360000000321e+03 1.006240901329277460e+00
6.338606329999999616e+03 1.008491864270990801e+00
6.338639290000000074e+03 9.986843442226489564e-01
6.338672249999999622e+03 9.960870530324241745e-01
6.338705219999999827e+03 1.022050545871583394e+00
6.338738180000000284e+03 1.011297973109640980e+00
6.338771149999999579e+03 9.932627854694043856e-01
6.338804110000000037e+03 9.918641916727503061e-01
6.338837080000000242e+03 9.953193450389876684e-01
6.338870039999999790e+03 9.985773239950795910e-01
6.338903009999999995e+03 1.005950617017795867e+00
6.338935970000000452e+03 1.013951485074549685e+00
6.338968939999999748e+03 1.014771908307123605e+00
6.339001900000000205e+03 1.009802329810718158e+00
6.339034870000000410e+03 9.920675740327274950e-01
6.339067839999999705e+03 9.882670013412339083e-01
6.339100800000000163e+03 1.001259537346662398e+00
6.339133770000000368e+03 9.985099367870713394e-01
6.339166739999999663e+03 9.914787363638707385e-01
6.339199700000000121e+03 9.989388358220453457e-01
6.339232670000000326e+03 1.006617922622243366e+00
6.339265639999999621e+03 1.002749873275728509e+00
6.339298609999999826e+03 9.968546783852547666e-01
6.339331570000000283e+03 1.009432264322030148e+00
6.339364539999999579e+03 1.015042008894181835e+00
6.339397509999999784e+03 1.008822489720631488e+00
6.339430479999999989e+03 1.002343179576864918e+00
6.339463450000000194e+03 9.997902202080751755e-01
6.339496409999999742e+03 1.002577106323583989e+00
6.339529379999999946e+03 9.969990154583502351e-01
6.339562350000000151e+03 9.975774508153176789e-01
6.339595320000000356e+03 1.000463950164535154e+00
6.339628289999999652e+03 1.011296933221335070e+00
6.339661259999999857e+03 1.007498567562434832e+00
6.339694230000000061e+03 1.010170288351754930e+00
6.339727200000000266e+03 1.001140665176741384e+00
6.339760169999999562e+03 1.001847710482810738e+00
6.339793139999999767e+03 1.005443567656445047e+00
6.339826109999999971e+03 9.947162768542893163e-01
6.339859080000000176e+03 1.003728348793655245e+00
6.339892050000000381e+03 1.013657807067564143e+00
6.339925019999999677e+03 1.006595393847072417e+00
6.339957989999999882e+03 1.004400341023109267e+00
6.339990960000000086e+03 1.005054537131303549e+00
6.340023930000000291e+03 1.006194651734918066e+00
6.340056910000000244e+03 1.010764581399638873e+00
6.340089880000000448e+03 1.000198077443722910e+00
6.340122849999999744e+03 9.999778084033729142e-01
6.340155819999999949e+03 1.009882991840183930e+00
6.340188790000000154e+03 1.007313830492457152e+00
6.340221760000000359e+03 1.007412796961507651e+00
6.340254740000000311e+03 9.924330592792000028e-01
6.340287709999999606e+03 9.940143693682382819e-01
6.340320679999999811e+03 9.926751726638466389e-01
6.340353659999999763e+03 9.958165586774867517e-01
6.340386629999999968e+03 9.987921304331348615e-01
6.340419600000000173e+03 1.005902326999229546e+00
6.340452580000000125e+03 1.006011454870461064e+00
6.340485550000000330e+03 1.010561159829736377e+00
6.340518519999999626e+03 1.014317929358172998e+00
6.340551499999999578e+03 1.006007088532046234e+00
6.340584469999999783e+03 9.995958827643797173e-01
6.340617449999999735e+03 1.004443884447824509e+00
6.340650419999999940e+03 1.007165670890793008e+00
6.340683390000000145e+03 9.932874503833194479e-01
6.340716370000000097e+03 1.005250977281751723e+00
6.340749340000000302e+03 9.999561561805436760e-01
6.340782320000000254e+03 9.931794373979766499e-01
6.340815289999999550e+03 9.912666362823723265e-01
6.340848270000000412e+03 9.889384997152551593e-01
6.340881250000000364e+03 1.012987428161725489e+00
6.340914219999999659e+03 1.007757257998507239e+00
6.340947199999999611e+03 9.925832879011634580e-01
6.340980169999999816e+03 9.963890884309019036e-01
6.341013149999999769e+03 1.005966558256906840e+00
6.341046129999999721e+03 1.005121897617439197e+00
6.341079099999999926e+03 1.010487973188405109e+00
6.341112079999999878e+03 1.017108472083862347e+00
6.341145059999999830e+03 1.013684566515401730e+00
6.341178039999999783e+03 1.000515282443750209e+00
6.341211009999999987e+03 9.887662831503601923e-01
6.341243989999999940e+03 1.002137837883228855e+00
6.341276969999999892e+03 1.001506862494411898e+00
6.341309949999999844e+03 1.019949659498260441e+00
6.341342920000000049e+03 1.012404400920698055e+00
6.341375900000000001e+03 1.007407551631225306e+00
6.341408879999999954e+03 1.010485130379163099e+00
6.341441859999999906e+03 1.017027320999218221e+00
6.341474839999999858e+03 1.000901358831937982e+00
6.341507819999999811e+03 1.012852056845635840e+00
6.341540799999999763e+03 1.011885775211458283e+00
6.341573779999999715e+03 1.001224960931781149e+00
6.341606749999999920e+03 9.987940702011105509e-01
6.341639729999999872e+03 1.002178519222121089e+00
6.341672709999999825e+03 1.009865287470336215e+00
6.341705689999999777e+03 1.000915201184598091e+00
6.341738669999999729e+03 9.916132968748242460e-01
6.341771649999999681e+03 9.987126866781442791e-01
6.341804640000000290e+03 9.895921185871372483e-01
6.341837620000000243e+03 9.869443856743737031e-01
6.341870600000000195e+03 9.915053768126050882e-01
6.341903580000000147e+03 1.009181942636868667e+00
6.341936560000000100e+03 1.001261833403760626e+00
6.341969540000000052e+03 1.004702355899558253e+00
6.342002520000000004e+03 1.004578352614623693e+00
6.342035499999999956e+03 9.982579323563025575e-01
6.342068489999999656e+03 1.019411000030969072e+00
6.342101469999999608e+03 1.004583810544918299e+00
6.342134449999999561e+03 9.958050069550399286e-01
6.342167430000000422e+03 1.002465885348165386e+00
6.342200410000000375e+03 1.003103176289174892e+00
6.342233400000000074e+03 9.947253298694185286e-01
6.342266380000000026e+03 9.967417754786036532e-01
6.342299359999999979e+03 1.006144080886941738e+00
6.342332349999999678e+03 1.007847284983373282e+00
6.342365329999999631e+03 1.003723826760594129e+00
6.342398309999999583e+03 1.004299747435733359e+00
6.342431300000000192e+03 1.012660198730982675e+00
6.342464280000000144e+03 1.008592476289844386e+00
6.342497269999999844e+03 1.006655205661446839e+00
6.342530249999999796e+03 1.003872566519208087e+00
6.342563229999999749e+03 1.009664706741394191e+00
6.342596220000000358e+03 1.026669769363449003e+00
6.342629200000000310e+03 1.004852573559199769e+00
6.342662190000000010e+03 9.978195686783001284e-01
6.342695169999999962e+03 1.009327911960948398e+00
6.342728159999999662e+03 1.022026002911900600e+00
6.342761139999999614e+03 1.012026504229674106e+00
6.342794130000000223e+03 1.014922311116335019e+00
6.342827119999999923e+03 1.007797163432371024e+00
6.342860099999999875e+03 9.957639655179373328e-01
6.342893089999999575e+03 9.974707214270787103e-01
6.342926070000000436e+03 9.971187716163621984e-01
6.342959060000000136e+03 9.750907295442213796e-01
6.342992049999999836e+03 9.552088084578962413e-01
6.343025029999999788e+03 9.670152139572721905e-01
6.343058020000000397e+03 9.770287716762471319e-01
6.343091010000000097e+03 9.954332152104015119e-01
6.343123999999999796e+03 1.005407034693081014e+00
6.343156979999999749e+03 1.014668392646316697e+00
6.343189970000000358e+03 1.004729928400037053e+00
6.343222960000000057e+03 9.998326119724582073e-01
6.343255949999999757e+03 1.017578330414074639e+00
6.343288940000000366e+03 1.023802913886118215e+00
6.343321920000000318e+03 1.011189437294243820e+00
6.343354910000000018e+03 1.014839556868227577e+00
6.343387899999999718e+03 1.014475007187344291e+00
6.343420890000000327e+03 1.016388046932271694e+00
6.343453880000000026e+03 1.019639453963695264e+00
6.343486869999999726e+03 1.016176618226612982e+00
6.343519860000000335e+03 1.016705131040829047e+00
6.343552850000000035e+03 1.012718667639026071e+00
6.343585839999999735e+03 1.004217478818434817e+00
6.343618830000000344e+03 1.003322749047389495e+00
6.343651820000000043e+03 1.007490978855547281e+00
6.343684809999999743e+03 1.015016106506942739e+00
6.343717800000000352e+03 1.003496150264216125e+00
6.343750790000000052e+03 1.007813533466630940e+00
6.343783779999999751e+03 1.008735249971623338e+00
6.343816770000000361e+03 1.010455241078477284e+00
6.343849760000000060e+03 1.005697090146584038e+00
6.343882749999999760e+03 1.006283080429655641e+00
6.343915740000000369e+03 1.022767266706126499e+00
6.343948739999999816e+03 1.012048214748469954e+00
6.343981730000000425e+03 1.017094220197710230e+00
6.344014720000000125e+03 1.005711084346993189e+00
6.344047709999999825e+03 1.006978845359491226e+00
6.344080700000000434e+03 1.022015646412324452e+00
6.344113699999999881e+03 1.031881176230449615e+00
6.344146689999999580e+03 1.025545282222509513e+00
6.344179680000000189e+03 1.023105599127539289e+00
6.344212679999999636e+03 1.026322074588487565e+00
6.344245670000000246e+03 1.021348395067807058e+00
6.344278659999999945e+03 1.018721855128754683e+00
6.344311660000000302e+03 1.023120171731028538e+00
6.344344650000000001e+03 1.029896608485839860e+00
6.344377639999999701e+03 1.021756109188772799e+00
6.344410640000000058e+03 1.027907099411770719e+00
6.344443629999999757e+03 1.022090460247852217e+00
6.344476630000000114e+03 1.029837455916684297e+00
6.344509619999999813e+03 1.032015353165443461e+00
6.344542620000000170e+03 1.020481889659512698e+00
6.344575609999999870e+03 1.006352140826604957e+00
6.344608610000000226e+03 1.011448403577508648e+00
6.344641599999999926e+03 1.023114856633070779e+00
6.344674600000000282e+03 1.026459308153460315e+00
6.344707589999999982e+03 1.029146942562159772e+00
6.344740590000000338e+03 1.025890607196408899e+00
6.344773580000000038e+03 1.025215571583664609e+00
6.344806580000000395e+03 1.030242371126932843e+00
6.344839579999999842e+03 1.025766769759502761e+00
6.344872570000000451e+03 1.014158787302004372e+00
6.344905569999999898e+03 1.017309261484901084e+00
6.344938570000000254e+03 1.025676403339984777e+00
6.344971559999999954e+03 1.026840736107142993e+00
6.345004560000000311e+03 1.031024072673047076e+00
6.345037559999999758e+03 1.024563721006129580e+00
6.345070550000000367e+03 1.036192667702401815e+00
6.345103549999999814e+03 1.029451325753623303e+00
6.345136550000000170e+03 1.038499798147024089e+00
6.345169549999999617e+03 1.026722699341574341e+00
6.345202549999999974e+03 1.031704977777031296e+00
6.345235539999999673e+03 1.036093093170976642e+00
6.345268540000000030e+03 1.018506551793564974e+00
6.345301540000000386e+03 1.037284310048699476e+00
6.345334539999999834e+03 1.046263457923925833e+00
6.345367540000000190e+03 1.041354270761175593e+00
6.345400539999999637e+03 1.027311571412514279e+00
6.345433539999999994e+03 1.027501673870375054e+00
6.345466540000000350e+03 1.045396418510806447e+00
6.345499539999999797e+03 1.043889993670438887e+00
6.345532540000000154e+03 1.041390703163797449e+00
6.345565539999999601e+03 1.048588305528501463e+00
6.345598539999999957e+03 1.037745754859815461e+00
6.345631540000000314e+03 1.036154354715852266e+00
6.345664539999999761e+03 1.045080800010919297e+00
6.345697540000000117e+03 1.035240048419158843e+00
6.345730539999999564e+03 1.037934613032207354e+00
6.345763539999999921e+03 1.025341902378238634e+00
6.345796540000000277e+03 1.029585263000542428e+00
6.345829539999999724e+03 1.045034411768585025e+00
6.345862549999999828e+03 1.041716603222638593e+00
6.345895550000000185e+03 1.026786914608864842e+00
6.345928549999999632e+03 1.036332902190231220e+00
6.345961549999999988e+03 1.030169531025532770e+00
6.345994550000000345e+03 1.037901829073327065e+00
6.346027560000000449e+03 1.027055030550795056e+00
6.346060559999999896e+03 1.019617828821638872e+00
6.346093560000000252e+03 1.025004973623110605e+00
6.346126559999999699e+03 1.035717482260715361e+00
6.346159569999999803e+03 1.021806412143227982e+00
6.346192570000000160e+03 1.015871542566877395e+00
6.346225569999999607e+03 1.041207380583402342e+00
6.346258579999999711e+03 1.046587929380034643e+00
6.346291580000000067e+03 1.041052593255548997e+00
6.346324590000000171e+03 1.038754804028606094e+00
6.346357589999999618e+03 1.025329957428845473e+00
6.346390589999999975e+03 1.034777692059277721e+00
6.346423600000000079e+03 1.036179303870612856e+00
6.346456600000000435e+03 1.035712269719439194e+00
6.346489609999999630e+03 1.043463947107101886e+00
6.346522609999999986e+03 1.030837808514689646e+00
6.346555620000000090e+03 1.040286879559980893e+00
6.346588620000000446e+03 1.034792745451210916e+00
6.346621629999999641e+03 1.029619432413914293e+00
6.346654639999999745e+03 1.019730998663738619e+00
6.346687640000000101e+03 1.014949070849992419e+00
6.346720650000000205e+03 1.031546798680021748e+00
6.346753649999999652e+03 1.029455400676168031e+00
6.346786659999999756e+03 1.019333180944731243e+00
6.346819669999999860e+03 1.018446467694281266e+00
6.346852670000000217e+03 1.030032862170166652e+00
6.346885680000000320e+03 1.028442874563487486e+00
6.346918690000000424e+03 1.022997819875191672e+00
6.346951689999999871e+03 1.017060278333478340e+00
6.346984699999999975e+03 1.020726064300250036e+00
6.347017710000000079e+03 1.035465545850922986e+00
6.347050720000000183e+03 1.028668473905857805e+00
6.347083730000000287e+03 1.010227121989903942e+00
6.347116729999999734e+03 1.016763987379713852e+00
6.347149739999999838e+03 1.032505813001442396e+00
6.347182749999999942e+03 1.024614644644569639e+00
6.347215760000000046e+03 1.016473344942519619e+00
6.347248770000000150e+03 1.023527568211156424e+00
6.347281780000000253e+03 1.023262013492080902e+00
6.347314790000000357e+03 1.030121369488341099e+00
6.347347799999999552e+03 1.030583682852388883e+00
6.347380799999999908e+03 1.018947388595661252e+00
6.347413810000000012e+03 1.007553581469565529e+00
6.347446820000000116e+03 1.016658627617028632e+00
6.347479830000000220e+03 1.024137301415518397e+00
6.347512840000000324e+03 1.017452272791847578e+00
6.347545850000000428e+03 1.003540548394420417e+00
6.347578870000000279e+03 9.969260570238338559e-01
6.347611880000000383e+03 9.750443321480234404e-01
6.347644889999999577e+03 9.807408523775038578e-01
6.347677899999999681e+03 1.002299821492276477e+00
6.347710909999999785e+03 1.015857969246150905e+00
6.347743919999999889e+03 1.026702523091803876e+00
6.347776929999999993e+03 1.028044066970033699e+00
6.347809940000000097e+03 1.020930408157178393e+00
6.347842959999999948e+03 1.015435978734007705e+00
6.347875970000000052e+03 1.005725544690716511e+00
6.347908980000000156e+03 9.920570802984666203e-01
6.347941990000000260e+03 1.003224275455485870e+00
6.347975010000000111e+03 1.018240614683508349e+00
6.348008020000000215e+03 1.015656971780390050e+00
6.348041030000000319e+03 1.024799576140533297e+00
6.348074040000000423e+03 1.030915283268276195e+00
6.348107060000000274e+03 1.042280515630830795e+00
6.348140070000000378e+03 1.023684505677982193e+00
6.348173079999999572e+03 1.016314266596453075e+00
6.348206100000000333e+03 1.013418901624440371e+00
6.348239110000000437e+03 1.029659399787934415e+00
6.348272130000000288e+03 1.037537432701114870e+00
6.348305140000000392e+03 1.028227703793637815e+00
6.348338160000000244e+03 1.028110697706758669e+00
6.348371170000000347e+03 1.038806350045287985e+00
6.348404180000000451e+03 1.029418697924090020e+00
6.348437200000000303e+03 1.027307314531737958e+00
6.348470210000000407e+03 1.029561965918898592e+00
6.348503230000000258e+03 1.034696270030171839e+00
6.348536250000000109e+03 1.033368040663535714e+00
6.348569260000000213e+03 1.033010246888160788e+00
6.348602280000000064e+03 1.034718402809390536e+00
6.348635290000000168e+03 1.027710024142590273e+00
6.348668310000000019e+03 1.030146354800829167e+00
6.348701329999999871e+03 1.027105455312287807e+00
6.348734339999999975e+03 1.032163797486543189e+00
6.348767359999999826e+03 1.041244821385187480e+00
6.348800379999999677e+03 1.040865371591884969e+00
6.348833389999999781e+03 1.057037451139915429e+00
6.348866409999999632e+03 1.035341232991259686e+00
6.348899430000000393e+03 1.035987588296378936e+00
6.348932450000000244e+03 1.014298424491473227e+00
6.348965460000000348e+03 1.047971820203334792e+00
6.348998480000000200e+03 1.041473656227601019e+00
6.349031500000000051e+03 1.025121769396837301e+00
6.349064519999999902e+03 1.023217675076328437e+00
6.349097539999999753e+03 1.033727268141188871e+00
6.349130549999999857e+03 1.027824104308980413e+00
6.349163569999999709e+03 1.039156593395705208e+00
6.349196589999999560e+03 1.043343362611418801e+00
6.349229610000000321e+03 1.033519119991536117e+00
6.349262630000000172e+03 1.031193481073109819e+00
6.349295650000000023e+03 1.035818897846743081e+00
6.349328669999999875e+03 1.034956929052876839e+00
6.349361689999999726e+03 1.045837302293252113e+00
6.349394709999999577e+03 1.045726907606303380e+00
6.349427730000000338e+03 1.034460628261839821e+00
6.349460750000000189e+03 1.041560174818894513e+00
6.349493770000000040e+03 1.033354310090455863e+00
6.349526789999999892e+03 1.025907450780162877e+00
6.349559809999999743e+03 1.047123309973860161e+00
6.349592829999999594e+03 1.050238252553148621e+00
6.349625850000000355e+03 1.034248927094251203e+00
6.349658879999999954e+03 1.026754204036223639e+00
6.349691899999999805e+03 1.036970490921329979e+00
6.349724919999999656e+03 1.029937342303635317e+00
6.349757940000000417e+03 1.040686447901937317e+00
6.349790960000000268e+03 1.028069820671586809e+00
6.349823980000000120e+03 1.051426512012638481e+00
6.349857009999999718e+03 1.040516562804685741e+00
6.349890029999999570e+03 1.038126163553227732e+00
6.349923050000000330e+03 1.032501344941624710e+00
6.349956070000000182e+03 1.034903284563998938e+00
6.349989099999999780e+03 1.029787079593155630e+00
6.350022119999999632e+03 1.052731204595665160e+00
6.350055140000000392e+03 1.045484770787736828e+00
6.350088169999999991e+03 1.035810084582211132e+00
6.350121189999999842e+03 1.039112678185230898e+00
6.350154220000000350e+03 1.050858488693503068e+00
6.350187240000000202e+03 1.052994352672329992e+00
6.350220260000000053e+03 1.036136305413006164e+00
6.350253289999999652e+03 1.032326804416114241e+00
6.350286310000000412e+03 1.035887796590699850e+00
6.350319340000000011e+03 1.039260874659883926e+00
6.350352359999999862e+03 1.049245205324428332e+00
6.350385390000000370e+03 1.044166384426072458e+00
6.350418410000000222e+03 1.041249327294523797e+00
6.350451439999999820e+03 1.044465825052332875e+00
6.350484459999999672e+03 1.034458945673417229e+00
6.350517490000000180e+03 1.024913815618582191e+00
6.350550519999999779e+03 1.032955772823579421e+00
6.350583539999999630e+03 1.042784172057315661e+00
6.350616570000000138e+03 1.039458946394576699e+00
6.350649599999999737e+03 1.024099670543042961e+00
6.350682619999999588e+03 1.034688222796112722e+00
6.350715650000000096e+03 1.028894468514875093e+00
6.350748679999999695e+03 1.052019361665121666e+00
6.350781699999999546e+03 1.033227081821172622e+00
6.350814730000000054e+03 1.028866619921183334e+00
6.350847759999999653e+03 1.039738000123537010e+00
6.350880790000000161e+03 1.042876004268835644e+00
6.350913810000000012e+03 1.038860035423640360e+00
6.350946839999999611e+03 1.039568881500299247e+00
6.350979870000000119e+03 1.026838922534173415e+00
6.351012899999999718e+03 1.039207635383909478e+00
6.351045930000000226e+03 1.032166216229255307e+00
6.351078959999999825e+03 1.018863150545950003e+00
6.351111979999999676e+03 1.022729487484244526e+00
6.351145010000000184e+03 1.015475582872957361e+00
6.351178039999999783e+03 1.018589527920819915e+00
6.351211070000000291e+03 1.019219184073219875e+00
6.351244099999999889e+03 1.008735710712499012e+00
6.351277130000000398e+03 9.983301665595103458e-01
6.351310159999999996e+03 9.802513360375166851e-01
6.351343189999999595e+03 9.844148279089690590e-01
6.351376220000000103e+03 9.915959203278151834e-01
6.351409249999999702e+03 1.014076682719463607e+00
6.351442280000000210e+03 1.033172157756455656e+00
6.351475309999999808e+03 1.032853198299055864e+00
6.351508340000000317e+03 1.018683950678854977e+00
6.351541379999999663e+03 1.019438455591522574e+00
6.351574410000000171e+03 1.021940905717711789e+00
6.351607439999999769e+03 1.027900226281282414e+00
6.351640470000000278e+03 1.018840536922434925e+00
6.351673499999999876e+03 1.013260956629310927e+00
6.351706530000000384e+03 1.020333377174785561e+00
6.351739569999999730e+03 1.015843150156790387e+00
6.351772600000000239e+03 1.026231756772831183e+00
6.351805629999999837e+03 1.018895608556824595e+00
6.351838660000000345e+03 1.011308278296762619e+00
6.351871699999999691e+03 1.015339111163864994e+00
6.351904730000000200e+03 1.032995682396305570e+00
6.351937759999999798e+03 1.023110884687458144e+00
6.351970800000000054e+03 1.017631843747661025e+00
6.352003829999999653e+03 1.023614992121921308e+00
6.352036860000000161e+03 1.035831367436333306e+00
6.352069900000000416e+03 1.027074727781090990e+00
6.352102930000000015e+03 1.018796007758058897e+00
6.352135970000000270e+03 1.006447602428975241e+00
6.352168999999999869e+03 1.000191093600523162e+00
6.352202030000000377e+03 1.004747069931698933e+00
6.352235069999999723e+03 1.000960161151231764e+00
6.352268100000000231e+03 1.015780370099736984e+00
6.352301139999999577e+03 1.024131843800261565e+00
6.352334170000000086e+03 1.014628394092449648e+00
6.352367210000000341e+03 1.021152875902183954e+00
6.352400249999999687e+03 1.027183463021144050e+00
6.352433280000000195e+03 1.019012527631458553e+00
6.352466320000000451e+03 1.005971394567516386e+00
6.352499350000000049e+03 1.011147026322035458e+00
6.352532390000000305e+03 1.009939171983482042e+00
6.352565429999999651e+03 1.012573968430168003e+00
6.352598460000000159e+03 1.040202749857536357e+00
6.352631500000000415e+03 1.024988199013687762e+00
6.352664539999999761e+03 1.024023332547252974e+00
6.352697570000000269e+03 1.026728809432752021e+00
6.352730609999999615e+03 1.001113409071033189e+00
6.352763649999999870e+03 1.003238105524737911e+00
6.352796690000000126e+03 1.014711872493776923e+00
6.352829719999999725e+03 1.010632643680376086e+00
6.352862759999999980e+03 1.000615766517220839e+00
6.352895800000000236e+03 1.005634573988694935e+00
6.352928839999999582e+03 1.009884783283830911e+00
6.352961879999999837e+03 1.016401893986409011e+00
6.352994920000000093e+03 1.011600419998218037e+00
6.353027949999999691e+03 1.023467199065899669e+00
6.353060989999999947e+03 1.022540534799630141e+00
6.353094030000000203e+03 1.004074129474559429e+00
6.353127069999999549e+03 1.003005829019838480e+00
6.353160109999999804e+03 1.004447647968046420e+00
6.353193150000000060e+03 9.955817167747411656e-01
6.353226190000000315e+03 1.007393961778781266e+00
6.353259229999999661e+03 1.010224221667483047e+00
6.353292269999999917e+03 9.973647619862040514e-01
6.353325310000000172e+03 1.006996418062233944e+00
6.353358350000000428e+03 1.008234034805788104e+00
6.353391389999999774e+03 9.955228747221733787e-01
6.353424430000000029e+03 9.947675296138621670e-01
6.353457480000000032e+03 1.002940165735579425e+00
6.353490520000000288e+03 1.003957850003498020e+00
6.353523559999999634e+03 1.011212753509384887e+00
6.353556599999999889e+03 1.001277823648908161e+00
6.353589640000000145e+03 1.006249616152390169e+00
6.353622680000000400e+03 1.001147310100767518e+00
6.353655730000000403e+03 9.982652313782731657e-01
6.353688769999999749e+03 1.017046158547577184e+00
6.353721810000000005e+03 1.010068341767587086e+00
6.353754850000000260e+03 1.000830534305418684e+00
6.353787900000000263e+03 1.008266086934441752e+00
6.353820939999999609e+03 9.915972217098045771e-01
6.353853979999999865e+03 1.005584642424551811e+00
6.353887029999999868e+03 1.011741319444903642e+00
6.353920070000000123e+03 1.000250568452778488e+00
6.353953110000000379e+03 1.014630769891746276e+00
6.353986160000000382e+03 1.009974391762218149e+00
6.354019199999999728e+03 1.003269728797455240e+00
6.354052249999999731e+03 1.003776426952344147e+00
6.354085289999999986e+03 1.008905131986816972e+00
6.354118330000000242e+03 1.001517282289019040e+00
6.354151380000000245e+03 1.001403822705156266e+00
6.354184419999999591e+03 9.935133231252012420e-01
6.354217469999999594e+03 1.006701462178302142e+00
6.354250509999999849e+03 1.008926493239428401e+00
6.354283559999999852e+03 1.004245383391892066e+00
6.354316600000000108e+03 9.979866508783823420e-01
6.354349650000000111e+03 9.958479386603942274e-01
6.354382700000000114e+03 1.009005152434914843e+00
6.354415740000000369e+03 1.003523029906209452e+00
6.354448790000000372e+03 9.955606449186455986e-01
6.354481840000000375e+03 9.988918862420002043e-01
6.354514879999999721e+03 1.002905952939783241e+00
6.354547929999999724e+03 1.012523944584081237e+00
6.354580979999999727e+03 1.006727267184301056e+00
6.354614019999999982e+03 1.001024574368068354e+00
6.354647069999999985e+03 9.965618106476676896e-01
6.354680119999999988e+03 9.972006959761582356e-01
6.354713169999999991e+03 1.012988159042545133e+00
6.354746210000000247e+03 1.023736761922918070e+00
6.354779260000000249e+03 1.018857771763718167e+00
6.354812310000000252e+03 1.002377363278379896e+00
6.354845360000000255e+03 9.898840142821029309e-01
6.354878410000000258e+03 9.903733280233029124e-01
6.354911449999999604e+03 1.001294615155266632e+00
6.354944499999999607e+03 1.011917782004641220e+00
6.354977549999999610e+03 1.016426186581355084e+00
6.355010599999999613e+03 9.965060989801217683e-01
6.355043649999999616e+03 1.021423941116206047e+00
6.355076699999999619e+03 1.043288597391770267e+00
6.355109749999999622e+03 1.063858374620797465e+00
6.355142799999999625e+03 9.990979102110139065e-01
6.355175849999999627e+03 1.005945406071318216e+00
6.355208899999999630e+03 1.006285108195780209e+00
6.355241949999999633e+03 1.004560111519804178e+00
6.355274999999999636e+03 1.009947485387299171e+00
6.355308049999999639e+03 1.015295644037173650e+00
6.355341099999999642e+03 1.011333070405177059e+00
6.355374149999999645e+03 1.007684377901883366e+00
6.355407210000000305e+03 1.012985363609646638e+00
6.355440260000000308e+03 1.018710321393381912e+00
6.355473310000000311e+03 1.000309622239053509e+00
6.355506360000000313e+03 9.966525660006121390e-01
6.355539410000000316e+03 9.967246030479245400e-01
6.355572460000000319e+03 1.012498732811736080e+00
6.355605520000000070e+03 1.028375151154383049e+00
6.355638570000000072e+03 1.021035722603963469e+00
6.355671620000000075e+03 1.006637780772329904e+00
6.355704670000000078e+03 9.990230905879605716e-01
6.355737729999999829e+03 1.002502274151148898e+00
6.355770779999999831e+03 1.005212001800073862e+00
6.355803829999999834e+03 1.009813937523832417e+00
6.355836889999999585e+03 9.977076028388055517e-01
6.355869939999999588e+03 9.828214859673463089e-01
6.355902989999999591e+03 9.877450690750619877e-01
6.355936050000000250e+03 9.798152122861791824e-01
6.355969100000000253e+03 9.853354654552665126e-01
6.356002160000000003e+03 9.901961815273955247e-01
6.356035210000000006e+03 1.021824494180754161e+00
6.356068269999999757e+03 1.064257748195428954e+00
6.356101319999999760e+03 1.057010988233328730e+00
6.356134380000000419e+03 1.042532142701311892e+00
6.356167430000000422e+03 9.936128558235801655e-01
6.356200490000000173e+03 9.996827368972969197e-01
6.356233540000000175e+03 1.003184905190338760e+00
6.356266599999999926e+03 1.011877547800439370e+00
6.356299649999999929e+03 1.006074477263862565e+00
6.356332709999999679e+03 1.008830579410709971e+00
6.356365770000000339e+03 1.025658610334302612e+00
6.356398820000000342e+03 9.908787984346998368e-01
6.356431880000000092e+03 1.003160057168841046e+00
6.356464939999999842e+03 1.018378388318265104e+00
6.356497989999999845e+03 1.015480263831304519e+00
6.356531049999999595e+03 1.010987883566863310e+00
6.356564110000000255e+03 1.018698931419184328e+00
6.356597160000000258e+03 1.003793219662787672e+00
6.356630220000000008e+03 9.973450315244350994e-01
6.356663279999999759e+03 1.008801902584862686e+00
6.356696340000000419e+03 1.016850567448140508e+00
6.356729400000000169e+03 1.013559147913212888e+00
6.356762450000000172e+03 1.014720449276961922e+00
6.356795509999999922e+03 1.012473333495140571e+00
6.356828569999999672e+03 1.005749663731348553e+00
6.356861630000000332e+03 1.015313960667070026e+00
6.356894690000000082e+03 1.010577029080951483e+00
6.356927749999999833e+03 1.002533609070823450e+00
6.356960809999999583e+03 1.004550524193180694e+00
6.356993870000000243e+03 1.009771700205950307e+00
6.357026929999999993e+03 1.008105149901284303e+00
6.357059989999999743e+03 1.016656280453609007e+00
6.357093050000000403e+03 1.018099731961053855e+00
6.357126110000000153e+03 1.009403777724087181e+00
6.357159169999999904e+03 1.006527408389266798e+00
6.357192229999999654e+03 1.012038976770773369e+00
6.357225290000000314e+03 1.026433433126193506e+00
6.357258350000000064e+03 1.014501175473867756e+00
6.357291409999999814e+03 9.916357978851753074e-01
6.357324469999999565e+03 1.001427649015358190e+00
6.357357530000000224e+03 1.012169899605642742e+00
6.357390589999999975e+03 9.994123250734104902e-01
6.357423660000000382e+03 9.950350613436417246e-01
6.357456720000000132e+03 9.985669831734328428e-01
6.357489779999999882e+03 1.003025690125168401e+00
6.357522839999999633e+03 1.001915604059239628e+00
6.357555900000000292e+03 1.003695874451260073e+00
6.357588969999999790e+03 1.002805572317385652e+00
6.357622030000000450e+03 1.013524178110402296e+00
6.357655090000000200e+03 1.024022894763708225e+00
6.357688159999999698e+03 1.016911631721505893e+00
6.357721220000000358e+03 9.983088929105087272e-01
6.357754280000000108e+03 9.932787892562190413e-01
6.357787349999999606e+03 1.015598683297251892e+00
6.357820410000000265e+03 1.008675483511963122e+00
6.357853470000000016e+03 1.003676574609646988e+00
6.357886540000000423e+03 9.993844880759866767e-01
6.357919600000000173e+03 1.001603969349290857e+00
6.357952669999999671e+03 1.005834255476009131e+00
6.357985730000000331e+03 1.001871824612492023e+00
6.358018799999999828e+03 9.899443686583793145e-01
6.358051859999999579e+03 1.006703162474632984e+00
6.358084929999999986e+03 1.011443846297713778e+00
6.358117989999999736e+03 1.012147002366018178e+00
6.358151060000000143e+03 1.017437465408743025e+00
6.358184119999999893e+03 1.006907701783565479e+00
6.358217190000000301e+03 9.994570066713850398e-01
6.358250259999999798e+03 9.996728363909395121e-01
6.358283319999999549e+03 1.019377354116570489e+00
6.358316389999999956e+03 1.012366311023005228e+00
6.358349449999999706e+03 9.953554055081754726e-01
6.358382520000000113e+03 1.006968972892460901e+00
6.358415589999999611e+03 9.886852360594374778e-01
6.358448650000000271e+03 9.790029032641417439e-01
6.358481719999999768e+03 9.919988760598829058e-01
6.358514790000000175e+03 1.000501583727089416e+00
6.358547859999999673e+03 9.985487226453253484e-01
6.358580920000000333e+03 1.003280758446890131e+00
6.358613989999999831e+03 1.004674185307079748e+00
6.358647060000000238e+03 1.000003118991884543e+00
6.358680129999999735e+03 1.008372099028694180e+00
6.358713200000000143e+03 1.008539886662852769e+00
6.358746269999999640e+03 1.000333590917018345e+00
6.358779330000000300e+03 9.956857562688918861e-01
6.358812399999999798e+03 9.958454527102758025e-01
6.358845470000000205e+03 1.002721630342324755e+00
6.358878539999999703e+03 1.006416244304668250e+00
6.358911610000000110e+03 9.984058908810176103e-01
6.358944679999999607e+03 9.948260288186445699e-01
6.358977750000000015e+03 1.005865513600173733e+00
6.359010820000000422e+03 1.007289599779716216e+00
6.359043889999999919e+03 1.004133739870677333e+00
6.359076960000000327e+03 1.001409864488903789e+00
6.359110029999999824e+03 9.900288729668992316e-01
6.359143100000000231e+03 9.842332198461452020e-01
6.359176169999999729e+03 9.879586845940454554e-01
6.359209240000000136e+03 1.001535262788330938e+00
6.359242320000000291e+03 1.004875703482705163e+00
6.359275389999999788e+03 1.010887066322130989e+00
6.359308460000000196e+03 1.009341068507020767e+00
6.359341529999999693e+03 1.000080557523683522e+00
6.359374600000000100e+03 1.013578369062214435e+00
6.359407669999999598e+03 1.015960097575252297e+00
6.359440749999999753e+03 1.003399884262267561e+00
6.359473820000000160e+03 1.000101662498527721e+00
6.359506889999999657e+03 9.941480720415272199e-01
6.359539960000000065e+03 9.946519555232762322e-01
6.359573040000000219e+03 9.908664442147879781e-01
6.359606109999999717e+03 9.882985259703140901e-01
6.359639180000000124e+03 1.005551044867639465e+00
6.359672260000000279e+03 9.948756756042694827e-01
6.359705329999999776e+03 9.921111549185537282e-01
6.359738400000000183e+03 9.935809187455166835e-01
6.359771480000000338e+03 1.000926869965518939e+00
6.359804549999999836e+03 1.014769638565510057e+00
6.359837629999999990e+03 1.008768197138519396e+00
6.359870700000000397e+03 1.015194810803545344e+00
6.359903779999999642e+03 9.971578623607716407e-01
6.359936850000000049e+03 1.014103446591253066e+00
6.359969930000000204e+03 9.837167309823210415e-01
6.360002999999999702e+03 1.005407154045179663e+00
6.360036079999999856e+03 1.003804539220237046e+00
6.360069150000000263e+03 1.017465988748153194e+00
6.360102230000000418e+03 1.016805916251081188e+00
6.360135299999999916e+03 1.020168012052229400e+00
6.360168380000000070e+03 1.015493366895726002e+00
6.360201460000000225e+03 1.003308339618314893e+00
6.360234529999999722e+03 1.018485535901987094e+00
6.360267609999999877e+03 1.023025668606393879e+00
6.360300680000000284e+03 1.008562172540418134e+00
6.360333760000000439e+03 1.020298173538977782e+00
6.360366839999999684e+03 1.020053768491056667e+00
6.360399919999999838e+03 1.021364749952531792e+00
6.360432990000000245e+03 1.021183017074175803e+00
6.360466070000000400e+03 1.005045843582698550e+00
6.360499149999999645e+03 1.013466166405531110e+00
6.360532229999999799e+03 1.017887733224428937e+00
6.360565300000000207e+03 1.022214930962671131e+00
6.360598380000000361e+03 1.001513231922088298e+00
6.360631459999999606e+03 1.002116591161781756e+00
6.360664539999999761e+03 1.015312779711751379e+00
6.360697619999999915e+03 1.010141906571901949e+00
6.360730700000000070e+03 1.007021332949703085e+00
6.360763780000000224e+03 1.000978326470943758e+00
6.360796860000000379e+03 1.005517000789800663e+00
6.360829939999999624e+03 1.000832897217903250e+00
6.360863010000000031e+03 1.002464753380297058e+00
6.360896090000000186e+03 1.020632838626423178e+00
6.360929170000000340e+03 1.019923465743378888e+00
6.360962249999999585e+03 1.013275100871186662e+00
6.360995329999999740e+03 1.013406132394344183e+00
6.361028419999999642e+03 1.012822210666527001e+00
6.361061499999999796e+03 1.017501483268268059e+00
6.361094579999999951e+03 1.011889786129781310e+00
6.361127660000000105e+03 1.010527909882618758e+00
6.361160740000000260e+03 1.018011328016140471e+00
6.361193820000000414e+03 1.010679051797291228e+00
6.361226899999999659e+03 1.024564502383283893e+00
6.361259979999999814e+03 1.023469342602082222e+00
6.361293069999999716e+03 1.000260944599984603e+00
6.361326149999999870e+03 1.000673943328775906e+00
6.361359230000000025e+03 1.014244681794580716e+00
6.361392310000000180e+03 1.017273302755105080e+00
6.361425390000000334e+03 1.001566771750123763e+00
6.361458480000000236e+03 1.000086280011037276e+00
6.361491560000000391e+03 1.010090171368843492e+00
6.361524639999999636e+03 1.014736602198840654e+00
6.361557730000000447e+03 1.016075850779826872e+00
6.361590809999999692e+03 1.009489093208050248e+00
6.361623889999999847e+03 1.018157063047079536e+00
6.361656979999999749e+03 1.027830331186610380e+00
6.361690059999999903e+03 1.018171995454075773e+00
6.361723149999999805e+03 1.013776557908803388e+00
6.361756229999999960e+03 1.007912180262976243e+00
6.361789310000000114e+03 9.844839691835962636e-01
6.361822400000000016e+03 9.674105598209838952e-01
6.361855480000000171e+03 9.690476846887849938e-01
6.361888570000000072e+03 9.809981903843747464e-01
6.361921650000000227e+03 1.002146538216229565e+00
6.361954740000000129e+03 9.924330007438801893e-01
6.361987820000000283e+03 1.010266193210393348e+00
6.362020910000000185e+03 1.013120125809193972e+00
6.362054000000000087e+03 9.939650743772118213e-01
6.362087080000000242e+03 1.011082950122045965e+00
6.362120170000000144e+03 1.009388750759881770e+00
6.362153250000000298e+03 9.988031092402841482e-01
6.362186340000000200e+03 1.000392016510212034e+00
6.362219430000000102e+03 9.907253445384217594e-01
6.362252510000000257e+03 9.964062732249030496e-01
6.362285600000000159e+03 1.001615785472803832e+00
6.362318690000000061e+03 1.007791235347632597e+00
6.362351779999999962e+03 1.005813762206786199e+00
6.362384860000000117e+03 9.977413290866881113e-01
6.362417950000000019e+03 1.000201394326671878e+00
6.362451039999999921e+03 1.013162347602031721e+00
6.362484129999999823e+03 1.017687742492285219e+00
6.362517209999999977e+03 1.007525913199438961e+00
6.362550299999999879e+03 9.983615853971919973e-01
6.362583389999999781e+03 1.000287071135483208e+00
6.362616479999999683e+03 1.006594920989809960e+00
6.362649569999999585e+03 1.000014439235304975e+00
6.362682660000000396e+03 1.000604473174493858e+00
6.362715750000000298e+03 1.012613747017419685e+00
6.362748840000000200e+03 1.010729602900877433e+00
6.362781930000000102e+03 1.006237994887833942e+00
6.362815020000000004e+03 1.008076341979472046e+00
6.362848109999999906e+03 1.008422408666843184e+00
6.362881199999999808e+03 1.007087744554278519e+00
6.362914289999999710e+03 1.004103800720887785e+00
6.362947379999999612e+03 1.000844948755011510e+00
6.362980470000000423e+03 1.001701177510292640e+00
6.363013560000000325e+03 9.927957593191536478e-01
6.363046650000000227e+03 1.015248042566021747e+00
6.363079740000000129e+03 1.003185541990718743e+00
6.363112830000000031e+03 1.003664436570422813e+00
6.363145919999999933e+03 1.002698291430857314e+00
6.363179019999999582e+03 1.000624814109707605e+00
6.363212110000000393e+03 1.002140034764439580e+00
6.363245200000000295e+03 9.974200421951704421e-01
6.363278290000000197e+03 1.003827329778355093e+00
6.363311380000000099e+03 1.014286385966707948e+00
6.363344479999999749e+03 9.986196612257309813e-01
6.363377569999999650e+03 1.007492204029753147e+00
6.363410659999999552e+03 9.990655869709061943e-01
6.363443750000000364e+03 1.009429748706869745e+00
6.363476850000000013e+03 1.003256697899786998e+00
6.363509939999999915e+03 1.012819537835034422e+00
6.363543029999999817e+03 1.016822791643825052e+00
6.363576130000000376e+03 1.007681493809592377e+00
6.363609220000000278e+03 1.018837730071132874e+00
6.363642319999999927e+03 1.021537131467632697e+00
6.363675409999999829e+03 1.004520367050561136e+00
6.363708510000000388e+03 9.948531106482380038e-01
6.363741600000000290e+03 9.986516459683263403e-01
6.363774690000000192e+03 1.023782922754530755e+00
6.363807789999999841e+03 1.016785031371421510e+00
6.363840879999999743e+03 1.011239717653332315e+00
6.363873980000000302e+03 1.007029162959647950e+00
6.363907079999999951e+03 1.008636439360012682e+00
6.363940169999999853e+03 9.994324318566237819e-01
6.363973270000000412e+03 1.006739528117257088e+00
6.364006360000000313e+03 1.013936476328938685e+00
6.364039459999999963e+03 1.012088827444595607e+00
6.364072559999999612e+03 1.021452248955585729e+00
6.364105650000000423e+03 1.017571021247344554e+00
6.364138750000000073e+03 1.010023481519411570e+00
6.364171849999999722e+03 1.011896824093673430e+00
6.364204939999999624e+03 1.019579478399887051e+00
6.364238040000000183e+03 1.023375876417289776e+00
6.364271139999999832e+03 1.019400190951008423e+00
6.364304229999999734e+03 1.013673885397226249e+00
6.364337330000000293e+03 1.011715733131103079e+00
6.364370429999999942e+03 1.007386791211601018e+00
6.364403529999999591e+03 1.017494131514116606e+00
6.364436630000000150e+03 1.020975775011559339e+00
6.364469720000000052e+03 1.002006580202139174e+00
6.364502819999999701e+03 1.010339321736938967e+00
6.364535920000000260e+03 1.016677958338001009e+00
6.364569019999999909e+03 1.012670571113390761e+00
6.364602119999999559e+03 1.004926820444255853e+00
6.364635220000000118e+03 1.013329435681906254e+00
6.364668319999999767e+03 1.013105348010610474e+00
6.364701420000000326e+03 1.016805797131290046e+00
6.364734519999999975e+03 1.011267630366174508e+00
6.364767619999999624e+03 1.016019609928415335e+00
6.364800720000000183e+03 1.018620773774452593e+00
6.364833819999999832e+03 1.015641253182381520e+00
6.364866920000000391e+03 1.017873291333706520e+00
6.364900020000000040e+03 1.007767102963333050e+00
6.364933119999999690e+03 1.016960677733554252e+00
6.364966220000000249e+03 1.020887618922946771e+00
6.364999319999999898e+03 1.018771140287877852e+00
6.365032419999999547e+03 1.017659205066364869e+00
6.365065520000000106e+03 1.009640840240883186e+00
6.365098630000000412e+03 1.009038998084171856e+00
6.365131730000000061e+03 1.001570139406373183e+00
6.365164829999999711e+03 1.010338570354650578e+00
6.365197930000000270e+03 1.014178304385451757e+00
6.365231029999999919e+03 1.018010000887535682e+00
6.365264140000000225e+03 1.006138611501463664e+00
6.365297239999999874e+03 1.017346709512428671e+00
6.365330340000000433e+03 1.019388759100347652e+00
6.365363449999999830e+03 1.015199984859640692e+00
6.365396550000000389e+03 1.019211452914808413e+00
6.365429650000000038e+03 1.003738669232942193e+00
6.365462760000000344e+03 1.027673211220460736e+00
6.365495859999999993e+03 1.022958476409329798e+00
6.365528959999999643e+03 1.019185385337588290e+00
6.365562069999999949e+03 1.025432335950962282e+00
6.365595169999999598e+03 1.022938109067923484e+00
6.365628279999999904e+03 1.019918159340153174e+00
6.365661379999999554e+03 1.024767947613078878e+00
6.365694489999999860e+03 1.011006600759317031e+00
6.365727590000000419e+03 1.012215675622449407e+00
6.365760699999999815e+03 1.006457510604629180e+00
6.365793800000000374e+03 1.011926675872963477e+00
6.365826909999999771e+03 1.009126309963661372e+00
6.365860010000000329e+03 1.012884780115125727e+00
6.365893119999999726e+03 1.017584490271351338e+00
6.365926220000000285e+03 1.022574249432695481e+00
6.365959329999999682e+03 1.011536150687129654e+00
6.365992439999999988e+03 1.028081377643542016e+00
6.366025539999999637e+03 1.014321186291764931e+00
6.366058649999999943e+03 1.020110500714438206e+00
6.366091760000000249e+03 1.027186068925097340e+00
6.366124859999999899e+03 1.036206773606545450e+00
6.366157970000000205e+03 1.020548616492176652e+00
6.366191079999999602e+03 1.023568088716135582e+00
6.366224180000000160e+03 1.026759952967330358e+00
6.366257289999999557e+03 1.012632018493442310e+00
6.366290399999999863e+03 1.029668253058731331e+00
6.366323510000000169e+03 1.016717119175244877e+00
6.366356619999999566e+03 1.013594401978255233e+00
6.366389720000000125e+03 1.027264662870517098e+00
6.366422830000000431e+03 1.029569319988554499e+00
6.366455939999999828e+03 1.017528506025863422e+00
6.366489050000000134e+03 1.026476195642886724e+00
6.366522160000000440e+03 1.030482414832860627e+00
6.366555269999999837e+03 1.029280754345281990e+00
6.366588380000000143e+03 1.035066912590230537e+00
6.366621490000000449e+03 1.027316475974709320e+00
6.366654599999999846e+03 1.018632964028173493e+00
6.366687710000000152e+03 1.028747704228210935e+00
6.366720819999999549e+03 1.031176666414578724e+00
6.366753929999999855e+03 1.043902065015976932e+00
6.366787040000000161e+03 1.038919895492191658e+00
6.366820149999999558e+03 1.022261410987138408e+00
6.366853259999999864e+03 1.025160462851735010e+00
6.366886370000000170e+03 1.031666412436819558e+00
6.366919479999999567e+03 1.027547004654279394e+00
6.366952589999999873e+03 1.015782470440453888e+00
6.366985700000000179e+03 1.029744837947877967e+00
6.367018820000000233e+03 1.021367789609963550e+00
6.367051929999999629e+03 1.035705733661045125e+00
6.367085039999999935e+03 1.027877555942581900e+00
6.367118150000000242e+03 1.029356254699417939e+00
6.367151259999999638e+03 1.041215447147323614e+00
6.367184379999999692e+03 1.043940256734547045e+00
6.367217489999999998e+03 1.029918494409909790e+00
6.367250600000000304e+03 1.036437763272284984e+00
6.367283720000000358e+03 1.035634343131985213e+00
6.367316829999999754e+03 1.022922475674752585e+00
6.367349940000000061e+03 1.042611569157856577e+00
6.367383060000000114e+03 1.028739646973855448e+00
6.367416170000000420e+03 1.045636955395957024e+00
6.367449279999999817e+03 1.029139258274230917e+00
6.367482399999999870e+03 1.028178760032202099e+00
6.367515510000000177e+03 1.045748968759758979e+00
6.367548630000000230e+03 1.030843183188880907e+00
6.367581739999999627e+03 1.043239120493345329e+00
6.367614849999999933e+03 1.026021505101925912e+00
6.367647969999999987e+03 1.023093354382328846e+00
6.367681080000000293e+03 1.018558456067849560e+00
6.367714200000000346e+03 1.027426287862588827e+00
6.367747320000000400e+03 1.019803269294409676e+00
6.367780429999999797e+03 1.022400561181856071e+00
6.367813549999999850e+03 1.013077072682297075e+00
6.367846660000000156e+03 1.011207031881806495e+00
6.367879780000000210e+03 1.003474886912048003e+00
6.367912900000000263e+03 1.018963572061781564e+00
6.367946009999999660e+03 1.021889321961339636e+00
6.367979129999999714e+03 1.006030686718390355e+00
6.368012240000000020e+03 1.019214219353687501e+00
6.368045360000000073e+03 1.028627896313172307e+00
6.368078480000000127e+03 1.015261706704281508e+00
6.368111600000000180e+03 1.019260303937696177e+00
6.368144709999999577e+03 1.041374834248338432e+00
6.368177829999999631e+03 1.034857226585882861e+00
6.368210949999999684e+03 1.028715903965752076e+00
6.368244069999999738e+03 1.026288648438953954e+00
6.368277189999999791e+03 1.043409869064982010e+00
6.368310300000000097e+03 1.039344741842457731e+00
6.368343420000000151e+03 1.060397800476935659e+00
6.368376540000000205e+03 1.040561348328453484e+00
6.368409660000000258e+03 1.037248371420250947e+00
6.368442780000000312e+03 1.036693091130497457e+00
6.368475900000000365e+03 1.041645075175651858e+00
6.368509020000000419e+03 1.045680190961187472e+00
6.368542139999999563e+03 1.043173905199293205e+00
6.368575259999999616e+03 1.030914906509444284e+00
6.368608379999999670e+03 1.042038904758952222e+00
6.368641499999999724e+03 1.040159251848777666e+00
6.368674619999999777e+03 1.043817523470587316e+00
6.368707739999999831e+03 1.045117862289575816e+00
6.368740859999999884e+03 1.042822868480224541e+00
6.368773979999999938e+03 1.034645704375910302e+00
6.368807099999999991e+03 1.034144467751275220e+00
6.368840220000000045e+03 1.045336510624897075e+00
6.368873340000000098e+03 1.036963781230700876e+00
6.368906460000000152e+03 1.038756964093074497e+00
6.368939589999999953e+03 1.035976328862218798e+00
6.368972710000000006e+03 1.018926941472894532e+00
6.369005830000000060e+03 1.015379265389352748e+00
6.369038950000000114e+03 1.007939645508362680e+00
6.369072070000000167e+03 1.007571540766217133e+00
6.369105199999999968e+03 1.028103399219964853e+00
6.369138320000000022e+03 1.027382293074317943e+00
6.369171440000000075e+03 1.023521185159194991e+00
6.369204560000000129e+03 1.029447807475182053e+00
6.369237689999999930e+03 1.023621340077589759e+00
6.369270809999999983e+03 1.035772141436829274e+00
6.369303930000000037e+03 1.046058840675360813e+00
6.369337059999999838e+03 1.028065304109592182e+00
6.369370179999999891e+03 1.013407780312671758e+00
6.369403309999999692e+03 1.037754851810074319e+00
6.369436429999999746e+03 1.048854347638851880e+00
6.369469549999999799e+03 1.049721233951750543e+00
6.369502679999999600e+03 1.047401818305750298e+00
6.369535799999999654e+03 1.034584797354449082e+00
6.369568930000000364e+03 1.036946846580708792e+00
6.369602050000000418e+03 1.036263672604833541e+00
6.369635180000000219e+03 1.028496426442106149e+00
6.369668300000000272e+03 1.031351322100218182e+00
6.369701430000000073e+03 1.038565754432632771e+00
6.369734559999999874e+03 1.044903107291418998e+00
6.369767679999999928e+03 1.043413208990930041e+00
6.369800809999999728e+03 1.035145406288620284e+00
6.369833929999999782e+03 1.042006479641732097e+00
6.369867059999999583e+03 1.046503578207998331e+00
6.369900190000000293e+03 1.042759519941723445e+00
6.369933310000000347e+03 1.045847544900958104e+00
6.369966440000000148e+03 1.054734125303314229e+00
6.369999569999999949e+03 1.050113423584251082e+00
6.370032699999999750e+03 1.043740013723771565e+00
6.370065819999999803e+03 1.035144538328584884e+00
6.370098949999999604e+03 1.037723292995204494e+00
6.370132080000000315e+03 1.035411423116688878e+00
6.370165210000000116e+03 1.080914722053141430e+00
6.370198330000000169e+03 1.069791584883145630e+00
6.370231459999999970e+03 1.045375912834226151e+00
6.370264589999999771e+03 1.036906382971040097e+00
6.370297719999999572e+03 1.034852574237859368e+00
6.370330850000000282e+03 1.036068968645763810e+00
6.370363980000000083e+03 1.027263697121201913e+00
6.370397109999999884e+03 1.038470004686208537e+00
6.370430239999999685e+03 1.024791374511590636e+00
6.370463370000000396e+03 1.035410277651452882e+00
6.370496500000000196e+03 1.034568771893183081e+00
6.370529629999999997e+03 1.051248818994385381e+00
6.370562759999999798e+03 1.040754491449139341e+00
6.370595889999999599e+03 1.042689351482216198e+00
6.370629020000000310e+03 1.042723391829172286e+00
6.370662150000000111e+03 1.037360653581561598e+00
6.370695279999999912e+03 1.030637255067482494e+00
6.370728409999999712e+03 1.022435997577159306e+00
6.370761540000000423e+03 1.044688671431185600e+00
6.370794670000000224e+03 1.050704827333475810e+00
6.370827800000000025e+03 1.031304899010681453e+00
6.370860929999999826e+03 1.035287718501144205e+00
6.370894070000000283e+03 1.036212689472926440e+00
6.370927200000000084e+03 1.048530605604154564e+00
6.370960329999999885e+03 1.041651296710425445e+00
6.370993459999999686e+03 1.040081458434845452e+00
6.371026590000000397e+03 1.030872573206125464e+00
6.371059729999999945e+03 1.037465623431253592e+00
6.371092859999999746e+03 1.048827463383972702e+00
6.371125989999999547e+03 1.039048120109715923e+00
6.371159130000000005e+03 1.047438241321838825e+00
6.371192259999999806e+03 1.043014487943990654e+00
6.371225389999999607e+03 1.053444218572235469e+00
6.371258530000000064e+03 1.037419471871110499e+00
6.371291659999999865e+03 1.034223407235390191e+00
6.371324789999999666e+03 1.038820843823165641e+00
6.371357930000000124e+03 1.030942579368178125e+00
6.371391059999999925e+03 1.035985200601780454e+00
6.371424200000000383e+03 1.021909084148866276e+00
6.371457330000000184e+03 1.028037913522235058e+00
6.371490469999999732e+03 1.033189320689205992e+00
6.371523600000000442e+03 1.032252089853270993e+00
6.371556739999999991e+03 1.028665450467336262e+00
6.371589869999999792e+03 1.031096501992509129e+00
6.371623010000000249e+03 1.040029202800520913e+00
6.371656140000000050e+03 1.037997489781613103e+00
6.371689279999999599e+03 1.023689528127360360e+00
6.371722420000000056e+03 1.023486735202563613e+00
6.371755549999999857e+03 1.045264187134899325e+00
6.371788690000000315e+03 1.033941830509562232e+00
6.371821829999999864e+03 1.022612260011721785e+00
6.371854959999999664e+03 1.018674512639997420e+00
6.371888100000000122e+03 1.023034188319911220e+00
6.371921239999999671e+03 1.022752800771451254e+00
6.371954370000000381e+03 1.031377489093824318e+00
6.371987509999999929e+03 1.038407867839783227e+00
6.372020650000000387e+03 1.046492332377040535e+00
6.372053789999999935e+03 1.037296780180949174e+00
6.372086919999999736e+03 1.027351822544825488e+00
6.372120060000000194e+03 1.024749904513127419e+00
6.372153199999999742e+03 1.009611494756577743e+00
6.372186340000000200e+03 1.000714695934382226e+00
6.372219479999999749e+03 1.013383034920650738e+00
6.372252620000000206e+03 1.026940853404708198e+00
6.372285759999999755e+03 1.038100070044576162e+00
6.372318900000000212e+03 1.039980551459138480e+00
6.372352030000000013e+03 1.034082606647618752e+00
6.372385169999999562e+03 1.042210292512864234e+00
6.372418310000000019e+03 1.029432764569873537e+00
6.372451449999999568e+03 1.025721886955994311e+00
6.372484590000000026e+03 1.038502641263751247e+00
6.372517729999999574e+03 1.039656052339684278e+00
6.372550870000000032e+03 1.041543248698609592e+00
6.372584009999999580e+03 1.054907568391117767e+00
6.372617159999999785e+03 1.062001533205852777e+00
6.372650300000000243e+03 1.041402807517977758e+00
6.372683439999999791e+03 1.036138181419991700e+00
6.372716580000000249e+03 1.033200205170811570e+00
6.372749719999999797e+03 1.028420013882877404e+00
6.372782860000000255e+03 1.018605062204325007e+00
6.372815999999999804e+03 1.022318334363622627e+00
6.372849150000000009e+03 1.036522077760587690e+00
6.372882289999999557e+03 1.039274271510242764e+00
6.372915430000000015e+03 1.038771447433811446e+00
6.372948569999999563e+03 1.039642228214951780e+00
6.372981719999999768e+03 1.042214260251467683e+00
6.373014860000000226e+03 1.044411432209702451e+00
6.373047999999999774e+03 1.042222461320276405e+00
6.373081140000000232e+03 1.042015724138644295e+00
6.373114290000000437e+03 1.048637032137586411e+00
6.373147429999999986e+03 1.055452896933674944e+00
6.373180570000000444e+03 1.052951368528055376e+00
6.373213719999999739e+03 1.045120607072806518e+00
6.373246860000000197e+03 1.040153824295847684e+00
6.373280010000000402e+03 1.045774937553751505e+00
6.373313149999999951e+03 1.043336136724287933e+00
6.373346300000000156e+03 1.052365928446628462e+00
6.373379439999999704e+03 1.042375086593011035e+00
6.373412589999999909e+03 1.032314622345320565e+00
6.373445730000000367e+03 1.037645972593194577e+00
6.373478879999999663e+03 1.041424526867414713e+00
6.373512020000000120e+03 1.045522556062588038e+00
6.373545170000000326e+03 1.039519072916647024e+00
6.373578309999999874e+03 1.034069718086968903e+00
6.373611460000000079e+03 1.029423998809997354e+00
6.373644599999999627e+03 1.043972554728245461e+00
6.373677749999999833e+03 1.045784213171034427e+00
6.373710900000000038e+03 1.027646502370981763e+00
6.373744039999999586e+03 1.030480039918258761e+00
6.373777189999999791e+03 1.038444479691519984e+00
6.373810339999999997e+03 1.048661859680709352e+00
6.373843480000000454e+03 1.052694918925678236e+00
6.373876629999999750e+03 1.051581340962859601e+00
6.373909779999999955e+03 1.048923933271165954e+00
6.373942930000000160e+03 1.057423830366408302e+00
6.373976069999999709e+03 1.048404284408411602e+00
6.374009219999999914e+03 1.044102003898842446e+00
6.374042370000000119e+03 1.042473953958236388e+00
6.374075520000000324e+03 1.038795672864732955e+00
6.374108669999999620e+03 1.031024993985446558e+00
6.374141819999999825e+03 1.026435191332136787e+00
6.374174960000000283e+03 1.028518007606044726e+00
6.374208109999999579e+03 1.034279591127308162e+00
6.374241259999999784e+03 1.062503679170312409e+00
6.374274409999999989e+03 1.040049286532466422e+00
6.374307560000000194e+03 1.032435606607232437e+00
6.374340710000000399e+03 1.047243968944708614e+00
6.374373859999999695e+03 1.051101847213009588e+00
6.374407009999999900e+03 1.048958887353060199e+00
6.374440160000000105e+03 1.059354161774870962e+00
6.374473310000000311e+03 1.053080992624142009e+00
6.374506459999999606e+03 1.046130301744191859e+00
6.374539609999999811e+03 1.049067642910876952e+00
6.374572760000000017e+03 1.031256289813824445e+00
6.374605919999999969e+03 1.048615040102159890e+00
6.374639070000000174e+03 1.032736974433484667e+00
6.374672220000000380e+03 1.030945201284753754e+00
6.374705369999999675e+03 1.039631273388951893e+00
6.374738519999999880e+03 1.036148792453475131e+00
6.374771670000000086e+03 1.043673183429927986e+00
6.374804830000000038e+03 1.028475519970356356e+00
6.374837980000000243e+03 1.028864728636587511e+00
6.374871130000000448e+03 1.030889447577756357e+00
6.374904279999999744e+03 1.025366958756033675e+00
6.374937439999999697e+03 1.028006729663824670e+00
6.374970589999999902e+03 1.042047572067247518e+00
6.375003740000000107e+03 1.045644197568099010e+00
6.375036900000000060e+03 1.029274046245904239e+00
6.375070050000000265e+03 1.036094488919524492e+00
6.375103199999999561e+03 1.033282286348411239e+00
6.375136360000000423e+03 1.019180065583700223e+00
6.375169509999999718e+03 1.021974481990268746e+00
6.375202659999999923e+03 1.024114595080019674e+00
6.375235819999999876e+03 1.028442135869849006e+00
6.375268970000000081e+03 1.026486699270042324e+00
6.375302130000000034e+03 1.018435834999084522e+00
6.375335280000000239e+03 1.022225710817747713e+00
6.375368440000000192e+03 1.028934250378271020e+00
6.375401590000000397e+03 1.027360160649930743e+00
6.375434750000000349e+03 1.021505143836319851e+00
6.375467899999999645e+03 1.032158767919273634e+00
6.375501059999999597e+03 1.031082569281369654e+00
6.375534219999999550e+03 1.040652992141332112e+00
6.375567369999999755e+03 1.027864001661698223e+00
6.375600529999999708e+03 1.029566012834821187e+00
6.375633679999999913e+03 1.035104182962453656e+00
6.375666839999999866e+03 1.018044702672849411e+00
6.375699999999999818e+03 1.023769448515368552e+00
6.375733159999999771e+03 1.018032608614628742e+00
6.375766309999999976e+03 1.040585800651377957e+00
6.375799469999999928e+03 1.021140007500353608e+00
6.375832629999999881e+03 1.014065584858848679e+00
6.375865780000000086e+03 1.015541313832376114e+00
6.375898940000000039e+03 1.014403024284634025e+00
6.375932099999999991e+03 1.030331529991702855e+00
6.375965259999999944e+03 1.026656754555647311e+00
6.375998419999999896e+03 1.026497943122863576e+00
6.376031579999999849e+03 1.018312276262043126e+00
6.376064730000000054e+03 1.012063823580062527e+00
6.376097890000000007e+03 1.040401204470266627e+00
6.376131049999999959e+03 1.038864984679769954e+00
6.376164209999999912e+03 1.010872801377858954e+00
6.376197369999999864e+03 1.016297528694455332e+00
6.376230529999999817e+03 1.007631686194879528e+00
6.376263689999999769e+03 9.892158381228643993e-01
6.376296849999999722e+03 9.980072410197678989e-01
6.376330009999999675e+03 9.935959057175578479e-01
6.376363169999999627e+03 9.733245601698439220e-01
6.376396329999999580e+03 9.710990492420931153e-01
6.376429490000000442e+03 9.788710071194792750e-01
6.376462650000000394e+03 9.701387203850397878e-01
6.376495810000000347e+03 9.586553254296489301e-01
6.376528970000000299e+03 9.713468939969395199e-01
6.376562130000000252e+03 9.673804418265878891e-01
6.376595299999999952e+03 9.801247907844677920e-01
6.376628459999999905e+03 9.808912978888078005e-01
6.376661619999999857e+03 9.748107974730820802e-01
6.376694779999999810e+03 9.654201358685233769e-01
6.376727939999999762e+03 9.761338350056537605e-01
6.376761110000000372e+03 9.674120233724873286e-01
6.376794270000000324e+03 9.781400913539750608e-01
6.376827430000000277e+03 9.871655171063520307e-01
6.376860590000000229e+03 9.851338186589008172e-01
6.376893759999999929e+03 9.980737325165753848e-01
6.376926919999999882e+03 9.824457998941273917e-01
6.376960079999999834e+03 9.909797142276824955e-01
6.376993250000000444e+03 9.880234214292795691e-01
6.377026410000000396e+03 9.910331359813893126e-01
6.377059570000000349e+03 9.746388980000941782e-01
6.377092740000000049e+03 9.978049390251992889e-01
6.377125900000000001e+03 1.015563062196165101e+00
6.377159069999999701e+03 1.023813165838451944e+00
6.377192229999999654e+03 1.009711082919318326e+00
6.377225400000000263e+03 9.998192883636861650e-01
6.377258560000000216e+03 9.998139114563003860e-01
6.377291729999999916e+03 9.976341634150638349e-01
6.377324889999999868e+03 9.985915633645008338e-01
6.377358059999999568e+03 9.996497192668888365e-01
6.377391220000000430e+03 1.004380187852623951e+00
6.377424390000000130e+03 1.000437883009176243e+00
6.377457550000000083e+03 9.932118848659502452e-01
6.377490719999999783e+03 1.004587023773042542e+00
6.377523890000000392e+03 1.000691559968232447e+00
6.377557050000000345e+03 1.004325986134060766e+00
6.377590220000000045e+03 9.990412912822349556e-01
6.377623389999999745e+03 9.802670039244656408e-01
6.377656549999999697e+03 9.897304436558881369e-01
6.377689720000000307e+03 1.002646611197805848e+00
6.377722890000000007e+03 9.976342329138504494e-01
6.377756049999999959e+03 1.003750621359260631e+00
6.377789219999999659e+03 9.922821376285310135e-01
6.377822390000000269e+03 1.015896086466802073e+00
6.377855559999999969e+03 9.952098570163950830e-01
6.377888729999999669e+03 9.992610021895917960e-01
6.377921889999999621e+03 1.004281530321978755e+00
6.377955060000000231e+03 1.004576725050620345e+00
6.377988229999999930e+03 1.009511025742707790e+00
6.378021399999999630e+03 1.004941918480281915e+00
6.378054570000000240e+03 1.001397303903236002e+00
6.378087739999999940e+03 9.934705344490631918e-01
6.378120909999999640e+03 1.010582492999540172e+00
6.378154080000000249e+03 1.003757646011477656e+00
6.378187249999999949e+03 1.009978738096466433e+00
6.378220419999999649e+03 1.010863668560464390e+00
6.378253590000000258e+03 9.981540214032075253e-01
6.378286759999999958e+03 9.973413739215706286e-01
6.378319929999999658e+03 1.016170729682151830e+00
6.378353100000000268e+03 1.007246894829962436e+00
6.378386269999999968e+03 9.984325345857232303e-01
6.378419439999999668e+03 1.006482569506421010e+00
6.378452610000000277e+03 1.016338459148334872e+00
6.378485779999999977e+03 1.006703466701615479e+00
6.378518949999999677e+03 1.004573674838624919e+00
6.378552130000000034e+03 1.004971320143619673e+00
6.378585299999999734e+03 1.019694055051414194e+00
6.378618470000000343e+03 1.007603960808400645e+00
6.378651640000000043e+03 1.003064462511305655e+00
6.378684809999999743e+03 1.023071639341556427e+00
6.378717990000000100e+03 1.008169997600441015e+00
6.378751159999999800e+03 1.022084025366210902e+00
6.378784330000000409e+03 1.002999199448637802e+00
6.378817500000000109e+03 9.984305108313814570e-01
6.378850679999999556e+03 9.938545769942995767e-01
6.378883850000000166e+03 1.016864185058001357e+00
6.378917019999999866e+03 1.022221398817733995e+00
6.378950200000000223e+03 1.016111319834130278e+00
6.378983369999999923e+03 1.008615076346910833e+00
6.379016550000000279e+03 1.001065348786804199e+00
6.379049719999999979e+03 1.020181425370125128e+00
6.379082900000000336e+03 1.018651231915342237e+00
6.379116070000000036e+03 1.017802981604657209e+00
6.379149239999999736e+03 1.013027714267793922e+00
6.379182420000000093e+03 1.007826946812215185e+00
6.379215589999999793e+03 1.001720544556213399e+00
6.379248770000000150e+03 1.010276085877021668e+00
6.379281939999999850e+03 1.006687365990807770e+00
6.379315120000000206e+03 1.000775739231192896e+00
6.379348299999999654e+03 9.918832567845251580e-01
6.379381470000000263e+03 9.890782252215516435e-01
6.379414649999999710e+03 9.827812443553758381e-01
6.379447820000000320e+03 9.793730938088249793e-01
6.379480999999999767e+03 9.745019389489459893e-01
6.379514180000000124e+03 9.679898902800549987e-01
6.379547349999999824e+03 9.382906599246455537e-01
6.379580530000000181e+03 9.434400891274533629e-01
6.379613709999999628e+03 9.122116178883079574e-01
6.379646889999999985e+03 8.968553250291850798e-01
6.379680059999999685e+03 8.784968886287916057e-01
6.379713240000000042e+03 8.709923853359737844e-01
6.379746420000000398e+03 8.491225214684225975e-01
6.379779599999999846e+03 8.532377701102552559e-01
6.379812769999999546e+03 8.476858923460375284e-01
6.379845949999999903e+03 8.454238002220823001e-01
6.379879130000000259e+03 8.394472107374640890e-01
6.379912309999999707e+03 8.463795467420121010e-01
6.379945490000000063e+03 8.445901350349771519e-01
6.379978670000000420e+03 8.361306173310109058e-01
6.380011849999999868e+03 8.343496861966933631e-01
6.380045030000000224e+03 8.591477549131639746e-01
6.380078209999999672e+03 8.897470331105183927e-01
6.380111390000000029e+03 9.170403714589787647e-01
6.380144570000000385e+03 9.450280555518776326e-01
6.380177749999999833e+03 9.667085264962687052e-01
6.380210930000000189e+03 9.795682556989740997e-01
6.380244109999999637e+03 9.989407418179574449e-01
6.380277289999999994e+03 1.007497556118571280e+00
6.380310470000000350e+03 1.018591031675657010e+00
6.380343649999999798e+03 1.015575158741972128e+00
6.380376830000000155e+03 1.012281186275362677e+00
6.380410009999999602e+03 1.031680406825005836e+00
6.380443189999999959e+03 1.019515270096700510e+00
6.380476370000000315e+03 1.017923345648205302e+00
6.380509560000000420e+03 1.016865270259821541e+00
6.380542739999999867e+03 1.016805005287909625e+00
6.380575920000000224e+03 1.021856395661684180e+00
6.380609099999999671e+03 1.031114155953849476e+00
6.380642280000000028e+03 1.040309515683904840e+00
6.380675470000000132e+03 1.022426234823368141e+00
6.380708649999999579e+03 1.022010745968292778e+00
6.380741829999999936e+03 1.008111455379741006e+00
6.380775020000000040e+03 1.021164764690077220e+00
6.380808200000000397e+03 1.030034771332655641e+00
6.380841379999999845e+03 1.028112074028158185e+00
6.380874569999999949e+03 1.047348098564211627e+00
6.380907750000000306e+03 1.043670415767704140e+00
6.380940940000000410e+03 1.019245810972902122e+00
6.380974119999999857e+03 1.029784583706535361e+00
6.381007300000000214e+03 1.028558521978317986e+00
6.381040490000000318e+03 1.044514645705900913e+00
6.381073669999999765e+03 1.041132048223540885e+00
6.381106859999999870e+03 1.030654895924572712e+00
6.381140040000000226e+03 1.029452670084849197e+00
6.381173230000000331e+03 1.029093009638718526e+00
6.381206409999999778e+03 1.037875577478554634e+00
6.381239599999999882e+03 1.043489350702433871e+00
6.381272780000000239e+03 1.052927920587876542e+00
6.381305970000000343e+03 1.050458538165198519e+00
6.381339160000000447e+03 1.037960031262800120e+00
6.381372339999999895e+03 1.043612208522322060e+00
6.381405529999999999e+03 1.044110678696658079e+00
6.381438720000000103e+03 1.067710155651500514e+00
6.381471899999999550e+03 1.051867996865975208e+00
6.381505089999999655e+03 1.050821426081845145e+00
6.381538279999999759e+03 1.052903799423327680e+00
6.381571460000000116e+03 1.050961429745367992e+00
6.381604650000000220e+03 1.033477020972223714e+00
6.381637840000000324e+03 1.052098393412441713e+00
6.381671030000000428e+03 1.057803672847294374e+00
6.381704219999999623e+03 1.045364928385928316e+00
6.381737399999999980e+03 1.053070793773744906e+00
6.381770590000000084e+03 1.069009598774512737e+00
6.381803780000000188e+03 1.069446839601756682e+00
6.381836970000000292e+03 1.057867093476813070e+00
6.381870160000000396e+03 1.054134597703554554e+00
6.381903349999999591e+03 1.043405807633946747e+00
6.381936539999999695e+03 1.081328568270486734e+00
6.381969729999999799e+03 1.063541862499068236e+00
6.382002919999999904e+03 1.061292779088203408e+00
6.382036100000000260e+03 1.072703530099612390e+00
6.382069290000000365e+03 1.070987343711668149e+00
6.382102479999999559e+03 1.073981297927481648e+00
6.382135680000000320e+03 1.081074999646619350e+00
6.382168870000000425e+03 1.082316137262425926e+00
6.382202059999999619e+03 1.072694662073681249e+00
6.382235249999999724e+03 1.073673757998489853e+00
6.382268439999999828e+03 1.068793459142232560e+00
6.382301629999999932e+03 1.072335838216551540e+00
6.382334820000000036e+03 1.085527547881858457e+00
6.382368010000000140e+03 1.055675803062460005e+00
6.382401200000000244e+03 1.048164942489486551e+00
6.382434400000000096e+03 1.066435585546876563e+00
6.382467590000000200e+03 1.065678904536847993e+00
6.382500780000000304e+03 1.064968710290705944e+00
6.382533970000000409e+03 1.070456381299196513e+00
6.382567159999999603e+03 1.074600945084626780e+00
6.382600360000000364e+03 1.063950510556463058e+00
6.382633549999999559e+03 1.055407706717280680e+00
6.382666739999999663e+03 1.052445119956445296e+00
6.382699940000000424e+03 1.063273225679668643e+00
6.382733129999999619e+03 1.060449749999609725e+00
6.382766319999999723e+03 1.072203288377144847e+00
6.382799519999999575e+03 1.042997538513040334e+00
6.382832709999999679e+03 1.054141590023127462e+00
6.382865899999999783e+03 1.064150903105574031e+00
6.382899099999999635e+03 1.062508961093199922e+00
6.382932289999999739e+03 1.057950765984166708e+00
6.382965489999999591e+03 1.074517587006724062e+00
6.382998679999999695e+03 1.068223669793451958e+00
6.383031879999999546e+03 1.061505896476487187e+00
6.383065069999999650e+03 1.047089326767837836e+00
6.383098270000000412e+03 1.048141270679943782e+00
6.383131459999999606e+03 1.048506722700862870e+00
6.383164660000000367e+03 1.049497119998841876e+00
6.383197849999999562e+03 1.054830533216966959e+00
6.383231050000000323e+03 1.072806548670860449e+00
6.383264250000000175e+03 1.057181738113420533e+00
6.383297440000000279e+03 1.044195832733041618e+00
6.383330640000000130e+03 1.064215082613648500e+00
6.383363839999999982e+03 1.046054565170088768e+00
6.383397030000000086e+03 1.067877775786483019e+00
6.383430229999999938e+03 1.064842584490699906e+00
6.383463429999999789e+03 1.071201273635281170e+00
6.383496619999999893e+03 1.050999258547369308e+00
6.383529819999999745e+03 1.068432557015849271e+00
6.383563019999999597e+03 1.064935485072300070e+00
6.383596220000000358e+03 1.064631295489901541e+00
6.383629409999999552e+03 1.074614192586134775e+00
6.383662610000000313e+03 1.065334261860376053e+00
6.383695810000000165e+03 1.073913510726440590e+00
6.383729010000000017e+03 1.079685750351227824e+00
6.383762209999999868e+03 1.064747206503690036e+00
6.383795409999999720e+03 1.060789129526506169e+00
6.383828609999999571e+03 1.058836031053493221e+00
6.383861810000000332e+03 1.054176937383917600e+00
6.383895010000000184e+03 1.073680854328689538e+00
6.383928200000000288e+03 1.083654841387245993e+00
6.383961400000000140e+03 1.075048633402618359e+00
6.383994599999999991e+03 1.089185400270630266e+00
6.384027799999999843e+03 1.077257103846253061e+00
6.384060999999999694e+03 1.085172312309308662e+00
6.384094210000000203e+03 1.072435503356335529e+00
6.384127410000000054e+03 1.066421309117933092e+00
6.384160609999999906e+03 1.066813211922079896e+00
6.384193809999999758e+03 1.051719383763686899e+00
6.384227009999999609e+03 1.055665281868283012e+00
6.384260210000000370e+03 1.075096281092438488e+00
6.384293410000000222e+03 1.077808506625802298e+00
6.384326610000000073e+03 1.071849756828625821e+00
6.384359809999999925e+03 1.066531116075625008e+00
6.384393020000000433e+03 1.056118372063949984e+00
6.384426220000000285e+03 1.067285926397802065e+00
6.384459420000000136e+03 1.071039117959027953e+00
6.384492619999999988e+03 1.072934964317002970e+00
6.384525829999999587e+03 1.069644355135975777e+00
6.384559030000000348e+03 1.054917768101026665e+00
6.384592230000000200e+03 1.059364989208922081e+00
6.384625439999999799e+03 1.048230518850541193e+00
6.384658639999999650e+03 1.049225717942700697e+00
6.384691840000000411e+03 1.066179562637223466e+00
6.384725050000000010e+03 1.073940088476591725e+00
6.384758249999999862e+03 1.080259522498332903e+00
6.384791449999999713e+03 1.059988016035933178e+00
6.384824660000000222e+03 1.050650988115112483e+00
6.384857860000000073e+03 1.060576817236241531e+00
6.384891069999999672e+03 1.068645518871184308e+00
6.384924270000000433e+03 1.054979281047659700e+00
6.384957480000000032e+03 1.066037371900901976e+00
6.384990679999999884e+03 1.067395421148423562e+00
6.385023890000000392e+03 1.064508544351022268e+00
6.385057090000000244e+03 1.075373597716625662e+00
6.385090299999999843e+03 1.058173147822654592e+00
6.385123499999999694e+03 1.050464487685896176e+00
6.385156710000000203e+03 1.066752891090205324e+00
6.385189919999999802e+03 1.073927647294058207e+00
6.385223119999999653e+03 1.071758185416475939e+00
6.385256330000000162e+03 1.048112572798776343e+00
6.385289539999999761e+03 1.044719155904876740e+00
6.385322739999999612e+03 1.072553378669357960e+00
6.385355950000000121e+03 1.047723243264311099e+00
6.385389159999999720e+03 1.057070468042918820e+00
6.385422359999999571e+03 1.045944418565477152e+00
6.385455570000000080e+03 1.049969311228060809e+00
6.385488779999999679e+03 1.068566673898232677e+00
6.385521990000000187e+03 1.042145188648532894e+00
6.385555190000000039e+03 1.050799162501078410e+00
6.385588399999999638e+03 1.051504749668031646e+00
6.385621610000000146e+03 1.067513557463386498e+00
6.385654819999999745e+03 1.065854736785238899e+00
6.385688030000000253e+03 1.056594869575163909e+00
6.385721239999999852e+03 1.054004707893457571e+00
6.385754450000000361e+03 1.070228533755039901e+00
6.385787659999999960e+03 1.069255695309609289e+00
6.385820869999999559e+03 1.054945174611546577e+00
6.385854070000000320e+03 1.060718711929916402e+00
6.385887279999999919e+03 1.050644386824579612e+00
6.385920490000000427e+03 1.078780190649728521e+00
6.385953700000000026e+03 1.095380118231292332e+00
6.385986909999999625e+03 1.087962693006393700e+00
6.386020129999999881e+03 1.084187775526791908e+00
6.386053340000000389e+03 1.076047236010484021e+00
6.386086549999999988e+03 1.057596991109996498e+00
6.386119759999999587e+03 1.058227375038970131e+00
6.386152970000000096e+03 1.053537441204045244e+00
6.386186179999999695e+03 1.063638504133685547e+00
6.386219390000000203e+03 1.072261112156051466e+00
6.386252599999999802e+03 1.059587442526284562e+00
6.386285820000000058e+03 1.056576704747590023e+00
6.386319029999999657e+03 1.060772484939649596e+00
6.386352240000000165e+03 1.083091527072048255e+00
6.386385449999999764e+03 1.084915829944548937e+00
6.386418660000000273e+03 1.089996762999591251e+00
6.386451879999999619e+03 1.081551265225372704e+00
6.386485090000000127e+03 1.080850814182653163e+00
6.386518299999999726e+03 1.083075897246407182e+00
6.386551519999999982e+03 1.078364913488940369e+00
6.386584729999999581e+03 1.083538631251715456e+00
6.386617940000000090e+03 1.074817358487357488e+00
6.386651160000000345e+03 1.065195791579985007e+00
6.386684369999999944e+03 1.062433399377899823e+00
6.386717580000000453e+03 1.079439014883451620e+00
6.386750799999999799e+03 1.082950345883949117e+00
6.386784010000000308e+03 1.070304585075682047e+00
6.386817229999999654e+03 1.062901238301205531e+00
6.386850440000000162e+03 1.067090416638664996e+00
6.386883660000000418e+03 1.070055754620432564e+00
6.386916870000000017e+03 1.072651691529784346e+00
6.386950090000000273e+03 1.072492147309521471e+00
6.386983299999999872e+03 1.061995726969232390e+00
6.387016520000000128e+03 1.050668429197898268e+00
6.387049729999999727e+03 1.076693982337839417e+00
6.387082949999999983e+03 1.061403252737074698e+00
6.387116170000000238e+03 1.091091897471977656e+00
6.387149379999999837e+03 1.083059430414667901e+00
6.387182600000000093e+03 1.063759731344624315e+00
6.387215820000000349e+03 1.071959577081046833e+00
6.387249029999999948e+03 1.079358964576803803e+00
6.387282250000000204e+03 1.069064861412255318e+00
6.387315469999999550e+03 1.071523503425233281e+00
6.387348680000000058e+03 1.053110719963893382e+00
6.387381900000000314e+03 1.055169559008055202e+00
6.387415119999999661e+03 1.070703863290602298e+00
6.387448339999999916e+03 1.058063875695273603e+00
6.387481560000000172e+03 1.062454774097421950e+00
6.387514769999999771e+03 1.066307026161755767e+00
6.387547990000000027e+03 1.057130846714148920e+00
6.387581210000000283e+03 1.055542670669412431e+00
6.387614429999999629e+03 1.067075223008178808e+00
6.387647649999999885e+03 1.069658080033979219e+00
6.387680870000000141e+03 1.064230319628307830e+00
6.387714090000000397e+03 1.046267439618608019e+00
6.387747309999999743e+03 1.038362461418172566e+00
6.387780529999999999e+03 1.061045302557217962e+00
6.387813750000000255e+03 1.063313263583875345e+00
6.387846969999999601e+03 1.051722909967059527e+00
6.387880189999999857e+03 1.068795914831772498e+00
6.387913410000000113e+03 1.054281995068781841e+00
6.387946630000000368e+03 1.066961303077665901e+00
6.387979849999999715e+03 1.063728153915529218e+00
6.388013069999999971e+03 1.057171165263215418e+00
6.388046290000000226e+03 1.060347885769489906e+00
6.388079509999999573e+03 1.066602436776534546e+00
6.388112729999999829e+03 1.066740036892158239e+00
6.388145950000000084e+03 1.049888851032314108e+00
6.388179170000000340e+03 1.054835716084360220e+00
6.388212400000000343e+03 1.060290445858332875e+00
6.388245619999999690e+03 1.052180566744556289e+00
6.388278839999999946e+03 1.054334763547377651e+00
6.388312060000000201e+03 1.053742313935914332e+00
6.388345290000000205e+03 1.046271646375553255e+00
6.388378509999999551e+03 1.052904053464909673e+00
6.388411729999999807e+03 1.057728454859948375e+00
6.388444950000000063e+03 1.050681466094574468e+00
6.388478180000000066e+03 1.072932301391893217e+00
6.388511400000000322e+03 1.054283548657818148e+00
6.388544619999999668e+03 1.070210196738161201e+00
6.388577849999999671e+03 1.053693076313684918e+00
6.388611069999999927e+03 1.056156162937240017e+00
6.388644299999999930e+03 1.050371965082072423e+00
6.388677520000000186e+03 1.051273541172355053e+00
6.388710750000000189e+03 1.042166168588311459e+00
6.388743970000000445e+03 1.054654181706692340e+00
6.388777189999999791e+03 1.040223407596793326e+00
6.388810419999999795e+03 1.035209439936110698e+00
6.388843640000000050e+03 1.038819727252054514e+00
6.388876870000000054e+03 1.040383724680517874e+00
6.388910100000000057e+03 1.045232795291216377e+00
6.388943320000000313e+03 1.052051376187657983e+00
6.388976550000000316e+03 1.036206323567273158e+00
6.389009769999999662e+03 1.044732987940018898e+00
6.389042999999999665e+03 1.045659048332103991e+00
6.389076229999999669e+03 1.038415333963767395e+00
6.389109449999999924e+03 1.037764629456685572e+00
6.389142679999999928e+03 1.040775863240984700e+00
6.389175909999999931e+03 1.040602366623947894e+00
6.389209130000000187e+03 1.039290466342682073e+00
6.389242360000000190e+03 1.038417192242140796e+00
6.389275590000000193e+03 1.041905841884393613e+00
6.389308810000000449e+03 1.030178394703073597e+00
6.389342040000000452e+03 1.040175325073190882e+00
6.389375269999999546e+03 1.041248821064439722e+00
6.389408499999999549e+03 1.036499107952803866e+00
6.389441729999999552e+03 1.037349780618561423e+00
6.389474949999999808e+03 1.048031716615416498e+00
6.389508179999999811e+03 1.037251435113192288e+00
6.389541409999999814e+03 1.047641251220623682e+00
6.389574639999999818e+03 1.025322486930995591e+00
6.389607869999999821e+03 1.029866225707617211e+00
6.389641099999999824e+03 1.033086960818000666e+00
6.389674329999999827e+03 1.042731030010650262e+00
6.389707559999999830e+03 1.026982364164523931e+00
6.389740789999999834e+03 1.028072659667820243e+00
6.389774019999999837e+03 1.032055433768843011e+00
6.389807249999999840e+03 1.021968883811192663e+00
6.389840479999999843e+03 1.026113450045268660e+00
6.389873709999999846e+03 1.039873627149044300e+00
6.389906939999999850e+03 1.033425994366675260e+00
6.389940169999999853e+03 1.018409198319377040e+00
6.389973399999999856e+03 1.039162077926781169e+00
6.390006629999999859e+03 1.029545601526363541e+00
6.390039859999999862e+03 1.025113917476527581e+00
6.390073099999999613e+03 1.023690075815986811e+00
6.390106329999999616e+03 1.027420233782180059e+00
6.390139559999999619e+03 1.014596598897515856e+00
6.390172789999999623e+03 1.008288510629506973e+00
6.390206019999999626e+03 1.025096019581051232e+00
6.390239260000000286e+03 1.014788170010896273e+00
6.390272490000000289e+03 1.005657374730349884e+00
6.390305720000000292e+03 1.021072946109303103e+00
6.390338950000000295e+03 1.027873231904660845e+00
6.390372190000000046e+03 1.023658217968682393e+00
6.390405420000000049e+03 1.017812550182005227e+00
6.390438650000000052e+03 1.027344008143266318e+00
6.390471889999999803e+03 1.032552503396855448e+00
6.390505119999999806e+03 1.018937925843310000e+00
6.390538359999999557e+03 1.013392745005746054e+00
6.390571589999999560e+03 1.009886157999359213e+00
6.390604819999999563e+03 1.022372161818672964e+00
6.390638060000000223e+03 1.018227360730340036e+00
6.390671290000000226e+03 1.014874991858683906e+00
6.390704529999999977e+03 1.033992303954677894e+00
6.390737759999999980e+03 1.021940059344138785e+00
6.390770999999999731e+03 1.023672768777832198e+00
6.390804229999999734e+03 1.028182591252826183e+00
6.390837470000000394e+03 1.023092343574350416e+00
6.390870700000000397e+03 1.007194239334132213e+00
6.390903940000000148e+03 1.031166502572390842e+00
6.390937179999999898e+03 1.016122467419411590e+00
6.390970409999999902e+03 1.021032971385500865e+00
6.391003649999999652e+03 1.018520292168887398e+00
6.391036890000000312e+03 1.008045885185147261e+00
6.391070120000000315e+03 1.022026386838801093e+00
6.391103360000000066e+03 1.013244561860805026e+00
6.391136599999999817e+03 1.019971231445894411e+00
6.391169829999999820e+03 1.021613198381344345e+00
6.391203069999999570e+03 1.015408726420258256e+00
6.391236310000000231e+03 1.014512334852660569e+00
6.391269549999999981e+03 1.021031902435621808e+00
6.391302779999999984e+03 1.018774149315252453e+00
6.391336019999999735e+03 1.008577495139271640e+00
6.391369260000000395e+03 1.023890446192616155e+00
6.391402500000000146e+03 1.033910933773420027e+00
6.391435739999999896e+03 1.013659926058203098e+00
6.391468979999999647e+03 1.010579579073301648e+00
6.391502209999999650e+03 9.929749301957715435e-01
6.391535450000000310e+03 1.005950090688495058e+00
6.391568690000000061e+03 1.009124514986452725e+00
6.391601929999999811e+03 9.986130365671594955e-01
6.391635169999999562e+03 1.009196216736079954e+00
6.391668410000000222e+03 1.017463978541936820e+00
6.391701649999999972e+03 1.016615464932443924e+00
6.391734889999999723e+03 1.011528070099407817e+00
6.391768130000000383e+03 1.014118682674961525e+00
6.391801370000000134e+03 1.001930489100967270e+00
6.391834609999999884e+03 1.016599986113621235e+00
6.391867849999999635e+03 1.004250352594870499e+00
6.391901100000000042e+03 1.016427595072830536e+00
6.391934339999999793e+03 1.013610374600820041e+00
6.391967580000000453e+03 1.018371443470981852e+00
6.392000820000000203e+03 1.000882656308299534e+00
6.392034059999999954e+03 1.005074621083621667e+00
6.392067299999999705e+03 1.003319493817353525e+00
6.392100550000000112e+03 9.944246160724151684e-01
6.392133789999999863e+03 9.931697410418895977e-01
6.392167029999999613e+03 1.006356451042381694e+00
6.392200270000000273e+03 1.033938893950446802e+00
6.392233519999999771e+03 1.003416574091548830e+00
6.392266760000000431e+03 1.000400278037351320e+00
6.392300000000000182e+03 1.016573253434153390e+00
6.392333239999999932e+03 1.018196865709748433e+00
6.392366490000000340e+03 1.028692116659709832e+00
6.392399730000000091e+03 1.013834862077350962e+00
6.392432979999999588e+03 1.002132195887235122e+00
6.392466220000000249e+03 1.009203916507615872e+00
6.392499459999999999e+03 1.015083229753892535e+00
6.392532710000000407e+03 1.007074057029992753e+00
6.392565950000000157e+03 9.988186418559372726e-01
6.392599199999999655e+03 1.012016064567502260e+00
6.392632440000000315e+03 1.018042307739045249e+00
6.392665689999999813e+03 1.007455611256143913e+00
6.392698929999999564e+03 9.998083048533450423e-01
6.392732179999999971e+03 1.014891980537624416e+00
6.392765419999999722e+03 1.013454765300717542e+00
6.392798670000000129e+03 1.006777266610557442e+00
6.392831909999999880e+03 1.006786897222160748e+00
6.392865160000000287e+03 1.008297235705027273e+00
6.392898409999999785e+03 1.009800033564267840e+00
6.392931650000000445e+03 1.011310678960672060e+00
6.392964899999999943e+03 1.012821483224156660e+00
6.392998150000000351e+03 1.015571433683492675e+00
6.393031390000000101e+03 1.005777624796403869e+00
6.393064639999999599e+03 1.010905796632716847e+00
6.393097890000000007e+03 1.011801495511907012e+00
6.393131140000000414e+03 1.008672377258881703e+00
6.393164380000000165e+03 1.002526483727262718e+00
6.393197629999999663e+03 1.028981175669563264e+00
6.393230880000000070e+03 1.018571950474051135e+00
6.393264129999999568e+03 1.006877346461794387e+00
6.393297370000000228e+03 1.013738470505040512e+00
6.393330619999999726e+03 1.006553903644901604e+00
6.393363870000000134e+03 1.004348941437947840e+00
6.393397119999999632e+03 1.010056161948295728e+00
6.393430370000000039e+03 1.003618257122516733e+00
6.393463620000000446e+03 1.016630104810709589e+00
6.393496869999999944e+03 9.992628065913389257e-01
6.393530120000000352e+03 1.002461524801389059e+00
6.393563369999999850e+03 1.010240201479791100e+00
6.393596620000000257e+03 9.931111738113955756e-01
6.393629869999999755e+03 9.970877299004310412e-01
6.393663120000000163e+03 9.936596517566966824e-01
6.393696369999999661e+03 1.009590713150741781e+00
6.393729620000000068e+03 1.015030540900474509e+00
6.393762869999999566e+03 1.003543489270501521e+00
6.393796119999999974e+03 1.013833218489986310e+00
6.393829370000000381e+03 1.005363660364824385e+00
6.393862619999999879e+03 1.010996670387408036e+00
6.393895870000000286e+03 1.014058803276322918e+00
6.393929130000000441e+03 1.010577702432299274e+00
6.393962379999999939e+03 1.028259197851214113e+00
6.393995630000000347e+03 1.021552822088966916e+00
6.394028879999999845e+03 1.002544190939045121e+00
6.394062130000000252e+03 1.017801634192266436e+00
6.394095390000000407e+03 1.016207157705092179e+00
6.394128639999999905e+03 1.016391185967485233e+00
6.394161890000000312e+03 1.028085256766968048e+00
6.394195139999999810e+03 1.030425451262070080e+00
6.394228399999999965e+03 1.011708634095469073e+00
6.394261650000000373e+03 1.015319290433768229e+00
6.394294899999999870e+03 1.004178141115550149e+00
6.394328160000000025e+03 1.017659822073156306e+00
6.394361410000000433e+03 9.989806846516806615e-01
6.394394669999999678e+03 1.000890228212900857e+00
6.394427920000000086e+03 9.925822264513645132e-01
6.394461169999999584e+03 1.020402433337935122e+00
6.394494429999999738e+03 1.013773355946835375e+00
6.394527680000000146e+03 1.007752507931057417e+00
6.394560940000000301e+03 1.022838273151157384e+00
6.394594189999999799e+03 9.954179949098481694e-01
6.394627449999999953e+03 1.008440537126673808e+00
6.394660700000000361e+03 1.025213882316621694e+00
6.394693959999999606e+03 1.010683918536660730e+00
6.394727219999999761e+03 1.004586179762041454e+00
6.394760470000000169e+03 1.009362334424204199e+00
6.394793730000000323e+03 9.969341937330525871e-01
6.394826979999999821e+03 1.001849254859081384e+00
6.394860239999999976e+03 1.013549644981636355e+00
6.394893500000000131e+03 1.018180455083253833e+00
6.394926749999999629e+03 1.021371314684999199e+00
6.394960009999999784e+03 1.017515167560854916e+00
6.394993269999999939e+03 1.010285513664574086e+00
6.395026520000000346e+03 9.862341488431475289e-01
6.395059779999999591e+03 1.006562845962031272e+00
6.395093039999999746e+03 1.005194560274927706e+00
6.395126299999999901e+03 1.013909057644914569e+00
6.395159560000000056e+03 9.972742682756760013e-01
6.395192809999999554e+03 1.005727286099365125e+00
6.395226069999999709e+03 1.004490336936634032e+00
6.395259329999999864e+03 1.004940461501286020e+00
6.395292590000000018e+03 1.012508592976682165e+00
6.395325850000000173e+03 9.998401390242956932e-01
6.395359110000000328e+03 1.007085159135181263e+00
6.395392369999999573e+03 1.021895670770482711e+00
6.395425629999999728e+03 1.015613585377122652e+00
6.395458880000000136e+03 1.010633362674044911e+00
6.395492140000000290e+03 1.005391134687868337e+00
6.395525400000000445e+03 1.013092146332081445e+00
6.395558659999999691e+03 1.023875391687595560e+00
6.395591919999999845e+03 1.026877482931520369e+00
6.395625189999999748e+03 1.015949518264109619e+00
6.395658449999999903e+03 1.007679450197512816e+00
6.395691710000000057e+03 1.004378981285433792e+00
6.395724970000000212e+03 1.006911404807371069e+00
6.395758230000000367e+03 1.017943162691460568e+00
6.395791489999999612e+03 1.013379359775200106e+00
6.395824749999999767e+03 1.007027756620792580e+00
6.395858009999999922e+03 1.014053499853797558e+00
6.395891270000000077e+03 1.008279853286143446e+00
6.395924539999999979e+03 1.003184245028137411e+00
6.395957800000000134e+03 9.939424880879380586e-01
6.395991060000000289e+03 1.001801359710626116e+00
6.396024320000000444e+03 1.009229115823062628e+00
6.396057590000000346e+03 9.980759597131091398e-01
6.396090849999999591e+03 9.981285312353477268e-01
6.396124109999999746e+03 1.000084919820094509e+00
6.396157369999999901e+03 9.976714124316627963e-01
6.396190639999999803e+03 1.002595554593941118e+00
6.396223899999999958e+03 9.957656976543117766e-01
6.396257169999999860e+03 9.976148000282006878e-01
6.396290430000000015e+03 1.010270870317989456e+00
6.396323690000000170e+03 1.015065190186424715e+00
6.396356960000000072e+03 1.005398793648489830e+00
6.396390220000000227e+03 1.013939869196589516e+00
6.396423490000000129e+03 1.019467324856310864e+00
6.396456750000000284e+03 1.027515911129927684e+00
6.396490020000000186e+03 9.918230091916839797e-01
6.396523280000000341e+03 1.018296571681670093e+00
6.396556550000000243e+03 1.003579333672133478e+00
6.396589810000000398e+03 1.030624805399570798e+00
6.396623080000000300e+03 1.010317422746143112e+00
6.396656339999999545e+03 1.011072917842277263e+00
6.396689610000000357e+03 1.021458480292446902e+00
6.396722880000000259e+03 1.017395175875588809e+00
6.396756140000000414e+03 1.014835195595025219e+00
6.396789410000000316e+03 1.012745415321610443e+00
6.396822669999999562e+03 1.002227446289748247e+00
6.396855940000000373e+03 1.006892116429894735e+00
6.396889210000000276e+03 1.003915079692389023e+00
6.396922480000000178e+03 1.007307516573310302e+00
6.396955740000000333e+03 1.014100875854320627e+00
6.396989010000000235e+03 9.996716526237920952e-01
6.397022280000000137e+03 9.921979287809500336e-01
6.397055550000000039e+03 9.975722412711670595e-01
6.397088810000000194e+03 9.924348680927639332e-01
6.397122080000000096e+03 1.000878898544487416e+00
6.397155349999999999e+03 9.915533183857114796e-01
6.397188619999999901e+03 9.832993618424977766e-01
6.397221889999999803e+03 9.993177666901823519e-01
6.397255159999999705e+03 9.966632779972290912e-01
6.397288429999999607e+03 9.976801699918813604e-01
6.397321689999999762e+03 9.862397595816898566e-01
6.397354959999999664e+03 9.897864580833891646e-01
6.397388229999999567e+03 9.970821881101007422e-01
6.397421500000000378e+03 9.918892245634467475e-01
6.397454770000000281e+03 9.858011461065757652e-01
6.397488040000000183e+03 9.988674504381742647e-01
6.397521310000000085e+03 1.015621806113592429e+00
6.397554579999999987e+03 1.002181629327132395e+00
6.397587849999999889e+03 1.010218924412869868e+00
6.397621130000000448e+03 1.014792490443754192e+00
6.397654400000000351e+03 1.005448041552326588e+00
6.397687670000000253e+03 9.965506351269666219e-01
6.397720940000000155e+03 9.963558807715172660e-01
6.397754210000000057e+03 9.998260104102441037e-01
6.397787479999999960e+03 1.002123436521133115e+00
6.397820749999999862e+03 1.001411679036486202e+00
6.397854030000000421e+03 9.916565231139788938e-01
6.397887300000000323e+03 1.003869247248493579e+00
6.397920570000000225e+03 9.985583230251017239e-01
6.397953840000000127e+03 1.004783503721814686e+00
6.397987119999999777e+03 9.918789575257277447e-01
6.398020389999999679e+03 9.937286497913800920e-01
6.398053659999999581e+03 1.005440857351461936e+00
6.398086930000000393e+03 9.971734584265493639e-01
6.398120210000000043e+03 9.998335773299459328e-01
6.398153479999999945e+03 1.009864067370782825e+00
6.398186759999999595e+03 1.008133059269869181e+00
6.398220030000000406e+03 1.009149507905220178e+00
6.398253300000000309e+03 1.012790100450408959e+00
6.398286579999999958e+03 1.003888658370244213e+00
6.398319849999999860e+03 1.005885180090962061e+00
6.398353130000000419e+03 1.009471766721200314e+00
6.398386400000000322e+03 1.014100474181414357e+00
6.398419679999999971e+03 1.013719780616332500e+00
6.398452949999999873e+03 1.020772445918279869e+00
6.398486230000000432e+03 1.010765951031386889e+00
6.398519500000000335e+03 1.002959010657643146e+00
6.398552779999999984e+03 1.000300621107421906e+00
6.398586049999999886e+03 1.016547510453454928e+00
6.398619330000000446e+03 1.003645004548373132e+00
6.398652610000000095e+03 1.012597159451622320e+00
6.398685879999999997e+03 1.016130095397346667e+00
6.398719159999999647e+03 1.023608192833988406e+00
6.398752429999999549e+03 1.021188944720970770e+00
6.398785710000000108e+03 1.018692353407368412e+00
6.398818989999999758e+03 1.021893519373900494e+00
6.398852270000000317e+03 1.014880028451206062e+00
6.398885540000000219e+03 1.011688122969414794e+00
6.398918819999999869e+03 1.022448248634135526e+00
6.398952100000000428e+03 1.008662591944873510e+00
6.398985380000000077e+03 1.013678193487691281e+00
6.399018649999999980e+03 1.036113978181667949e+00
6.399051929999999629e+03 1.014760273810979108e+00
6.399085210000000188e+03 9.994133664745453727e-01
6.399118489999999838e+03 1.002382636864760812e+00
6.399151770000000397e+03 1.016124514735301743e+00
6.399185050000000047e+03 1.031125629161551593e+00
6.399218329999999696e+03 1.015445591607309295e+00
6.399251610000000255e+03 1.017233643087712025e+00
6.399284880000000157e+03 1.008039824544479268e+00
6.399318159999999807e+03 9.966213904622277520e-01
6.399351440000000366e+03 1.028598802133402934e+00
6.399384720000000016e+03 1.023119439663821240e+00
6.399417999999999665e+03 1.028043288399179911e+00
6.399451280000000224e+03 1.024648979231224999e+00
6.399484559999999874e+03 1.010116878204783353e+00
6.399517850000000180e+03 1.022200656283827946e+00
6.399551129999999830e+03 1.003149314613386966e+00
6.399584410000000389e+03 1.011000475289525857e+00
6.399617690000000039e+03 1.023664128987211708e+00
6.399650969999999688e+03 1.023938185436419790e+00
6.399684250000000247e+03 1.005317837562036187e+00
6.399717529999999897e+03 1.007337259877606028e+00
6.399750809999999547e+03 1.009943802069094287e+00
6.399784099999999853e+03 1.007830407460697852e+00
6.399817380000000412e+03 1.013387977638945170e+00
6.399850660000000062e+03 1.017362016835540617e+00
6.399883939999999711e+03 9.995194682598287361e-01
6.399917230000000018e+03 1.008630833330528498e+00
6.399950509999999667e+03 1.003550297855705375e+00
6.399983790000000226e+03 1.018100991003971556e+00
6.400017079999999623e+03 1.022353387851194118e+00
6.400050360000000182e+03 1.030422609946823664e+00
6.400083639999999832e+03 1.003012904294340091e+00
6.400116930000000139e+03 9.969812263897798177e-01
6.400150209999999788e+03 1.016331093133451713e+00
6.400183490000000347e+03 1.024261519578266499e+00
6.400216779999999744e+03 1.013307750534429008e+00
6.400250060000000303e+03 1.016888014782961314e+00
6.400283349999999700e+03 1.022786505304923876e+00
6.400316630000000259e+03 1.024891063470242170e+00
6.400349919999999656e+03 1.024376063367260281e+00
6.400383200000000215e+03 1.008367265749147146e+00
6.400416489999999612e+03 1.020811181692690583e+00
6.400449770000000171e+03 1.021509202225565405e+00
6.400483059999999568e+03 1.009425171865650395e+00
6.400516349999999875e+03 9.999063960954086561e-01
6.400549630000000434e+03 1.014993897898391673e+00
6.400582919999999831e+03 1.002599844639211257e+00
6.400616200000000390e+03 1.021235203796831303e+00
6.400649489999999787e+03 1.029020177108775913e+00
6.400682780000000093e+03 1.014662476149726267e+00
6.400716059999999743e+03 1.008605058188096981e+00
6.400749350000000049e+03 1.008545114226311545e+00
6.400782640000000356e+03 1.012867554361369882e+00
6.400815929999999753e+03 1.012838505174195491e+00
6.400849210000000312e+03 1.017021938187733898e+00
6.400882499999999709e+03 1.007114495184895819e+00
6.400915790000000015e+03 9.975390453912807986e-01
6.400949080000000322e+03 9.930030648955775474e-01
6.400982369999999719e+03 1.001283136169433430e+00
6.401015650000000278e+03 1.008798157596636047e+00
6.401048939999999675e+03 1.008011148698387371e+00
6.401082229999999981e+03 1.004387033676008567e+00
6.401115520000000288e+03 1.007001235957671437e+00
6.401148809999999685e+03 9.972697214136790889e-01
6.401182099999999991e+03 1.005627725721571109e+00
6.401215390000000298e+03 1.011945016367034045e+00
6.401248679999999695e+03 1.019715892814453628e+00
6.401281970000000001e+03 1.012326282457749249e+00
6.401315260000000308e+03 1.008887041562905207e+00
6.401348549999999705e+03 1.004342057059739446e+00
6.401381840000000011e+03 1.019141050942682369e+00
6.401415130000000318e+03 1.016737647858411142e+00
6.401448419999999714e+03 1.015408830859484191e+00
6.401481710000000021e+03 1.015827324345398353e+00
6.401515000000000327e+03 1.022500960668352388e+00
6.401548289999999724e+03 1.011893499071250480e+00
6.401581580000000031e+03 1.019850743683004213e+00
6.401614870000000337e+03 1.012134706918708771e+00
6.401648170000000391e+03 1.025628577549744458e+00
6.401681459999999788e+03 1.027717234639161425e+00
6.401714750000000095e+03 1.013435727632796768e+00
6.401748040000000401e+03 1.027780729242387725e+00
6.401781339999999545e+03 1.008418119644462374e+00
6.401814629999999852e+03 1.012733579043805676e+00
6.401847920000000158e+03 1.017319789643244876e+00
6.401881209999999555e+03 1.023460497166305050e+00
6.401914509999999609e+03 1.027861326384087670e+00
6.401947799999999916e+03 1.005805677211998983e+00
6.401981090000000222e+03 1.002565378582684685e+00
6.402014390000000276e+03 1.028063795408796999e+00
6.402047679999999673e+03 1.031768719696301906e+00
6.402080969999999979e+03 1.038737480682230263e+00
6.402114270000000033e+03 1.017847925888338834e+00
6.402147560000000340e+03 1.021096398656538451e+00
6.402180860000000393e+03 1.002827806272938105e+00
6.402214149999999790e+03 1.022125194768083167e+00
6.402247449999999844e+03 1.038507165501602492e+00
6.402280740000000151e+03 1.037486371689319231e+00
6.402314040000000205e+03 1.018621147379937808e+00
6.402347329999999602e+03 1.013477178567272485e+00
6.402380629999999655e+03 1.009299901711271152e+00
6.402413919999999962e+03 1.000442639782298304e+00
6.402447220000000016e+03 1.019177018370327259e+00
6.402480520000000070e+03 1.023872061602157935e+00
6.402513810000000376e+03 1.019377340025985568e+00
6.402547110000000430e+03 1.003549673135470055e+00
6.402580399999999827e+03 1.011756598312594013e+00
6.402613699999999881e+03 1.020922973875775686e+00
6.402646999999999935e+03 1.023328289562992710e+00
6.402680299999999988e+03 1.050357733326829912e+00
6.402713590000000295e+03 1.018097340443659959e+00
6.402746890000000349e+03 1.022436666809241723e+00
6.402780190000000403e+03 1.037692224931677343e+00
6.402813489999999547e+03 1.022891570666552230e+00
6.402846779999999853e+03 1.012446195926204329e+00
6.402880079999999907e+03 1.006201561820948553e+00
6.402913379999999961e+03 1.009666523160068552e+00
6.402946680000000015e+03 1.010787219679380566e+00
6.402979980000000069e+03 1.016472806069333545e+00
6.403013280000000123e+03 1.017771492902742159e+00
6.403046580000000176e+03 1.022257955038460064e+00
6.403079869999999573e+03 1.037894160462205395e+00
6.403113169999999627e+03 1.013543046131819558e+00
6.403146469999999681e+03 1.002608323506859245e+00
6.403179769999999735e+03 1.028806833698553191e+00
6.403213069999999789e+03 1.022143236322880844e+00
6.403246369999999843e+03 1.010163410136115214e+00
6.403279669999999896e+03 1.019934991239140887e+00
6.403312969999999950e+03 1.015352431570796243e+00
6.403346270000000004e+03 1.021649757159314387e+00
6.403379570000000058e+03 1.026639415255882426e+00
6.403412879999999859e+03 1.021847682261872059e+00
6.403446179999999913e+03 1.023703242319422779e+00
6.403479479999999967e+03 1.025582021056621773e+00
6.403512780000000021e+03 1.020782195237418311e+00
6.403546080000000075e+03 1.018257439288504207e+00
6.403579380000000128e+03 1.002220217794226098e+00
6.403612680000000182e+03 1.025203244198640951e+00
6.403645989999999983e+03 1.014822982538146068e+00
6.403679290000000037e+03 1.011245275436571944e+00
6.403712590000000091e+03 1.019253370147908289e+00
6.403745890000000145e+03 1.035744164855623373e+00
6.403779199999999946e+03 1.017801676516229659e+00
6.403812500000000000e+03 1.019238986755166332e+00
6.403845800000000054e+03 1.023957980332085738e+00
6.403879109999999855e+03 1.017547014925341387e+00
6.403912409999999909e+03 1.025346550286964531e+00
6.403945709999999963e+03 1.031025439358403073e+00
6.403979019999999764e+03 1.018708373200025274e+00
6.404012319999999818e+03 1.009378713010073536e+00
6.404045629999999619e+03 1.026397215620377334e+00
6.404078929999999673e+03 1.054082550770450544e+00
6.404112229999999727e+03 1.029248358331953161e+00
6.404145540000000437e+03 1.043883466158787687e+00
6.404178839999999582e+03 1.030195214522650504e+00
6.404212150000000292e+03 1.019146232025534449e+00
6.404245450000000346e+03 1.018028647155170274e+00
6.404278760000000148e+03 1.015037642528926698e+00
6.404312069999999949e+03 1.025655556753519715e+00
6.404345370000000003e+03 1.021836154849071532e+00
6.404378679999999804e+03 1.057691263494151990e+00
6.404411979999999858e+03 1.044450670843390050e+00
6.404445289999999659e+03 1.009409417363944073e+00
6.404478600000000370e+03 1.019679297556443487e+00
6.404511900000000423e+03 1.045123239649507374e+00
6.404545210000000225e+03 1.023861099870122526e+00
6.404578520000000026e+03 1.003504213758692254e+00
6.404611820000000080e+03 1.016375650314558454e+00
6.404645129999999881e+03 1.027923442786740083e+00
6.404678439999999682e+03 1.037450738595927069e+00
6.404711750000000393e+03 9.982867707609246466e-01
6.404745050000000447e+03 1.037792450762856422e+00
6.404778360000000248e+03 1.033174507064681835e+00
6.404811670000000049e+03 1.039783161380533949e+00
6.404844979999999850e+03 1.045455056301476393e+00
6.404878289999999652e+03 1.025699787603732593e+00
6.404911600000000362e+03 1.049582750687384936e+00
6.404944900000000416e+03 1.029664375440937363e+00
6.404978210000000217e+03 1.019230716371980483e+00
6.405011520000000019e+03 1.039637616613823701e+00
6.405044829999999820e+03 1.042831781816229597e+00
6.405078139999999621e+03 1.017414502668054999e+00
6.405111450000000332e+03 1.011990013345921646e+00
6.405144760000000133e+03 1.030562356227002763e+00
6.405178069999999934e+03 1.038177788335768792e+00
6.405211379999999735e+03 1.042223220215269919e+00
6.405244690000000446e+03 1.032763352095927623e+00
6.405278000000000247e+03 1.021034015176123022e+00
6.405311310000000049e+03 1.017218333375906170e+00
6.405344619999999850e+03 1.035697024368836150e+00
6.405377929999999651e+03 1.057892823746523936e+00
6.405411250000000109e+03 1.027878138554819687e+00
6.405444559999999910e+03 1.039812571841663758e+00
6.405477869999999712e+03 1.040502276574184259e+00
6.405511180000000422e+03 1.037125908452550593e+00
6.405544490000000224e+03 1.032928244258469519e+00
6.405577809999999772e+03 1.023944158754105160e+00
6.405611119999999573e+03 1.036729151839320906e+00
6.405644430000000284e+03 1.056522696821474483e+00
6.405677740000000085e+03 1.036625525838730910e+00
6.405711059999999634e+03 1.020437419554238945e+00
6.405744370000000345e+03 1.031904726396852601e+00
6.405777680000000146e+03 1.023963762913287834e+00
6.405810999999999694e+03 1.018074716960429171e+00
6.405844310000000405e+03 1.024003681043634373e+00
6.405877620000000206e+03 1.023024052624244673e+00
6.405910939999999755e+03 1.041436934893238186e+00
6.405944249999999556e+03 1.015154476839494890e+00
6.405977560000000267e+03 1.028013736048068116e+00
6.406010879999999815e+03 1.017181316755953135e+00
6.406044189999999617e+03 1.026802615173120659e+00
6.406077510000000075e+03 1.012546233480083657e+00
6.406110819999999876e+03 1.012369621401425945e+00
6.406144140000000334e+03 1.042939805623025018e+00
6.406177450000000135e+03 1.035776656738462309e+00
6.406210769999999684e+03 1.032609508263938380e+00
6.406244080000000395e+03 1.023834714928085532e+00
6.406277399999999943e+03 1.021464593350171590e+00
6.406310720000000401e+03 1.034103700466821651e+00
6.406344030000000203e+03 1.036976160613664932e+00
6.406377349999999751e+03 1.016830538403987294e+00
6.406410670000000209e+03 1.015767936533215732e+00
6.406443980000000010e+03 1.022798348699644588e+00
6.406477299999999559e+03 1.028744112511892128e+00
6.406510620000000017e+03 1.029918705883469343e+00
6.406543929999999818e+03 1.032169470494475272e+00
6.406577250000000276e+03 1.024343952088752507e+00
6.406610569999999825e+03 1.013482209957065283e+00
6.406643890000000283e+03 1.016924655010664980e+00
6.406677200000000084e+03 1.026121013267674797e+00
6.406710519999999633e+03 1.039793336760565401e+00
6.406743840000000091e+03 1.016051080958424224e+00
6.406777159999999640e+03 1.021071968601559465e+00
6.406810480000000098e+03 1.028013094589705689e+00
6.406843799999999646e+03 1.022415517869306623e+00
6.406877110000000357e+03 1.030641436639426090e+00
6.406910429999999906e+03 1.024051943785798002e+00
6.406943750000000364e+03 1.023100048393729367e+00
6.406977069999999912e+03 1.021474072103966124e+00
6.407010390000000370e+03 1.020746101668752237e+00
6.407043709999999919e+03 1.026731957364300563e+00
6.407077030000000377e+03 1.029751393594082298e+00
6.407110349999999926e+03 1.025274242600953123e+00
6.407143670000000384e+03 1.013711130689570084e+00
6.407176989999999932e+03 1.007258832852839348e+00
6.407210310000000391e+03 1.020754298595175635e+00
6.407243629999999939e+03 1.047103705420061370e+00
6.407276950000000397e+03 1.026858836194569857e+00
6.407310279999999693e+03 1.004616207322430288e+00
6.407343600000000151e+03 1.009080908084303507e+00
6.407376919999999700e+03 1.031927929442254976e+00
6.407410240000000158e+03 1.022546548589627236e+00
6.407443559999999707e+03 1.024624961471944928e+00
6.407476880000000165e+03 1.022080352883969701e+00
6.407510210000000370e+03 1.028176640397355124e+00
6.407543529999999919e+03 1.025251958534059371e+00
6.407576850000000377e+03 1.006191033988365513e+00
6.407610169999999925e+03 1.012743083876399330e+00
6.407643500000000131e+03 1.025581578428776952e+00
6.407676819999999680e+03 1.016291403692692219e+00
6.407710140000000138e+03 1.020976099774086432e+00
6.407743470000000343e+03 1.026682283136133522e+00
6.407776789999999892e+03 1.026411038306282997e+00
6.407810110000000350e+03 1.032364019770155128e+00
6.407843439999999646e+03 1.025906241070323466e+00
6.407876760000000104e+03 1.025215929966156958e+00
6.407910090000000309e+03 1.020917698626297776e+00
6.407943409999999858e+03 1.022448609966518873e+00
6.407976740000000063e+03 9.957309384728652013e-01
6.408010059999999612e+03 1.022490161831829170e+00
6.408043389999999818e+03 1.016464640032063826e+00
6.408076710000000276e+03 1.030162888895424400e+00
6.408110039999999572e+03 1.025723618598200604e+00
6.408143360000000030e+03 1.015029741360239379e+00
6.408176690000000235e+03 1.009096326803123223e+00
6.408210009999999784e+03 1.027947360748745931e+00
6.408243339999999989e+03 1.020294919195146477e+00
6.408276670000000195e+03 1.024120894733751674e+00
6.408309989999999743e+03 1.010725184187023951e+00
6.408343319999999949e+03 1.035223245973615702e+00
6.408376640000000407e+03 1.032329721587539995e+00
6.408409969999999703e+03 1.018175193561647651e+00
6.408443299999999908e+03 1.032725608390129723e+00
6.408476630000000114e+03 1.020474804326783280e+00
6.408509949999999662e+03 1.008820107666227761e+00
6.408543279999999868e+03 1.011342831627346062e+00
6.408576610000000073e+03 1.019220127707827883e+00
6.408609940000000279e+03 1.019907828659897486e+00
6.408643259999999827e+03 1.027691009802110367e+00
6.408676590000000033e+03 1.031387835882930037e+00
6.408709920000000238e+03 1.015886819694874044e+00
6.408743250000000444e+03 1.010553358876600027e+00
6.408776579999999740e+03 9.896058737179380671e-01
6.408809909999999945e+03 1.015801529552866622e+00
6.408843240000000151e+03 1.010041925057885148e+00
6.408876570000000356e+03 1.021999404880781226e+00
6.408909899999999652e+03 1.010166082791771336e+00
6.408943229999999858e+03 1.017054946171115137e+00
6.408976560000000063e+03 1.019154442000466121e+00
6.409009890000000269e+03 1.020959514675486624e+00
6.409043219999999565e+03 1.041801631342832435e+00
6.409076549999999770e+03 1.033905013877652657e+00
6.409109879999999976e+03 1.013469694384271147e+00
6.409143210000000181e+03 1.034695946597164129e+00
6.409176540000000386e+03 1.009604770503381710e+00
6.409209869999999682e+03 1.014810954283061672e+00
6.409243199999999888e+03 1.006156597661553409e+00
6.409276530000000093e+03 1.020805197382206098e+00
6.409309860000000299e+03 1.022583449741049755e+00
6.409343189999999595e+03 1.012405107440009777e+00
6.409376529999999548e+03 1.020168430837226525e+00
6.409409859999999753e+03 1.036955463996416027e+00
6.409443189999999959e+03 1.006609305037532209e+00
6.409476520000000164e+03 1.034151061928018533e+00
6.409509860000000117e+03 1.024768677289692009e+00
6.409543190000000322e+03 1.012084972113209247e+00
6.409576519999999618e+03 1.022040590367607082e+00
6.409609849999999824e+03 1.019508700027095038e+00
6.409643189999999777e+03 1.034766374452845028e+00
6.409676519999999982e+03 1.028205656650822641e+00
6.409709859999999935e+03 1.025951078450546339e+00
6.409743190000000141e+03 1.017040360896394935e+00
6.409776520000000346e+03 1.014236811036451913e+00
6.409809860000000299e+03 1.013210997587173035e+00
6.409843189999999595e+03 1.027953456235907392e+00
6.409876529999999548e+03 1.030389299104740974e+00
6.409909859999999753e+03 9.958022223860246713e-01
6.409943199999999706e+03 1.039154739707178532e+00
6.409976529999999912e+03 1.028434912821597713e+00
6.410009869999999864e+03 1.043736496763767452e+00
6.410043200000000070e+03 1.025512783482803947e+00
6.410076540000000023e+03 1.005126372838734738e+00
6.410109870000000228e+03 1.002977734773882634e+00
6.410143210000000181e+03 1.013609433120302050e+00
6.410176540000000386e+03 1.015763741331574543e+00
6.410209880000000339e+03 1.023913228265833197e+00
6.410243220000000292e+03 1.011633878443319201e+00
6.410276549999999588e+03 1.018739220330268536e+00
6.410309890000000451e+03 1.015700069898003433e+00
6.410343230000000403e+03 1.027091433230639117e+00
6.410376559999999699e+03 1.014634930880690789e+00
6.410409899999999652e+03 1.004403775491196527e+00
6.410443239999999605e+03 1.036733445700167344e+00
6.410476579999999558e+03 1.013927083575918875e+00
6.410509909999999763e+03 1.006275913698824853e+00
6.410543249999999716e+03 1.017083496433003331e+00
6.410576589999999669e+03 1.000728492097437750e+00
6.410609929999999622e+03 1.001364132750635738e+00
6.410643269999999575e+03 1.012957155965248823e+00
6.410676610000000437e+03 1.009645662795141119e+00
6.410709950000000390e+03 1.021614955843797912e+00
6.410743279999999686e+03 1.020541832728482312e+00
6.410776619999999639e+03 1.008257864003367699e+00
6.410809959999999592e+03 1.013940131604754491e+00
6.410843300000000454e+03 1.017050748584481523e+00
6.410876640000000407e+03 1.003061559313652262e+00
6.410909980000000360e+03 1.018020924951387629e+00
6.410943320000000313e+03 1.015803784402361964e+00
6.410976660000000265e+03 1.007565985979123280e+00
6.411010000000000218e+03 1.026790182660053841e+00
6.411043340000000171e+03 1.021762601815947802e+00
6.411076680000000124e+03 1.034524016532803126e+00
6.411110020000000077e+03 1.028500347424059935e+00
6.411143369999999777e+03 1.030733829743839314e+00
6.411176709999999730e+03 1.019941534175016429e+00
6.411210049999999683e+03 1.009358301137218250e+00
6.411243389999999636e+03 1.027153739775647390e+00
6.411276729999999588e+03 1.028073890459813677e+00
6.411310070000000451e+03 1.007206979574764238e+00
6.411343420000000151e+03 1.023224461051246648e+00
6.411376760000000104e+03 1.015627363318083454e+00
6.411410100000000057e+03 1.023149397171354780e+00
6.411443440000000010e+03 1.043890749690477016e+00
6.411476789999999710e+03 1.024414985739526829e+00
6.411510129999999663e+03 1.009799759979756351e+00
6.411543469999999616e+03 1.043308550295655168e+00
6.411576820000000225e+03 1.033921615975669450e+00
6.411610160000000178e+03 1.032246518687395920e+00
6.411643500000000131e+03 1.017401311733234115e+00
6.411676849999999831e+03 1.031802602416608705e+00
6.411710189999999784e+03 1.033611726550344834e+00
6.411743540000000394e+03 1.000951249278900557e+00
6.411776880000000347e+03 1.034938731016526559e+00
6.411810220000000299e+03 1.017852535843952522e+00
6.411843570000000000e+03 1.029056904209316947e+00
6.411876909999999953e+03 1.032729218060961296e+00
6.411910259999999653e+03 1.030543201850407264e+00
6.411943599999999606e+03 1.022014361268932303e+00
6.411976950000000215e+03 1.011181921079893131e+00
6.412010299999999916e+03 1.027845290829978220e+00
6.412043639999999868e+03 1.029873614184573016e+00
6.412076989999999569e+03 1.027093373711542856e+00
6.412110330000000431e+03 1.014597613837908474e+00
6.412143680000000131e+03 1.035053656713214920e+00
6.412177029999999831e+03 1.020817163646068337e+00
6.412210369999999784e+03 1.033319984934641278e+00
6.412243720000000394e+03 1.037902487257415851e+00
6.412277070000000094e+03 1.018683959939704842e+00
6.412310410000000047e+03 1.022003020587994859e+00
6.412343759999999747e+03 1.036596113292303389e+00
6.412377110000000357e+03 1.033582827752348887e+00
6.412410460000000057e+03 1.034835596987259576e+00
6.412443800000000010e+03 1.041909033681176711e+00
6.412477149999999710e+03 1.038047994645178163e+00
6.412510500000000320e+03 1.029036481553519566e+00
6.412543850000000020e+03 1.037816951726383108e+00
6.412577199999999721e+03 1.045441261132499022e+00
6.412610550000000330e+03 1.044273702155492867e+00
6.412643890000000283e+03 1.019075909499918220e+00
6.412677239999999983e+03 1.014700057665392174e+00
6.412710589999999684e+03 1.030911257367904010e+00
6.412743940000000293e+03 1.028181357667939055e+00
6.412777289999999994e+03 1.036309119126927580e+00
6.412810639999999694e+03 1.034140229112522347e+00
6.412843990000000304e+03 1.036756938148676310e+00
6.412877340000000004e+03 1.027617323676677907e+00
6.412910689999999704e+03 1.038464892678071072e+00
6.412944040000000314e+03 1.039664336064906491e+00
6.412977390000000014e+03 1.026963965073999008e+00
6.413010739999999714e+03 1.025455957362352510e+00
6.413044100000000071e+03 1.019010247938329616e+00
6.413077449999999772e+03 1.043126543717955546e+00
6.413110800000000381e+03 1.028713184130168878e+00
6.413144150000000081e+03 1.033409346801409834e+00
6.413177499999999782e+03 1.023688101903452718e+00
6.413210850000000391e+03 1.018773003150083234e+00
6.413244200000000092e+03 1.034130650025655518e+00
6.413277560000000449e+03 1.045634513508663987e+00
6.413310910000000149e+03 1.018972513448393791e+00
6.413344259999999849e+03 1.027877269000517346e+00
6.413377609999999549e+03 1.035458504963467030e+00
6.413410969999999907e+03 1.056141104829847022e+00
6.413444319999999607e+03 1.045936855621151240e+00
6.413477670000000217e+03 1.003208094099542924e+00
6.413511029999999664e+03 1.030310714694302243e+00
6.413544380000000274e+03 1.033469747317922849e+00
6.413577729999999974e+03 1.034653660521076990e+00
6.413611090000000331e+03 1.027986462551782498e+00
6.413644440000000031e+03 1.037096710009064227e+00
6.413677800000000389e+03 1.042196047809122339e+00
6.413711150000000089e+03 1.022803237303268498e+00
6.413744510000000446e+03 1.026320258522491757e+00
6.413777860000000146e+03 1.053494501845780418e+00
6.413811219999999594e+03 1.034526452082471515e+00
6.413844570000000203e+03 1.034202010548772810e+00
6.413877929999999651e+03 1.035397283778423771e+00
6.413911280000000261e+03 1.021531040999643425e+00
6.413944639999999708e+03 1.048156219946720036e+00
6.413977990000000318e+03 1.042027009935006188e+00
6.414011349999999766e+03 1.033319722221727632e+00
6.414044710000000123e+03 1.044941799104746494e+00
6.414078059999999823e+03 1.034830746071621954e+00
6.414111420000000180e+03 1.030329703867438162e+00
6.414144769999999880e+03 1.031376022922527946e+00
6.414178130000000237e+03 1.039218799513440317e+00
6.414211489999999685e+03 1.049177158528525222e+00
6.414244850000000042e+03 1.053472875960343558e+00
6.414278199999999742e+03 1.039613381559060912e+00
6.414311560000000100e+03 1.044989818427254358e+00
6.414344919999999547e+03 1.049184091981797184e+00
6.414378279999999904e+03 1.033126564838407813e+00
6.414411629999999604e+03 1.030343285042796486e+00
6.414444989999999962e+03 1.041344611610755866e+00
6.414478350000000319e+03 1.022845191278146881e+00
6.414511709999999766e+03 1.038451489614846013e+00
6.414545070000000123e+03 1.022982229413149202e+00
6.414578429999999571e+03 1.039098726152192231e+00
6.414611789999999928e+03 1.039601832364452028e+00
6.414645150000000285e+03 1.032909176567455622e+00
6.414678509999999733e+03 1.038032279063691332e+00
6.414711870000000090e+03 1.050493850280957320e+00
6.414745230000000447e+03 1.051637936838812459e+00
6.414778589999999895e+03 1.042087896494925836e+00
6.414811950000000252e+03 1.037870154228208497e+00
6.414845309999999699e+03 1.046894928978691963e+00
6.414878670000000056e+03 1.030829594591065268e+00
6.414912030000000414e+03 1.037264483816711769e+00
6.414945389999999861e+03 1.045451328638199229e+00
6.414978750000000218e+03 1.014697045367216388e+00
6.415012109999999666e+03 1.024460778547151341e+00
6.415045470000000023e+03 1.033265600438929344e+00
6.415078830000000380e+03 1.037277018965719222e+00
6.415112189999999828e+03 1.045657522156447916e+00
6.415145559999999932e+03 1.054671343194156785e+00
6.415178920000000289e+03 1.049136549805347318e+00
6.415212279999999737e+03 1.065110584361972146e+00
6.415245640000000094e+03 1.057126902198653129e+00
6.415279010000000198e+03 1.032903203430346473e+00
6.415312369999999646e+03 1.056897517800057251e+00
6.415345730000000003e+03 1.048701521982895457e+00
6.415379090000000360e+03 1.034258275040304653e+00
6.415412459999999555e+03 1.050956987170063028e+00
6.415445819999999912e+03 1.055387216735102163e+00
6.415479190000000017e+03 1.044264560739518899e+00
6.415512550000000374e+03 1.039168023814598607e+00
6.415545909999999822e+03 1.049689691560827587e+00
6.415579279999999926e+03 1.056096693150227361e+00
6.415612640000000283e+03 1.055913892201108872e+00
6.415646010000000388e+03 1.046086156596278904e+00
6.415679369999999835e+03 1.052987376647997797e+00
6.415712739999999940e+03 1.042824868980936071e+00
6.415746100000000297e+03 1.049258346198026270e+00
6.415779470000000401e+03 1.038020264096500611e+00
6.415812829999999849e+03 1.053855496419438209e+00
6.415846199999999953e+03 1.039395208135689197e+00
6.415879560000000311e+03 1.028488683288804717e+00
6.415912930000000415e+03 1.037370005545450447e+00
6.415946289999999863e+03 1.036735162887542749e+00
6.415979659999999967e+03 1.028709387542715126e+00
6.416013030000000072e+03 1.018020474651672336e+00
6.416046390000000429e+03 1.051821438020344113e+00
6.416079759999999624e+03 1.044696165800136356e+00
6.416113129999999728e+03 1.043334113630328686e+00
6.416146490000000085e+03 1.052800768773245021e+00
6.416179860000000190e+03 1.036786922350698914e+00
6.416213230000000294e+03 1.041917929461237069e+00
6.416246600000000399e+03 1.033910457705799590e+00
6.416279959999999846e+03 1.040031737598398065e+00
6.416313329999999951e+03 1.041841901373239399e+00
6.416346700000000055e+03 1.038350805836097956e+00
6.416380070000000160e+03 1.038253602299012979e+00
6.416413440000000264e+03 1.031095187173267647e+00
6.416446810000000369e+03 1.028725986616258581e+00
6.416480179999999564e+03 1.045995305753192328e+00
6.416513539999999921e+03 1.041871163712648540e+00
6.416546910000000025e+03 1.039355736769057126e+00
6.416580280000000130e+03 1.040292906787034788e+00
6.416613650000000234e+03 1.040429389039251085e+00
6.416647020000000339e+03 1.032381967492067121e+00
6.416680390000000443e+03 1.040480283141799411e+00
6.416713759999999638e+03 1.014942707002498556e+00
6.416747129999999743e+03 1.035235753956855520e+00
6.416780499999999847e+03 1.025324810307905343e+00
6.416813869999999952e+03 1.020540968193043074e+00
6.416847240000000056e+03 1.039264959807511435e+00
6.416880619999999908e+03 1.047385811922270316e+00
6.416913990000000013e+03 1.047518301337039270e+00
6.416947360000000117e+03 1.026579108504813931e+00
6.416980730000000221e+03 1.026888162815749572e+00
6.417014100000000326e+03 1.032067746500306527e+00
6.417047470000000430e+03 1.026241786075695162e+00
6.417080839999999625e+03 1.029829320054884922e+00
6.417114220000000387e+03 1.018792399867032072e+00
6.417147589999999582e+03 1.043216375430844778e+00
6.417180959999999686e+03 1.039276822233299313e+00
6.417214329999999791e+03 1.032865864296908853e+00
6.417247709999999643e+03 1.020189353851793213e+00
6.417281079999999747e+03 1.029605612200992448e+00
6.417314449999999852e+03 1.032769468611479668e+00
6.417347829999999703e+03 1.030618062753415831e+00
6.417381199999999808e+03 1.013400219218348663e+00
6.417414569999999912e+03 1.010977155422302820e+00
6.417447949999999764e+03 1.019756703691816480e+00
6.417481319999999869e+03 1.029924641711821298e+00
6.417514699999999721e+03 1.026405337609733959e+00
6.417548069999999825e+03 1.026890387238199587e+00
6.417581439999999930e+03 1.030026209046601027e+00
6.417614819999999781e+03 1.015424833355128120e+00
6.417648189999999886e+03 1.023208645830435248e+00
6.417681569999999738e+03 1.016956525226813346e+00
6.417714939999999842e+03 1.022459766939493697e+00
6.417748319999999694e+03 1.047648251282670584e+00
6.417781699999999546e+03 1.040787140470340155e+00
6.417815069999999650e+03 1.017539243166696084e+00
6.417848450000000412e+03 1.027303924238704536e+00
6.417881819999999607e+03 1.038750769229832560e+00
6.417915200000000368e+03 1.038926488015097904e+00
6.417948580000000220e+03 1.033532983893747481e+00
6.417981950000000325e+03 1.029999562076221453e+00
6.418015330000000176e+03 1.028598657203151134e+00
6.418048710000000028e+03 1.033872643377972578e+00
6.418082080000000133e+03 1.034974753602145858e+00
6.418115459999999985e+03 1.037942182307355132e+00
6.418148839999999836e+03 1.033054421762333419e+00
6.418182219999999688e+03 1.032701457717412064e+00
6.418215589999999793e+03 1.045917250342680793e+00
6.418248969999999645e+03 1.022037477524160964e+00
6.418282350000000406e+03 1.025263667630297526e+00
6.418315730000000258e+03 1.017653533025848933e+00
6.418349110000000110e+03 1.027274716292422063e+00
6.418382489999999962e+03 1.041090993351749594e+00
6.418415869999999813e+03 1.026771018172474070e+00
6.418449239999999918e+03 1.022467529823700039e+00
6.418482619999999770e+03 1.034175118130971072e+00
6.418515999999999622e+03 1.035400122540115486e+00
6.418549380000000383e+03 1.030317991124368948e+00
6.418582760000000235e+03 1.025880764314234472e+00
6.418616140000000087e+03 1.031172106946456335e+00
6.418649519999999939e+03 1.045598405304599243e+00
6.418682899999999790e+03 1.032064736532740890e+00
6.418716279999999642e+03 1.025519019664171694e+00
6.418749660000000404e+03 1.046645951445281053e+00
6.418783050000000003e+03 1.042816666553443961e+00
6.418816429999999855e+03 1.044949673255609390e+00
6.418849809999999707e+03 1.046061328290005088e+00
6.418883189999999558e+03 1.035283542184740169e+00
6.418916570000000320e+03 1.046515098487664552e+00
6.418949950000000172e+03 1.034197553195405739e+00
6.418983330000000024e+03 1.039386232556007039e+00
6.419016719999999623e+03 1.037520537201426896e+00
6.419050100000000384e+03 1.023167744056668882e+00
6.419083480000000236e+03 1.030669590393270996e+00
6.419116860000000088e+03 1.039454885034925002e+00
6.419150249999999687e+03 1.027185353009721025e+00
6.419183630000000448e+03 1.026894946188982694e+00
6.419217010000000300e+03 1.029385166736454860e+00
6.419250399999999900e+03 1.028377412711466210e+00
6.419283779999999751e+03 1.015949150170663673e+00
6.419317159999999603e+03 1.031967559269954648e+00
6.419350550000000112e+03 1.039350903939756154e+00
6.419383929999999964e+03 1.045117040897049154e+00
6.419417309999999816e+03 1.041693380473093233e+00
6.419450700000000325e+03 1.028750579969632373e+00
6.419484080000000176e+03 1.032516364384951979e+00
6.419517469999999776e+03 1.038372412667304179e+00
6.419550849999999627e+03 1.035450050916762121e+00
6.419584240000000136e+03 1.039742986064839281e+00
6.419617619999999988e+03 1.041349052645933471e+00
6.419651009999999587e+03 1.023866271214732837e+00
6.419684390000000349e+03 1.020306389677930303e+00
6.419717779999999948e+03 1.046785362825595644e+00
6.419751159999999800e+03 1.065362083457906284e+00
6.419784550000000309e+03 1.056339499797264381e+00
6.419817939999999908e+03 1.039951333020348923e+00
6.419851319999999760e+03 1.035880188006483849e+00
6.419884710000000268e+03 1.048826984671636930e+00
6.419918099999999868e+03 1.039456452881111437e+00
6.419951479999999719e+03 1.025256176179760281e+00
6.419984870000000228e+03 1.034266442052579560e+00
6.420018259999999827e+03 1.037803608491240537e+00
6.420051650000000336e+03 1.040262709210110659e+00
6.420085030000000188e+03 1.024328448188928542e+00
6.420118419999999787e+03 1.018124416294304169e+00
6.420151810000000296e+03 1.030582615871277197e+00
6.420185199999999895e+03 1.046074370904144013e+00
6.420218590000000404e+03 1.051229267971518944e+00
6.420251970000000256e+03 1.043986778779267821e+00
6.420285359999999855e+03 1.039871161219038109e+00
6.420318750000000364e+03 1.034777717993181634e+00
6.420352139999999963e+03 1.035799234488092413e+00
6.420385529999999562e+03 1.024677394429803767e+00
6.420418920000000071e+03 1.030209330488356612e+00
6.420452309999999670e+03 1.029327441548334443e+00
6.420485700000000179e+03 1.042873895229471604e+00
6.420519089999999778e+03 1.045340367950705618e+00
6.420552480000000287e+03 1.036429046238261265e+00
6.420585869999999886e+03 1.029799500318303807e+00
6.420619260000000395e+03 1.030627194113044709e+00
6.420652649999999994e+03 1.053759852749639903e+00
6.420686039999999593e+03 1.040527016699944962e+00
6.420719430000000102e+03 1.039082816352871363e+00
6.420752819999999701e+03 1.054763546827953480e+00
6.420786210000000210e+03 1.045565803263880822e+00
6.420819599999999809e+03 1.039099508991439214e+00
6.420853000000000065e+03 1.043581576496153351e+00
6.420886389999999665e+03 1.031471334240195548e+00
6.420919780000000173e+03 1.034578202996421448e+00
6.420953169999999773e+03 1.047756741814762638e+00
6.420986560000000281e+03 1.034718310138649677e+00
6.421019959999999628e+03 1.027446530474538822e+00
6.421053350000000137e+03 1.032327053157376495e+00
6.421086739999999736e+03 1.042804615666419465e+00
6.421120130000000245e+03 1.032296814394665585e+00
6.421153529999999591e+03 1.019695226795363840e+00
6.421186920000000100e+03 1.028158753734930153e+00
6.421220309999999699e+03 1.040511674278506993e+00
6.421253709999999955e+03 1.021574884581589959e+00
6.421287099999999555e+03 1.026972824823841668e+00
6.421320499999999811e+03 1.034840462361936053e+00
6.421353890000000320e+03 1.027442730676783267e+00
6.421387279999999919e+03 1.021142680896424570e+00
6.421420680000000175e+03 1.023957367319769718e+00
6.421454069999999774e+03 1.024369843071629260e+00
6.421487470000000030e+03 1.042713319157872576e+00
6.421520859999999630e+03 1.026493678263010967e+00
6.421554259999999886e+03 1.023282011035021810e+00
6.421587650000000394e+03 1.022397310811284932e+00
6.421621049999999741e+03 1.024649233731276476e+00
6.421654449999999997e+03 1.019083618369364785e+00
6.421687839999999596e+03 1.014321928944676543e+00
6.421721239999999852e+03 1.027623730620174980e+00
6.421754630000000361e+03 1.014942253523437588e+00
6.421788029999999708e+03 1.030222157419756535e+00
6.421821429999999964e+03 1.031221450410699347e+00
6.421854819999999563e+03 1.029026522271157873e+00
6.421888219999999819e+03 1.027671955656537461e+00
6.421921620000000075e+03 1.031093577045712362e+00
6.421955020000000331e+03 1.025976322151744391e+00
6.421988409999999931e+03 1.010418415121958180e+00
6.422021810000000187e+03 1.029596475066647310e+00
6.422055210000000443e+03 1.026445013317089039e+00
6.422088609999999790e+03 1.030211323733414064e+00
6.422122010000000046e+03 1.022197636747719018e+00
6.422155399999999645e+03 1.037338261160162034e+00
6.422188799999999901e+03 1.027857367424052315e+00
6.422222200000000157e+03 1.000990419054887504e+00
6.422255600000000413e+03 1.016586738761215081e+00
6.422288999999999760e+03 1.017312477053908149e+00
6.422322400000000016e+03 1.017274403326991816e+00
6.422355800000000272e+03 1.004093226736574529e+00
6.422389199999999619e+03 1.016674849988625340e+00
6.422422599999999875e+03 1.031134151829819379e+00
6.422456000000000131e+03 1.021684490323633510e+00
6.422489400000000387e+03 1.016556421098672613e+00
6.422522799999999734e+03 1.025885052879335957e+00
6.422556199999999990e+03 1.027921591245374966e+00
6.422589600000000246e+03 1.019247189081649907e+00
6.422622999999999593e+03 1.025034079340135351e+00
6.422656399999999849e+03 1.015987611375631872e+00
6.422689800000000105e+03 1.014927309658526067e+00
6.422723200000000361e+03 1.029371226230974878e+00
6.422756599999999708e+03 1.032425623527479130e+00
6.422790009999999711e+03 1.016589351123997620e+00
6.422823409999999967e+03 1.000217208780443956e+00
6.422856810000000223e+03 1.014337141704306999e+00
6.422890209999999570e+03 1.021117639724793857e+00
6.422923609999999826e+03 1.013455316123403005e+00
6.422957019999999829e+03 1.012203450839611829e+00
6.422990420000000086e+03 1.023821518854170609e+00
6.423023820000000342e+03 1.010867569101824071e+00
6.423057219999999688e+03 9.961887122204693412e-01
6.423090629999999692e+03 1.011970328842728861e+00
6.423124029999999948e+03 1.028504877795364258e+00
6.423157439999999951e+03 1.010592051826797011e+00
6.423190840000000208e+03 1.011144230429173119e+00
6.423224239999999554e+03 1.010852024456101228e+00
6.423257649999999558e+03 1.007772517289814429e+00
6.423291049999999814e+03 1.000621044600436660e+00
6.423324459999999817e+03 1.003782620390260671e+00
6.423357860000000073e+03 1.009678661696942870e+00
6.423391270000000077e+03 1.008894822859504492e+00
6.423424670000000333e+03 1.021072945599474036e+00
6.423458080000000336e+03 1.014014014010160780e+00
6.423491479999999683e+03 1.035139034460992313e+00
6.423524889999999687e+03 1.036819374783958914e+00
6.423558289999999943e+03 1.023376081723802900e+00
6.423591699999999946e+03 1.011107425634678147e+00
6.423625100000000202e+03 1.008100393336664791e+00
6.423658510000000206e+03 1.015450582215758457e+00
6.423691920000000209e+03 1.017894590124188925e+00
6.423725319999999556e+03 1.007885543266942241e+00
6.423758729999999559e+03 9.918536522036845993e-01
6.423792139999999563e+03 1.008251218360592949e+00
6.423825539999999819e+03 1.009434627775830151e+00
6.423858949999999822e+03 1.013917070607889936e+00
6.423892359999999826e+03 1.012973393917562470e+00
6.423925769999999829e+03 1.009559953109139263e+00
6.423959170000000086e+03 1.010266378741950799e+00
6.423992580000000089e+03 1.005712469506316209e+00
6.424025990000000093e+03 9.990703162337826182e-01
6.424059400000000096e+03 1.002739927483136784e+00
6.424092810000000100e+03 1.000291981694916066e+00
6.424126210000000356e+03 1.016575766444342444e+00
6.424159620000000359e+03 1.021042331135310288e+00
6.424193030000000363e+03 1.010128868896515097e+00
6.424226440000000366e+03 1.001573892004705035e+00
6.424259850000000370e+03 1.011410818156103009e+00
6.424293260000000373e+03 1.023655342333769092e+00
6.424326670000000377e+03 9.938878022417833025e-01
6.424360080000000380e+03 9.869626204772935507e-01
6.424393490000000384e+03 1.006453989256591353e+00
6.424426900000000387e+03 1.015677288379327692e+00
6.424460310000000391e+03 1.004824177011890418e+00
6.424493720000000394e+03 1.014292876588902326e+00
6.424527130000000398e+03 1.022843797044602487e+00
6.424560540000000401e+03 1.002057929356956478e+00
6.424593950000000405e+03 9.998547136367141874e-01
6.424627360000000408e+03 1.015015850544545239e+00
6.424660780000000159e+03 1.001619958734867311e+00
6.424694190000000162e+03 1.009127037788504211e+00
6.424727600000000166e+03 9.983117410176644002e-01
6.424761010000000169e+03 1.006846740218034109e+00
6.424794420000000173e+03 1.025579877131195472e+00
6.424827839999999924e+03 1.017641821083297593e+00
6.424861249999999927e+03 9.950081429651549403e-01
6.424894659999999931e+03 9.943432738172357510e-01
6.424928069999999934e+03 1.017497710372693653e+00
6.424961489999999685e+03 1.008922644089737641e+00
6.424994899999999689e+03 1.003998014030970776e+00
6.425028309999999692e+03 1.014392138442304470e+00
6.425061730000000352e+03 1.031114565221729951e+00
6.425095140000000356e+03 1.012787776619898050e+00
6.425128550000000359e+03 9.959823041824323875e-01
6.425161970000000110e+03 1.019590140087304198e+00
6.425195380000000114e+03 1.007610802174605080e+00
6.425228799999999865e+03 1.001551136272536668e+00
6.425262209999999868e+03 1.008615527166015990e+00
6.425295629999999619e+03 1.003457644993840603e+00
6.425329039999999623e+03 1.002505779166448230e+00
6.425362460000000283e+03 9.949380585397039622e-01
6.425395870000000286e+03 9.964654416292733075e-01
6.425429290000000037e+03 1.005702204972974689e+00
6.425462700000000041e+03 9.958445546026183370e-01
6.425496119999999792e+03 9.826772111253816444e-01
6.425529529999999795e+03 9.533590607107030879e-01
6.425562949999999546e+03 9.818511864374848130e-01
6.425596370000000206e+03 9.960196560400207400e-01
6.425629780000000210e+03 1.006125158957682952e+00
6.425663199999999961e+03 1.010896375341670206e+00
6.425696619999999712e+03 1.004978817529297519e+00
6.425730029999999715e+03 9.933723853427862682e-01
6.425763450000000375e+03 9.965824490268894165e-01
6.425796870000000126e+03 1.030394959862029003e+00
6.425830280000000130e+03 1.014766702957063060e+00
6.425863699999999881e+03 9.972516424155531967e-01
6.425897119999999632e+03 9.959186310919440066e-01
6.425930540000000292e+03 1.007225874283654399e+00
6.425963960000000043e+03 1.006725669769181986e+00
6.425997370000000046e+03 9.945834932328154743e-01
6.426030789999999797e+03 9.959132886931330031e-01
6.426064209999999548e+03 1.006446021286581338e+00
6.426097630000000208e+03 9.905007140405247545e-01
6.426131049999999959e+03 9.801839949279154141e-01
6.426164469999999710e+03 9.786834939860346028e-01
6.426197890000000370e+03 9.873504660589669246e-01
6.426231310000000121e+03 9.904578865054938230e-01
6.426264729999999872e+03 9.873600965257092188e-01
6.426298149999999623e+03 9.824497267934024780e-01
6.426331570000000283e+03 9.785432282347197308e-01
6.426364990000000034e+03 9.802471484078668640e-01
6.426398409999999785e+03 9.847001652653242232e-01
6.426431830000000446e+03 9.751856711986730541e-01
6.426465250000000196e+03 9.779154468106970866e-01
6.426498669999999947e+03 9.819600719128057653e-01
6.426532089999999698e+03 9.818744002485606526e-01
6.426565510000000359e+03 1.002044996295597956e+00
6.426598930000000109e+03 1.017705321298698617e+00
6.426632359999999608e+03 9.995110767660765339e-01
6.426665780000000268e+03 9.909589320252898403e-01
6.426699200000000019e+03 1.025139974308686419e+00
6.426732619999999770e+03 1.009614769349421737e+00
6.426766040000000430e+03 1.007442881811875246e+00
6.426799469999999928e+03 1.001432484315600391e+00
6.426832889999999679e+03 1.013176319353387589e+00
6.426866310000000340e+03 1.012237838293673642e+00
6.426899739999999838e+03 9.997547436845612978e-01
6.426933159999999589e+03 9.973400930934144260e-01
6.426966580000000249e+03 1.004012539410883642e+00
6.427000009999999747e+03 1.026021294838214137e+00
6.427033430000000408e+03 1.012568479261481524e+00
6.427066850000000159e+03 1.012351808335762771e+00
6.427100279999999657e+03 1.016121204602764116e+00
6.427133700000000317e+03 1.022139404116951811e+00
6.427167129999999815e+03 1.026094075564303099e+00
6.427200549999999566e+03 1.008252110027005211e+00
6.427233979999999974e+03 9.909536984305346019e-01
6.427267399999999725e+03 1.003896480500467980e+00
6.427300830000000133e+03 1.004186602637689774e+00
6.427334249999999884e+03 1.001568297036318222e+00
6.427367680000000291e+03 1.003862329298350842e+00
6.427401100000000042e+03 1.006757402404953927e+00
6.427434530000000450e+03 1.016248060055446212e+00
6.427467950000000201e+03 1.006872169207019496e+00
6.427501379999999699e+03 1.009641374329032670e+00
6.427534810000000107e+03 1.023315320474019074e+00
6.427568229999999858e+03 1.010491766781032696e+00
6.427601660000000265e+03 1.009967835060184838e+00
6.427635089999999764e+03 1.015303832517972404e+00
6.427668510000000424e+03 9.982923760282893522e-01
6.427701939999999922e+03 1.003651168398917548e+00
6.427735370000000330e+03 1.015447173346014864e+00
6.427768799999999828e+03 1.011090312432205485e+00
6.427802219999999579e+03 1.012941056842450616e+00
6.427835649999999987e+03 1.012389284162483083e+00
6.427869080000000395e+03 1.006142953386167660e+00
6.427902509999999893e+03 1.033360744354871130e+00
6.427935940000000301e+03 1.013212221360056731e+00
6.427969360000000052e+03 9.960312480117240463e-01
6.428002789999999550e+03 9.958299570864195260e-01
6.428036219999999958e+03 1.005659728133303510e+00
6.428069650000000365e+03 1.005339971161225421e+00
6.428103079999999864e+03 1.000476206617800345e+00
6.428136510000000271e+03 1.016939997471020485e+00
6.428169939999999769e+03 1.028288099801310640e+00
6.428203370000000177e+03 1.002336616439347239e+00
6.428236799999999675e+03 1.018273012792173304e+00
6.428270230000000083e+03 1.005198633117550866e+00
6.428303659999999581e+03 9.996111209421224553e-01
6.428337089999999989e+03 1.008276168422621355e+00
6.428370520000000397e+03 9.982650665234922283e-01
6.428403949999999895e+03 9.959843499759180041e-01
6.428437380000000303e+03 1.011815313330337363e+00
6.428470809999999801e+03 1.018953205603815526e+00
6.428504249999999956e+03 1.014620183602795267e+00
6.428537680000000364e+03 1.012947819162671736e+00
6.428571109999999862e+03 1.022019572103613161e+00
6.428604540000000270e+03 1.025697043943169628e+00
6.428637969999999768e+03 1.008355238452381952e+00
6.428671409999999923e+03 1.012440901030333018e+00
6.428704840000000331e+03 1.012859352287275527e+00
6.428738269999999829e+03 1.013878097343771101e+00
6.428771700000000237e+03 1.019608522058634836e+00
6.428805140000000392e+03 1.011115905305963292e+00
6.428838569999999891e+03 1.015965060541709875e+00
6.428872000000000298e+03 1.027569613298707107e+00
6.428905440000000453e+03 1.038684811956271048e+00
6.428938869999999952e+03 1.024483037970907784e+00
6.428972300000000359e+03 1.002453629675494895e+00
6.429005739999999605e+03 1.017168833993751464e+00
6.429039170000000013e+03 1.038585960570924005e+00
6.429072610000000168e+03 1.033844321979751291e+00
6.429106039999999666e+03 1.024311750529203202e+00
6.429139470000000074e+03 1.024814427642651182e+00
6.429172910000000229e+03 1.026420705568771297e+00
6.429206339999999727e+03 1.026227729404846523e+00
6.429239779999999882e+03 1.016519809659202966e+00
6.429273220000000038e+03 1.020296506873189735e+00
6.429306650000000445e+03 1.022725650109833406e+00
6.429340089999999691e+03 1.022941048599607550e+00
6.429373520000000099e+03 1.020528284531943441e+00
6.429406960000000254e+03 1.019530023553134157e+00
6.429440389999999752e+03 1.023299983613028097e+00
6.429473829999999907e+03 1.014854418290149773e+00
6.429507270000000062e+03 1.031069535274609539e+00
6.429540699999999561e+03 1.013393226568589212e+00
6.429574139999999716e+03 1.032176789025225361e+00
6.429607579999999871e+03 1.027004854751174534e+00
6.429641020000000026e+03 1.029043355274810390e+00
6.429674450000000434e+03 1.034161302351752409e+00
6.429707889999999679e+03 1.031114791650018514e+00
6.429741329999999834e+03 1.039230613780398604e+00
6.429774769999999990e+03 1.042875669254899940e+00
6.429808210000000145e+03 1.046047081654772892e+00
6.429841639999999643e+03 1.044526173409685788e+00
6.429875079999999798e+03 1.049163269326260695e+00
6.429908519999999953e+03 1.044808270690214647e+00
6.429941960000000108e+03 1.042252092569238897e+00
6.429975400000000263e+03 1.034404873837923233e+00
6.430008840000000419e+03 1.031723721805553051e+00
6.430042279999999664e+03 1.045656386214488309e+00
6.430075719999999819e+03 1.053772208722479009e+00
6.430109159999999974e+03 1.045534192437465038e+00
6.430142600000000130e+03 1.038828522237085661e+00
6.430176040000000285e+03 1.035223789514972292e+00
6.430209480000000440e+03 1.039085407938771244e+00
6.430242919999999685e+03 1.052588246731983812e+00
6.430276359999999841e+03 1.065328626717837679e+00
6.430309799999999996e+03 1.061717164958042581e+00
6.430343240000000151e+03 1.046934024034409161e+00
6.430376680000000306e+03 1.043885870580698372e+00
6.430410119999999552e+03 1.054798879844602189e+00
6.430443559999999707e+03 1.054133396067661321e+00
6.430476999999999862e+03 1.061939006524767137e+00
6.430510449999999764e+03 1.045116731564796231e+00
6.430543889999999919e+03 1.050022737003288409e+00
6.430577330000000075e+03 1.049225183593469390e+00
6.430610770000000230e+03 1.041437241762615651e+00
6.430644220000000132e+03 1.048289231960322976e+00
6.430677660000000287e+03 1.056132427066220680e+00
6.430711100000000442e+03 1.044787501670751961e+00
6.430744539999999688e+03 1.038554530876649062e+00
6.430777989999999591e+03 1.043801877889901419e+00
6.430811429999999746e+03 1.052459141106457441e+00
6.430844869999999901e+03 1.048335087999124671e+00
6.430878319999999803e+03 1.045912586612237405e+00
6.430911759999999958e+03 1.051219529802527530e+00
6.430945209999999861e+03 1.036837941150130504e+00
6.430978650000000016e+03 1.023603469865888904e+00
6.431012090000000171e+03 1.042371767584068021e+00
6.431045540000000074e+03 1.059778837534278262e+00
6.431078980000000229e+03 1.063755049528136043e+00
6.431112430000000131e+03 1.061474734819209509e+00
6.431145870000000286e+03 1.047887132789490305e+00
6.431179320000000189e+03 1.046613377037675763e+00
6.431212770000000091e+03 1.041198587257698538e+00
6.431246210000000247e+03 1.034460482713727814e+00
6.431279660000000149e+03 1.041447866333245598e+00
6.431313100000000304e+03 1.056547433751227505e+00
6.431346550000000207e+03 1.054845919214646877e+00
6.431380000000000109e+03 1.036883875017787116e+00
6.431413440000000264e+03 1.046962659010391761e+00
6.431446890000000167e+03 1.042681401026083643e+00
6.431480340000000069e+03 1.042533924648738397e+00
6.431513780000000224e+03 1.046697524482307351e+00
6.431547230000000127e+03 1.056650845520686444e+00
6.431580680000000029e+03 1.040902477697918549e+00
6.431614120000000185e+03 1.034367602573095901e+00
6.431647570000000087e+03 1.048831639549949735e+00
6.431681019999999990e+03 1.037210387957448576e+00
6.431714469999999892e+03 1.033781831864459821e+00
6.431747919999999795e+03 1.054597116067309548e+00
6.431781359999999950e+03 1.032699973939880111e+00
6.431814809999999852e+03 1.026847248909719346e+00
6.431848259999999755e+03 1.035227021735527497e+00
6.431881709999999657e+03 1.027585697359660877e+00
6.431915159999999560e+03 1.024136688513886950e+00
6.431948610000000372e+03 1.040072625745326329e+00
6.431982060000000274e+03 1.042752812578132460e+00
6.432015510000000177e+03 1.025198747326240944e+00
6.432048960000000079e+03 1.033202343102642917e+00
6.432082409999999982e+03 1.045575141569357935e+00
6.432115859999999884e+03 1.038401619919482988e+00
6.432149309999999787e+03 1.039900027931017990e+00
6.432182759999999689e+03 1.040770271570758299e+00
6.432216209999999592e+03 1.041189788673758443e+00
6.432249660000000404e+03 1.040833324191291709e+00
6.432283110000000306e+03 1.039072545985853635e+00
6.432316560000000209e+03 1.034236824908794983e+00
6.432350010000000111e+03 1.028824816534111397e+00
6.432383469999999761e+03 1.037473084599902284e+00
6.432416919999999664e+03 1.040658659181534773e+00
6.432450369999999566e+03 1.037450260355299747e+00
6.432483820000000378e+03 1.036215812922000268e+00
6.432517270000000281e+03 1.042314464287003695e+00
6.432550729999999930e+03 1.028447640333332691e+00
6.432584179999999833e+03 1.022564470125540526e+00
6.432617629999999735e+03 1.038332312879997055e+00
6.432651079999999638e+03 1.048364158018249670e+00
6.432684540000000197e+03 1.045187047204437114e+00
6.432717990000000100e+03 1.023530916928526269e+00
6.432751440000000002e+03 1.034893869677014910e+00
6.432784899999999652e+03 1.031044939940080729e+00
6.432818349999999555e+03 1.037988020172255776e+00
6.432851810000000114e+03 1.034450019816780086e+00
6.432885260000000017e+03 1.019144958460076245e+00
6.432918709999999919e+03 1.016856696099581958e+00
6.432952169999999569e+03 1.026638956903735300e+00
6.432985620000000381e+03 1.030175598746420729e+00
6.433019080000000031e+03 1.033246783624886200e+00
6.433052529999999933e+03 1.037803849469203232e+00
6.433085989999999583e+03 1.018176540849692557e+00
6.433119440000000395e+03 1.008276597209409209e+00
6.433152900000000045e+03 1.022132676708963350e+00
6.433186359999999695e+03 1.026128899214756363e+00
6.433219809999999597e+03 1.027804464690262876e+00
6.433253270000000157e+03 1.028489819410271178e+00
6.433286720000000059e+03 1.018339797529471014e+00
6.433320179999999709e+03 1.013637394032460781e+00
6.433353640000000269e+03 1.024131640414136291e+00
6.433387090000000171e+03 1.017581885527449659e+00
6.433420549999999821e+03 1.025290063809602970e+00
6.433454010000000380e+03 9.989470572712725316e-01
6.433487470000000030e+03 9.968253555026459489e-01
6.433520919999999933e+03 9.960712541311669277e-01
6.433554379999999583e+03 9.758414923307392463e-01
6.433587840000000142e+03 9.853394637792118882e-01
6.433621299999999792e+03 1.014690510977101390e+00
6.433654749999999694e+03 1.017913794809972794e+00
6.433688210000000254e+03 1.019466889729650605e+00
6.433721669999999904e+03 1.020170221017948409e+00
6.433755129999999554e+03 1.025064627244774540e+00
6.433788590000000113e+03 1.031777529803318494e+00
6.433822049999999763e+03 1.022200287305397248e+00
6.433855510000000322e+03 1.031360187874091894e+00
6.433888969999999972e+03 1.023682932321691386e+00
6.433922429999999622e+03 1.019154578380973675e+00
6.433955890000000181e+03 1.029882190028344136e+00
6.433989349999999831e+03 1.028576926323945928e+00
6.434022810000000391e+03 1.025209682671249567e+00
6.434056270000000040e+03 1.033705886331898860e+00
6.434089729999999690e+03 1.039423192874250557e+00
6.434123190000000250e+03 1.008508588566934927e+00
6.434156649999999900e+03 1.023199594420631575e+00
6.434190109999999549e+03 1.028533256343564295e+00
6.434223570000000109e+03 1.014900408878355309e+00
6.434257029999999759e+03 1.028254435066945138e+00
6.434290490000000318e+03 1.041290978242230381e+00
6.434323949999999968e+03 1.032315444655326875e+00
6.434357420000000275e+03 1.041154106851445604e+00
6.434390879999999925e+03 1.043414423914657441e+00
6.434424339999999575e+03 1.038342323894591912e+00
6.434457800000000134e+03 1.020556405211678230e+00
6.434491259999999784e+03 1.025493198471769007e+00
6.434524730000000091e+03 1.036277316885456656e+00
6.434558189999999740e+03 1.027007314694220241e+00
6.434591650000000300e+03 1.021780866125860943e+00
6.434625119999999697e+03 1.034716970228141131e+00
6.434658580000000256e+03 1.041207529741678961e+00
6.434692039999999906e+03 1.032374360020465121e+00
6.434725510000000213e+03 1.033247338837951945e+00
6.434758969999999863e+03 1.048897828872913163e+00
6.434792440000000170e+03 1.035555849185372468e+00
6.434825899999999820e+03 1.050179530782001436e+00
6.434859360000000379e+03 1.030960744756996172e+00
6.434892829999999776e+03 1.046960128914296240e+00
6.434926290000000336e+03 1.051649274030768355e+00
6.434959759999999733e+03 1.039779044878275327e+00
6.434993220000000292e+03 1.036218319151657852e+00
6.435026689999999689e+03 1.040627268222624968e+00
6.435060150000000249e+03 1.058772617883044553e+00
6.435093619999999646e+03 1.044019651250212233e+00
6.435127089999999953e+03 1.049590227438897960e+00
6.435160549999999603e+03 1.027274101189070699e+00
6.435194019999999909e+03 1.016986548992748318e+00
6.435227479999999559e+03 1.034409220952792197e+00
6.435260949999999866e+03 1.046117405420109003e+00
6.435294420000000173e+03 1.043630558282804710e+00
6.435327879999999823e+03 1.041232605002577749e+00
6.435361350000000130e+03 1.038243335553505231e+00
6.435394820000000436e+03 1.043372590074976403e+00
6.435428289999999834e+03 1.066779845675572602e+00
6.435461750000000393e+03 1.035664851046993462e+00
6.435495219999999790e+03 1.055464773481601615e+00
6.435528690000000097e+03 1.049703854410192649e+00
6.435562160000000404e+03 1.062657874149251613e+00
6.435595629999999801e+03 1.058102648171963756e+00
6.435629090000000360e+03 1.046034759732659358e+00
6.435662559999999758e+03 1.055913831007280201e+00
6.435696030000000064e+03 1.058206489420310037e+00
6.435729500000000371e+03 1.048231518540333029e+00
6.435762969999999768e+03 1.067192670237936847e+00
6.435796440000000075e+03 1.053964212000442879e+00
6.435829910000000382e+03 1.057907028260189009e+00
6.435863379999999779e+03 1.054654651228723816e+00
6.435896850000000086e+03 1.056179795975588753e+00
6.435930320000000393e+03 1.045192116286190798e+00
6.435963789999999790e+03 1.046007653166585394e+00
6.435997260000000097e+03 1.064181142730339591e+00
6.436030730000000403e+03 1.069494142863087305e+00
6.436064199999999801e+03 1.061132465795717073e+00
6.436097670000000107e+03 1.063088254640144781e+00
6.436131140000000414e+03 1.062145040042926647e+00
6.436164609999999811e+03 1.058716865745713998e+00
6.436198080000000118e+03 1.064489993887232311e+00
6.436231560000000172e+03 1.048081213868133243e+00
6.436265029999999570e+03 1.049801428224927724e+00
6.436298499999999876e+03 1.055997036047922721e+00
6.436331970000000183e+03 1.056711937657000000e+00
6.436365439999999580e+03 1.059172824403271207e+00
6.436398919999999634e+03 1.060235962427643619e+00
6.436432389999999941e+03 1.058155471416709625e+00
6.436465860000000248e+03 1.060543260143398614e+00
6.436499329999999645e+03 1.054993644960973587e+00
6.436532809999999699e+03 1.058831922299895867e+00
6.436566280000000006e+03 1.044989368763209692e+00
6.436599750000000313e+03 1.053392720029753704e+00
6.436633230000000367e+03 1.051009934822537684e+00
6.436666699999999764e+03 1.060671962419358128e+00
6.436700179999999818e+03 1.062499509847560253e+00
6.436733650000000125e+03 1.048168458879282117e+00
6.436767120000000432e+03 1.040185308082300697e+00
6.436800599999999577e+03 1.042679157246472643e+00
6.436834069999999883e+03 1.046904765119922365e+00
6.436867549999999937e+03 1.025114468894647857e+00
6.436901020000000244e+03 1.050947102230658681e+00
6.436934500000000298e+03 1.033677290792128556e+00
6.436967969999999696e+03 1.036999949539588961e+00
6.437001449999999750e+03 1.043437476011673137e+00
6.437034929999999804e+03 1.040535499770699035e+00
6.437068400000000111e+03 1.041739890324934636e+00
6.437101880000000165e+03 1.049522661769282772e+00
6.437135349999999562e+03 1.041697086912563242e+00
6.437168829999999616e+03 1.021015421773426857e+00
6.437202309999999670e+03 1.027922828650673637e+00
6.437235779999999977e+03 1.040824569349297679e+00
6.437269260000000031e+03 1.048545237961469478e+00
6.437302740000000085e+03 1.048960422337477771e+00
6.437336220000000139e+03 1.034749885127598912e+00
6.437369690000000446e+03 1.033209491534700097e+00
6.437403169999999591e+03 1.033651968073449501e+00
6.437436649999999645e+03 1.037439281777980948e+00
6.437470129999999699e+03 1.043424283556365628e+00
6.437503600000000006e+03 1.036026299013792951e+00
6.437537080000000060e+03 1.029804354842181802e+00
6.437570560000000114e+03 1.042545303949105717e+00
6.437604040000000168e+03 1.050718752611469631e+00
6.437637520000000222e+03 1.041193343701738439e+00
6.437671000000000276e+03 1.021874109262450592e+00
6.437704480000000331e+03 1.010955345343883982e+00
6.437737960000000385e+03 1.017734391533833493e+00
6.437771440000000439e+03 1.025467710769903951e+00
6.437804919999999584e+03 1.022415313999036623e+00
6.437838399999999638e+03 1.020650195819436723e+00
6.437871879999999692e+03 1.033503946012580998e+00
6.437905359999999746e+03 1.049118140743406258e+00
6.437938839999999800e+03 1.043153845633774557e+00
6.437972319999999854e+03 1.027336284938915600e+00
6.438005799999999908e+03 1.023916955602748091e+00
6.438039279999999962e+03 1.026877765208414894e+00
6.438072760000000017e+03 1.026055271391784540e+00
6.438106240000000071e+03 1.022833723405424333e+00
6.438139720000000125e+03 1.016532124333898945e+00
6.438173200000000179e+03 1.025545240286044324e+00
6.438206689999999981e+03 1.026178219308927941e+00
6.438240170000000035e+03 1.014167454982208394e+00
6.438273650000000089e+03 1.037368442209065877e+00
6.438307130000000143e+03 1.028021130057717336e+00
6.438340619999999944e+03 1.022130021416498780e+00
6.438374099999999999e+03 1.020302037547146989e+00
6.438407580000000053e+03 1.016682099062458766e+00
6.438441060000000107e+03 1.026155590961978170e+00
6.438474549999999908e+03 1.025073123171446943e+00
6.438508029999999962e+03 1.017631818975208935e+00
6.438541510000000017e+03 1.023446495347549945e+00
6.438574999999999818e+03 1.020548593187803776e+00
6.438608479999999872e+03 1.009893215747129647e+00
6.438641969999999674e+03 1.026556284026772792e+00
6.438675449999999728e+03 1.020362750142857600e+00
6.438708929999999782e+03 1.015167862976652069e+00
6.438742419999999584e+03 1.010941982873041489e+00
6.438775899999999638e+03 1.008795245599762413e+00
6.438809390000000349e+03 1.015306998772785185e+00
6.438842870000000403e+03 1.023527449887619012e+00
6.438876360000000204e+03 1.009322792742926245e+00
6.438909850000000006e+03 1.017489875653128317e+00
6.438943330000000060e+03 1.035979585071839404e+00
6.438976819999999861e+03 1.017644027339741131e+00
6.439010299999999916e+03 1.011111734013884433e+00
6.439043789999999717e+03 1.018705603294880913e+00
6.439077280000000428e+03 1.024071112865353461e+00
6.439110759999999573e+03 1.022465207036511670e+00
6.439144250000000284e+03 1.003995187176141890e+00
6.439177740000000085e+03 1.010394508181313045e+00
6.439211220000000139e+03 1.026078797490275418e+00
6.439244709999999941e+03 1.015073501210284945e+00
6.439278199999999742e+03 1.005954756349260348e+00
6.439311679999999797e+03 1.010981929444077387e+00
6.439345169999999598e+03 1.007980875167388657e+00
6.439378660000000309e+03 1.010032270995885773e+00
6.439412150000000111e+03 1.020782911366631351e+00
6.439445639999999912e+03 1.022958218332790548e+00
6.439479129999999714e+03 1.023601408388286282e+00
6.439512609999999768e+03 1.015322675931653595e+00
6.439546099999999569e+03 1.011237913803523236e+00
6.439579590000000280e+03 1.012108632842631639e+00
6.439613080000000082e+03 1.008940038883822554e+00
6.439646569999999883e+03 1.015689548483134530e+00
6.439680059999999685e+03 1.016986951947061568e+00
6.439713550000000396e+03 1.007574301140200079e+00
6.439747040000000197e+03 1.006540888215700758e+00
6.439780529999999999e+03 9.973867260511903865e-01
6.439814019999999800e+03 1.014048917862014010e+00
6.439847509999999602e+03 1.003008093458541028e+00
6.439881000000000313e+03 9.989922538341365899e-01
6.439914490000000114e+03 9.858662711239608578e-01
6.439947979999999916e+03 1.002035680602949563e+00
6.439981469999999717e+03 9.850645183719936027e-01
6.440014960000000428e+03 9.900229144607427534e-01
6.440048459999999977e+03 9.920673377775495183e-01
6.440081949999999779e+03 9.872060488021662250e-01
6.440115439999999580e+03 1.018419879638536862e+00
6.440148930000000291e+03 9.997627216248333726e-01
6.440182420000000093e+03 9.820674388936646571e-01
6.440215919999999642e+03 9.876637436804103221e-01
6.440249410000000353e+03 9.884841782635765961e-01
6.440282900000000154e+03 9.914546091797596938e-01
6.440316389999999956e+03 1.003810056068795475e+00
6.440349890000000414e+03 9.948725666370193954e-01
6.440383380000000216e+03 9.916845426844035361e-01
6.440416870000000017e+03 1.003289861290259655e+00
6.440450369999999566e+03 1.022474576651235756e+00
6.440483860000000277e+03 1.027093522236639300e+00
6.440517350000000079e+03 1.008873873309240166e+00
6.440550849999999627e+03 1.020598887445808955e+00
6.440584340000000338e+03 1.011814025123286109e+00
6.440617839999999887e+03 1.023565846719855399e+00
6.440651329999999689e+03 1.007112840520531183e+00
6.440684830000000147e+03 1.009215608248484441e+00
6.440718319999999949e+03 1.011657238303850015e+00
6.440751820000000407e+03 1.010375544372842382e+00
6.440785310000000209e+03 1.015858179110200155e+00
6.440818809999999758e+03 1.018762199828693316e+00
6.440852299999999559e+03 1.009997905213616098e+00
6.440885800000000017e+03 1.009230731230363665e+00
6.440919289999999819e+03 1.027948082724202683e+00
6.440952790000000277e+03 1.035890605089944350e+00
6.440986289999999826e+03 1.020753348474686240e+00
6.441019779999999628e+03 1.005934671963666371e+00
6.441053280000000086e+03 1.013734756767903367e+00
6.441086779999999635e+03 1.014314297462741044e+00
6.441120270000000346e+03 1.033588730062529937e+00
6.441153769999999895e+03 1.035818771597164512e+00
6.441187270000000353e+03 1.027900480637441438e+00
6.441220769999999902e+03 1.034726576776812346e+00
6.441254259999999704e+03 1.029678404734211572e+00
6.441287760000000162e+03 1.012728741281904377e+00
6.441321259999999711e+03 1.024171010527772818e+00
6.441354760000000169e+03 1.030550118564272699e+00
6.441388259999999718e+03 1.037053075699260640e+00
6.441421750000000429e+03 1.024449446782540241e+00
6.441455249999999978e+03 1.020373430469394327e+00
6.441488750000000437e+03 1.039788032461605560e+00
6.441522249999999985e+03 1.031270423830140892e+00
6.441555750000000444e+03 1.027067338817746922e+00
6.441589249999999993e+03 1.039219368009258515e+00
6.441622750000000451e+03 1.033304307002044897e+00
6.441656250000000000e+03 1.021070936928347050e+00
6.441689749999999549e+03 1.034036972544432276e+00
6.441723250000000007e+03 1.047118330492743832e+00
6.441756749999999556e+03 1.020540340140515312e+00
6.441790250000000015e+03 1.013836734387362881e+00
6.441823749999999563e+03 1.014370810852938343e+00
6.441857250000000022e+03 1.029303998637667972e+00
6.441890749999999571e+03 1.023652939375154336e+00
6.441924250000000029e+03 1.021538848123447529e+00
6.441957749999999578e+03 1.021914682013121300e+00
6.441991259999999784e+03 1.023866302029066144e+00
6.442024760000000242e+03 1.020689844813799319e+00
6.442058259999999791e+03 1.020326992197377214e+00
6.442091760000000249e+03 1.037397208676425153e+00
6.442125259999999798e+03 1.018148548398279729e+00
6.442158770000000004e+03 1.013755742793968517e+00
6.442192269999999553e+03 1.023353613340117541e+00
6.442225770000000011e+03 1.016537378184094287e+00
6.442259269999999560e+03 1.016126748471100738e+00
6.442292779999999766e+03 1.012969602774015376e+00
6.442326280000000224e+03 1.000986560536852865e+00
6.442359779999999773e+03 1.011983815145494514e+00
6.442393289999999979e+03 1.033701460804128391e+00
6.442426790000000437e+03 1.030813426952586376e+00
6.442460299999999734e+03 1.026416720520637593e+00
6.442493800000000192e+03 1.033939596349924495e+00
6.442527299999999741e+03 1.014673488417673353e+00
6.442560809999999947e+03 1.031493083341612715e+00
6.442594310000000405e+03 1.030780350326270689e+00
6.442627819999999701e+03 1.028382730385389632e+00
6.442661320000000160e+03 1.029007511039201184e+00
6.442694830000000366e+03 1.022814647615384764e+00
6.442728329999999914e+03 1.021379630535818039e+00
6.442761840000000120e+03 1.028413925625086378e+00
6.442795339999999669e+03 1.018434804123676374e+00
6.442828849999999875e+03 1.002230756268417178e+00
6.442862360000000081e+03 1.008785050992488497e+00
6.442895859999999630e+03 1.020533418460720210e+00
6.442929369999999835e+03 1.027685854872090410e+00
6.442962880000000041e+03 1.029530987460179459e+00
6.442996379999999590e+03 1.029920346659489949e+00
6.443029889999999796e+03 1.017504056143035518e+00
6.443063400000000001e+03 1.034149160890929675e+00
6.443096899999999550e+03 1.035387861606767546e+00
6.443130409999999756e+03 1.032887384406537823e+00
6.443163919999999962e+03 1.023997936935455488e+00
6.443197430000000168e+03 1.012194600548021572e+00
6.443230929999999717e+03 1.013799390391845856e+00
6.443264439999999922e+03 1.026613034202421559e+00
6.443297950000000128e+03 1.028581578311825062e+00
6.443331460000000334e+03 1.013873507600827617e+00
6.443364969999999630e+03 1.040132983161104585e+00
6.443398479999999836e+03 1.015621889042480408e+00
6.443431990000000042e+03 1.029753078234772357e+00
6.443465500000000247e+03 1.033044644252887556e+00
6.443498999999999796e+03 1.006376295963191669e+00
6.443532510000000002e+03 1.010042407456723579e+00
6.443566020000000208e+03 1.027223509964716897e+00
6.443599530000000414e+03 1.026331235970547207e+00
6.443633039999999710e+03 1.020980425340046738e+00
6.443666549999999916e+03 1.017807585261305103e+00
6.443700060000000121e+03 1.011717183042599721e+00
6.443733580000000075e+03 1.014283957793731261e+00
6.443767090000000280e+03 1.016724901999585207e+00
6.443800599999999577e+03 1.006105900879794568e+00
6.443834109999999782e+03 1.031362948857660777e+00
6.443867619999999988e+03 1.019666903128132907e+00
6.443901130000000194e+03 1.025613884665987685e+00
6.443934640000000400e+03 1.041125923267517628e+00
6.443968149999999696e+03 1.034494735437265112e+00
6.444001669999999649e+03 1.015072117522274775e+00
6.444035179999999855e+03 1.016185744305444061e+00
6.444068690000000061e+03 1.022805132214680057e+00
6.444102200000000266e+03 1.011619926622604027e+00
6.444135720000000219e+03 1.002025971878709232e+00
6.444169230000000425e+03 9.880872046874269454e-01
6.444202739999999721e+03 1.002421435799911498e+00
6.444236259999999675e+03 1.019723548784843947e+00
6.444269769999999880e+03 1.017926459176911269e+00
6.444303280000000086e+03 1.011499400317827480e+00
6.444336800000000039e+03 1.017011762899458382e+00
6.444370310000000245e+03 1.018193462307124042e+00
6.444403820000000451e+03 1.027536710373502915e+00
6.444437340000000404e+03 1.025588030916932070e+00
6.444470849999999700e+03 1.015911926878331428e+00
6.444504369999999653e+03 1.019836197185244542e+00
6.444537879999999859e+03 1.014410643155541303e+00
6.444571399999999812e+03 1.007802532785091909e+00
6.444604910000000018e+03 1.016002918516911047e+00
6.444638429999999971e+03 1.034417800262280362e+00
6.444671940000000177e+03 1.021198218184625750e+00
6.444705460000000130e+03 1.013928870485446332e+00
6.444738970000000336e+03 1.008823816085140601e+00
6.444772490000000289e+03 1.021170410672570084e+00
6.444806010000000242e+03 1.023304279822252028e+00
6.444839520000000448e+03 1.016974091231962252e+00
6.444873040000000401e+03 1.011441505973695199e+00
6.444906560000000354e+03 1.006049179262933801e+00
6.444940069999999650e+03 1.012120258768949066e+00
6.444973589999999604e+03 1.016270562447295189e+00
6.445007109999999557e+03 9.976984630737171234e-01
6.445040619999999763e+03 1.011162780999705690e+00
6.445074139999999716e+03 1.017896331755634431e+00
6.445107659999999669e+03 1.006912279641235974e+00
6.445141179999999622e+03 1.018490191964680935e+00
6.445174699999999575e+03 1.016737612013518088e+00
6.445208209999999781e+03 9.999736038135157434e-01
6.445241729999999734e+03 1.003110852234554207e+00
6.445275249999999687e+03 1.010842472348190801e+00
6.445308769999999640e+03 1.013059892492850000e+00
6.445342289999999593e+03 1.013330376677846534e+00
6.445375809999999547e+03 1.012237780767366369e+00
6.445409330000000409e+03 1.022992288742177625e+00
6.445442850000000362e+03 1.010805161453251166e+00
6.445476370000000315e+03 9.975056356942225699e-01
6.445509890000000269e+03 9.992661164381548833e-01
6.445543410000000222e+03 1.005705060464335610e+00
6.445576930000000175e+03 1.002612260753247497e+00
6.445610450000000128e+03 9.882418897931870561e-01
6.445643970000000081e+03 9.835129482795778033e-01
6.445677490000000034e+03 9.842413475218081409e-01
6.445711009999999987e+03 9.772345995762049542e-01
6.445744529999999941e+03 9.781389708452967735e-01
6.445778049999999894e+03 9.814248655051435177e-01
6.445811569999999847e+03 9.721641383217488608e-01
6.445845089999999800e+03 9.699389687134382099e-01
6.445878620000000410e+03 9.585413434737523053e-01
6.445912140000000363e+03 9.838574427699358083e-01
6.445945660000000316e+03 9.782699925829358989e-01
6.445979180000000270e+03 9.805735959039961758e-01
6.446012700000000223e+03 9.866760397509031222e-01
6.446046229999999923e+03 9.936945819736832108e-01
6.446079749999999876e+03 9.976998473024621950e-01
6.446113269999999829e+03 1.000213243774082494e+00
6.446146800000000439e+03 1.005745617876305342e+00
6.446180320000000393e+03 1.004003101878234272e+00
6.446213840000000346e+03 9.973588469850670490e-01
6.446247370000000046e+03 1.006600284414507218e+00
6.446280889999999999e+03 1.018429399405487601e+00
6.446314409999999953e+03 1.007096516642331352e+00
6.446347939999999653e+03 9.981436158706008532e-01
6.446381459999999606e+03 1.006452563719732129e+00
6.446414990000000216e+03 9.991740738485465068e-01
6.446448510000000169e+03 1.016394108641167193e+00
6.446482039999999870e+03 1.007008904212082667e+00
6.446515559999999823e+03 9.980763349625323411e-01
6.446549090000000433e+03 1.012778584126757586e+00
6.446582610000000386e+03 1.023038810499534490e+00
6.446616140000000087e+03 1.003478169107974827e+00
6.446649660000000040e+03 9.908160663437374227e-01
6.446683189999999740e+03 1.005544405437364786e+00
6.446716720000000350e+03 1.007478543193262910e+00
6.446750240000000304e+03 1.007618666781617378e+00
6.446783770000000004e+03 9.953178169839269618e-01
6.446817289999999957e+03 1.002278929130488772e+00
6.446850819999999658e+03 1.003487988463513281e+00
6.446884350000000268e+03 9.955119814620012608e-01
6.446917879999999968e+03 1.008839823550827797e+00
6.446951399999999921e+03 1.003188599407053960e+00
6.446984929999999622e+03 1.004587385210559791e+00
6.447018460000000232e+03 1.008686533225837900e+00
6.447051989999999932e+03 9.968248614011289144e-01
6.447085509999999886e+03 9.937760947080643836e-01
6.447119039999999586e+03 1.007092493361771535e+00
6.447152570000000196e+03 1.009631470578283619e+00
6.447186099999999897e+03 1.001388359463285527e+00
6.447219629999999597e+03 9.999740453288752384e-01
6.447253160000000207e+03 9.993510705406620787e-01
6.447286689999999908e+03 1.009529818198202866e+00
6.447320209999999861e+03 1.013382335996187544e+00
6.447353739999999561e+03 1.009901909804599152e+00
6.447387270000000171e+03 1.016713468008225707e+00
6.447420799999999872e+03 1.008824973382962842e+00
6.447454329999999572e+03 1.006260460732150364e+00
6.447487860000000182e+03 1.008126869615398880e+00
6.447521389999999883e+03 9.993139245218549682e-01
6.447554919999999584e+03 9.995284028675727184e-01
6.447588459999999941e+03 1.009957077703419470e+00
6.447621989999999641e+03 1.009098677095782604e+00
6.447655520000000251e+03 1.005935922653102610e+00
6.447689049999999952e+03 9.952729294172236729e-01
6.447722579999999653e+03 1.007200399155559811e+00
6.447756110000000263e+03 1.003177267272062467e+00
6.447789639999999963e+03 1.005147381394170703e+00
6.447823169999999664e+03 1.004357116780717485e+00
6.447856710000000021e+03 1.001763361959942866e+00
6.447890239999999721e+03 1.002394057380394665e+00
6.447923770000000331e+03 9.921811601101027112e-01
6.447957300000000032e+03 1.007965983074879723e+00
6.447990840000000389e+03 1.040356429953053219e+00
6.448024370000000090e+03 1.053652280942737995e+00
6.448057899999999790e+03 1.060682588451140829e+00
6.448091440000000148e+03 1.025836521598516793e+00
6.448124969999999848e+03 9.987359781160023431e-01
6.448158499999999549e+03 9.945257552088508923e-01
6.448192039999999906e+03 1.001002226217094115e+00
6.448225569999999607e+03 1.003894795691129715e+00
6.448259100000000217e+03 9.995993069687694188e-01
6.448292639999999665e+03 9.995970013767060403e-01
6.448326170000000275e+03 9.912572186924223372e-01
6.448359709999999723e+03 1.011281646464286865e+00
6.448393240000000333e+03 1.002443587020725335e+00
6.448426779999999781e+03 9.837078035330847348e-01
6.448460310000000391e+03 9.932234646563473657e-01
6.448493849999999838e+03 9.738909296411324412e-01
6.448527380000000448e+03 9.481801292044047536e-01
6.448560919999999896e+03 9.590573494076836125e-01
6.448594460000000254e+03 9.851754229924819528e-01
6.448627989999999954e+03 9.919337498786624518e-01
6.448661530000000312e+03 1.001338841991257889e+00
6.448695060000000012e+03 9.957500281017124255e-01
6.448728600000000370e+03 1.005320756068552424e+00
6.448762139999999818e+03 9.981638307741700356e-01
6.448795670000000428e+03 9.872768718799345145e-01
6.448829209999999875e+03 9.902746624905753858e-01
6.448862750000000233e+03 9.975166417772078908e-01
6.448896289999999681e+03 9.963931273943317235e-01
6.448929820000000291e+03 9.911854934801962447e-01
6.448963359999999739e+03 9.917403483495778049e-01
6.448996900000000096e+03 1.002776930922054666e+00
6.449030440000000453e+03 1.009967187859966531e+00
6.449063979999999901e+03 9.832734103937926795e-01
6.449097509999999602e+03 1.008800358153655319e+00
6.449131049999999959e+03 9.841268008524496347e-01
6.449164590000000317e+03 9.849369499277736972e-01
6.449198129999999765e+03 9.893965121322314538e-01
6.449231670000000122e+03 9.951131798275043572e-01
6.449265209999999570e+03 1.000432169234007906e+00
6.449298749999999927e+03 1.000267289897031064e+00
6.449332290000000285e+03 9.930373268989471924e-01
6.449365829999999733e+03 9.946001388488253658e-01
6.449399370000000090e+03 9.925874561292035159e-01
6.449432910000000447e+03 9.807951408615120936e-01
6.449466449999999895e+03 9.875815320515550777e-01
6.449499990000000253e+03 9.907707793416917763e-01
6.449533529999999701e+03 9.881751985515649928e-01
6.449567070000000058e+03 9.903682005569668378e-01
6.449600610000000415e+03 9.804368420730631417e-01
6.449634149999999863e+03 9.659433003357698055e-01
6.449667690000000221e+03 9.527441027728509315e-01
6.449701240000000325e+03 9.770334636997968225e-01
6.449734779999999773e+03 9.665287270350325644e-01
6.449768320000000131e+03 9.613894172752395217e-01
6.449801859999999579e+03 9.722338574837553482e-01
6.449835399999999936e+03 9.812656690097679713e-01
6.449868950000000041e+03 9.847171823116109834e-01
6.449902490000000398e+03 9.748155773524401768e-01
6.449936029999999846e+03 9.708337074886225215e-01
6.449969579999999951e+03 9.864256219077351950e-01
6.450003120000000308e+03 9.906931412860354724e-01
6.450036659999999756e+03 9.766812077590765195e-01
6.450070209999999861e+03 9.857410096653665965e-01
6.450103750000000218e+03 9.927149454182634392e-01
6.450137289999999666e+03 9.779844513168268749e-01
6.450170839999999771e+03 9.735877511598047818e-01
6.450204380000000128e+03 9.652741967986989691e-01
6.450237930000000233e+03 9.707125073958009498e-01
6.450271469999999681e+03 9.823404018781159985e-01
6.450305019999999786e+03 9.878430605165541278e-01
6.450338560000000143e+03 9.846461434542879143e-01
6.450372110000000248e+03 9.853954495229252375e-01
6.450405649999999696e+03 9.923625160992149974e-01
6.450439199999999801e+03 9.887701971732042461e-01
6.450472740000000158e+03 9.931480394015854696e-01
6.450506290000000263e+03 1.001816916387206602e+00
6.450539829999999711e+03 1.019528730831217533e+00
6.450573379999999815e+03 1.014689761354704567e+00
6.450606929999999920e+03 1.020559844405815486e+00
6.450640470000000278e+03 1.009542456512153796e+00
6.450674020000000382e+03 1.012932634759007744e+00
6.450707569999999578e+03 9.988024522767990909e-01
6.450741109999999935e+03 1.001775367147933249e+00
6.450774660000000040e+03 1.005015141100526810e+00
6.450808210000000145e+03 9.934401419795463317e-01
6.450841760000000249e+03 9.952028890278260542e-01
6.450875299999999697e+03 1.002069567663532501e+00
6.450908849999999802e+03 1.003414475125291361e+00
6.450942399999999907e+03 1.015168072729456084e+00
6.450975950000000012e+03 1.005204094549690952e+00
6.451009500000000116e+03 9.784189205649183041e-01
6.451043039999999564e+03 1.005632739145360111e+00
6.451076589999999669e+03 1.007015105787997022e+00
6.451110139999999774e+03 9.997496922342624659e-01
6.451143689999999879e+03 1.007395294783766770e+00
6.451177239999999983e+03 9.958866838578116498e-01
6.451210790000000088e+03 9.869157441572249390e-01
6.451244340000000193e+03 9.934668041743174305e-01
6.451277890000000298e+03 9.987351985523199582e-01
6.451311440000000403e+03 9.896941311201287172e-01
6.451344989999999598e+03 9.938606576909917445e-01
6.451378539999999703e+03 1.008582104544721414e+00
6.451412089999999807e+03 1.000961982872030642e+00
6.451445639999999912e+03 9.952446384059682183e-01
6.451479190000000017e+03 9.931876403827401001e-01
6.451512740000000122e+03 9.808370186635615440e-01
6.451546290000000226e+03 1.003849479130316080e+00
6.451579850000000079e+03 9.937042141244946114e-01
6.451613400000000183e+03 9.948903317992880968e-01
6.451646950000000288e+03 9.984176486028247810e-01
6.451680500000000393e+03 1.001721828339618758e+00
6.451714049999999588e+03 1.000920816700406890e+00
6.451747610000000350e+03 1.005363375833475681e+00
6.451781160000000455e+03 1.017915430738702831e+00
6.451814709999999650e+03 1.016308509098759805e+00
6.451848259999999755e+03 1.012779240919298163e+00
6.451881819999999607e+03 1.015386056864081121e+00
6.451915369999999712e+03 1.006615335960206137e+00
6.451948919999999816e+03 1.003188549488417403e+00
6.451982479999999669e+03 1.003074637468585051e+00
6.452016029999999773e+03 1.001528197893816863e+00
6.452049579999999878e+03 9.973252805105339291e-01
6.452083139999999730e+03 9.899188748178566755e-01
6.452116689999999835e+03 9.916859660520828124e-01
6.452150249999999687e+03 1.005527334303107034e+00
6.452183799999999792e+03 1.018000447727141156e+00
6.452217349999999897e+03 1.007989543154336420e+00
6.452250909999999749e+03 1.005761862414262797e+00
6.452284459999999854e+03 1.005823962120068416e+00
6.452318019999999706e+03 1.009629837591445645e+00
6.452351579999999558e+03 1.019115688869142833e+00
6.452385129999999663e+03 1.015284148274839815e+00
6.452418690000000424e+03 1.005680033255947459e+00
6.452452239999999620e+03 1.004455461156138485e+00
6.452485800000000381e+03 1.000819945462937621e+00
6.452519360000000233e+03 1.008420897600531108e+00
6.452552910000000338e+03 1.023637128336761570e+00
6.452586470000000190e+03 1.021470845563245744e+00
6.452620030000000042e+03 1.013532654607769867e+00
6.452653580000000147e+03 1.019162107353587032e+00
6.452687139999999999e+03 1.018155899545295062e+00
6.452720699999999852e+03 1.007851526845995105e+00
6.452754249999999956e+03 1.020002249265560712e+00
6.452787809999999808e+03 1.015765840456470892e+00
6.452821369999999661e+03 1.007406285104636146e+00
6.452854930000000422e+03 1.014865312464360514e+00
6.452888490000000274e+03 1.014933761948120683e+00
6.452922040000000379e+03 1.014398095751381401e+00
6.452955600000000231e+03 1.027780125267370837e+00
6.452989160000000084e+03 1.030886174073225137e+00
6.453022719999999936e+03 1.026587918002803246e+00
6.453056279999999788e+03 1.031090610311678812e+00
6.453089839999999640e+03 1.017323729732045434e+00
6.453123400000000402e+03 1.018099865735283993e+00
6.453156960000000254e+03 1.025193955364042786e+00
6.453190520000000106e+03 1.024589183193145958e+00
6.453224079999999958e+03 1.028820006317612057e+00
6.453257639999999810e+03 1.024920562648818034e+00
6.453291199999999662e+03 1.019251610692319066e+00
6.453324760000000424e+03 1.024613053588936395e+00
6.453358320000000276e+03 1.028291129674480331e+00
6.453391880000000128e+03 1.026947526601586613e+00
6.453425439999999981e+03 1.027014487848292079e+00
6.453458999999999833e+03 1.033621724615353621e+00
6.453492559999999685e+03 1.037444899753235505e+00
6.453526120000000446e+03 1.036980468607439532e+00
6.453559690000000046e+03 1.052286507433973117e+00
6.453593249999999898e+03 1.033721799211804848e+00
6.453626809999999750e+03 1.039042712657327172e+00
6.453660369999999602e+03 1.029651813679855366e+00
6.453693930000000364e+03 1.028009514753738030e+00
6.453727499999999964e+03 1.035216292310577879e+00
6.453761059999999816e+03 1.048919496648900829e+00
6.453794619999999668e+03 1.044904204783281276e+00
6.453828190000000177e+03 1.044428737741649460e+00
6.453861750000000029e+03 1.048730357867795338e+00
6.453895309999999881e+03 1.042853102015539601e+00
6.453928880000000390e+03 1.038012195975532181e+00
6.453962440000000242e+03 1.049156100245292711e+00
6.453996000000000095e+03 1.062372022021109030e+00
6.454029569999999694e+03 1.055597144498412465e+00
6.454063129999999546e+03 1.048808332994331849e+00
6.454096700000000055e+03 1.065578801643348505e+00
6.454130259999999907e+03 1.058351966662362864e+00
6.454163830000000416e+03 1.050557287067477974e+00
6.454197390000000269e+03 1.052776333907526451e+00
6.454230959999999868e+03 1.075957402249952732e+00
6.454264519999999720e+03 1.064948441179875305e+00
6.454298090000000229e+03 1.074786374190831451e+00
6.454331650000000081e+03 1.073381402227359116e+00
6.454365219999999681e+03 1.064639590620773291e+00
6.454398790000000190e+03 1.058293578328072693e+00
6.454432350000000042e+03 1.067061187397249977e+00
6.454465919999999642e+03 1.071779314915304093e+00
6.454499480000000403e+03 1.073052215066242043e+00
6.454533050000000003e+03 1.064031831349803614e+00
6.454566619999999602e+03 1.058335152817129865e+00
6.454600180000000364e+03 1.078772289564878806e+00
6.454633749999999964e+03 1.080010783073494629e+00
6.454667319999999563e+03 1.077415604537720339e+00
6.454700890000000072e+03 1.059419774963877181e+00
6.454734459999999672e+03 1.026692174566333549e+00
6.454768020000000433e+03 1.019077005499447353e+00
6.454801590000000033e+03 1.040401365448511362e+00
6.454835159999999632e+03 1.054626287913893457e+00
6.454868730000000141e+03 1.063269543821902197e+00
6.454902299999999741e+03 1.073574953219363914e+00
6.454935870000000250e+03 1.064594932034590657e+00
6.454969430000000102e+03 1.073786203636612369e+00
6.455002999999999702e+03 1.072964436117496145e+00
6.455036570000000211e+03 1.066287408633985967e+00
6.455070139999999810e+03 1.070235788418455458e+00
6.455103710000000319e+03 1.056142686558215527e+00
6.455137279999999919e+03 1.050365811872696176e+00
6.455170850000000428e+03 1.068221014736414176e+00
6.455204420000000027e+03 1.058927094270284197e+00
6.455237989999999627e+03 1.060424344133910735e+00
6.455271560000000136e+03 1.067720371663638534e+00
6.455305129999999735e+03 1.046830542840986755e+00
6.455338709999999992e+03 1.046695807718573290e+00
6.455372279999999591e+03 1.020647947608502637e+00
6.455405850000000100e+03 1.040168448985391292e+00
6.455439419999999700e+03 1.041473644227258966e+00
6.455472990000000209e+03 1.039786367815162649e+00
6.455506559999999808e+03 1.051020727287716561e+00
6.455540130000000318e+03 1.058421005304000184e+00
6.455573709999999664e+03 1.050705885471887591e+00
6.455607280000000173e+03 1.043767995939201221e+00
6.455640849999999773e+03 1.054025926351885190e+00
6.455674420000000282e+03 1.050146502452360187e+00
6.455707999999999629e+03 1.032193955092405524e+00
6.455741570000000138e+03 1.039373759425798349e+00
6.455775139999999737e+03 1.045647536444153758e+00
6.455808719999999994e+03 1.048144342142938612e+00
6.455842289999999593e+03 1.060182675141464470e+00
6.455875860000000102e+03 1.049930104805671061e+00
6.455909440000000359e+03 1.041793123130431820e+00
6.455943009999999958e+03 1.043737455320226104e+00
6.455976590000000215e+03 1.043688987490996478e+00
6.456010159999999814e+03 1.050354698300690170e+00
6.456043740000000071e+03 1.026855155731811742e+00
6.456077309999999670e+03 1.032953062803711131e+00
6.456110880000000179e+03 1.032690023707367066e+00
6.456144460000000436e+03 1.019329867949085422e+00
6.456178039999999783e+03 1.019189671228321270e+00
6.456211610000000292e+03 1.020014187693542906e+00
6.456245189999999639e+03 1.021234933559321600e+00
6.456278760000000148e+03 1.028170465884845175e+00
6.456312340000000404e+03 1.027909553163107503e+00
6.456345910000000003e+03 1.022963600761527259e+00
6.456379490000000260e+03 1.018838329166017242e+00
6.456413069999999607e+03 1.021227013687162177e+00
6.456446640000000116e+03 1.017829235321032311e+00
6.456480220000000372e+03 1.035254977425954070e+00
6.456513799999999719e+03 1.017159841233796103e+00
6.456547379999999976e+03 1.030865625078224879e+00
6.456580949999999575e+03 1.018500177227178893e+00
6.456614529999999831e+03 1.027103637707412753e+00
6.456648110000000088e+03 1.034743245664696554e+00
6.456681690000000344e+03 1.018541215286018931e+00
6.456715259999999944e+03 1.028499736018033239e+00
6.456748840000000200e+03 1.030827533823000186e+00
6.456782419999999547e+03 1.015682511960195322e+00
6.456815999999999804e+03 1.014719454919690511e+00
6.456849580000000060e+03 1.025801052654098156e+00
6.456883160000000316e+03 1.041173957081276358e+00
6.456916739999999663e+03 1.031901905633127559e+00
6.456950319999999920e+03 1.006306574754008754e+00
6.456983890000000429e+03 1.030866801035151603e+00
6.457017469999999776e+03 1.037448425208511438e+00
6.457051050000000032e+03 1.031623511233667134e+00
6.457084630000000288e+03 1.012685607373263075e+00
6.457118209999999635e+03 1.030910268977577759e+00
6.457151799999999639e+03 1.037901862972434142e+00
6.457185379999999896e+03 1.031081674102703793e+00
6.457218960000000152e+03 1.032333597013856519e+00
6.457252540000000408e+03 1.033794150217893115e+00
6.457286119999999755e+03 1.040439629793206366e+00
6.457319700000000012e+03 1.028187821313278238e+00
6.457353280000000268e+03 1.029683607260206912e+00
6.457386859999999615e+03 1.039907986445513188e+00
6.457420439999999871e+03 1.026250283975213895e+00
6.457454029999999875e+03 1.021472192174105009e+00
6.457487610000000132e+03 1.027425195279722425e+00
6.457521190000000388e+03 1.014075460186361743e+00
6.457554769999999735e+03 1.013243157888253032e+00
6.457588359999999739e+03 1.029603527453345047e+00
6.457621939999999995e+03 1.035087859857165560e+00
6.457655520000000251e+03 1.029868477745132571e+00
6.457689099999999598e+03 1.022862293857227156e+00
6.457722689999999602e+03 1.002486453827864832e+00
6.457756269999999859e+03 1.018025525917323870e+00
6.457789859999999862e+03 1.028486404873287574e+00
6.457823440000000119e+03 1.041425366396250496e+00
6.457857020000000375e+03 1.035051432257035442e+00
6.457890610000000379e+03 1.038013139104889682e+00
6.457924189999999726e+03 1.035535739003342393e+00
6.457957779999999730e+03 1.042560060359225771e+00
6.457991359999999986e+03 1.034988843463398034e+00
6.458024949999999990e+03 1.025515254050770819e+00
6.458058530000000246e+03 1.026624228141065576e+00
6.458092120000000250e+03 1.032221302688079545e+00
6.458125699999999597e+03 1.042443529631359445e+00
6.458159289999999601e+03 1.043335854078597080e+00
6.458192869999999857e+03 1.040495923572114734e+00
6.458226459999999861e+03 1.049096792533104505e+00
6.458260049999999865e+03 1.061818767800355889e+00
6.458293630000000121e+03 1.062695897199823714e+00
6.458327220000000125e+03 1.058017729852896771e+00
6.458360800000000381e+03 1.044203145569268854e+00
6.458394390000000385e+03 1.053581394733103416e+00
6.458427980000000389e+03 1.045213087355536308e+00
6.458461570000000393e+03 1.052962619090457519e+00
6.458495149999999740e+03 1.056259114597001725e+00
6.458528739999999743e+03 1.062769047745796724e+00
6.458562329999999747e+03 1.055292910179270960e+00
6.458595919999999751e+03 1.060577474360093531e+00
6.458629500000000007e+03 1.064817045683305263e+00
6.458663090000000011e+03 1.066952355474220182e+00
6.458696680000000015e+03 1.069109050956500440e+00
6.458730270000000019e+03 1.056925863731133175e+00
6.458763860000000022e+03 1.055089896773938385e+00
6.458797450000000026e+03 1.068414997405696898e+00
6.458831040000000030e+03 1.059891362714689977e+00
6.458864630000000034e+03 1.055907161273014871e+00
6.458898210000000290e+03 1.073526621789976820e+00
6.458931800000000294e+03 1.060512573905612710e+00
6.458965390000000298e+03 1.065917211103883488e+00
6.458998980000000302e+03 1.060649149493753995e+00
6.459032570000000305e+03 1.069915910631476175e+00
6.459066160000000309e+03 1.055365466798057428e+00
6.459099750000000313e+03 1.080067900276939774e+00
6.459133350000000064e+03 1.054447702773323892e+00
6.459166940000000068e+03 1.052968694421972717e+00
6.459200530000000072e+03 1.053572089956413604e+00
6.459234120000000075e+03 1.062073611960207442e+00
6.459267710000000079e+03 1.058157989653475850e+00
6.459301300000000083e+03 1.055517637471475867e+00
6.459334890000000087e+03 1.050023163763129874e+00
6.459368489999999838e+03 1.047641667306276947e+00
6.459402079999999842e+03 1.045353574732911905e+00
6.459435669999999845e+03 1.010144887172502726e+00
6.459469259999999849e+03 9.630157694526729761e-01
6.459502849999999853e+03 9.638039208047500805e-01
6.459536449999999604e+03 1.009713499834086425e+00
6.459570039999999608e+03 1.033166652673920272e+00
6.459603629999999612e+03 1.063977797758042687e+00
6.459637230000000272e+03 1.064642638059763780e+00
6.459670820000000276e+03 1.070409650199806828e+00
6.459704410000000280e+03 1.062259991032970197e+00
6.459738010000000031e+03 1.073128925599003969e+00
6.459771600000000035e+03 1.071508125039358106e+00
6.459805199999999786e+03 1.072474314222621183e+00
6.459838789999999790e+03 1.062608321516835375e+00
6.459872379999999794e+03 1.067033262140819616e+00
6.459905980000000454e+03 1.066859955980511865e+00
6.459939569999999549e+03 1.064236050116209142e+00
6.459973170000000209e+03 1.066008055517843500e+00
6.460006760000000213e+03 1.059895505571829322e+00
6.460040359999999964e+03 1.059620234324732735e+00
6.460073959999999715e+03 1.056029559201639767e+00
6.460107549999999719e+03 1.047646104183857396e+00
6.460141150000000380e+03 1.051607648478056545e+00
6.460174740000000384e+03 1.055496842201729457e+00
6.460208340000000135e+03 1.055241864979879374e+00
6.460241939999999886e+03 1.030231489988047144e+00
6.460275529999999890e+03 1.006114636475436308e+00
6.460309129999999641e+03 9.832372335576133882e-01
6.460342730000000302e+03 1.012608038708751490e+00
6.460376320000000305e+03 1.038526391884954769e+00
6.460409920000000056e+03 1.058642958065349138e+00
6.460443519999999808e+03 1.051828123333231835e+00
6.460477119999999559e+03 1.042807882678037146e+00
6.460510709999999563e+03 1.041123686839825480e+00
6.460544310000000223e+03 1.034034392415100312e+00
6.460577909999999974e+03 1.015075922863578395e+00
6.460611509999999726e+03 9.995116140635902369e-01
6.460645110000000386e+03 1.009010901914302760e+00
6.460678710000000137e+03 1.029023814107070889e+00
6.460712300000000141e+03 1.030011703032639891e+00
6.460745899999999892e+03 1.042932796262601824e+00
6.460779499999999643e+03 1.038623527351394182e+00
6.460813100000000304e+03 1.008645905576630586e+00
6.460846700000000055e+03 1.009121244701131959e+00
6.460880299999999806e+03 1.020066636200118504e+00
6.460913899999999558e+03 1.027149215041766706e+00
6.460947500000000218e+03 1.016252744652242246e+00
6.460981099999999969e+03 1.025892788716882498e+00
6.461014699999999721e+03 1.026215362336819981e+00
6.461048300000000381e+03 1.015642660397779062e+00
6.461081900000000132e+03 1.018299426859097245e+00
6.461115499999999884e+03 1.032189355365736860e+00
6.461149110000000292e+03 1.044904259373279354e+00
6.461182710000000043e+03 1.033617400940482822e+00
6.461216309999999794e+03 1.036171977647677878e+00
6.461249910000000455e+03 1.030750004890499838e+00
6.461283510000000206e+03 1.031365838301633753e+00
6.461317109999999957e+03 1.016231016425379163e+00
6.461350720000000365e+03 1.024627910829338573e+00
6.461384320000000116e+03 1.038874780070337511e+00
6.461417919999999867e+03 1.030764353243254217e+00
6.461451519999999618e+03 1.024375800289455629e+00
6.461485130000000026e+03 1.028859021047766387e+00
6.461518729999999778e+03 1.021439869669442446e+00
6.461552330000000438e+03 1.015663275433468238e+00
6.461585939999999937e+03 1.013993087270649074e+00
6.461619539999999688e+03 1.017257651725970824e+00
6.461653140000000349e+03 1.045081079035510063e+00
6.461686749999999847e+03 1.024095518269122707e+00
6.461720349999999598e+03 1.029044779994641390e+00
6.461753960000000006e+03 1.018461977066724922e+00
6.461787559999999758e+03 1.032631549576100927e+00
6.461821170000000166e+03 1.034640573751566484e+00
6.461854769999999917e+03 1.017595744075254327e+00
6.461888380000000325e+03 1.014172978363701683e+00
6.461921980000000076e+03 1.021980142025551430e+00
6.461955589999999575e+03 1.022468275387064196e+00
6.461989190000000235e+03 1.024584052623571440e+00
6.462022799999999734e+03 1.023904718620752163e+00
6.462056400000000394e+03 1.014495214304665049e+00
6.462090009999999893e+03 1.024353248421503881e+00
6.462123609999999644e+03 1.024271002295613853e+00
6.462157220000000052e+03 1.026342057771719940e+00
6.462190829999999551e+03 1.028679271316597088e+00
6.462224430000000211e+03 1.010712869838954697e+00
6.462258039999999710e+03 1.006942323681693452e+00
6.462291650000000118e+03 1.005735584647404313e+00
6.462325259999999616e+03 1.003066649294921175e+00
6.462358860000000277e+03 1.013764046450706724e+00
6.462392469999999776e+03 9.913548806390761747e-01
6.462426080000000184e+03 9.750459863618133882e-01
6.462459689999999682e+03 9.487996140992055460e-01
6.462493290000000343e+03 9.614549686421346442e-01
6.462526899999999841e+03 9.934444279476031259e-01
6.462560510000000249e+03 9.943459819158152468e-01
6.462594119999999748e+03 9.950744290786318613e-01
6.462627730000000156e+03 9.854337011005780411e-01
6.462661339999999655e+03 9.844336899347871928e-01
6.462694950000000063e+03 9.895825414705827772e-01
6.462728559999999561e+03 1.001484672227240136e+00
6.462762169999999969e+03 1.005113229974151867e+00
6.462795780000000377e+03 1.004140673874226675e+00
6.462829389999999876e+03 1.003743881683488937e+00
6.462863000000000284e+03 1.019696965799438804e+00
6.462896609999999782e+03 1.008154724495384125e+00
6.462930220000000190e+03 9.995788245210427414e-01
6.462963829999999689e+03 1.011505886404546084e+00
6.462997440000000097e+03 1.020574188468867716e+00
6.463031049999999595e+03 1.014308611120045889e+00
6.463064660000000003e+03 1.010620143392103376e+00
6.463098270000000412e+03 1.008436050295989261e+00
6.463131879999999910e+03 1.001040344201417742e+00
6.463165490000000318e+03 1.011236606616291445e+00
6.463199109999999564e+03 1.005172274420140122e+00
6.463232719999999972e+03 1.012927420405540957e+00
6.463266330000000380e+03 1.013592446917849665e+00
6.463299939999999879e+03 1.010413854809400158e+00
6.463333560000000034e+03 1.005004077215373659e+00
6.463367170000000442e+03 1.004603356002405246e+00
6.463400779999999941e+03 1.009355221171010619e+00
6.463434390000000349e+03 9.961081770445723294e-01
6.463468009999999595e+03 9.983479961746983822e-01
6.463501620000000003e+03 1.004077552323557887e+00
6.463535230000000411e+03 1.009324415040610212e+00
6.463568849999999657e+03 9.914006008644465906e-01
6.463602460000000065e+03 9.993597175391376597e-01
6.463636080000000220e+03 9.966187367651548890e-01
6.463669689999999719e+03 9.950936368518643604e-01
6.463703300000000127e+03 1.003015237405611826e+00
6.463736920000000282e+03 1.004065215624315943e+00
6.463770529999999781e+03 9.976686326189643239e-01
6.463804149999999936e+03 9.835815280949968820e-01
6.463837760000000344e+03 9.755739696647335313e-01
6.463871379999999590e+03 9.879322956461471517e-01
6.463904989999999998e+03 9.925421413613342292e-01
6.463938610000000153e+03 9.833689585965236235e-01
6.463972230000000309e+03 9.838924481345951989e-01
6.464005839999999807e+03 9.777981803817938911e-01
6.464039459999999963e+03 9.544128038595527386e-01
6.464073070000000371e+03 9.109401137837642715e-01
6.464106689999999617e+03 9.121337318284504780e-01
6.464140309999999772e+03 9.418217649128037827e-01
6.464173920000000180e+03 9.740319644732914339e-01
6.464207540000000336e+03 9.798181072894776023e-01
6.464241159999999581e+03 9.951752433941791764e-01
6.464274779999999737e+03 9.893893924098254855e-01
6.464308390000000145e+03 9.853438651406001281e-01
6.464342010000000300e+03 9.722813640411049896e-01
6.464375629999999546e+03 9.822213828578911787e-01
6.464409249999999702e+03 9.668082204586275763e-01
6.464442869999999857e+03 9.744968339172226379e-01
6.464476480000000265e+03 9.799774750460036321e-01
6.464510100000000421e+03 9.836313842853134926e-01
6.464543719999999666e+03 9.858972946849398067e-01
6.464577339999999822e+03 9.956679391123514078e-01
6.464610959999999977e+03 1.004697213761728936e+00
6.464644580000000133e+03 9.896447172840737716e-01
6.464678200000000288e+03 9.783883516177487305e-01
6.464711820000000444e+03 9.911182370227810123e-01
6.464745439999999689e+03 1.003990692042290078e+00
6.464779059999999845e+03 9.994687558994275189e-01
6.464812680000000000e+03 9.904622136186063130e-01
6.464846300000000156e+03 9.901376658066497471e-01
6.464879920000000311e+03 9.860615594240766946e-01
6.464913539999999557e+03 1.000446831251478708e+00
6.464947159999999712e+03 9.844271516735386696e-01
6.464980779999999868e+03 9.409521277297677733e-01
6.465014400000000023e+03 8.885128899568690564e-01
6.465048029999999926e+03 8.855611364837746580e-01
6.465081650000000081e+03 9.275359459816785446e-01
6.465115270000000237e+03 9.658359332756544235e-01
6.465148890000000392e+03 9.820626911049774588e-01
6.465182509999999638e+03 9.963266922365738854e-01
6.465216140000000451e+03 9.982334013722160559e-01
6.465249759999999696e+03 9.926977518906838771e-01
6.465283379999999852e+03 9.993376067810393337e-01
6.465317000000000007e+03 9.971490341889003295e-01
6.465350629999999910e+03 9.956714430668899274e-01
6.465384250000000065e+03 1.007057025357306790e+00
6.465417870000000221e+03 1.003431269432952355e+00
6.465451500000000124e+03 1.003037263147923186e+00
6.465485120000000279e+03 1.001472500800418830e+00
6.465518740000000435e+03 9.958360056022798057e-01
6.465552370000000337e+03 1.005135515445597649e+00
6.465585989999999583e+03 1.011662368969002523e+00
6.465619620000000396e+03 1.001343996730237329e+00
6.465653239999999641e+03 1.000668665758647435e+00
6.465686870000000454e+03 1.006827938921438736e+00
6.465720489999999700e+03 1.003093620908052763e+00
6.465754119999999602e+03 1.003925076339831302e+00
6.465787739999999758e+03 9.982668802069851743e-01
6.465821369999999661e+03 1.004984053909164565e+00
6.465854989999999816e+03 1.007429577861848502e+00
6.465888619999999719e+03 9.918303720680102797e-01
6.465922239999999874e+03 9.777682596222310174e-01
6.465955869999999777e+03 9.799986146794497088e-01
6.465989499999999680e+03 9.919527000767254243e-01
6.466023119999999835e+03 1.002663966610803259e+00
6.466056749999999738e+03 9.956065614036118117e-01
6.466090379999999641e+03 1.000568555009964111e+00
6.466123999999999796e+03 9.810481282327632169e-01
6.466157629999999699e+03 9.855076007310575870e-01
6.466191259999999602e+03 9.978583538433837274e-01
6.466224890000000414e+03 1.008815892631615974e+00
6.466258509999999660e+03 9.967872398223205366e-01
6.466292139999999563e+03 1.014213742030461107e+00
6.466325770000000375e+03 1.004796483506083637e+00
6.466359400000000278e+03 9.976536554846344718e-01
6.466393030000000181e+03 1.011748810787371333e+00
6.466426650000000336e+03 9.976776325340374063e-01
6.466460280000000239e+03 9.883624221696437617e-01
6.466493910000000142e+03 9.986687170118583312e-01
6.466527540000000045e+03 1.000992412007005283e+00
6.466561169999999947e+03 9.979878379870410487e-01
6.466594799999999850e+03 1.001343349441902841e+00
6.466628429999999753e+03 1.004447321950884708e+00
6.466662059999999656e+03 9.945164898158245226e-01
6.466695689999999558e+03 9.835899058147079543e-01
6.466729320000000371e+03 9.707644610988422906e-01
6.466762950000000274e+03 9.761192579962258975e-01
6.466796580000000176e+03 9.821900603402557994e-01
6.466830210000000079e+03 9.669647672745372846e-01
6.466863839999999982e+03 9.380584166057435169e-01
6.466897469999999885e+03 9.543352528331322526e-01
6.466931099999999788e+03 9.605769453832521121e-01
6.466964740000000347e+03 9.823253266563350961e-01
6.466998370000000250e+03 9.802520539007698597e-01
6.467032000000000153e+03 9.963645664626173959e-01
6.467065630000000056e+03 9.920117869559478274e-01
6.467099259999999958e+03 1.005585144465598990e+00
6.467132899999999609e+03 9.994120994194647389e-01
6.467166530000000421e+03 9.912837609915328141e-01
6.467200160000000324e+03 1.002776777834238686e+00
6.467233790000000226e+03 9.829083848031596737e-01
6.467267429999999877e+03 9.521260239591138319e-01
6.467301059999999779e+03 9.429554205929318034e-01
6.467334689999999682e+03 9.254850007186210537e-01
6.467368330000000242e+03 9.392402731578947117e-01
6.467401960000000145e+03 9.749639049875490349e-01
6.467435590000000047e+03 9.955026643101873018e-01
6.467469229999999698e+03 9.889444530451911852e-01
6.467502859999999600e+03 9.852363728241774199e-01
6.467536500000000160e+03 9.870913256179916218e-01
6.467570130000000063e+03 9.913798969955207596e-01
6.467603769999999713e+03 1.000313634813620789e+00
6.467637399999999616e+03 9.842640525536274776e-01
6.467671040000000175e+03 9.796398647563524520e-01
6.467704670000000078e+03 9.900177766081602604e-01
6.467738309999999728e+03 9.896301942279618347e-01
6.467771939999999631e+03 1.009717160597597863e+00
6.467805580000000191e+03 1.002214820561295294e+00
6.467839210000000094e+03 9.978186889363194201e-01
6.467872849999999744e+03 1.004856846924045310e+00
6.467906490000000304e+03 9.989437478668010684e-01
6.467940120000000206e+03 9.906344207977115790e-01
6.467973759999999857e+03 9.882206607114243369e-01
6.468007400000000416e+03 9.815291636524342556e-01
6.468041030000000319e+03 9.994947961054331254e-01
6.468074669999999969e+03 9.956425133227639890e-01
6.468108309999999619e+03 9.901025437405909235e-01
6.468141940000000432e+03 9.653249003750082879e-01
6.468175580000000082e+03 9.333058286783002533e-01
6.468209219999999732e+03 9.350710287623238415e-01
6.468242860000000292e+03 9.647222587970326613e-01
6.468276499999999942e+03 9.865260478105727371e-01
6.468310139999999592e+03 9.944496998505404362e-01
6.468343770000000404e+03 9.987904555501923021e-01
6.468377410000000054e+03 9.964822185745096927e-01
6.468411049999999705e+03 9.803638686950363335e-01
6.468444690000000264e+03 9.699869038956115963e-01
6.468478329999999914e+03 9.532357309912297127e-01
6.468511969999999565e+03 9.347212370531909897e-01
6.468545610000000124e+03 9.391126999850517576e-01
6.468579249999999774e+03 9.545793516583891414e-01
6.468612890000000334e+03 9.632771106540038986e-01
6.468646529999999984e+03 9.752458371230416923e-01
6.468680169999999634e+03 9.861768067069226484e-01
6.468713810000000194e+03 9.872760455063108731e-01
6.468747449999999844e+03 9.878391317262059657e-01
6.468781090000000404e+03 9.873875924445079111e-01
6.468814730000000054e+03 9.896357289178396854e-01
6.468848369999999704e+03 9.871624422367575313e-01
6.468882010000000264e+03 9.887813401305700634e-01
6.468915659999999662e+03 9.900069931984262217e-01
6.468949300000000221e+03 9.773152839494975153e-01
6.468982939999999871e+03 9.746211693775417295e-01
6.469016580000000431e+03 9.783244031731299639e-01
6.469050220000000081e+03 9.774583085035694063e-01
6.469083870000000388e+03 9.819607725162552425e-01
6.469117510000000038e+03 9.833363555984997451e-01
6.469151149999999689e+03 9.980237100416472495e-01
6.469184790000000248e+03 1.002603056746316668e+00
6.469218439999999646e+03 9.902537218279676701e-01
6.469252080000000205e+03 9.934133025827821539e-01
6.469285719999999856e+03 9.891372219388226972e-01
6.469319370000000163e+03 9.928962361207809284e-01
6.469353009999999813e+03 9.911897233132066498e-01
6.469386660000000120e+03 9.852244295911410932e-01
6.469420299999999770e+03 9.825417376722195284e-01
6.469453940000000330e+03 9.817214323281487909e-01
6.469487589999999727e+03 9.844964352455650713e-01
6.469521230000000287e+03 9.902455581942712914e-01
6.469554879999999685e+03 9.931270613474255660e-01
6.469588520000000244e+03 9.958016139646626019e-01
6.469622169999999642e+03 1.000365764784948208e+00
6.469655810000000201e+03 9.925008467608610330e-01
6.469689459999999599e+03 9.782983886205522950e-01
6.469723109999999906e+03 9.803109857208968103e-01
6.469756749999999556e+03 9.862375413399555590e-01
6.469790399999999863e+03 9.864462151714525895e-01
6.469824040000000423e+03 9.842457005197745579e-01
6.469857689999999820e+03 9.904281239686475447e-01
6.469891340000000127e+03 9.907226751852847846e-01
6.469924979999999778e+03 9.567077674638259088e-01
6.469958630000000085e+03 9.213075844213410859e-01
6.469992280000000392e+03 9.198468345116881384e-01
6.470025929999999789e+03 9.594520931601377978e-01
6.470059570000000349e+03 9.886640263077673962e-01
6.470093219999999747e+03 9.844569625133048341e-01
6.470126870000000054e+03 9.866697407483211446e-01
6.470160520000000361e+03 9.866669021429747000e-01
6.470194160000000011e+03 9.637905146312298887e-01
6.470227810000000318e+03 8.874080433793953837e-01
6.470261459999999715e+03 8.603312477712838913e-01
6.470295110000000022e+03 9.094093891916441574e-01
6.470328760000000329e+03 9.602694640427662520e-01
6.470362409999999727e+03 9.862627514041285570e-01
6.470396060000000034e+03 9.716063879508913814e-01
6.470429710000000341e+03 9.806066060693033881e-01
6.470463359999999739e+03 9.859390862664763056e-01
6.470497010000000046e+03 9.968957753660911969e-01
6.470530660000000353e+03 9.673778753006976316e-01
6.470564309999999750e+03 9.451391740936894159e-01
6.470597960000000057e+03 9.141118677677980697e-01
6.470631610000000364e+03 9.197395434411925752e-01
6.470665259999999762e+03 9.447127185911754488e-01
6.470698910000000069e+03 9.590286355130479556e-01
6.470732560000000376e+03 9.784174823883112770e-01
6.470766209999999774e+03 9.874925355406232175e-01
6.470799860000000081e+03 9.848679142312726231e-01
6.470833510000000388e+03 9.950734069604942889e-01
6.470867159999999785e+03 1.004552212106086362e+00
6.470900819999999840e+03 1.004780787724620206e+00
6.470934470000000147e+03 9.949852330942643430e-01
6.470968120000000454e+03 9.920418736148713945e-01
6.471001769999999851e+03 9.983540086276180281e-01
6.471035429999999906e+03 9.935901938987571347e-01
6.471069080000000213e+03 9.887773437626397044e-01
6.471102729999999610e+03 9.929981809200362219e-01
6.471136379999999917e+03 1.003093429637507139e+00
6.471170039999999972e+03 1.001325329351985705e+00
6.471203690000000279e+03 1.000489248513019236e+00
6.471237350000000333e+03 1.013719064657337299e+00
6.471270999999999731e+03 1.001072069888328420e+00
6.471304650000000038e+03 9.875805177979440908e-01
6.471338310000000092e+03 9.924341141904815533e-01
6.471371960000000399e+03 1.001652674037666113e+00
6.471405620000000454e+03 1.000640410675951220e+00
6.471439269999999851e+03 9.847782616575301295e-01
6.471472929999999906e+03 9.802985185492227860e-01
6.471506580000000213e+03 9.886779048400254899e-01
6.471540240000000267e+03 9.847816828305155923e-01
6.471573889999999665e+03 9.924425677329432594e-01
6.471607549999999719e+03 9.968478909671698585e-01
6.471641200000000026e+03 9.803099100186458692e-01
6.471674860000000081e+03 9.846874095809164951e-01
6.471708510000000388e+03 1.011149710328308693e+00
6.471742170000000442e+03 9.949410052672471583e-01
6.471775829999999587e+03 9.782794128728958816e-01
6.471809479999999894e+03 9.830193518964521759e-01
6.471843139999999948e+03 9.906079016239393020e-01
6.471876800000000003e+03 1.011381111302108726e+00
6.471910450000000310e+03 9.882016550189092197e-01
6.471944110000000364e+03 1.006813946928933223e+00
6.471977770000000419e+03 1.014287060830565412e+00
6.472011429999999564e+03 1.005984561877740768e+00
6.472045079999999871e+03 9.925836033697260641e-01
6.472078739999999925e+03 1.005639167986508653e+00
6.472112399999999980e+03 1.001067326060448792e+00
6.472146060000000034e+03 1.002624598970579095e+00
6.472179720000000088e+03 9.943683499831030836e-01
6.472213380000000143e+03 1.002096713831435171e+00
6.472247030000000450e+03 1.000416632913430970e+00
6.472280689999999595e+03 1.003593319642468229e+00
6.472314349999999649e+03 1.004675524341871018e+00
6.472348009999999704e+03 9.996240094618179528e-01
6.472381669999999758e+03 1.003645730964636718e+00
6.472415329999999813e+03 1.005395718793304694e+00
6.472448989999999867e+03 9.944609709464401481e-01
6.472482649999999921e+03 9.920805880644250063e-01
6.472516309999999976e+03 9.967202940899844155e-01
6.472549970000000030e+03 1.002630236638265115e+00
6.472583630000000085e+03 1.007808867394535124e+00
6.472617290000000139e+03 1.004797572243744108e+00
6.472650950000000194e+03 9.998494285876516896e-01
6.472684619999999995e+03 1.001125253317580066e+00
6.472718280000000050e+03 1.004458991674966661e+00
6.472751940000000104e+03 9.923740658240449708e-01
6.472785600000000159e+03 9.778780316399295902e-01
6.472819260000000213e+03 9.842212403836770873e-01
6.472852920000000267e+03 9.921675002319075842e-01
6.472886590000000069e+03 1.000822714062206353e+00
6.472920250000000124e+03 1.002248626347870264e+00
6.472953910000000178e+03 9.830248507728046592e-01
6.472987570000000233e+03 9.812456069012630566e-01
6.473021240000000034e+03 9.409440168071621091e-01
6.473054900000000089e+03 8.919714925230735059e-01
6.473088560000000143e+03 8.523866390694078143e-01
6.473122229999999945e+03 8.871034523939768102e-01
6.473155889999999999e+03 9.157185477091097647e-01
6.473189550000000054e+03 9.291199101384787218e-01
6.473223219999999856e+03 9.265009816926168540e-01
6.473256879999999910e+03 9.262508985926182214e-01
6.473290549999999712e+03 9.607884640974837520e-01
6.473324209999999766e+03 9.847728069434802389e-01
6.473357879999999568e+03 9.886971833723890990e-01
6.473391539999999623e+03 9.883533262620334270e-01
6.473425210000000334e+03 9.836779102042815248e-01
6.473458870000000388e+03 9.916080323782157091e-01
6.473492540000000190e+03 9.999063768582944212e-01
6.473526200000000244e+03 9.835280294134752799e-01
6.473559870000000046e+03 9.975044276073110616e-01
6.473593530000000101e+03 9.780444470717979399e-01
6.473627199999999903e+03 9.885543694259462111e-01
6.473660869999999704e+03 9.830524403806971678e-01
6.473694529999999759e+03 9.545380229067275124e-01
6.473728199999999561e+03 9.267417445364493078e-01
6.473761870000000272e+03 8.531020718969536398e-01
6.473795530000000326e+03 8.222363701604860076e-01
6.473829200000000128e+03 8.633148250337852048e-01
6.473862869999999930e+03 9.268182945079006529e-01
6.473896529999999984e+03 9.577999737557607585e-01
6.473930199999999786e+03 9.782148555611647200e-01
6.473963869999999588e+03 9.871925936782858235e-01
6.473997540000000299e+03 9.937751152654592524e-01
6.474031210000000101e+03 9.911044626651493994e-01
6.474064870000000155e+03 9.862663101434216983e-01
6.474098539999999957e+03 9.958384510370481557e-01
6.474132209999999759e+03 9.950530517610733927e-01
6.474165879999999561e+03 9.885015876195427653e-01
6.474199550000000272e+03 9.936814099272602840e-01
6.474233220000000074e+03 9.830862123023321741e-01
6.474266889999999876e+03 9.726194444207707512e-01
6.474300559999999678e+03 9.970939906455263957e-01
6.474334230000000389e+03 9.956371496643082741e-01
6.474367900000000191e+03 9.826006997982681401e-01
6.474401569999999992e+03 9.907130379219077909e-01
6.474435239999999794e+03 9.833861751899429793e-01
6.474468909999999596e+03 9.835100864514122465e-01
6.474502580000000307e+03 9.824090872933718410e-01
6.474536250000000109e+03 9.827104848087258038e-01
6.474569919999999911e+03 9.937046110784960584e-01
6.474603589999999713e+03 9.862453677039821898e-01
6.474637260000000424e+03 9.890255047481650852e-01
6.474670930000000226e+03 9.854828127152804873e-01
6.474704609999999775e+03 9.548514568027078875e-01
6.474738279999999577e+03 9.400036278951527935e-01
6.474771950000000288e+03 9.557347014335118018e-01
6.474805620000000090e+03 9.623960391775285839e-01
6.474839289999999892e+03 9.712234829337226261e-01
6.474872970000000350e+03 9.732404176143216734e-01
6.474906640000000152e+03 9.905976112791043953e-01
6.474940309999999954e+03 9.977676389174982008e-01
6.474973979999999756e+03 9.828806411685577782e-01
6.475007660000000214e+03 9.815639392548540787e-01
6.475041330000000016e+03 9.918061735732273121e-01
6.475074999999999818e+03 9.851529474832241284e-01
6.475108680000000277e+03 9.859744198706346108e-01
6.475142350000000079e+03 9.794778706165055970e-01
6.475176029999999628e+03 9.705826632424504607e-01
6.475209700000000339e+03 9.777958049408396191e-01
6.475243379999999888e+03 9.793542518611293435e-01
6.475277049999999690e+03 9.819531220555484108e-01
6.475310720000000401e+03 9.863070601826325889e-01
6.475344399999999951e+03 9.659855558676038179e-01
6.475378069999999752e+03 9.890283967103432605e-01
6.475411750000000211e+03 9.930569388160913613e-01
6.475445429999999760e+03 9.810657753004735637e-01
6.475479099999999562e+03 9.835876368146005966e-01
6.475512780000000021e+03 9.697722929968141115e-01
6.475546449999999822e+03 9.689056716898896138e-01
6.475580130000000281e+03 9.546319434835313089e-01
6.475613809999999830e+03 9.052674107243410262e-01
6.475647479999999632e+03 8.116669253191813871e-01
6.475681160000000091e+03 7.727648266438992275e-01
6.475714839999999640e+03 8.385024296060944460e-01
6.475748510000000351e+03 8.603907009703167796e-01
6.475782189999999900e+03 7.913903127274085625e-01
6.475815870000000359e+03 7.372131859053068226e-01
6.475849549999999908e+03 7.869376220194015392e-01
6.475883219999999710e+03 8.779763212688912466e-01
6.475916900000000169e+03 9.466517100512849003e-01
6.475950579999999718e+03 9.726865453656148297e-01
6.475984260000000177e+03 9.819712470413194394e-01
6.476017939999999726e+03 9.827822843764244531e-01
6.476051610000000437e+03 9.816908130674030231e-01
6.476085289999999986e+03 9.727560286232167508e-01
6.476118970000000445e+03 9.621314531477327403e-01
6.476152649999999994e+03 9.759348260651889984e-01
6.476186330000000453e+03 9.691721635020337233e-01
6.476220010000000002e+03 9.729894056505000721e-01
6.476253689999999551e+03 9.538235296057417933e-01
6.476287370000000010e+03 9.555550063887296997e-01
6.476321049999999559e+03 9.478674173648353740e-01
6.476354730000000018e+03 8.853784282402487049e-01
6.476388409999999567e+03 7.666846971352869744e-01
6.476422090000000026e+03 6.544380713584403431e-01
6.476455769999999575e+03 6.618543855508295382e-01
6.476489450000000033e+03 7.908980935978875415e-01
6.476523129999999583e+03 9.098606676808486116e-01
6.476556819999999789e+03 9.533643729338345807e-01
6.476590500000000247e+03 9.632762729220394338e-01
6.476624179999999797e+03 9.682883531799684196e-01
6.476657860000000255e+03 9.746859585257042768e-01
6.476691539999999804e+03 9.826881547390354799e-01
6.476725220000000263e+03 9.744657091571746754e-01
6.476758909999999560e+03 9.810114335044494149e-01
6.476792590000000018e+03 9.867369349943283519e-01
6.476826269999999568e+03 9.851105341849493158e-01
6.476859950000000026e+03 9.843396113704099282e-01
6.476893640000000232e+03 9.775745713999178799e-01
6.476927319999999781e+03 9.826991406342786561e-01
6.476961000000000240e+03 9.862685288138125506e-01
6.476994690000000446e+03 9.922905013220449932e-01
6.477028369999999995e+03 9.966654453450740636e-01
6.477062060000000201e+03 9.922831521266923804e-01
6.477095739999999751e+03 9.914986156475680268e-01
6.477129420000000209e+03 9.723879204327221526e-01
6.477163110000000415e+03 9.574196331023487883e-01
6.477196789999999964e+03 9.487490234153124202e-01
6.477230480000000171e+03 9.497749751240278648e-01
6.477264159999999720e+03 9.728570670465472858e-01
6.477297849999999926e+03 9.730699377995321031e-01
6.477331530000000384e+03 9.814731933999532032e-01
6.477365219999999681e+03 9.811701755886157450e-01
6.477398900000000140e+03 9.743025603653915345e-01
6.477432590000000346e+03 9.908175727493192531e-01
6.477466279999999642e+03 9.834131696547242507e-01
6.477499960000000101e+03 9.721228681454413545e-01
6.477533650000000307e+03 9.834790925809411277e-01
6.477567339999999604e+03 9.637600338348876194e-01
6.477601020000000062e+03 9.211353527208133718e-01
6.477634710000000268e+03 8.941976554975538116e-01
6.477668399999999565e+03 9.285028159327393116e-01
6.477702080000000024e+03 9.570768727039220547e-01
6.477735770000000230e+03 9.463544313869530766e-01
6.477769460000000436e+03 9.716490613497077433e-01
6.477803149999999732e+03 9.943994788376964156e-01
6.477836830000000191e+03 9.776722965832449486e-01
6.477870520000000397e+03 9.745801875143864645e-01
6.477904209999999694e+03 9.570206111246788439e-01
6.477937899999999900e+03 9.335985459054878532e-01
6.477971590000000106e+03 9.234154298684198459e-01
6.478005280000000312e+03 9.528329022884243216e-01
6.478038969999999608e+03 9.638270731191049823e-01
6.478072650000000067e+03 9.693042267801686984e-01
6.478106340000000273e+03 9.679296711569187472e-01
6.478140029999999570e+03 9.596402307625003791e-01
6.478173719999999776e+03 9.783326526785565136e-01
6.478207409999999982e+03 9.878000697795700225e-01
6.478241100000000188e+03 9.905856636767826906e-01
6.478274790000000394e+03 9.924318794496416185e-01
6.478308479999999690e+03 9.863820224483195176e-01
6.478342169999999896e+03 9.911381817145038520e-01
6.478375860000000102e+03 9.867201520042272467e-01
6.478409560000000056e+03 9.828602799060575101e-01
6.478443250000000262e+03 9.878636587053168938e-01
6.478476939999999558e+03 9.908189435514721533e-01
6.478510629999999765e+03 1.003985734699613275e+00
6.478544319999999971e+03 9.987349838486713205e-01
6.478578010000000177e+03 1.004373589161528413e+00
6.478611700000000383e+03 1.008628013532197221e+00
6.478645400000000336e+03 1.000694360765882251e+00
6.478679089999999633e+03 1.006904840269030821e+00
6.478712779999999839e+03 1.001217115712960792e+00
6.478746470000000045e+03 1.007166272779542071e+00
6.478780169999999998e+03 1.000243237636557758e+00
6.478813860000000204e+03 9.818255441239746029e-01
6.478847550000000410e+03 9.825359450297731501e-01
6.478881250000000364e+03 9.912248279233956127e-01
6.478914939999999660e+03 9.906007808290423489e-01
6.478948629999999866e+03 9.893837682331133587e-01
6.478982329999999820e+03 1.001538892013194904e+00
6.479016020000000026e+03 9.906284042594684092e-01
6.479049719999999979e+03 1.006143804307026324e+00
6.479083410000000185e+03 1.003585564912055750e+00
6.479117110000000139e+03 1.005828103562174558e+00
6.479150800000000345e+03 9.995355802237921861e-01
6.479184500000000298e+03 9.897488869867748784e-01
6.479218189999999595e+03 1.001147811227479867e+00
6.479251889999999548e+03 1.001089245935767424e+00
6.479285579999999754e+03 9.842087980689939730e-01
6.479319279999999708e+03 1.003238321917197862e+00
6.479352969999999914e+03 9.988457904026122325e-01
6.479386669999999867e+03 1.017994636000645325e+00
6.479420360000000073e+03 1.004242326783588712e+00
6.479454060000000027e+03 9.959256466199345459e-01
6.479487759999999980e+03 1.001761572964168900e+00
6.479521450000000186e+03 1.008204423587875320e+00
6.479555150000000140e+03 1.006897173578577664e+00
6.479588850000000093e+03 9.860671772953669700e-01
6.479622550000000047e+03 9.880001147684809304e-01
6.479656240000000253e+03 9.849501694049772604e-01
6.479689940000000206e+03 9.767552287476869433e-01
6.479723640000000159e+03 9.568236084188993518e-01
6.479757340000000113e+03 9.080410929515716489e-01
6.479791030000000319e+03 8.721683156506355727e-01
6.479824730000000272e+03 8.826286027057964612e-01
6.479858430000000226e+03 9.253052790889894075e-01
6.479892130000000179e+03 9.803308908022060342e-01
6.479925830000000133e+03 9.913398085857875186e-01
6.479959530000000086e+03 9.857363015719610155e-01
6.479993230000000040e+03 9.800836379335993165e-01
6.480026929999999993e+03 9.848541101039500756e-01
6.480060629999999946e+03 9.406369155889255929e-01
6.480094320000000153e+03 9.268914553379911103e-01
6.480128020000000106e+03 9.284872865513906781e-01
6.480161720000000059e+03 9.635304925015992783e-01
6.480195420000000013e+03 9.811790098700049478e-01
6.480229129999999714e+03 9.997797005344579713e-01
6.480262829999999667e+03 9.939658263751385281e-01
6.480296529999999620e+03 1.002906313946216876e+00
6.480330229999999574e+03 9.999221401466005243e-01
6.480363930000000437e+03 9.858746007100139819e-01
6.480397630000000390e+03 1.000092759168997647e+00
6.480431330000000344e+03 9.955285250917746964e-01
6.480465030000000297e+03 9.998685826669292398e-01
6.480498730000000251e+03 9.931950559942014367e-01
6.480532439999999951e+03 9.763691284631486056e-01
6.480566139999999905e+03 9.578857371795589382e-01
6.480599839999999858e+03 9.213063931006785223e-01
6.480633539999999812e+03 8.066847840922113377e-01
6.480667250000000422e+03 6.921720021324849759e-01
6.480700950000000375e+03 7.199030741363064978e-01
6.480734650000000329e+03 8.561364818218588635e-01
6.480768360000000030e+03 9.294454653757703300e-01
6.480802059999999983e+03 9.573490720737636295e-01
6.480835759999999937e+03 9.704586794047832532e-01
6.480869469999999637e+03 9.774659306361369593e-01
6.480903169999999591e+03 9.871890265621796612e-01
6.480936870000000454e+03 9.939773818664453531e-01
6.480970580000000155e+03 9.948753904724914054e-01
6.481004280000000108e+03 1.007194079265182118e+00
6.481037989999999809e+03 1.005178753925429547e+00
6.481071689999999762e+03 1.002923726909209501e+00
6.481105400000000373e+03 9.947576889006823908e-01
6.481139100000000326e+03 9.949436087265143280e-01
6.481172810000000027e+03 9.908480026023789300e-01
6.481206509999999980e+03 9.991175767596384150e-01
6.481240219999999681e+03 9.914883527166969968e-01
6.481273919999999634e+03 1.002600437739035399e+00
6.481307630000000245e+03 9.964809326358049502e-01
6.481341339999999946e+03 9.974149506029852397e-01
6.481375039999999899e+03 1.001099790382794508e+00
6.481408749999999600e+03 1.012818163831636475e+00
6.481442460000000210e+03 1.002784686824687466e+00
6.481476160000000164e+03 9.860229542792832147e-01
6.481509869999999864e+03 9.911116070412846479e-01
6.481543579999999565e+03 9.794285658724852794e-01
6.481577280000000428e+03 9.657428688494410496e-01
6.481610990000000129e+03 9.834772964459942424e-01
6.481644699999999830e+03 9.875575551694029119e-01
6.481678410000000440e+03 1.002012109133814333e+00
6.481712120000000141e+03 9.886091622325989814e-01
6.481745820000000094e+03 1.001427414607012567e+00
6.481779529999999795e+03 1.003681088830385981e+00
6.481813240000000405e+03 9.957442788271027023e-01
6.481846950000000106e+03 1.002631417403500036e+00
6.481880659999999807e+03 9.959995803223966604e-01
6.481914370000000417e+03 1.013909103069041251e+00
6.481948080000000118e+03 9.939562468756723002e-01
6.481981789999999819e+03 9.906816427886921961e-01
6.482015500000000429e+03 1.002328897656128648e+00
6.482049210000000130e+03 9.849720249599287492e-01
6.482082919999999831e+03 9.997361335482674027e-01
6.482116630000000441e+03 1.005459829120650017e+00
6.482150340000000142e+03 1.005394146990594928e+00
6.482184049999999843e+03 9.978891909348956979e-01
6.482217760000000453e+03 9.845317413210725732e-01
6.482251470000000154e+03 9.472985867872137922e-01
6.482285179999999855e+03 9.406407536441691031e-01
6.482318889999999556e+03 9.625337096809951642e-01
6.482352600000000166e+03 9.819795898923807664e-01
6.482386309999999867e+03 9.923574350118165022e-01
6.482420030000000224e+03 1.006874167639482787e+00
6.482453739999999925e+03 1.004863127416699697e+00
6.482487449999999626e+03 1.001343295237755227e+00
6.482521160000000236e+03 1.007194262140440166e+00
6.482554869999999937e+03 1.002222156281630694e+00
6.482588590000000295e+03 9.953182931605747408e-01
6.482622299999999996e+03 9.858834106179862333e-01
6.482656009999999696e+03 9.931659234167294903e-01
6.482689730000000054e+03 1.002690496931211817e+00
6.482723439999999755e+03 1.019963579613154092e+00
6.482757150000000365e+03 1.002766508784254551e+00
6.482790869999999813e+03 1.015174666349446975e+00
6.482824580000000424e+03 9.988029574250021358e-01
6.482858290000000125e+03 9.902081172685480714e-01
6.482892009999999573e+03 1.007770102343266805e+00
6.482925720000000183e+03 9.979628421165537278e-01
6.482959439999999631e+03 1.002770865244147158e+00
6.482993150000000242e+03 1.006824536316524243e+00
6.483026869999999690e+03 1.002939818969872388e+00
6.483060580000000300e+03 1.017195013150415273e+00
6.483094299999999748e+03 1.016764940498686709e+00
6.483128010000000359e+03 1.016264458671644055e+00
6.483161729999999807e+03 1.015757013979118772e+00
6.483195440000000417e+03 1.015249660387459452e+00
6.483229159999999865e+03 1.014749443538571549e+00
6.483262880000000223e+03 9.941645423832683459e-01
6.483296589999999924e+03 9.960967869978875067e-01
6.483330310000000281e+03 9.872642366769025513e-01
6.483364029999999730e+03 1.010620476838910209e+00
6.483397740000000340e+03 1.018502672345690918e+00
6.483431459999999788e+03 1.007477984210870980e+00
6.483465180000000146e+03 9.930345059461902490e-01
6.483498899999999594e+03 9.987456746506093719e-01
6.483532610000000204e+03 9.970338254860586780e-01
6.483566329999999653e+03 9.815194036567901348e-01
6.483600050000000010e+03 9.896064048660506707e-01
6.483633770000000368e+03 1.001930018734183969e+00
6.483667480000000069e+03 9.909275986297634287e-01
6.483701200000000426e+03 9.839293326187753541e-01
6.483734919999999875e+03 9.637986074675066739e-01
6.483768640000000232e+03 9.347298690272357602e-01
6.483802359999999680e+03 8.541255327695234101e-01
6.483836080000000038e+03 7.409977196380826969e-01
6.483869800000000396e+03 6.990522240622283334e-01
6.483903519999999844e+03 7.836084527361321106e-01
6.483937240000000202e+03 8.844822449396257946e-01
6.483970959999999650e+03 9.398331652206769471e-01
6.484004680000000008e+03 9.571266649774493596e-01
6.484038400000000365e+03 9.729680139446194032e-01
6.484072119999999813e+03 9.831772826341965699e-01
6.484105840000000171e+03 9.968615931652899942e-01
6.484139559999999619e+03 9.931988567449278049e-01
6.484173279999999977e+03 9.937443259402933826e-01
6.484207000000000335e+03 9.879460392799674917e-01
6.484240719999999783e+03 9.782852094216426542e-01
6.484274440000000141e+03 9.492548677934411483e-01
6.484308159999999589e+03 9.275835935062344273e-01
6.484341889999999694e+03 8.967353065249442645e-01
6.484375610000000052e+03 8.681358253170564643e-01
6.484409330000000409e+03 8.740392013611760769e-01
6.484443049999999857e+03 9.004114667992972887e-01
6.484476779999999962e+03 8.995623770885309289e-01
6.484510500000000320e+03 8.624138194843042893e-01
6.484544219999999768e+03 8.394963756085603857e-01
6.484577940000000126e+03 8.621682567887769544e-01
6.484611670000000231e+03 9.010513386746344944e-01
6.484645389999999679e+03 9.398144180363732225e-01
6.484679110000000037e+03 9.671519684179974430e-01
6.484712840000000142e+03 9.825989144803946029e-01
6.484746559999999590e+03 9.796638899573416603e-01
6.484780289999999695e+03 9.875480650499789403e-01
6.484814010000000053e+03 1.001056784255563104e+00
6.484847730000000411e+03 9.984461915151966460e-01
6.484881459999999606e+03 9.966603344507223294e-01
6.484915179999999964e+03 9.951917372211600554e-01
6.484948910000000069e+03 9.891278124023751284e-01
6.484982630000000427e+03 9.949683493930763234e-01
6.485016359999999622e+03 1.001386886667623211e+00
6.485050079999999980e+03 9.905798393926457113e-01
6.485083810000000085e+03 9.887874619472470927e-01
6.485117540000000190e+03 9.905897046725531396e-01
6.485151259999999638e+03 9.896644105114356105e-01
6.485184989999999743e+03 9.957872745425730976e-01
6.485218710000000101e+03 9.759169441639350406e-01
6.485252440000000206e+03 9.446641643969075908e-01
6.485286170000000311e+03 9.388549848410571164e-01
6.485319889999999759e+03 9.606177794340111653e-01
6.485353619999999864e+03 9.830501445593672338e-01
6.485387349999999969e+03 9.891945824664308828e-01
6.485421080000000075e+03 1.006411484298326275e+00
6.485454800000000432e+03 1.004049115738722797e+00
6.485488529999999628e+03 9.966052418025878046e-01
6.485522259999999733e+03 1.000741280856883186e+00
6.485555989999999838e+03 1.007724768977678487e+00
6.485589719999999943e+03 1.013834378177813855e+00
6.485623440000000301e+03 9.989129762245582134e-01
6.485657170000000406e+03 1.000483869361387557e+00
6.485690899999999601e+03 1.008017397646051139e+00
6.485724629999999706e+03 9.952247538734330101e-01
6.485758359999999811e+03 9.983957690417702979e-01
6.485792089999999916e+03 1.006197350078527508e+00
6.485825820000000022e+03 1.008395905779604806e+00
6.485859550000000127e+03 1.009241340500272477e+00
6.485893280000000232e+03 1.001594112009641657e+00
6.485927010000000337e+03 1.001213372755682229e+00
6.485960740000000442e+03 1.012919896062945524e+00
6.485994469999999637e+03 1.004892326806261948e+00
6.486028199999999742e+03 9.997474373543265846e-01
6.486061929999999847e+03 9.994234055555993868e-01
6.486095659999999953e+03 9.812470658561278647e-01
6.486129390000000058e+03 9.477345095745125514e-01
6.486163120000000163e+03 9.287618807626288886e-01
6.486196850000000268e+03 9.366771692558427675e-01
6.486230590000000120e+03 9.674983335073368274e-01
6.486264320000000225e+03 9.728695012797290431e-01
6.486298050000000330e+03 9.624181174526941218e-01
6.486331780000000435e+03 9.858181058304248401e-01
6.486365509999999631e+03 9.840499572182161980e-01
6.486399250000000393e+03 9.975195849087553635e-01
6.486432979999999588e+03 1.018023196907575922e+00
6.486466709999999694e+03 1.007099992734667548e+00
6.486500439999999799e+03 1.000335157678715170e+00
6.486534179999999651e+03 9.995611852872849923e-01
6.486567909999999756e+03 1.013517627842299484e+00
6.486601639999999861e+03 1.007641069071754325e+00
6.486635379999999714e+03 9.933351317901727429e-01
6.486669109999999819e+03 1.004268262541972989e+00
6.486702849999999671e+03 9.954105797033677705e-01
6.486736579999999776e+03 9.941437123205894011e-01
6.486770309999999881e+03 1.016706474373477054e+00
6.486804049999999734e+03 1.005128446538017695e+00
6.486837779999999839e+03 1.002783473076802379e+00
6.486871519999999691e+03 1.008304275438338893e+00
6.486905249999999796e+03 1.003830924281661430e+00
6.486938989999999649e+03 1.020086253505872342e+00
6.486972719999999754e+03 1.021907088371630579e+00
6.487006459999999606e+03 1.021289342802129241e+00
6.487040200000000368e+03 1.000725257443675353e+00
6.487073929999999564e+03 9.952725373595843195e-01
6.487107670000000326e+03 1.001364890311411404e+00
6.487141400000000431e+03 1.021744182883162155e+00
6.487175140000000283e+03 1.005218871073563669e+00
6.487208880000000136e+03 1.005842064605409591e+00
6.487242610000000241e+03 1.003032808940467202e+00
6.487276350000000093e+03 1.009534482321629012e+00
6.487310089999999946e+03 9.787222204455956476e-01
6.487343829999999798e+03 9.264052006867596889e-01
6.487377559999999903e+03 8.563329559019157156e-01
6.487411299999999756e+03 8.360857169629195562e-01
6.487445039999999608e+03 9.034085058132336199e-01
6.487478780000000370e+03 1.009702933257824231e+00
6.487512520000000222e+03 1.061541395085381367e+00
6.487546250000000327e+03 1.022461207993605070e+00
6.487579990000000180e+03 1.003934430638674158e+00
6.487613730000000032e+03 1.020523688837914555e+00
6.487647469999999885e+03 1.022043205714046055e+00
6.487681209999999737e+03 1.008154466390807746e+00
6.487714949999999590e+03 1.011739373231231420e+00
6.487748690000000352e+03 1.022767829895159020e+00
6.487782430000000204e+03 1.027854375362086792e+00
6.487816170000000056e+03 1.017426702650800374e+00
6.487849909999999909e+03 1.017607468318991959e+00
6.487883649999999761e+03 1.029672653712937702e+00
6.487917389999999614e+03 1.008347547854725468e+00
6.487951130000000376e+03 9.959109883480556924e-01
6.487984870000000228e+03 9.947033440465280485e-01
6.488018610000000081e+03 9.958078304805525471e-01
6.488052349999999933e+03 1.015500631446852431e+00
6.488086089999999786e+03 1.019551893296231748e+00
6.488119829999999638e+03 1.006734841626250043e+00
6.488153580000000147e+03 9.924585747251886136e-01
6.488187320000000000e+03 9.784712522869051243e-01
6.488221059999999852e+03 1.010359969194964957e+00
6.488254799999999705e+03 1.021242420928616834e+00
6.488288539999999557e+03 1.014360928822612085e+00
6.488322290000000066e+03 1.016058446742894805e+00
6.488356029999999919e+03 1.005405614121627877e+00
6.488389769999999771e+03 1.029633095377066931e+00
6.488423520000000281e+03 1.017351967582816652e+00
6.488457260000000133e+03 1.020692395815534503e+00
6.488490999999999985e+03 1.019859636833438943e+00
6.488524749999999585e+03 1.019661412045841820e+00
6.488558490000000347e+03 1.009255450250670094e+00
6.488592230000000200e+03 9.917363538926483590e-01
6.488625979999999799e+03 9.584187752096436919e-01
6.488659719999999652e+03 9.453899712400192223e-01
6.488693470000000161e+03 9.888861816372113145e-01
6.488727210000000014e+03 1.022964476236323694e+00
6.488760949999999866e+03 1.031001087496749236e+00
6.488794700000000375e+03 1.029717902027273313e+00
6.488828440000000228e+03 1.016485090070013753e+00
6.488862189999999828e+03 1.018318060019336446e+00
6.488895940000000337e+03 1.022971163142561979e+00
6.488929680000000189e+03 1.026002886551281801e+00
6.488963429999999789e+03 1.039454879280359512e+00
6.488997169999999642e+03 1.027103364466987578e+00
6.489030920000000151e+03 1.017896174030161305e+00
6.489064669999999751e+03 1.020420659223504556e+00
6.489098409999999603e+03 1.018115758841615870e+00
6.489132160000000113e+03 1.035291228636459726e+00
6.489165909999999712e+03 1.050951190610834862e+00
6.489199649999999565e+03 1.033650240348210625e+00
6.489233400000000074e+03 1.035886283440192290e+00
6.489267149999999674e+03 1.033271603821763085e+00
6.489300890000000436e+03 1.024769631165078909e+00
6.489334640000000036e+03 1.031490187883995713e+00
6.489368389999999636e+03 1.033853534967027255e+00
6.489402140000000145e+03 1.037620127616810883e+00
6.489435889999999745e+03 1.028067662826055439e+00
6.489469629999999597e+03 1.017774766216462234e+00
6.489503380000000107e+03 1.026089494402000701e+00
6.489537129999999706e+03 1.012313328729407269e+00
6.489570880000000216e+03 1.025514776705076070e+00
6.489604629999999815e+03 1.028407639485106051e+00
6.489638380000000325e+03 1.014173050885958549e+00
6.489672129999999925e+03 9.903766588106857061e-01
6.489705880000000434e+03 9.553117608598034050e-01
6.489739630000000034e+03 8.999380495244905243e-01
6.489773379999999634e+03 9.154173212394739467e-01
6.489807130000000143e+03 9.632285753087578284e-01
6.489840879999999743e+03 1.003848081497488831e+00
6.489874630000000252e+03 1.006191581408462765e+00
6.489908379999999852e+03 1.012272664153371471e+00
6.489942130000000361e+03 1.030208142780981717e+00
6.489975879999999961e+03 1.029068547705697112e+00
6.490009629999999561e+03 1.023697808897905404e+00
6.490043389999999818e+03 1.024490567656893392e+00
6.490077140000000327e+03 1.025071857704619172e+00
6.490110889999999927e+03 1.020956466061704759e+00
6.490144640000000436e+03 1.021016029376341061e+00
6.490178390000000036e+03 1.020814739477569733e+00
6.490212139999999636e+03 1.018547166420935346e+00
6.490245899999999892e+03 1.024841285502900989e+00
6.490279650000000402e+03 1.009342853327094502e+00
6.490313400000000001e+03 1.018422328498326257e+00
6.490347160000000258e+03 1.030936408255995085e+00
6.490380909999999858e+03 1.030078421188898030e+00
6.490414660000000367e+03 1.025714916793854181e+00
6.490448419999999714e+03 1.017690642566605241e+00
6.490482170000000224e+03 1.025591563002079321e+00
6.490515919999999824e+03 1.017820575255867332e+00
6.490549680000000080e+03 1.030637139101785893e+00
6.490583429999999680e+03 1.039856565996539750e+00
6.490617189999999937e+03 1.032190578783987567e+00
6.490650940000000446e+03 1.031951284654174961e+00
6.490684699999999793e+03 1.037580076389274852e+00
6.490718450000000303e+03 1.036247062935075292e+00
6.490752209999999650e+03 1.036211610548773532e+00
6.490785960000000159e+03 1.040993398579060925e+00
6.490819720000000416e+03 1.035575691973898538e+00
6.490853470000000016e+03 1.030439814159270551e+00
6.490887230000000272e+03 1.028125054425324425e+00
6.490920979999999872e+03 1.049072750457219927e+00
6.490954740000000129e+03 1.048817234824064304e+00
6.490988500000000386e+03 1.042368357791277678e+00
6.491022249999999985e+03 1.046485599911265885e+00
6.491056010000000242e+03 1.040995464264493853e+00
6.491089769999999589e+03 1.049760669490571896e+00
6.491123520000000099e+03 1.032264470628320385e+00
6.491157280000000355e+03 1.026152738853353785e+00
6.491191039999999703e+03 1.027228576104256774e+00
6.491224799999999959e+03 1.026512498813060947e+00
6.491258549999999559e+03 1.026028951838845238e+00
6.491292309999999816e+03 1.004037823963126685e+00
6.491326070000000072e+03 9.544161455963373619e-01
6.491359830000000329e+03 8.432484206500302504e-01
6.491393589999999676e+03 7.159405579864994706e-01
6.491427340000000186e+03 6.902796095169958512e-01
6.491461100000000442e+03 8.261403106675233587e-01
6.491494859999999790e+03 9.377143712676397902e-01
6.491528620000000046e+03 9.910719014617446199e-01
6.491562380000000303e+03 9.998480350334673084e-01
6.491596139999999650e+03 1.024883428950801978e+00
6.491629899999999907e+03 1.033440448098728703e+00
6.491663660000000164e+03 1.035204218020848499e+00
6.491697420000000420e+03 1.038949921128550002e+00
6.491731179999999767e+03 1.028488604498611236e+00
6.491764940000000024e+03 1.036430953083813611e+00
6.491798700000000281e+03 1.027951334062943367e+00
6.491832459999999628e+03 1.031914732254356259e+00
6.491866219999999885e+03 1.044624821688216132e+00
6.491899980000000141e+03 1.054520095674679636e+00
6.491933740000000398e+03 1.051908411167457924e+00
6.491967510000000402e+03 1.039547925656275629e+00
6.492001269999999749e+03 1.039524580170003265e+00
6.492035030000000006e+03 1.041885214656715242e+00
6.492068790000000263e+03 1.037805378931837996e+00
6.492102549999999610e+03 1.040165515050726519e+00
6.492136319999999614e+03 1.039506338461740231e+00
6.492170079999999871e+03 1.050521023413504951e+00
6.492203840000000127e+03 1.046242718888155565e+00
6.492237600000000384e+03 1.046485675855346020e+00
6.492271370000000388e+03 1.053746872476152285e+00
6.492305129999999735e+03 1.033103211374054364e+00
6.492338889999999992e+03 1.023505575675029533e+00
6.492372659999999996e+03 1.033587507778202408e+00
6.492406420000000253e+03 1.038414146530405757e+00
6.492440179999999600e+03 1.039290479559318525e+00
6.492473949999999604e+03 1.033529161435220223e+00
6.492507709999999861e+03 1.041550232970853473e+00
6.492541479999999865e+03 1.027352523030323539e+00
6.492575240000000122e+03 1.033130057581016281e+00
6.492609010000000126e+03 1.041397119566095153e+00
6.492642770000000382e+03 1.030154294706582929e+00
6.492676540000000386e+03 1.032630026553201352e+00
6.492710299999999734e+03 1.029864924201341569e+00
6.492744069999999738e+03 1.031585445079823637e+00
6.492777829999999994e+03 1.040570430199651675e+00
6.492811599999999999e+03 1.039363326506557605e+00
6.492845360000000255e+03 1.036075356459602359e+00
6.492879130000000259e+03 1.038344931233181390e+00
6.492912900000000263e+03 1.032609172693171207e+00
6.492946659999999611e+03 1.027204755438132056e+00
6.492980429999999615e+03 1.034805520877326135e+00
6.493014199999999619e+03 1.040057349046651813e+00
6.493047959999999875e+03 1.025963412204536906e+00
6.493081729999999880e+03 1.021736064209266548e+00
6.493115499999999884e+03 1.036634976537011754e+00
6.493149269999999888e+03 1.043169148731704521e+00
6.493183030000000144e+03 1.051064051528490806e+00
6.493216800000000148e+03 1.049310997872264117e+00
6.493250570000000153e+03 1.041718496985696518e+00
6.493284340000000157e+03 1.032884739749011072e+00
6.493318110000000161e+03 1.034361049573546021e+00
6.493351880000000165e+03 1.029603131565350216e+00
6.493385640000000421e+03 1.006778125949456815e+00
6.493419410000000425e+03 9.913014101263580846e-01
6.493453180000000430e+03 9.497193477392644745e-01
6.493486950000000434e+03 8.496447560858746417e-01
6.493520720000000438e+03 7.794781003528042929e-01
6.493554490000000442e+03 7.805398242513504892e-01
6.493588260000000446e+03 8.962988149531243565e-01
6.493622030000000450e+03 9.541424422284138229e-01
6.493655800000000454e+03 1.006427953602515357e+00
6.493689569999999549e+03 1.025141620829367550e+00
6.493723339999999553e+03 1.023082349683850145e+00
6.493757109999999557e+03 1.034017655760673282e+00
6.493790879999999561e+03 1.001265826591967167e+00
6.493824649999999565e+03 9.615839209299686940e-01
6.493858430000000226e+03 9.576986624668346604e-01
6.493892200000000230e+03 9.758036590421649281e-01
6.493925970000000234e+03 1.009665381109291715e+00
6.493959740000000238e+03 1.024342126176799539e+00
6.493993510000000242e+03 1.041034496510377494e+00
6.494027280000000246e+03 1.041856525273056944e+00
6.494061059999999998e+03 1.038300296406987400e+00
6.494094830000000002e+03 1.045001359662915741e+00
6.494128600000000006e+03 1.049396715276161185e+00
6.494162379999999757e+03 1.043739040618112179e+00
6.494196149999999761e+03 1.041246503927066636e+00
6.494229919999999765e+03 1.035489992117408553e+00
6.494263689999999769e+03 1.038911439968768002e+00
6.494297470000000430e+03 1.038610627742197590e+00
6.494331240000000435e+03 1.042087795869223843e+00
6.494365020000000186e+03 1.048102139475970418e+00
6.494398790000000190e+03 1.052212885366887507e+00
6.494432560000000194e+03 1.042684382556630096e+00
6.494466339999999946e+03 1.042220187654225194e+00
6.494500109999999950e+03 1.047697424127725929e+00
6.494533889999999701e+03 1.044441614523966999e+00
6.494567659999999705e+03 1.052666794800495298e+00
6.494601440000000366e+03 1.045999385543147531e+00
6.494635210000000370e+03 1.044941942205177110e+00
6.494668990000000122e+03 1.051495600811330533e+00
6.494702760000000126e+03 1.037886239994600057e+00
6.494736539999999877e+03 1.050401221115202732e+00
6.494770319999999629e+03 1.036517126047947768e+00
6.494804089999999633e+03 1.030399085804581061e+00
6.494837870000000294e+03 1.043370721607624452e+00
6.494871650000000045e+03 1.040824928990522258e+00
6.494905420000000049e+03 1.036094614321750429e+00
6.494939199999999801e+03 1.031857500938962557e+00
6.494972979999999552e+03 1.013528095360906711e+00
6.495006749999999556e+03 9.927754900941871963e-01
6.495040530000000217e+03 9.840648684162245363e-01
6.495074309999999969e+03 1.002191218849262766e+00
6.495108089999999720e+03 1.018491700260522714e+00
6.495141859999999724e+03 1.028788581434290084e+00
6.495175640000000385e+03 1.024670400303476780e+00
6.495209420000000136e+03 1.023764674194281854e+00
6.495243199999999888e+03 1.029100419938539401e+00
6.495276979999999639e+03 1.038274963004999663e+00
6.495310760000000300e+03 1.037044193391750246e+00
6.495344540000000052e+03 1.040342687888703432e+00
6.495378310000000056e+03 1.055016932047552869e+00
6.495412089999999807e+03 1.044550566387600465e+00
6.495445869999999559e+03 1.041677599817119271e+00
6.495479650000000220e+03 1.032986601977308627e+00
6.495513429999999971e+03 1.037403438157580071e+00
6.495547209999999723e+03 1.034262514967875468e+00
6.495580990000000384e+03 1.029889002934678777e+00
6.495614770000000135e+03 1.040699648053531101e+00
6.495648549999999886e+03 1.043600667756664269e+00
6.495682329999999638e+03 1.039085678937860857e+00
6.495716120000000046e+03 1.027993311586681946e+00
6.495749899999999798e+03 1.027752995859257057e+00
6.495783679999999549e+03 1.051574144358619733e+00
6.495817460000000210e+03 1.046347257386018192e+00
6.495851239999999962e+03 1.034557883989806637e+00
6.495885019999999713e+03 1.029690400723909161e+00
6.495918800000000374e+03 1.035370288893848079e+00
6.495952589999999873e+03 1.045992181470434268e+00
6.495986369999999624e+03 1.043362943410365506e+00
6.496020150000000285e+03 1.035277378120618597e+00
6.496053930000000037e+03 1.032507329648689742e+00
6.496087720000000445e+03 1.037122030555599261e+00
6.496121500000000196e+03 1.034844383638831466e+00
6.496155279999999948e+03 1.036121552622673470e+00
6.496189070000000356e+03 1.040164802501161390e+00
6.496222850000000108e+03 1.029819845627145902e+00
6.496256629999999859e+03 1.019735736030508377e+00
6.496290420000000267e+03 1.019365220661146099e+00
6.496324200000000019e+03 1.020233243550980440e+00
6.496357990000000427e+03 1.022536731403714372e+00
6.496391770000000179e+03 9.751102831420266348e-01
6.496425559999999678e+03 8.736025014786992227e-01
6.496459340000000338e+03 7.500952909461170437e-01
6.496493129999999837e+03 6.926750969108158573e-01
6.496526909999999589e+03 7.766304664029143323e-01
6.496560699999999997e+03 9.049814765307864217e-01
6.496594479999999749e+03 9.753009959639140636e-01
6.496628270000000157e+03 1.012376418660060784e+00
6.496662049999999908e+03 1.007479536517954521e+00
6.496695840000000317e+03 1.018990040528006347e+00
6.496729620000000068e+03 1.033095598949655969e+00
6.496763409999999567e+03 1.019664049277989371e+00
6.496797199999999975e+03 1.015610829367512125e+00
6.496830979999999727e+03 1.021863535863853478e+00
6.496864770000000135e+03 1.029726434844708605e+00
6.496898559999999634e+03 1.052043829178837431e+00
6.496932350000000042e+03 1.028357282195490274e+00
6.496966129999999794e+03 1.025442746407972061e+00
6.496999920000000202e+03 1.030068017535667568e+00
6.497033709999999701e+03 1.029853877968387010e+00
6.497067500000000109e+03 1.030560823263689807e+00
6.497101279999999861e+03 1.028067629394062932e+00
6.497135070000000269e+03 1.035982294644310686e+00
6.497168859999999768e+03 1.090884694787034537e+00
6.497202650000000176e+03 1.088803610806420963e+00
6.497236439999999675e+03 1.056606207328927738e+00
6.497270230000000083e+03 1.022920412467494211e+00
6.497304019999999582e+03 1.028807605555923210e+00
6.497337809999999990e+03 1.031860703500950605e+00
6.497371600000000399e+03 1.033148669715991952e+00
6.497405389999999898e+03 1.035230701967592593e+00
6.497439180000000306e+03 1.027836006590556961e+00
6.497472969999999805e+03 1.027907125712473668e+00
6.497506760000000213e+03 1.025609108763586796e+00
6.497540549999999712e+03 1.029700448564659698e+00
6.497574340000000120e+03 1.022425693849626116e+00
6.497608129999999619e+03 1.020865448858321978e+00
6.497641920000000027e+03 1.030128501385566331e+00
6.497675710000000436e+03 1.021975418145401937e+00
6.497709499999999935e+03 1.027161161444874571e+00
6.497743290000000343e+03 1.003864560635241210e+00
6.497777079999999842e+03 1.009570150147849565e+00
6.497810879999999997e+03 1.016743586689398127e+00
6.497844670000000406e+03 1.025159858205978436e+00
6.497878459999999905e+03 1.017843716960282530e+00
6.497912250000000313e+03 1.002729328592236735e+00
6.497946039999999812e+03 1.021724795075405812e+00
6.497979839999999967e+03 1.000562376658215014e+00
6.498013630000000376e+03 9.893066713885476648e-01
6.498047419999999875e+03 9.595981847249227537e-01
6.498081220000000030e+03 9.611219360532744505e-01
6.498115010000000439e+03 9.745579441083677130e-01
6.498148799999999937e+03 9.568146396108941909e-01
6.498182600000000093e+03 9.249207260218473836e-01
6.498216389999999592e+03 9.187547105134179493e-01
6.498250189999999748e+03 9.312552860254965648e-01
6.498283980000000156e+03 9.592247459046617797e-01
6.498317769999999655e+03 9.795795340839742460e-01
6.498351569999999811e+03 1.009952163501435018e+00
6.498385360000000219e+03 1.003150599467236948e+00
6.498419160000000375e+03 9.969181248966827447e-01
6.498452949999999873e+03 1.011474350014465617e+00
6.498486750000000029e+03 1.008379708571030209e+00
6.498520540000000437e+03 1.007012069335564197e+00
6.498554339999999684e+03 1.020827951799337052e+00
6.498588139999999839e+03 9.984222820188947134e-01
6.498621930000000248e+03 1.010215307259572537e+00
6.498655730000000403e+03 1.013079155005041310e+00
6.498689519999999902e+03 1.021157141505994126e+00
6.498723320000000058e+03 1.004902625500299518e+00
6.498757120000000214e+03 1.013772727545786179e+00
6.498790909999999712e+03 1.012543802563300455e+00
6.498824709999999868e+03 1.009118432497883910e+00
6.498858510000000024e+03 1.006401844858828998e+00
6.498892310000000180e+03 1.024685005708804386e+00
6.498926099999999678e+03 1.028057269854806277e+00
6.498959899999999834e+03 1.016661164606434742e+00
6.498993699999999990e+03 1.017977539906195883e+00
6.499027500000000146e+03 1.016592822630575599e+00
6.499061300000000301e+03 1.021121227929267405e+00
6.499095089999999800e+03 1.009221839109091690e+00
6.499128889999999956e+03 1.015713536804965678e+00
6.499162690000000111e+03 1.020682413567050695e+00
6.499196490000000267e+03 1.005600243274792360e+00
6.499230290000000423e+03 1.017560290540728163e+00
6.499264089999999669e+03 1.008208442548332862e+00
6.499297889999999825e+03 1.020622394011923451e+00
6.499331689999999981e+03 1.023211589400132349e+00
6.499365490000000136e+03 1.012745432185867767e+00
6.499399290000000292e+03 1.016960801993271657e+00
6.499433090000000448e+03 1.020824958579106712e+00
6.499466889999999694e+03 1.013766785918639890e+00
6.499500689999999850e+03 1.015828731915621841e+00
6.499534490000000005e+03 1.007635612526245339e+00
6.499568290000000161e+03 9.995552933127652695e-01
6.499602090000000317e+03 1.010083270481942019e+00
6.499635889999999563e+03 1.018969945978095870e+00
6.499669700000000375e+03 1.015654882241039836e+00
6.499703499999999622e+03 1.012403030853113783e+00
6.499737299999999777e+03 1.013068202221748093e+00
6.499771099999999933e+03 1.008078750845405880e+00
6.499804900000000089e+03 9.991871780526825342e-01
6.499838709999999992e+03 9.967066548331905418e-01
6.499872510000000148e+03 1.012054917003925025e+00
6.499906310000000303e+03 1.000950344365777900e+00
6.499940109999999549e+03 1.036518396793272512e+00
6.499973920000000362e+03 1.006999187596097745e+00
6.500007719999999608e+03 1.014505163507070984e+00
6.500041519999999764e+03 1.007954252490438130e+00
6.500075329999999667e+03 1.011453111584774245e+00
6.500109129999999823e+03 1.012759540764305743e+00
6.500142939999999726e+03 1.000397362262337664e+00
6.500176739999999882e+03 1.008187424263746301e+00
6.500210540000000037e+03 1.013721903960520976e+00
6.500244349999999940e+03 1.006800853695808406e+00
6.500278150000000096e+03 1.006565878446804119e+00
6.500311959999999999e+03 1.007856693377050084e+00
6.500345760000000155e+03 1.003365420614699133e+00
6.500379570000000058e+03 1.003332945679404897e+00
6.500413370000000214e+03 1.018424683203496661e+00
6.500447180000000117e+03 1.013309999904868031e+00
6.500480980000000272e+03 1.006915093154029606e+00
6.500514790000000175e+03 9.763302546898058321e-01
6.500548600000000079e+03 1.011549659308633942e+00
6.500582400000000234e+03 9.961436176227157491e-01
6.500616210000000137e+03 9.993632046897455989e-01
6.500650020000000040e+03 1.023751450252998962e+00
6.500683820000000196e+03 1.014971416789571146e+00
6.500717630000000099e+03 1.002953572090674372e+00
6.500751440000000002e+03 1.002645770704367223e+00
6.500785240000000158e+03 1.000680202512018280e+00
6.500819050000000061e+03 1.005078808826556536e+00
6.500852859999999964e+03 1.010217896721017805e+00
6.500886669999999867e+03 1.010601048128294988e+00
6.500920470000000023e+03 9.990830941055891534e-01
6.500954279999999926e+03 1.007772717481152824e+00
6.500988089999999829e+03 1.009931049376713741e+00
6.501021899999999732e+03 1.007635652475554089e+00
6.501055709999999635e+03 1.006948122929660627e+00
6.501089520000000448e+03 1.017367567870842482e+00
6.501123330000000351e+03 9.984432828288550832e-01
6.501157140000000254e+03 9.945967125372326967e-01
6.501190940000000410e+03 1.010982523977130620e+00
6.501224750000000313e+03 1.006401406741553650e+00
6.501258560000000216e+03 1.028276120858658604e+00
6.501292370000000119e+03 1.003095595514527094e+00
6.501326180000000022e+03 1.015709665199973077e+00
6.501359989999999925e+03 1.002297809598801326e+00
6.501393799999999828e+03 1.012359939323277835e+00
6.501427620000000388e+03 1.026772341747540951e+00
6.501461430000000291e+03 1.002185902586794519e+00
6.501495240000000194e+03 1.016547697328517907e+00
6.501529050000000097e+03 1.025180465150892228e+00
6.501562860000000001e+03 1.020976198844756988e+00
6.501596669999999904e+03 1.017931445288738468e+00
6.501630479999999807e+03 1.004056998586763561e+00
6.501664289999999710e+03 1.001090156449995439e+00
6.501698110000000270e+03 1.022516985557268443e+00
6.501731920000000173e+03 1.015332242336472568e+00
6.501765730000000076e+03 1.008364659110201345e+00
6.501799539999999979e+03 1.014324929109087448e+00
6.501833359999999630e+03 1.000545812099474796e+00
6.501867170000000442e+03 1.013854318055243509e+00
6.501900980000000345e+03 9.993300121856754092e-01
6.501934799999999996e+03 1.012043091960876939e+00
6.501968609999999899e+03 9.971506881043434856e-01
6.502002419999999802e+03 1.002828727175336887e+00
6.502036240000000362e+03 9.881967503025033128e-01
6.502070050000000265e+03 9.697297931193035181e-01
6.502103860000000168e+03 9.778144726505383355e-01
6.502137679999999818e+03 9.882832258941761649e-01
6.502171489999999721e+03 9.981783361022723566e-01
6.502205310000000281e+03 1.001306874777701639e+00
6.502239120000000185e+03 1.000522558492811687e+00
6.502272939999999835e+03 1.016487450085771682e+00
6.502306749999999738e+03 1.013491360828718379e+00
6.502340570000000298e+03 1.010816167570818713e+00
6.502374380000000201e+03 9.930198736052380237e-01
6.502408199999999852e+03 1.003737463836121613e+00
6.502442020000000412e+03 9.980376769899594880e-01
6.502475830000000315e+03 9.971338807023184536e-01
6.502509649999999965e+03 1.009339536980100149e+00
6.502543459999999868e+03 1.003361168324803820e+00
6.502577280000000428e+03 1.000965210150429385e+00
6.502611100000000079e+03 1.011083722619275038e+00
6.502644909999999982e+03 1.019451682481222754e+00
6.502678729999999632e+03 1.007196262417940247e+00
6.502712550000000192e+03 1.006206994956043932e+00
6.502746369999999843e+03 9.912651876534868123e-01
6.502780179999999746e+03 1.009006388864051917e+00
6.502814000000000306e+03 1.005864407737948829e+00
6.502847819999999956e+03 1.000494139198453203e+00
6.502881639999999607e+03 1.011482046303598947e+00
6.502915460000000166e+03 1.012893759110977232e+00
6.502949270000000070e+03 1.001640151544835211e+00
6.502983089999999720e+03 9.891627244133202046e-01
6.503016910000000280e+03 1.010763400672680223e+00
6.503050729999999930e+03 1.011470730695243292e+00
6.503084549999999581e+03 9.946306082918912050e-01
6.503118370000000141e+03 9.940858583198834975e-01
6.503152189999999791e+03 9.982732695054432615e-01
6.503186010000000351e+03 9.958072445882428791e-01
6.503219830000000002e+03 1.000250841580289318e+00
6.503253649999999652e+03 1.002056561031157811e+00
6.503287470000000212e+03 1.002087708147340273e+00
6.503321289999999863e+03 9.893603951806919650e-01
6.503355110000000423e+03 9.970992727919749665e-01
6.503388930000000073e+03 1.006478140129998478e+00
6.503422749999999724e+03 9.979605144448160381e-01
6.503456570000000283e+03 1.008345693239859342e+00
6.503490399999999681e+03 9.979652178642678395e-01
6.503524220000000241e+03 9.861816952705279027e-01
6.503558039999999892e+03 1.002988753135459987e+00
6.503591860000000452e+03 1.006799573416661042e+00
6.503625680000000102e+03 9.919936632263479659e-01
6.503659499999999753e+03 1.004576247311264270e+00
6.503693330000000060e+03 1.007349677993671921e+00
6.503727149999999710e+03 1.004993573154800757e+00
6.503760970000000270e+03 1.000427810108306836e+00
6.503794799999999668e+03 9.950634693315424384e-01
6.503828620000000228e+03 1.006451308968897562e+00
6.503862439999999879e+03 1.005839039247417688e+00
6.503896270000000186e+03 1.012187568754381761e+00
6.503930089999999836e+03 1.026592700977532413e+00
6.503963910000000396e+03 9.965226761978455139e-01
6.503997739999999794e+03 1.009725290414251964e+00
6.504031560000000354e+03 1.004772957229686625e+00
6.504065389999999752e+03 1.013000957707091088e+00
6.504099210000000312e+03 1.001480911474037727e+00
6.504133029999999962e+03 1.009819019837480791e+00
6.504166860000000270e+03 9.842989235777156454e-01
6.504200679999999920e+03 9.716111623846228618e-01
6.504234510000000228e+03 9.657138224283550176e-01
6.504268339999999625e+03 9.726919757394829613e-01
6.504302160000000185e+03 9.928061520479788404e-01
6.504335989999999583e+03 1.016907087895119410e+00
6.504369810000000143e+03 1.016746453684421292e+00
6.504403640000000451e+03 1.001953394264197161e+00
6.504437460000000101e+03 1.000919992693009464e+00
6.504471290000000408e+03 1.006178610350604519e+00
6.504505119999999806e+03 1.001115060201241080e+00
6.504538940000000366e+03 1.016908415979137059e+00
6.504572769999999764e+03 1.018925794974099741e+00
6.504606600000000071e+03 1.004070838064317517e+00
6.504640430000000379e+03 1.000174255254896005e+00
6.504674250000000029e+03 1.012197763568374986e+00
6.504708080000000336e+03 1.015220338701127600e+00
6.504741909999999734e+03 9.988595182551882612e-01
6.504775740000000042e+03 9.945697266051307661e-01
6.504809570000000349e+03 9.483189372359767111e-01
6.504843389999999999e+03 9.166025118403012817e-01
6.504877220000000307e+03 9.498333364326253525e-01
6.504911049999999705e+03 9.988442364018071951e-01
6.504944880000000012e+03 1.019743247056042357e+00
6.504978710000000319e+03 1.000412584959650131e+00
6.505012539999999717e+03 1.000642411650332075e+00
6.505046370000000024e+03 1.012399220113265885e+00
6.505080200000000332e+03 1.024964577370324648e+00
6.505114029999999730e+03 1.013542727572900537e+00
6.505147860000000037e+03 1.016991987489349603e+00
6.505181690000000344e+03 1.003806875810268950e+00
6.505215519999999742e+03 9.999096351791398885e-01
6.505249350000000049e+03 1.009133818557317985e+00
6.505283180000000357e+03 1.007126938725353860e+00
6.505317009999999755e+03 1.017408308291562147e+00
6.505350840000000062e+03 1.016695626741708880e+00
6.505384670000000369e+03 1.003136582515225639e+00
6.505418499999999767e+03 1.006460250335275530e+00
6.505452330000000075e+03 1.005444275432001211e+00
6.505486170000000129e+03 1.007805417461727027e+00
6.505520000000000437e+03 1.026814261349275448e+00
6.505553829999999834e+03 1.019369451752526023e+00
6.505587660000000142e+03 1.023596989026336113e+00
6.505621500000000196e+03 1.007963170558521249e+00
6.505655329999999594e+03 1.018063689875324140e+00
6.505689159999999902e+03 1.013374988905341612e+00
6.505722990000000209e+03 9.998484254317502318e-01
6.505756830000000264e+03 1.001579569591116270e+00
6.505790659999999662e+03 1.010239236032317134e+00
6.505824489999999969e+03 1.014700548573622463e+00
6.505858330000000024e+03 1.019410062876296319e+00
6.505892160000000331e+03 1.009283101491756707e+00
6.505925989999999729e+03 9.861758169864548451e-01
6.505959829999999783e+03 9.969416487796469717e-01
6.505993660000000091e+03 1.017464948157780658e+00
6.506027500000000146e+03 1.007265547009925655e+00
6.506061330000000453e+03 1.014620406278395226e+00
6.506095169999999598e+03 1.012998151214306031e+00
6.506128999999999905e+03 1.023757776309478285e+00
6.506162839999999960e+03 1.015696151653844304e+00
6.506196670000000267e+03 1.011615036046657590e+00
6.506230510000000322e+03 1.006512259809640097e+00
6.506264339999999720e+03 1.002985197979712861e+00
6.506298179999999775e+03 1.004555782957723409e+00
6.506332019999999829e+03 1.010000449812871182e+00
6.506365850000000137e+03 1.011867280206711239e+00
6.506399690000000192e+03 1.020390192313015643e+00
6.506433530000000246e+03 9.911310141971549914e-01
6.506467359999999644e+03 1.009513013555470407e+00
6.506501199999999699e+03 9.962474584896606755e-01
6.506535039999999753e+03 1.009393926412298192e+00
6.506568870000000061e+03 9.883242341136586617e-01
6.506602710000000116e+03 1.008895503301677765e+00
6.506636550000000170e+03 1.017324535142529296e+00
6.506670390000000225e+03 1.008845942700083320e+00
6.506704230000000280e+03 1.009352540419398814e+00
6.506738059999999678e+03 1.007830690529011308e+00
6.506771899999999732e+03 1.006322903735956009e+00
6.506805739999999787e+03 9.898597546412992720e-01
6.506839579999999842e+03 1.009005786077949773e+00
6.506873419999999896e+03 1.012016121582590911e+00
6.506907259999999951e+03 1.010391428703246719e+00
6.506941100000000006e+03 1.008877379179111911e+00
6.506974940000000061e+03 1.003522743908719095e+00
6.507008780000000115e+03 1.016034201124009773e+00
6.507042620000000170e+03 1.015195876314907819e+00
6.507076460000000225e+03 9.878364575926077418e-01
6.507110300000000279e+03 1.011396577562470034e+00
6.507144140000000334e+03 1.010579638458649843e+00
6.507177980000000389e+03 9.972807553318152607e-01
6.507211820000000444e+03 9.905243719131640034e-01
6.507245659999999589e+03 9.978204776314939517e-01
6.507279499999999643e+03 9.921057116792885155e-01
6.507313339999999698e+03 1.010321664492318972e+00
6.507347179999999753e+03 9.966424241834730413e-01
6.507381019999999808e+03 1.004245970606103322e+00
6.507414869999999610e+03 1.007308755036738113e+00
6.507448709999999664e+03 1.009620331859232500e+00
6.507482549999999719e+03 1.021085140907701749e+00
6.507516389999999774e+03 9.970801285472650211e-01
6.507550229999999829e+03 1.008681953748307825e+00
6.507584079999999631e+03 1.000856777063296121e+00
6.507617919999999685e+03 1.011623465477477390e+00
6.507651759999999740e+03 1.009720378831254983e+00
6.507685610000000452e+03 1.000988358127099742e+00
6.507719449999999597e+03 1.001640376400803722e+00
6.507753289999999652e+03 1.007785183810268048e+00
6.507787140000000363e+03 9.955659453999126107e-01
6.507820980000000418e+03 1.020691460368908787e+00
6.507854819999999563e+03 1.019800450330403674e+00
6.507888670000000275e+03 1.002601324622520496e+00
6.507922510000000329e+03 9.884255113410737037e-01
6.507956360000000132e+03 1.008005522205974058e+00
6.507990200000000186e+03 1.011140489315576430e+00
6.508024049999999988e+03 9.985014377256787865e-01
6.508057890000000043e+03 1.011933827818271681e+00
6.508091739999999845e+03 9.981137519228213684e-01
6.508125579999999900e+03 1.012472650050332490e+00
6.508159429999999702e+03 1.006102424644707005e+00
6.508193269999999757e+03 1.002580062094953650e+00
6.508227119999999559e+03 9.990101348314137653e-01
6.508260970000000270e+03 9.910749856144825953e-01
6.508294810000000325e+03 9.805974562417743012e-01
6.508328660000000127e+03 9.773670164427374907e-01
6.508362509999999929e+03 9.899947965905394609e-01
6.508396349999999984e+03 9.992047340169279979e-01
6.508430199999999786e+03 1.007616057419358668e+00
6.508464049999999588e+03 1.011291234068654843e+00
6.508497889999999643e+03 9.961170634857399175e-01
6.508531740000000354e+03 9.896852694048046128e-01
6.508565590000000157e+03 9.948795125273298678e-01
6.508599439999999959e+03 1.006077433589824599e+00
6.508633289999999761e+03 1.001411961373358750e+00
6.508667129999999815e+03 1.000339745191027419e+00
6.508700979999999618e+03 1.015607810869410876e+00
6.508734830000000329e+03 1.011375449091279410e+00
6.508768680000000131e+03 1.004465458420812585e+00
6.508802529999999933e+03 1.012031999258765635e+00
6.508836379999999735e+03 1.005514447632030350e+00
6.508870230000000447e+03 9.981602768410426929e-01
6.508904080000000249e+03 1.007229165658590331e+00
6.508937930000000051e+03 1.011402082521827506e+00
6.508971779999999853e+03 9.985097235789136549e-01
6.509005629999999655e+03 9.969514601272134735e-01
6.509039480000000367e+03 9.902185557945496486e-01
6.509073330000000169e+03 9.876523862267857501e-01
6.509107179999999971e+03 9.880717013029639562e-01
6.509141029999999773e+03 9.452759344098526917e-01
6.509174879999999575e+03 9.201816776719410340e-01
6.509208730000000287e+03 8.484318132710998439e-01
6.509242580000000089e+03 8.677064695309050224e-01
6.509276429999999891e+03 9.191979421111677873e-01
6.509310279999999693e+03 9.752155388064861485e-01
6.509344140000000152e+03 9.895038229484005576e-01
6.509377989999999954e+03 9.976520161427893107e-01
6.509411839999999756e+03 9.991403118878103840e-01
6.509445689999999558e+03 9.971107446592637480e-01
6.509479550000000017e+03 9.935113424326279530e-01
6.509513399999999820e+03 9.965148735092790311e-01
6.509547249999999622e+03 9.954595240245630583e-01
6.509581100000000333e+03 9.817843369938364928e-01
6.509614959999999883e+03 1.008908999982334409e+00
6.509648809999999685e+03 1.007311575222190836e+00
6.509682660000000396e+03 9.982510251829589398e-01
6.509716519999999946e+03 9.972440244971704226e-01
6.509750369999999748e+03 9.933112461788543568e-01
6.509784230000000207e+03 1.002822476780666161e+00
6.509818080000000009e+03 9.879825288576822295e-01
6.509851929999999811e+03 1.008022587577075635e+00
6.509885790000000270e+03 1.005563091926301000e+00
6.509919640000000072e+03 9.999941876849063327e-01
6.509953499999999622e+03 9.886041961856739668e-01
6.509987350000000333e+03 9.920984283642902968e-01
6.510021209999999883e+03 1.020191235504534832e+00
6.510055070000000342e+03 9.983937336418607922e-01
6.510088920000000144e+03 9.999829871411970439e-01
6.510122779999999693e+03 1.008370844435566127e+00
6.510156630000000405e+03 9.960270451706579875e-01
6.510190489999999954e+03 9.923928772951109423e-01
6.510224350000000413e+03 9.829476783364703429e-01
6.510258200000000215e+03 9.926896861198919453e-01
6.510292059999999765e+03 1.005688089093397242e+00
6.510325920000000224e+03 1.025103970309845458e+00
6.510359770000000026e+03 1.012244528272898014e+00
6.510393629999999575e+03 9.913947574129802209e-01
6.510427490000000034e+03 1.006544774333012704e+00
6.510461339999999836e+03 9.968573564859606329e-01
6.510495200000000295e+03 1.011512203459000059e+00
6.510529059999999845e+03 1.006470685949755861e+00
6.510562920000000304e+03 9.928660961920112715e-01
6.510596779999999853e+03 1.000124416348409317e+00
6.510630640000000312e+03 1.011416765350516389e+00
6.510664490000000114e+03 1.016812604345830318e+00
6.510698349999999664e+03 1.014795143007133582e+00
6.510732210000000123e+03 9.954036746394437918e-01
6.510766069999999672e+03 1.006583737827798197e+00
6.510799930000000131e+03 1.003774521360795813e+00
6.510833789999999681e+03 1.005183607622862407e+00
6.510867650000000140e+03 1.012505281142212610e+00
6.510901509999999689e+03 9.991908363653912994e-01
6.510935370000000148e+03 9.944625952961059223e-01
6.510969229999999698e+03 9.917852965242278662e-01
6.511003090000000157e+03 9.963383153048346319e-01
6.511036949999999706e+03 9.917754067615595082e-01
6.511070810000000165e+03 9.866939257743676528e-01
6.511104669999999714e+03 1.008271824703267816e+00
6.511138530000000173e+03 1.013730983269724328e+00
6.511172389999999723e+03 9.953968936105199727e-01
6.511206259999999929e+03 1.005596612474796370e+00
6.511240120000000388e+03 1.013786850639288639e+00
6.511273979999999938e+03 9.943300204731922998e-01
6.511307840000000397e+03 9.971728170040865535e-01
6.511341699999999946e+03 1.004214757308732109e+00
6.511375570000000153e+03 1.004359376017904593e+00
6.511409429999999702e+03 1.010833122665565353e+00
6.511443290000000161e+03 9.933568048482140922e-01
6.511477149999999710e+03 1.003175450052518958e+00
6.511511019999999917e+03 1.009886826397999426e+00
6.511544880000000376e+03 1.008201897514531487e+00
6.511578739999999925e+03 1.007131493150340118e+00
6.511612610000000132e+03 9.980834082656763195e-01
6.511646469999999681e+03 9.816667765264631695e-01
6.511680339999999887e+03 1.003894046262162609e+00
6.511714200000000346e+03 1.015337765148887739e+00
6.511748059999999896e+03 9.980775668968531189e-01
6.511781930000000102e+03 9.943888650180009448e-01
6.511815789999999652e+03 9.947731891956238526e-01
6.511849659999999858e+03 9.943525837016850000e-01
6.511883520000000317e+03 1.001052697598343366e+00
6.511917389999999614e+03 9.981765449085618913e-01
6.511951250000000073e+03 9.923684706933755262e-01
6.511985120000000279e+03 1.002463189292214452e+00
6.512018979999999829e+03 9.997308543057162877e-01
6.512052850000000035e+03 9.923149440475709238e-01
6.512086720000000241e+03 1.008843279190629882e+00
6.512120579999999791e+03 1.001066558667916162e+00
6.512154449999999997e+03 1.001389012693033154e+00
6.512188320000000203e+03 1.007920852518087385e+00
6.512222179999999753e+03 1.022044298668630002e+00
6.512256049999999959e+03 1.013751024912586507e+00
6.512289920000000166e+03 1.012927726651846161e+00
6.512323779999999715e+03 1.034706803519434004e+00
6.512357649999999921e+03 1.004399900775058807e+00
6.512391520000000128e+03 1.006002992117899453e+00
6.512425390000000334e+03 9.932449869326042124e-01
6.512459249999999884e+03 9.954277561558918519e-01
6.512493120000000090e+03 1.008331639300082960e+00
6.512526990000000296e+03 9.858977688155474706e-01
6.512560859999999593e+03 9.595919489442933381e-01
6.512594729999999799e+03 9.190023781983495121e-01
6.512628600000000006e+03 8.950750043258245414e-01
6.512662470000000212e+03 9.435047526613474789e-01
6.512696340000000419e+03 9.642709035057442923e-01
6.512730199999999968e+03 9.916447915684816206e-01
6.512764070000000174e+03 1.003200589085918359e+00
6.512797940000000381e+03 9.878529064053730435e-01
6.512831809999999678e+03 9.404004804559403796e-01
6.512865679999999884e+03 9.266045969034167884e-01
6.512899550000000090e+03 9.281166843552242085e-01
6.512933430000000044e+03 9.627425696844578162e-01
6.512967300000000250e+03 9.892250994648855711e-01
6.513001169999999547e+03 1.014581147079238077e+00
6.513035039999999753e+03 1.006350454293761798e+00
6.513068909999999960e+03 1.019251777917205670e+00
6.513102780000000166e+03 1.028062830734187916e+00
6.513136650000000373e+03 1.020132324767299759e+00
6.513170519999999669e+03 1.010359710918421472e+00
6.513204399999999623e+03 1.022611003305913480e+00
6.513238269999999829e+03 1.023836525835253308e+00
6.513272140000000036e+03 1.028536847282006450e+00
6.513306010000000242e+03 1.028544659229523095e+00
6.513339880000000448e+03 1.035263419652703965e+00
6.513373760000000402e+03 1.038908153218749852e+00
6.513407629999999699e+03 1.047909504952968973e+00
6.513441499999999905e+03 1.043293498250397189e+00
6.513475379999999859e+03 1.032587719397239034e+00
6.513509250000000065e+03 1.040588532571189662e+00
6.513543120000000272e+03 1.040249055278755552e+00
6.513577000000000226e+03 1.043803686904585915e+00
6.513610870000000432e+03 1.051903997020893433e+00
6.513644750000000386e+03 1.053493607370701302e+00
6.513678619999999682e+03 1.064717571887539016e+00
6.513712489999999889e+03 1.050510149236509205e+00
6.513746369999999843e+03 1.047011285894318133e+00
6.513780240000000049e+03 1.091845142727773998e+00
6.513814120000000003e+03 1.060127791370747197e+00
6.513847990000000209e+03 1.048960897064088238e+00
6.513881870000000163e+03 1.062251952512157205e+00
6.513915740000000369e+03 1.057218882224343792e+00
6.513949620000000323e+03 1.074052196556616989e+00
6.513983500000000276e+03 1.071993099330642130e+00
6.514017369999999573e+03 1.064047751719498835e+00
6.514051250000000437e+03 1.065811995851323912e+00
6.514085130000000390e+03 1.072518153652999073e+00
6.514118999999999687e+03 1.076318075155492604e+00
6.514152879999999641e+03 1.079302941380289482e+00
6.514186759999999595e+03 1.073240071137595564e+00
6.514220629999999801e+03 1.034574698962599681e+00
6.514254509999999755e+03 1.049912933785255298e+00
6.514288389999999708e+03 1.055009310802605738e+00
6.514322269999999662e+03 1.055443506865549885e+00
6.514356139999999868e+03 1.075492548070934085e+00
6.514390019999999822e+03 1.076386623794096442e+00
6.514423899999999776e+03 1.073434164433122673e+00
6.514457779999999730e+03 1.090065713495655286e+00
6.514491659999999683e+03 1.075317331609276561e+00
6.514525539999999637e+03 1.062375180806538477e+00
6.514559409999999843e+03 1.063426016621026315e+00
6.514593289999999797e+03 1.078141322968396043e+00
6.514627169999999751e+03 1.059627842885887183e+00
6.514661049999999705e+03 1.051443686665510135e+00
6.514694929999999658e+03 1.067194152636885995e+00
6.514728809999999612e+03 1.082169561352344767e+00
6.514762689999999566e+03 1.062149399005821726e+00
6.514796570000000429e+03 1.065375833038160414e+00
6.514830450000000383e+03 1.040066027609287458e+00
6.514864330000000336e+03 1.012692632966094575e+00
6.514898210000000290e+03 1.002489634793214401e+00
6.514932090000000244e+03 9.859315763040946701e-01
6.514965970000000198e+03 1.002186223129624354e+00
6.514999859999999899e+03 1.037098935024684421e+00
6.515033739999999852e+03 1.057636496419443795e+00
6.515067619999999806e+03 1.049080331672317623e+00
6.515101499999999760e+03 1.046046447163712756e+00
6.515135379999999714e+03 1.043460088004178887e+00
6.515169259999999667e+03 1.047444267632775317e+00
6.515203150000000278e+03 1.032660258966771050e+00
6.515237030000000232e+03 1.013137687273202969e+00
6.515270910000000185e+03 9.549501655817193013e-01
6.515304790000000139e+03 8.349203387430541579e-01
6.515338679999999840e+03 7.095040491253792325e-01
6.515372559999999794e+03 7.035100019237835456e-01
6.515406439999999748e+03 8.299725648947877676e-01
6.515440330000000358e+03 9.620023724886851424e-01
6.515474210000000312e+03 1.003423054314844798e+00
6.515508100000000013e+03 1.035456659604699459e+00
6.515541979999999967e+03 1.032927684909753063e+00
6.515575859999999921e+03 1.038736867790341689e+00
6.515609749999999622e+03 1.044173051750902470e+00
6.515643629999999575e+03 1.053871571211805858e+00
6.515677520000000186e+03 1.046355372027844677e+00
6.515711400000000140e+03 1.027372247065330368e+00
6.515745289999999841e+03 1.043686459936807642e+00
6.515779169999999795e+03 1.049222043381172309e+00
6.515813060000000405e+03 1.052193162987130171e+00
6.515846940000000359e+03 1.043989932760472472e+00
6.515880830000000060e+03 1.041083624933921703e+00
6.515914719999999761e+03 1.044264426760117770e+00
6.515948599999999715e+03 1.044334083222976606e+00
6.515982490000000325e+03 1.032394354646976709e+00
6.516016370000000279e+03 1.035095130001415509e+00
6.516050259999999980e+03 1.034340614147059689e+00
6.516084149999999681e+03 1.032693826384406544e+00
6.516118029999999635e+03 1.029222069583013432e+00
6.516151920000000246e+03 1.034369417683845827e+00
6.516185809999999947e+03 1.023158736182053996e+00
6.516219699999999648e+03 1.021533562213442492e+00
6.516253579999999602e+03 1.033972684174398138e+00
6.516287470000000212e+03 1.017398713341641336e+00
6.516321359999999913e+03 9.949819325073607779e-01
6.516355249999999614e+03 1.007400101434219097e+00
6.516389140000000225e+03 9.963717495490562737e-01
6.516423029999999926e+03 9.655229228975765743e-01
6.516456909999999880e+03 9.099937676347263915e-01
6.516490799999999581e+03 8.811681853517062679e-01
6.516524690000000192e+03 9.434388209087836152e-01
6.516558579999999893e+03 9.939622701603921806e-01
6.516592469999999594e+03 1.003153224255124432e+00
6.516626360000000204e+03 1.007831814747842003e+00
6.516660249999999905e+03 1.012064109945101764e+00
6.516694139999999607e+03 1.014087862764368353e+00
6.516728030000000217e+03 1.013876520802612813e+00
6.516761919999999918e+03 1.014650929259510503e+00
6.516795809999999619e+03 1.027934619407962824e+00
6.516829700000000230e+03 1.023732962885328668e+00
6.516863589999999931e+03 1.023588625825664122e+00
6.516897479999999632e+03 1.026110381476790678e+00
6.516931379999999990e+03 1.004396063965504515e+00
6.516965269999999691e+03 9.906413154401324528e-01
6.516999160000000302e+03 9.829482659729449345e-01
6.517033050000000003e+03 9.574830165825553019e-01
6.517066939999999704e+03 8.643605814217434347e-01
6.517100830000000315e+03 8.079462721457321139e-01
6.517134729999999763e+03 7.448069035647528757e-01
6.517168620000000374e+03 6.848197235608798339e-01
6.517202510000000075e+03 6.763211464623217761e-01
6.517236410000000433e+03 6.741504263186145485e-01
6.517270300000000134e+03 6.943445216295509592e-01
6.517304189999999835e+03 8.156278233991233195e-01
6.517338080000000446e+03 9.272851558428277796e-01
6.517371979999999894e+03 9.923598635795641831e-01
6.517405869999999595e+03 9.997429736812086798e-01
6.517439769999999953e+03 1.015795459083432606e+00
6.517473659999999654e+03 1.005148810627949807e+00
6.517507550000000265e+03 9.993977522266549451e-01
6.517541449999999713e+03 1.008504097868846872e+00
6.517575340000000324e+03 1.008887313738538349e+00
6.517609239999999772e+03 1.005179402745219441e+00
6.517643130000000383e+03 9.947865749883767483e-01
6.517677029999999831e+03 8.910947495194360135e-01
6.517710920000000442e+03 8.394851532786022918e-01
6.517744819999999891e+03 8.795060428417318388e-01
6.517778709999999592e+03 9.458586690847845535e-01
6.517812609999999950e+03 1.000526932271347702e+00
6.517846510000000308e+03 1.016512746321177829e+00
6.517880400000000009e+03 1.026460820574970123e+00
6.517914300000000367e+03 1.041910654926795132e+00
6.517948199999999815e+03 1.050016974030695938e+00
6.517982090000000426e+03 1.039520654162430668e+00
6.518015989999999874e+03 1.026870757096736142e+00
6.518049890000000232e+03 1.044175067765680920e+00
6.518083779999999933e+03 1.050104270937868511e+00
6.518117680000000291e+03 1.039819587480028451e+00
6.518151579999999740e+03 1.030303827996174926e+00
6.518185480000000098e+03 1.035579815267048787e+00
6.518219369999999799e+03 1.045876955257487806e+00
6.518253270000000157e+03 1.047065401788528360e+00
6.518287169999999605e+03 1.053826777302718787e+00
6.518321069999999963e+03 1.050363950049332473e+00
6.518354970000000321e+03 1.047190998938452244e+00
6.518388869999999770e+03 1.059146180948792093e+00
6.518422770000000128e+03 1.043867752720182507e+00
6.518456659999999829e+03 1.049140237773640960e+00
6.518490560000000187e+03 1.042987808072754374e+00
6.518524459999999635e+03 1.039385987297057223e+00
6.518558359999999993e+03 1.018980277272199864e+00
6.518592260000000351e+03 9.729688110698457848e-01
6.518626159999999800e+03 9.056682441928823879e-01
6.518660060000000158e+03 9.206465866724220515e-01
6.518693959999999606e+03 9.859486914730820617e-01
6.518727859999999964e+03 1.013939115042122863e+00
6.518761770000000070e+03 1.050593617293175353e+00
6.518795670000000428e+03 1.056716333646036565e+00
6.518829569999999876e+03 1.056242460978442876e+00
6.518863470000000234e+03 1.050833924326183277e+00
6.518897369999999682e+03 1.066568876172717895e+00
6.518931270000000040e+03 1.034527055388607453e+00
6.518965170000000398e+03 1.059738730404061524e+00
6.518999079999999594e+03 1.059836244943683115e+00
6.519032979999999952e+03 1.068731404505899762e+00
6.519066880000000310e+03 1.077968150985577411e+00
6.519100779999999759e+03 1.058663988287109836e+00
6.519134689999999864e+03 1.065178805205164281e+00
6.519168590000000222e+03 1.055519987431571938e+00
6.519202489999999671e+03 1.075101963323418675e+00
6.519236390000000029e+03 1.069683000470724954e+00
6.519270300000000134e+03 1.040779542638103239e+00
6.519304199999999582e+03 1.052714402988244702e+00
6.519338109999999688e+03 1.035456256821905896e+00
6.519372010000000046e+03 1.048941434078284329e+00
6.519405910000000404e+03 1.069248271734843270e+00
6.519439819999999600e+03 1.070124438170434011e+00
6.519473719999999958e+03 1.066038098476541851e+00
6.519507630000000063e+03 1.054411776827818503e+00
6.519541530000000421e+03 1.062741602190236279e+00
6.519575439999999617e+03 1.056192679787496314e+00
6.519609339999999975e+03 1.045099765811765558e+00
6.519643250000000080e+03 1.041707970321749110e+00
6.519677150000000438e+03 1.043867837333126269e+00
6.519711059999999634e+03 1.049604908613486653e+00
6.519744959999999992e+03 1.028716628732569749e+00
6.519778870000000097e+03 1.013542243418953825e+00
6.519812780000000203e+03 1.022253077073981942e+00
6.519846679999999651e+03 1.039665949318132165e+00
6.519880589999999756e+03 1.036215879304831056e+00
6.519914499999999862e+03 1.033906875345927956e+00
6.519948400000000220e+03 1.028726819837928241e+00
6.519982310000000325e+03 1.011022788060311983e+00
6.520016220000000430e+03 9.710304124172607354e-01
6.520050119999999879e+03 8.921260450564439948e-01
6.520084029999999984e+03 8.495175686243789936e-01
6.520117940000000090e+03 8.969921740516395570e-01
6.520151850000000195e+03 9.349511280715663286e-01
6.520185760000000300e+03 9.660182733321877047e-01
6.520219659999999749e+03 1.011424177353676956e+00
6.520253569999999854e+03 1.033370308552293171e+00
6.520287479999999960e+03 1.021590010787787550e+00
6.520321390000000065e+03 1.035172709523051182e+00
6.520355300000000170e+03 1.030747752769010317e+00
6.520389210000000276e+03 1.049375626147756924e+00
6.520423120000000381e+03 1.030231159175683198e+00
6.520457029999999577e+03 1.026685474516802588e+00
6.520490939999999682e+03 1.044492422485507443e+00
6.520524849999999788e+03 1.032790686473156416e+00
6.520558759999999893e+03 1.043217178746411511e+00
6.520592669999999998e+03 1.036200793423813105e+00
6.520626580000000104e+03 1.020200487652847432e+00
6.520660490000000209e+03 1.024643027400815809e+00
6.520694400000000314e+03 1.014413661534414590e+00
6.520728310000000420e+03 1.004600978447243831e+00
6.520762219999999616e+03 1.024872014789079966e+00
6.520796129999999721e+03 1.014028497269824136e+00
6.520830049999999574e+03 1.004988024647879286e+00
6.520863959999999679e+03 1.003429403240769568e+00
6.520897869999999784e+03 9.945448855969130086e-01
6.520931779999999890e+03 1.008401863835423296e+00
6.520965689999999995e+03 9.917042608872871368e-01
6.520999609999999848e+03 9.896716212616656350e-01
6.521033519999999953e+03 9.964832611490029857e-01
6.521067430000000058e+03 9.888406779521831114e-01
6.521101340000000164e+03 9.997951543193324131e-01
6.521135260000000017e+03 9.931306453794972455e-01
6.521169170000000122e+03 1.002544051212165277e+00
6.521203080000000227e+03 9.785929395956094456e-01
6.521237000000000080e+03 9.811464822821988063e-01
6.521270910000000185e+03 9.819263917696567923e-01
6.521304830000000038e+03 1.012456390435708009e+00
6.521338740000000143e+03 9.989957478970562521e-01
6.521372650000000249e+03 9.759492542228555001e-01
6.521406570000000102e+03 9.856808115810814508e-01
6.521440480000000207e+03 9.979666364832933123e-01
6.521474400000000060e+03 9.988991534245017512e-01
6.521508310000000165e+03 9.963466966673247827e-01
6.521542230000000018e+03 9.845979758686557171e-01
6.521576140000000123e+03 9.914568431910345536e-01
6.521610059999999976e+03 9.865781392306313125e-01
6.521643970000000081e+03 9.978763176265526003e-01
6.521677889999999934e+03 9.968159968437517726e-01
6.521711809999999787e+03 1.007496964759482694e+00
6.521745719999999892e+03 1.000920398655648524e+00
6.521779639999999745e+03 1.006806331804441346e+00
6.521813559999999597e+03 1.000839021765558723e+00
6.521847469999999703e+03 9.901264698485423565e-01
6.521881389999999556e+03 9.940268500046339772e-01
6.521915310000000318e+03 9.921119178826306451e-01
6.521949220000000423e+03 1.008529558845741025e+00
6.521983140000000276e+03 9.935824008128947282e-01
6.522017060000000129e+03 9.829674009958188075e-01
6.522050979999999981e+03 1.003839447012166097e+00
6.522084899999999834e+03 9.989914127520032050e-01
6.522118809999999939e+03 9.910105751162889831e-01
6.522152729999999792e+03 1.000380642947563903e+00
6.522186649999999645e+03 1.005781436877750012e+00
6.522220570000000407e+03 9.854372771530983677e-01
6.522254490000000260e+03 9.889347399045977927e-01
6.522288410000000113e+03 9.933401331995624917e-01
6.522322329999999965e+03 9.845614067841974570e-01
6.522356249999999818e+03 9.707417880060289495e-01
6.522390169999999671e+03 9.963027396634536181e-01
6.522424090000000433e+03 9.900095474170860221e-01
6.522458010000000286e+03 9.804054279389259330e-01
6.522491930000000139e+03 9.599398937407842558e-01
6.522525849999999991e+03 9.586106037565040872e-01
6.522559769999999844e+03 9.769813500683462992e-01
6.522593689999999697e+03 9.800368242965002974e-01
6.522627609999999549e+03 9.657107460622446071e-01
6.522661530000000312e+03 9.896440665382900681e-01
6.522695450000000164e+03 9.900553492504323705e-01
6.522729370000000017e+03 9.871231631172727727e-01
6.522763289999999870e+03 9.771512347506546847e-01
6.522797220000000380e+03 9.539619629940643275e-01
6.522831140000000232e+03 9.322569067390720221e-01
6.522865060000000085e+03 9.615609371103860381e-01
6.522898979999999938e+03 9.774050162096583616e-01
6.522932899999999790e+03 9.997913876667363642e-01
6.522966830000000300e+03 9.951990691034868775e-01
6.523000750000000153e+03 9.780074171775811065e-01
6.523034670000000006e+03 9.885507883065254298e-01
6.523068599999999606e+03 9.975255471381263561e-01
6.523102520000000368e+03 9.877195593497752890e-01
6.523136440000000221e+03 9.958864248513031869e-01
6.523170369999999821e+03 9.862951845672968121e-01
6.523204289999999673e+03 9.981683836219754635e-01
6.523238210000000436e+03 9.939454025812659577e-01
6.523272140000000036e+03 1.012063477388867483e+00
6.523306059999999889e+03 9.791946718737595257e-01
6.523339990000000398e+03 9.730539304937062539e-01
6.523373910000000251e+03 1.001428314613771464e+00
6.523407839999999851e+03 9.763113168948861498e-01
6.523441759999999704e+03 9.769766977448075540e-01
6.523475690000000213e+03 9.803210585590613757e-01
6.523509610000000066e+03 9.901690121342711093e-01
6.523543539999999666e+03 9.847097193112633873e-01
6.523577460000000428e+03 9.912113600014074155e-01
6.523611390000000029e+03 9.821082650210389842e-01
6.523645319999999629e+03 9.670436303168801206e-01
6.523679240000000391e+03 9.815993751880863760e-01
6.523713169999999991e+03 9.787670434593316315e-01
6.523747099999999591e+03 9.823296418027535060e-01
6.523781020000000353e+03 9.797574495187578725e-01
6.523814949999999953e+03 9.609014898797259008e-01
6.523848879999999554e+03 9.617207958676885493e-01
6.523882800000000316e+03 9.682803882198467438e-01
6.523916729999999916e+03 9.316693980007569875e-01
6.523950660000000425e+03 9.421785689376815931e-01
6.523984590000000026e+03 9.654034156692334889e-01
6.524018519999999626e+03 9.746775666244202885e-01
6.524052440000000388e+03 9.890966771727055518e-01
6.524086369999999988e+03 9.817594102722839722e-01
6.524120299999999588e+03 9.765531398882855152e-01
6.524154230000000098e+03 9.709548345924099433e-01
6.524188159999999698e+03 9.682923750681921016e-01
6.524222090000000208e+03 9.636403643728038704e-01
6.524256019999999808e+03 9.481017131387361463e-01
6.524289950000000317e+03 9.420940830017278111e-01
6.524323879999999917e+03 9.568875319179027672e-01
6.524357810000000427e+03 9.369542511495297932e-01
6.524391740000000027e+03 9.282007464883970105e-01
6.524425669999999627e+03 8.403339830251845832e-01
6.524459600000000137e+03 7.530169201637689769e-01
6.524493529999999737e+03 7.837688836394861580e-01
6.524527460000000247e+03 8.709418209202413053e-01
6.524561389999999847e+03 9.221615060991475987e-01
6.524595320000000356e+03 9.623680184320505537e-01
6.524629249999999956e+03 9.756093729059479580e-01
6.524663179999999556e+03 9.715661093689407224e-01
6.524697119999999813e+03 9.640057854173176288e-01
6.524731050000000323e+03 9.663202782530250223e-01
6.524764979999999923e+03 9.914792580678564171e-01
6.524798910000000433e+03 9.953342224110292014e-01
6.524832840000000033e+03 9.814656260075600436e-01
6.524866780000000290e+03 9.826684443892489407e-01
6.524900709999999890e+03 9.660172776600651767e-01
6.524934640000000400e+03 9.887626189193509108e-01
6.524968570000000000e+03 9.872598609636159539e-01
6.525002510000000257e+03 9.917717384358839539e-01
6.525036439999999857e+03 1.032354269932383328e+00
6.525070370000000366e+03 1.038823178053111862e+00
6.525104309999999714e+03 9.796894157278204229e-01
6.525138240000000224e+03 9.786528927727214944e-01
6.525172179999999571e+03 9.724875190932954494e-01
6.525206110000000081e+03 9.930956741984577896e-01
6.525240050000000338e+03 9.949549101865796663e-01
6.525273979999999938e+03 9.949208372585275351e-01
6.525307910000000447e+03 9.734858088137694487e-01
6.525341849999999795e+03 9.688038649073862363e-01
6.525375780000000304e+03 9.901964132698053422e-01
6.525409719999999652e+03 9.731353791563847055e-01
6.525443659999999909e+03 9.867291167087793857e-01
6.525477590000000419e+03 9.844845517298417281e-01
6.525511529999999766e+03 9.888932666798204707e-01
6.525545460000000276e+03 1.004594966977805370e+00
6.525579399999999623e+03 9.996012762450307010e-01
6.525613339999999880e+03 9.871531703457769868e-01
6.525647270000000390e+03 9.881155963344097071e-01
6.525681209999999737e+03 9.812918849262779464e-01
6.525715149999999994e+03 9.819293556152298708e-01
6.525749079999999594e+03 9.735737901679825113e-01
6.525783019999999851e+03 9.937097402153901582e-01
6.525816960000000108e+03 9.802248027858033730e-01
6.525850900000000365e+03 9.951024938487065263e-01
6.525884829999999965e+03 9.834505138990643491e-01
6.525918770000000222e+03 9.952675770976264769e-01
6.525952709999999570e+03 9.844994167104563765e-01
6.525986649999999827e+03 9.883474935143453655e-01
6.526020590000000084e+03 9.766855529843837536e-01
6.526054530000000341e+03 9.835850041608559247e-01
6.526088459999999941e+03 9.755397533303651336e-01
6.526122400000000198e+03 9.818349365008226526e-01
6.526156339999999545e+03 9.889252390390947944e-01
6.526190279999999802e+03 9.665832387054582586e-01
6.526224220000000059e+03 9.764455399727428597e-01
6.526258160000000316e+03 9.724282060937946559e-01
6.526292099999999664e+03 9.841190403662114505e-01
6.526326039999999921e+03 9.858633399680034604e-01
6.526359980000000178e+03 9.617847500161502694e-01
6.526393920000000435e+03 9.714986605039379608e-01
6.526427859999999782e+03 9.578776641118615931e-01
6.526461800000000039e+03 9.716871162969011877e-01
6.526495740000000296e+03 9.685335881282075565e-01
6.526529690000000301e+03 9.902145129458549411e-01
6.526563629999999648e+03 9.699419280757275441e-01
6.526597569999999905e+03 9.793074120721089182e-01
6.526631510000000162e+03 9.885922834649807367e-01
6.526665450000000419e+03 9.718287338929630925e-01
6.526699389999999767e+03 9.722742576037696205e-01
6.526733339999999771e+03 9.696787036364132861e-01
6.526767280000000028e+03 9.748744414937619007e-01
6.526801220000000285e+03 9.985123424124726643e-01
6.526835159999999632e+03 9.956044470057369145e-01
6.526869109999999637e+03 9.717790596097031219e-01
6.526903049999999894e+03 9.842724891902653317e-01
6.526936990000000151e+03 9.707096711385890808e-01
6.526970940000000155e+03 9.853143150257596128e-01
6.527004880000000412e+03 9.756337018168512731e-01
6.527038819999999760e+03 9.828464624166821650e-01
6.527072769999999764e+03 9.888201725225017613e-01
6.527106710000000021e+03 9.884304276382785970e-01
6.527140660000000025e+03 9.903513322759810444e-01
6.527174600000000282e+03 9.952312917035667228e-01
6.527208550000000287e+03 9.872549711989481169e-01
6.527242489999999634e+03 9.841978814741427772e-01
6.527276439999999639e+03 9.731850693972685651e-01
6.527310379999999896e+03 9.726906450893095801e-01
6.527344329999999900e+03 9.648036885742501401e-01
6.527378270000000157e+03 9.826215188367694031e-01
6.527412220000000161e+03 9.947396008423396996e-01
6.527446160000000418e+03 9.740752342814649190e-01
6.527480110000000423e+03 9.757446742181014043e-01
6.527514060000000427e+03 9.914074339165190874e-01
6.527547999999999774e+03 9.794403160891212989e-01
6.527581949999999779e+03 9.823198623039688382e-01
6.527615899999999783e+03 9.907955013682374634e-01
6.527649840000000040e+03 9.893348330268323387e-01
6.527683790000000045e+03 9.798511280372808052e-01
6.527717740000000049e+03 9.787616925496310794e-01
6.527751680000000306e+03 9.819249602384507725e-01
6.527785630000000310e+03 9.788317849712036001e-01
6.527819580000000315e+03 9.820277749985518723e-01
6.527853530000000319e+03 9.966761183860233242e-01
6.527887480000000323e+03 9.875855906488089087e-01
6.527921430000000328e+03 9.817556936712481530e-01
6.527955369999999675e+03 9.855789504322465255e-01
6.527989319999999680e+03 9.778988640752307449e-01
6.528023269999999684e+03 9.799371043374451862e-01
6.528057219999999688e+03 9.804415906295204097e-01
6.528091169999999693e+03 9.860553440194816943e-01
6.528125119999999697e+03 9.829838244060719044e-01
6.528159069999999701e+03 9.902226207763524801e-01
6.528193019999999706e+03 9.445525932340835817e-01
6.528226969999999710e+03 9.882302235482014474e-01
6.528260919999999714e+03 9.691223339817290894e-01
6.528294869999999719e+03 9.715039219938672588e-01
6.528328819999999723e+03 9.884272682208316008e-01
6.528362769999999728e+03 9.784068847588965889e-01
6.528396719999999732e+03 9.765992405745944627e-01
6.528430669999999736e+03 9.830689588907046694e-01
6.528464619999999741e+03 9.805214931201329254e-01
6.528498569999999745e+03 9.686942140021904679e-01
6.528532530000000406e+03 9.771249171164693159e-01
6.528566480000000411e+03 9.792541700021201168e-01
6.528600430000000415e+03 9.823539783889144728e-01
6.528634380000000419e+03 9.813394446729581944e-01
6.528668330000000424e+03 9.911278253057579368e-01
6.528702290000000175e+03 9.804200571652202933e-01
6.528736240000000180e+03 9.763819920145578868e-01
6.528770190000000184e+03 9.866047675587318322e-01
6.528804149999999936e+03 9.868645077642624885e-01
6.528838099999999940e+03 9.724628880920784813e-01
6.528872049999999945e+03 9.947373741592658858e-01
6.528906009999999696e+03 9.785020648706417301e-01
6.528939959999999701e+03 9.742676625729239648e-01
6.528973909999999705e+03 9.713933176601908803e-01
6.529007870000000366e+03 9.820545623088257070e-01
6.529041820000000371e+03 9.907085347276214371e-01
6.529075780000000123e+03 9.774608312578174640e-01
6.529109730000000127e+03 9.852959450617984061e-01
6.529143689999999879e+03 9.823559258216326695e-01
6.529177639999999883e+03 9.814021168327987654e-01
6.529211599999999635e+03 9.942824609716759410e-01
6.529245549999999639e+03 9.800753962231074645e-01
6.529279510000000300e+03 9.789504393777921365e-01
6.529313460000000305e+03 9.987808982657495616e-01
6.529347420000000056e+03 9.889621214456610909e-01
6.529381370000000061e+03 9.895253037523166206e-01
6.529415329999999813e+03 9.811459005178874149e-01
6.529449289999999564e+03 9.771659543550281768e-01
6.529483239999999569e+03 9.931598232822117511e-01
6.529517200000000230e+03 9.758802996627874426e-01
6.529551159999999982e+03 9.759628729404672409e-01
6.529585109999999986e+03 9.820647938880447958e-01
6.529619069999999738e+03 9.814086925581692045e-01
6.529653030000000399e+03 9.705480542473021721e-01
6.529686990000000151e+03 9.917576265721813611e-01
6.529720940000000155e+03 9.875220527815644633e-01
6.529754899999999907e+03 9.934569059500805155e-01
6.529788859999999659e+03 9.957794381495086444e-01
6.529822820000000320e+03 9.905822426838930550e-01
6.529856780000000072e+03 9.832439527110938826e-01
6.529890730000000076e+03 9.973026824891269015e-01
6.529924689999999828e+03 9.925214818546048701e-01
6.529958649999999579e+03 9.849208619679670207e-01
6.529992610000000241e+03 9.979164263357449549e-01
6.530026569999999992e+03 9.952113081768608760e-01
6.530060529999999744e+03 9.764063393293862525e-01
6.530094490000000405e+03 9.818117224715241509e-01
6.530128450000000157e+03 9.960297743095947176e-01
6.530162409999999909e+03 9.986078665076291161e-01
6.530196369999999661e+03 9.894360160714076313e-01
6.530230330000000322e+03 9.784014590246862264e-01
6.530264290000000074e+03 9.745594292939326886e-01
6.530298249999999825e+03 9.828145457028184540e-01
6.530332209999999577e+03 9.866372840824988444e-01
6.530366170000000238e+03 9.873913425420325352e-01
6.530400139999999737e+03 9.839908811787638765e-01
6.530434100000000399e+03 9.716306583938245645e-01
6.530468060000000150e+03 9.812135322466123410e-01
6.530502019999999902e+03 9.847984286108953933e-01
6.530535979999999654e+03 9.734935169445327885e-01
6.530569940000000315e+03 9.792900630134712125e-01
6.530603909999999814e+03 9.791032216172166347e-01
6.530637869999999566e+03 9.791731139112658244e-01
6.530671830000000227e+03 1.016524016635821814e+00
6.530705789999999979e+03 9.974029217552796700e-01
6.530739760000000388e+03 9.883516844246612587e-01
6.530773720000000139e+03 9.893488982322594660e-01
6.530807679999999891e+03 9.815558749002980532e-01
6.530841650000000300e+03 1.001994588578142054e+00
6.530875610000000052e+03 9.992147632273310487e-01
6.530909579999999551e+03 1.000461207262262731e+00
6.530943540000000212e+03 9.770796066641886934e-01
6.530977499999999964e+03 9.778799424885837865e-01
6.531011470000000372e+03 9.754441957353089387e-01
6.531045430000000124e+03 9.839066402991650806e-01
6.531079399999999623e+03 9.961496367420653586e-01
6.531113360000000284e+03 9.830271482714347808e-01
6.531147329999999783e+03 9.749037207521773496e-01
6.531181290000000445e+03 9.390659264048553112e-01
6.531215259999999944e+03 9.312812394889882217e-01
6.531249219999999696e+03 9.347138433117136991e-01
6.531283190000000104e+03 9.608471318457085797e-01
6.531317159999999603e+03 9.928480529371178642e-01
6.531351120000000265e+03 9.937393279485136066e-01
6.531385089999999764e+03 9.827198726262723616e-01
6.531419060000000172e+03 9.971122512123281600e-01
6.531453019999999924e+03 9.926860897273769302e-01
6.531486990000000333e+03 9.760494608626714141e-01
6.531520959999999832e+03 9.867728557064237016e-01
6.531554919999999584e+03 9.956485446781517812e-01
6.531588889999999992e+03 9.898173397476224267e-01
6.531622860000000401e+03 9.860762728118407372e-01
6.531656829999999900e+03 9.803974141780548157e-01
6.531690800000000309e+03 9.841536093295748522e-01
6.531724760000000060e+03 9.797697556250689610e-01
6.531758729999999559e+03 9.826322109092281432e-01
6.531792699999999968e+03 9.872548195715845631e-01
6.531826670000000377e+03 1.007930259677750850e+00
6.531860639999999876e+03 9.894313068289015689e-01
6.531894610000000284e+03 9.886870106671463709e-01
6.531928579999999783e+03 9.903858846369327784e-01
6.531962550000000192e+03 9.894840612066094776e-01
6.531996519999999691e+03 9.944266784271962312e-01
6.532030480000000352e+03 1.001975607319543604e+00
6.532064449999999852e+03 9.912310536327361143e-01
6.532098430000000008e+03 9.781634855444180099e-01
6.532132400000000416e+03 9.915091944134049040e-01
6.532166369999999915e+03 1.007164282614402273e+00
6.532200340000000324e+03 1.012721509187657354e+00
6.532234309999999823e+03 9.988877529030670832e-01
6.532268280000000232e+03 1.005862646825864903e+00
6.532302249999999731e+03 9.956275799479743505e-01
6.532336220000000139e+03 9.873822622270007621e-01
6.532370189999999639e+03 9.746752565779418509e-01
6.532404160000000047e+03 1.002275405239745565e+00
6.532438140000000203e+03 1.001675818204160517e+00
6.532472109999999702e+03 1.004022495321143849e+00
6.532506080000000111e+03 9.761675721263356476e-01
6.532540049999999610e+03 9.989394502597070957e-01
6.532574029999999766e+03 9.863410935311542893e-01
6.532608000000000175e+03 9.875073707026699177e-01
6.532641969999999674e+03 9.983558125184824883e-01
6.532675940000000082e+03 9.881866400837134856e-01
6.532709920000000238e+03 9.940293139701690261e-01
6.532743889999999737e+03 9.920402718419421007e-01
6.532777860000000146e+03 9.855589892179369427e-01
6.532811840000000302e+03 9.744156762844354835e-01
6.532845809999999801e+03 9.749396866716990573e-01
6.532879789999999957e+03 9.536081754693213064e-01
6.532913760000000366e+03 8.637655465030249502e-01
6.532947739999999612e+03 7.930517002759958078e-01
6.532981710000000021e+03 7.330846776960187050e-01
6.533015690000000177e+03 8.047202015820953402e-01
6.533049659999999676e+03 9.145076396117726159e-01
6.533083639999999832e+03 9.547656915312273673e-01
6.533117610000000241e+03 9.804611936349736379e-01
6.533151590000000397e+03 9.823874844303573939e-01
6.533185559999999896e+03 9.940529923810689228e-01
6.533219540000000052e+03 9.803215050064796321e-01
6.533253509999999551e+03 9.909570313302289435e-01
6.533287489999999707e+03 9.964866059093949735e-01
6.533321469999999863e+03 9.925535436251243793e-01
6.533355440000000272e+03 1.012202756124181535e+00
6.533389420000000428e+03 1.011178395605593971e+00
6.533423399999999674e+03 9.949020127579188966e-01
6.533457370000000083e+03 1.001320997473792884e+00
6.533491350000000239e+03 1.003468107833372036e+00
6.533525330000000395e+03 9.960970562148868668e-01
6.533559309999999641e+03 9.989582405986646707e-01
6.533593289999999797e+03 1.004556979873356237e+00
6.533627260000000206e+03 9.908472406522310649e-01
6.533661240000000362e+03 9.978211861547171546e-01
6.533695219999999608e+03 9.984682736140022552e-01
6.533729199999999764e+03 1.010463766008391051e+00
6.533763179999999920e+03 1.012367390105918030e+00
6.533797160000000076e+03 1.003820645950949775e+00
6.533831140000000232e+03 9.894214808875121392e-01
6.533865109999999731e+03 9.862258798077219168e-01
6.533899089999999887e+03 9.978457801311243491e-01
6.533933070000000043e+03 1.011709854390722141e+00
6.533967050000000199e+03 1.000193688927660363e+00
6.534001030000000355e+03 1.009768815320249313e+00
6.534035009999999602e+03 1.003287361391221211e+00
6.534068989999999758e+03 1.003665717734028240e+00
6.534102979999999661e+03 1.009508772324709813e+00
6.534136959999999817e+03 9.920930315548524003e-01
6.534170939999999973e+03 9.955214536290485361e-01
6.534204920000000129e+03 9.993225174617640372e-01
6.534238900000000285e+03 9.967632223801665692e-01
6.534272880000000441e+03 9.927778866129027824e-01
6.534306859999999688e+03 9.849002181739190398e-01
6.534340839999999844e+03 9.849917451116831923e-01
6.534374829999999747e+03 9.974472669310237016e-01
6.534408809999999903e+03 9.991211988583819092e-01
6.534442790000000059e+03 9.927428835903733262e-01
6.534476770000000215e+03 9.909307174808683616e-01
6.534510760000000118e+03 9.896354460669840591e-01
6.534544740000000274e+03 9.832325665979178009e-01
6.534578720000000430e+03 9.379910359773198092e-01
6.534612699999999677e+03 8.816047040527636991e-01
6.534646689999999580e+03 8.788443202947844313e-01
6.534680669999999736e+03 9.134004790158309905e-01
6.534714659999999640e+03 9.765974068483260773e-01
6.534748639999999796e+03 9.871111649484116679e-01
6.534782619999999952e+03 9.808547978003164802e-01
6.534816609999999855e+03 9.995715571658375653e-01
6.534850590000000011e+03 9.777246255725007273e-01
6.534884579999999914e+03 9.673975025431311714e-01
6.534918560000000070e+03 9.907397713418875096e-01
6.534952549999999974e+03 9.944326351629407812e-01
6.534986530000000130e+03 1.003994091933782862e+00
6.535020520000000033e+03 9.972034198246809700e-01
6.535054500000000189e+03 1.001869150144683696e+00
6.535088490000000093e+03 1.006122724273411428e+00
6.535122470000000249e+03 1.006893167406360146e+00
6.535156460000000152e+03 1.003606018733682159e+00
6.535190450000000055e+03 1.005265106680441667e+00
6.535224430000000211e+03 9.964056663215937748e-01
6.535258420000000115e+03 9.768855995471650289e-01
6.535292410000000018e+03 9.656115946378690529e-01
6.535326390000000174e+03 9.849876018459587934e-01
6.535360380000000077e+03 1.012643907312686276e+00
6.535394369999999981e+03 1.008156058390438758e+00
6.535428350000000137e+03 1.007861694815272546e+00
6.535462340000000040e+03 1.016005128914696964e+00
6.535496329999999944e+03 1.002708336670759870e+00
6.535530319999999847e+03 9.939644313260391773e-01
6.535564309999999750e+03 1.007722976785683677e+00
6.535598289999999906e+03 9.939521455403674821e-01
6.535632279999999810e+03 9.785113194092999178e-01
6.535666269999999713e+03 9.869215682417382673e-01
6.535700259999999616e+03 1.007963395701928722e+00
6.535734250000000429e+03 1.018453733866801381e+00
6.535768240000000333e+03 1.016788414755529280e+00
6.535802230000000236e+03 1.007734313992637798e+00
6.535836220000000139e+03 1.014215510265420450e+00
6.535870210000000043e+03 1.018959959823406702e+00
6.535904199999999946e+03 1.012139247979216616e+00
6.535938189999999850e+03 1.008412600326878739e+00
6.535972179999999753e+03 1.016256386665502554e+00
6.536006169999999656e+03 1.020595280437058161e+00
6.536040159999999560e+03 1.014800428059450699e+00
6.536074150000000373e+03 1.010082771004019220e+00
6.536108140000000276e+03 1.019771334542973751e+00
6.536142130000000179e+03 1.012248646847299094e+00
6.536176120000000083e+03 1.011374361347862960e+00
6.536210109999999986e+03 1.020676559280089712e+00
6.536244109999999637e+03 1.012835428226913415e+00
6.536278100000000450e+03 1.003227512938710042e+00
6.536312090000000353e+03 1.007689221168499349e+00
6.536346080000000256e+03 1.019011604210398714e+00
6.536380070000000160e+03 1.023419918661034433e+00
6.536414069999999811e+03 1.011413691129472214e+00
6.536448059999999714e+03 1.008427227552635586e+00
6.536482049999999617e+03 1.010820612019560638e+00
6.536516050000000178e+03 1.010977302183662774e+00
6.536550040000000081e+03 1.001138928259629246e+00
6.536584029999999984e+03 1.000487734033111309e+00
6.536618029999999635e+03 9.988456861271670650e-01
6.536652020000000448e+03 1.001636733855317596e+00
6.536686010000000351e+03 1.021493258977069551e+00
6.536720010000000002e+03 1.017790687698391316e+00
6.536753999999999905e+03 1.021349532159792073e+00
6.536787999999999556e+03 1.011344866144098464e+00
6.536821990000000369e+03 1.008477688707762221e+00
6.536855990000000020e+03 1.009305925278496607e+00
6.536889979999999923e+03 9.929954185643524722e-01
6.536923979999999574e+03 9.866760505496333655e-01
6.536957970000000387e+03 1.005841251220565447e+00
6.536991970000000038e+03 1.016501625550752186e+00
6.537025959999999941e+03 1.021134314544473787e+00
6.537059959999999592e+03 1.022020443720497163e+00
6.537093960000000152e+03 1.013447276906136674e+00
6.537127950000000055e+03 1.005604624737661101e+00
6.537161949999999706e+03 1.004908595387355774e+00
6.537195939999999609e+03 1.003945619001761491e+00
6.537229940000000170e+03 1.001921083826971426e+00
6.537263939999999820e+03 9.792181092432591383e-01
6.537297940000000381e+03 9.672763406538262831e-01
6.537331930000000284e+03 9.320217657978020487e-01
6.537365929999999935e+03 9.311409869243068016e-01
6.537399929999999586e+03 9.672204265297693615e-01
6.537433930000000146e+03 1.000581017337272005e+00
6.537467920000000049e+03 9.987268526570965976e-01
6.537501919999999700e+03 1.000453748366025186e+00
6.537535920000000260e+03 1.021776585168882034e+00
6.537569919999999911e+03 1.032004253344137146e+00
6.537603919999999562e+03 1.025709369414787853e+00
6.537637920000000122e+03 1.014494084355510140e+00
6.537671919999999773e+03 1.003013087499075695e+00
6.537705920000000333e+03 1.015537309454035864e+00
6.537739919999999984e+03 1.018239182511119667e+00
6.537773909999999887e+03 1.007664441959899460e+00
6.537807910000000447e+03 1.010327445428476523e+00
6.537841910000000098e+03 1.011942519493832737e+00
6.537875909999999749e+03 1.028237359571939180e+00
6.537909920000000056e+03 1.034607822191567994e+00
6.537943919999999707e+03 1.013299481648486378e+00
6.537977920000000267e+03 1.016020218063586222e+00
6.538011919999999918e+03 1.017628225763585137e+00
6.538045919999999569e+03 1.013426761718000169e+00
6.538079920000000129e+03 1.010357630610229318e+00
6.538113919999999780e+03 1.022080667905095774e+00
6.538147920000000340e+03 1.029665734687788659e+00
6.538181919999999991e+03 1.033373617261579946e+00
6.538215930000000299e+03 1.026213309546285757e+00
6.538249929999999949e+03 1.013818470691852269e+00
6.538283929999999600e+03 1.027600030921423713e+00
6.538317930000000160e+03 1.028875329419239870e+00
6.538351939999999558e+03 1.052180949007049948e+00
6.538385940000000119e+03 1.032576492713930261e+00
6.538419939999999769e+03 1.036445667161195239e+00
6.538453940000000330e+03 1.038077960595972904e+00
6.538487949999999728e+03 1.031362568790806788e+00
6.538521950000000288e+03 1.024504867663114771e+00
6.538555959999999686e+03 1.028393266514374904e+00
6.538589960000000247e+03 1.032742836475962322e+00
6.538623959999999897e+03 1.040159955234295275e+00
6.538657970000000205e+03 1.020323609248783958e+00
6.538691969999999856e+03 1.033252031952453187e+00
6.538725980000000163e+03 1.029502915056871748e+00
6.538759979999999814e+03 1.035287677803843565e+00
6.538793990000000122e+03 1.043794663581886439e+00
6.538827989999999772e+03 1.034359952585207854e+00
6.538862000000000080e+03 1.030241263640008453e+00
6.538895999999999731e+03 1.044380515369931262e+00
6.538930010000000038e+03 1.053567662196514210e+00
6.538964009999999689e+03 1.035110543584051745e+00
6.538998019999999997e+03 1.034799608094037371e+00
6.539032030000000304e+03 1.036008804572878583e+00
6.539066029999999955e+03 1.028117412444812029e+00
6.539100040000000263e+03 1.031327457113474066e+00
6.539134049999999661e+03 1.043779718793203193e+00
6.539168050000000221e+03 1.043793320052837981e+00
6.539202059999999619e+03 1.046560577101122380e+00
6.539236069999999927e+03 1.042813979301908889e+00
6.539270069999999578e+03 1.044529084440301903e+00
6.539304079999999885e+03 1.025711618829882710e+00
6.539338090000000193e+03 1.025388577742429419e+00
6.539372099999999591e+03 1.030318312504321154e+00
6.539406109999999899e+03 1.029021250007690291e+00
6.539440109999999549e+03 1.040663343295468612e+00
6.539474119999999857e+03 1.039833371151502206e+00
6.539508130000000165e+03 1.038678927975751787e+00
6.539542139999999563e+03 1.051545753833087460e+00
6.539576149999999870e+03 1.047281741398240262e+00
6.539610160000000178e+03 1.035651308261014814e+00
6.539644169999999576e+03 1.027377529095646391e+00
6.539678179999999884e+03 1.029274407421727489e+00
6.539712190000000192e+03 1.047882051827001781e+00
6.539746199999999590e+03 1.037993115380892561e+00
6.539780209999999897e+03 1.026950118707487203e+00
6.539814220000000205e+03 1.033213670244759186e+00
6.539848229999999603e+03 1.044628440923613955e+00
6.539882239999999911e+03 1.054569329556712676e+00
6.539916250000000218e+03 1.049405715527737648e+00
6.539950259999999616e+03 1.035166659634328079e+00
6.539984269999999924e+03 1.032054483894677910e+00
6.540018280000000232e+03 1.056706313951346399e+00
6.540052289999999630e+03 1.035742529537936774e+00
6.540086309999999685e+03 1.030211486734048387e+00
6.540120319999999992e+03 1.032989455810520596e+00
6.540154330000000300e+03 1.038808921320226508e+00
6.540188339999999698e+03 1.035023165508856868e+00
6.540222350000000006e+03 1.032268910501595860e+00
6.540256370000000061e+03 1.036570225476424412e+00
6.540290380000000368e+03 1.042077251763707357e+00
6.540324389999999767e+03 1.063917012893275782e+00
6.540358400000000074e+03 1.038546841026784850e+00
6.540392420000000129e+03 1.038367105762584730e+00
6.540426430000000437e+03 1.061772873475657519e+00
6.540460439999999835e+03 1.055984511543533788e+00
6.540494459999999890e+03 1.043642956316872317e+00
6.540528470000000198e+03 1.047248704291434018e+00
6.540562490000000253e+03 1.046939090933932892e+00
6.540596499999999651e+03 1.049753642229366513e+00
6.540630519999999706e+03 1.033078937164170652e+00
6.540664530000000013e+03 1.064733937673884023e+00
6.540698550000000068e+03 1.066886276497725383e+00
6.540732560000000376e+03 1.053881081916275830e+00
6.540766580000000431e+03 1.050616536499781706e+00
6.540800589999999829e+03 1.058451998221261015e+00
6.540834609999999884e+03 1.053924128049438691e+00
6.540868620000000192e+03 1.037449387862538597e+00
6.540902640000000247e+03 1.063956114775431505e+00
6.540936649999999645e+03 1.060594842627057721e+00
6.540970669999999700e+03 1.056650873957406089e+00
6.541004689999999755e+03 1.048069203919800740e+00
6.541038700000000063e+03 1.047598213194518069e+00
6.541072720000000118e+03 1.041919624645607056e+00
6.541106740000000173e+03 1.035840037662467905e+00
6.541140749999999571e+03 1.045777618740793002e+00
6.541174769999999626e+03 1.032581072559194402e+00
6.541208789999999681e+03 1.035640443085599216e+00
6.541242809999999736e+03 1.043808831480185217e+00
6.541276820000000043e+03 1.053446386589482975e+00
6.541310840000000098e+03 1.054348226592460414e+00
6.541344860000000153e+03 1.062313928609900149e+00
6.541378880000000208e+03 1.065183538816272923e+00
6.541412900000000263e+03 1.053175405878868265e+00
6.541446920000000318e+03 1.060738737135916487e+00
6.541480940000000373e+03 1.071622282457773245e+00
6.541514949999999772e+03 1.083424033588221036e+00
6.541548969999999827e+03 1.066608067940865601e+00
6.541582989999999882e+03 1.069573913529393794e+00
6.541617009999999937e+03 1.071840501232563136e+00
6.541651029999999992e+03 1.073343210577838214e+00
6.541685050000000047e+03 1.085032200076199160e+00
6.541719070000000102e+03 1.076943651694273418e+00
6.541753090000000157e+03 1.040085599033033770e+00
6.541787110000000212e+03 1.053224032468464522e+00
6.541821130000000267e+03 1.076468087716953015e+00
6.541855160000000069e+03 1.057893466792686255e+00
6.541889180000000124e+03 1.046799761920143679e+00
6.541923200000000179e+03 1.047035273701539815e+00
6.541957220000000234e+03 1.050634788234777073e+00
6.541991240000000289e+03 1.057597832278074801e+00
6.542025260000000344e+03 1.057276584162899269e+00
6.542059280000000399e+03 1.070183102240815254e+00
6.542093310000000201e+03 1.072028119523376288e+00
6.542127330000000256e+03 1.056132072752137496e+00
6.542161350000000311e+03 1.058223405662857441e+00
6.542195370000000366e+03 1.057540181232743626e+00
6.542229400000000169e+03 1.059307952435492250e+00
6.542263420000000224e+03 1.071965191926705696e+00
6.542297440000000279e+03 1.069406305204455343e+00
6.542331470000000081e+03 1.050766976149786425e+00
6.542365490000000136e+03 1.080117101496496090e+00
6.542399510000000191e+03 1.071164095780899217e+00
6.542433539999999994e+03 1.086028985407223590e+00
6.542467560000000049e+03 1.072971511099199748e+00
6.542501589999999851e+03 1.055286756532717307e+00
6.542535609999999906e+03 1.060635259428309940e+00
6.542569629999999961e+03 1.066390511953241305e+00
6.542603659999999763e+03 1.061241326160401677e+00
6.542637679999999818e+03 1.070596071179656938e+00
6.542671709999999621e+03 1.064897876426738721e+00
6.542705729999999676e+03 1.048879484171862941e+00
6.542739760000000388e+03 1.048385027125443569e+00
6.542773790000000190e+03 1.061680548110846001e+00
6.542807810000000245e+03 1.061767166150921593e+00
6.542841840000000047e+03 1.037494305597693955e+00
6.542875860000000102e+03 9.988994625102851632e-01
6.542909889999999905e+03 9.570777923375343166e-01
6.542943919999999707e+03 9.336466086772480244e-01
6.542977939999999762e+03 9.776880462196061439e-01
6.543011969999999565e+03 1.036221478133353635e+00
6.543046000000000276e+03 1.059208748431448299e+00
6.543080020000000331e+03 1.065838954054849630e+00
6.543114050000000134e+03 1.061753048865703875e+00
6.543148079999999936e+03 1.053191651639066251e+00
6.543182109999999739e+03 1.060706091075721780e+00
6.543216129999999794e+03 1.079069540140559891e+00
6.543250159999999596e+03 1.090973483570865321e+00
6.543284190000000308e+03 1.070924467776154687e+00
6.543318220000000110e+03 1.073819896588284806e+00
6.543352249999999913e+03 1.074158137126396184e+00
6.543386279999999715e+03 1.071661904761015638e+00
6.543420310000000427e+03 1.076610105593242217e+00
6.543454340000000229e+03 1.079020650003433612e+00
6.543488360000000284e+03 1.066130853265515821e+00
6.543522390000000087e+03 1.054171834440296163e+00
6.543556419999999889e+03 1.074444626487258470e+00
6.543590449999999691e+03 1.045109833721582726e+00
6.543624480000000403e+03 1.053446712858716161e+00
6.543658510000000206e+03 1.065171363278616834e+00
6.543692540000000008e+03 1.064800178510491246e+00
6.543726579999999558e+03 1.068359347361809153e+00
6.543760610000000270e+03 1.076984162772479214e+00
6.543794640000000072e+03 1.077535369868872328e+00
6.543828669999999875e+03 1.076641121478717489e+00
6.543862699999999677e+03 1.086587237690495256e+00
6.543896730000000389e+03 1.090351232858332908e+00
6.543930760000000191e+03 1.087940400298326171e+00
6.543964789999999994e+03 1.065626455656273119e+00
6.543998830000000453e+03 1.071584421226404515e+00
6.544032860000000255e+03 1.090192441146373703e+00
6.544066890000000058e+03 1.088491749774772366e+00
6.544100919999999860e+03 1.092886951871734125e+00
6.544134960000000319e+03 1.083833108892796160e+00
6.544168990000000122e+03 1.067769077556627089e+00
6.544203019999999924e+03 1.084780150452689496e+00
6.544237060000000383e+03 1.074289782795126102e+00
6.544271090000000186e+03 1.072829050026570696e+00
6.544305119999999988e+03 1.071748952179409686e+00
6.544339160000000447e+03 1.056778996172214935e+00
6.544373190000000250e+03 1.052740065122813373e+00
6.544407220000000052e+03 1.051512797076788353e+00
6.544441259999999602e+03 9.891690031042806863e-01
6.544475290000000314e+03 8.962448802159729278e-01
6.544509329999999864e+03 7.601535129844916305e-01
6.544543359999999666e+03 7.326241923843807013e-01
6.544577400000000125e+03 8.257551323104765917e-01
6.544611429999999928e+03 9.499545970626346314e-01
6.544645470000000387e+03 1.024703282051153019e+00
6.544679500000000189e+03 1.056169814600676160e+00
6.544713539999999739e+03 1.081678113517736683e+00
6.544747580000000198e+03 1.069571221551028684e+00
6.544781610000000001e+03 1.091551462206967305e+00
6.544815649999999550e+03 1.097528282563308144e+00
6.544849680000000262e+03 1.080827741378871165e+00
6.544883719999999812e+03 1.075534292862192931e+00
6.544917760000000271e+03 1.085216152415561686e+00
6.544951790000000074e+03 1.078531304649321232e+00
6.544985829999999623e+03 1.067755775339314539e+00
6.545019870000000083e+03 1.094046025585857507e+00
6.545053909999999632e+03 1.112422695758936486e+00
6.545087940000000344e+03 1.106620509763948768e+00
6.545121979999999894e+03 1.103659700414781009e+00
6.545156020000000353e+03 1.108731789911701737e+00
6.545190059999999903e+03 1.110325177401046970e+00
6.545224100000000362e+03 1.101703065276627314e+00
6.545258139999999912e+03 1.093880390402950153e+00
6.545292169999999714e+03 1.099512456839108809e+00
6.545326210000000174e+03 1.112067168919801619e+00
6.545360249999999724e+03 1.113962870909873004e+00
6.545394290000000183e+03 1.105452118088102065e+00
6.545428329999999733e+03 1.111243758550169769e+00
6.545462370000000192e+03 1.109005503691551153e+00
6.545496409999999742e+03 1.103367840894171614e+00
6.545530450000000201e+03 1.108508612313938047e+00
6.545564489999999751e+03 1.109464172900314294e+00
6.545598530000000210e+03 1.097222085337069775e+00
6.545632569999999760e+03 1.095062332325835053e+00
6.545666610000000219e+03 1.098567607228146059e+00
6.545700649999999769e+03 1.092668143070501419e+00
6.545734690000000228e+03 1.103530441364755088e+00
6.545768729999999778e+03 1.121162946685011486e+00
6.545802779999999984e+03 1.114600414413912777e+00
6.545836820000000444e+03 1.097895564289368631e+00
6.545870859999999993e+03 1.096502476482998256e+00
6.545904900000000453e+03 1.110824565142206621e+00
6.545938940000000002e+03 1.123903469312737879e+00
6.545972990000000209e+03 1.114845713859486276e+00
6.546007029999999759e+03 1.121270118618360900e+00
6.546041070000000218e+03 1.128839276384233203e+00
6.546075109999999768e+03 1.113104198261313904e+00
6.546109159999999974e+03 1.115494027113400621e+00
6.546143200000000434e+03 1.123783067546448855e+00
6.546177239999999983e+03 1.125837775436244081e+00
6.546211290000000190e+03 1.124720956040698105e+00
6.546245329999999740e+03 1.117564154522954212e+00
6.546279370000000199e+03 1.128746279216473303e+00
6.546313420000000406e+03 1.107999264717763443e+00
6.546347459999999955e+03 1.068499351104055473e+00
6.546381510000000162e+03 1.044521818203339558e+00
6.546415549999999712e+03 1.049724349655662747e+00
6.546449599999999919e+03 1.081865196594207879e+00
6.546483640000000378e+03 1.107141902031154368e+00
6.546517689999999675e+03 1.113517856510965132e+00
6.546551730000000134e+03 1.117668523283175785e+00
6.546585780000000341e+03 1.106393949156490253e+00
6.546619819999999891e+03 1.108853678682844679e+00
6.546653870000000097e+03 1.109950227362719755e+00
6.546687909999999647e+03 1.124341662735555136e+00
6.546721959999999854e+03 1.125058218193852211e+00
6.546756010000000060e+03 1.123801242333699379e+00
6.546790049999999610e+03 1.122152306145670853e+00
6.546824099999999817e+03 1.127432673535632590e+00
6.546858150000000023e+03 1.142829507110342480e+00
6.546892189999999573e+03 1.131609909964708782e+00
6.546926239999999780e+03 1.127949386601946991e+00
6.546960289999999986e+03 1.146467666687253528e+00
6.546994340000000193e+03 1.125539138840465636e+00
6.547028379999999743e+03 1.128890350350326033e+00
6.547062429999999949e+03 1.144084132010480426e+00
6.547096480000000156e+03 1.139954936503052796e+00
6.547130530000000363e+03 1.137175436548001795e+00
6.547164579999999660e+03 1.147413306395620225e+00
6.547198629999999866e+03 1.140791782065203153e+00
6.547232670000000326e+03 1.141192820593154744e+00
6.547266719999999623e+03 1.147767499477345909e+00
6.547300769999999829e+03 1.148258185470988346e+00
6.547334820000000036e+03 1.134231396008280157e+00
6.547368870000000243e+03 1.137908672928731990e+00
6.547402920000000449e+03 1.144938529070417266e+00
6.547436969999999747e+03 1.148441679351627442e+00
6.547471019999999953e+03 1.154372290181715943e+00
6.547505070000000160e+03 1.147181686683956370e+00
6.547539120000000366e+03 1.146060530154528134e+00
6.547573169999999664e+03 1.167531200085118570e+00
6.547607219999999870e+03 1.150490501385557307e+00
6.547641270000000077e+03 1.156291490675166234e+00
6.547675330000000031e+03 1.155228029757059627e+00
6.547709380000000237e+03 1.153317175804448036e+00
6.547743430000000444e+03 1.150424193691929275e+00
6.547777479999999741e+03 1.150593880645669920e+00
6.547811529999999948e+03 1.164733164717558944e+00
6.547845580000000155e+03 1.160190325213042772e+00
6.547879640000000109e+03 1.166894503279050088e+00
6.547913690000000315e+03 1.159816497271313418e+00
6.547947739999999612e+03 1.140171180366881032e+00
6.547981789999999819e+03 1.145296508105980049e+00
6.548015849999999773e+03 1.165234676758873933e+00
6.548049899999999980e+03 1.168715582609560766e+00
6.548083950000000186e+03 1.160240082314913490e+00
6.548118010000000140e+03 1.157694999267885994e+00
6.548152060000000347e+03 1.150042126643586071e+00
6.548186109999999644e+03 1.136390146531096823e+00
6.548220169999999598e+03 1.152056801281775789e+00
6.548254219999999805e+03 1.110052141339837650e+00
6.548288279999999759e+03 1.031171444479546784e+00
6.548322329999999965e+03 9.865000216116881493e-01
6.548356389999999919e+03 1.031187892038013976e+00
6.548390440000000126e+03 1.111149612095199135e+00
6.548424500000000080e+03 1.153756555425517583e+00
6.548458550000000287e+03 1.161476685444736257e+00
6.548492610000000241e+03 1.146585206213878827e+00
6.548526660000000447e+03 1.174150571598191251e+00
6.548560720000000401e+03 1.180964598342816529e+00
6.548594769999999698e+03 1.163758939075834054e+00
6.548628829999999653e+03 1.169424893367696283e+00
6.548662889999999607e+03 1.168773474752910380e+00
6.548696939999999813e+03 1.170693712196062775e+00
6.548730999999999767e+03 1.181251573334127780e+00
6.548765059999999721e+03 1.175906008932895430e+00
6.548799109999999928e+03 1.179813541660937437e+00
6.548833169999999882e+03 1.192299754124344968e+00
6.548867229999999836e+03 1.176676797732792989e+00
6.548901280000000042e+03 1.177359035197780734e+00
6.548935339999999997e+03 1.181945533483906186e+00
6.548969399999999951e+03 1.185807269415753540e+00
6.549003459999999905e+03 1.185816021428386824e+00
6.549037519999999859e+03 1.172799255643681038e+00
6.549071570000000065e+03 1.165674347728154592e+00
6.549105630000000019e+03 1.173888411809946630e+00
6.549139689999999973e+03 1.137857615087355390e+00
6.549173749999999927e+03 1.086999028988268279e+00
6.549207809999999881e+03 9.684923988896908531e-01
6.549241869999999835e+03 8.776487627653035695e-01
6.549275929999999789e+03 9.099429301766197575e-01
6.549309989999999743e+03 1.026667619096722106e+00
6.549344049999999697e+03 1.124832065441630835e+00
6.549378109999999651e+03 1.160802963746734973e+00
6.549412169999999605e+03 1.169334825890544938e+00
6.549446229999999559e+03 1.186566795904142158e+00
6.549480290000000423e+03 1.195955475537593848e+00
6.549514350000000377e+03 1.190755753570657882e+00
6.549548410000000331e+03 1.205185287275690298e+00
6.549582470000000285e+03 1.202042001766705726e+00
6.549616530000000239e+03 1.178893865588710232e+00
6.549650590000000193e+03 1.176904956264395841e+00
6.549684659999999894e+03 1.182506412695778719e+00
6.549718719999999848e+03 1.179755388059311683e+00
6.549752779999999802e+03 1.191556096860465708e+00
6.549786839999999756e+03 1.193486634110143108e+00
6.549820899999999710e+03 1.182627897450315269e+00
6.549854970000000321e+03 1.201311341527823151e+00
6.549889030000000275e+03 1.213000517095835340e+00
6.549923090000000229e+03 1.210345158291786793e+00
6.549957150000000183e+03 1.213228762626320290e+00
6.549991219999999885e+03 1.225959782101032403e+00
6.550025279999999839e+03 1.227792552805449189e+00
6.550059339999999793e+03 1.223101197725305012e+00
6.550093410000000404e+03 1.237033962444897162e+00
6.550127470000000358e+03 1.245063145100983260e+00
6.550161540000000059e+03 1.222204033137646251e+00
6.550195600000000013e+03 1.205876167863820791e+00
6.550229669999999714e+03 1.222393536508474599e+00
6.550263729999999669e+03 1.249368550509430298e+00
6.550297789999999623e+03 1.251558468827266291e+00
6.550331860000000233e+03 1.243648555752696172e+00
6.550365920000000187e+03 1.243182574032941412e+00
6.550399989999999889e+03 1.239471955782559753e+00
6.550434059999999590e+03 1.239402998601824679e+00
6.550468120000000454e+03 1.255057102950812409e+00
6.550502190000000155e+03 1.241152919535968291e+00
6.550536250000000109e+03 1.250880511968308184e+00
6.550570319999999811e+03 1.260415387431936374e+00
6.550604390000000421e+03 1.251471396285199322e+00
6.550638450000000375e+03 1.255106616597974289e+00
6.550672520000000077e+03 1.256918209135769793e+00
6.550706589999999778e+03 1.250816006789933432e+00
6.550740649999999732e+03 1.263323863625350540e+00
6.550774720000000343e+03 1.262198798691644086e+00
6.550808790000000045e+03 1.246406189572026646e+00
6.550842859999999746e+03 1.258062078647676607e+00
6.550876919999999700e+03 1.267683093398106919e+00
6.550910990000000311e+03 1.273881526617738569e+00
6.550945060000000012e+03 1.273811716755071322e+00
6.550979129999999714e+03 1.281493221399244042e+00
6.551013200000000325e+03 1.278443021873599816e+00
6.551047260000000279e+03 1.263498532041216871e+00
6.551081329999999980e+03 1.274690309287447088e+00
6.551115399999999681e+03 1.294443372174735041e+00
6.551149470000000292e+03 1.289148918300765612e+00
6.551183539999999994e+03 1.280120865328194801e+00
6.551217609999999695e+03 1.273305768612906341e+00
6.551251680000000306e+03 1.273747771626125624e+00
6.551285750000000007e+03 1.283664442855395604e+00
6.551319819999999709e+03 1.288856001576501820e+00
6.551353890000000320e+03 1.290556790831865586e+00
6.551387960000000021e+03 1.290512351205503228e+00
6.551422029999999722e+03 1.282765398046564753e+00
6.551456100000000333e+03 1.288454873890895414e+00
6.551490170000000035e+03 1.294853408808159134e+00
6.551524239999999736e+03 1.293978056278968003e+00
6.551558320000000094e+03 1.279758063297032900e+00
6.551592389999999796e+03 1.295825719219447780e+00
6.551626460000000407e+03 1.302178357496819983e+00
6.551660530000000108e+03 1.302625800218551122e+00
6.551694599999999809e+03 1.307431324157178221e+00
6.551728670000000420e+03 1.295622762094063463e+00
6.551762749999999869e+03 1.289348579864361577e+00
6.551796819999999570e+03 1.322325030667008461e+00
6.551830890000000181e+03 1.305425216527483778e+00
6.551864969999999630e+03 1.308613450908338471e+00
6.551899040000000241e+03 1.322170270262890135e+00
6.551933109999999942e+03 1.315890068862614282e+00
6.551967190000000301e+03 1.313456045205707579e+00
6.552001260000000002e+03 1.333060541381953401e+00
6.552035329999999703e+03 1.338054969481676348e+00
6.552069410000000062e+03 1.322526275756945591e+00
6.552103479999999763e+03 1.341949394536847695e+00
6.552137560000000121e+03 1.411112321831018646e+00
6.552171629999999823e+03 1.403757655421962403e+00
6.552205700000000434e+03 1.410900769065986049e+00
6.552239779999999882e+03 1.400915632991913462e+00
6.552273849999999584e+03 1.403773418666967476e+00
6.552307929999999942e+03 1.404025645978743686e+00
6.552342010000000300e+03 1.383027170761853997e+00
6.552376080000000002e+03 1.349592026551219126e+00
6.552410160000000360e+03 1.349508020849055079e+00
6.552444230000000061e+03 1.347106427573593557e+00
6.552478310000000420e+03 1.362811330711051205e+00
6.552512380000000121e+03 1.359573148521924901e+00
6.552546459999999570e+03 1.348361674109578523e+00
6.552580539999999928e+03 1.343681632133121751e+00
6.552614609999999630e+03 1.321568756358198149e+00
6.552648689999999988e+03 1.314075171406869247e+00
6.552682770000000346e+03 1.315563040873629852e+00
6.552716849999999795e+03 1.329688635284411058e+00
6.552750920000000406e+03 1.355633558969421282e+00
6.552784999999999854e+03 1.363540300832941199e+00
6.552819080000000213e+03 1.369972230730042595e+00
6.552853159999999662e+03 1.368866853194889543e+00
6.552887240000000020e+03 1.395163794778355504e+00
6.552921309999999721e+03 1.377957692332248296e+00
6.552955390000000079e+03 1.378855882046586823e+00
6.552989470000000438e+03 1.398143442175139972e+00
6.553023549999999886e+03 1.388512980798753071e+00
6.553057630000000245e+03 1.382896492369698693e+00
6.553091709999999694e+03 1.388745415968748675e+00
6.553125790000000052e+03 1.356461822952084617e+00
6.553159870000000410e+03 1.313782028293904336e+00
6.553193949999999859e+03 1.215401265993940161e+00
6.553228030000000217e+03 1.039541314070777434e+00
6.553262109999999666e+03 9.934466829703220148e-01
6.553296190000000024e+03 1.106597239902241014e+00
6.553330270000000382e+03 1.256733713816847731e+00
6.553364349999999831e+03 1.331150642154770303e+00
6.553398430000000189e+03 1.345189031460827023e+00
6.553432509999999638e+03 1.360903710900904340e+00
6.553466589999999997e+03 1.389027640676447461e+00
6.553500670000000355e+03 1.413686690151327641e+00
6.553534759999999551e+03 1.425067173264256137e+00
6.553568839999999909e+03 1.428010516526986740e+00
6.553602920000000267e+03 1.427057675935001546e+00
6.553636999999999716e+03 1.440853069874456382e+00
6.553671080000000075e+03 1.442405638981551164e+00
6.553705170000000180e+03 1.445705056735383742e+00
6.553739249999999629e+03 1.457553785798989976e+00
6.553773329999999987e+03 1.460068323295631521e+00
6.553807410000000345e+03 1.458999963359900454e+00
6.553841500000000451e+03 1.468214182492668218e+00
6.553875579999999900e+03 1.463748055210606358e+00
6.553909670000000006e+03 1.472859492673889603e+00
6.553943750000000364e+03 1.506739815407889260e+00
6.553977829999999813e+03 1.493521633946395477e+00
6.554011919999999918e+03 1.488131195869120571e+00
6.554046000000000276e+03 1.485048357712621003e+00
6.554080090000000382e+03 1.484655213648264027e+00
6.554114169999999831e+03 1.494165561034022094e+00
6.554148250000000189e+03 1.506409088848920552e+00
6.554182340000000295e+03 1.507863295942975190e+00
6.554216419999999744e+03 1.490443175639534656e+00
6.554250509999999849e+03 1.502137590340974382e+00
6.554284599999999955e+03 1.485216026507398812e+00
6.554318680000000313e+03 1.468040915154099180e+00
6.554352770000000419e+03 1.410148806671415178e+00
6.554386849999999868e+03 1.339742109428122330e+00
6.554420939999999973e+03 1.333825081612187713e+00
6.554455030000000079e+03 1.401328367340141989e+00
6.554489110000000437e+03 1.467635475773226839e+00
6.554523199999999633e+03 1.485334495729948356e+00
6.554557289999999739e+03 1.493305593318496438e+00
6.554591370000000097e+03 1.531060146863611138e+00
6.554625460000000203e+03 1.529608837784884878e+00
6.554659550000000309e+03 1.548869906837984534e+00
6.554693640000000414e+03 1.545042549313391911e+00
6.554727719999999863e+03 1.568861650407224362e+00
6.554761809999999969e+03 1.573643957849566677e+00
6.554795900000000074e+03 1.584851405789244216e+00
6.554829990000000180e+03 1.593791096956731934e+00
6.554864080000000286e+03 1.584620515072034275e+00
6.554898170000000391e+03 1.603289085248063239e+00
6.554932249999999840e+03 1.602077931742523775e+00
6.554966339999999946e+03 1.633147438769410931e+00
6.555000430000000051e+03 1.617629283146612806e+00
6.555034520000000157e+03 1.632098549318639735e+00
6.555068610000000263e+03 1.626022833080800645e+00
6.555102700000000368e+03 1.636251035062461945e+00
6.555136789999999564e+03 1.654085675364057373e+00
6.555170879999999670e+03 1.649461298647470819e+00
6.555204969999999776e+03 1.640808036400633885e+00
6.555239059999999881e+03 1.647629039423341490e+00
6.555273149999999987e+03 1.655926241139501265e+00
6.555307240000000093e+03 1.673063383758360612e+00
6.555341330000000198e+03 1.672767174850367189e+00
6.555375430000000051e+03 1.667379659890251498e+00
6.555409520000000157e+03 1.685672889334522084e+00
6.555443610000000263e+03 1.703042095348039631e+00
6.555477700000000368e+03 1.706690383514928300e+00
6.555511789999999564e+03 1.700348119162274019e+00
6.555545879999999670e+03 1.716378800742263344e+00
6.555579980000000432e+03 1.744758561528597207e+00
6.555614069999999629e+03 1.745032823062825367e+00
6.555648159999999734e+03 1.746293273313045402e+00
6.555682249999999840e+03 1.741541472931567247e+00
6.555716349999999693e+03 1.717068176745126351e+00
6.555750439999999799e+03 1.756626839196079981e+00
6.555784529999999904e+03 1.761837318750530512e+00
6.555818629999999757e+03 1.772766173571051374e+00
6.555852719999999863e+03 1.799558583895258801e+00
6.555886809999999969e+03 1.804474501577070455e+00
6.555920909999999822e+03 1.796096604851637357e+00
6.555954999999999927e+03 1.800910620797070205e+00
6.555989099999999780e+03 1.805711598620377334e+00
6.556023189999999886e+03 1.810092548322867367e+00
6.556057289999999739e+03 1.810994504692848173e+00
6.556091379999999845e+03 1.851133857556749973e+00
6.556125479999999698e+03 1.874030698738512468e+00
6.556159569999999803e+03 1.875814326650134367e+00
6.556193669999999656e+03 1.872040348829465906e+00
6.556227759999999762e+03 1.875661615329689891e+00
6.556261859999999615e+03 1.894313556073933258e+00
6.556295949999999721e+03 1.912684484726876022e+00
6.556330049999999574e+03 1.916234107809705822e+00
6.556364150000000336e+03 1.919204988205877704e+00
6.556398240000000442e+03 1.925964705331319360e+00
6.556432340000000295e+03 1.952342049879068009e+00
6.556466440000000148e+03 1.943106239341530372e+00
6.556500530000000253e+03 1.941232178073202697e+00
6.556534630000000107e+03 1.951804201335196831e+00
6.556568729999999960e+03 1.955218420316757522e+00
6.556602829999999813e+03 1.971967330612448333e+00
6.556636919999999918e+03 2.011506932054335284e+00
6.556671019999999771e+03 2.029765395403485773e+00
6.556705119999999624e+03 2.021997566024503978e+00
6.556739220000000387e+03 2.046641352504344535e+00
6.556773320000000240e+03 2.077943367879479641e+00
6.556807410000000345e+03 2.068922973244399000e+00
6.556841510000000198e+03 2.072268966757218056e+00
6.556875610000000052e+03 2.090636125669302459e+00
6.556909709999999905e+03 2.116575998734774977e+00
6.556943809999999758e+03 2.130359358629713373e+00
6.556977909999999611e+03 2.128448563079672784e+00
6.557012010000000373e+03 2.148787273111977036e+00
6.557046110000000226e+03 2.177332813488395580e+00
6.557080210000000079e+03 2.174029459487087923e+00
6.557114309999999932e+03 2.183253819923841821e+00
6.557148409999999785e+03 2.207037360580197394e+00
6.557182509999999638e+03 2.218616705973333048e+00
6.557216610000000401e+03 2.227667209605347587e+00
6.557250710000000254e+03 2.254502083321045180e+00
6.557284810000000107e+03 2.285038096951867548e+00
6.557318919999999707e+03 2.278213533864901663e+00
6.557353019999999560e+03 2.293802569583354600e+00
6.557387120000000323e+03 2.310368616798553987e+00
6.557421220000000176e+03 2.313565428279991565e+00
6.557455320000000029e+03 2.342392462572663092e+00
6.557489419999999882e+03 2.343536938735285791e+00
6.557523530000000392e+03 2.389499690760627182e+00
6.557557630000000245e+03 2.371669425385596774e+00
6.557591730000000098e+03 2.389036084844670338e+00
6.557625839999999698e+03 2.400064935039193603e+00
6.557659939999999551e+03 2.422565978791941799e+00
6.557694040000000314e+03 2.398775653711274547e+00
6.557728140000000167e+03 2.345757669476545626e+00
6.557762249999999767e+03 2.218231387120086495e+00
6.557796349999999620e+03 2.079242669749622685e+00
6.557830460000000130e+03 2.143381548412143456e+00
6.557864559999999983e+03 2.367779377636561211e+00
6.557898659999999836e+03 2.516435029308309534e+00
6.557932770000000346e+03 2.546282968595301899e+00
6.557966870000000199e+03 2.586481172875585877e+00
6.558000979999999799e+03 2.622170332470154186e+00
6.558035079999999653e+03 2.646655167991501578e+00
6.558069190000000162e+03 2.655532300120155398e+00
6.558103290000000015e+03 2.690111409022003297e+00
6.558137399999999616e+03 2.734575385878923459e+00
6.558171510000000126e+03 2.750492716466963028e+00
6.558205609999999979e+03 2.757061924713714696e+00
6.558239719999999579e+03 2.783060429091970267e+00
6.558273820000000342e+03 2.832705868500309698e+00
6.558307929999999942e+03 2.853046779798766863e+00
6.558342040000000452e+03 2.849346005109752777e+00
6.558376140000000305e+03 2.883364025464953517e+00
6.558410249999999905e+03 2.906137592461227825e+00
6.558444360000000415e+03 2.924170619351562639e+00
6.558478460000000268e+03 2.955689702614226810e+00
6.558512569999999869e+03 2.998048090703085311e+00
6.558546680000000379e+03 3.008521301078063814e+00
6.558580789999999979e+03 3.002653597994981993e+00
6.558614899999999579e+03 3.039012136452841517e+00
6.558649000000000342e+03 3.056098753073682062e+00
6.558683109999999942e+03 3.074592329458906370e+00
6.558717220000000452e+03 3.001366981853270666e+00
6.558751330000000053e+03 2.959058562803535963e+00
6.558785439999999653e+03 2.975695563232411356e+00
6.558819550000000163e+03 3.056053740199119684e+00
6.558853659999999763e+03 3.197678830161450936e+00
6.558887770000000273e+03 3.261612886054029659e+00
6.558921879999999874e+03 3.285333547486750216e+00
6.558955990000000384e+03 3.348423540490047312e+00
6.558990099999999984e+03 3.363681354026366144e+00
6.559024209999999584e+03 3.389412748001603415e+00
6.559058320000000094e+03 3.439546300192387385e+00
6.559092429999999695e+03 3.495946931414814607e+00
6.559126540000000205e+03 3.517062503014691366e+00
6.559160649999999805e+03 3.553506052114198344e+00
6.559194760000000315e+03 3.537748243084219535e+00
6.559228869999999915e+03 3.536001287859199760e+00
6.559262980000000425e+03 3.542628392467905396e+00
6.559297090000000026e+03 3.594571340772346080e+00
6.559331210000000283e+03 3.664303358190568183e+00
6.559365319999999883e+03 3.681308104218119936e+00
6.559399430000000393e+03 3.735935280222976385e+00
6.559433539999999994e+03 3.797169437316603613e+00
6.559467649999999594e+03 3.830976125496490248e+00
6.559501769999999851e+03 3.847079843802374111e+00
6.559535880000000361e+03 3.880635682000915132e+00
6.559569989999999962e+03 3.925602583938704537e+00
6.559604110000000219e+03 3.967150974025415167e+00
6.559638219999999819e+03 3.996967495704061513e+00
6.559672330000000329e+03 4.042921242964977679e+00
6.559706449999999677e+03 4.084652049801469786e+00
6.559740560000000187e+03 4.082686558519077025e+00
6.559774669999999787e+03 4.089300087027305075e+00
6.559808790000000045e+03 4.151413767829279067e+00
6.559842899999999645e+03 4.193630144695804418e+00
6.559877019999999902e+03 4.240500233821373754e+00
6.559911130000000412e+03 4.241172192622136627e+00
6.559945249999999760e+03 4.256914771228089478e+00
6.559979360000000270e+03 4.280182018124716770e+00
6.560013479999999618e+03 4.325637322763586035e+00
6.560047590000000127e+03 4.382453406119409145e+00
6.560081710000000385e+03 4.421169560480640470e+00
6.560115819999999985e+03 4.439241452915582364e+00
6.560149940000000242e+03 4.470872484520040935e+00
6.560184059999999590e+03 4.521501763645098926e+00
6.560218170000000100e+03 4.533869089884550618e+00
6.560252290000000357e+03 4.555526174458074173e+00
6.560286409999999705e+03 4.625646738140295255e+00
6.560320520000000215e+03 4.628979570815105582e+00
6.560354639999999563e+03 4.651777965528506975e+00
6.560388759999999820e+03 4.692836963023301777e+00
6.560422870000000330e+03 4.727510848864286963e+00
6.560456989999999678e+03 4.769862984194420896e+00
6.560491109999999935e+03 4.794997015807910046e+00
6.560525230000000192e+03 4.779862185113862516e+00
6.560559350000000450e+03 4.771509105033967302e+00
6.560593460000000050e+03 4.800591562375833732e+00
6.560627580000000307e+03 4.840073616284678693e+00
6.560661699999999655e+03 4.823433104331486199e+00
6.560695819999999912e+03 4.821802988212398056e+00
6.560729940000000170e+03 4.846265863968503673e+00
6.560764060000000427e+03 4.833937799647985756e+00
6.560798179999999775e+03 4.861601795686940619e+00
6.560832300000000032e+03 4.891985830749685960e+00
6.560866420000000289e+03 4.905835883094034955e+00
6.560900539999999637e+03 4.892007983716597508e+00
6.560934659999999894e+03 4.884364433449922771e+00
6.560968780000000152e+03 4.929540852380088545e+00
6.561002900000000409e+03 4.923352394555339906e+00
6.561037019999999757e+03 4.886529159506728170e+00
6.561071140000000014e+03 4.740251293599070159e+00
6.561105260000000271e+03 4.575897742482922581e+00
6.561139379999999619e+03 4.629404641398263465e+00
6.561173499999999876e+03 4.845562798145650163e+00
6.561207620000000134e+03 5.061916137190602072e+00
6.561241750000000138e+03 5.118496754539142657e+00
6.561275870000000396e+03 5.080733689656762309e+00
6.561309989999999743e+03 5.080692874864304542e+00
6.561344110000000001e+03 5.119009699196609198e+00
6.561378230000000258e+03 5.150612033805680667e+00
6.561412360000000263e+03 5.168048336857447467e+00
6.561446479999999610e+03 5.211381909197808859e+00
6.561480599999999868e+03 5.223571504017636258e+00
6.561514729999999872e+03 5.261505160211627619e+00
6.561548850000000130e+03 5.278986939293825564e+00
6.561582970000000387e+03 5.307846591394272728e+00
6.561617100000000391e+03 5.322087683900270427e+00
6.561651219999999739e+03 5.307557029495802325e+00
6.561685339999999997e+03 5.259456998653522675e+00
6.561719470000000001e+03 5.175868116285469611e+00
6.561753590000000258e+03 5.171702691364244764e+00
6.561787720000000263e+03 5.334052243160958717e+00
6.561821839999999611e+03 5.484655017798908183e+00
6.561855969999999616e+03 5.540168233773805184e+00
6.561890089999999873e+03 5.590189538469028996e+00
6.561924219999999877e+03 5.662224877195502160e+00
6.561958340000000135e+03 5.705701640052692980e+00
6.561992470000000139e+03 5.756301483774689309e+00
6.562026590000000397e+03 5.758398330916601360e+00
6.562060720000000401e+03 5.776585449784247928e+00
6.562094850000000406e+03 5.812397668420060448e+00
6.562128969999999754e+03 5.832213380418243887e+00
6.562163099999999758e+03 5.849455010716629211e+00
6.562197229999999763e+03 5.859470202354406076e+00
6.562231350000000020e+03 5.880616855246170616e+00
6.562265480000000025e+03 5.907881161552036353e+00
6.562299610000000030e+03 5.865543955424962874e+00
6.562333730000000287e+03 5.838613246519367195e+00
6.562367860000000292e+03 5.876798693122076145e+00
6.562401990000000296e+03 5.865468200669986309e+00
6.562436120000000301e+03 5.869205837936726233e+00
6.562470250000000306e+03 5.862490155819901183e+00
6.562504369999999653e+03 5.845625522096493221e+00
6.562538499999999658e+03 5.840813470011193331e+00
6.562572629999999663e+03 5.822832250370347573e+00
6.562606759999999667e+03 5.803044992098651988e+00
6.562640889999999672e+03 5.801331443927422171e+00
6.562675019999999677e+03 5.770703275312651925e+00
6.562709149999999681e+03 5.771853448705325462e+00
6.562743279999999686e+03 5.721931887766974256e+00
6.562777409999999691e+03 5.749525563325495803e+00
6.562811539999999695e+03 5.710759361361804842e+00
6.562845669999999700e+03 5.660307660409138464e+00
6.562879799999999705e+03 5.671829018199662009e+00
6.562913929999999709e+03 5.648218430705322923e+00
6.562948059999999714e+03 5.607091645160615201e+00
6.562982189999999719e+03 5.596017824682560260e+00
6.563016319999999723e+03 5.520620010151474411e+00
6.563050449999999728e+03 5.407269924811082262e+00
6.563084579999999733e+03 5.395464569603826810e+00
6.563118709999999737e+03 5.426667801005904401e+00
6.563152839999999742e+03 5.429610976823500579e+00
6.563186980000000403e+03 5.471396999204117151e+00
6.563221110000000408e+03 5.464328480843793301e+00
6.563255240000000413e+03 5.463140297949720114e+00
6.563289370000000417e+03 5.447237554093868006e+00
6.563323500000000422e+03 5.433723038344661305e+00
6.563357640000000174e+03 5.422729100181391537e+00
6.563391770000000179e+03 5.421031367108341215e+00
6.563425900000000183e+03 5.422907931711322682e+00
6.563460039999999935e+03 5.397045306488058358e+00
6.563494169999999940e+03 5.386224871824516924e+00
6.563528299999999945e+03 5.376585944744401324e+00
6.563562439999999697e+03 5.355778513215799563e+00
6.563596569999999701e+03 5.343609576020007523e+00
6.563630710000000363e+03 5.358071609537030433e+00
6.563664840000000368e+03 5.380778086093847001e+00
6.563698970000000372e+03 5.396677843424083854e+00
6.563733110000000124e+03 5.390652075089340300e+00
6.563767240000000129e+03 5.357355980020448882e+00
6.563801379999999881e+03 5.342683871997770062e+00
6.563835509999999886e+03 5.343730509165138365e+00
6.563869649999999638e+03 5.321018286774241268e+00
6.563903779999999642e+03 5.309183085122554324e+00
6.563937920000000304e+03 5.317129738027193575e+00
6.563972060000000056e+03 5.329128084713693703e+00
6.564006190000000061e+03 5.307883818783253105e+00
6.564040329999999813e+03 5.294062872114077223e+00
6.564074459999999817e+03 5.197505521207953727e+00
6.564108599999999569e+03 5.030493571833917876e+00
6.564142740000000231e+03 4.929185399345239915e+00
6.564176870000000235e+03 4.987632555238515231e+00
6.564211009999999987e+03 5.164841926793573457e+00
6.564245149999999740e+03 5.291137539666261880e+00
6.564279290000000401e+03 5.324682970617657496e+00
6.564313420000000406e+03 5.334527328891065956e+00
6.564347560000000158e+03 5.307782250592636863e+00
6.564381699999999910e+03 5.346018787172146958e+00
6.564415839999999662e+03 5.327111183002016581e+00
6.564449980000000323e+03 5.301656109053729082e+00
6.564484120000000075e+03 5.297274008771586828e+00
6.564518250000000080e+03 5.292185780407736573e+00
6.564552389999999832e+03 5.301260336582036103e+00
6.564586529999999584e+03 5.275752757314491781e+00
6.564620670000000246e+03 5.181211500601285991e+00
6.564654809999999998e+03 5.021452551828856414e+00
6.564688949999999750e+03 4.938234149536103068e+00
6.564723090000000411e+03 4.983624312499563835e+00
6.564757230000000163e+03 4.904638004557702047e+00
6.564791369999999915e+03 4.564042863505880732e+00
6.564825509999999667e+03 4.266859423420836350e+00
6.564859650000000329e+03 4.402268143271528267e+00
6.564893790000000081e+03 4.799222082428023839e+00
6.564927929999999833e+03 5.039741790429065560e+00
6.564962069999999585e+03 5.132770471765191189e+00
6.564996210000000247e+03 5.154863602173939796e+00
6.565030359999999746e+03 5.148320655904022658e+00
6.565064500000000407e+03 5.158746826796410723e+00
6.565098640000000159e+03 5.159777344530622756e+00
6.565132779999999912e+03 5.123423750209246563e+00
6.565166919999999664e+03 5.106990278093605617e+00
6.565201070000000072e+03 5.115626307662702210e+00
6.565235209999999825e+03 5.086515376219798767e+00
6.565269349999999577e+03 5.066087657852440529e+00
6.565303490000000238e+03 4.986406135125466044e+00
6.565337639999999737e+03 4.970836920081285193e+00
6.565371780000000399e+03 4.919865250589653627e+00
6.565405920000000151e+03 4.891678784137021729e+00
6.565440069999999650e+03 4.868833230750133190e+00
6.565474210000000312e+03 4.890409939699514652e+00
6.565508350000000064e+03 4.867799235501841792e+00
6.565542499999999563e+03 4.848372989896038376e+00
6.565576640000000225e+03 4.875501718986558153e+00
6.565610789999999724e+03 4.855679529032316921e+00
6.565644930000000386e+03 4.800343432988508852e+00
6.565679079999999885e+03 4.785856601432440627e+00
6.565713219999999637e+03 4.798596473521928196e+00
6.565747370000000046e+03 4.799109685412547677e+00
6.565781509999999798e+03 4.751659316470345118e+00
6.565815660000000207e+03 4.737390243572003889e+00
6.565849799999999959e+03 4.717665003978773974e+00
6.565883950000000368e+03 4.696623973603367475e+00
6.565918090000000120e+03 4.653498643580538996e+00
6.565952239999999620e+03 4.668710523861038908e+00
6.565986390000000029e+03 4.692421481492356605e+00
6.566020529999999781e+03 4.686946650226606614e+00
6.566054680000000189e+03 4.681932140688737753e+00
6.566088829999999689e+03 4.666346133117789563e+00
6.566122970000000350e+03 4.663247993388051071e+00
6.566157119999999850e+03 4.645408238704045623e+00
6.566191270000000259e+03 4.606484279125910852e+00
6.566225419999999758e+03 4.621833590222068189e+00
6.566259560000000420e+03 4.669964354472364576e+00
6.566293709999999919e+03 4.693468784387121673e+00
6.566327860000000328e+03 4.698440175783145989e+00
6.566362009999999827e+03 4.692293870614591356e+00
6.566396160000000236e+03 4.704949684353757711e+00
6.566430309999999736e+03 4.721384035393064060e+00
6.566464450000000397e+03 4.717297563772925528e+00
6.566498599999999897e+03 4.710836982516024563e+00
6.566532750000000306e+03 4.724001488893502909e+00
6.566566899999999805e+03 4.734375441940305684e+00
6.566601050000000214e+03 4.729861259940684626e+00
6.566635199999999713e+03 4.769939979497087812e+00
6.566669350000000122e+03 4.748844467808489789e+00
6.566703499999999622e+03 4.749651704353843762e+00
6.566737650000000031e+03 4.754854300768543318e+00
6.566771800000000439e+03 4.720487663435287473e+00
6.566805949999999939e+03 4.717354286507208450e+00
6.566840100000000348e+03 4.685521982724456080e+00
6.566874249999999847e+03 4.656776721895306892e+00
6.566908410000000003e+03 4.638106885793773948e+00
6.566942560000000412e+03 4.603880981369705694e+00
6.566976709999999912e+03 4.590124580977177793e+00
6.567010860000000321e+03 4.574593693822078144e+00
6.567045009999999820e+03 4.527800741983732280e+00
6.567079160000000229e+03 4.537648760225843958e+00
6.567113320000000385e+03 4.477671391617895402e+00
6.567147469999999885e+03 4.425522003024431328e+00
6.567181620000000294e+03 4.365740062257811083e+00
6.567215769999999793e+03 4.340147223226487938e+00
6.567249929999999949e+03 4.334521642102071581e+00
6.567284080000000358e+03 4.346841316416925061e+00
6.567318229999999858e+03 4.320672352713359032e+00
6.567352390000000014e+03 4.290262812173974538e+00
6.567386540000000423e+03 4.260075341001186011e+00
6.567420689999999922e+03 4.235522322684439622e+00
6.567454850000000079e+03 4.210039287657110663e+00
6.567488999999999578e+03 4.151455575341675974e+00
6.567523159999999734e+03 4.119337258057268691e+00
6.567557310000000143e+03 4.077775236155281924e+00
6.567591470000000299e+03 4.096763727888551365e+00
6.567625619999999799e+03 4.079481278798828825e+00
6.567659779999999955e+03 4.013987878275242061e+00
6.567693930000000364e+03 3.979222826868900942e+00
6.567728089999999611e+03 3.952532356103946487e+00
6.567762240000000020e+03 3.913995913491952638e+00
6.567796400000000176e+03 3.872447892470923581e+00
6.567830549999999675e+03 3.832644968712330069e+00
6.567864709999999832e+03 3.797556448754600744e+00
6.567898869999999988e+03 3.770132539489734480e+00
6.567933020000000397e+03 3.721383731770765202e+00
6.567967179999999644e+03 3.659212953320421846e+00
6.568001339999999800e+03 3.649144855467360671e+00
6.568035490000000209e+03 3.629748607127492033e+00
6.568069650000000365e+03 3.574448252329493148e+00
6.568103809999999612e+03 3.560244555768706132e+00
6.568137969999999768e+03 3.487551032086794844e+00
6.568172120000000177e+03 3.462701916098684940e+00
6.568206280000000334e+03 3.430073863137861334e+00
6.568240439999999580e+03 3.404825201784503541e+00
6.568274599999999737e+03 3.350282259562688658e+00
6.568308759999999893e+03 3.316716644513703294e+00
6.568342910000000302e+03 3.298680446369869124e+00
6.568377069999999549e+03 3.260835431688566821e+00
6.568411229999999705e+03 3.219955064668675426e+00
6.568445389999999861e+03 3.190490560286375121e+00
6.568479550000000017e+03 3.188646061537210308e+00
6.568513710000000174e+03 3.145092292523785193e+00
6.568547870000000330e+03 3.149631568366973333e+00
6.568582029999999577e+03 3.114343488141620764e+00
6.568616189999999733e+03 3.069462335324482094e+00
6.568650349999999889e+03 3.053405571508827077e+00
6.568684510000000046e+03 3.025843872208763496e+00
6.568718670000000202e+03 2.997252588459549560e+00
6.568752830000000358e+03 2.963928742378392212e+00
6.568786989999999605e+03 2.948235058388630758e+00
6.568821149999999761e+03 2.934327686443364502e+00
6.568855319999999665e+03 2.905031658114802795e+00
6.568889479999999821e+03 2.865999660387741788e+00
6.568923639999999978e+03 2.826580021404655252e+00
6.568957800000000134e+03 2.823502131913789626e+00
6.568991960000000290e+03 2.825553771106244394e+00
6.569026120000000446e+03 2.781084791184842864e+00
6.569060290000000350e+03 2.763576926509811127e+00
6.569094449999999597e+03 2.771299647998723081e+00
6.569128609999999753e+03 2.726766633663419537e+00
6.569162769999999909e+03 2.677383920802874684e+00
6.569196939999999813e+03 2.651490519140413227e+00
6.569231099999999969e+03 2.622751558921001536e+00
6.569265260000000126e+03 2.611020250849528157e+00
6.569299430000000029e+03 2.570714313954513219e+00
6.569333590000000186e+03 2.509622181299400623e+00
6.569367760000000089e+03 2.475127568826735569e+00
6.569401920000000246e+03 2.439566540868099764e+00
6.569436080000000402e+03 2.397635640132568469e+00
6.569470250000000306e+03 2.371372013688608060e+00
6.569504409999999552e+03 2.377884385510314225e+00
6.569538580000000366e+03 2.406425768167131718e+00
6.569572739999999612e+03 2.437391096930108247e+00
6.569606910000000425e+03 2.409835136647416665e+00
6.569641069999999672e+03 2.415673920718052869e+00
6.569675239999999576e+03 2.372124364019061904e+00
6.569709410000000389e+03 2.340727464228103738e+00
6.569743569999999636e+03 2.342019348358720165e+00
6.569777740000000449e+03 2.345352940827788224e+00
6.569811899999999696e+03 2.341311339414296810e+00
6.569846069999999600e+03 2.318920608773900938e+00
6.569880240000000413e+03 2.302423335027049323e+00
6.569914399999999659e+03 2.302227656512539244e+00
6.569948569999999563e+03 2.256504344300312770e+00
6.569982740000000376e+03 2.207674160473557468e+00
6.570016899999999623e+03 2.205546494675903801e+00
6.570051070000000436e+03 2.177598016549985083e+00
6.570085240000000340e+03 2.161597060663991599e+00
6.570119410000000244e+03 2.169884184912823422e+00
6.570153580000000147e+03 2.167381103653390539e+00
6.570187740000000304e+03 2.166611601034357015e+00
6.570221910000000207e+03 2.146486706637710906e+00
6.570256080000000111e+03 2.137434540408652328e+00
6.570290250000000015e+03 2.128521045592599137e+00
6.570324419999999918e+03 2.113127400804929668e+00
6.570358589999999822e+03 2.102481921397466813e+00
6.570392759999999726e+03 2.085896721197531445e+00
6.570426929999999629e+03 2.065927887889197123e+00
6.570461100000000442e+03 2.053840356910763276e+00
6.570495270000000346e+03 2.047831493950710513e+00
6.570529440000000250e+03 2.029968645115771686e+00
6.570563610000000153e+03 1.998067712134078189e+00
6.570597780000000057e+03 2.008328380541397618e+00
6.570631949999999961e+03 1.995773177090263140e+00
6.570666119999999864e+03 1.967102574569145723e+00
6.570700289999999768e+03 1.966910532224013464e+00
6.570734459999999672e+03 1.967220791851270967e+00
6.570768629999999575e+03 1.954109337709258432e+00
6.570802800000000389e+03 1.963378105305301213e+00
6.570836970000000292e+03 1.958522303688957633e+00
6.570871149999999943e+03 1.927195560105120942e+00
6.570905319999999847e+03 1.919641828351106083e+00
6.570939489999999751e+03 1.915026139638062785e+00
6.570973659999999654e+03 1.892528094095442315e+00
6.571007829999999558e+03 1.885710289746337365e+00
6.571042010000000118e+03 1.865887924791979513e+00
6.571076180000000022e+03 1.872973346707851761e+00
6.571110349999999926e+03 1.851156528986406036e+00
6.571144529999999577e+03 1.851940902673338885e+00
6.571178700000000390e+03 1.817818674121418843e+00
6.571212870000000294e+03 1.793331424901352333e+00
6.571247049999999945e+03 1.778754581497492326e+00
6.571281219999999848e+03 1.774639703814700376e+00
6.571315389999999752e+03 1.771955850632873641e+00
6.571349570000000313e+03 1.772993345753484329e+00
6.571383740000000216e+03 1.782928845047962341e+00
6.571417919999999867e+03 1.781838963528413755e+00
6.571452089999999771e+03 1.769366844676860451e+00
6.571486270000000331e+03 1.762573852578132261e+00
6.571520440000000235e+03 1.743213555726053521e+00
6.571554619999999886e+03 1.726426667747276822e+00
6.571588789999999790e+03 1.725464015490463687e+00
6.571622970000000350e+03 1.710962171963562151e+00
6.571657140000000254e+03 1.698939241565570191e+00
6.571691319999999905e+03 1.712839850945747200e+00
6.571725499999999556e+03 1.708301886884228349e+00
6.571759670000000369e+03 1.722967109677810305e+00
6.571793850000000020e+03 1.702212840934755445e+00
6.571828029999999671e+03 1.700504780304519459e+00
6.571862199999999575e+03 1.688151626395451244e+00
6.571896380000000136e+03 1.664727540913805370e+00
6.571930559999999787e+03 1.669707309134165873e+00
6.571964740000000347e+03 1.669217245689246010e+00
6.571998910000000251e+03 1.664317774550914342e+00
6.572033089999999902e+03 1.660095973950559634e+00
6.572067269999999553e+03 1.644452909699843701e+00
6.572101450000000114e+03 1.640413750973300555e+00
6.572135629999999765e+03 1.629701610922404953e+00
6.572169799999999668e+03 1.626854708730619548e+00
6.572203980000000229e+03 1.608579999093073365e+00
6.572238159999999880e+03 1.610876343410886369e+00
6.572272340000000440e+03 1.623909016122446758e+00
6.572306520000000091e+03 1.619965258492561677e+00
6.572340699999999742e+03 1.595145685026803983e+00
6.572374880000000303e+03 1.592827004578778238e+00
6.572409059999999954e+03 1.593919731396729267e+00
6.572443239999999605e+03 1.576934489925908123e+00
6.572477420000000166e+03 1.567650115987242687e+00
6.572511599999999817e+03 1.559676694476537673e+00
6.572545780000000377e+03 1.537990933800960969e+00
6.572579960000000028e+03 1.523447700177531505e+00
6.572614139999999679e+03 1.498440810044600724e+00
6.572648320000000240e+03 1.406700438819462828e+00
6.572682499999999891e+03 1.286168141867989778e+00
6.572716680000000451e+03 1.225827665779856357e+00
6.572750869999999850e+03 1.281753650316165061e+00
6.572785050000000410e+03 1.386714387251503755e+00
6.572819230000000061e+03 1.449210578579866127e+00
6.572853409999999712e+03 1.493518082112423428e+00
6.572887590000000273e+03 1.508899794166199904e+00
6.572921779999999671e+03 1.507412110654964277e+00
6.572955960000000232e+03 1.509848596452989078e+00
6.572990139999999883e+03 1.511758485487671111e+00
6.573024320000000444e+03 1.511267630798109218e+00
6.573058509999999842e+03 1.509755147632094063e+00
6.573092690000000403e+03 1.500044386604127755e+00
6.573126870000000054e+03 1.490634951783785800e+00
6.573161060000000361e+03 1.499195225798764852e+00
6.573195240000000013e+03 1.487072498275459731e+00
6.573229430000000320e+03 1.466207394252451612e+00
6.573263609999999971e+03 1.486080101358528527e+00
6.573297789999999623e+03 1.456210251695847280e+00
6.573331979999999930e+03 1.486178427909334410e+00
6.573366159999999581e+03 1.471193614528624849e+00
6.573400349999999889e+03 1.461122552127143592e+00
6.573434530000000450e+03 1.458108091378486959e+00
6.573468719999999848e+03 1.455739236775023260e+00
6.573502900000000409e+03 1.446941360732544757e+00
6.573537089999999807e+03 1.443539031965646036e+00
6.573571280000000115e+03 1.449423088850212205e+00
6.573605459999999766e+03 1.437737497523068564e+00
6.573639650000000074e+03 1.424191526112483119e+00
6.573673829999999725e+03 1.427870280758799959e+00
6.573708020000000033e+03 1.416054455932791889e+00
6.573742210000000341e+03 1.424432297011657189e+00
6.573776389999999992e+03 1.423568690010210691e+00
6.573810580000000300e+03 1.408577468634470309e+00
6.573844769999999698e+03 1.432322911414268152e+00
6.573878960000000006e+03 1.425795955278125859e+00
6.573913139999999657e+03 1.428879305646295172e+00
6.573947329999999965e+03 1.404931162695317370e+00
6.573981520000000273e+03 1.402683912557949775e+00
6.574015709999999672e+03 1.403305830854913783e+00
6.574049899999999980e+03 1.388680892605982375e+00
6.574084079999999631e+03 1.385839190141302080e+00
6.574118269999999939e+03 1.382665658276708065e+00
6.574152460000000247e+03 1.376679889542576918e+00
6.574186649999999645e+03 1.380208820472373921e+00
6.574220839999999953e+03 1.372864269471196996e+00
6.574255030000000261e+03 1.370230097892015664e+00
6.574289219999999659e+03 1.379007641264956341e+00
6.574323409999999967e+03 1.386751456140997707e+00
6.574357600000000275e+03 1.381731110170554055e+00
6.574391789999999673e+03 1.369915861221344899e+00
6.574425979999999981e+03 1.379413067563092898e+00
6.574460170000000289e+03 1.380962740425158097e+00
6.574494359999999688e+03 1.370269346800042198e+00
6.574528549999999996e+03 1.356144697867713411e+00
6.574562740000000304e+03 1.361214225596926841e+00
6.574596929999999702e+03 1.363904012769822316e+00
6.574631120000000010e+03 1.355334812877261541e+00
6.574665320000000065e+03 1.353653963103746083e+00
6.574699510000000373e+03 1.354853595922319354e+00
6.574733699999999772e+03 1.343210825761943505e+00
6.574767890000000079e+03 1.331637448568666393e+00
6.574802080000000387e+03 1.328511044793959206e+00
6.574836280000000443e+03 1.325040439587851671e+00
6.574870469999999841e+03 1.332457940783094985e+00
6.574904660000000149e+03 1.322657725206576540e+00
6.574938849999999547e+03 1.349477178640020592e+00
6.574973049999999603e+03 1.339126156417322244e+00
6.575007239999999911e+03 1.324437065079013820e+00
6.575041430000000219e+03 1.335622797001289275e+00
6.575075630000000274e+03 1.313847825464291352e+00
6.575109819999999672e+03 1.317571320753242681e+00
6.575144019999999728e+03 1.313701305523309992e+00
6.575178210000000036e+03 1.322507768081600865e+00
6.575212400000000343e+03 1.324684832223632647e+00
6.575246600000000399e+03 1.295688844288293451e+00
6.575280789999999797e+03 1.285904508037152727e+00
6.575314989999999852e+03 1.291681437439158531e+00
6.575349180000000160e+03 1.270756158340311748e+00
6.575383380000000216e+03 1.233113572753923526e+00
6.575417569999999614e+03 1.147766283302240176e+00
6.575451769999999669e+03 1.005178538586604997e+00
6.575485959999999977e+03 9.248649709231752114e-01
6.575520160000000033e+03 9.873081074079652630e-01
6.575554360000000088e+03 1.110462783503259887e+00
6.575588550000000396e+03 1.203929065526585962e+00
6.575622750000000451e+03 1.259084782593352214e+00
6.575656949999999597e+03 1.269505065071964367e+00
6.575691139999999905e+03 1.268766909184009251e+00
6.575725339999999960e+03 1.269949995364154871e+00
6.575759540000000015e+03 1.279743800043831259e+00
6.575793730000000323e+03 1.280519967204206466e+00
6.575827930000000379e+03 1.273017398076788709e+00
6.575862130000000434e+03 1.273843799363920670e+00
6.575896329999999580e+03 1.275602548591979524e+00
6.575930529999999635e+03 1.277818045610324305e+00
6.575964719999999943e+03 1.278100071309195451e+00
6.575998919999999998e+03 1.280109037607157774e+00
6.576033120000000054e+03 1.289957773643372940e+00
6.576067320000000109e+03 1.259387836500487579e+00
6.576101520000000164e+03 1.269799766756323001e+00
6.576135720000000219e+03 1.261054029991806935e+00
6.576169920000000275e+03 1.259634853425068979e+00
6.576204120000000330e+03 1.259122924767587248e+00
6.576238320000000385e+03 1.258855044266622869e+00
6.576272520000000441e+03 1.237779776767258255e+00
6.576306719999999586e+03 1.243299076038903772e+00
6.576340919999999642e+03 1.267335250288823545e+00
6.576375119999999697e+03 1.265653621816337004e+00
6.576409319999999752e+03 1.251786339476380183e+00
6.576443519999999808e+03 1.255209557820742727e+00
6.576477719999999863e+03 1.241443157347507986e+00
6.576511919999999918e+03 1.228002581233165635e+00
6.576546119999999974e+03 1.246138058306900831e+00
6.576580320000000029e+03 1.241454887782765359e+00
6.576614520000000084e+03 1.217675964252660448e+00
6.576648729999999887e+03 1.226828976094534562e+00
6.576682929999999942e+03 1.232798108451481855e+00
6.576717129999999997e+03 1.239311198049132701e+00
6.576751330000000053e+03 1.236723997162492150e+00
6.576785539999999855e+03 1.242942896522027052e+00
6.576819739999999911e+03 1.243482866516578467e+00
6.576853939999999966e+03 1.215191865613812761e+00
6.576888140000000021e+03 1.236107598640397320e+00
6.576922349999999824e+03 1.229674810457653145e+00
6.576956549999999879e+03 1.217957955127267011e+00
6.576990749999999935e+03 1.216359815732602101e+00
6.577024959999999737e+03 1.217807191841310699e+00
6.577059159999999792e+03 1.203064702093997296e+00
6.577093369999999595e+03 1.207051148872379409e+00
6.577127569999999650e+03 1.209474221452324860e+00
6.577161769999999706e+03 1.202930464668846788e+00
6.577195980000000418e+03 1.212675707842492789e+00
6.577230179999999564e+03 1.210609182494787106e+00
6.577264390000000276e+03 1.208292658147452903e+00
6.577298590000000331e+03 1.213197939004697190e+00
6.577332800000000134e+03 1.207367667826299229e+00
6.577367009999999937e+03 1.218875299559110559e+00
6.577401209999999992e+03 1.221479434769473071e+00
6.577435419999999795e+03 1.202463794579753831e+00
6.577469619999999850e+03 1.221004491849623452e+00
6.577503829999999653e+03 1.209573126113789643e+00
6.577538040000000365e+03 1.198167212318860253e+00
6.577572240000000420e+03 1.208648747029879011e+00
6.577606450000000223e+03 1.216448036030124191e+00
6.577640660000000025e+03 1.212513170570197696e+00
6.577674860000000081e+03 1.208572237635170410e+00
6.577709069999999883e+03 1.204637727098623268e+00
6.577743279999999686e+03 1.200697142312300514e+00
6.577777490000000398e+03 1.204220406578689451e+00
6.577811690000000453e+03 1.202499110087306367e+00
6.577845900000000256e+03 1.207691250438317265e+00
6.577880110000000059e+03 1.200481949780954904e+00
6.577914319999999861e+03 1.197317041702918639e+00
6.577948529999999664e+03 1.209797126321949801e+00
6.577982740000000376e+03 1.204013355633037019e+00
6.578016940000000432e+03 1.192529628449585211e+00
6.578051150000000234e+03 1.200452930768261428e+00
6.578085360000000037e+03 1.200600991717633237e+00
6.578119569999999840e+03 1.191124243607824207e+00
6.578153779999999642e+03 1.187691406603189170e+00
6.578187990000000354e+03 1.192502057557319750e+00
6.578222200000000157e+03 1.183276033503610769e+00
6.578256409999999960e+03 1.178181262064749157e+00
6.578290619999999763e+03 1.177923709190610291e+00
6.578324829999999565e+03 1.164661499285106760e+00
6.578359040000000277e+03 1.175696475484245607e+00
6.578393250000000080e+03 1.188512092784114849e+00
6.578427469999999630e+03 1.183711548817157455e+00
6.578461680000000342e+03 1.178592520298519242e+00
6.578495890000000145e+03 1.176260635000673460e+00
6.578530099999999948e+03 1.177646796713710531e+00
6.578564309999999750e+03 1.175552524745698824e+00
6.578598519999999553e+03 1.165985257703558320e+00
6.578632740000000013e+03 1.166296919535207977e+00
6.578666949999999815e+03 1.182953918393696124e+00
6.578701159999999618e+03 1.165545753114448413e+00
6.578735370000000330e+03 1.176129231598272096e+00
6.578769589999999880e+03 1.173760507312846535e+00
6.578803799999999683e+03 1.174859428261163963e+00
6.578838010000000395e+03 1.171691180361452700e+00
6.578872229999999945e+03 1.152460531169184010e+00
6.578906439999999748e+03 1.145975419185459643e+00
6.578940649999999550e+03 1.165385940008056398e+00
6.578974870000000010e+03 1.157439034606359884e+00
6.579009079999999813e+03 1.155339786607683772e+00
6.579043289999999615e+03 1.163348405968561927e+00
6.579077510000000075e+03 1.155901792597210598e+00
6.579111719999999877e+03 1.143264316855522544e+00
6.579145940000000337e+03 1.147905839591210508e+00
6.579180150000000140e+03 1.156513886476060682e+00
6.579214369999999690e+03 1.159162463752804406e+00
6.579248580000000402e+03 1.158506618760768658e+00
6.579282799999999952e+03 1.141173037376279842e+00
6.579317020000000412e+03 1.145570797833138643e+00
6.579351230000000214e+03 1.165452695548173212e+00
6.579385449999999764e+03 1.153622729324218055e+00
6.579419659999999567e+03 1.146015454505076692e+00
6.579453880000000026e+03 1.140407129994491342e+00
6.579488099999999577e+03 1.160238015518260779e+00
6.579522310000000289e+03 1.149951719536800310e+00
6.579556529999999839e+03 1.148234697048200914e+00
6.579590750000000298e+03 1.149946526808609537e+00
6.579624960000000101e+03 1.151858196339566653e+00
6.579659179999999651e+03 1.143259048420431467e+00
6.579693400000000111e+03 1.146095116559451066e+00
6.579727619999999661e+03 1.145165353021094123e+00
6.579761840000000120e+03 1.124226753427682191e+00
6.579796049999999923e+03 1.116147053782516885e+00
6.579830270000000382e+03 1.118190426414396033e+00
6.579864489999999932e+03 1.119240866482545504e+00
6.579898710000000392e+03 1.131569032940909159e+00
6.579932929999999942e+03 1.133980603394582953e+00
6.579967150000000402e+03 1.134862259131233841e+00
6.580001369999999952e+03 1.150299379777600439e+00
6.580035590000000411e+03 1.139248162145505949e+00
6.580069809999999961e+03 1.143507865649035615e+00
6.580104030000000421e+03 1.123759260659235037e+00
6.580138249999999971e+03 1.141374874245082660e+00
6.580172470000000430e+03 1.131148801257019443e+00
6.580206689999999981e+03 1.128353106650213045e+00
6.580240910000000440e+03 1.114812249629438146e+00
6.580275129999999990e+03 1.120470704123471828e+00
6.580309350000000450e+03 1.127352736875222750e+00
6.580343570000000000e+03 1.130988058461450008e+00
6.580377789999999550e+03 1.128479948344116579e+00
6.580412010000000009e+03 1.114834159216038900e+00
6.580446229999999559e+03 1.113606267174036324e+00
6.580480450000000019e+03 1.115824566430554832e+00
6.580514680000000226e+03 1.118841918173113070e+00
6.580548899999999776e+03 1.119418292522106340e+00
6.580583120000000235e+03 1.120206936938460629e+00
6.580617339999999786e+03 1.124753637005129869e+00
6.580651569999999992e+03 1.130099273786558722e+00
6.580685790000000452e+03 1.134889218644342668e+00
6.580720010000000002e+03 1.118523836376401404e+00
6.580754229999999552e+03 1.113282622478170225e+00
6.580788459999999759e+03 1.126518316699951949e+00
6.580822680000000219e+03 1.114192490305464300e+00
6.580856910000000425e+03 1.124856169981147902e+00
6.580891129999999976e+03 1.130913084442801697e+00
6.580925350000000435e+03 1.136127219328868287e+00
6.580959579999999733e+03 1.124451246258982851e+00
6.580993800000000192e+03 1.127399698568943398e+00
6.581028030000000399e+03 1.116080028210592046e+00
6.581062249999999949e+03 1.114122840016458005e+00
6.581096480000000156e+03 1.122807189454996024e+00
6.581130699999999706e+03 1.119489444130417510e+00
6.581164929999999913e+03 1.120596793854012230e+00
6.581199150000000373e+03 1.129730144372048439e+00
6.581233379999999670e+03 1.120427462890699388e+00
6.581267600000000130e+03 1.107174614391957190e+00
6.581301830000000336e+03 1.112600842179605198e+00
6.581336059999999634e+03 1.097850780915591962e+00
6.581370280000000093e+03 1.046094372537396122e+00
6.581404510000000300e+03 9.975595641746466402e-01
6.581438739999999598e+03 9.961039744144024599e-01
6.581472960000000057e+03 1.054537044809244373e+00
6.581507190000000264e+03 1.093654909999703717e+00
6.581541419999999562e+03 1.086188849856416505e+00
6.581575640000000021e+03 1.092744502537487339e+00
6.581609870000000228e+03 1.096860164742248456e+00
6.581644100000000435e+03 1.090573819595631155e+00
6.581678329999999733e+03 1.100636018243003722e+00
6.581712559999999939e+03 1.082275975865312878e+00
6.581746780000000399e+03 1.096113073447917419e+00
6.581781009999999696e+03 1.103841287144403882e+00
6.581815239999999903e+03 1.112199510997640362e+00
6.581849470000000110e+03 1.097552899286238892e+00
6.581883700000000317e+03 1.111644974747682646e+00
6.581917929999999615e+03 1.095008529566989575e+00
6.581952159999999822e+03 1.096790507211208521e+00
6.581986390000000029e+03 1.105235780234841370e+00
6.582020620000000235e+03 1.101059426103996763e+00
6.582054850000000442e+03 1.111482209597012050e+00
6.582089079999999740e+03 1.110911981261300419e+00
6.582123309999999947e+03 1.111421101749839435e+00
6.582157540000000154e+03 1.113839265755271590e+00
6.582191770000000361e+03 1.104784708313549801e+00
6.582225999999999658e+03 1.108057637204197698e+00
6.582260229999999865e+03 1.088229781761208770e+00
6.582294460000000072e+03 1.097579018546875007e+00
6.582328690000000279e+03 1.100558822262381442e+00
6.582362919999999576e+03 1.083345738869481822e+00
6.582397160000000440e+03 1.104871448772986486e+00
6.582431389999999737e+03 1.098581519357828995e+00
6.582465619999999944e+03 1.089746731601619167e+00
6.582499850000000151e+03 1.103468121624996856e+00
6.582534080000000358e+03 1.103397576209153241e+00
6.582568320000000313e+03 1.098280809186338303e+00
6.582602549999999610e+03 1.101522549856994715e+00
6.582636779999999817e+03 1.102319148367359558e+00
6.582671019999999771e+03 1.103527425883465529e+00
6.582705249999999978e+03 1.094731047607361729e+00
6.582739480000000185e+03 1.087425631613328392e+00
6.582773720000000139e+03 1.089420041755955415e+00
6.582807950000000346e+03 1.077156471098492219e+00
6.582842179999999644e+03 1.094388030862736727e+00
6.582876419999999598e+03 1.105656684122325206e+00
6.582910649999999805e+03 1.089564058438937666e+00
6.582944889999999759e+03 1.087722878336293553e+00
6.582979119999999966e+03 1.083711417089262774e+00
6.583013359999999921e+03 1.077735556616748136e+00
6.583047590000000127e+03 1.081488869416261434e+00
6.583081830000000082e+03 1.093761109535800635e+00
6.583116060000000289e+03 1.092107262067574025e+00
6.583150300000000243e+03 1.084853294526647360e+00
6.583184530000000450e+03 1.099039659626531495e+00
6.583218770000000404e+03 1.098888818892537200e+00
6.583253010000000359e+03 1.091161201598385366e+00
6.583287239999999656e+03 1.086289895426554963e+00
6.583321479999999610e+03 1.090142775906769002e+00
6.583355719999999565e+03 1.084835159758515966e+00
6.583389949999999772e+03 1.075468235763296088e+00
6.583424189999999726e+03 1.072692684293296894e+00
6.583458429999999680e+03 1.073602476269478467e+00
6.583492659999999887e+03 1.069517626944317623e+00
6.583526899999999841e+03 1.092625711603433025e+00
6.583561139999999796e+03 1.091109770976298021e+00
6.583595379999999750e+03 1.088103664934652715e+00
6.583629619999999704e+03 1.091563595425197430e+00
6.583663849999999911e+03 1.087684708605808348e+00
6.583698089999999866e+03 1.091643436914765619e+00
6.583732329999999820e+03 1.089965663587697087e+00
6.583766569999999774e+03 1.088263025396073447e+00
6.583800809999999728e+03 1.090232791439377902e+00
6.583835049999999683e+03 1.070792310735669162e+00
6.583869289999999637e+03 1.056396201474057328e+00
6.583903529999999591e+03 1.056227898183476288e+00
6.583937769999999546e+03 1.049906122002587816e+00
6.583972010000000409e+03 1.059900179859256886e+00
6.584006250000000364e+03 1.073740671382863665e+00
6.584040490000000318e+03 1.068379102635850453e+00
6.584074730000000272e+03 1.083029696559640653e+00
6.584108970000000227e+03 1.062188702350814751e+00
6.584143210000000181e+03 1.036423265469422095e+00
6.584177450000000135e+03 1.035021135561760897e+00
6.584211690000000090e+03 1.068385985903553603e+00
6.584245930000000044e+03 1.074358304055931468e+00
6.584280169999999998e+03 1.081801705943998604e+00
6.584314419999999700e+03 1.073417432295965757e+00
6.584348659999999654e+03 1.080287244125142099e+00
6.584382899999999609e+03 1.085866573994503037e+00
6.584417139999999563e+03 1.073954453860020974e+00
6.584451380000000427e+03 1.077545316269828080e+00
6.584485630000000128e+03 1.088778296793270206e+00
6.584519870000000083e+03 1.084857799267844536e+00
6.584554110000000037e+03 1.084477925178780389e+00
6.584588359999999739e+03 1.079522916647321917e+00
6.584622599999999693e+03 1.077129876023349642e+00
6.584656839999999647e+03 1.078121479348218781e+00
6.584691090000000258e+03 1.079742624770527071e+00
6.584725330000000213e+03 1.084212222213662313e+00
6.584759570000000167e+03 1.075517948944168189e+00
6.584793819999999869e+03 1.080598374176125143e+00
6.584828059999999823e+03 1.083609461025794252e+00
6.584862310000000434e+03 1.079745890319830259e+00
6.584896550000000389e+03 1.081666286563597756e+00
6.584930800000000090e+03 1.079448276260399853e+00
6.584965040000000045e+03 1.074843320694096604e+00
6.584999289999999746e+03 1.082210916661662914e+00
6.585033529999999701e+03 1.092351776376177863e+00
6.585067780000000312e+03 1.070988392747733053e+00
6.585102020000000266e+03 1.078517937055491815e+00
6.585136269999999968e+03 1.083012307862033508e+00
6.585170509999999922e+03 1.088279396556324663e+00
6.585204759999999624e+03 1.078832671231299223e+00
6.585239010000000235e+03 1.078428705386036635e+00
6.585273250000000189e+03 1.084300270304921376e+00
6.585307499999999891e+03 1.088376986239871114e+00
6.585341749999999593e+03 1.071421558758190562e+00
6.585376000000000204e+03 1.069734101538117876e+00
6.585410240000000158e+03 1.074091370653704303e+00
6.585444489999999860e+03 1.068054376085802115e+00
6.585478739999999561e+03 1.065731498348244433e+00
6.585512990000000173e+03 1.065552307291297573e+00
6.585547230000000127e+03 1.075555175872768388e+00
6.585581479999999829e+03 1.078666073294075822e+00
6.585615730000000440e+03 1.071040552120184230e+00
6.585649980000000141e+03 1.070599742314550129e+00
6.585684229999999843e+03 1.065304954638241375e+00
6.585718480000000454e+03 1.065157138412855531e+00
6.585752730000000156e+03 1.064548267656578284e+00
6.585786979999999858e+03 1.056954598958366631e+00
6.585821229999999559e+03 1.042824962034146541e+00
6.585855470000000423e+03 1.041711743624995190e+00
6.585889720000000125e+03 1.057234596800835202e+00
6.585923969999999827e+03 1.061423610971152121e+00
6.585958220000000438e+03 1.056839897467636735e+00
6.585992479999999887e+03 1.061627029015270729e+00
6.586026729999999588e+03 1.046819263997806670e+00
6.586060980000000200e+03 1.062272937235926085e+00
6.586095229999999901e+03 1.068094218761069136e+00
6.586129479999999603e+03 1.074195784563690914e+00
6.586163730000000214e+03 1.055631779104527990e+00
6.586197979999999916e+03 1.058418964118692962e+00
6.586232229999999618e+03 1.055125540078342361e+00
6.586266480000000229e+03 1.043863975799193433e+00
6.586300739999999678e+03 1.039524179312064422e+00
6.586334990000000289e+03 1.022319688109865732e+00
6.586369239999999991e+03 1.022247711829194161e+00
6.586403489999999692e+03 1.025907429448377428e+00
6.586437750000000051e+03 1.042225975413045846e+00
6.586471999999999753e+03 1.051006315205432973e+00
6.586506250000000364e+03 1.049133838252603868e+00
6.586540509999999813e+03 1.051092620452449111e+00
6.586574760000000424e+03 1.057119282687906781e+00
6.586609010000000126e+03 1.060199328932909690e+00
6.586643269999999575e+03 1.052446404940489577e+00
6.586677520000000186e+03 1.050773508621594132e+00
6.586711769999999888e+03 1.049742294047747881e+00
6.586746030000000246e+03 1.043933302509197469e+00
6.586780279999999948e+03 1.039937145019382392e+00
6.586814540000000306e+03 1.046518147076343608e+00
6.586848790000000008e+03 1.056275892245472470e+00
6.586883050000000367e+03 1.064202162543851804e+00
6.586917300000000068e+03 1.052270407930431473e+00
6.586951560000000427e+03 1.036234050540772555e+00
6.586985810000000129e+03 1.026887796837717026e+00
6.587020069999999578e+03 1.041385556126169565e+00
6.587054329999999936e+03 1.017140346191274691e+00
6.587088579999999638e+03 9.722350586077885826e-01
6.587122839999999997e+03 9.285389418274744289e-01
6.587157089999999698e+03 9.228503775126561948e-01
6.587191350000000057e+03 9.760650475178223040e-01
6.587225610000000415e+03 1.012929102842710760e+00
6.587259869999999864e+03 9.947707643300204294e-01
6.587294119999999566e+03 1.000417557632874210e+00
6.587328379999999925e+03 9.844271529856253311e-01
6.587362640000000283e+03 1.002661295396948482e+00
6.587396899999999732e+03 1.040383192194132222e+00
6.587431150000000343e+03 1.046222606270545086e+00
6.587465409999999792e+03 1.041056911826054199e+00
6.587499670000000151e+03 1.045264539102186196e+00
6.587533929999999600e+03 1.040933556805384574e+00
6.587568189999999959e+03 1.028232333440330271e+00
6.587602450000000317e+03 1.034719467713540064e+00
6.587636700000000019e+03 1.050074964468200145e+00
6.587670960000000377e+03 1.051810079474804649e+00
6.587705219999999827e+03 1.051079018191064751e+00
6.587739480000000185e+03 1.049918292613989168e+00
6.587773739999999634e+03 1.042816461596081767e+00
6.587807999999999993e+03 1.041089179621552230e+00
6.587842260000000351e+03 1.048721933444929144e+00
6.587876519999999800e+03 1.046589912415057722e+00
6.587910780000000159e+03 1.038099755386903578e+00
6.587945039999999608e+03 1.047021516437350419e+00
6.587979299999999967e+03 1.049927569365944224e+00
6.588013560000000325e+03 1.049016287642836609e+00
6.588047830000000431e+03 1.082006090632106954e+00
6.588082089999999880e+03 1.055893237244423633e+00
6.588116350000000239e+03 1.039439109415955631e+00
6.588150609999999688e+03 1.051056964379533554e+00
6.588184870000000046e+03 1.045842996207126285e+00
6.588219130000000405e+03 1.045262020586730012e+00
6.588253399999999601e+03 1.052726290072641513e+00
6.588287659999999960e+03 1.060856758124043120e+00
6.588321920000000318e+03 1.040001178954533367e+00
6.588356179999999767e+03 1.035485064197904093e+00
6.588390449999999873e+03 1.038416240597562323e+00
6.588424710000000232e+03 1.034560303034128603e+00
6.588458969999999681e+03 1.045312189642824574e+00
6.588493239999999787e+03 1.041064046101780383e+00
6.588527500000000146e+03 1.029755080052684457e+00
6.588561759999999595e+03 1.020887109333301623e+00
6.588596029999999701e+03 1.036171777457651988e+00
6.588630290000000059e+03 1.047247192867768906e+00
6.588664560000000165e+03 1.045601985479704510e+00
6.588698819999999614e+03 1.044093817133970648e+00
6.588733079999999973e+03 1.040487445043848824e+00
6.588767350000000079e+03 1.031906388090767068e+00
6.588801610000000437e+03 1.032011036601683474e+00
6.588835879999999634e+03 1.037270969663292908e+00
6.588870139999999992e+03 1.035644786052900113e+00
6.588904410000000098e+03 1.036814159756187292e+00
6.588938680000000204e+03 1.036688537683144729e+00
6.588972939999999653e+03 1.043311912008596298e+00
6.589007209999999759e+03 1.038386117672363440e+00
6.589041470000000118e+03 1.035801362223896849e+00
6.589075740000000224e+03 1.042001343941238556e+00
6.589110010000000329e+03 1.043550597515733980e+00
6.589144269999999779e+03 1.016928295514838432e+00
6.589178539999999884e+03 1.016722113412606987e+00
6.589212809999999990e+03 1.009088734882510163e+00
6.589247080000000096e+03 1.019472477295133572e+00
6.589281339999999545e+03 1.029557285468298611e+00
6.589315609999999651e+03 1.034032768026286853e+00
6.589349879999999757e+03 1.036030471257544994e+00
6.589384149999999863e+03 1.039565871396615382e+00
6.589418410000000222e+03 1.030488546728194565e+00
6.589452680000000328e+03 1.025843847026123967e+00
6.589486950000000434e+03 1.037354009438517854e+00
6.589521219999999630e+03 1.035224414278764105e+00
6.589555489999999736e+03 1.034694772589811018e+00
6.589589759999999842e+03 1.031208189929523789e+00
6.589624029999999948e+03 1.039369002555914356e+00
6.589658300000000054e+03 1.042362874949716689e+00
6.589692570000000160e+03 1.042132138837729816e+00
6.589726840000000266e+03 1.044329214009827700e+00
6.589761110000000372e+03 1.048020300824268780e+00
6.589795379999999568e+03 1.047428584450512679e+00
6.589829649999999674e+03 1.044627052743547502e+00
6.589863919999999780e+03 1.040213337984960962e+00
6.589898189999999886e+03 1.026418831857935032e+00
6.589932459999999992e+03 1.031323923369826367e+00
6.589966730000000098e+03 1.033552326433305746e+00
6.590001000000000204e+03 1.026088790210358148e+00
6.590035270000000310e+03 1.028771668321550870e+00
6.590069540000000416e+03 1.039005085099192094e+00
6.590103820000000269e+03 1.043287651104748637e+00
6.590138090000000375e+03 1.032214096251218738e+00
6.590172359999999571e+03 1.023120119008430695e+00
6.590206629999999677e+03 1.015233841241701240e+00
6.590240910000000440e+03 1.024303216422318252e+00
6.590275179999999636e+03 1.034331087220623502e+00
6.590309449999999742e+03 1.035134277312364626e+00
6.590343719999999848e+03 1.024534410798092043e+00
6.590377999999999702e+03 1.034630671596572515e+00
6.590412269999999808e+03 1.043407296590062927e+00
6.590446539999999914e+03 1.036343056082368319e+00
6.590480819999999767e+03 1.034158736859783101e+00
6.590515089999999873e+03 1.019638087219367550e+00
6.590549369999999726e+03 1.030338000371886054e+00
6.590583639999999832e+03 1.039693414401056781e+00
6.590617909999999938e+03 1.027656494176260038e+00
6.590652189999999791e+03 1.041922680071979190e+00
6.590686459999999897e+03 1.036682598934422161e+00
6.590720739999999751e+03 1.025367974302083374e+00
6.590755009999999857e+03 1.021845922156889630e+00
6.590789289999999710e+03 1.018286595175238229e+00
6.590823569999999563e+03 1.027685515769499291e+00
6.590857839999999669e+03 1.033200673063878083e+00
6.590892120000000432e+03 1.023529627274004872e+00
6.590926389999999628e+03 1.036121286746113368e+00
6.590960670000000391e+03 1.024589482741701474e+00
6.590994950000000244e+03 1.026812309585349858e+00
6.591029220000000350e+03 1.025661894843238331e+00
6.591063500000000204e+03 1.018430985143490952e+00
6.591097780000000057e+03 1.024493900349226827e+00
6.591132050000000163e+03 1.026442975956556980e+00
6.591166330000000016e+03 1.014749956394524366e+00
6.591200609999999870e+03 1.003498958191776591e+00
6.591234889999999723e+03 1.014820837404101006e+00
6.591269159999999829e+03 1.023348289247465015e+00
6.591303439999999682e+03 1.026031853903238478e+00
6.591337720000000445e+03 1.027595206774706726e+00
6.591372000000000298e+03 1.017576817217852536e+00
6.591406280000000152e+03 1.016426868587138266e+00
6.591440560000000005e+03 1.020573032389863188e+00
6.591474830000000111e+03 1.016952489551906424e+00
6.591509109999999964e+03 1.018883186025119958e+00
6.591543389999999818e+03 1.018673095458602296e+00
6.591577669999999671e+03 1.014884681001346989e+00
6.591611950000000434e+03 1.014158149938236386e+00
6.591646230000000287e+03 1.020227365413057363e+00
6.591680510000000140e+03 1.025300855054968929e+00
6.591714789999999994e+03 1.002252055176073187e+00
6.591749069999999847e+03 9.946429836545754855e-01
6.591783349999999700e+03 1.005927234655460634e+00
6.591817629999999554e+03 1.014367490695526008e+00
6.591851910000000316e+03 1.009627370289067239e+00
6.591886190000000170e+03 1.008926039325809265e+00
6.591920479999999770e+03 9.995810588186611056e-01
6.591954759999999624e+03 1.013733975208881422e+00
6.591989040000000386e+03 1.007288992564396635e+00
6.592023320000000240e+03 9.988527754462496189e-01
6.592057600000000093e+03 1.007423714869682296e+00
6.592091879999999946e+03 1.012466273096095826e+00
6.592126169999999547e+03 1.019531231329044774e+00
6.592160450000000310e+03 1.005158704201439379e+00
6.592194730000000163e+03 1.004824850450146023e+00
6.592229019999999764e+03 9.991208181859678739e-01
6.592263299999999617e+03 1.020081137864469412e+00
6.592297580000000380e+03 1.006586365205391465e+00
6.592331860000000233e+03 1.015966199854002605e+00
6.592366149999999834e+03 1.013840353619422707e+00
6.592400429999999687e+03 1.017308678564235347e+00
6.592434720000000198e+03 1.026016421280396829e+00
6.592469000000000051e+03 1.018999730174585228e+00
6.592503279999999904e+03 1.005909931330358553e+00
6.592537570000000414e+03 1.013647004616661684e+00
6.592571850000000268e+03 1.018397260111790104e+00
6.592606139999999868e+03 1.013552470959188767e+00
6.592640419999999722e+03 1.014979972760749805e+00
6.592674710000000232e+03 1.006893414796684150e+00
6.592708990000000085e+03 1.008750340389628963e+00
6.592743279999999686e+03 1.007496095841257766e+00
6.592777560000000449e+03 9.978666037007032363e-01
6.592811850000000049e+03 1.014613680447591593e+00
6.592846139999999650e+03 1.013907089151986574e+00
6.592880420000000413e+03 1.010954289057206301e+00
6.592914710000000014e+03 1.004579291651252371e+00
6.592948999999999614e+03 1.007369742432845383e+00
6.592983280000000377e+03 1.010440208264952178e+00
6.593017569999999978e+03 1.012465354288191621e+00
6.593051859999999579e+03 1.013034527443755550e+00
6.593086140000000341e+03 1.001321169235719788e+00
6.593120429999999942e+03 1.004472630685901091e+00
6.593154720000000452e+03 1.012216036056506230e+00
6.593189010000000053e+03 1.011074252107414750e+00
6.593223289999999906e+03 1.009204523791723984e+00
6.593257580000000416e+03 1.011939171777981095e+00
6.593291870000000017e+03 1.017896859403039977e+00
6.593326159999999618e+03 1.014092170912769708e+00
6.593360450000000128e+03 1.007151640893516609e+00
6.593394739999999729e+03 1.009102419878668000e+00
6.593429030000000239e+03 1.002566438018327011e+00
6.593463319999999840e+03 1.003633764588248489e+00
6.593497610000000350e+03 1.014046479605577700e+00
6.593531890000000203e+03 1.008929236502851268e+00
6.593566179999999804e+03 1.019702814508598676e+00
6.593600470000000314e+03 9.933005474701007698e-01
6.593634759999999915e+03 9.928374627664612317e-01
6.593669060000000172e+03 9.746545509586104217e-01
6.593703349999999773e+03 9.893977699770968304e-01
6.593737640000000283e+03 9.964320980516104820e-01
6.593771929999999884e+03 1.003528639965373781e+00
6.593806220000000394e+03 1.015397296372235303e+00
6.593840509999999995e+03 9.942531522818538470e-01
6.593874799999999595e+03 9.991659021902902227e-01
6.593909090000000106e+03 1.012944655596517363e+00
6.593943379999999706e+03 9.987628918331071803e-01
6.593977679999999964e+03 9.952577011787214767e-01
6.594011969999999565e+03 9.983226822541843015e-01
6.594046260000000075e+03 9.916320667439179060e-01
6.594080549999999675e+03 9.946100022455052203e-01
6.594114849999999933e+03 1.012289749442814024e+00
6.594149140000000443e+03 9.962854322116458938e-01
6.594183430000000044e+03 1.001372568277347774e+00
6.594217719999999645e+03 1.002589864165745137e+00
6.594252019999999902e+03 1.010482975123985439e+00
6.594286310000000412e+03 1.020553645408814658e+00
6.594320609999999760e+03 1.014883694897304789e+00
6.594354900000000271e+03 1.005574180261642026e+00
6.594389189999999871e+03 1.020634588187260716e+00
6.594423490000000129e+03 1.035688747503657581e+00
6.594457779999999730e+03 1.050742882397427636e+00
6.594492079999999987e+03 1.061609906869590336e+00
6.594526369999999588e+03 1.065135539483778926e+00
6.594560669999999845e+03 1.063746206029830832e+00
6.594594960000000356e+03 1.037228310169596934e+00
6.594629259999999704e+03 1.024105387478725593e+00
6.594663550000000214e+03 1.007274548032497385e+00
6.594697849999999562e+03 1.004834032012470235e+00
6.594732140000000072e+03 1.007681788032914305e+00
6.594766440000000330e+03 9.915230723160093351e-01
6.594800739999999678e+03 9.979420041725689527e-01
6.594835030000000188e+03 1.009325640274113534e+00
6.594869330000000446e+03 1.006642666878996728e+00
6.594903629999999794e+03 9.935140035318742457e-01
6.594937920000000304e+03 9.749728014592300429e-01
6.594972219999999652e+03 9.606560022331279702e-01
6.595006519999999909e+03 9.545266013393084448e-01
6.595040810000000420e+03 9.643114988092018613e-01
6.595075109999999768e+03 9.981481632105273505e-01
6.595109410000000025e+03 1.013246069706317254e+00
6.595143710000000283e+03 1.007552251022149736e+00
6.595178009999999631e+03 1.008726829877027775e+00
6.595212300000000141e+03 1.005664716290765481e+00
6.595246600000000399e+03 9.991560319767207599e-01
6.595280899999999747e+03 1.003180073231571212e+00
6.595315200000000004e+03 1.003160290283760414e+00
6.595349500000000262e+03 1.005821918367808543e+00
6.595383799999999610e+03 1.015438975344419292e+00
6.595418099999999868e+03 1.008289685106932065e+00
6.595452400000000125e+03 1.011368221954703994e+00
6.595486700000000383e+03 1.010365630969044748e+00
6.595520999999999731e+03 1.003427986494998869e+00
6.595555299999999988e+03 1.005393010392986231e+00
6.595589600000000246e+03 1.010692655760514924e+00
6.595623899999999594e+03 1.014157055826092391e+00
6.595658199999999852e+03 1.019718042300391758e+00
6.595692500000000109e+03 1.009203368019041092e+00
6.595726800000000367e+03 1.017719501698641116e+00
6.595761099999999715e+03 1.011796177877605230e+00
6.595795399999999972e+03 1.001175868031431992e+00
6.595829709999999977e+03 1.003551739207408477e+00
6.595864010000000235e+03 1.020379532594556160e+00
6.595898309999999583e+03 1.007924075573489953e+00
6.595932609999999841e+03 9.986414830620645722e-01
6.595966910000000098e+03 9.984792252317103989e-01
6.596001220000000103e+03 9.995799043087090219e-01
6.596035520000000361e+03 9.951686280503868609e-01
6.596069819999999709e+03 1.004985274430542308e+00
6.596104119999999966e+03 1.008680285634778961e+00
6.596138429999999971e+03 9.959015977013188081e-01
6.596172730000000229e+03 1.001375935363368885e+00
6.596207029999999577e+03 1.014751216803975842e+00
6.596241339999999582e+03 1.019037362976802585e+00
6.596275639999999839e+03 1.021500731180979393e+00
6.596309949999999844e+03 1.026776108389140463e+00
6.596344250000000102e+03 9.918004313150908802e-01
6.596378550000000359e+03 1.014240131366547448e+00
6.596412860000000364e+03 1.002513102680484325e+00
6.596447159999999712e+03 1.007857042703757422e+00
6.596481469999999717e+03 1.007141579380985030e+00
6.596515769999999975e+03 1.023347774328625226e+00
6.596550079999999980e+03 1.013294375550707782e+00
6.596584380000000237e+03 1.010171410113423374e+00
6.596618690000000242e+03 1.029500741567720201e+00
6.596653000000000247e+03 1.014346064619530141e+00
6.596687299999999595e+03 1.002998783365674385e+00
6.596721609999999600e+03 1.004977320030373766e+00
6.596755909999999858e+03 1.005668102956132959e+00
6.596790219999999863e+03 1.002128506948093856e+00
6.596824529999999868e+03 1.008605065502028886e+00
6.596858830000000125e+03 1.007323827225911517e+00
6.596893140000000130e+03 1.011206216059431728e+00
6.596927450000000135e+03 9.955042963999729544e-01
6.596961760000000140e+03 1.002484907832927874e+00
6.596996060000000398e+03 1.015195289386612520e+00
6.597030370000000403e+03 9.981932144941441098e-01
6.597064680000000408e+03 1.004775775495343693e+00
6.597098990000000413e+03 1.020292043443621788e+00
6.597133300000000418e+03 1.005809635429282478e+00
6.597167599999999766e+03 1.016156149191405067e+00
6.597201909999999771e+03 9.997700896961124739e-01
6.597236219999999776e+03 9.891449020679943249e-01
6.597270529999999781e+03 1.006770369388590325e+00
6.597304839999999786e+03 1.000450334908491223e+00
6.597339149999999790e+03 1.010915246245943866e+00
6.597373459999999795e+03 1.012104320341183472e+00
6.597407769999999800e+03 1.009280718158299006e+00
6.597442079999999805e+03 1.005853681049293291e+00
6.597476389999999810e+03 1.014763444271947979e+00
6.597510699999999815e+03 1.000629658662093746e+00
6.597545009999999820e+03 1.005016627889907976e+00
6.597579319999999825e+03 1.001714128560583061e+00
6.597613629999999830e+03 9.932230968341183575e-01
6.597647939999999835e+03 9.928508742558330713e-01
6.597682249999999840e+03 9.895484476837751453e-01
6.597716569999999592e+03 9.948936705275642778e-01
6.597750879999999597e+03 9.978250650001435629e-01
6.597785189999999602e+03 9.981124342005077699e-01
6.597819499999999607e+03 1.000907034066909951e+00
6.597853809999999612e+03 9.984259742510598334e-01
6.597888119999999617e+03 9.951797139723118635e-01
6.597922440000000279e+03 9.939989686910161160e-01
6.597956750000000284e+03 1.000296335336631648e+00
6.597991060000000289e+03 9.962911525928828116e-01
6.598025380000000041e+03 9.898658722882185401e-01
6.598059690000000046e+03 9.868623714974960048e-01
6.598094000000000051e+03 9.940495516688835353e-01
6.598128319999999803e+03 1.002350418449622138e+00
6.598162629999999808e+03 9.954275225932608384e-01
6.598196939999999813e+03 1.003635159219692152e+00
6.598231259999999565e+03 1.000501166166558376e+00
6.598265569999999570e+03 9.961913400978688049e-01
6.598299890000000232e+03 9.970702318249580198e-01
6.598334200000000237e+03 1.013689484719822564e+00
6.598368519999999990e+03 1.013118867982047533e+00
6.598402829999999994e+03 9.970629806029135400e-01
6.598437149999999747e+03 9.995036057977996213e-01
6.598471459999999752e+03 1.005608745116494562e+00
6.598505780000000414e+03 1.008895587129587268e+00
6.598540090000000419e+03 1.007547425385322049e+00
6.598574410000000171e+03 9.991813797800254138e-01
6.598608720000000176e+03 1.005946179169008303e+00
6.598643039999999928e+03 1.003627535125250381e+00
6.598677359999999680e+03 9.951433182673977695e-01
6.598711669999999685e+03 1.004676859736534755e+00
6.598745990000000347e+03 1.015137494276301178e+00
6.598780310000000100e+03 1.012252811260552887e+00
6.598814620000000104e+03 1.006487527320987896e+00
6.598848939999999857e+03 1.013364656162480282e+00
6.598883259999999609e+03 1.014947206812979896e+00
6.598917580000000271e+03 1.007763444687622911e+00
6.598951890000000276e+03 1.004474464559012681e+00
6.598986210000000028e+03 1.007830290941039930e+00
6.599020529999999781e+03 1.002257987157985308e+00
6.599054850000000442e+03 1.009060733425957812e+00
6.599089170000000195e+03 1.018072268230020505e+00
6.599123489999999947e+03 9.989116963352188128e-01
6.599157799999999952e+03 9.989017227710511593e-01
6.599192119999999704e+03 1.014240969525109781e+00
6.599226440000000366e+03 1.003286920595267251e+00
6.599260760000000118e+03 1.000166137679506351e+00
6.599295079999999871e+03 1.006309706549999516e+00
6.599329399999999623e+03 1.008900653678126424e+00
6.599363720000000285e+03 1.013955512862646291e+00
6.599398040000000037e+03 1.008650967218652328e+00
6.599432359999999790e+03 1.005947186659696957e+00
6.599466680000000451e+03 1.008451182882376784e+00
6.599501000000000204e+03 9.995939407680124456e-01
6.599535319999999956e+03 9.999203082147533062e-01
6.599569639999999708e+03 1.003295483448190417e+00
6.599603970000000118e+03 1.006975589372778535e+00
6.599638289999999870e+03 1.001808030481005085e+00
6.599672609999999622e+03 9.945063129175799599e-01
6.599706930000000284e+03 1.001222886462743267e+00
6.599741250000000036e+03 1.005519143551740102e+00
6.599775569999999789e+03 1.009989677710386502e+00
6.599809900000000198e+03 1.002588472242234685e+00
6.599844219999999950e+03 9.922006264056886238e-01
6.599878539999999703e+03 9.700466493136677970e-01
6.599912860000000364e+03 9.498712152512429618e-01
6.599947189999999864e+03 9.373489850562198855e-01
6.599981509999999616e+03 9.401395779863825908e-01
6.600015830000000278e+03 9.696796155402729323e-01
6.600050159999999778e+03 9.986723209441144000e-01
6.600084480000000440e+03 9.927956029440333507e-01
6.600118800000000192e+03 9.917536038233077944e-01
6.600153129999999692e+03 1.001563357192306603e+00
6.600187450000000354e+03 1.005997105497979272e+00
6.600221779999999853e+03 1.007419293830266405e+00
6.600256099999999606e+03 9.881147584966784025e-01
6.600290430000000015e+03 9.872906692281727681e-01
6.600324749999999767e+03 9.935912862913425236e-01
6.600359080000000176e+03 9.864452633177153151e-01
6.600393399999999929e+03 9.925095321381219859e-01
6.600427730000000338e+03 9.945416999762962673e-01
6.600462050000000090e+03 1.009628760557745641e+00
6.600496379999999590e+03 1.016390203743198661e+00
6.600530709999999999e+03 9.959902270742100328e-01
6.600565029999999751e+03 9.930258248893333306e-01
6.600599360000000161e+03 9.956368951693037594e-01
6.600633679999999913e+03 9.865992381707454628e-01
6.600668010000000322e+03 9.987621536799964339e-01
6.600702339999999822e+03 9.923131409640187917e-01
6.600736659999999574e+03 1.004202437605552500e+00
6.600770989999999983e+03 1.012544902501939292e+00
6.600805320000000393e+03 1.005679039229802951e+00
6.600839649999999892e+03 1.007954425467518123e+00
6.600873969999999645e+03 1.004231071196072023e+00
6.600908300000000054e+03 1.003749817882123363e+00
6.600942629999999554e+03 1.008614031859439431e+00
6.600976959999999963e+03 1.002196221484287664e+00
6.601011290000000372e+03 1.008778058607694872e+00
6.601045619999999872e+03 1.004830767117812496e+00
6.601079950000000281e+03 1.005108869422326912e+00
6.601114270000000033e+03 9.970917533147661826e-01
6.601148600000000442e+03 9.983282342635501072e-01
6.601182929999999942e+03 1.007903643319037590e+00
6.601217260000000351e+03 1.013813776826469004e+00
6.601251589999999851e+03 9.964433641223517935e-01
6.601285920000000260e+03 9.954023258682910269e-01
6.601320249999999760e+03 1.004828664427988683e+00
6.601354580000000169e+03 1.007621202274485483e+00
6.601388909999999669e+03 1.009069583172736984e+00
6.601423240000000078e+03 1.004537471655853276e+00
6.601457569999999578e+03 1.012532799887286838e+00
6.601491909999999734e+03 1.016308837204118021e+00
6.601526240000000143e+03 1.013239276366839192e+00
6.601560569999999643e+03 1.005502198479557352e+00
6.601594900000000052e+03 9.975534842844321348e-01
6.601629229999999552e+03 1.001839970524837975e+00
6.601663559999999961e+03 9.971585382732117697e-01
6.601697900000000118e+03 1.010139331627094794e+00
6.601732229999999618e+03 1.014457155256237364e+00
6.601766560000000027e+03 1.004753414993206251e+00
6.601800890000000436e+03 1.003320738706801496e+00
6.601835229999999683e+03 9.994857710420066432e-01
6.601869560000000092e+03 1.007768211730398544e+00
6.601903889999999592e+03 1.006292060184803328e+00
6.601938229999999749e+03 1.002127290258778114e+00
6.601972560000000158e+03 1.003377152900515545e+00
6.602006889999999657e+03 9.927894670342641836e-01
6.602041229999999814e+03 9.853820637115556780e-01
6.602075560000000223e+03 9.892023950892058215e-01
6.602109889999999723e+03 9.973172602337049275e-01
6.602144229999999880e+03 1.002818209933305171e+00
6.602178560000000289e+03 1.007105583236143964e+00
6.602212900000000445e+03 9.929887947289429695e-01
6.602247229999999945e+03 1.000139261184857409e+00
6.602281570000000102e+03 1.015150780702198663e+00
6.602315899999999601e+03 1.012872060867962887e+00
6.602350239999999758e+03 1.003865107020600611e+00
6.602384570000000167e+03 9.984307335075409684e-01
6.602418910000000324e+03 1.002687351596600385e+00
6.602453249999999571e+03 1.008624581716893953e+00
6.602487579999999980e+03 1.006196543874908311e+00
6.602521920000000136e+03 9.902494095964649024e-01
6.602556260000000293e+03 9.848709887033222365e-01
6.602590589999999793e+03 9.892585190286654617e-01
6.602624929999999949e+03 9.884736805063214504e-01
6.602659270000000106e+03 9.898176118369053089e-01
6.602693599999999606e+03 9.925371906235034292e-01
6.602727939999999762e+03 9.869969509390852380e-01
6.602762279999999919e+03 9.673706001644594155e-01
6.602796620000000075e+03 9.684469100046150247e-01
6.602830949999999575e+03 9.924670959039325613e-01
6.602865289999999732e+03 1.004218862831764314e+00
6.602899629999999888e+03 1.003496577647074339e+00
6.602933970000000045e+03 9.981804872277253438e-01
6.602968310000000201e+03 9.958709132136731590e-01
6.603002650000000358e+03 1.000887904168425990e+00
6.603036989999999605e+03 1.003813450959389897e+00
6.603071320000000014e+03 1.000682283146249851e+00
6.603105660000000171e+03 9.949117572705400425e-01
6.603140000000000327e+03 9.948619015740955973e-01
6.603174339999999575e+03 1.003881855046672378e+00
6.603208679999999731e+03 1.009272774616239321e+00
6.603243019999999888e+03 1.004971397965889190e+00
6.603277360000000044e+03 1.002855004196169242e+00
6.603311700000000201e+03 9.945383914563470373e-01
6.603346050000000105e+03 9.889047523812933838e-01
6.603380390000000261e+03 1.004654648901475378e+00
6.603414730000000418e+03 1.008010318139366923e+00
6.603449069999999665e+03 9.960145098282765508e-01
6.603483409999999822e+03 9.983368268238792531e-01
6.603517749999999978e+03 9.969053101727550770e-01
6.603552090000000135e+03 9.937680450388465259e-01
6.603586430000000291e+03 9.911848353419624447e-01
6.603620780000000195e+03 9.946278996779257531e-01
6.603655120000000352e+03 9.957987208269073465e-01
6.603689459999999599e+03 9.917276566326063136e-01
6.603723799999999756e+03 9.914043901095116462e-01
6.603758149999999659e+03 9.973503904904400530e-01
6.603792489999999816e+03 1.013967352028197544e+00
6.603826829999999973e+03 1.013974291035045772e+00
6.603861179999999877e+03 1.008950829897321322e+00
6.603895520000000033e+03 1.003933555728962812e+00
6.603929860000000190e+03 9.989100184563898255e-01
6.603964210000000094e+03 9.938864454030124085e-01
6.603998550000000250e+03 9.948335266586927350e-01
6.604032900000000154e+03 9.948031727780930478e-01
6.604067240000000311e+03 9.968523480092551514e-01
6.604101579999999558e+03 1.003347013253597986e+00
6.604135930000000371e+03 1.006373847853771153e+00
6.604170269999999618e+03 9.950867681297038692e-01
6.604204620000000432e+03 9.816141554066235564e-01
6.604238959999999679e+03 9.884763750951315320e-01
6.604273309999999583e+03 9.842745661960623504e-01
6.604307660000000396e+03 9.905952770051051903e-01
6.604341999999999643e+03 9.912500803893097290e-01
6.604376349999999547e+03 1.001456304646265005e+00
6.604410689999999704e+03 9.940603997411463499e-01
6.604445039999999608e+03 9.874053781082969827e-01
6.604479390000000421e+03 1.000270650779893522e+00
6.604513729999999669e+03 9.926816423343035600e-01
6.604548079999999572e+03 1.004725288944680495e+00
6.604582430000000386e+03 9.964139654134517299e-01
6.604616769999999633e+03 1.002878690869440481e+00
6.604651120000000446e+03 9.977865604264823940e-01
6.604685470000000350e+03 9.840701646492354682e-01
6.604719820000000254e+03 9.949872906098150560e-01
6.604754170000000158e+03 9.948704270882389178e-01
6.604788510000000315e+03 1.005787866499654015e+00
6.604822860000000219e+03 9.954836692615471883e-01
6.604857210000000123e+03 1.006999152865108771e+00
6.604891560000000027e+03 1.004136328769301922e+00
6.604925909999999931e+03 1.003035793077827309e+00
6.604960259999999835e+03 9.969596901554834689e-01
6.604994609999999739e+03 9.986801165487070309e-01
6.605028959999999643e+03 1.000437966585728589e+00
6.605063309999999547e+03 1.012919477992989314e+00
6.605097649999999703e+03 9.858506170293929172e-01
6.605131999999999607e+03 9.927399712284823430e-01
6.605166350000000421e+03 9.851877539193315547e-01
6.605200710000000072e+03 9.980495602522495568e-01
6.605235059999999976e+03 9.974598541346186842e-01
6.605269409999999880e+03 9.979662480868636276e-01
6.605303759999999784e+03 1.008493156636941723e+00
6.605338109999999688e+03 9.935796402110010916e-01
6.605372459999999592e+03 9.848314984322185106e-01
6.605406810000000405e+03 9.876048952082846499e-01
6.605441160000000309e+03 9.884663825389656822e-01
6.605475510000000213e+03 1.003091850170195976e+00
6.605509869999999864e+03 9.995689822301346839e-01
6.605544219999999768e+03 9.879931129207001339e-01
6.605578569999999672e+03 9.947653048134255105e-01
6.605612919999999576e+03 9.935655023783573903e-01
6.605647280000000137e+03 9.979026626379744469e-01
6.605681630000000041e+03 9.973070797472580740e-01
6.605715979999999945e+03 9.933980120310461626e-01
6.605750329999999849e+03 9.779538196996697685e-01
6.605784690000000410e+03 1.002060393385170611e+00
6.605819040000000314e+03 1.002349409684922144e+00
6.605853390000000218e+03 9.950333272190127198e-01
6.605887749999999869e+03 9.996325916820398838e-01
6.605922099999999773e+03 9.945587610500304931e-01
6.605956460000000334e+03 9.800420489984280614e-01
6.605990810000000238e+03 9.958719810239341497e-01
6.606025169999999889e+03 9.921808939614803480e-01
6.606059519999999793e+03 9.799249726994263554e-01
6.606093880000000354e+03 9.923917655676015581e-01
6.606128230000000258e+03 9.897595807920092081e-01
6.606162589999999909e+03 9.767870569957557425e-01
6.606196939999999813e+03 9.697756414267314495e-01
6.606231300000000374e+03 9.706877066854032732e-01
6.606265650000000278e+03 9.934209924233469158e-01
6.606300009999999929e+03 9.920347273628394857e-01
6.606334369999999581e+03 9.798217776191083805e-01
6.606368720000000394e+03 9.832071845248055997e-01
6.606403080000000045e+03 9.987651542001946270e-01
6.606437429999999949e+03 1.000157400733081348e+00
6.606471789999999601e+03 9.978929166024439468e-01
6.606506150000000162e+03 1.001284977179186519e+00
6.606540509999999813e+03 1.000690097075354501e+00
6.606574859999999717e+03 9.989614110361332289e-01
6.606609220000000278e+03 9.956939512822827743e-01
6.606643579999999929e+03 9.881215860452177147e-01
6.606677939999999580e+03 9.910403959900406790e-01
6.606712290000000394e+03 9.990679236348977144e-01
6.606746650000000045e+03 1.001905966664773828e+00
6.606781009999999696e+03 9.968442538515248641e-01
6.606815370000000257e+03 9.997945383664846863e-01
6.606849729999999909e+03 1.007997038330709527e+00
6.606884089999999560e+03 9.995024166145873856e-01
6.606918450000000121e+03 9.876245537132053443e-01
6.606952809999999772e+03 9.850298796587745320e-01
6.606987170000000333e+03 9.803978052598689708e-01
6.607021529999999984e+03 9.874106345433529830e-01
6.607055889999999636e+03 9.897257264908286833e-01
6.607090250000000196e+03 1.001243652089139458e+00
6.607124609999999848e+03 9.974092209520415420e-01
6.607158970000000409e+03 9.873563749370781739e-01
6.607193330000000060e+03 9.787426964970622478e-01
6.607227689999999711e+03 9.831453464283204102e-01
6.607262050000000272e+03 9.961531550484683528e-01
6.607296409999999923e+03 1.002500230554153049e+00
6.607330769999999575e+03 9.956997486574253875e-01
6.607365130000000136e+03 9.951303701212546038e-01
6.607399500000000444e+03 9.961063706677431018e-01
6.607433860000000095e+03 9.826568757542766264e-01
6.607468219999999747e+03 9.747780090066051617e-01
6.607502580000000307e+03 9.847646213500541590e-01
6.607536939999999959e+03 9.812975998020267987e-01
6.607571310000000267e+03 9.917332268234650972e-01
6.607605669999999918e+03 9.918370094975020868e-01
6.607640029999999570e+03 9.926824013577616457e-01
6.607674399999999878e+03 9.970799654315763982e-01
6.607708760000000439e+03 9.987730260240716973e-01
6.607743120000000090e+03 9.931000252744723866e-01
6.607777490000000398e+03 9.974729005517295466e-01
6.607811850000000049e+03 9.955515253656493924e-01
6.607846209999999701e+03 1.000934183361551932e+00
6.607880580000000009e+03 9.959279403853965595e-01
6.607914939999999660e+03 1.004750983723519786e+00
6.607949309999999969e+03 9.951016624758405316e-01
6.607983669999999620e+03 9.931927844754576684e-01
6.608018039999999928e+03 1.004745996035027122e+00
6.608052399999999579e+03 9.801571083510460802e-01
6.608086769999999888e+03 9.747266940654047973e-01
6.608121130000000448e+03 9.952240326797193726e-01
6.608155499999999847e+03 9.959267265542172121e-01
6.608189860000000408e+03 9.788348472607750761e-01
6.608224229999999807e+03 9.880078962615498339e-01
6.608258600000000115e+03 9.862922540205228961e-01
6.608292959999999766e+03 9.939946603468182706e-01
6.608327330000000075e+03 9.876479423775263999e-01
6.608361700000000383e+03 9.879269377543444808e-01
6.608396060000000034e+03 9.977739364726202487e-01
6.608430430000000342e+03 9.928857307764917817e-01
6.608464799999999741e+03 1.002546071942762129e+00
6.608499170000000049e+03 9.986178201769121410e-01
6.608533529999999701e+03 1.003304183791575710e+00
6.608567900000000009e+03 9.996938278023579372e-01
6.608602270000000317e+03 9.959213480418174225e-01
6.608636639999999716e+03 1.005083733837121018e+00
6.608671010000000024e+03 9.999523328368323805e-01
6.608705369999999675e+03 9.915356108288447823e-01
6.608739739999999983e+03 9.895770618501421589e-01
6.608774110000000292e+03 9.883790455137132502e-01
6.608808479999999690e+03 9.900299957699555398e-01
6.608842849999999999e+03 9.994799068092927730e-01
6.608877220000000307e+03 9.961686663924742557e-01
6.608911589999999705e+03 9.917788524691812935e-01
6.608945960000000014e+03 1.005188016805166340e+00
6.608980330000000322e+03 9.998818109223661654e-01
6.609014699999999721e+03 9.977551022603163844e-01
6.609049070000000029e+03 1.002804356659140250e+00
6.609083440000000337e+03 9.919866149674259059e-01
6.609117809999999736e+03 1.010322149898595923e+00
6.609152180000000044e+03 9.894476007962929032e-01
6.609186550000000352e+03 1.009915925838719586e+00
6.609220919999999751e+03 1.000538153758704807e+00
6.609255290000000059e+03 1.013250816177474700e+00
6.609289670000000115e+03 9.857475487218912980e-01
6.609324040000000423e+03 9.896688336652855744e-01
6.609358409999999822e+03 9.859084406411064982e-01
6.609392780000000130e+03 9.947931892295263090e-01
6.609427150000000438e+03 9.795098460564459764e-01
6.609461529999999584e+03 1.004232860887789958e+00
6.609495899999999892e+03 9.799078019512754700e-01
6.609530270000000201e+03 9.942180166323880686e-01
6.609564639999999599e+03 1.002511176592815412e+00
6.609599019999999655e+03 1.006982053556511048e+00
6.609633389999999963e+03 9.985760619565907659e-01
6.609667760000000271e+03 1.007674111133813000e+00
6.609702140000000327e+03 9.909990622052952114e-01
6.609736509999999726e+03 9.883610228325182545e-01
6.609770889999999781e+03 9.959377636174330251e-01
6.609805260000000089e+03 1.002560579079140091e+00
6.609839630000000398e+03 1.003408775075865789e+00
6.609874010000000453e+03 1.003552317170476771e+00
6.609908379999999852e+03 9.917655433504385387e-01
6.609942759999999907e+03 1.002461230539130055e+00
6.609977130000000216e+03 9.925451955073756327e-01
6.610011510000000271e+03 9.944163015952164342e-01
6.610045890000000327e+03 1.002125109204798248e+00
6.610080259999999726e+03 1.010015010199524665e+00
6.610114639999999781e+03 9.974978985880995630e-01
6.610149010000000089e+03 9.885605418309227899e-01
6.610183390000000145e+03 9.912863581639287380e-01
6.610217770000000201e+03 9.880744862802511852e-01
6.610252139999999599e+03 9.900893795223051352e-01
6.610286519999999655e+03 9.889357939397480646e-01
6.610320899999999710e+03 1.003806133123674282e+00
6.610355270000000019e+03 9.939077845106606413e-01
6.610389650000000074e+03 9.844895078331747929e-01
6.610424030000000130e+03 9.907088310412094367e-01
6.610458400000000438e+03 9.964917030667483910e-01
6.610492779999999584e+03 1.000977295260628619e+00
6.610527159999999640e+03 9.880280916784698331e-01
6.610561539999999695e+03 9.904489807617954389e-01
6.610595919999999751e+03 9.978354695769919847e-01
6.610630299999999806e+03 1.002078157032608496e+00
6.610664670000000115e+03 1.001105820466464680e+00
6.610699050000000170e+03 9.960224421709714671e-01
6.610733430000000226e+03 9.883936924838904181e-01
6.610767810000000281e+03 9.904843311031891195e-01
6.610802190000000337e+03 9.998679449460742275e-01
6.610836570000000393e+03 9.982967684446036882e-01
6.610870950000000448e+03 1.003500850262300403e+00
6.610905329999999594e+03 1.000288934950589681e+00
6.610939709999999650e+03 9.943568021147214386e-01
6.610974089999999705e+03 9.931973682143179216e-01
6.611008469999999761e+03 1.008952068083214915e+00
6.611042849999999817e+03 1.007799104965235282e+00
6.611077229999999872e+03 9.994585318133201168e-01
6.611111609999999928e+03 9.996344497008271546e-01
6.611145999999999731e+03 9.877808128209130123e-01
6.611180379999999786e+03 9.911824622421168129e-01
6.611214759999999842e+03 9.992264915913553480e-01
6.611249139999999898e+03 9.891632378872040610e-01
6.611283519999999953e+03 9.882721871606663377e-01
6.611317900000000009e+03 9.892905372187432711e-01
6.611352289999999812e+03 9.866773091363389980e-01
6.611386669999999867e+03 9.950215155939743372e-01
6.611421049999999923e+03 9.941119044935792237e-01
6.611455429999999978e+03 9.881789410678913921e-01
6.611489819999999781e+03 9.939214204634704286e-01
6.611524199999999837e+03 9.989214851588932298e-01
6.611558579999999893e+03 1.001338172217881350e+00
6.611592969999999696e+03 9.913986758172053104e-01
6.611627349999999751e+03 9.896279209096537910e-01
6.611661729999999807e+03 9.967751464144644080e-01
6.611696119999999610e+03 9.814431928493845270e-01
6.611730499999999665e+03 9.900197365904337410e-01
6.611764890000000378e+03 9.979849443352797334e-01
6.611799270000000433e+03 9.896112505162634188e-01
6.611833660000000236e+03 9.934513293293227854e-01
6.611868040000000292e+03 9.897770650240999002e-01
6.611902430000000095e+03 9.946845925462161064e-01
6.611936810000000150e+03 9.840074032770634860e-01
6.611971199999999953e+03 9.900198049743105244e-01
6.612005580000000009e+03 1.002810814863300592e+00
6.612039969999999812e+03 9.965649975622659085e-01
6.612074359999999615e+03 1.002272092562924266e+00
6.612108739999999671e+03 9.902336623751719635e-01
6.612143130000000383e+03 9.869836388669857019e-01
6.612177510000000439e+03 9.961740188161950504e-01
6.612211900000000242e+03 9.917505222273595988e-01
6.612246290000000045e+03 9.927701841106399971e-01
6.612280679999999847e+03 9.762551198046015566e-01
6.612315059999999903e+03 9.981930995607315449e-01
6.612349449999999706e+03 9.971030184974442045e-01
6.612383840000000419e+03 9.823852578119990353e-01
6.612418230000000221e+03 9.816632936636321416e-01
6.612452610000000277e+03 9.917039656529293978e-01
6.612487000000000080e+03 9.981802684008922455e-01
6.612521389999999883e+03 9.946679778623059853e-01
6.612555779999999686e+03 9.928412524951044649e-01
6.612590170000000398e+03 9.942359957708785112e-01
6.612624560000000201e+03 9.908109892476713032e-01
6.612658950000000004e+03 9.953275032212641760e-01
6.612693330000000060e+03 9.809826137727685191e-01
6.612727719999999863e+03 9.775823198283829507e-01
6.612762109999999666e+03 9.786024759905997961e-01
6.612796500000000378e+03 9.796039636362200431e-01
6.612830890000000181e+03 9.842019808413570159e-01
6.612865279999999984e+03 9.892247604454103005e-01
6.612899669999999787e+03 9.908946669410078067e-01
6.612934059999999590e+03 9.885122002411758091e-01
6.612968460000000050e+03 9.901010404091350470e-01
6.613002849999999853e+03 9.924892339147306508e-01
6.613037239999999656e+03 9.783110198671466362e-01
6.613071630000000368e+03 9.881114401920084722e-01
6.613106020000000171e+03 9.928103269065555736e-01
6.613140409999999974e+03 9.656862099862142390e-01
6.613174799999999777e+03 9.707284223699741421e-01
6.613209200000000237e+03 9.750401714388636787e-01
6.613243590000000040e+03 9.874831140291765452e-01
6.613277979999999843e+03 1.005565832480610711e+00
6.613312369999999646e+03 9.639884861978745834e-01
6.613346760000000359e+03 9.890974615178755869e-01
6.613381159999999909e+03 1.002771893186477747e+00
6.613415549999999712e+03 9.914959122671143099e-01
6.613449940000000424e+03 9.828052934973027233e-01
6.613484339999999975e+03 9.829084142626253184e-01
6.613518729999999778e+03 9.708197162936227365e-01
6.613553119999999581e+03 9.694798988277515406e-01
6.613587520000000040e+03 9.607135508892282738e-01
6.613621909999999843e+03 9.492985907669931889e-01
6.613656310000000303e+03 9.330799505788349713e-01
6.613690700000000106e+03 9.048990973418973294e-01
6.613725099999999657e+03 8.809524445619825173e-01
6.613759490000000369e+03 8.619023191211291346e-01
6.613793889999999919e+03 8.443008255313932953e-01
6.613828279999999722e+03 8.384301457874778762e-01
6.613862680000000182e+03 8.337836852777851249e-01
6.613897069999999985e+03 8.280688699530207586e-01
6.613931470000000445e+03 8.324990888396035515e-01
6.613965860000000248e+03 8.405778062491849889e-01
6.614000259999999798e+03 8.364497060555512453e-01
6.614034660000000258e+03 8.439290670563780461e-01
6.614069050000000061e+03 8.121309814627083457e-01
6.614103449999999611e+03 8.205098890992186256e-01
6.614137850000000071e+03 8.464700065176143928e-01
6.614172239999999874e+03 8.147391893606524826e-01
6.614206640000000334e+03 8.098981557114390828e-01
6.614241039999999884e+03 8.063378205333059379e-01
6.614275429999999687e+03 8.178727326432829736e-01
6.614309830000000147e+03 8.174178084460418381e-01
6.614344229999999698e+03 8.307216128141108324e-01
6.614378630000000157e+03 8.599467812164937053e-01
6.614413029999999708e+03 8.679530804517039400e-01
6.614447420000000420e+03 8.537958971447229262e-01
6.614481819999999971e+03 8.459369606035045397e-01
6.614516220000000430e+03 8.683532658582753250e-01
6.614550619999999981e+03 8.708238218941229958e-01
6.614585020000000441e+03 8.790498387128090618e-01
6.614619419999999991e+03 8.856138959024081325e-01
6.614653820000000451e+03 9.008208967919907328e-01
6.614688220000000001e+03 9.276709691288117510e-01
6.614722619999999552e+03 9.253120689243921060e-01
6.614757020000000011e+03 9.204282973111910238e-01
6.614791419999999562e+03 9.339933929963609716e-01
6.614825820000000022e+03 9.469652576180657144e-01
6.614860219999999572e+03 9.472128474585738145e-01
6.614894620000000032e+03 9.482417248338282922e-01
6.614929019999999582e+03 9.495456726857331997e-01
6.614963420000000042e+03 9.472245785038327925e-01
6.614997819999999592e+03 9.604729617919643969e-01
6.615032220000000052e+03 9.623398207207153332e-01
6.615066630000000259e+03 9.689509331845505002e-01
6.615101029999999810e+03 9.698992237942123396e-01
6.615135430000000270e+03 9.765607635552415733e-01
6.615169829999999820e+03 9.671203565572746852e-01
6.615204230000000280e+03 9.665560245741328105e-01
6.615238639999999577e+03 9.721865280450111557e-01
6.615273040000000037e+03 9.743478466526941384e-01
6.615307439999999588e+03 9.747276527551290703e-01
6.615341840000000047e+03 9.760077069531832850e-01
6.615376250000000255e+03 9.778504801154500603e-01
6.615410649999999805e+03 9.872078077625762171e-01
6.615445050000000265e+03 9.888320931616173537e-01
6.615479459999999563e+03 9.847235220603195449e-01
6.615513860000000022e+03 9.905304511699631886e-01
6.615548270000000230e+03 9.986884072409379920e-01
6.615582669999999780e+03 9.943422998234787702e-01
6.615617079999999987e+03 9.914403558700313202e-01
6.615651480000000447e+03 9.902827586202619381e-01
6.615685879999999997e+03 9.953026508019851004e-01
6.615720290000000205e+03 9.847724398254783518e-01
6.615754689999999755e+03 9.898237417973119179e-01
6.615789099999999962e+03 9.976890553334089029e-01
6.615823510000000169e+03 9.987076706332971288e-01
6.615857909999999720e+03 9.965935485824499729e-01
6.615892319999999927e+03 9.853684588130257049e-01
6.615926720000000387e+03 9.949352917917737571e-01
6.615961129999999685e+03 9.980114419539437565e-01
6.615995539999999892e+03 1.015058177566241948e+00
6.616029940000000352e+03 9.838835232242550966e-01
6.616064349999999649e+03 9.874162624451279235e-01
6.616098759999999857e+03 9.939260200811388390e-01
6.616133160000000316e+03 9.871024845152023275e-01
6.616167569999999614e+03 1.009316663753495158e+00
6.616201979999999821e+03 9.751434089138913963e-01
6.616236390000000029e+03 9.751740287819136155e-01
6.616270789999999579e+03 9.917790464058717781e-01
6.616305199999999786e+03 9.877570624886051753e-01
6.616339609999999993e+03 9.812580942819353336e-01
6.616374020000000201e+03 9.866305817352892804e-01
6.616408430000000408e+03 9.826834314370842538e-01
6.616442839999999705e+03 9.853978084086019162e-01
6.616477249999999913e+03 9.917841110684920691e-01
6.616511650000000373e+03 1.004200789651939152e+00
6.616546059999999670e+03 1.001604971852628534e+00
6.616580469999999877e+03 9.946114467092078693e-01
6.616614880000000085e+03 9.914023600981070050e-01
6.616649290000000292e+03 9.899197773432316660e-01
6.616683699999999590e+03 1.000166967626358927e+00
6.616718109999999797e+03 1.000204770200588511e+00
6.616752520000000004e+03 9.998297020363015042e-01
6.616786930000000211e+03 9.908961024259712591e-01
6.616821340000000419e+03 9.831446472299700812e-01
6.616855760000000373e+03 9.930737711662616096e-01
6.616890169999999671e+03 9.974161505231746716e-01
6.616924579999999878e+03 1.003792166195876856e+00
6.616958990000000085e+03 9.982992150391269970e-01
6.616993400000000292e+03 9.874063185844828006e-01
6.617027809999999590e+03 1.009262651984018655e+00
6.617062219999999797e+03 9.980942937164293260e-01
6.617096639999999752e+03 9.934832269413919059e-01
6.617131049999999959e+03 9.832715847617785609e-01
6.617165460000000166e+03 9.839602776117244431e-01
6.617199870000000374e+03 9.948177910006076319e-01
6.617234290000000328e+03 9.914392213756252348e-01
6.617268699999999626e+03 9.841242993376698722e-01
6.617303109999999833e+03 9.869096425935016681e-01
6.617337529999999788e+03 9.883308473779498504e-01
6.617371939999999995e+03 9.954221655958030990e-01
6.617406350000000202e+03 9.931323998246209817e-01
6.617440770000000157e+03 9.925136170165479443e-01
6.617475180000000364e+03 1.001864918075549449e+00
6.617509600000000319e+03 9.914450567096473321e-01
6.617544009999999616e+03 9.877218649843896303e-01
6.617578429999999571e+03 9.913404348446498426e-01
6.617612839999999778e+03 9.923115420069905657e-01
6.617647259999999733e+03 1.000612370978537280e+00
6.617681669999999940e+03 1.001295832392530949e+00
6.617716089999999895e+03 1.014035260772232272e+00
6.617750500000000102e+03 9.962217302162186261e-01
6.617784920000000056e+03 9.981759882283273155e-01
6.617819330000000264e+03 1.005607790611481978e+00
6.617853750000000218e+03 9.901030826246597361e-01
6.617888170000000173e+03 9.841758620673420888e-01
6.617922580000000380e+03 1.004604330135204560e+00
6.617957000000000335e+03 9.923980105325290735e-01
6.617991420000000289e+03 9.964123465947984926e-01
6.618025829999999587e+03 9.973090484634864472e-01
6.618060250000000451e+03 9.959644526072809478e-01
6.618094670000000406e+03 9.884903701551639443e-01
6.618129079999999703e+03 9.919290573918128073e-01
6.618163499999999658e+03 9.846111822884278109e-01
6.618197919999999613e+03 1.009413650128340834e+00
6.618232339999999567e+03 1.008833224359147351e+00
6.618266760000000431e+03 9.932375286766699229e-01
6.618301169999999729e+03 9.917300728012541366e-01
6.618335589999999684e+03 9.966472425852366257e-01
6.618370009999999638e+03 9.876255004125623627e-01
6.618404429999999593e+03 9.931377522097507571e-01
6.618438849999999547e+03 9.912044731479247028e-01
6.618473270000000412e+03 1.009792897360339170e+00
6.618507690000000366e+03 9.824718172528636995e-01
6.618542110000000321e+03 9.910281801903159105e-01
6.618576530000000275e+03 9.971361960585282125e-01
6.618610950000000230e+03 9.824830512160589446e-01
6.618645370000000185e+03 1.001467958131252889e+00
6.618679790000000139e+03 9.905659782468509977e-01
6.618714210000000094e+03 1.000595432442240140e+00
6.618748630000000048e+03 1.006278536927296630e+00
6.618783050000000003e+03 1.002096843642425572e+00
6.618817469999999958e+03 1.001673207664704135e+00
6.618851889999999912e+03 9.903443111349132799e-01
6.618886319999999614e+03 9.867571947638443808e-01
6.618920739999999569e+03 9.926662743456724503e-01
6.618955160000000433e+03 9.970409079256309370e-01
6.618989580000000387e+03 9.908728922367139313e-01
6.619024000000000342e+03 9.883505642945190628e-01
6.619058430000000044e+03 9.835854419106738744e-01
6.619092849999999999e+03 9.994373675075438612e-01
6.619127269999999953e+03 1.010077635279064800e+00
6.619161689999999908e+03 1.008808630739830514e+00
6.619196119999999610e+03 9.977158851629859271e-01
6.619230539999999564e+03 9.974240083094731979e-01
6.619264960000000428e+03 9.954530241122356848e-01
6.619299390000000130e+03 9.918090959690953889e-01
6.619333810000000085e+03 9.944870977478689200e-01
6.619368230000000040e+03 1.001037514648493554e+00
6.619402659999999742e+03 9.945112358884961035e-01
6.619437079999999696e+03 9.943510339922276842e-01
6.619471510000000308e+03 9.908885702119319960e-01
6.619505930000000262e+03 9.969696295340767511e-01
6.619540359999999964e+03 1.001020650940926071e+00
6.619574779999999919e+03 1.007960786674397147e+00
6.619609209999999621e+03 1.004843119248151284e+00
6.619643629999999575e+03 9.936535830926914725e-01
6.619678060000000187e+03 9.988142795415210218e-01
6.619712480000000141e+03 9.851987929539899325e-01
6.619746909999999843e+03 9.833026088839202927e-01
6.619781339999999545e+03 9.770630354825291519e-01
6.619815760000000409e+03 9.738629900108838333e-01
6.619850190000000111e+03 9.870842653449238835e-01
6.619884619999999813e+03 9.985323522429607745e-01
6.619919039999999768e+03 1.008482919766259922e+00
6.619953470000000380e+03 9.986203933088197982e-01
6.619987900000000081e+03 9.744971401703788061e-01
6.620022320000000036e+03 9.950854294978587200e-01
6.620056749999999738e+03 1.000241497278251623e+00
6.620091180000000350e+03 9.944652289394488864e-01
6.620125610000000052e+03 1.014560202468374861e+00
6.620160039999999753e+03 1.013912079686049461e+00
6.620194459999999708e+03 1.007596677511520600e+00
6.620228890000000320e+03 1.007142782524466762e+00
6.620263320000000022e+03 9.950403685843877133e-01
6.620297749999999724e+03 9.831380687207846858e-01
6.620332180000000335e+03 9.949597137137891067e-01
6.620366610000000037e+03 9.980355304796918459e-01
6.620401039999999739e+03 9.964278604063214750e-01
6.620435470000000350e+03 9.975789936162985372e-01
6.620469900000000052e+03 9.996582069522652603e-01
6.620504329999999754e+03 9.890839144517808990e-01
6.620538760000000366e+03 1.002123972090375625e+00
6.620573190000000068e+03 9.761987259449135257e-01
6.620607619999999770e+03 9.947511901376160370e-01
6.620642050000000381e+03 9.835049617502943375e-01
6.620676480000000083e+03 9.939437038137728386e-01
6.620710909999999785e+03 1.007675356035419911e+00
6.620745340000000397e+03 1.005773110533283443e+00
6.620779770000000099e+03 9.888191453806178810e-01
6.620814199999999801e+03 9.975657428376677460e-01
6.620848630000000412e+03 9.902820146091472209e-01
6.620883069999999861e+03 9.852370796354235072e-01
6.620917499999999563e+03 9.931751937848983802e-01
6.620951930000000175e+03 9.937939916910356608e-01
6.620986359999999877e+03 9.953098029111522305e-01
6.621020800000000236e+03 9.966312746467651529e-01
6.621055229999999938e+03 1.006998045253448160e+00
6.621089659999999640e+03 9.988165692395206685e-01
6.621124090000000251e+03 9.900639045543540018e-01
6.621158529999999701e+03 9.912098590669528031e-01
6.621192960000000312e+03 9.936732790633380219e-01
6.621227390000000014e+03 9.907291621152383154e-01
6.621261830000000373e+03 1.002584280182583276e+00
6.621296260000000075e+03 9.957756938276001168e-01
6.621330700000000434e+03 1.003214755630200239e+00
6.621365130000000136e+03 9.905334620093847464e-01
6.621399569999999585e+03 1.005589635015257777e+00
6.621434000000000196e+03 9.920796580338963055e-01
6.621468439999999646e+03 9.883195743164753244e-01
6.621502870000000257e+03 9.950818352080326168e-01
6.621537309999999707e+03 9.919931069438353566e-01
6.621571740000000318e+03 1.000261813609302886e+00
6.621606179999999767e+03 1.001609580963897850e+00
6.621640610000000379e+03 9.996002110428926501e-01
6.621675049999999828e+03 1.008654209278984748e+00
6.621709480000000440e+03 9.944893537523213922e-01
6.621743919999999889e+03 1.002169361868733510e+00
6.621778360000000248e+03 1.008450268407811157e+00
6.621812789999999950e+03 1.001577132579367424e+00
6.621847230000000309e+03 9.974589105517815968e-01
6.621881669999999758e+03 9.978092064955436102e-01
6.621916110000000117e+03 9.892847350126763306e-01
6.621950539999999819e+03 9.913170224160601229e-01
6.621984980000000178e+03 9.810157449676922825e-01
6.622019419999999627e+03 9.882703368525821430e-01
6.622053859999999986e+03 1.002812903727730687e+00
6.622088289999999688e+03 1.000753142930009831e+00
6.622122730000000047e+03 9.756305218148242364e-01
6.622157170000000406e+03 9.743170909667940860e-01
6.622191609999999855e+03 9.866071976162754664e-01
6.622226050000000214e+03 1.004610693182551362e+00
6.622260489999999663e+03 1.016456467844292222e+00
6.622294930000000022e+03 9.956318106802797274e-01
6.622329370000000381e+03 9.796843438796196679e-01
6.622363809999999830e+03 9.932821404122522679e-01
6.622398250000000189e+03 9.925969925014586082e-01
6.622432679999999891e+03 1.000124347164342398e+00
6.622467129999999997e+03 9.969153149238485501e-01
6.622501570000000356e+03 9.900768960355982307e-01
6.622536009999999806e+03 9.965248357939819890e-01
6.622570450000000164e+03 1.001139571313817811e+00
6.622604889999999614e+03 1.010878599280340406e+00
6.622639329999999973e+03 1.006244122460412171e+00
6.622673770000000331e+03 1.005597097874187940e+00
6.622708209999999781e+03 9.975523312142695609e-01
6.622742650000000140e+03 1.001828701875670857e+00
6.622777089999999589e+03 1.002286938121194737e+00
6.622811539999999695e+03 1.002506582416061942e+00
6.622845980000000054e+03 1.003687186058420888e+00
6.622880420000000413e+03 9.928968689288446559e-01
6.622914859999999862e+03 1.006394115331723738e+00
6.622949309999999969e+03 9.964136496779757435e-01
6.622983750000000327e+03 9.983857769598928344e-01
6.623018189999999777e+03 9.972927475463196911e-01
6.623052630000000136e+03 1.005464887484992520e+00
6.623087080000000242e+03 9.908728007323297504e-01
6.623121519999999691e+03 9.798166589770908042e-01
6.623155960000000050e+03 9.809658413099113794e-01
6.623190410000000156e+03 9.906462388415034903e-01
6.623224849999999606e+03 9.776983848207875250e-01
6.623259299999999712e+03 9.882211001508456327e-01
6.623293740000000071e+03 1.002884604871545626e+00
6.623328190000000177e+03 9.979215637996367017e-01
6.623362629999999626e+03 9.848784659995458712e-01
6.623397079999999733e+03 9.735060420999266384e-01
6.623431520000000091e+03 9.757551187796172920e-01
6.623465970000000198e+03 9.859214285696983326e-01
6.623500409999999647e+03 9.918343145200734234e-01
6.623534859999999753e+03 9.866504972086607150e-01
6.623569300000000112e+03 9.775264473450602232e-01
6.623603750000000218e+03 9.918414375850465037e-01
6.623638189999999668e+03 9.903021479052701581e-01
6.623672639999999774e+03 9.906229902225492934e-01
6.623707089999999880e+03 9.984727421764847399e-01
6.623741530000000239e+03 1.006429763536194510e+00
6.623775980000000345e+03 1.002816828516394310e+00
6.623810430000000451e+03 9.987637886552441779e-01
6.623844879999999648e+03 9.935540995190211833e-01
6.623879320000000007e+03 9.919519490651704796e-01
6.623913770000000113e+03 9.942970496836597283e-01
6.623948220000000219e+03 9.917960576829293329e-01
6.623982670000000326e+03 9.987865675396526699e-01
6.624017109999999775e+03 9.929729022106299485e-01
6.624051559999999881e+03 1.008758203332063008e+00
6.624086009999999987e+03 9.871219013562506639e-01
6.624120460000000094e+03 1.000028729926348614e+00
6.624154910000000200e+03 1.008937958301791671e+00
6.624189360000000306e+03 9.878532992083297604e-01
6.624223810000000412e+03 9.919657760655983259e-01
6.624258259999999609e+03 9.922119079063629332e-01
6.624292709999999715e+03 1.006799437960047561e+00
6.624327159999999822e+03 1.019300327688575480e+00
6.624361609999999928e+03 1.007757970460720687e+00
6.624396060000000034e+03 9.993903791473802700e-01
6.624430510000000140e+03 1.003007255737585757e+00
6.624464960000000247e+03 1.004542982176424681e+00
6.624499410000000353e+03 1.001557530062999302e+00
6.624533859999999549e+03 1.004879291658791862e+00
6.624568309999999656e+03 1.004516118824451132e+00
6.624602759999999762e+03 9.991722229319021098e-01
6.624637209999999868e+03 9.981989135083489950e-01
6.624671659999999974e+03 9.951438779927951339e-01
6.624706110000000081e+03 9.988623011934317786e-01
6.624740569999999934e+03 1.005342045729904266e+00
6.624775020000000040e+03 1.008048372817831773e+00
6.624809470000000147e+03 1.001408208441699754e+00
6.624843920000000253e+03 1.001038837227485434e+00
6.624878380000000107e+03 9.965557245637511885e-01
6.624912830000000213e+03 9.988911081892813959e-01
6.624947280000000319e+03 9.989180385921196947e-01
6.624981740000000173e+03 9.930192045344344853e-01
6.625016190000000279e+03 1.008678767822077882e+00
6.625050640000000385e+03 1.000125132079974222e+00
6.625085100000000239e+03 1.004788833705304807e+00
6.625119550000000345e+03 9.972350185548550794e-01
6.625154000000000451e+03 1.003679451723622496e+00
6.625188460000000305e+03 1.004587590184122359e+00
6.625222910000000411e+03 9.966683238417668456e-01
6.625257370000000265e+03 9.944052024656434563e-01
6.625291820000000371e+03 9.854344938455353864e-01
6.625326280000000224e+03 1.000185588864228592e+00
6.625360730000000331e+03 1.008317755875865362e+00
6.625395190000000184e+03 9.977610320399605826e-01
6.625429640000000290e+03 9.925464194977817733e-01
6.625464100000000144e+03 9.931148878060981344e-01
6.625498550000000250e+03 9.994354314965684383e-01
6.625533010000000104e+03 1.008947123230164999e+00
6.625567469999999958e+03 9.966269261869776797e-01
6.625601920000000064e+03 9.976866047580466024e-01
6.625636379999999917e+03 9.968519087893148445e-01
6.625670839999999771e+03 9.877970959802038209e-01
6.625705289999999877e+03 1.000576666836706874e+00
6.625739749999999731e+03 1.004230026329852699e+00
6.625774209999999584e+03 1.011056115148497581e+00
6.625808659999999691e+03 1.009202071654005550e+00
6.625843120000000454e+03 9.995107153794399180e-01
6.625877580000000307e+03 1.001307511573862552e+00
6.625912040000000161e+03 1.016173549243819085e+00
6.625946500000000015e+03 1.004926685079261750e+00
6.625980950000000121e+03 1.008744787690236233e+00
6.626015409999999974e+03 1.003912633693189393e+00
6.626049869999999828e+03 9.981169481480468564e-01
6.626084329999999682e+03 9.949087136538524723e-01
6.626118790000000445e+03 9.853472738501325434e-01
6.626153250000000298e+03 9.910922835601744252e-01
6.626187710000000152e+03 9.977821609060147923e-01
6.626222170000000006e+03 1.012765494703417257e+00
6.626256629999999859e+03 9.947969825593903082e-01
6.626291089999999713e+03 9.975959108012503185e-01
6.626325549999999566e+03 1.003084043923883728e+00
6.626360010000000329e+03 1.014378940094810222e+00
6.626394470000000183e+03 1.012071232773091189e+00
6.626428930000000037e+03 1.000492782643681577e+00
6.626463389999999890e+03 1.003771093764015854e+00
6.626497849999999744e+03 1.001872379872423835e+00
6.626532309999999597e+03 1.007317677080255214e+00
6.626566770000000361e+03 9.977660888634446446e-01
6.626601239999999962e+03 9.942231372472010165e-01
6.626635699999999815e+03 9.974641061816097443e-01
6.626670159999999669e+03 9.902359383519629965e-01
6.626704620000000432e+03 9.930927784703068584e-01
6.626739080000000286e+03 9.994901971753016312e-01
6.626773549999999886e+03 9.982589746311624213e-01
6.626808009999999740e+03 1.001223488798441696e+00
6.626842469999999594e+03 1.003974001138822292e+00
6.626876940000000104e+03 9.988051884455354523e-01
6.626911399999999958e+03 9.983551911505280652e-01
6.626945859999999811e+03 9.966513608098777066e-01
6.626980330000000322e+03 9.879156857424258309e-01
6.627014790000000175e+03 9.832500180149175151e-01
6.627049250000000029e+03 9.857297293204452249e-01
6.627083719999999630e+03 9.974412245173659430e-01
6.627118180000000393e+03 1.011094322575138094e+00
6.627152649999999994e+03 1.005080339939893319e+00
6.627187109999999848e+03 9.973329858775235035e-01
6.627221580000000358e+03 9.943937746608025874e-01
6.627256040000000212e+03 1.011867732230645522e+00
6.627290509999999813e+03 9.959393134118020852e-01
6.627324969999999666e+03 1.003241813570831420e+00
6.627359440000000177e+03 1.005111678822901977e+00
6.627393900000000031e+03 9.997898523157003892e-01
6.627428369999999632e+03 9.979597690415107358e-01
6.627462830000000395e+03 9.944780956047526432e-01
6.627497299999999996e+03 1.003338798014527633e+00
6.627531769999999597e+03 9.965350322418203843e-01
6.627566230000000360e+03 1.006379801721470679e+00
6.627600699999999961e+03 1.007090401701759230e+00
6.627635169999999562e+03 1.007448030805214501e+00
6.627669630000000325e+03 1.012345001588937921e+00
6.627704099999999926e+03 1.006208965812428913e+00
6.627738570000000436e+03 9.943603121647179854e-01
6.627773040000000037e+03 9.974856936091603954e-01
6.627807499999999891e+03 1.009583765585826631e+00
6.627841970000000401e+03 1.004947762856343907e+00
6.627876440000000002e+03 9.903737285845802818e-01
6.627910909999999603e+03 9.892051819768604703e-01
6.627945380000000114e+03 9.996776214550932016e-01
6.627979849999999715e+03 1.019584898045589716e+00
6.628014320000000225e+03 1.008579145320613879e+00
6.628048780000000079e+03 9.921805741985025850e-01
6.628083249999999680e+03 1.006217850841379935e+00
6.628117720000000190e+03 1.016793446916512744e+00
6.628152189999999791e+03 1.006959563304241190e+00
6.628186660000000302e+03 9.987776606869334106e-01
6.628221129999999903e+03 1.000586529167916350e+00
6.628255600000000413e+03 9.891365730044152649e-01
6.628290070000000014e+03 9.983130418668284545e-01
6.628324539999999615e+03 9.964697294267537142e-01
6.628359010000000126e+03 1.007066421863192840e+00
6.628393490000000384e+03 9.962778131047120844e-01
6.628427959999999985e+03 9.923966456975864547e-01
6.628462429999999586e+03 9.936570559495703225e-01
6.628496900000000096e+03 9.912456643133515932e-01
6.628531369999999697e+03 9.852883216673182787e-01
6.628565840000000208e+03 9.814439142518632808e-01
6.628600309999999808e+03 9.917699779911249847e-01
6.628634790000000066e+03 9.972687140661624650e-01
6.628669259999999667e+03 9.827450969654193402e-01
6.628703730000000178e+03 9.846263739665932491e-01
6.628738199999999779e+03 9.897440980524562226e-01
6.628772680000000037e+03 1.002452776713280258e+00
6.628807149999999638e+03 9.966204012193117245e-01
6.628841620000000148e+03 9.928252658018127397e-01
6.628876100000000406e+03 9.996504387835761785e-01
6.628910570000000007e+03 9.965287244427076807e-01
6.628945039999999608e+03 1.002039755392593268e+00
6.628979519999999866e+03 9.960445334126396544e-01
6.629013990000000376e+03 1.004406781534700643e+00
6.629048469999999725e+03 9.959291573754660565e-01
6.629082940000000235e+03 9.949549456354793708e-01
6.629117419999999584e+03 1.004596246416807226e+00
6.629151890000000094e+03 1.016793261559904460e+00
6.629186370000000352e+03 9.997590090427650455e-01
6.629220839999999953e+03 9.919958045162674543e-01
6.629255320000000211e+03 9.890729293966150637e-01
6.629289789999999812e+03 9.963306872854410523e-01
6.629324270000000070e+03 9.872073860272742030e-01
6.629358739999999671e+03 9.918565272673330879e-01
6.629393219999999928e+03 1.004483734454286514e+00
6.629427700000000186e+03 9.934575630423163606e-01
6.629462169999999787e+03 9.984198578744676311e-01
6.629496650000000045e+03 1.003191959475685069e+00
6.629531130000000303e+03 9.965816928633975946e-01
6.629565599999999904e+03 9.998244161468481384e-01
6.629600080000000162e+03 1.003937419010852761e+00
6.629634560000000420e+03 1.003725412538809092e+00
6.629669030000000021e+03 1.012602702263137866e+00
6.629703510000000279e+03 9.956856887214674545e-01
6.629737989999999627e+03 1.002326533536865405e+00
6.629772469999999885e+03 9.940939283404692794e-01
6.629806950000000143e+03 1.010605926224805939e+00
6.629841430000000400e+03 1.000136897644226863e+00
6.629875900000000001e+03 9.955756224098822882e-01
6.629910380000000259e+03 1.008612889041140326e+00
6.629944859999999608e+03 1.005798405535809348e+00
6.629979339999999866e+03 1.003317624134108854e+00
6.630013820000000123e+03 1.011409308780401028e+00
6.630048300000000381e+03 1.003005723233076241e+00
6.630082779999999730e+03 9.898040241731055344e-01
6.630117259999999987e+03 9.988397953709449162e-01
6.630151740000000245e+03 1.001701169036653072e+00
6.630186219999999594e+03 9.947399290114323778e-01
6.630220699999999852e+03 1.010337217202846416e+00
6.630255180000000109e+03 1.003279585877440816e+00
6.630289660000000367e+03 1.002141793025146832e+00
6.630324139999999716e+03 1.009801757757873952e+00
6.630358619999999974e+03 1.022964367449375134e+00
6.630393100000000231e+03 1.012507756556987992e+00
6.630427590000000237e+03 9.980112747388484307e-01
6.630462069999999585e+03 1.007156706634054100e+00
6.630496549999999843e+03 1.008841042703230828e+00
6.630531030000000101e+03 1.006403279380863047e+00
6.630565510000000359e+03 9.932550449556764027e-01
6.630600000000000364e+03 1.023644766968344166e+00
6.630634479999999712e+03 1.004613407466597996e+00
6.630668959999999970e+03 1.010489643702258578e+00
6.630703440000000228e+03 1.007833097302778036e+00
6.630737930000000233e+03 9.950226848710548300e-01
6.630772409999999581e+03 9.998675169725632639e-01
6.630806889999999839e+03 9.921041189444979036e-01
6.630841379999999845e+03 1.005162182813466476e+00
6.630875860000000102e+03 1.018836940002468827e+00
6.630910350000000108e+03 9.985848874453845392e-01
6.630944830000000366e+03 9.989955013600037015e-01
6.630979309999999714e+03 1.008742373622495192e+00
6.631013799999999719e+03 1.010696477113914860e+00
6.631048279999999977e+03 1.007274740818868697e+00
6.631082769999999982e+03 1.002243729260171579e+00
6.631117250000000240e+03 9.909672365517858683e-01
6.631151740000000245e+03 9.901616246222137985e-01
6.631186219999999594e+03 1.003622931770931093e+00
6.631220709999999599e+03 1.003319727405471484e+00
6.631255199999999604e+03 1.005078073683764339e+00
6.631289679999999862e+03 1.002262948173914703e+00
6.631324169999999867e+03 9.882782050053736667e-01
6.631358650000000125e+03 9.959370161667226995e-01
6.631393140000000130e+03 1.000788097753258388e+00
6.631427630000000136e+03 9.953216354144627243e-01
6.631462110000000393e+03 9.957945557278380377e-01
6.631496600000000399e+03 1.014728178990029983e+00
6.631531090000000404e+03 9.967943395795992867e-01
6.631565580000000409e+03 9.926368770681351927e-01
6.631600059999999758e+03 9.894308950716691475e-01
6.631634549999999763e+03 1.006605192651023328e+00
6.631669039999999768e+03 1.009089297202030444e+00
6.631703529999999773e+03 9.958012093945567411e-01
6.631738019999999779e+03 9.846377230259559798e-01
6.631772500000000036e+03 9.867291644837785647e-01
6.631806990000000042e+03 1.001027222376215997e+00
6.631841480000000047e+03 1.003248137245681626e+00
6.631875970000000052e+03 9.928708208772939470e-01
6.631910460000000057e+03 9.948192139460276806e-01
6.631944950000000063e+03 9.962435243763432258e-01
6.631979440000000068e+03 9.976604891250814289e-01
6.632013930000000073e+03 1.004979750026438357e+00
6.632048420000000078e+03 9.970263337345967036e-01
6.632082910000000084e+03 9.970103646779054918e-01
6.632117400000000089e+03 9.910156481947061113e-01
6.632151890000000094e+03 9.888819147760986583e-01
6.632186380000000099e+03 9.940032545490379290e-01
6.632220870000000104e+03 9.921953389379323252e-01
6.632255360000000110e+03 9.996630335738753148e-01
6.632289850000000115e+03 9.945913180247818453e-01
6.632324340000000120e+03 9.783301709576474048e-01
6.632358839999999873e+03 9.890826826989795872e-01
6.632393329999999878e+03 9.880934970215019542e-01
6.632427819999999883e+03 9.932251326799673707e-01
6.632462309999999889e+03 9.955751972615249912e-01
6.632496799999999894e+03 9.951819817885059205e-01
6.632531299999999646e+03 9.911332800077834460e-01
6.632565789999999652e+03 9.920651023082666109e-01
6.632600279999999657e+03 1.020067271579749635e+00
6.632634769999999662e+03 9.854998965344627937e-01
6.632669270000000324e+03 9.952905448449481662e-01
6.632703760000000329e+03 1.017396424299879643e+00
6.632738250000000335e+03 1.003201088453552936e+00
6.632772750000000087e+03 9.891281776016455085e-01
6.632807240000000093e+03 1.014299756932298680e+00
6.632841739999999845e+03 9.996015078702968903e-01
6.632876229999999850e+03 9.790678392851211997e-01
6.632910719999999856e+03 9.923260102276905137e-01
6.632945219999999608e+03 9.857186004344530295e-01
6.632979709999999614e+03 9.957765836208186672e-01
6.633014210000000276e+03 1.004218709737559445e+00
6.633048700000000281e+03 1.003113553197660712e+00
6.633083200000000033e+03 9.931414058442218362e-01
6.633117690000000039e+03 9.784291035713034157e-01
6.633152189999999791e+03 9.879835717560683239e-01
6.633186690000000453e+03 9.967150651079988988e-01
6.633221179999999549e+03 9.907501706965518018e-01
6.633255680000000211e+03 9.875478855369189679e-01
6.633290170000000217e+03 9.793603431884652100e-01
6.633324669999999969e+03 9.757715809170893762e-01
6.633359169999999722e+03 9.774792743771717474e-01
6.633393659999999727e+03 9.956573161033537289e-01
6.633428160000000389e+03 9.853131452414358726e-01
6.633462660000000142e+03 9.902884681029634484e-01
6.633497159999999894e+03 9.885936283915052192e-01
6.633531649999999900e+03 9.907359117081973032e-01
6.633566149999999652e+03 9.976771767832720572e-01
6.633600650000000314e+03 9.765830248912577005e-01
6.633635150000000067e+03 9.852815118704655317e-01
6.633669649999999820e+03 9.930570498016055847e-01
6.633704139999999825e+03 9.887053488138961566e-01
6.633738639999999577e+03 9.668131230086266514e-01
6.633773140000000240e+03 9.915000225134134038e-01
6.633807639999999992e+03 9.955528819142517305e-01
6.633842139999999745e+03 1.003121900671716027e+00
6.633876640000000407e+03 9.869510758882159562e-01
6.633911140000000159e+03 9.916874578829704134e-01
6.633945639999999912e+03 1.000549938840738839e+00
6.633980139999999665e+03 9.979015909506893101e-01
6.634014640000000327e+03 9.900486331545249596e-01
6.634049140000000079e+03 1.000758020037443963e+00
6.634083639999999832e+03 9.904117622863364279e-01
6.634118139999999585e+03 1.000024005436278562e+00
6.634152640000000247e+03 9.929753172473682055e-01
6.634187139999999999e+03 9.924107487554196805e-01
6.634221639999999752e+03 9.921431942469474130e-01
6.634256150000000162e+03 1.000875388919141296e+00
6.634290649999999914e+03 1.007603459636520205e+00
6.634325149999999667e+03 1.004957403458740961e+00
6.634359650000000329e+03 1.000067768311541760e+00
6.634394150000000081e+03 9.926388221749842256e-01
6.634428659999999581e+03 9.954239851925866800e-01
6.634463160000000244e+03 9.963115250491350050e-01
6.634497659999999996e+03 9.965402580021791579e-01
6.634532159999999749e+03 9.897202131996428731e-01
6.634566670000000158e+03 9.977318587622693302e-01
6.634601169999999911e+03 1.000147683976752688e+00
6.634635669999999664e+03 1.004338925810302818e+00
6.634670180000000073e+03 1.004757910790925912e+00
6.634704679999999826e+03 9.852694851385384034e-01
6.634739179999999578e+03 9.816459453457266893e-01
6.634773689999999988e+03 9.891269396651979351e-01
6.634808189999999740e+03 9.884441781252184533e-01
6.634842700000000150e+03 1.005831656516170014e+00
6.634877199999999903e+03 9.989867487181773864e-01
6.634911710000000312e+03 9.982396240962061462e-01
6.634946210000000065e+03 9.960970482301754192e-01
6.634980719999999565e+03 9.936726192386083900e-01
6.635015220000000227e+03 1.003885474040007164e+00
6.635049729999999727e+03 1.008965669746235250e+00
6.635084230000000389e+03 9.968792135403721222e-01
6.635118739999999889e+03 9.947372599743976584e-01
6.635153239999999641e+03 9.982046924661759357e-01
6.635187750000000051e+03 9.985582302752582518e-01
6.635222259999999551e+03 9.858009466900304885e-01
6.635256760000000213e+03 9.960970907683673881e-01
6.635291269999999713e+03 1.003235572366373729e+00
6.635325780000000123e+03 9.943276544380791337e-01
6.635360279999999875e+03 9.908791622522203912e-01
6.635394790000000285e+03 9.986214168712173045e-01
6.635429299999999785e+03 9.897600221181113156e-01
6.635463810000000194e+03 9.993578225960699779e-01
6.635498319999999694e+03 1.002641318810426618e+00
6.635532820000000356e+03 9.896382546835750249e-01
6.635567329999999856e+03 1.010077260419123490e+00
6.635601840000000266e+03 1.006619873327825321e+00
6.635636349999999766e+03 1.001468730588106482e+00
6.635670860000000175e+03 1.003330937964020286e+00
6.635705369999999675e+03 1.001748215572464629e+00
6.635739880000000085e+03 9.987362654681749552e-01
6.635774379999999837e+03 9.957253015073418423e-01
6.635808890000000247e+03 9.927216613361206088e-01
6.635843399999999747e+03 9.897127026372304348e-01
6.635877910000000156e+03 1.005294784787061468e+00
6.635912419999999656e+03 9.977439321890297919e-01
6.635946930000000066e+03 9.934970404768715957e-01
6.635981439999999566e+03 9.864007481659028409e-01
6.636015949999999975e+03 9.947799713831513291e-01
6.636050470000000132e+03 9.877990086124058822e-01
6.636084979999999632e+03 9.816759705009697745e-01
6.636119490000000042e+03 1.002242422351173445e+00
6.636154000000000451e+03 9.903123392736241648e-01
6.636188509999999951e+03 1.003031732955704802e+00
6.636223020000000361e+03 9.917774805016682516e-01
6.636257529999999861e+03 9.966459735297490408e-01
6.636292050000000017e+03 9.941139106661849301e-01
6.636326560000000427e+03 1.012620523110472126e+00
6.636361069999999927e+03 1.012971210751071993e+00
6.636395580000000336e+03 9.944971130516770952e-01
6.636430099999999584e+03 9.888253302102897324e-01
6.636464609999999993e+03 1.012214325076715049e+00
6.636499120000000403e+03 1.003072739167690131e+00
6.636533629999999903e+03 1.007067742370481911e+00
6.636568150000000060e+03 1.003241441233627906e+00
6.636602659999999560e+03 1.032598778511917503e+00
6.636637179999999717e+03 1.024012271710034394e+00
6.636671690000000126e+03 1.023118211761160357e+00
6.636706199999999626e+03 1.009993041854960527e+00
6.636740719999999783e+03 9.999156704043056232e-01
6.636775230000000192e+03 9.933548074593594457e-01
6.636809750000000349e+03 1.008555905576226763e+00
6.636844259999999849e+03 1.011618994522296644e+00
6.636878780000000006e+03 1.018569032173539668e+00
6.636913290000000416e+03 1.008210820440395672e+00
6.636947809999999663e+03 9.987022581909161811e-01
6.636982320000000072e+03 9.983287875555324486e-01
6.637016840000000229e+03 9.971561108277742225e-01
6.637051349999999729e+03 1.001440054094067111e+00
6.637085869999999886e+03 1.007474874111032648e+00
6.637120390000000043e+03 9.997099623687549785e-01
6.637154900000000453e+03 9.949280281176564600e-01
6.637189419999999700e+03 9.944586450667645128e-01
6.637223939999999857e+03 1.021261129029865433e+00
6.637258450000000266e+03 1.012043073333305010e+00
6.637292970000000423e+03 1.007125232372218626e+00
6.637327489999999671e+03 1.009882075638014021e+00
6.637362009999999827e+03 9.960656020182810932e-01
6.637396520000000237e+03 9.898414159242375776e-01
6.637431040000000394e+03 1.001055061893503684e+00
6.637465559999999641e+03 1.016484225483860859e+00
6.637500079999999798e+03 1.025619578367926277e+00
6.637534599999999955e+03 1.001512579368981859e+00
6.637569120000000112e+03 9.987078951022436701e-01
6.637603629999999612e+03 1.001321132430199601e+00
6.637638149999999769e+03 9.928187800304483224e-01
6.637672669999999925e+03 9.998922521347731740e-01
6.637707190000000082e+03 1.017369424734963168e+00
6.637741710000000239e+03 9.953889492517186133e-01
6.637776230000000396e+03 1.010969148157169206e+00
6.637810749999999643e+03 9.989454494727947331e-01
6.637845269999999800e+03 9.968188151901937744e-01
6.637879789999999957e+03 1.002183240053326596e+00
6.637914310000000114e+03 1.015495465376885065e+00
6.637948830000000271e+03 1.011006006292191062e+00
6.637983350000000428e+03 1.011898613798064117e+00
6.638017869999999675e+03 1.000112932767214469e+00
6.638052389999999832e+03 1.004016358451485846e+00
6.638086919999999736e+03 9.968122533179814004e-01
6.638121439999999893e+03 1.003961308597141722e+00
6.638155960000000050e+03 1.017361301034859222e+00
6.638190480000000207e+03 9.998744184236849630e-01
6.638225000000000364e+03 1.007935776592561394e+00
6.638259530000000268e+03 1.001961957748656262e+00
6.638294050000000425e+03 1.004272697359558597e+00
6.638328569999999672e+03 1.005599229744996714e+00
6.638363089999999829e+03 1.004009204774259478e+00
6.638397619999999733e+03 9.998954319953106129e-01
6.638432139999999890e+03 1.016452156908039584e+00
6.638466660000000047e+03 1.002152859063389023e+00
6.638501189999999951e+03 1.011666281026694758e+00
6.638535710000000108e+03 1.015830277145377325e+00
6.638570230000000265e+03 1.002601709004435460e+00
6.638604760000000169e+03 9.877748420897938253e-01
6.638639280000000326e+03 1.007744593012445788e+00
6.638673810000000231e+03 1.004525624295198760e+00
6.638708330000000387e+03 1.003033967633226275e+00
6.638742860000000292e+03 1.017763098868212257e+00
6.638777380000000448e+03 1.000183576197584800e+00
6.638811910000000353e+03 1.011835431895760085e+00
6.638846429999999600e+03 1.010626209316231483e+00
6.638880960000000414e+03 1.009965868585397164e+00
6.638915479999999661e+03 1.006225204064565837e+00
6.638950009999999565e+03 1.012730023129611689e+00
6.638984529999999722e+03 1.006749474918930298e+00
6.639019059999999627e+03 1.005048210101057160e+00
6.639053590000000440e+03 1.007739702015951977e+00
6.639088109999999688e+03 1.011245608469134805e+00
6.639122639999999592e+03 1.021410211718291050e+00
6.639157170000000406e+03 1.017705152998967355e+00
6.639191689999999653e+03 1.010243752170111753e+00
6.639226219999999557e+03 9.974691947093830002e-01
6.639260750000000371e+03 1.009009876364428848e+00
6.639295280000000275e+03 1.024129916963869125e+00
6.639329800000000432e+03 1.012521136126435461e+00
6.639364330000000336e+03 1.025818043185290129e+00
6.639398860000000241e+03 1.006674540897566139e+00
6.639433390000000145e+03 1.006700793288499485e+00
6.639467920000000049e+03 9.940368196973606851e-01
6.639502440000000206e+03 1.006063249951584027e+00
6.639536970000000110e+03 1.021027836195931071e+00
6.639571500000000015e+03 1.004632476898843940e+00
6.639606029999999919e+03 9.924634033882421269e-01
6.639640559999999823e+03 1.000656662638147010e+00
6.639675089999999727e+03 1.009434607188063104e+00
6.639709619999999632e+03 9.986339800728721849e-01
6.639744150000000445e+03 1.017537394387105332e+00
6.639778680000000350e+03 1.008055129715591969e+00
6.639813210000000254e+03 1.002062647612822710e+00
6.639847740000000158e+03 9.935590992702617585e-01
6.639882270000000062e+03 9.998036293992562662e-01
6.639916799999999967e+03 1.017606067681504856e+00
6.639951329999999871e+03 1.004059419725445990e+00
6.639985859999999775e+03 9.950825674676376797e-01
6.640020400000000336e+03 1.003192384042843610e+00
6.640054930000000240e+03 1.014463849295694109e+00
6.640089460000000145e+03 1.014270159586766695e+00
6.640123990000000049e+03 1.013910034347881295e+00
6.640158519999999953e+03 1.001717222329670420e+00
6.640193059999999605e+03 1.005345612693889557e+00
6.640227590000000419e+03 9.986335268452289915e-01
6.640262120000000323e+03 1.000293355380087235e+00
6.640296650000000227e+03 1.007013866414621983e+00
6.640331189999999879e+03 1.002929701942469665e+00
6.640365719999999783e+03 1.005377042114304897e+00
6.640400249999999687e+03 1.013229994269602807e+00
6.640434790000000248e+03 1.001921782472883438e+00
6.640469320000000153e+03 9.907690315246818757e-01
6.640503850000000057e+03 9.940795113152848250e-01
6.640538389999999708e+03 1.005855344602507806e+00
6.640572919999999613e+03 9.823553940333235035e-01
6.640607460000000174e+03 1.010194039576145064e+00
6.640641990000000078e+03 1.002648238623220722e+00
6.640676529999999730e+03 9.890469930064605952e-01
6.640711059999999634e+03 9.889467994670655404e-01
6.640745600000000195e+03 9.956489124696696891e-01
6.640780130000000099e+03 1.002105061318103285e+00
6.640814669999999751e+03 9.949497308465704570e-01
6.640849199999999655e+03 1.010908847008195943e+00
6.640883740000000216e+03 1.006957371532680501e+00
6.640918270000000120e+03 9.894960141110494822e-01
6.640952809999999772e+03 1.007117316228755888e+00
6.640987350000000333e+03 9.995063176888987488e-01
6.641021880000000237e+03 1.003346925838870529e+00
6.641056419999999889e+03 1.003869727233044351e+00
6.641090960000000450e+03 9.985322334343169626e-01
6.641125490000000354e+03 9.961183020606075855e-01
6.641160030000000006e+03 1.011526503973230184e+00
6.641194569999999658e+03 9.956263033255134953e-01
6.641229110000000219e+03 9.960558385220927846e-01
6.641263649999999870e+03 1.010607748580074627e+00
6.641298179999999775e+03 1.008011974994057702e+00
6.641332720000000336e+03 1.005411771675789323e+00
6.641367259999999987e+03 1.002819739670531618e+00
6.641401799999999639e+03 1.000223285069817392e+00
6.641436340000000200e+03 9.998112702532178098e-01
6.641470879999999852e+03 1.028878643992571895e+00
6.641505420000000413e+03 1.004852707982957005e+00
6.641539950000000317e+03 1.005092248937618171e+00
6.641574489999999969e+03 9.912173249427703725e-01
6.641609029999999620e+03 1.002601506535446552e+00
6.641643570000000182e+03 1.009389660984162607e+00
6.641678109999999833e+03 9.831195376641044259e-01
6.641712650000000394e+03 9.983901793956839743e-01
6.641747190000000046e+03 9.907128985310965641e-01
6.641781729999999698e+03 9.978007232641687985e-01
6.641816270000000259e+03 1.006101674304920257e+00
6.641850819999999658e+03 9.999628893995284873e-01
6.641885360000000219e+03 9.980550062108041187e-01
6.641919899999999870e+03 9.926053049125614924e-01
6.641954440000000432e+03 1.009032740053081412e+00
6.641988980000000083e+03 1.000677285063244160e+00
6.642023519999999735e+03 1.018888596179055472e+00
6.642058060000000296e+03 1.003413698205162907e+00
6.642092609999999695e+03 9.947127074150348136e-01
6.642127150000000256e+03 9.969606564772455215e-01
6.642161689999999908e+03 1.005514651466592246e+00
6.642196229999999559e+03 1.015287194961999040e+00
6.642230779999999868e+03 1.014209694507991033e+00
6.642265320000000429e+03 9.958986579837175723e-01
6.642299860000000081e+03 9.901603710503965594e-01
6.642334410000000389e+03 1.009787253128989537e+00
6.642368950000000041e+03 9.863987619998615397e-01
6.642403489999999692e+03 9.941685900293056877e-01
6.642438040000000001e+03 1.008906467726749856e+00
6.642472579999999653e+03 1.013789822865826418e+00
6.642507129999999961e+03 9.920558218790730409e-01
6.642541669999999613e+03 9.985677962263124208e-01
6.642576219999999921e+03 9.924284560244441833e-01
6.642610759999999573e+03 9.934891063187427651e-01
6.642645309999999881e+03 9.959692345687864989e-01
6.642679850000000442e+03 1.003966284450104496e+00
6.642714399999999841e+03 1.010043973044308485e+00
6.642748940000000403e+03 9.898762242120026089e-01
6.642783489999999802e+03 1.005211329812774723e+00
6.642818030000000363e+03 9.878587963940642647e-01
6.642852579999999762e+03 9.919528706360531967e-01
6.642887130000000070e+03 9.986515973481249198e-01
6.642921669999999722e+03 9.936011070703700820e-01
6.642956220000000030e+03 1.000803959786588537e+00
6.642990770000000339e+03 9.952106912608317257e-01
6.643025309999999990e+03 9.866583089269962414e-01
6.643059860000000299e+03 1.002289136085606103e+00
6.643094409999999698e+03 9.800216158772908637e-01
6.643128960000000006e+03 9.957486464856233344e-01
6.643163499999999658e+03 1.001898544316968120e+00
6.643198049999999967e+03 9.889633583413476314e-01
6.643232600000000275e+03 9.880535576468095771e-01
6.643267149999999674e+03 9.917989227783436945e-01
6.643301699999999983e+03 1.008986043905494290e+00
6.643336239999999634e+03 9.889073976631158613e-01
6.643370789999999943e+03 9.859522756697082224e-01
6.643405340000000251e+03 9.990600633413239118e-01
6.643439889999999650e+03 1.005006871228934173e+00
6.643474439999999959e+03 9.902592112195197638e-01
6.643508990000000267e+03 9.765103312912762901e-01
6.643543539999999666e+03 9.884692146263562851e-01
6.643578089999999975e+03 9.875041567059194003e-01
6.643612640000000283e+03 1.006815498567159128e+00
6.643647189999999682e+03 9.906766761345573435e-01
6.643681739999999991e+03 9.929014999521077467e-01
6.643716290000000299e+03 1.005657110473442417e+00
6.643750839999999698e+03 1.009885214294446998e+00
6.643785390000000007e+03 9.946800557258836939e-01
6.643819940000000315e+03 9.989171842987063510e-01
6.643854489999999714e+03 1.007188193654668940e+00
6.643889049999999770e+03 1.015510863771397876e+00
6.643923600000000079e+03 9.992636154668611548e-01
6.643958150000000387e+03 1.006215674256986992e+00
6.643992699999999786e+03 9.913756167548284370e-01
6.644027250000000095e+03 9.981737011254590008e-01
6.644061810000000150e+03 9.976040754659349918e-01
6.644096359999999549e+03 9.903814137249876692e-01
6.644130909999999858e+03 9.939036743701264998e-01
6.644165460000000166e+03 9.909981540676586764e-01
6.644200020000000222e+03 9.810427241273463883e-01
6.644234569999999621e+03 9.950406649525437297e-01
6.644269119999999930e+03 9.950204333209031748e-01
6.644303679999999986e+03 9.949814282354639827e-01
6.644338230000000294e+03 9.992454391119195423e-01
6.644372790000000350e+03 1.004481910286741497e+00
6.644407339999999749e+03 9.983962134438555402e-01
6.644441890000000058e+03 9.912815853505059227e-01
6.644476450000000114e+03 1.003048519131944483e+00
6.644511000000000422e+03 9.842030576335173420e-01
6.644545559999999568e+03 9.850674782360590021e-01
6.644580109999999877e+03 9.905993349120792990e-01
6.644614669999999933e+03 9.868780795578157017e-01
6.644649220000000241e+03 1.014568505243829355e+00
6.644683780000000297e+03 9.893163362931698401e-01
6.644718340000000353e+03 9.933744860114221975e-01
6.644752889999999752e+03 1.001711624482687135e+00
6.644787449999999808e+03 9.901479001777352407e-01
6.644822000000000116e+03 9.964901849207938866e-01
6.644856560000000172e+03 9.947577806967871084e-01
6.644891120000000228e+03 9.780672604283895399e-01
6.644925669999999627e+03 1.013611229712094053e+00
6.644960229999999683e+03 9.899745446879163469e-01
6.644994789999999739e+03 1.006005762916454938e+00
6.645029349999999795e+03 9.900799138965665769e-01
6.645063900000000103e+03 9.982681187464904626e-01
6.645098460000000159e+03 9.759473349820398935e-01
6.645133020000000215e+03 9.853279483402125338e-01
6.645167580000000271e+03 9.950854658154124621e-01
6.645202140000000327e+03 9.985114986862454467e-01
6.645236689999999726e+03 9.970992639464506535e-01
6.645271249999999782e+03 9.979211500539381108e-01
6.645305809999999838e+03 9.977640882065688110e-01
6.645340369999999893e+03 1.002935279401496960e+00
6.645374929999999949e+03 1.009518803285826882e+00
6.645409490000000005e+03 9.923726335091547224e-01
6.645444050000000061e+03 9.839372656622883406e-01
6.645478610000000117e+03 1.000312028002687592e+00
6.645513170000000173e+03 1.007894117620152796e+00
6.645547730000000229e+03 9.988121951314316016e-01
6.645582290000000285e+03 9.910982894079278793e-01
6.645616850000000341e+03 9.961198103612877164e-01
6.645651410000000396e+03 9.957308348337859938e-01
6.645685970000000452e+03 1.005648827318365246e+00
6.645720529999999599e+03 9.985623405658039520e-01
6.645755089999999655e+03 1.000653045122268381e+00
6.645789660000000367e+03 9.900948571342932381e-01
6.645824220000000423e+03 9.991034181947473503e-01
6.645858779999999570e+03 1.001150429931101593e+00
6.645893339999999625e+03 1.009801798797582251e+00
6.645927899999999681e+03 1.002344414511036508e+00
6.645962459999999737e+03 1.003707421976731018e+00
6.645997030000000450e+03 9.854073331702585259e-01
6.646031589999999596e+03 9.988935053378581452e-01
6.646066149999999652e+03 9.862809154818662494e-01
6.646100720000000365e+03 9.902431904339631386e-01
6.646135280000000421e+03 9.915811785104184928e-01
6.646169839999999567e+03 9.984634174187000388e-01
6.646204410000000280e+03 1.002168850257791455e+00
6.646238970000000336e+03 9.884690103892522783e-01
6.646273530000000392e+03 9.980768649149821536e-01
6.646308100000000195e+03 9.953652130220426164e-01
6.646342660000000251e+03 9.961008766222031463e-01
6.646377230000000054e+03 1.000993659278732517e+00
6.646411790000000110e+03 1.004109530894606861e+00
6.646446359999999913e+03 9.999912729403384049e-01
6.646480919999999969e+03 1.001160560044195291e+00
6.646515489999999772e+03 9.867617536877334450e-01
6.646550049999999828e+03 9.798797446396391164e-01
6.646584619999999632e+03 9.697003557494094927e-01
6.646619179999999687e+03 9.947787935553775718e-01
6.646653750000000400e+03 1.014406788682135740e+00
6.646688309999999547e+03 1.006312773149039330e+00
6.646722880000000259e+03 9.952727841555548682e-01
6.646757450000000063e+03 9.907519777041247089e-01
6.646792010000000118e+03 9.955897790871849340e-01
6.646826579999999922e+03 1.006859746853524751e+00
6.646861149999999725e+03 1.004085221902046632e+00
6.646895709999999781e+03 9.917314322829400286e-01
6.646930279999999584e+03 1.003234552385768419e+00
6.646964850000000297e+03 9.998191691229436628e-01
6.646999420000000100e+03 9.883692349124794108e-01
6.647033980000000156e+03 9.860653818848871266e-01
6.647068549999999959e+03 9.857214881433113973e-01
6.647103119999999763e+03 9.923068999864564921e-01
6.647137689999999566e+03 1.015842388502167681e+00
6.647172260000000279e+03 9.902436645629923984e-01
6.647206830000000082e+03 1.005085045870101723e+00
6.647241399999999885e+03 9.846243850727675051e-01
6.647275959999999941e+03 9.944965940789902703e-01
6.647310529999999744e+03 9.923059001422510628e-01
6.647345099999999547e+03 1.011496659569658396e+00
6.647379670000000260e+03 9.891872906214380645e-01
6.647414240000000063e+03 1.003012851041383602e+00
6.647448809999999867e+03 9.846233626129098360e-01
6.647483379999999670e+03 9.948049651425200368e-01
6.647517950000000383e+03 9.956681643851372776e-01
6.647552520000000186e+03 1.005542598122894704e+00
6.647587089999999989e+03 1.009579480874608137e+00
6.647621670000000449e+03 9.981698533317999722e-01
6.647656240000000253e+03 1.005838851560693747e+00
6.647690810000000056e+03 1.000932836904272261e+00
6.647725379999999859e+03 9.955802903131478754e-01
6.647759949999999662e+03 9.957830973610363179e-01
6.647794520000000375e+03 1.017392001218283104e+00
6.647829090000000178e+03 1.002014551568781497e+00
6.647863669999999729e+03 1.001934315118938601e+00
6.647898240000000442e+03 1.005819931490155028e+00
6.647932810000000245e+03 9.928859551485256230e-01
6.647967380000000048e+03 1.005061860103092064e+00
6.648001959999999599e+03 1.013171342156286459e+00
6.648036530000000312e+03 9.954969322307690716e-01
6.648071100000000115e+03 1.011174468139674376e+00
6.648105679999999666e+03 1.006441922245312481e+00
6.648140250000000378e+03 9.957058386421234752e-01
6.648174820000000182e+03 1.029714546985534440e+00
6.648209399999999732e+03 1.001558805144503239e+00
6.648243970000000445e+03 1.001590355569730528e+00
6.648278549999999996e+03 1.016282093582931534e+00
6.648313119999999799e+03 1.018149392926802843e+00
6.648347700000000259e+03 9.900725507047545282e-01
6.648382270000000062e+03 1.002010849930940806e+00
6.648416849999999613e+03 1.004198265506726084e+00
6.648451420000000326e+03 1.008755893021046735e+00
6.648485999999999876e+03 1.014288096322114807e+00
6.648520569999999680e+03 1.012847659247724241e+00
6.648555150000000140e+03 9.980398304354110017e-01
6.648589719999999943e+03 1.012688802385198095e+00
6.648624300000000403e+03 1.007173452987409679e+00
6.648658879999999954e+03 1.005839195266123198e+00
6.648693449999999757e+03 1.013917810569331834e+00
6.648728030000000217e+03 1.013878716502267130e+00
6.648762609999999768e+03 1.001168862288041694e+00
6.648797179999999571e+03 9.945832163213249588e-01
6.648831760000000031e+03 1.007749000918749305e+00
6.648866339999999582e+03 1.000244887940634708e+00
6.648900910000000295e+03 9.984126970632971609e-01
6.648935489999999845e+03 1.004837371028817650e+00
6.648970070000000305e+03 1.011425643048725842e+00
6.649004649999999856e+03 9.891291376099158317e-01
6.649039230000000316e+03 1.005678887606326510e+00
6.649073809999999867e+03 9.780670430504678770e-01
6.649108379999999670e+03 1.015188849289989426e+00
6.649142960000000130e+03 1.010248931462804256e+00
6.649177539999999681e+03 1.014095013717698279e+00
6.649212120000000141e+03 1.018658094612231890e+00
6.649246699999999691e+03 9.944148923077013036e-01
6.649281280000000152e+03 1.008418377931562304e+00
6.649315859999999702e+03 1.002829512126998335e+00
6.649350440000000162e+03 1.010530855086878343e+00
6.649385019999999713e+03 1.005319005983197345e+00
6.649419600000000173e+03 9.890615350144668083e-01
6.649454179999999724e+03 9.856353736835937740e-01
6.649488760000000184e+03 1.006860457740065273e+00
6.649523339999999735e+03 9.959612962710234774e-01
6.649557920000000195e+03 9.932078001979965931e-01
6.649592499999999745e+03 1.006262167956723408e+00
6.649627089999999953e+03 1.003099612015131203e+00
6.649661670000000413e+03 9.974960529950563926e-01
6.649696249999999964e+03 1.030700029585069011e+00
6.649730830000000424e+03 1.008620675977180525e+00
6.649765409999999974e+03 9.933599861894245597e-01
6.649799990000000435e+03 1.013617948883744457e+00
6.649834579999999733e+03 1.005685829070473769e+00
6.649869160000000193e+03 1.017822310054991908e+00
6.649903739999999743e+03 1.010330175853870971e+00
6.649938329999999951e+03 9.989244959842598082e-01
6.649972910000000411e+03 9.817805940608919091e-01
6.650007489999999962e+03 9.915827524411053862e-01
6.650042080000000169e+03 1.022575181671975697e+00
6.650076659999999720e+03 1.009381741011664335e+00
6.650111240000000180e+03 1.012093432411288463e+00
6.650145830000000387e+03 9.918587198176983533e-01
6.650180409999999938e+03 1.010570370481284952e+00
6.650215000000000146e+03 1.004340885223824920e+00
6.650249579999999696e+03 1.000112003464889154e+00
6.650284160000000156e+03 1.020107656685894204e+00
6.650318750000000364e+03 1.014808941990569036e+00
6.650353329999999914e+03 1.006030340526161693e+00
6.650387920000000122e+03 9.970626473349293306e-01
6.650422510000000329e+03 1.017675361351260133e+00
6.650457089999999880e+03 1.017258862327588886e+00
6.650491680000000088e+03 1.006629385723971426e+00
6.650526259999999638e+03 1.008106594731038808e+00
6.650560849999999846e+03 1.018896929196708268e+00
6.650595440000000053e+03 1.017303183807475975e+00
6.650630019999999604e+03 1.011442728565269178e+00
6.650664609999999811e+03 9.793468834632090836e-01
6.650699200000000019e+03 9.928806220541445127e-01
6.650733779999999570e+03 1.003217641037909225e+00
6.650768369999999777e+03 1.012950034683864908e+00
6.650802959999999985e+03 1.012291574112154757e+00
6.650837540000000445e+03 1.010134287322498992e+00
6.650872129999999743e+03 1.009461148220773596e+00
6.650906719999999950e+03 9.941362256094972150e-01
6.650941310000000158e+03 1.025405760275367006e+00
6.650975900000000365e+03 1.013112096866704892e+00
6.651010489999999663e+03 1.016141613301219326e+00
6.651045070000000123e+03 1.020674215520465111e+00
6.651079660000000331e+03 1.009522754599865069e+00
6.651114249999999629e+03 1.008628423778854311e+00
6.651148839999999836e+03 1.000778930330136651e+00
6.651183430000000044e+03 1.012091608549224420e+00
6.651218020000000251e+03 1.010369766684255932e+00
6.651252609999999549e+03 1.018218967092651139e+00
6.651287199999999757e+03 1.013367309645735181e+00
6.651321789999999964e+03 1.004304538101741695e+00
6.651356380000000172e+03 1.016593491924554282e+00
6.651390970000000380e+03 9.995239761034314663e-01
6.651425559999999678e+03 1.025026043198227876e+00
6.651460149999999885e+03 1.022944528701484890e+00
6.651494740000000093e+03 1.016935263506482556e+00
6.651529340000000047e+03 1.007168307567602783e+00
6.651563930000000255e+03 1.023616014340582359e+00
6.651598519999999553e+03 1.023298678202295919e+00
6.651633109999999760e+03 1.018613304180497670e+00
6.651667699999999968e+03 1.002726561395193894e+00
6.651702290000000175e+03 1.009038565660969056e+00
6.651736890000000130e+03 1.013776258695071153e+00
6.651771480000000338e+03 1.021910445114897259e+00
6.651806069999999636e+03 1.005347486159672066e+00
6.651840659999999843e+03 1.006646571854728389e+00
6.651875259999999798e+03 1.006497490927465321e+00
6.651909850000000006e+03 1.013463061915929275e+00
6.651944440000000213e+03 1.006724758057734093e+00
6.651979040000000168e+03 1.003628346316671527e+00
6.652013630000000376e+03 1.021058573625083898e+00
6.652048230000000331e+03 9.993453723556077195e-01
6.652082819999999629e+03 1.003411390413065041e+00
6.652117409999999836e+03 9.909511706192779545e-01
6.652152009999999791e+03 1.012923465873244888e+00
6.652186599999999999e+03 1.006292549112981494e+00
6.652221199999999953e+03 1.001717805259308980e+00
6.652255790000000161e+03 9.951988697297692310e-01
6.652290390000000116e+03 1.007931183432385192e+00
6.652324980000000323e+03 1.007051825152220914e+00
6.652359580000000278e+03 9.904428919617458416e-01
6.652394169999999576e+03 9.922977952259367518e-01
6.652428770000000441e+03 9.938056681724811714e-01
6.652463370000000396e+03 1.008725101581497308e+00
6.652497959999999694e+03 1.000703958477675792e+00
6.652532559999999648e+03 1.009772303717559216e+00
6.652567159999999603e+03 1.009143697917400662e+00
6.652601749999999811e+03 1.006571417597321050e+00
6.652636349999999766e+03 1.000069069930777044e+00
6.652670949999999721e+03 1.009213460482444313e+00
6.652705539999999928e+03 1.016809565762619050e+00
6.652740139999999883e+03 1.009235965711132499e+00
6.652774739999999838e+03 1.017948093446862323e+00
6.652809339999999793e+03 1.001598856249098279e+00
6.652843930000000000e+03 1.018478904444076516e+00
6.652878529999999955e+03 1.022466352645941212e+00
6.652913129999999910e+03 1.006015794190796120e+00
6.652947729999999865e+03 1.000983940241573222e+00
6.652982329999999820e+03 1.005150821717192278e+00
6.653016929999999775e+03 1.004534658174837336e+00
6.653051529999999730e+03 1.018305355800011247e+00
6.653086129999999685e+03 1.015091764694399989e+00
6.653120729999999639e+03 1.018121971902293144e+00
6.653155329999999594e+03 1.013763424833094451e+00
6.653189929999999549e+03 1.004291340376326724e+00
6.653224530000000414e+03 1.003970801674263225e+00
6.653259130000000368e+03 1.011650740876784083e+00
6.653293730000000323e+03 1.004193445448462230e+00
6.653328330000000278e+03 1.000459999523274357e+00
6.653362930000000233e+03 1.009831014594466669e+00
6.653397530000000188e+03 1.001587384425796312e+00
6.653432130000000143e+03 1.021151261451489489e+00
6.653466730000000098e+03 1.004053886635869253e+00
6.653501330000000053e+03 1.016337060872935849e+00
6.653535930000000008e+03 1.009472146147839533e+00
6.653570539999999710e+03 1.015794503962333284e+00
6.653605139999999665e+03 1.020552141341328323e+00
6.653639739999999620e+03 1.014965585807171111e+00
6.653674339999999575e+03 1.019180828470712452e+00
6.653708940000000439e+03 1.005944178385130172e+00
6.653743550000000141e+03 1.024011057488162457e+00
6.653778150000000096e+03 1.007655945012023491e+00
6.653812750000000051e+03 1.013365748915832532e+00
6.653847359999999753e+03 1.008147644308369006e+00
6.653881959999999708e+03 1.011285712374274448e+00
6.653916559999999663e+03 1.020796058464300105e+00
6.653951170000000275e+03 1.033359640191344742e+00
6.653985770000000230e+03 1.028294538925855539e+00
6.654020379999999932e+03 1.018540562130755722e+00
6.654054979999999887e+03 1.009359258395707171e+00
6.654089579999999842e+03 1.008518273772748275e+00
6.654124190000000453e+03 9.958735479400132595e-01
6.654158790000000408e+03 1.005221175709501757e+00
6.654193400000000111e+03 1.026226524257899841e+00
6.654228000000000065e+03 1.000579898165051107e+00
6.654262609999999768e+03 1.007244553386901442e+00
6.654297220000000380e+03 1.018709107029026395e+00
6.654331820000000334e+03 1.010195936709227471e+00
6.654366430000000037e+03 1.010018031860300702e+00
6.654401029999999992e+03 1.026255951672967459e+00
6.654435639999999694e+03 1.013272688641612351e+00
6.654470250000000306e+03 9.864410760090697172e-01
6.654504850000000260e+03 9.984194885788952867e-01
6.654539459999999963e+03 9.898834910216453009e-01
6.654574069999999665e+03 1.000940512302522123e+00
6.654608669999999620e+03 1.017908732351368473e+00
6.654643280000000232e+03 1.006068388759094212e+00
6.654677889999999934e+03 1.011782466453446272e+00
6.654712499999999636e+03 1.014415712903724121e+00
6.654747110000000248e+03 1.011401658065470111e+00
6.654781710000000203e+03 1.010216743498332459e+00
6.654816319999999905e+03 1.026517745685094019e+00
6.654850929999999607e+03 1.009914902028724581e+00
6.654885540000000219e+03 1.004362881123703088e+00
6.654920149999999921e+03 1.007681423772520901e+00
6.654954759999999624e+03 1.014473803173818300e+00
6.654989370000000235e+03 1.007553703654668009e+00
6.655023979999999938e+03 9.986449558746073318e-01
6.655058589999999640e+03 1.013573458686422679e+00
6.655093189999999595e+03 9.960127007395325194e-01
6.655127800000000207e+03 1.007242926596727095e+00
6.655162409999999909e+03 9.940278185880393469e-01
6.655197030000000268e+03 9.906746665219547943e-01
6.655231639999999970e+03 9.980076096307317624e-01
6.655266249999999673e+03 9.925789456768147057e-01
6.655300860000000284e+03 1.005247863657739993e+00
6.655335469999999987e+03 1.010466412362753807e+00
6.655370079999999689e+03 9.969213016608273747e-01
6.655404690000000301e+03 9.945170089495635191e-01
6.655439300000000003e+03 1.017560702493269575e+00
6.655473909999999705e+03 1.003475072961174996e+00
6.655508530000000064e+03 9.988839225977200753e-01
6.655543139999999767e+03 9.969763567293321582e-01
6.655577750000000378e+03 1.002779070251744731e+00
6.655612360000000081e+03 9.911127939739056147e-01
6.655646980000000440e+03 9.975165788475848228e-01
6.655681590000000142e+03 1.011634970445314918e+00
6.655716199999999844e+03 1.000946951710969701e+00
6.655750809999999547e+03 9.947050868865913165e-01
6.655785429999999906e+03 1.004647806562419365e+00
6.655820039999999608e+03 1.005508157636828326e+00
6.655854659999999967e+03 1.010662947172435988e+00
6.655889269999999669e+03 1.008892888128364307e+00
6.655923880000000281e+03 1.014329506595906816e+00
6.655958499999999731e+03 1.012410633595274501e+00
6.655993110000000343e+03 1.000693819282480135e+00
6.656027729999999792e+03 1.027115717944165230e+00
6.656062340000000404e+03 1.007864586015278618e+00
6.656096959999999854e+03 1.000475090704827208e+00
6.656131569999999556e+03 1.008944596568408070e+00
6.656166189999999915e+03 9.963648350559192179e-01
6.656200799999999617e+03 1.009814389111399091e+00
6.656235419999999976e+03 1.004733656077896775e+00
6.656270029999999679e+03 9.981983243362805291e-01
6.656304650000000038e+03 9.982545838093683788e-01
6.656339270000000397e+03 1.005551361625770967e+00
6.656373880000000099e+03 1.006607972615487512e+00
6.656408499999999549e+03 1.008639505655773316e+00
6.656443119999999908e+03 9.869927565090452770e-01
6.656477729999999610e+03 1.008787803695045282e+00
6.656512349999999969e+03 1.003169956611830171e+00
6.656546970000000329e+03 1.002905387901960266e+00
6.656581580000000031e+03 1.020302854216581290e+00
6.656616200000000390e+03 1.000723158658564982e+00
6.656650819999999840e+03 1.010246063504592673e+00
6.656685440000000199e+03 1.002284072568136786e+00
6.656720059999999648e+03 1.009709399125799489e+00
6.656754670000000260e+03 1.011758600178739753e+00
6.656789289999999710e+03 1.007870179094366048e+00
6.656823910000000069e+03 1.006623732033777419e+00
6.656858530000000428e+03 1.015948517884222246e+00
6.656893149999999878e+03 1.022176597521082586e+00
6.656927770000000237e+03 1.016536327760318992e+00
6.656962389999999687e+03 1.012463996370062347e+00
6.656997010000000046e+03 9.960874661015147735e-01
6.657031630000000405e+03 1.000757067286673241e+00
6.657066249999999854e+03 1.010458125762707216e+00
6.657100870000000214e+03 1.001461920252454174e+00
6.657135489999999663e+03 1.001105329962616697e+00
6.657170110000000022e+03 1.021141812400327309e+00
6.657204730000000382e+03 9.943988640402272594e-01
6.657239349999999831e+03 1.010538879612261631e+00
6.657273970000000190e+03 1.009238305691193549e+00
6.657308589999999640e+03 1.009579012163270839e+00
6.657343219999999747e+03 1.019468697761366505e+00
6.657377840000000106e+03 1.006009128532689090e+00
6.657412459999999555e+03 1.023443141937322887e+00
6.657447079999999914e+03 1.001795564750966427e+00
6.657481700000000274e+03 1.009698537919852201e+00
6.657516330000000380e+03 1.003865383985996562e+00
6.657550949999999830e+03 1.003679746456644262e+00
6.657585570000000189e+03 1.011693329583610801e+00
6.657620189999999639e+03 1.020585941762352622e+00
6.657654819999999745e+03 1.007913104091100909e+00
6.657689440000000104e+03 1.005429929464103145e+00
6.657724059999999554e+03 1.001330593338157771e+00
6.657758689999999660e+03 9.952159345810653868e-01
6.657793310000000019e+03 1.005628386080864356e+00
6.657827930000000379e+03 1.006400953749368776e+00
6.657862559999999576e+03 1.013754831351312502e+00
6.657897179999999935e+03 9.996541831998765337e-01
6.657931810000000041e+03 1.005260475607983039e+00
6.657966430000000400e+03 1.015962491334788664e+00
6.658001059999999597e+03 1.012909239702181052e+00
6.658035679999999957e+03 1.005882576402646666e+00
6.658070310000000063e+03 1.008137187060264894e+00
6.658104930000000422e+03 9.951540988383322794e-01
6.658139559999999619e+03 1.003414404008449612e+00
6.658174179999999978e+03 1.000959236223811333e+00
6.658208810000000085e+03 9.998759303555845301e-01
6.658243440000000192e+03 1.010566359888357857e+00
6.658278059999999641e+03 1.006962817945640465e+00
6.658312689999999748e+03 1.003116012301750848e+00
6.658347319999999854e+03 1.016865844835485033e+00
6.658381940000000213e+03 1.013885033152907900e+00
6.658416570000000320e+03 1.009582275915990035e+00
6.658451200000000426e+03 1.011857269917270985e+00
6.658485819999999876e+03 1.014075669357075604e+00
6.658520449999999983e+03 1.005794909777302237e+00
6.658555080000000089e+03 1.004995406596149943e+00
6.658589710000000196e+03 1.007667912333854776e+00
6.658624340000000302e+03 1.006019985232522673e+00
6.658658959999999752e+03 1.000232916358738233e+00
6.658693589999999858e+03 9.910489231731282045e-01
6.658728219999999965e+03 1.006759468920255252e+00
6.658762850000000071e+03 1.014203962133497505e+00
6.658797480000000178e+03 1.009768628109611877e+00
6.658832110000000284e+03 1.009365514747000425e+00
6.658866740000000391e+03 1.005004886472659287e+00
6.658901369999999588e+03 1.005567261143018865e+00
6.658935999999999694e+03 1.001910658307474833e+00
6.658970629999999801e+03 1.006441666510620836e+00
6.659005259999999907e+03 1.010660428193275173e+00
6.659039890000000014e+03 1.008168225547911856e+00
6.659074520000000120e+03 1.012479360919947613e+00
6.659109150000000227e+03 9.998940761523679166e-01
6.659143780000000334e+03 1.016196751126136943e+00
6.659178410000000440e+03 1.003393741290401486e+00
6.659213039999999637e+03 1.014231201233845914e+00
6.659247669999999744e+03 1.007103288937541974e+00
6.659282299999999850e+03 9.918598441799852949e-01
6.659316939999999704e+03 9.992386753602298111e-01
6.659351569999999811e+03 1.006012407622741911e+00
6.659386199999999917e+03 1.007765641750084207e+00
6.659420830000000024e+03 1.001933366747946863e+00
6.659455460000000130e+03 1.003243861370808343e+00
6.659490099999999984e+03 1.013283953344030319e+00
6.659524730000000091e+03 1.013192171028507893e+00
6.659559360000000197e+03 1.008249817151450456e+00
6.659594000000000051e+03 1.005816666658590597e+00
6.659628630000000157e+03 1.024002832917251915e+00
6.659663260000000264e+03 1.023778525139101836e+00
6.659697900000000118e+03 1.018822861379799827e+00
6.659732530000000224e+03 1.003036325281652097e+00
6.659767160000000331e+03 1.011482753366307330e+00
6.659801800000000185e+03 1.015091860191772000e+00
6.659836430000000291e+03 1.006003730162376320e+00
6.659871070000000145e+03 9.939911440912303497e-01
6.659905700000000252e+03 1.002976467595623200e+00
6.659940340000000106e+03 1.006764454563442657e+00
6.659974970000000212e+03 1.010439740982575385e+00
6.660009610000000066e+03 1.002964111734380159e+00
6.660044240000000173e+03 9.999624931064509115e-01
6.660078880000000026e+03 9.946962102256934335e-01
6.660113519999999880e+03 1.005916418945828061e+00
6.660148149999999987e+03 9.960587374146153694e-01
6.660182789999999841e+03 1.002281931467641218e+00
6.660217419999999947e+03 1.014873667395950418e+00
6.660252059999999801e+03 1.011802020588257855e+00
6.660286699999999655e+03 1.002877788543523163e+00
6.660321329999999762e+03 1.021436920967490947e+00
6.660355969999999616e+03 1.007922972199289502e+00
6.660390610000000379e+03 9.979858485354409225e-01
6.660425250000000233e+03 1.006517495990370881e+00
6.660459880000000339e+03 1.010098495646054806e+00
6.660494520000000193e+03 1.014916033578647125e+00
6.660529160000000047e+03 9.967604307840305378e-01
6.660563799999999901e+03 1.011493287877234248e+00
6.660598439999999755e+03 1.004690483902554776e+00
6.660633069999999861e+03 1.000977539290729412e+00
6.660667709999999715e+03 1.012176141023414022e+00
6.660702349999999569e+03 1.021172892242064645e+00
6.660736990000000333e+03 1.015339353951111967e+00
6.660771630000000187e+03 1.000948671884014596e+00
6.660806270000000040e+03 1.011329309155287959e+00
6.660840909999999894e+03 9.964552491816319746e-01
6.660875549999999748e+03 9.798304439642430141e-01
6.660910189999999602e+03 9.714459180590125920e-01
6.660944830000000366e+03 9.788486746814779593e-01
6.660979470000000219e+03 9.703465687608718859e-01
6.661014110000000073e+03 9.586211709696654815e-01
6.661048749999999927e+03 9.609102842175729631e-01
6.661083389999999781e+03 9.558447258238005340e-01
6.661118029999999635e+03 9.396993613772097742e-01
6.661152680000000146e+03 9.487204251334462324e-01
6.661187320000000000e+03 9.495614300508442573e-01
6.661221959999999854e+03 9.346853598951430087e-01
6.661256599999999708e+03 9.312297275980406797e-01
6.661291239999999561e+03 9.401174911242824450e-01
6.661325880000000325e+03 9.455084476002535432e-01
6.661360529999999926e+03 9.407047224179763134e-01
6.661395169999999780e+03 9.499431142789277471e-01
6.661429809999999634e+03 9.617498238152635270e-01
6.661464450000000397e+03 9.609981835205567702e-01
6.661499099999999999e+03 9.709462719293946442e-01
6.661533739999999852e+03 9.889047896957615658e-01
6.661568379999999706e+03 9.879395964259122254e-01
6.661603030000000217e+03 9.894998517075721534e-01
6.661637670000000071e+03 1.002731410018182112e+00
6.661672319999999672e+03 9.906722277674635535e-01
6.661706960000000436e+03 9.907685511713173465e-01
6.661741600000000290e+03 9.850213023087299735e-01
6.661776249999999891e+03 9.945969367416516160e-01
6.661810889999999745e+03 1.021068017550089024e+00
6.661845540000000256e+03 1.018496257144923645e+00
6.661880180000000109e+03 1.004048260023543415e+00
6.661914829999999711e+03 1.015952958324398692e+00
6.661949469999999565e+03 1.001166398302890670e+00
6.661984120000000075e+03 1.008915701951135224e+00
6.662018769999999677e+03 1.022133035108378163e+00
6.662053410000000440e+03 1.014089063395336998e+00
6.662088060000000041e+03 1.005928538725077814e+00
6.662122699999999895e+03 1.005140207946370934e+00
6.662157350000000406e+03 1.005387410293107520e+00
6.662192000000000007e+03 9.974280400085520082e-01
6.662226639999999861e+03 1.007363813075674575e+00
6.662261290000000372e+03 1.001692745353631731e+00
6.662295939999999973e+03 1.006936117172626544e+00
6.662330589999999575e+03 1.001662862102624230e+00
6.662365230000000338e+03 9.937755560462732118e-01
6.662399879999999939e+03 1.004874581786551202e+00
6.662434530000000450e+03 1.014658990664359273e+00
6.662469180000000051e+03 9.938431353443093474e-01
6.662503829999999653e+03 9.839023843791726565e-01
6.662538470000000416e+03 1.001814487680384058e+00
6.662573120000000017e+03 9.844726901021522147e-01
6.662607769999999618e+03 9.949689047556781185e-01
6.662642420000000129e+03 1.005098695592297586e+00
6.662677069999999730e+03 1.001230804558557175e+00
6.662711720000000241e+03 1.002237406393641006e+00
6.662746369999999843e+03 1.007479816713825027e+00
6.662781020000000353e+03 1.013916947639311061e+00
6.662815669999999955e+03 1.015759259143524940e+00
6.662850319999999556e+03 9.956467290424499961e-01
6.662884970000000067e+03 9.968031530482450719e-01
6.662919619999999668e+03 1.001061245928004606e+00
6.662954270000000179e+03 9.941268729874893628e-01
6.662988919999999780e+03 9.939839977610014365e-01
6.663023570000000291e+03 1.010856835906376094e+00
6.663058219999999892e+03 1.011010606497565245e+00
6.663092870000000403e+03 1.003719239506218663e+00
6.663127529999999751e+03 1.000383460139533831e+00
6.663162180000000262e+03 1.008855605445598380e+00
6.663196829999999864e+03 1.010897757382462236e+00
6.663231480000000374e+03 1.006510979902170755e+00
6.663266129999999976e+03 1.004921581423711796e+00
6.663300790000000234e+03 1.003697612927020311e+00
6.663335439999999835e+03 9.978650013949583730e-01
6.663370090000000346e+03 1.000261023954446049e+00
6.663404739999999947e+03 1.022043819225214145e+00
6.663439400000000205e+03 1.012395344522504459e+00
6.663474049999999806e+03 1.009459205457156949e+00
6.663508700000000317e+03 1.014786741989711638e+00
6.663543359999999666e+03 1.016904114322349395e+00
6.663578010000000177e+03 1.004389420620508844e+00
6.663612670000000435e+03 9.954939014895893834e-01
6.663647320000000036e+03 1.017697277133990941e+00
6.663681969999999637e+03 1.007510168758124491e+00
6.663716629999999896e+03 9.940967915688124767e-01
6.663751280000000406e+03 1.000358471003011340e+00
6.663785939999999755e+03 1.010768133078551623e+00
6.663820590000000266e+03 1.003836218801560598e+00
6.663855249999999614e+03 9.956379673008211029e-01
6.663889900000000125e+03 1.006875345172083547e+00
6.663924560000000383e+03 1.019681840592505884e+00
6.663959219999999732e+03 1.012937256376045037e+00
6.663993870000000243e+03 1.005686794536337914e+00
6.664028529999999591e+03 1.010358970750552698e+00
6.664063180000000102e+03 1.014184293252109015e+00
6.664097840000000360e+03 1.001262642317404916e+00
6.664132499999999709e+03 1.001646612734875985e+00
6.664167159999999967e+03 1.020141563952797092e+00
6.664201809999999568e+03 1.017577824411740162e+00
6.664236469999999827e+03 9.958242906984965392e-01
6.664271130000000085e+03 9.988907305499035161e-01
6.664305779999999686e+03 9.950441019783234919e-01
6.664340439999999944e+03 1.009817272823121836e+00
6.664375100000000202e+03 1.014205282628378946e+00
6.664409759999999551e+03 1.014139511204160016e+00
6.664444419999999809e+03 1.006470457883280822e+00
6.664479080000000067e+03 9.942812110470774511e-01
6.664513729999999669e+03 9.994853581728693204e-01
6.664548389999999927e+03 9.962097978945784194e-01
6.664583050000000185e+03 1.006243154478933199e+00
6.664617710000000443e+03 9.981328040761435760e-01
6.664652369999999792e+03 1.006807144915472518e+00
6.664687030000000050e+03 1.008250318574956284e+00
6.664721690000000308e+03 1.001209875679759165e+00
6.664756349999999657e+03 9.982699683444932193e-01
6.664791009999999915e+03 1.001430405521329670e+00
6.664825670000000173e+03 1.009585300235309901e+00
6.664860330000000431e+03 9.851874156776575520e-01
6.664894989999999780e+03 1.023838041652201269e+00
6.664929650000000038e+03 1.010874274763449598e+00
6.664964310000000296e+03 1.008170721974923856e+00
6.664998980000000302e+03 1.008492074997914267e+00
6.665033639999999650e+03 1.007394077969264945e+00
6.665068299999999908e+03 1.006376649236004228e+00
6.665102960000000166e+03 9.984350567590631886e-01
6.665137620000000425e+03 1.024448882305147634e+00
6.665172290000000430e+03 1.005023349527723209e+00
6.665206949999999779e+03 1.000292335485844397e+00
6.665241610000000037e+03 1.013826762807272353e+00
6.665276270000000295e+03 1.024861364217375170e+00
6.665310940000000301e+03 1.021759731502225987e+00
6.665345599999999649e+03 1.013445124698024058e+00
6.665380259999999907e+03 1.006741678838578569e+00
6.665414929999999913e+03 9.949678225453988389e-01
6.665449590000000171e+03 9.820538678604503469e-01
6.665484250000000429e+03 1.006018406569769930e+00
6.665518920000000435e+03 1.010081447285463785e+00
6.665553579999999783e+03 1.016901679542159931e+00
6.665588249999999789e+03 1.020921297204789635e+00
6.665622910000000047e+03 1.005468875171217524e+00
6.665657570000000305e+03 9.891914041467387841e-01
6.665692240000000311e+03 9.926696089673739953e-01
6.665726899999999659e+03 9.922809795273316302e-01
6.665761569999999665e+03 9.881122651007188118e-01
6.665796229999999923e+03 9.893584916757807157e-01
6.665830899999999929e+03 1.003240009728745052e+00
6.665865569999999934e+03 1.009363581644947105e+00
6.665900230000000192e+03 9.941030968564942283e-01
6.665934900000000198e+03 9.876425796581963512e-01
6.665969559999999547e+03 1.002293819749554560e+00
6.666004229999999552e+03 1.007289245930882204e+00
6.666038899999999558e+03 1.003665648122256115e+00
6.666073559999999816e+03 9.944879283771471679e-01
6.666108229999999821e+03 9.878386222491157831e-01
6.666142899999999827e+03 9.977664393944287724e-01
6.666177569999999832e+03 9.957781822963239771e-01
6.666212230000000091e+03 9.973778224985295759e-01
6.666246900000000096e+03 1.011551946135126334e+00
6.666281570000000102e+03 1.010975633897707171e+00
6.666316240000000107e+03 9.934746562200079678e-01
6.666350910000000113e+03 9.958455169465283419e-01
6.666385570000000371e+03 1.000539953490270584e+00
6.666420240000000376e+03 1.007218763101734638e+00
6.666454910000000382e+03 1.015770837911035507e+00
6.666489580000000387e+03 1.011855892732549167e+00
6.666524250000000393e+03 1.004256399463232530e+00
6.666558920000000398e+03 1.006209008463228916e+00
6.666593590000000404e+03 1.015654780493453702e+00
6.666628260000000409e+03 1.026751720395484790e+00
6.666662930000000415e+03 1.024742821408113125e+00
6.666697600000000421e+03 1.002901078078063613e+00
6.666732270000000426e+03 1.007190541456499444e+00
6.666766940000000432e+03 1.008307252110271834e+00
6.666801610000000437e+03 1.004058238785246582e+00
6.666836280000000443e+03 1.005828815260918052e+00
6.666870950000000448e+03 1.011905864548163114e+00
6.666905620000000454e+03 1.011607079009652965e+00
6.666940289999999550e+03 1.004692737368948263e+00
6.666974970000000212e+03 1.015957227495931203e+00
6.667009640000000218e+03 1.027554170408730094e+00
6.667044310000000223e+03 1.008568278045558708e+00
6.667078980000000229e+03 9.980838614349801796e-01
6.667113650000000234e+03 9.984346491255829958e-01
6.667148329999999987e+03 1.000719799646188513e+00
6.667182999999999993e+03 1.002931341418893174e+00
6.667217669999999998e+03 1.002870551558667334e+00
6.667252349999999751e+03 1.008507002866945834e+00
6.667287019999999757e+03 1.016280642826758784e+00
6.667321689999999762e+03 1.015955956558559192e+00
6.667356370000000425e+03 1.013346948208822429e+00
6.667391040000000430e+03 1.005436263590617552e+00
6.667425710000000436e+03 1.003672073557374977e+00
6.667460390000000189e+03 1.009322511050259719e+00
6.667495060000000194e+03 1.011438545501062380e+00
6.667529739999999947e+03 1.006504347320581916e+00
6.667564409999999953e+03 9.987198061442861263e-01
6.667599089999999705e+03 1.007844308258203592e+00
6.667633759999999711e+03 9.993158152506876890e-01
6.667668440000000373e+03 1.003718188232151753e+00
6.667703110000000379e+03 1.016149671644215102e+00
6.667737790000000132e+03 1.013434911570999297e+00
6.667772460000000137e+03 1.006164564637442860e+00
6.667807139999999890e+03 1.007809888634055406e+00
6.667841809999999896e+03 1.004166980347296789e+00
6.667876489999999649e+03 1.001866726204701852e+00
6.667911170000000311e+03 9.960454400744418457e-01
6.667945840000000317e+03 1.014302386641253273e+00
6.667980520000000070e+03 1.013905599752235487e+00
6.668015199999999822e+03 1.005173724922452383e+00
6.668049869999999828e+03 1.000068466116738719e+00
6.668084549999999581e+03 9.983803505426970260e-01
6.668119230000000243e+03 1.006899261756382780e+00
6.668153909999999996e+03 1.019979862979532470e+00
6.668188580000000002e+03 1.002786313736862223e+00
6.668223259999999755e+03 1.016655389862053616e+00
6.668257940000000417e+03 1.005557206308671514e+00
6.668292620000000170e+03 9.935671227299436303e-01
6.668327299999999923e+03 9.941411216902410475e-01
6.668361979999999676e+03 1.002385207708462511e+00
6.668396660000000338e+03 1.011835986744302529e+00
6.668431330000000344e+03 1.012300202293359819e+00
6.668466010000000097e+03 1.001051320860004479e+00
6.668500689999999850e+03 1.005148019123949688e+00
6.668535369999999602e+03 9.898562613052923620e-01
6.668570050000000265e+03 1.015601355676799100e+00
6.668604730000000018e+03 1.007419681009215751e+00
6.668639409999999771e+03 1.005135054129248307e+00
6.668674090000000433e+03 1.005054351130146184e+00
6.668708770000000186e+03 1.005663409239889505e+00
6.668743449999999939e+03 1.015357517145280219e+00
6.668778140000000349e+03 1.010267902813414720e+00
6.668812820000000102e+03 1.006822096866868854e+00
6.668847499999999854e+03 1.011310290797955647e+00
6.668882179999999607e+03 9.974760418807792073e-01
6.668916860000000270e+03 1.008470635320853681e+00
6.668951540000000023e+03 1.007174529953728692e+00
6.668986219999999776e+03 1.003047666838504437e+00
6.669020910000000185e+03 9.956346188982591050e-01
6.669055589999999938e+03 9.953183719618831082e-01
6.669090269999999691e+03 1.026779141946194684e+00
6.669124950000000354e+03 1.016585404903745493e+00
6.669159639999999854e+03 1.006619828133414885e+00
6.669194319999999607e+03 1.006446739266478430e+00
6.669229000000000269e+03 1.003141336546885531e+00
6.669263689999999769e+03 9.946602732076443854e-01
6.669298370000000432e+03 1.002144794594946653e+00
6.669333050000000185e+03 1.015550518164295868e+00
6.669367739999999685e+03 1.006941415558078035e+00
6.669402420000000347e+03 9.946337292044233891e-01
6.669437109999999848e+03 1.015124773517402490e+00
6.669471789999999601e+03 1.008110915978629452e+00
6.669506480000000010e+03 9.978661959782391122e-01
6.669541159999999763e+03 1.002830199845133663e+00
6.669575850000000173e+03 1.010699696481299314e+00
6.669610529999999926e+03 1.014999878995769045e+00
6.669645220000000336e+03 1.004652026816755361e+00
6.669679900000000089e+03 9.938859515598468253e-01
6.669714589999999589e+03 1.002791189431209595e+00
6.669749270000000251e+03 1.000784250932484465e+00
6.669783959999999752e+03 1.002489135452820923e+00
6.669818650000000162e+03 1.003585101334722340e+00
6.669853329999999914e+03 1.009734775342842061e+00
6.669888020000000324e+03 1.004787323191913995e+00
6.669922709999999825e+03 9.976612844384719070e-01
6.669957389999999577e+03 9.962475453587288365e-01
6.669992079999999987e+03 9.980595320717772223e-01
6.670026770000000397e+03 9.954893849054320398e-01
6.670061459999999897e+03 9.868935046530278310e-01
6.670096139999999650e+03 1.009973598512188042e+00
6.670130830000000060e+03 1.000184336533735951e+00
6.670165519999999560e+03 9.919280047938644485e-01
6.670200209999999970e+03 9.988639301722144204e-01
6.670234900000000380e+03 1.003842909047450105e+00
6.670269589999999880e+03 9.986100230156996771e-01
6.670304269999999633e+03 9.961229084353766527e-01
6.670338960000000043e+03 9.986039494458117671e-01
6.670373650000000453e+03 9.931442430910386587e-01
6.670408339999999953e+03 9.914276798626419085e-01
6.670443030000000363e+03 9.963416409843552923e-01
6.670477719999999863e+03 9.918494156626798119e-01
6.670512410000000273e+03 9.899923685218930958e-01
6.670547099999999773e+03 9.871383268226756602e-01
6.670581790000000183e+03 9.896407621649033759e-01
6.670616479999999683e+03 9.989282583560339379e-01
6.670651170000000093e+03 9.990922132019457447e-01
6.670685859999999593e+03 9.890608980744157730e-01
6.670720559999999750e+03 9.942680165340532783e-01
6.670755250000000160e+03 9.888363753706127524e-01
6.670789939999999660e+03 9.993272877251768715e-01
6.670824630000000070e+03 9.969872833479475061e-01
6.670859319999999570e+03 9.935885295942539219e-01
6.670894009999999980e+03 9.986011629203064288e-01
6.670928710000000137e+03 9.926046151174680032e-01
6.670963399999999638e+03 9.856660961545652411e-01
6.670998090000000047e+03 9.958526608399748126e-01
6.671032779999999548e+03 9.858480576417434360e-01
6.671067479999999705e+03 1.002809764689205796e+00
6.671102170000000115e+03 9.979601311814477738e-01
6.671136859999999615e+03 9.963376754049376727e-01
6.671171550000000025e+03 9.939149449667601388e-01
6.671206250000000182e+03 9.997019870505111649e-01
6.671240939999999682e+03 1.002484203591616385e+00
6.671275639999999839e+03 9.983935941334156627e-01
6.671310330000000249e+03 1.002851988802345717e+00
6.671345019999999749e+03 1.007797582685120652e+00
6.671379719999999907e+03 9.953866990250920255e-01
6.671414410000000316e+03 1.008124974680615127e+00
6.671449109999999564e+03 9.967737530466813656e-01
6.671483799999999974e+03 9.836483056454521368e-01
6.671518500000000131e+03 9.930990299967897839e-01
6.671553189999999631e+03 9.900516466039114283e-01
6.671587889999999788e+03 9.886862815348552713e-01
6.671622589999999946e+03 1.006135457233422459e+00
6.671657280000000355e+03 9.920987233666210825e-01
6.671691979999999603e+03 9.639470717644631481e-01
6.671726670000000013e+03 9.829631158417952985e-01
6.671761370000000170e+03 9.857212084956797904e-01
6.671796070000000327e+03 9.960399019901422513e-01
6.671830759999999827e+03 1.005188902747623514e+00
6.671865459999999985e+03 9.829138248585865822e-01
6.671900160000000142e+03 9.755004377785402303e-01
6.671934849999999642e+03 9.944055438276260261e-01
6.671969549999999799e+03 9.871838824853214067e-01
6.672004249999999956e+03 9.770226259522564183e-01
6.672038950000000114e+03 9.877898002008108636e-01
6.672073650000000271e+03 9.902442574457837043e-01
6.672108339999999771e+03 9.886808912853320974e-01
6.672143039999999928e+03 9.815708046495713601e-01
6.672177740000000085e+03 9.759891997895925320e-01
6.672212440000000242e+03 9.879558997299168199e-01
6.672247140000000400e+03 9.894203752962967835e-01
6.672281839999999647e+03 9.747166160175597671e-01
6.672316539999999804e+03 9.855268073175684762e-01
6.672351239999999962e+03 9.900625511267745482e-01
6.672385940000000119e+03 9.904253990631248783e-01
6.672420640000000276e+03 9.821020344015846115e-01
6.672455340000000433e+03 9.822003043240657982e-01
6.672490039999999681e+03 9.749927760147126810e-01
6.672524739999999838e+03 9.742961885293236479e-01
6.672559439999999995e+03 9.784032908274018503e-01
6.672594140000000152e+03 9.712699705112095572e-01
6.672628840000000309e+03 9.609853901406285592e-01
6.672663539999999557e+03 9.577305058957895634e-01
6.672698239999999714e+03 9.423760575730365519e-01
6.672732939999999871e+03 9.607865517450695503e-01
6.672767649999999776e+03 9.776447310885765241e-01
6.672802349999999933e+03 9.736452608410344212e-01
6.672837050000000090e+03 9.684924300548415355e-01
6.672871750000000247e+03 9.713398370009888039e-01
6.672906450000000405e+03 9.679638045157898940e-01
6.672941160000000309e+03 9.632060710744834164e-01
6.672975859999999557e+03 9.659375800077285579e-01
6.673010559999999714e+03 9.529625277848940978e-01
6.673045269999999618e+03 9.742590417009912018e-01
6.673079969999999776e+03 9.631226234872319880e-01
6.673114669999999933e+03 9.600623703932319453e-01
6.673149379999999837e+03 9.612598635575849704e-01
6.673184079999999994e+03 9.700848882772771242e-01
6.673218780000000152e+03 9.637242038416218293e-01
6.673253490000000056e+03 9.673423595097354610e-01
6.673288190000000213e+03 9.943269570105699451e-01
6.673322900000000118e+03 9.841041053725229082e-01
6.673357600000000275e+03 9.751274490596889555e-01
6.673392310000000180e+03 9.873158360381861787e-01
6.673427010000000337e+03 9.766972988690262314e-01
6.673461720000000241e+03 9.777020844076393935e-01
6.673496420000000398e+03 9.918752299665118954e-01
6.673531130000000303e+03 9.919679551472163626e-01
6.673565829999999551e+03 9.828494301683095014e-01
6.673600540000000365e+03 9.742490411923040439e-01
6.673635250000000269e+03 9.666299414384164068e-01
6.673669950000000426e+03 9.785727531902127518e-01
6.673704660000000331e+03 9.855337498168864618e-01
6.673739370000000235e+03 9.718940117775257681e-01
6.673774070000000393e+03 9.764043173204371984e-01
6.673808780000000297e+03 9.872029564720585793e-01
6.673843490000000202e+03 9.996955383806247486e-01
6.673878190000000359e+03 9.987550176126991364e-01
6.673912900000000263e+03 9.932745204238483394e-01
6.673947610000000168e+03 9.965907458269522845e-01
6.673982320000000072e+03 9.968002306494123665e-01
6.674017029999999977e+03 9.919624755044008646e-01
6.674051730000000134e+03 9.869330288002789997e-01
6.674086440000000039e+03 9.951450102043845058e-01
6.674121149999999943e+03 9.869459932946101910e-01
6.674155859999999848e+03 9.832267208932183866e-01
6.674190569999999752e+03 9.927883529250344230e-01
6.674225279999999657e+03 1.001387350781567154e+00
6.674259989999999561e+03 1.003349607541215827e+00
6.674294700000000375e+03 1.002753511320667590e+00
6.674329410000000280e+03 1.002924258272580360e+00
6.674364120000000185e+03 1.009691491267175723e+00
6.674398830000000089e+03 9.860062080502167703e-01
6.674433539999999994e+03 1.004836337778891142e+00
6.674468249999999898e+03 9.953943234349367231e-01
6.674502959999999803e+03 9.880106223900058104e-01
6.674537669999999707e+03 9.959930502667335706e-01
6.674572379999999612e+03 1.005207516515081334e+00
6.674607090000000426e+03 1.011856961466626625e+00
6.674641800000000330e+03 1.014308093011851097e+00
6.674676519999999982e+03 1.005162507229465652e+00
6.674711229999999887e+03 1.002486395833578348e+00
6.674745939999999791e+03 1.007666699978086333e+00
6.674780649999999696e+03 1.003438410282791793e+00
6.674815359999999600e+03 1.005390698508301206e+00
6.674850080000000162e+03 1.012466762467140624e+00
6.674884790000000066e+03 1.010095502755212982e+00
6.674919499999999971e+03 1.000552299361868069e+00
6.674954209999999875e+03 1.004189826255592388e+00
6.674988930000000437e+03 1.018027668280708342e+00
6.675023640000000341e+03 1.013516272454883405e+00
6.675058350000000246e+03 9.967984018030664473e-01
6.675093069999999898e+03 1.008380355046748500e+00
6.675127779999999802e+03 1.004741493607517855e+00
6.675162500000000364e+03 1.022294598874723626e+00
6.675197210000000268e+03 1.030495174614050935e+00
6.675231929999999920e+03 1.025768571884306146e+00
6.675266639999999825e+03 1.022794143446212001e+00
6.675301349999999729e+03 1.023027587059626375e+00
6.675336070000000291e+03 1.013761052349665182e+00
6.675370789999999943e+03 1.000374798220937889e+00
6.675405499999999847e+03 1.018731985477334900e+00
6.675440220000000409e+03 1.018737688326306845e+00
6.675474930000000313e+03 1.030954214396937241e+00
6.675509649999999965e+03 1.010708564654780872e+00
6.675544359999999870e+03 1.017827854749906447e+00
6.675579080000000431e+03 1.013497662707209201e+00
6.675613800000000083e+03 1.023785667000411070e+00
6.675648509999999987e+03 1.044233042903438546e+00
6.675683229999999639e+03 1.018987515212459005e+00
6.675717950000000201e+03 9.985980346688418940e-01
6.675752660000000105e+03 1.014890031596514808e+00
6.675787379999999757e+03 1.022785006491448323e+00
6.675822100000000319e+03 1.009094254017921966e+00
6.675856819999999971e+03 1.019954513175880040e+00
6.675891529999999875e+03 1.021491054014694644e+00
6.675926250000000437e+03 1.025409514938947053e+00
6.675960970000000088e+03 1.030625150879322272e+00
6.675995689999999740e+03 1.024926286472103376e+00
6.676030410000000302e+03 1.015840305446086278e+00
6.676065129999999954e+03 1.014984824613054837e+00
6.676099849999999606e+03 1.031723070281051813e+00
6.676134570000000167e+03 1.030640010426456143e+00
6.676169280000000072e+03 1.030109382429952758e+00
6.676203999999999724e+03 1.022902398049946093e+00
6.676238720000000285e+03 1.019566967260074897e+00
6.676273439999999937e+03 1.023784282335586493e+00
6.676308159999999589e+03 1.031689467345578981e+00
6.676342880000000150e+03 1.030819439837694862e+00
6.676377599999999802e+03 1.026144370784076942e+00
6.676412330000000111e+03 1.029378229369011688e+00
6.676447049999999763e+03 1.018817205041793184e+00
6.676481770000000324e+03 1.022349847021017943e+00
6.676516489999999976e+03 1.029186744452239566e+00
6.676551209999999628e+03 1.020007579135174813e+00
6.676585930000000189e+03 1.033334114509902202e+00
6.676620649999999841e+03 1.031009417924524829e+00
6.676655370000000403e+03 1.028813946802309864e+00
6.676690099999999802e+03 1.027952959823608570e+00
6.676724820000000364e+03 1.015137432937569084e+00
6.676759540000000015e+03 1.019368467119785127e+00
6.676794259999999667e+03 1.028203790777066251e+00
6.676828989999999976e+03 1.018347000402759939e+00
6.676863709999999628e+03 1.040146016675718377e+00
6.676898430000000189e+03 1.025774637282863555e+00
6.676933159999999589e+03 1.024863558639135919e+00
6.676967880000000150e+03 1.016777986694889391e+00
6.677002599999999802e+03 1.014540263795257413e+00
6.677037330000000111e+03 1.023703590452267331e+00
6.677072049999999763e+03 1.024772122708927924e+00
6.677106780000000072e+03 1.015567849915442133e+00
6.677141499999999724e+03 1.001156587582189506e+00
6.677176220000000285e+03 9.933904660202971248e-01
6.677210949999999684e+03 1.027733368661348567e+00
6.677245670000000246e+03 1.027187454224862018e+00
6.677280399999999645e+03 1.010511818170032772e+00
6.677315120000000206e+03 1.020301569796148833e+00
6.677349849999999606e+03 1.023833509509506134e+00
6.677384579999999914e+03 1.015874211076839284e+00
6.677419299999999566e+03 1.014365006845773687e+00
6.677454029999999875e+03 1.015082331337866295e+00
6.677488750000000437e+03 1.019345746237397377e+00
6.677523479999999836e+03 1.021966020925758611e+00
6.677558210000000145e+03 1.023614944269656712e+00
6.677592929999999797e+03 1.020900415450583187e+00
6.677627660000000105e+03 1.009172334032742091e+00
6.677662390000000414e+03 1.022202730587508990e+00
6.677697119999999813e+03 1.023568594503017959e+00
6.677731840000000375e+03 1.022232060628485373e+00
6.677766569999999774e+03 1.025563651913176777e+00
6.677801300000000083e+03 1.023154582782894062e+00
6.677836030000000392e+03 1.026080214735111573e+00
6.677870750000000044e+03 1.019428992693628189e+00
6.677905480000000352e+03 1.006063759854608719e+00
6.677940209999999752e+03 1.011109904317154307e+00
6.677974940000000061e+03 1.024961333723865220e+00
6.678009670000000369e+03 1.011037564441793490e+00
6.678044399999999769e+03 1.001925871285921366e+00
6.678079130000000077e+03 1.018249075463599107e+00
6.678113860000000386e+03 1.025248719720798229e+00
6.678148589999999786e+03 1.011256642820742346e+00
6.678183320000000094e+03 1.012922725598463192e+00
6.678218050000000403e+03 1.027084531256056810e+00
6.678252779999999802e+03 1.008521686614495483e+00
6.678287510000000111e+03 1.016521357021723748e+00
6.678322240000000420e+03 1.011362437874171238e+00
6.678356969999999819e+03 1.018364357751835092e+00
6.678391700000000128e+03 1.024512398794136026e+00
6.678426430000000437e+03 1.016665066435349374e+00
6.678461159999999836e+03 1.016312575842927002e+00
6.678495890000000145e+03 1.022452530213764144e+00
6.678530630000000201e+03 1.026180414834796606e+00
6.678565359999999600e+03 1.032899107603823197e+00
6.678600089999999909e+03 1.020060581659945287e+00
6.678634820000000218e+03 1.015665326417852565e+00
6.678669549999999617e+03 1.017626291440907993e+00
6.678704289999999673e+03 1.005207229794673918e+00
6.678739019999999982e+03 1.000409613900562711e+00
6.678773750000000291e+03 1.015987590907911686e+00
6.678808479999999690e+03 1.000479181402975648e+00
6.678843219999999747e+03 9.949990351259062615e-01
6.678877950000000055e+03 1.014721350379406362e+00
6.678912690000000111e+03 1.010187231852284429e+00
6.678947420000000420e+03 1.007385139066328428e+00
6.678982149999999820e+03 1.000934934745225435e+00
6.679016889999999876e+03 1.006154700083015996e+00
6.679051620000000185e+03 1.001604072533869294e+00
6.679086360000000241e+03 1.005457033875916784e+00
6.679121089999999640e+03 1.013306010625294906e+00
6.679155829999999696e+03 9.970243756695056359e-01
6.679190560000000005e+03 9.953193597725786823e-01
6.679225300000000061e+03 1.010418009692928276e+00
6.679260030000000370e+03 1.007196316275022152e+00
6.679294770000000426e+03 1.010870363904403213e+00
6.679329499999999825e+03 1.035296543463831487e+00
6.679364239999999882e+03 1.007858491552713787e+00
6.679398970000000190e+03 9.860497842769855303e-01
6.679433710000000247e+03 1.001993179284981439e+00
6.679468450000000303e+03 1.006000089735875180e+00
6.679503179999999702e+03 1.004942385709837849e+00
6.679537919999999758e+03 1.011249050902369051e+00
6.679572659999999814e+03 1.006547619832705687e+00
6.679607399999999870e+03 1.002606106025011989e+00
6.679642130000000179e+03 1.013843698973280860e+00
6.679676870000000235e+03 1.016760922492430108e+00
6.679711610000000292e+03 1.015642170514452269e+00
6.679746350000000348e+03 1.011715983825685949e+00
6.679781079999999747e+03 1.010894870737095719e+00
6.679815819999999803e+03 1.029394967187650778e+00
6.679850559999999859e+03 1.008757402686611293e+00
6.679885299999999916e+03 1.000705060838939620e+00
6.679920039999999972e+03 1.007708054569955269e+00
6.679954780000000028e+03 1.018477481350842817e+00
6.679989520000000084e+03 1.020807358439950407e+00
6.680024260000000140e+03 1.009346149589787522e+00
6.680059000000000196e+03 1.005786502302124630e+00
6.680093740000000253e+03 1.010203312063763459e+00
6.680128480000000309e+03 1.033149818141976484e+00
6.680163220000000365e+03 1.011861750211462185e+00
6.680197960000000421e+03 1.015128435379263117e+00
6.680232699999999568e+03 1.016024175466819113e+00
6.680267439999999624e+03 1.014848365123628859e+00
6.680302179999999680e+03 1.006318238321938452e+00
6.680336919999999736e+03 1.009706322858097138e+00
6.680371659999999792e+03 1.022486455438279096e+00
6.680406399999999849e+03 1.022105623332216551e+00
6.680441139999999905e+03 1.019104456666577008e+00
6.680475889999999708e+03 1.013058911375590787e+00
6.680510629999999765e+03 1.029034785388990292e+00
6.680545369999999821e+03 1.013071168891381602e+00
6.680580109999999877e+03 1.017058167360358034e+00
6.680614849999999933e+03 1.032731638681159358e+00
6.680649599999999737e+03 1.024705085329769672e+00
6.680684339999999793e+03 1.014844382300093439e+00
6.680719079999999849e+03 1.021278719397031853e+00
6.680753829999999653e+03 1.014304054299201674e+00
6.680788569999999709e+03 9.997206425204977487e-01
6.680823309999999765e+03 1.019391605298377357e+00
6.680858059999999568e+03 1.032899937345901353e+00
6.680892799999999625e+03 1.016337680148126754e+00
6.680927539999999681e+03 1.032936829770824350e+00
6.680962290000000394e+03 1.019229416934978039e+00
6.680997030000000450e+03 1.023417561984590662e+00
6.681031780000000253e+03 1.026663148582799501e+00
6.681066520000000310e+03 1.022169857723533859e+00
6.681101270000000113e+03 1.024073106987467119e+00
6.681136010000000169e+03 1.031642980090279993e+00
6.681170759999999973e+03 1.040047093972017000e+00
6.681205500000000029e+03 1.046542151459065817e+00
6.681240249999999833e+03 1.037742902354932273e+00
6.681274999999999636e+03 1.036835869975359259e+00
6.681309739999999692e+03 1.029762511555564863e+00
6.681344490000000405e+03 1.030281625889461150e+00
6.681379229999999552e+03 1.022284575661096762e+00
6.681413980000000265e+03 1.034571153131487620e+00
6.681448730000000069e+03 1.043689579079661423e+00
6.681483470000000125e+03 1.038993889533415427e+00
6.681518219999999928e+03 1.034297641499187792e+00
6.681552969999999732e+03 1.029600856046839041e+00
6.681587720000000445e+03 1.024903544790004339e+00
6.681622459999999592e+03 1.029130410937597828e+00
6.681657210000000305e+03 1.008091209013729506e+00
6.681691960000000108e+03 1.032495475090984494e+00
6.681726709999999912e+03 1.016379012893643186e+00
6.681761459999999715e+03 1.018066028319454475e+00
6.681796210000000428e+03 1.028326135433105470e+00
6.681830949999999575e+03 1.034609284799471229e+00
6.681865700000000288e+03 1.038243042138681904e+00
6.681900450000000092e+03 1.032579917655968682e+00
6.681935199999999895e+03 1.027707648453277001e+00
6.681969949999999699e+03 1.033531602171490427e+00
6.682004700000000412e+03 1.022895670197517370e+00
6.682039450000000215e+03 1.025067270992052082e+00
6.682074200000000019e+03 1.038898533302125227e+00
6.682108949999999822e+03 1.034458842625940234e+00
6.682143699999999626e+03 1.029856782619766209e+00
6.682178450000000339e+03 1.022563771268451882e+00
6.682213200000000143e+03 1.017469049834886174e+00
6.682247949999999946e+03 1.024368169117954031e+00
6.682282710000000407e+03 1.029079996788693885e+00
6.682317460000000210e+03 1.016990429643476190e+00
6.682352210000000014e+03 1.018057963872234017e+00
6.682386959999999817e+03 1.042977157388162546e+00
6.682421709999999621e+03 1.019057080008835436e+00
6.682456460000000334e+03 1.037142431222056072e+00
6.682491219999999885e+03 1.037588968899107789e+00
6.682525969999999688e+03 1.020555289316399383e+00
6.682560720000000401e+03 1.019681453610131516e+00
6.682595470000000205e+03 1.024962534037341166e+00
6.682630229999999756e+03 1.026694602406873935e+00
6.682664979999999559e+03 1.032962484057202701e+00
6.682699730000000272e+03 1.037946827838098107e+00
6.682734489999999823e+03 1.028294094560943561e+00
6.682769239999999627e+03 1.016308391837313696e+00
6.682803990000000340e+03 1.021091217793476114e+00
6.682838749999999891e+03 1.031247910160116632e+00
6.682873499999999694e+03 1.015000369614601272e+00
6.682908260000000155e+03 1.019624322348249068e+00
6.682943009999999958e+03 1.020004658318897306e+00
6.682977770000000419e+03 1.015402023936723186e+00
6.683012520000000222e+03 1.023262844593718635e+00
6.683047279999999773e+03 1.027732402462285144e+00
6.683082029999999577e+03 1.018121781258643388e+00
6.683116790000000037e+03 1.009456798762191188e+00
6.683151539999999841e+03 1.007432681216131831e+00
6.683186300000000301e+03 1.009828435774600575e+00
6.683221059999999852e+03 1.015878463521197927e+00
6.683255809999999656e+03 1.020378940193782835e+00
6.683290570000000116e+03 1.010966874790019121e+00
6.683325319999999920e+03 1.015956398554153983e+00
6.683360080000000380e+03 1.011883009652250198e+00
6.683394839999999931e+03 1.013023304508316569e+00
6.683429600000000391e+03 1.021992142181614938e+00
6.683464350000000195e+03 1.027591082872062245e+00
6.683499109999999746e+03 1.017382539059410007e+00
6.683533870000000206e+03 1.005516065048839058e+00
6.683568629999999757e+03 1.012317579969132630e+00
6.683603379999999561e+03 1.004365014971498216e+00
6.683638140000000021e+03 1.011958862257464231e+00
6.683672899999999572e+03 1.024015907674398207e+00
6.683707660000000033e+03 1.015273182754710346e+00
6.683742419999999584e+03 1.012877071747508184e+00
6.683777180000000044e+03 1.003526654095100445e+00
6.683811939999999595e+03 1.005798946795008808e+00
6.683846690000000308e+03 1.006754004792648427e+00
6.683881449999999859e+03 1.001103585080554081e+00
6.683916210000000319e+03 9.997731754430428941e-01
6.683950969999999870e+03 1.000142655480344978e+00
6.683985730000000331e+03 1.004898560523961093e+00
6.684020489999999882e+03 9.982852886300236372e-01
6.684055250000000342e+03 1.001698708978433938e+00
6.684090019999999640e+03 1.014441185271979018e+00
6.684124780000000101e+03 1.014910489196409804e+00
6.684159539999999652e+03 1.003196884549499401e+00
6.684194300000000112e+03 1.002146012756169657e+00
6.684229059999999663e+03 1.003221622630264598e+00
6.684263820000000123e+03 9.959374566379044502e-01
6.684298579999999674e+03 9.956787750561997274e-01
6.684333340000000135e+03 1.005351143954562820e+00
6.684368110000000343e+03 1.004271651791689646e+00
6.684402869999999893e+03 9.943030861065780268e-01
6.684437630000000354e+03 9.949958772901927873e-01
6.684472389999999905e+03 1.003198645100837005e+00
6.684507160000000113e+03 9.985845243691453543e-01
6.684541919999999664e+03 9.999495730641601021e-01
6.684576680000000124e+03 1.003246428290788694e+00
6.684611450000000332e+03 1.004305507632965444e+00
6.684646209999999883e+03 1.009179019436978963e+00
6.684680970000000343e+03 1.005268652863910539e+00
6.684715739999999641e+03 9.980204741636140575e-01
6.684750500000000102e+03 1.006550053814121659e+00
6.684785259999999653e+03 1.009956810313691999e+00
6.684820029999999861e+03 9.958984252925950909e-01
6.684854790000000321e+03 1.008068815087219461e+00
6.684889559999999619e+03 1.000653101670772260e+00
6.684924320000000080e+03 1.012397791710064165e+00
6.684959090000000288e+03 1.013545500431408675e+00
6.684993849999999838e+03 9.973250447723781553e-01
6.685028620000000046e+03 1.007399490559306443e+00
6.685063379999999597e+03 1.008322256732796962e+00
6.685098149999999805e+03 9.992676670067898170e-01
6.685132920000000013e+03 1.002224097715092688e+00
6.685167679999999564e+03 1.001957461646645564e+00
6.685202449999999772e+03 1.002271215786428860e+00
6.685237210000000232e+03 1.006002758246240525e+00
6.685271980000000440e+03 9.952931421948237878e-01
6.685306749999999738e+03 9.966249260768708096e-01
6.685341519999999946e+03 1.002825217966605953e+00
6.685376280000000406e+03 1.002510553694728967e+00
6.685411049999999705e+03 9.997361805975036875e-01
6.685445819999999912e+03 1.004003985663247667e+00
6.685480590000000120e+03 9.975348276289363048e-01
6.685515349999999671e+03 1.003443038757330097e+00
6.685550119999999879e+03 1.011355819495900477e+00
6.685584890000000087e+03 9.993782243138438215e-01
6.685619660000000295e+03 9.988918482749737926e-01
6.685654429999999593e+03 9.985344126413614463e-01
6.685689199999999801e+03 1.014544254581666971e+00
6.685723970000000008e+03 1.005148695232690237e+00
6.685758729999999559e+03 1.011001695988328342e+00
6.685793499999999767e+03 1.006413482971629136e+00
6.685828269999999975e+03 1.015180878211800586e+00
6.685863040000000183e+03 1.002117046400131883e+00
6.685897810000000391e+03 1.005873400766633896e+00
6.685932579999999689e+03 1.006119358148812148e+00
6.685967349999999897e+03 9.961299449614120505e-01
6.686002120000000104e+03 1.007336031616895333e+00
6.686036890000000312e+03 1.008793475502750558e+00
6.686071670000000267e+03 9.996681253256530786e-01
6.686106439999999566e+03 1.007939705397538521e+00
6.686141209999999774e+03 9.956178310471034409e-01
6.686175979999999981e+03 1.001859323459888929e+00
6.686210750000000189e+03 1.003626559825255837e+00
6.686245520000000397e+03 1.017148970165210997e+00
6.686280289999999695e+03 1.007594264235475601e+00
6.686315069999999650e+03 9.887941101622902407e-01
6.686349839999999858e+03 9.936676477441541699e-01
6.686384610000000066e+03 9.965324668253371376e-01
6.686419380000000274e+03 9.942816743402081991e-01
6.686454160000000229e+03 1.008896293884558260e+00
6.686488930000000437e+03 1.008962086489775922e+00
6.686523699999999735e+03 1.010054301012844880e+00
6.686558479999999690e+03 9.988692642801899613e-01
6.686593249999999898e+03 1.005649235380368101e+00
6.686628020000000106e+03 1.016207656759634981e+00
6.686662800000000061e+03 1.003210782501815501e+00
6.686697570000000269e+03 1.000709349521332392e+00
6.686732350000000224e+03 9.999962141595957199e-01
6.686767120000000432e+03 1.004192151681084111e+00
6.686801900000000387e+03 1.009141612380904940e+00
6.686836669999999685e+03 1.008388249987537399e+00
6.686871449999999641e+03 1.001559994801891174e+00
6.686906219999999848e+03 9.877878108745881125e-01
6.686940999999999804e+03 9.918248037440161591e-01
6.686975770000000011e+03 9.938768896180135703e-01
6.687010549999999967e+03 1.001420913673999769e+00
6.687045320000000174e+03 1.006058981744939462e+00
6.687080100000000130e+03 1.015548227872411724e+00
6.687114880000000085e+03 1.001334266249719551e+00
6.687149650000000292e+03 1.006703734323992405e+00
6.687184430000000248e+03 1.012782006411644842e+00
6.687219210000000203e+03 1.011284524517416683e+00
6.687253980000000411e+03 1.000571997603304730e+00
6.687288760000000366e+03 9.915662802886109350e-01
6.687323540000000321e+03 1.008690155626153828e+00
6.687358309999999619e+03 1.010800435694496180e+00
6.687393089999999575e+03 9.835984697955852951e-01
6.687427870000000439e+03 9.989912885469407478e-01
6.687462650000000394e+03 1.011138089960578634e+00
6.687497430000000350e+03 1.013457540941807178e+00
6.687532199999999648e+03 1.003970992673301810e+00
6.687566979999999603e+03 1.005064934436657120e+00
6.687601759999999558e+03 1.010405324619023437e+00
6.687636540000000423e+03 1.014892440804079810e+00
6.687671320000000378e+03 1.011704724007779888e+00
6.687706100000000333e+03 1.007581360688560190e+00
6.687740880000000288e+03 1.009036634566519375e+00
6.687775660000000244e+03 1.005268248712191337e+00
6.687810440000000199e+03 1.003640309621608662e+00
6.687845220000000154e+03 9.997747984315169534e-01
6.687880000000000109e+03 9.953109036272999033e-01
6.687914780000000064e+03 1.012541017442453173e+00
6.687949560000000019e+03 1.017709739770883859e+00
6.687984339999999975e+03 1.009821807333236343e+00
6.688019119999999930e+03 1.004824750049861493e+00
6.688053899999999885e+03 1.006441845049905082e+00
6.688088679999999840e+03 1.011445912955094339e+00
6.688123470000000452e+03 1.009213960541343269e+00
6.688158250000000407e+03 1.000903566782895826e+00
6.688193030000000363e+03 9.997040382377356815e-01
6.688227810000000318e+03 1.007758826502947125e+00
6.688262590000000273e+03 1.016767402708482981e+00
6.688297379999999976e+03 1.005787443056767261e+00
6.688332159999999931e+03 1.024077379413532496e+00
6.688366939999999886e+03 1.016762331245010920e+00
6.688401729999999588e+03 1.008857998401835765e+00
6.688436510000000453e+03 1.013411443475135787e+00
6.688471290000000408e+03 1.022549990292785260e+00
6.688506080000000111e+03 1.015353249340579689e+00
6.688540860000000066e+03 1.008505677280523649e+00
6.688575640000000021e+03 1.006494601632015318e+00
6.688610429999999724e+03 9.961492781025209631e-01
6.688645209999999679e+03 9.985282366076456695e-01
6.688680000000000291e+03 1.016126152301522145e+00
6.688714780000000246e+03 1.003857172099605899e+00
6.688749560000000201e+03 1.000165123077155327e+00
6.688784349999999904e+03 1.031762550832806102e+00
6.688819129999999859e+03 1.007096636978993986e+00
6.688853919999999562e+03 1.011240027303082600e+00
6.688888710000000174e+03 1.002496851210958662e+00
6.688923490000000129e+03 9.971918460601844059e-01
6.688958279999999831e+03 1.010172985889422170e+00
6.688993059999999787e+03 1.012902032487040360e+00
6.689027850000000399e+03 1.009071423302828396e+00
6.689062640000000101e+03 1.012919383999672407e+00
6.689097420000000056e+03 1.001581952704794665e+00
6.689132209999999759e+03 9.896244792115020950e-01
6.689167000000000371e+03 1.015952701391090285e+00
6.689201780000000326e+03 1.016384960645123403e+00
6.689236570000000029e+03 1.009337188635058391e+00
6.689271359999999731e+03 1.014486283628366792e+00
6.689306150000000343e+03 1.011604431221059697e+00
6.689340930000000299e+03 1.011957016810094867e+00
6.689375720000000001e+03 1.007381303063864975e+00
6.689410509999999704e+03 1.005075559713128230e+00
6.689445300000000316e+03 1.005165899077862468e+00
6.689480090000000018e+03 1.003015174249474839e+00
6.689514879999999721e+03 1.002532580538919804e+00
6.689549659999999676e+03 1.003638573931207700e+00
6.689584450000000288e+03 1.003794379273939441e+00
6.689619239999999991e+03 1.008608402626436140e+00
6.689654029999999693e+03 1.012071765436189708e+00
6.689688820000000305e+03 1.003838718436524058e+00
6.689723610000000008e+03 1.001777609538716085e+00
6.689758399999999710e+03 1.000844031901646281e+00
6.689793190000000322e+03 9.973341131070729837e-01
6.689827980000000025e+03 1.005999571280548954e+00
6.689862769999999728e+03 1.000937618849517152e+00
6.689897560000000340e+03 9.922735666815264421e-01
6.689932359999999790e+03 9.917168857678875238e-01
6.689967150000000402e+03 9.884527283258975894e-01
6.690001940000000104e+03 9.940596610452989701e-01
6.690036729999999807e+03 1.002301584525499223e+00
6.690071520000000419e+03 9.874849832737514488e-01
6.690106310000000121e+03 1.001444406922809671e+00
6.690141099999999824e+03 1.000507210445945150e+00
6.690175900000000183e+03 9.990820782524838517e-01
6.690210689999999886e+03 1.000606252113191097e+00
6.690245479999999588e+03 9.874189859896229660e-01
6.690280270000000201e+03 9.937534596768090589e-01
6.690315069999999650e+03 9.979680174429587103e-01
6.690349860000000263e+03 9.996048327380210319e-01
6.690384649999999965e+03 9.962504905709107517e-01
6.690419450000000325e+03 9.972617165802143413e-01
6.690454240000000027e+03 1.007929060865302429e+00
6.690489029999999730e+03 1.012241250696404249e+00
6.690523830000000089e+03 1.008294417172655777e+00
6.690558619999999792e+03 9.984866451474480042e-01
6.690593420000000151e+03 1.004183033218188914e+00
6.690628209999999854e+03 1.002835495023366219e+00
6.690663010000000213e+03 1.009545201765484013e+00
6.690697799999999916e+03 9.982879975853355958e-01
6.690732600000000275e+03 1.000839440026264571e+00
6.690767389999999978e+03 1.020172004114729969e+00
6.690802190000000337e+03 1.007462712058273091e+00
6.690836980000000040e+03 1.004206545350015967e+00
6.690871780000000399e+03 1.007628333685193001e+00
6.690906570000000102e+03 1.002820940705148267e+00
6.690941369999999552e+03 1.002196388775296043e+00
6.690976169999999911e+03 9.955680641779374174e-01
6.691010959999999614e+03 9.974522175572047011e-01
6.691045759999999973e+03 9.957179834586139533e-01
6.691080560000000332e+03 9.983566176335556541e-01
6.691115350000000035e+03 1.015818108305538425e+00
6.691150150000000394e+03 1.000378955463171904e+00
6.691184949999999844e+03 9.941776539094512311e-01
6.691219750000000204e+03 1.003265672181071322e+00
6.691254539999999906e+03 9.983074297653932172e-01
6.691289340000000266e+03 1.008376177537168461e+00
6.691324139999999716e+03 1.008973991232852141e+00
6.691358940000000075e+03 1.003803628542051518e+00
6.691393740000000435e+03 1.007592229633815117e+00
6.691428539999999884e+03 1.008097232718783820e+00
6.691463340000000244e+03 1.010521789485248290e+00
6.691498129999999946e+03 1.003217311968984893e+00
6.691532930000000306e+03 9.991022319062985435e-01
6.691567729999999756e+03 9.958608994782814916e-01
6.691602530000000115e+03 1.003863226465609992e+00
6.691637329999999565e+03 1.000672479152733274e+00
6.691672129999999925e+03 1.004978674413255391e+00
6.691706930000000284e+03 1.002950689091800074e+00
6.691741729999999734e+03 9.867479198660873418e-01
6.691776530000000093e+03 9.988091995496618525e-01
6.691811330000000453e+03 1.008640374812046048e+00
6.691846139999999650e+03 1.000849903425024889e+00
6.691880940000000010e+03 1.002944059862394877e+00
6.691915740000000369e+03 1.002840524728341620e+00
6.691950539999999819e+03 9.955846404746673262e-01
6.691985340000000178e+03 9.996881489812302624e-01
6.692020139999999628e+03 9.887788025402841630e-01
6.692054939999999988e+03 9.967216134842263875e-01
6.692089750000000095e+03 1.013118453765585736e+00
6.692124550000000454e+03 1.008782421697084208e+00
6.692159349999999904e+03 9.938521586356340309e-01
6.692194150000000263e+03 9.941128970151207334e-01
6.692228960000000370e+03 9.972619537621443264e-01
6.692263759999999820e+03 9.960542025652352471e-01
6.692298560000000180e+03 9.980406720371280960e-01
6.692333370000000286e+03 1.008111662648405016e+00
6.692368169999999736e+03 1.014557931613735198e+00
6.692402970000000096e+03 1.009609721296673257e+00
6.692437780000000203e+03 9.986753461319631819e-01
6.692472579999999653e+03 9.913493783595399567e-01
6.692507389999999759e+03 1.000655306806023770e+00
6.692542190000000119e+03 9.902850850760803736e-01
6.692577000000000226e+03 9.997841538439908859e-01
6.692611799999999675e+03 1.008971317495352293e+00
6.692646609999999782e+03 1.009419853892927987e+00
6.692681410000000142e+03 1.011152960717268678e+00
6.692716220000000249e+03 1.014638145841292083e+00
6.692751019999999698e+03 1.015635513293848824e+00
6.692785829999999805e+03 1.008928662563688405e+00
6.692820630000000165e+03 1.007704080323791107e+00
6.692855440000000272e+03 1.005971155591564026e+00
6.692890250000000378e+03 9.973569202614919194e-01
6.692925049999999828e+03 9.973716244613283211e-01
6.692959859999999935e+03 1.008987301492100475e+00
6.692994670000000042e+03 1.026885182053388634e+00
6.693029470000000401e+03 1.015986578941885821e+00
6.693064279999999599e+03 9.924131130288740277e-01
6.693099089999999705e+03 9.844323548752186293e-01
6.693133899999999812e+03 9.931569071248355085e-01
6.693168700000000172e+03 1.009624926786898858e+00
6.693203510000000279e+03 1.007496945340297767e+00
6.693238320000000385e+03 9.921266949247282696e-01
6.693273129999999583e+03 1.001279528729325907e+00
6.693307939999999689e+03 1.001594436472685423e+00
6.693342740000000049e+03 9.992920379661981434e-01
6.693377550000000156e+03 1.010999498978754296e+00
6.693412360000000263e+03 1.010155178901451123e+00
6.693447170000000369e+03 1.003224968458775068e+00
6.693481979999999567e+03 9.990762412327822695e-01
6.693516789999999673e+03 1.000081096785549351e+00
6.693551599999999780e+03 1.004262120831000971e+00
6.693586409999999887e+03 9.910595748584836162e-01
6.693621219999999994e+03 1.001544786947505372e+00
6.693656030000000101e+03 1.002655938947998093e+00
6.693690840000000208e+03 1.004043739382872502e+00
6.693725650000000314e+03 1.008757024647536138e+00
6.693760460000000421e+03 1.005696563598694526e+00
6.693795269999999618e+03 1.002493660654361074e+00
6.693830090000000382e+03 1.008767424930360201e+00
6.693864899999999579e+03 1.008148347732169325e+00
6.693899709999999686e+03 1.008560618036693057e+00
6.693934519999999793e+03 1.010261712533093270e+00
6.693969329999999900e+03 9.996444455508719518e-01
6.694004140000000007e+03 1.007211157526290313e+00
6.694038959999999861e+03 9.893201084672127443e-01
6.694073769999999968e+03 9.901396991436466344e-01
6.694108580000000075e+03 1.006345456232016655e+00
6.694143390000000181e+03 9.882130316513246804e-01
6.694178210000000036e+03 1.006618596700036949e+00
6.694213020000000142e+03 1.007197078006513813e+00
6.694247830000000249e+03 9.969375142110941113e-01
6.694282650000000103e+03 9.961170806191688154e-01
6.694317460000000210e+03 9.924772568990567478e-01
6.694352280000000064e+03 9.971625268909822815e-01
6.694387090000000171e+03 1.006058779486657118e+00
6.694421900000000278e+03 1.002170929694353285e+00
6.694456720000000132e+03 1.005638005883987551e+00
6.694491530000000239e+03 1.012621447608973435e+00
6.694526350000000093e+03 9.992634308058796488e-01
6.694561160000000200e+03 1.006788186166738708e+00
6.694595980000000054e+03 9.996304555740397335e-01
6.694630790000000161e+03 1.000594217148203624e+00
6.694665610000000015e+03 9.838330806944074469e-01
6.694700420000000122e+03 9.984709971121920047e-01
6.694735239999999976e+03 9.880418757203153213e-01
6.694770059999999830e+03 9.913338179107930026e-01
6.694804869999999937e+03 9.871829389537680743e-01
6.694839689999999791e+03 9.896567747931197534e-01
6.694874509999999646e+03 9.969648915045971060e-01
6.694909319999999752e+03 9.987405203020539579e-01
6.694944139999999607e+03 9.961333383412959153e-01
6.694978960000000370e+03 9.921377295552400444e-01
6.695013769999999568e+03 9.966898963475097073e-01
6.695048590000000331e+03 9.966794435571560973e-01
6.695083410000000185e+03 9.903391757036951182e-01
6.695118230000000040e+03 9.963445597387561303e-01
6.695153049999999894e+03 9.951635674138391563e-01
6.695187860000000001e+03 1.004861477568239181e+00
6.695222679999999855e+03 9.909778848866466205e-01
6.695257499999999709e+03 9.935017496469530363e-01
6.695292319999999563e+03 9.915325607601581659e-01
6.695327140000000327e+03 1.013669015785841010e+00
6.695361960000000181e+03 1.002281935017191206e+00
6.695396780000000035e+03 1.005853128572161026e+00
6.695431599999999889e+03 1.009795514128966953e+00
6.695466419999999744e+03 9.947036805741557020e-01
6.695501239999999598e+03 1.000855936649584388e+00
6.695536060000000361e+03 1.009668259011241354e+00
6.695570880000000216e+03 1.013267868465305588e+00
6.695605700000000070e+03 9.989939002931079726e-01
6.695640519999999924e+03 9.906508203756284603e-01
6.695675339999999778e+03 1.009929984895550303e+00
6.695710159999999632e+03 9.953002202463522297e-01
6.695744980000000396e+03 9.971120970099105474e-01
6.695779800000000250e+03 1.006917410038113525e+00
6.695814620000000104e+03 1.007050851878294795e+00
6.695849449999999706e+03 1.007867031039786809e+00
6.695884269999999560e+03 1.004559840786061642e+00
6.695919090000000324e+03 9.965897092620852327e-01
6.695953910000000178e+03 1.009504128087084895e+00
6.695988730000000032e+03 1.004649313675974431e+00
6.696023559999999634e+03 9.898693286084233600e-01
6.696058380000000398e+03 9.933916729699971970e-01
6.696093200000000252e+03 9.863235480757361895e-01
6.696128029999999853e+03 9.972050029581390751e-01
6.696162849999999708e+03 9.941934659613969050e-01
6.696197669999999562e+03 9.916069610929428846e-01
6.696232500000000073e+03 9.892776920230929028e-01
6.696267319999999927e+03 1.006955052416474983e+00
6.696302139999999781e+03 1.006650995300903295e+00
6.696336970000000292e+03 1.006814031721803948e+00
6.696371790000000146e+03 1.016908666577684528e+00
6.696406619999999748e+03 9.946592135407374968e-01
6.696441439999999602e+03 9.970026915391893008e-01
6.696476270000000113e+03 1.011591940240520238e+00
6.696511089999999967e+03 1.002449814179147358e+00
6.696545919999999569e+03 9.992534365198482149e-01
6.696580740000000333e+03 1.015376460892447374e+00
6.696615569999999934e+03 1.018221691472003698e+00
6.696650389999999788e+03 1.002891228706792148e+00
6.696685220000000299e+03 9.988837691403420482e-01
6.696720049999999901e+03 1.008567483189867886e+00
6.696754869999999755e+03 9.998713354991012325e-01
6.696789700000000266e+03 9.827101230735882931e-01
6.696824529999999868e+03 9.985672496619848459e-01
6.696859349999999722e+03 1.004790564827684474e+00
6.696894180000000233e+03 9.981246851956809829e-01
6.696929009999999835e+03 1.004605007341647038e+00
6.696963840000000346e+03 1.002680151125177055e+00
6.696998660000000200e+03 9.989503791503449026e-01
6.697033489999999802e+03 9.986792299009724649e-01
6.697068320000000313e+03 1.002568161212295195e+00
6.697103149999999914e+03 9.994425614861938145e-01
6.697137980000000425e+03 9.941822924686873897e-01
6.697172800000000279e+03 9.986934610342101948e-01
6.697207629999999881e+03 1.000392557020160389e+00
6.697242460000000392e+03 1.003122385775899295e+00
6.697277289999999994e+03 1.014190932990441052e+00
6.697312119999999595e+03 1.009629931528257307e+00
6.697346950000000106e+03 9.966993665179897377e-01
6.697381779999999708e+03 9.997452470167891292e-01
6.697416610000000219e+03 9.984502680642861616e-01
6.697451439999999820e+03 9.997687191120713246e-01
6.697486270000000331e+03 9.969021855803607002e-01
6.697521099999999933e+03 1.004478633580512703e+00
6.697555930000000444e+03 9.950466711089380745e-01
6.697590760000000046e+03 9.844512859341661981e-01
6.697625589999999647e+03 9.975478648861435538e-01
6.697660420000000158e+03 9.972571011706757860e-01
6.697695260000000417e+03 9.914145597358922091e-01
6.697730090000000018e+03 1.004605643576720109e+00
6.697764919999999620e+03 1.004913077256161191e+00
6.697799750000000131e+03 9.936319259374902790e-01
6.697834579999999733e+03 9.938546325284514094e-01
6.697869410000000244e+03 9.977097903254343869e-01
6.697904249999999593e+03 9.971343160087863255e-01
6.697939080000000104e+03 1.006551707705439780e+00
6.697973909999999705e+03 1.009775993720644083e+00
6.698008740000000216e+03 1.005416529953751192e+00
6.698043579999999565e+03 9.967465574066526335e-01
6.698078410000000076e+03 1.000892734779363913e+00
6.698113239999999678e+03 1.004912533455290413e+00
6.698148079999999936e+03 9.901091490213425050e-01
6.698182910000000447e+03 9.975149785920027767e-01
6.698217749999999796e+03 1.000058805875056356e+00
6.698252580000000307e+03 9.963680793451409334e-01
6.698287419999999656e+03 1.002741342185358597e+00
6.698322250000000167e+03 9.969458610047761127e-01
6.698357079999999769e+03 9.933259498022598555e-01
6.698391920000000027e+03 1.007759743220839610e+00
6.698426749999999629e+03 1.014358650653783611e+00
6.698461589999999887e+03 1.008579579381691849e+00
6.698496430000000146e+03 1.012522188630918141e+00
6.698531259999999747e+03 1.014839966488086276e+00
6.698566100000000006e+03 1.001208160731320129e+00
6.698600929999999607e+03 9.979871309614611885e-01
6.698635769999999866e+03 1.003024766463616269e+00
6.698670610000000124e+03 1.003093315836540489e+00
6.698705439999999726e+03 1.010377352996914446e+00
6.698740279999999984e+03 1.021196703657624827e+00
6.698775120000000243e+03 1.004578922752250802e+00
6.698809949999999844e+03 9.984250276492714349e-01
6.698844790000000103e+03 9.969813188782086222e-01
6.698879630000000361e+03 1.003291884912753451e+00
6.698914459999999963e+03 1.018800539397519467e+00
6.698949300000000221e+03 1.007113989907987062e+00
6.698984139999999570e+03 1.000491063440172246e+00
6.699018979999999829e+03 1.007063054080647335e+00
6.699053820000000087e+03 1.004010886543012626e+00
6.699088660000000345e+03 1.013427927742813095e+00
6.699123489999999947e+03 1.005683207025964032e+00
6.699158330000000205e+03 1.011216262778671160e+00
6.699193169999999554e+03 1.002464452005278117e+00
6.699228009999999813e+03 9.895604463521308070e-01
6.699262850000000071e+03 9.925518536597930375e-01
6.699297690000000330e+03 9.983705929495353404e-01
6.699332529999999679e+03 1.009628603666540947e+00
6.699367369999999937e+03 1.002151774899612935e+00
6.699402210000000196e+03 9.994915334563322373e-01
6.699437050000000454e+03 1.004762704655903782e+00
6.699471889999999803e+03 9.962848416582902322e-01
6.699506730000000061e+03 9.881604189676886918e-01
6.699541570000000320e+03 9.938135858154042435e-01
6.699576409999999669e+03 9.940689565651669168e-01
6.699611259999999675e+03 9.753118181932147746e-01
6.699646099999999933e+03 9.670014550754750804e-01
6.699680940000000192e+03 9.888967450938433990e-01
6.699715780000000450e+03 9.599460155792328697e-01
6.699750619999999799e+03 9.605715425697098908e-01
6.699785469999999805e+03 9.673294566840182629e-01
6.699820310000000063e+03 9.730504917031653767e-01
6.699855150000000322e+03 9.743690480504167972e-01
6.699889989999999671e+03 9.703992086957726748e-01
6.699924839999999676e+03 9.697647197028609334e-01
6.699959679999999935e+03 9.781181514523565879e-01
6.699994520000000193e+03 9.679197945458063446e-01
6.700029370000000199e+03 9.723020019894396127e-01
6.700064209999999548e+03 9.782462956148865185e-01
6.700099049999999806e+03 9.710952793884550793e-01
6.700133899999999812e+03 9.707996930590343521e-01
6.700168740000000071e+03 9.745689182734115219e-01
6.700203590000000077e+03 9.750506981708610965e-01
6.700238430000000335e+03 9.797765564673202032e-01
6.700273269999999684e+03 9.988271611000845152e-01
6.700308119999999690e+03 9.837666140665199954e-01
6.700342959999999948e+03 9.957813585142143431e-01
6.700377809999999954e+03 1.001138628813992293e+00
6.700412659999999960e+03 1.001880222811490251e+00
6.700447500000000218e+03 9.890765362419320361e-01
6.700482350000000224e+03 9.947673637554842463e-01
6.700517189999999573e+03 9.891937992301217397e-01
6.700552039999999579e+03 9.862175689288072977e-01
6.700586889999999585e+03 9.958204120269192883e-01
6.700621729999999843e+03 1.001819615272943276e+00
6.700656579999999849e+03 9.975913308979721394e-01
6.700691429999999855e+03 9.978686985106920426e-01
6.700726270000000113e+03 1.001502363046217647e+00
6.700761120000000119e+03 9.986614391703450000e-01
6.700795970000000125e+03 9.889937364362527683e-01
6.700830810000000383e+03 9.822280538971158714e-01
6.700865660000000389e+03 9.805476228097769198e-01
6.700900510000000395e+03 9.828630501666263397e-01
6.700935360000000401e+03 9.851778638040208369e-01
6.700970210000000407e+03 9.874860791398859527e-01
6.701005060000000412e+03 9.897996570120194404e-01
6.701039899999999761e+03 1.003500818731118072e+00
6.701074749999999767e+03 9.959142068016947347e-01
6.701109599999999773e+03 1.001491282355879475e+00
6.701144449999999779e+03 1.000799983670614957e+00
6.701179299999999785e+03 9.913354965183760470e-01
6.701214149999999790e+03 9.911641281256687863e-01
6.701248999999999796e+03 9.977554255392148130e-01
6.701283849999999802e+03 1.005996483736712799e+00
6.701318699999999808e+03 1.008664441089842878e+00
6.701353549999999814e+03 1.001563002150636761e+00
6.701388399999999820e+03 1.008906262924194275e+00
6.701423249999999825e+03 1.015997861351645160e+00
6.701458099999999831e+03 1.001897225672792047e+00
6.701492949999999837e+03 9.997711775341135976e-01
6.701527809999999590e+03 9.994206825472442546e-01
6.701562659999999596e+03 9.909653964898615941e-01
6.701597509999999602e+03 1.008946435258117225e+00
6.701632359999999608e+03 1.001483782997092620e+00
6.701667209999999614e+03 9.945000048514150981e-01
6.701702059999999619e+03 9.966004814826586733e-01
6.701736920000000282e+03 1.003523270109780485e+00
6.701771770000000288e+03 9.959908891692007549e-01
6.701806620000000294e+03 1.005201788402197094e+00
6.701841470000000299e+03 1.002139448578979186e+00
6.701876330000000053e+03 9.994538696870669536e-01
6.701911180000000058e+03 9.822448763596578480e-01
6.701946030000000064e+03 9.932413901688383895e-01
6.701980889999999818e+03 9.995953141971430922e-01
6.702015739999999823e+03 9.871558280546571806e-01
6.702050599999999577e+03 9.845914539253320941e-01
6.702085449999999582e+03 9.970258061570490549e-01
6.702120299999999588e+03 1.005630585650277409e+00
6.702155160000000251e+03 1.004547215101622593e+00
6.702190010000000257e+03 1.006014215906816167e+00
6.702224870000000010e+03 9.988993674119822641e-01
6.702259720000000016e+03 1.006637035038996597e+00
6.702294579999999769e+03 9.976897188248347037e-01
6.702329429999999775e+03 9.938725909954497784e-01
6.702364290000000437e+03 9.956208399182253643e-01
6.702399150000000191e+03 9.783880749751441286e-01
6.702434000000000196e+03 9.920779928933869396e-01
6.702468859999999950e+03 9.869546573818356316e-01
6.702503709999999955e+03 9.839332953283990157e-01
6.702538569999999709e+03 9.742142640262093645e-01
6.702573430000000371e+03 9.795630521160886284e-01
6.702608280000000377e+03 9.755159738209455700e-01
6.702643140000000130e+03 9.706873900623812501e-01
6.702677999999999884e+03 9.736424806453051195e-01
6.702712859999999637e+03 9.842191077543480660e-01
6.702747709999999643e+03 9.900442714747221817e-01
6.702782570000000305e+03 9.889223521391294902e-01
6.702817430000000058e+03 9.931237945622278795e-01
6.702852289999999812e+03 9.934998552169911346e-01
6.702887139999999818e+03 9.939893678189443138e-01
6.702921999999999571e+03 1.002283671308736412e+00
6.702956860000000233e+03 1.006036731886434277e+00
6.702991719999999987e+03 1.011752534096747036e+00
6.703026579999999740e+03 9.963237836912820500e-01
6.703061440000000403e+03 1.009688045097747455e+00
6.703096300000000156e+03 1.009604619305234152e+00
6.703131159999999909e+03 9.973040538746922312e-01
6.703166019999999662e+03 9.894009520530138158e-01
6.703200880000000325e+03 1.006891433564560234e+00
6.703235740000000078e+03 1.009594045184636357e+00
6.703270599999999831e+03 1.014628642126108371e+00
6.703305459999999584e+03 1.010251368545868722e+00
6.703340320000000247e+03 1.005797015450138554e+00
6.703375180000000000e+03 1.008398233636766284e+00
6.703410039999999753e+03 9.999191415262597138e-01
6.703444900000000416e+03 9.916972496275947568e-01
6.703479760000000169e+03 9.938458186372092218e-01
6.703514629999999670e+03 1.001217701044792019e+00
6.703549490000000333e+03 1.011934090441516609e+00
6.703584350000000086e+03 1.010558152432737833e+00
6.703619209999999839e+03 1.007244746596884122e+00
6.703654069999999592e+03 1.009875652509874433e+00
6.703688940000000002e+03 9.982582077890287398e-01
6.703723799999999756e+03 9.994646868294090325e-01
6.703758660000000418e+03 9.930051521101452838e-01
6.703793520000000171e+03 1.004309691912076419e+00
6.703828389999999672e+03 1.017717542249915619e+00
6.703863250000000335e+03 1.015186262996414568e+00
6.703898110000000088e+03 1.002046128709869421e+00
6.703932979999999588e+03 9.820829442708096657e-01
6.703967840000000251e+03 9.930941497975664944e-01
6.704002709999999752e+03 1.014497956546615898e+00
6.704037570000000414e+03 1.000233973464754955e+00
6.704072439999999915e+03 9.872642881522951663e-01
6.704107299999999668e+03 9.981726701678633740e-01
6.704142160000000331e+03 9.985634083869183719e-01
6.704177029999999831e+03 1.001861879071786143e+00
6.704211889999999585e+03 1.014389346341288300e+00
6.704246759999999995e+03 1.012640810830256033e+00
6.704281630000000405e+03 1.002146636729506213e+00
6.704316490000000158e+03 9.956567718151203561e-01
6.704351359999999659e+03 1.006937885358321738e+00
6.704386220000000321e+03 1.012124242932721074e+00
6.704421089999999822e+03 1.018096590576124116e+00
6.704455960000000232e+03 1.000105371520680686e+00
6.704490819999999985e+03 1.012206990294969744e+00
6.704525690000000395e+03 9.881542100142863827e-01
6.704560559999999896e+03 9.975515794459035579e-01
6.704595419999999649e+03 1.006835199068363274e+00
6.704630290000000059e+03 1.012116156562744562e+00
6.704665159999999560e+03 1.000287455244207813e+00
6.704700029999999970e+03 9.981246980022364657e-01
6.704734889999999723e+03 9.903587495803474194e-01
6.704769760000000133e+03 9.967057868522890551e-01
6.704804629999999634e+03 1.007589672222722221e+00
6.704839500000000044e+03 1.013757184133176725e+00
6.704874370000000454e+03 1.005492042354857674e+00
6.704909239999999954e+03 9.975729111304286745e-01
6.704944110000000364e+03 1.010360683341575916e+00
6.704978979999999865e+03 1.018319523572651430e+00
6.705013839999999618e+03 1.016973264974839530e+00
6.705048710000000028e+03 1.014686639764779574e+00
6.705083580000000438e+03 9.944590346026583871e-01
6.705118449999999939e+03 9.915366602818889152e-01
6.705153320000000349e+03 1.003322501503374875e+00
6.705188189999999850e+03 9.996681144333652291e-01
6.705223060000000260e+03 1.004685838590952063e+00
6.705257940000000417e+03 1.010334161587904456e+00
6.705292809999999918e+03 1.004674590309111437e+00
6.705327680000000328e+03 9.979026452549134563e-01
6.705362549999999828e+03 1.014536369040035746e+00
6.705397420000000238e+03 1.005586771964410708e+00
6.705432289999999739e+03 1.002124291017418622e+00
6.705467160000000149e+03 9.912896843357063004e-01
6.705502029999999650e+03 9.989727169222502035e-01
6.705536909999999807e+03 1.014187904804853879e+00
6.705571780000000217e+03 1.018615314911276881e+00
6.705606649999999718e+03 1.004230158818479879e+00
6.705641520000000128e+03 9.994185224954797997e-01
6.705676400000000285e+03 1.004488766187194182e+00
6.705711269999999786e+03 1.005763369448006816e+00
6.705746140000000196e+03 1.002481276126562681e+00
6.705781020000000353e+03 9.988961175069559495e-01
6.705815889999999854e+03 9.963344137578321602e-01
6.705850760000000264e+03 9.922205232980205736e-01
6.705885640000000421e+03 1.001323230864787472e+00
6.705920509999999922e+03 1.009646285170573421e+00
6.705955390000000079e+03 1.023815267186577449e+00
6.705990259999999580e+03 1.009430394757601768e+00
6.706025139999999737e+03 1.006221182488816090e+00
6.706060010000000148e+03 9.994738749845043513e-01
6.706094879999999648e+03 1.002509457606871823e+00
6.706129759999999806e+03 1.002167302414642913e+00
6.706164639999999963e+03 1.006112567055045259e+00
6.706199510000000373e+03 1.010913922225427752e+00
6.706234389999999621e+03 1.001302094866898473e+00
6.706269260000000031e+03 9.868095398019883779e-01
6.706304140000000189e+03 1.004917479996859875e+00
6.706339009999999689e+03 1.000687630607915324e+00
6.706373889999999847e+03 9.979206519956924648e-01
6.706408770000000004e+03 9.991608628158451522e-01
6.706443640000000414e+03 1.001786234708311962e+00
6.706478519999999662e+03 9.988295458401544868e-01
6.706513399999999820e+03 9.877768526294727902e-01
6.706548279999999977e+03 9.936659901313815713e-01
6.706583150000000387e+03 1.001593662743226698e+00
6.706618029999999635e+03 9.988517150927013200e-01
6.706652909999999792e+03 9.998545416889002002e-01
6.706687789999999950e+03 9.945751478276160240e-01
6.706722670000000107e+03 9.992095856612834837e-01
6.706757539999999608e+03 9.993567950175963333e-01
6.706792419999999765e+03 9.959858729313003645e-01
6.706827299999999923e+03 9.991760356330584569e-01
6.706862180000000080e+03 9.996741200903798141e-01
6.706897060000000238e+03 9.993878763550716471e-01
6.706931940000000395e+03 1.015205076332776679e+00
6.706966819999999643e+03 9.941512520284998544e-01
6.707001699999999801e+03 1.002094917945147268e+00
6.707036579999999958e+03 1.013549709253305897e+00
6.707071460000000116e+03 1.012009916829219147e+00
6.707106340000000273e+03 9.936327068250977446e-01
6.707141220000000430e+03 9.913214550507284395e-01
6.707176099999999678e+03 1.007843126800630484e+00
6.707210979999999836e+03 1.001960821024568737e+00
6.707245859999999993e+03 9.981397477458352485e-01
6.707280740000000151e+03 1.007399123982510414e+00
6.707315620000000308e+03 1.008549048109421031e+00
6.707350510000000213e+03 1.009805300755066693e+00
6.707385390000000370e+03 1.008768209016664530e+00
6.707420269999999618e+03 9.980788250307951470e-01
6.707455149999999776e+03 9.918739060206324121e-01
6.707490029999999933e+03 9.969058701351632967e-01
6.707524919999999838e+03 1.000862016111738750e+00
6.707559799999999996e+03 9.927022835244545540e-01
6.707594680000000153e+03 9.993652893250957181e-01
6.707629560000000311e+03 9.961399610528752779e-01
6.707664450000000215e+03 9.864002312214078527e-01
6.707699330000000373e+03 9.976452977764975749e-01
6.707734209999999621e+03 9.990443405527689169e-01
6.707769100000000435e+03 1.008903630735080492e+00
6.707803979999999683e+03 1.003051776148870866e+00
6.707838869999999588e+03 1.004627033416388260e+00
6.707873749999999745e+03 9.877086999732571648e-01
6.707908629999999903e+03 1.009063898019392891e+00
6.707943519999999808e+03 1.006202812713948180e+00
6.707978399999999965e+03 9.865662803151836746e-01
6.708013289999999870e+03 1.000177122178040445e+00
6.708048170000000027e+03 1.005357888659054622e+00
6.708083059999999932e+03 9.989817389934567693e-01
6.708117940000000090e+03 1.001217340828572055e+00
6.708152829999999994e+03 1.000829074337404867e+00
6.708187719999999899e+03 9.978054298483067797e-01
6.708222600000000057e+03 9.917017107255149400e-01
6.708257489999999962e+03 9.978278856417898135e-01
6.708292379999999866e+03 1.006433271206143454e+00
6.708327260000000024e+03 9.885803693873042031e-01
6.708362149999999929e+03 9.788332595758381105e-01
6.708397039999999834e+03 9.892048116469939201e-01
6.708431919999999991e+03 9.919456333124112568e-01
6.708466809999999896e+03 9.982094398537322277e-01
6.708501699999999801e+03 1.007485573383675836e+00
6.708536589999999705e+03 9.976543607123777857e-01
6.708571469999999863e+03 9.894606991261567508e-01
6.708606359999999768e+03 9.926253651831371538e-01
6.708641249999999673e+03 9.926221759790303523e-01
6.708676139999999577e+03 9.876665445622797579e-01
6.708711030000000392e+03 1.007647262119076625e+00
6.708745920000000297e+03 9.860867782713624852e-01
6.708780800000000454e+03 9.973124967023366816e-01
6.708815690000000359e+03 1.010914119763032470e+00
6.708850580000000264e+03 9.943356752420814404e-01
6.708885470000000169e+03 1.000743618699513116e+00
6.708920360000000073e+03 9.924542258227386782e-01
6.708955249999999978e+03 9.979595214886556320e-01
6.708990139999999883e+03 1.006463061225489897e+00
6.709025029999999788e+03 1.008314759428439400e+00
6.709059919999999693e+03 1.011813423027796865e+00
6.709094809999999597e+03 1.008489689555676749e+00
6.709129700000000412e+03 1.013699605792915071e+00
6.709164590000000317e+03 1.009338102177838259e+00
6.709199489999999969e+03 1.003530756233291577e+00
6.709234379999999874e+03 1.007760869320221797e+00
6.709269269999999779e+03 1.005342315134084785e+00
6.709304159999999683e+03 1.004848999200320003e+00
6.709339049999999588e+03 9.990709352443486457e-01
6.709373940000000403e+03 1.012207585633127849e+00
6.709408840000000055e+03 1.000440219372698669e+00
6.709443729999999960e+03 9.974280340301774350e-01
6.709478619999999864e+03 9.978626970125866746e-01
6.709513509999999769e+03 9.990311633384205692e-01
6.709548410000000331e+03 1.009585134097558790e+00
6.709583300000000236e+03 9.975941313997426230e-01
6.709618190000000141e+03 9.899029056501162938e-01
6.709653089999999793e+03 1.007783763780820019e+00
6.709687979999999698e+03 9.981381656272755309e-01
6.709722869999999602e+03 9.913645134902099310e-01
6.709757770000000164e+03 1.011057514096783683e+00
6.709792660000000069e+03 1.002288147994629952e+00
6.709827559999999721e+03 1.008866736062661307e+00
6.709862449999999626e+03 1.012461099456331226e+00
6.709897350000000188e+03 9.953298674372043076e-01
6.709932240000000093e+03 9.876330443113092716e-01
6.709967139999999745e+03 1.001273840022420369e+00
6.710002029999999650e+03 1.003717873780107128e+00
6.710036930000000211e+03 9.974877965712518613e-01
6.710071820000000116e+03 9.984103767755178049e-01
6.710106719999999768e+03 1.003662386048165045e+00
6.710141609999999673e+03 9.952613673695802632e-01
6.710176510000000235e+03 9.930772461887313884e-01
6.710211409999999887e+03 9.966946973467756266e-01
6.710246299999999792e+03 9.951425781046338015e-01
6.710281200000000354e+03 1.003926515103073180e+00
6.710316100000000006e+03 1.002077424266965444e+00
6.710350989999999911e+03 1.012413488653333804e+00
6.710385889999999563e+03 1.010533466210984166e+00
6.710420790000000125e+03 9.932538922287982297e-01
6.710455689999999777e+03 9.967358902927018205e-01
6.710490590000000338e+03 9.885671786654764981e-01
6.710525480000000243e+03 9.905054962264271401e-01
6.710560379999999896e+03 9.905282766518314075e-01
6.710595279999999548e+03 9.871646145984526166e-01
6.710630180000000109e+03 1.000422104529090639e+00
6.710665079999999762e+03 9.791553270870851922e-01
6.710699980000000323e+03 9.957541218745229461e-01
6.710734879999999976e+03 9.994601117623742592e-01
6.710769769999999880e+03 1.003950623394608277e+00
6.710804670000000442e+03 9.935146815907007767e-01
6.710839570000000094e+03 9.938934812600878077e-01
6.710874469999999747e+03 9.992144674951464189e-01
6.710909370000000308e+03 1.005585126450296407e+00
6.710944269999999960e+03 1.013884930568355935e+00
6.710979169999999613e+03 9.992228442852395531e-01
6.711014070000000174e+03 1.001576126044568582e+00
6.711048979999999574e+03 9.989583040655890533e-01
6.711083880000000136e+03 9.974559919048596734e-01
6.711118779999999788e+03 9.970157638833584413e-01
6.711153680000000350e+03 9.948106257909085093e-01
6.711188580000000002e+03 9.965706966798870692e-01
6.711223479999999654e+03 1.000153140674001184e+00
6.711258380000000216e+03 1.008147457884825293e+00
6.711293289999999615e+03 1.010087233628487624e+00
6.711328190000000177e+03 1.005166009053629628e+00
6.711363089999999829e+03 9.944531705776619157e-01
6.711397990000000391e+03 9.998009997660939341e-01
6.711432899999999790e+03 1.012129489575679830e+00
6.711467800000000352e+03 9.907859392105708984e-01
6.711502700000000004e+03 9.829476656728778350e-01
6.711537610000000313e+03 9.994350153854089092e-01
6.711572509999999966e+03 9.975797427226160696e-01
6.711607409999999618e+03 9.992497208622485028e-01
6.711642319999999927e+03 9.920796524083955736e-01
6.711677219999999579e+03 9.956908100320218669e-01
6.711712120000000141e+03 9.881827051273390783e-01
6.711747030000000450e+03 1.000221553570439958e+00
6.711781930000000102e+03 9.903421038368924734e-01
6.711816840000000411e+03 1.005179094202095946e+00
6.711851740000000063e+03 9.964576094577962673e-01
6.711886650000000373e+03 1.002670363582613522e+00
6.711921550000000025e+03 9.934697081805938801e-01
6.711956460000000334e+03 1.000508279771941567e+00
6.711991359999999986e+03 9.991552701042739626e-01
6.712026270000000295e+03 9.976268596096320440e-01
6.712061179999999695e+03 9.903649831223858557e-01
6.712096080000000256e+03 1.002003823216601308e+00
6.712130989999999656e+03 1.009491609393891931e+00
6.712165899999999965e+03 9.991785749316789422e-01
6.712200799999999617e+03 9.915168882433312847e-01
6.712235709999999926e+03 9.939041091721150245e-01
6.712270620000000235e+03 9.891062123590784738e-01
6.712305519999999888e+03 9.813147216300155407e-01
6.712340430000000197e+03 9.929907969560702874e-01
6.712375339999999596e+03 9.959756975540589030e-01
6.712410249999999905e+03 9.839640807065284100e-01
6.712445149999999558e+03 9.912695276195586658e-01
6.712480059999999867e+03 9.971219837617867343e-01
6.712514970000000176e+03 9.959864582515555176e-01
6.712549879999999575e+03 1.003039873489539824e+00
6.712584789999999884e+03 1.004488256286796499e+00
6.712619700000000194e+03 9.992975678716112808e-01
6.712654609999999593e+03 9.912386871515284081e-01
6.712689519999999902e+03 1.004445912041296740e+00
6.712724430000000211e+03 1.006686037392737543e+00
6.712759329999999864e+03 1.001747656909784956e+00
6.712794240000000173e+03 9.949882231064418603e-01
6.712829149999999572e+03 9.954561457538602109e-01
6.712864059999999881e+03 1.005742811100616585e+00
6.712898979999999938e+03 1.007011674673311319e+00
6.712933890000000247e+03 1.002720639471964992e+00
6.712968799999999646e+03 9.896494262434012423e-01
6.713003709999999955e+03 1.009295690285811897e+00
6.713038620000000265e+03 9.976675245561894556e-01
6.713073529999999664e+03 9.773904574699242565e-01
6.713108439999999973e+03 9.881342033828452998e-01
6.713143350000000282e+03 9.959867260629456931e-01
6.713178259999999682e+03 9.922397984995449116e-01
6.713213179999999738e+03 9.906918700299254255e-01
6.713248090000000047e+03 9.909666210774846773e-01
6.713283000000000357e+03 9.948675915983208329e-01
6.713317909999999756e+03 1.006125145038043733e+00
6.713352829999999813e+03 1.004322596934827283e+00
6.713387740000000122e+03 9.940203872635913207e-01
6.713422650000000431e+03 1.006020006359495289e+00
6.713457569999999578e+03 1.010218594383273549e+00
6.713492479999999887e+03 9.912501888044988885e-01
6.713527390000000196e+03 9.924495182210089084e-01
6.713562310000000252e+03 1.000398774773114452e+00
6.713597219999999652e+03 9.910449739603044428e-01
6.713632139999999708e+03 9.906967347939630297e-01
6.713667050000000017e+03 9.950364044835730004e-01
6.713701960000000327e+03 9.964696999782723941e-01
6.713736880000000383e+03 9.979215723874230726e-01
6.713771789999999783e+03 9.939832553431630080e-01
6.713806709999999839e+03 1.001597547421004375e+00
6.713841620000000148e+03 9.914895147579924073e-01
6.713876540000000205e+03 9.815004597531694630e-01
6.713911460000000261e+03 9.907735767993290921e-01
6.713946369999999661e+03 1.000963363621784952e+00
6.713981289999999717e+03 9.835323220891785123e-01
6.714016200000000026e+03 9.911638233694358702e-01
6.714051120000000083e+03 1.008590028882355050e+00
6.714086040000000139e+03 9.773471752867216589e-01
6.714120950000000448e+03 9.812707053995578521e-01
6.714155869999999595e+03 9.870211384253652076e-01
6.714190789999999652e+03 1.009094654539395508e+00
6.714225699999999961e+03 9.911386266272059764e-01
6.714260620000000017e+03 1.003655367198794446e+00
6.714295540000000074e+03 9.944381185839054060e-01
6.714330460000000130e+03 1.013725929137271331e+00
6.714365380000000187e+03 9.965557184837312565e-01
6.714400289999999586e+03 9.932891964909901228e-01
6.714435209999999643e+03 9.914856160645367789e-01
6.714470129999999699e+03 1.004007958030697756e+00
6.714505049999999756e+03 9.994295399794805856e-01
6.714539969999999812e+03 9.861869299903536223e-01
6.714574889999999868e+03 9.918728186803433822e-01
6.714609809999999925e+03 9.968669740699173110e-01
6.714644729999999981e+03 9.915002802913686075e-01
6.714679650000000038e+03 1.002061998477084659e+00
6.714714570000000094e+03 9.975193085704403551e-01
6.714749490000000151e+03 9.869894576899164162e-01
6.714784410000000207e+03 9.963625927465380450e-01
6.714819330000000264e+03 9.984863811917109588e-01
6.714854250000000320e+03 9.950632817449569512e-01
6.714889170000000377e+03 9.850305601977131786e-01
6.714924090000000433e+03 9.824900528320588133e-01
6.714959009999999580e+03 1.005231024079024538e+00
6.714993929999999636e+03 1.000267996751492472e+00
6.715028849999999693e+03 9.862526678911470723e-01
6.715063769999999749e+03 1.000261203291306300e+00
6.715098699999999553e+03 9.945437221241077985e-01
6.715133619999999610e+03 9.853865275203160801e-01
6.715168539999999666e+03 9.854834715848758142e-01
6.715203459999999723e+03 9.894155578884437086e-01
6.715238379999999779e+03 1.000124664402310071e+00
6.715273309999999583e+03 1.001276036318930363e+00
6.715308229999999639e+03 9.970733834915762595e-01
6.715343149999999696e+03 9.931887002842416656e-01
6.715378080000000409e+03 9.875491549162921379e-01
6.715412999999999556e+03 9.846585930340346904e-01
6.715447919999999613e+03 9.816808502625163912e-01
6.715482850000000326e+03 1.012042154880037348e+00
6.715517770000000382e+03 9.946614395335009462e-01
6.715552700000000186e+03 9.833004941991881909e-01
6.715587620000000243e+03 1.010484210606795497e+00
6.715622540000000299e+03 1.010671740536603913e+00
6.715657470000000103e+03 9.897693168853920476e-01
6.715692390000000159e+03 9.807780913297631242e-01
6.715727319999999963e+03 9.987768692771556989e-01
6.715762240000000020e+03 9.972824950469232341e-01
6.715797169999999824e+03 9.935686844668313311e-01
6.715832099999999627e+03 9.981912543107217539e-01
6.715867019999999684e+03 9.902496768476147793e-01
6.715901950000000397e+03 1.000602387599896836e+00
6.715936870000000454e+03 1.004124384031617634e+00
6.715971800000000258e+03 9.945813785907771098e-01
6.716006730000000061e+03 1.002841097281225613e+00
6.716041650000000118e+03 9.889220177241743182e-01
6.716076579999999922e+03 9.936293749595790370e-01
6.716111509999999726e+03 9.993782597693661174e-01
6.716146429999999782e+03 9.998399312062764555e-01
6.716181359999999586e+03 9.908236471782854160e-01
6.716216290000000299e+03 9.823188706110956847e-01
6.716251220000000103e+03 1.001478405711679454e+00
6.716286140000000159e+03 1.002931900316632596e+00
6.716321069999999963e+03 9.934068799189644805e-01
6.716355999999999767e+03 9.963729072911059470e-01
6.716390929999999571e+03 9.982116364505023709e-01
6.716425860000000284e+03 9.965420184352531408e-01
6.716460790000000088e+03 9.957257323135835225e-01
6.716495719999999892e+03 9.959980879612156945e-01
6.716530649999999696e+03 9.969535677658833972e-01
6.716565580000000409e+03 9.928592687990959176e-01
6.716600499999999556e+03 9.937344352900518984e-01
6.716635430000000270e+03 1.004772640235558789e+00
6.716670360000000073e+03 9.987169630555270405e-01
6.716705289999999877e+03 1.001389641873808412e+00
6.716740230000000338e+03 1.006198818203740242e+00
6.716775160000000142e+03 1.002209918713355297e+00
6.716810089999999946e+03 1.004857081340123637e+00
6.716845019999999749e+03 1.002775463574951509e+00
6.716879949999999553e+03 9.965277115195567692e-01
6.716914880000000267e+03 1.010489037987829963e+00
6.716949810000000070e+03 1.001821415203503429e+00
6.716984739999999874e+03 1.003079137882405769e+00
6.717019669999999678e+03 9.976689269671787930e-01
6.717054610000000139e+03 1.006005217606076974e+00
6.717089539999999943e+03 1.007820740819522554e+00
6.717124469999999747e+03 1.009783024107292704e+00
6.717159399999999550e+03 9.977356786042799186e-01
6.717194340000000011e+03 9.976772953835101321e-01
6.717229269999999815e+03 9.938624188170104290e-01
6.717264199999999619e+03 1.003999352702872550e+00
6.717299140000000079e+03 9.915990579318157971e-01
6.717334069999999883e+03 9.989625972347145888e-01
6.717368999999999687e+03 9.975410409205206497e-01
6.717403940000000148e+03 1.008343510587323077e+00
6.717438869999999952e+03 1.017421094875397447e+00
6.717473799999999756e+03 9.974296454029593084e-01
6.717508740000000216e+03 9.965059092971121357e-01
6.717543670000000020e+03 9.919356085949898594e-01
6.717578609999999571e+03 9.888780216357786479e-01
6.717613540000000285e+03 1.003214201701580821e+00
6.717648479999999836e+03 9.992308211636820037e-01
6.717683409999999640e+03 1.006846034993770234e+00
6.717718350000000100e+03 1.007344591475773932e+00
6.717753279999999904e+03 9.971019789623201124e-01
6.717788220000000365e+03 9.981821956990815092e-01
6.717823159999999916e+03 1.033967510874430840e+00
6.717858089999999720e+03 1.019580375331613720e+00
6.717893030000000181e+03 9.999525160417925829e-01
6.717927969999999732e+03 1.009982325003769388e+00
6.717962900000000445e+03 1.019629372176324766e+00
6.717997839999999997e+03 1.005083180540800925e+00
6.718032779999999548e+03 1.005664798154726425e+00
6.718067710000000261e+03 1.000381118780864220e+00
6.718102649999999812e+03 1.000760954051395757e+00
6.718137590000000273e+03 1.002130528516842034e+00
6.718172529999999824e+03 1.008044630971062450e+00
6.718207459999999628e+03 1.005593307552755444e+00
6.718242400000000089e+03 9.948462777829282233e-01
6.718277339999999640e+03 1.002633829927483733e+00
6.718312280000000101e+03 1.005893329854933294e+00
6.718347219999999652e+03 9.993707409922074625e-01
6.718382160000000113e+03 9.917797867198866468e-01
6.718417099999999664e+03 9.970953521547012421e-01
6.718452030000000377e+03 1.009192081025148902e+00
6.718486969999999928e+03 9.980723718253832200e-01
6.718521910000000389e+03 9.881542832652232544e-01
6.718556849999999940e+03 1.005174625255831566e+00
6.718591790000000401e+03 1.024955698001990712e+00
6.718626729999999952e+03 1.016911213355670363e+00
6.718661670000000413e+03 9.936130498107014208e-01
6.718696609999999964e+03 9.921364403330534820e-01
6.718731560000000172e+03 1.006136807808809985e+00
6.718766499999999724e+03 1.013743289309608775e+00
6.718801440000000184e+03 9.960847450560185168e-01
6.718836379999999735e+03 9.931957404636255760e-01
6.718871320000000196e+03 9.973201563840697892e-01
6.718906259999999747e+03 1.004677099978973587e+00
6.718941200000000208e+03 1.002742012472880306e+00
6.718976150000000416e+03 9.857323202889194391e-01
6.719011089999999967e+03 9.960908237399043186e-01
6.719046030000000428e+03 1.000277805424587774e+00
6.719080969999999979e+03 1.004316903048982912e+00
6.719115920000000187e+03 9.986258470971279833e-01
6.719150859999999739e+03 9.993300860725256030e-01
6.719185800000000199e+03 9.918671800683740436e-01
6.719220739999999751e+03 9.928415177737348607e-01
6.719255689999999959e+03 9.909238226635929125e-01
6.719290630000000419e+03 9.968716334608873630e-01
6.719325579999999718e+03 9.900428885253900191e-01
6.719360520000000179e+03 1.002658318578279140e+00
6.719395459999999730e+03 1.003264099935423870e+00
6.719430409999999938e+03 1.001125041583990294e+00
6.719465350000000399e+03 9.984895347441257174e-01
6.719500299999999697e+03 1.011428378428991248e+00
6.719535240000000158e+03 1.001585422839612383e+00
6.719570190000000366e+03 1.009211709526208534e+00
6.719605129999999917e+03 9.901892038422115405e-01
6.719640080000000125e+03 9.912155693500428466e-01
6.719675019999999677e+03 9.876020744352838054e-01
6.719709969999999885e+03 1.007963817747011825e+00
6.719744920000000093e+03 9.923020846846501986e-01
6.719779859999999644e+03 1.008519632330429516e+00
6.719814809999999852e+03 9.974249678138468189e-01
6.719849750000000313e+03 1.002786508180583125e+00
6.719884699999999611e+03 9.922274169448983550e-01
6.719919649999999820e+03 9.990753774556845324e-01
6.719954590000000280e+03 1.010633537131971904e+00
6.719989539999999579e+03 1.003785403426847189e+00
6.720024489999999787e+03 1.011647259913046382e+00
6.720059439999999995e+03 1.004414059066979670e+00
6.720094379999999546e+03 9.972037200733354645e-01
6.720129329999999754e+03 9.874778193599846876e-01
6.720164279999999962e+03 1.001476932995473135e+00
6.720199230000000171e+03 9.979601297100187951e-01
6.720234180000000379e+03 9.902452899767902883e-01
6.720269129999999677e+03 9.929199533754197171e-01
6.720304079999999885e+03 9.943011674005740597e-01
6.720339020000000346e+03 9.986572015823337312e-01
6.720373969999999645e+03 9.936908629658488534e-01
6.720408919999999853e+03 9.945389652390118629e-01
6.720443870000000061e+03 1.000168434628895708e+00
6.720478820000000269e+03 1.002762842308418945e+00
6.720513769999999568e+03 1.008343920274460181e+00
6.720548719999999776e+03 1.014249110075972737e+00
6.720583669999999984e+03 1.001155587718073559e+00
6.720618620000000192e+03 1.006203522656589078e+00
6.720653570000000400e+03 1.008458396597496254e+00
6.720688530000000355e+03 9.981200735129964752e-01
6.720723479999999654e+03 9.927993045560388197e-01
6.720758429999999862e+03 9.976913085884432375e-01
6.720793380000000070e+03 9.997784464607465393e-01
6.720828330000000278e+03 1.003712803841344314e+00
6.720863279999999577e+03 1.016130016875625319e+00
6.720898229999999785e+03 1.015198497794987720e+00
6.720933189999999740e+03 1.006491387234520918e+00
6.720968139999999948e+03 9.966030591002019712e-01
6.721003090000000157e+03 9.988104863870956862e-01
6.721038040000000365e+03 9.986854186012803503e-01
6.721073000000000320e+03 9.994511579679551394e-01
6.721107949999999619e+03 1.005009800996478075e+00
6.721142899999999827e+03 1.006098943970578752e+00
6.721177859999999782e+03 1.007836810853030007e+00
6.721212809999999990e+03 1.001191516709964313e+00
6.721247760000000198e+03 1.008040284020195854e+00
6.721282720000000154e+03 1.006441018077032457e+00
6.721317670000000362e+03 1.005124525283411563e+00
6.721352630000000318e+03 1.005017547924980104e+00
6.721387579999999616e+03 1.005122469487045977e+00
6.721422539999999572e+03 1.003331991666809753e+00
6.721457489999999780e+03 1.000596532767324076e+00
6.721492449999999735e+03 1.006277620834139963e+00
6.721527399999999943e+03 1.010966312521655919e+00
6.721562359999999899e+03 9.963475116813155230e-01
6.721597310000000107e+03 9.984497904435116755e-01
6.721632270000000062e+03 1.012644978777283544e+00
6.721667220000000270e+03 1.000037684552839146e+00
6.721702180000000226e+03 9.988918773280479613e-01
6.721737140000000181e+03 1.000342327582306901e+00
6.721772090000000389e+03 1.004619057550067085e+00
6.721807050000000345e+03 1.003388782929275802e+00
6.721842010000000300e+03 1.015330106901338292e+00
6.721876959999999599e+03 1.016500301793386907e+00
6.721911919999999554e+03 1.009449387654710595e+00
6.721946880000000419e+03 9.965914846662360382e-01
6.721981840000000375e+03 9.964737722568011158e-01
6.722016789999999673e+03 1.007755875364313214e+00
6.722051749999999629e+03 1.011165296480516895e+00
6.722086709999999584e+03 1.009688289166276842e+00
6.722121670000000449e+03 1.002257255565644156e+00
6.722156630000000405e+03 9.947197980736427469e-01
6.722191590000000360e+03 9.977609669845642903e-01
6.722226539999999659e+03 1.002848640878094333e+00
6.722261499999999614e+03 9.950090815701946312e-01
6.722296459999999570e+03 9.986676307407736930e-01
6.722331420000000435e+03 1.005092178862454944e+00
6.722366380000000390e+03 1.005876080873552958e+00
6.722401340000000346e+03 9.933156977855415182e-01
6.722436300000000301e+03 1.001849796711105522e+00
6.722471260000000257e+03 9.935538515933908243e-01
6.722506220000000212e+03 1.010102266001999149e+00
6.722541180000000168e+03 1.000585330086344538e+00
6.722576140000000123e+03 9.994507360179666344e-01
6.722611100000000079e+03 1.000711301256488106e+00
6.722646060000000034e+03 1.002255414785297338e+00
6.722681029999999737e+03 9.981147146239796042e-01
6.722715989999999692e+03 1.004413174777611939e+00
6.722750949999999648e+03 1.005522254638185009e+00
6.722785909999999603e+03 9.988830883744461708e-01
6.722820869999999559e+03 1.006255822335088146e+00
6.722855840000000171e+03 1.020692950716441949e+00
6.722890800000000127e+03 1.005470138172232630e+00
6.722925760000000082e+03 9.980319296310943278e-01
6.722960720000000038e+03 1.021390787741693673e+00
6.722995689999999740e+03 1.015026715318132045e+00
6.723030649999999696e+03 1.013256464443573091e+00
6.723065609999999651e+03 1.003816379645832368e+00
6.723100580000000264e+03 9.957922384090356349e-01
6.723135540000000219e+03 1.006269229179922231e+00
6.723170500000000175e+03 9.997380168594051097e-01
6.723205469999999877e+03 1.001484599005312059e+00
6.723240429999999833e+03 1.009026584175970243e+00
6.723275400000000445e+03 1.007950245729397620e+00
6.723310360000000401e+03 1.005895940822688628e+00
6.723345320000000356e+03 9.998043214970372405e-01
6.723380290000000059e+03 1.015983572784504796e+00
6.723415250000000015e+03 1.009026568817113167e+00
6.723450219999999717e+03 1.000667474299907322e+00
6.723485190000000330e+03 9.826778349293470161e-01
6.723520150000000285e+03 9.970547149894041228e-01
6.723555119999999988e+03 1.007305725386359541e+00
6.723590079999999944e+03 9.975348101881387208e-01
6.723625049999999646e+03 9.909946293382794202e-01
6.723660009999999602e+03 9.885632186067235816e-01
6.723694980000000214e+03 1.004986659633123836e+00
6.723729949999999917e+03 1.005391053585881433e+00
6.723764919999999620e+03 1.001847238044196287e+00
6.723799879999999575e+03 1.005948000730426006e+00
6.723834850000000188e+03 1.003413128078505689e+00
6.723869819999999891e+03 9.929168477700397455e-01
6.723904779999999846e+03 9.916208625903422114e-01
6.723939749999999549e+03 9.823636033078967378e-01
6.723974720000000161e+03 9.961436817293863877e-01
6.724009689999999864e+03 1.003170446411734140e+00
6.724044659999999567e+03 1.000303075650694984e+00
6.724079630000000179e+03 1.005368353291195227e+00
6.724114590000000135e+03 9.993611095560006596e-01
6.724149559999999838e+03 9.967724144744677384e-01
6.724184530000000450e+03 9.933710654588403521e-01
6.724219500000000153e+03 1.005450917230762409e+00
6.724254469999999856e+03 1.013459192036885836e+00
6.724289439999999558e+03 1.014885632899889867e+00
6.724324410000000171e+03 1.005234147303181613e+00
6.724359379999999874e+03 9.984943160096573234e-01
6.724394349999999577e+03 9.999224196005790377e-01
6.724429320000000189e+03 9.890352482942803558e-01
6.724464289999999892e+03 9.911715613284375337e-01
6.724499259999999595e+03 1.005671271769643882e+00
6.724534230000000207e+03 1.007060233344473810e+00
6.724569199999999910e+03 9.924687799725193660e-01
6.724604169999999613e+03 9.915371071981673445e-01
6.724639149999999972e+03 1.003328252095814443e+00
6.724674119999999675e+03 1.011366300746090685e+00
6.724709090000000288e+03 9.901182604604735760e-01
6.724744059999999990e+03 9.999192961658106560e-01
6.724779029999999693e+03 9.951187775625205401e-01
6.724814010000000053e+03 1.008739412483815157e+00
6.724848979999999756e+03 1.008359516222744556e+00
6.724883950000000368e+03 9.905729431910917926e-01
6.724918920000000071e+03 9.985087647267364419e-01
6.724953900000000431e+03 9.989141774450991385e-01
6.724988870000000134e+03 9.948651370786101289e-01
6.725023839999999836e+03 1.006444493797358897e+00
6.725058820000000196e+03 1.008902298516563878e+00
6.725093789999999899e+03 9.998340533336539382e-01
6.725128770000000259e+03 9.960581278011387818e-01
6.725163739999999962e+03 1.004846646135244548e+00
6.725198709999999664e+03 1.001224987762546981e+00
6.725233690000000024e+03 9.947102682918411709e-01
6.725268659999999727e+03 9.908066463855224049e-01
6.725303640000000087e+03 9.929263949444087078e-01
6.725338609999999790e+03 1.002672677756257569e+00
6.725373590000000149e+03 9.923586087547119350e-01
6.725408559999999852e+03 1.005047004202557659e+00
6.725443540000000212e+03 1.005919712391920129e+00
6.725478519999999662e+03 9.980586554514259134e-01
6.725513490000000274e+03 9.992388358348994748e-01
6.725548469999999725e+03 1.005063873398130969e+00
6.725583440000000337e+03 1.003752155253975431e+00
6.725618419999999787e+03 9.938181084272514898e-01
6.725653400000000147e+03 1.004053657921610165e+00
6.725688369999999850e+03 9.934189726082958138e-01
6.725723350000000210e+03 9.968186149100032312e-01
6.725758329999999660e+03 9.994703252876013799e-01
6.725793310000000019e+03 9.870859882249523043e-01
6.725828279999999722e+03 9.865320536494252002e-01
6.725863260000000082e+03 9.939010264104561898e-01
6.725898240000000442e+03 9.993491195319814668e-01
6.725933219999999892e+03 9.946705749891864290e-01
6.725968200000000252e+03 9.981923029312631535e-01
6.726003169999999955e+03 1.012390746229279825e+00
6.726038150000000314e+03 1.004441935434573052e+00
6.726073129999999765e+03 1.004676083844015855e+00
6.726108110000000124e+03 1.022420401249102051e+00
6.726143089999999575e+03 1.005865290595922668e+00
6.726178069999999934e+03 9.904714174656774617e-01
6.726213050000000294e+03 9.983072289234186103e-01
6.726248029999999744e+03 9.938212007122457781e-01
6.726283010000000104e+03 1.001328356115613882e+00
6.726317989999999554e+03 9.970201364735549188e-01
6.726352969999999914e+03 1.001987431960534414e+00
6.726387950000000274e+03 1.004567376584007743e+00
6.726422929999999724e+03 1.002182871766614358e+00
6.726457910000000084e+03 1.017289235669023739e+00
6.726492890000000443e+03 9.960174483428269054e-01
6.726527869999999893e+03 9.971960906143213510e-01
6.726562850000000253e+03 9.971958354967697113e-01
6.726597840000000360e+03 1.005417477502239754e+00
6.726632819999999811e+03 9.988837197055342454e-01
6.726667800000000170e+03 9.974813851174860746e-01
6.726702779999999620e+03 1.012334989324075174e+00
6.726737759999999980e+03 1.005124132846155760e+00
6.726772750000000087e+03 1.003764769403893808e+00
6.726807730000000447e+03 9.997159939676955043e-01
6.726842709999999897e+03 9.895679243861622565e-01
6.726877700000000004e+03 1.004621066377920924e+00
6.726912680000000364e+03 9.961017725955650937e-01
6.726947659999999814e+03 9.974819569875333913e-01
6.726982649999999921e+03 9.957063807215382756e-01
6.727017630000000281e+03 1.006486467448674649e+00
6.727052609999999731e+03 1.009798165257787650e+00
6.727087599999999838e+03 9.929133519792948670e-01
6.727122580000000198e+03 1.002179661732955473e+00
6.727157570000000305e+03 9.920036942406029734e-01
6.727192549999999756e+03 1.009019958971322239e+00
6.727227539999999863e+03 1.005796365931390657e+00
6.727262520000000222e+03 1.004461561778288603e+00
6.727297510000000329e+03 9.901017961976072979e-01
6.727332489999999780e+03 9.962098650469651817e-01
6.727367479999999887e+03 1.006208631909255802e+00
6.727402460000000247e+03 1.013652939586859425e+00
6.727437450000000354e+03 1.001931883876391982e+00
6.727472439999999551e+03 1.009962144245906135e+00
6.727507419999999911e+03 1.009846474771947333e+00
6.727542410000000018e+03 1.020226872109980087e+00
6.727577400000000125e+03 1.008922702978474417e+00
6.727612379999999575e+03 9.947240029233268555e-01
6.727647369999999682e+03 1.010175234733932781e+00
6.727682359999999790e+03 9.915340696843731871e-01
6.727717340000000149e+03 9.998463711415783717e-01
6.727752330000000256e+03 1.001025480095067532e+00
6.727787320000000364e+03 9.975920971053449104e-01
6.727822309999999561e+03 9.941047467933491477e-01
6.727857299999999668e+03 9.929965925573313035e-01
6.727892280000000028e+03 9.992997709562341235e-01
6.727927270000000135e+03 9.978067228445141046e-01
6.727962260000000242e+03 1.010523780803755933e+00
6.727997250000000349e+03 9.999278512922100681e-01
6.728032239999999547e+03 9.901044111661886360e-01
6.728067229999999654e+03 9.996901671670924694e-01
6.728102219999999761e+03 9.918497611223052735e-01
6.728137209999999868e+03 1.000105956896092385e+00
6.728172199999999975e+03 9.943552278754226315e-01
6.728207190000000082e+03 9.922900343204356099e-01
6.728242180000000189e+03 9.993401668804693383e-01
6.728277170000000297e+03 9.999975588594312015e-01
6.728312160000000404e+03 1.006905462549565033e+00
6.728347149999999601e+03 1.000430431643067442e+00
6.728382139999999708e+03 1.009760215149702267e+00
6.728417129999999815e+03 1.005901399304119259e+00
6.728452119999999923e+03 1.002467255084396047e+00
6.728487110000000030e+03 9.998478313147256547e-01
6.728522109999999884e+03 1.007970928679580380e+00
6.728557099999999991e+03 1.004133038905472786e+00
6.728592090000000098e+03 1.006765478271718806e+00
6.728627080000000205e+03 9.968982236273118414e-01
6.728662070000000313e+03 1.008311716558533355e+00
6.728697070000000167e+03 9.970894852971896594e-01
6.728732060000000274e+03 9.965164315439446474e-01
6.728767050000000381e+03 9.981178233064893490e-01
6.728802050000000236e+03 9.986193838028296632e-01
6.728837040000000343e+03 9.968979981856685990e-01
6.728872030000000450e+03 1.003853023089831487e+00
6.728907030000000304e+03 1.002804417447921370e+00
6.728942020000000412e+03 1.004226019164819128e+00
6.728977009999999609e+03 1.005830367792826863e+00
6.729012010000000373e+03 9.963269500894862407e-01
6.729046999999999571e+03 9.839674106157848543e-01
6.729082000000000335e+03 9.875087813799088288e-01
6.729116990000000442e+03 9.969967946667280811e-01
6.729151990000000296e+03 1.003375039655630907e+00
6.729186980000000403e+03 1.010007147814858230e+00
6.729221980000000258e+03 1.011737958594123743e+00
6.729256970000000365e+03 1.007574007813459627e+00
6.729291970000000219e+03 1.000666171328849829e+00
6.729326960000000327e+03 9.909019967008751983e-01
6.729361960000000181e+03 9.922993159464519319e-01
6.729396960000000036e+03 1.003280000150249096e+00
6.729431950000000143e+03 1.009666477923020445e+00
6.729466949999999997e+03 1.001099916075371299e+00
6.729501949999999852e+03 9.988885756220370338e-01
6.729536939999999959e+03 9.981725170062750729e-01
6.729571939999999813e+03 9.920221468435913570e-01
6.729606939999999668e+03 1.012188666133039927e+00
6.729641929999999775e+03 1.009791818778463801e+00
6.729676929999999629e+03 9.946876742401123961e-01
6.729711930000000393e+03 9.822021252301352812e-01
6.729746930000000248e+03 9.822808195680324816e-01
6.729781930000000102e+03 9.953675276745134193e-01
6.729816920000000209e+03 1.000672330679369004e+00
6.729851920000000064e+03 9.870016477044437631e-01
6.729886919999999918e+03 9.758255790774069682e-01
6.729921919999999773e+03 9.755881227961973323e-01
6.729956919999999627e+03 9.986479262676148938e-01
6.729991920000000391e+03 9.886941350014859520e-01
6.730026920000000246e+03 9.751740662604541088e-01
6.730061920000000100e+03 9.945249002690552675e-01
6.730096919999999955e+03 1.001859614403778354e+00
6.730131919999999809e+03 9.955105806269283208e-01
6.730166919999999664e+03 1.007131313584104237e+00
6.730201920000000428e+03 1.001218739498198396e+00
6.730236920000000282e+03 9.945309700869008340e-01
6.730271920000000136e+03 1.010253840348825261e+00
6.730306919999999991e+03 1.002926330777788255e+00
6.730341919999999845e+03 1.005431980644843293e+00
6.730376919999999700e+03 9.991145466001066788e-01
6.730411919999999554e+03 1.002074397891084434e+00
6.730446930000000066e+03 1.011857484648282401e+00
6.730481929999999920e+03 1.003995079165215909e+00
6.730516929999999775e+03 9.905560964870505636e-01
6.730551929999999629e+03 1.009969890540023396e+00
6.730586930000000393e+03 1.003294453336496694e+00
6.730621939999999995e+03 1.000864093628365481e+00
6.730656939999999850e+03 1.000810235477483268e+00
6.730691939999999704e+03 1.005367927670832939e+00
6.730726939999999558e+03 1.003846523421612291e+00
6.730761950000000070e+03 1.005742217641413250e+00
6.730796949999999924e+03 9.947473994079210069e-01
6.730831960000000436e+03 1.020405388955949455e+00
6.730866960000000290e+03 1.005105078146434794e+00
6.730901960000000145e+03 9.958472324826386224e-01
6.730936969999999747e+03 1.000069687082525416e+00
6.730971969999999601e+03 1.005314357353472854e+00
6.731006980000000112e+03 9.961793140079888698e-01
6.731041979999999967e+03 1.010409572698052427e+00
6.731076989999999569e+03 1.002119037761444398e+00
6.731111990000000333e+03 1.005469286298170672e+00
6.731146999999999935e+03 1.000731111602974011e+00
6.731181999999999789e+03 1.009696592233983337e+00
6.731217010000000300e+03 9.998317352589347617e-01
6.731252010000000155e+03 1.006159158850391311e+00
6.731287019999999757e+03 9.982739929328332540e-01
6.731322030000000268e+03 9.915649540366029413e-01
6.731357030000000123e+03 1.015636958838171733e+00
6.731392039999999724e+03 1.014371159708763681e+00
6.731427039999999579e+03 1.008635895507775881e+00
6.731462050000000090e+03 1.011778908446208103e+00
6.731497059999999692e+03 9.973002963590333891e-01
6.731532070000000203e+03 9.966829220876296525e-01
6.731567070000000058e+03 9.963783006988360391e-01
6.731602079999999660e+03 1.012918661665452413e+00
6.731637090000000171e+03 1.014314830136397338e+00
6.731672099999999773e+03 1.007985418570000125e+00
6.731707110000000284e+03 1.004504507231359423e+00
6.731742110000000139e+03 1.000751340885965179e+00
6.731777119999999741e+03 1.002913729085888939e+00
6.731812130000000252e+03 9.904130437158019662e-01
6.731847139999999854e+03 1.002431903531536994e+00
6.731882150000000365e+03 1.014106834198113205e+00
6.731917159999999967e+03 1.009831067466747889e+00
6.731952169999999569e+03 1.009419624952191397e+00
6.731987180000000080e+03 1.011542646930144729e+00
6.732022189999999682e+03 1.010314626302102337e+00
6.732057200000000194e+03 1.003732778987216356e+00
6.732092209999999795e+03 1.009866034512851840e+00
6.732127220000000307e+03 1.013729537637257483e+00
6.732162229999999909e+03 1.005096338330041750e+00
6.732197240000000420e+03 1.007629320890682578e+00
6.732232250000000022e+03 1.007544403674371924e+00
6.732267259999999624e+03 1.001592614666487302e+00
6.732302270000000135e+03 1.001896675564332373e+00
6.732337279999999737e+03 1.007374940949750108e+00
6.732372299999999996e+03 1.006413549620955861e+00
6.732407309999999597e+03 1.007596007074724520e+00
6.732442320000000109e+03 1.002966203544685131e+00
6.732477329999999711e+03 9.958382990672535184e-01
6.732512340000000222e+03 1.006878614882926071e+00
6.732547359999999571e+03 1.004027100036250619e+00
6.732582370000000083e+03 9.968763356388254948e-01
6.732617379999999685e+03 9.962518518360156117e-01
6.732652399999999943e+03 1.008129312086862406e+00
6.732687410000000455e+03 1.002644495829378535e+00
6.732722420000000056e+03 1.009513487548142185e+00
6.732757440000000315e+03 1.016446980650118181e+00
6.732792449999999917e+03 9.951557051323752789e-01
6.732827460000000428e+03 1.002862757982850628e+00
6.732862479999999778e+03 1.009949354239150665e+00
6.732897490000000289e+03 1.001490081951038613e+00
6.732932509999999638e+03 1.011841134332368553e+00
6.732967520000000150e+03 9.925196585981308495e-01
6.733002540000000408e+03 1.003938890880486046e+00
6.733037550000000010e+03 9.968506189973713738e-01
6.733072570000000269e+03 9.981983345610866420e-01
6.733107579999999871e+03 1.006906880281018823e+00
6.733142600000000130e+03 1.016270051004645625e+00
6.733177609999999731e+03 1.001214065875451364e+00
6.733212629999999990e+03 9.909871734121640241e-01
6.733247650000000249e+03 1.008069931147385745e+00
6.733282659999999851e+03 1.001461407835145367e+00
6.733317680000000109e+03 1.010652159019378660e+00
6.733352700000000368e+03 9.983254867907436214e-01
6.733387709999999970e+03 1.005326404803178031e+00
6.733422730000000229e+03 1.004631841006825566e+00
6.733457749999999578e+03 9.874207360670917977e-01
6.733492760000000089e+03 9.853933156515746195e-01
6.733527780000000348e+03 9.921282916035448762e-01
6.733562799999999697e+03 9.967033293268769967e-01
6.733597819999999956e+03 1.003083518926146667e+00
6.733632840000000215e+03 9.997107508306078971e-01
6.733667849999999817e+03 1.004267459556290376e+00
6.733702870000000075e+03 1.000889024344660427e+00
6.733737890000000334e+03 9.947086584230065975e-01
6.733772909999999683e+03 9.950472634637439473e-01
6.733807929999999942e+03 9.865256728948601506e-01
6.733842950000000201e+03 9.812076851816593503e-01
6.733877969999999550e+03 9.890202263051188769e-01
6.733912989999999809e+03 9.986666587402543982e-01
6.733948010000000068e+03 1.004425594677289313e+00
6.733983030000000326e+03 1.012248457838714311e+00
6.734018049999999675e+03 1.000991571206688580e+00
6.734053069999999934e+03 9.948132562961625736e-01
6.734088090000000193e+03 9.983247542104545236e-01
6.734123110000000452e+03 9.928841291343767361e-01
6.734158129999999801e+03 9.811812902701413375e-01
6.734193150000000060e+03 9.920875334150295322e-01
6.734228170000000318e+03 9.917246895681189889e-01
6.734263189999999668e+03 1.004451903106224009e+00
6.734298219999999674e+03 1.015786789534727452e+00
6.734333239999999932e+03 9.959074684418434131e-01
6.734368260000000191e+03 1.001688085393452887e+00
6.734403280000000450e+03 9.866155137908009243e-01
6.734438299999999799e+03 9.943298056537703822e-01
6.734473329999999805e+03 1.004690569828595059e+00
6.734508350000000064e+03 1.011820202716524619e+00
6.734543370000000323e+03 9.993195238097608568e-01
6.734578400000000329e+03 1.003707885958977197e+00
6.734613419999999678e+03 9.960653795206089178e-01
6.734648439999999937e+03 9.942528367287034596e-01
6.734683469999999943e+03 1.007234583927976601e+00
6.734718490000000202e+03 1.000335411359277282e+00
6.734753509999999551e+03 9.960417281310028903e-01
6.734788539999999557e+03 1.000064083194981412e+00
6.734823559999999816e+03 9.896416820113606017e-01
6.734858589999999822e+03 9.943122747992975130e-01
6.734893610000000081e+03 9.965782785829305768e-01
6.734928640000000087e+03 1.002438725261296293e+00
6.734963660000000345e+03 9.924890974579326786e-01
6.734998690000000352e+03 9.836420003153547587e-01
6.735033709999999701e+03 1.008186462385504578e+00
6.735068739999999707e+03 1.008796111695063003e+00
6.735103759999999966e+03 1.006554126309883612e+00
6.735138789999999972e+03 9.992219541062389299e-01
6.735173819999999978e+03 9.996315966666009523e-01
6.735208840000000237e+03 1.003257854157205697e+00
6.735243870000000243e+03 1.001664435707058987e+00
6.735278900000000249e+03 1.003240418222475006e+00
6.735313919999999598e+03 1.002077177195851432e+00
6.735348949999999604e+03 9.925554528117063180e-01
6.735383979999999610e+03 9.939490480634064484e-01
6.735419009999999616e+03 9.982228308595836319e-01
6.735454029999999875e+03 1.004481268786116654e+00
6.735489059999999881e+03 9.948959957984103708e-01
6.735524089999999887e+03 9.836092875723140283e-01
6.735559119999999893e+03 9.921939408253998005e-01
6.735594149999999900e+03 1.001408207544272733e+00
6.735629170000000158e+03 9.906465697620413513e-01
6.735664200000000164e+03 9.898612112781192129e-01
6.735699230000000171e+03 9.934099236564634117e-01
6.735734260000000177e+03 9.898570278126690436e-01
6.735769290000000183e+03 9.967147342997494386e-01
6.735804320000000189e+03 9.970952045108250061e-01
6.735839350000000195e+03 9.953501658542304176e-01
6.735874380000000201e+03 1.011050360720344266e+00
6.735909410000000207e+03 1.001680775627366904e+00
6.735944440000000213e+03 1.004940011091920216e+00
6.735979470000000219e+03 1.008934949648786272e+00
6.736014500000000226e+03 1.005005889977389488e+00
6.736049530000000232e+03 9.940307046626372101e-01
6.736084560000000238e+03 9.981610701688774512e-01
6.736119590000000244e+03 1.002614947145893165e+00
6.736154629999999997e+03 1.002171274572325022e+00
6.736189660000000003e+03 9.887549806816010589e-01
6.736224690000000010e+03 1.000436549008217879e+00
6.736259720000000016e+03 1.001464467128284630e+00
6.736294750000000022e+03 9.984019800010321966e-01
6.736329780000000028e+03 9.879066620876304494e-01
6.736364819999999781e+03 9.904591655935472971e-01
6.736399849999999788e+03 9.969838226065942388e-01
6.736434879999999794e+03 1.005185226772177254e+00
6.736469919999999547e+03 9.907484882841547380e-01
6.736504949999999553e+03 9.862218617379088226e-01
6.736539979999999559e+03 9.990654768578361988e-01
6.736575020000000222e+03 9.927854969953806563e-01
6.736610050000000228e+03 9.816636101227662614e-01
6.736645080000000235e+03 9.905701233953277951e-01
6.736680119999999988e+03 1.005747788684248967e+00
6.736715149999999994e+03 9.956797024795938089e-01
6.736750189999999748e+03 9.827825240395756667e-01
6.736785219999999754e+03 9.929586787529967040e-01
6.736820249999999760e+03 9.951985195210281132e-01
6.736855290000000423e+03 1.001144194547247013e+00
6.736890320000000429e+03 1.000724893063285492e+00
6.736925360000000182e+03 9.947882553258503568e-01
6.736960399999999936e+03 9.871169213571230339e-01
6.736995429999999942e+03 9.870806810757244421e-01
6.737030469999999696e+03 9.909263729667222576e-01
6.737065499999999702e+03 9.887435212470212509e-01
6.737100540000000365e+03 9.987879303940433440e-01
6.737135580000000118e+03 9.895479384464429540e-01
6.737170610000000124e+03 1.005443380677718990e+00
6.737205649999999878e+03 9.982798355363360354e-01
6.737240689999999631e+03 1.006223827067304954e+00
6.737275719999999637e+03 9.974320599721955283e-01
6.737310760000000300e+03 9.994074644364961957e-01
6.737345800000000054e+03 9.995777055982106862e-01
6.737380839999999807e+03 9.931391488337283358e-01
6.737415869999999813e+03 9.800747480741757167e-01
6.737450909999999567e+03 9.864428025604747852e-01
6.737485950000000230e+03 1.007138394723879005e+00
6.737520989999999983e+03 9.995308531118050066e-01
6.737556029999999737e+03 9.934523841489861784e-01
6.737591070000000400e+03 9.887029745117140722e-01
6.737626110000000153e+03 1.000096575577950286e+00
6.737661140000000159e+03 1.001372857348990175e+00
6.737696179999999913e+03 9.995865895185152006e-01
6.737731219999999666e+03 9.820178479617909240e-01
6.737766260000000329e+03 9.923057052080561657e-01
6.737801300000000083e+03 9.963979245836462884e-01
6.737836339999999836e+03 1.001542107592104935e+00
6.737871379999999590e+03 9.932914454114105673e-01
6.737906420000000253e+03 9.867868987517968149e-01
6.737941460000000006e+03 1.001951691418832668e+00
6.737976499999999760e+03 1.006167011005189682e+00
6.738011550000000170e+03 1.007814044663880360e+00
6.738046589999999924e+03 9.941348948502918281e-01
6.738081629999999677e+03 9.977745063153512506e-01
6.738116670000000340e+03 1.005168973911829688e+00
6.738151710000000094e+03 1.004730261560503157e+00
6.738186749999999847e+03 9.979162502349530062e-01
6.738221800000000258e+03 9.955624477791693572e-01
6.738256840000000011e+03 9.954005044928301293e-01
6.738291879999999765e+03 9.910788233952516624e-01
6.738326920000000428e+03 1.001763096846380652e+00
6.738361969999999928e+03 1.004826785806321565e+00
6.738397009999999682e+03 1.007555549419447694e+00
6.738432050000000345e+03 9.980704144641140418e-01
6.738467090000000098e+03 1.011150678578169426e+00
6.738502139999999599e+03 9.950925149081635279e-01
6.738537180000000262e+03 1.000952732552881530e+00
6.738572229999999763e+03 9.958866219999963354e-01
6.738607270000000426e+03 9.913906751427514763e-01
6.738642310000000180e+03 9.875764440550905965e-01
6.738677359999999680e+03 9.973016271244725672e-01
6.738712400000000343e+03 1.006726868750815518e+00
6.738747449999999844e+03 1.006959692657281247e+00
6.738782489999999598e+03 9.923212787433237647e-01
6.738817540000000008e+03 9.906576208790311977e-01
6.738852579999999762e+03 1.004117291541759549e+00
6.738887630000000172e+03 9.991413082699509562e-01
6.738922669999999925e+03 9.970668336468253568e-01
6.738957720000000336e+03 9.928255628185056469e-01
6.738992769999999837e+03 1.003800196156967139e+00
6.739027809999999590e+03 1.007422240862941853e+00
6.739062860000000001e+03 1.006493260600828776e+00
6.739097910000000411e+03 1.008805801744815378e+00
6.739132950000000164e+03 9.965207913085643021e-01
6.739167999999999665e+03 9.864031544118684325e-01
6.739203050000000076e+03 1.007282395162444999e+00
6.739238089999999829e+03 1.003782361916313093e+00
6.739273140000000240e+03 9.985153218728590740e-01
6.739308189999999740e+03 1.006746528499615767e+00
6.739343240000000151e+03 9.951273912096179064e-01
6.739378289999999652e+03 9.958789436515967930e-01
6.739413330000000315e+03 1.000335039031132967e+00
6.739448379999999815e+03 9.958558966978438010e-01
6.739483430000000226e+03 1.009951372229273225e+00
6.739518479999999727e+03 1.004497944083067029e+00
6.739553530000000137e+03 9.985341624170054331e-01
6.739588579999999638e+03 9.971964053947391937e-01
6.739623630000000048e+03 1.003525001867354494e+00
6.739658679999999549e+03 9.999216448521610623e-01
6.739693729999999960e+03 9.985196975282034648e-01
6.739728780000000370e+03 1.007906201975650395e+00
6.739763829999999871e+03 9.954639224296187860e-01
6.739798880000000281e+03 1.004826810128881309e+00
6.739833929999999782e+03 9.976558928589779329e-01
6.739868980000000192e+03 1.005163907404774237e+00
6.739904029999999693e+03 1.007612682663863612e+00
6.739939080000000104e+03 1.013453623380208057e+00
6.739974129999999604e+03 1.005338715072516820e+00
6.740009180000000015e+03 9.973240299416256116e-01
6.740044230000000425e+03 1.015019339048443436e+00
6.740079289999999673e+03 9.942825372320824862e-01
6.740114340000000084e+03 9.960100804375040529e-01
6.740149389999999585e+03 1.005184203420911970e+00
6.740184439999999995e+03 1.008402105805769722e+00
6.740219490000000405e+03 1.009143769044668959e+00
6.740254549999999654e+03 1.017085138867778404e+00
6.740289600000000064e+03 9.956533216776963791e-01
6.740324649999999565e+03 9.918423948828926084e-01
6.740359709999999723e+03 1.020460352781214608e+00
6.740394760000000133e+03 1.005601364643403439e+00
6.740429809999999634e+03 9.981355993004168425e-01
6.740464869999999792e+03 9.998813530429155882e-01
6.740499920000000202e+03 1.006907299353125840e+00
6.740534969999999703e+03 1.009879168190277232e+00
6.740570029999999861e+03 9.898187448297315338e-01
6.740605080000000271e+03 9.891655595205874896e-01
6.740640140000000429e+03 9.926365563988744922e-01
6.740675189999999930e+03 9.905404523378187331e-01
6.740710250000000087e+03 9.978772819548435979e-01
6.740745299999999588e+03 1.008000299702401126e+00
6.740780359999999746e+03 9.973049024172829791e-01
6.740815410000000156e+03 9.914962390105331869e-01
6.740850470000000314e+03 9.924569016940245625e-01
6.740885529999999562e+03 9.862264350277918368e-01
6.740920579999999973e+03 9.904427097658737855e-01
6.740955640000000130e+03 9.914623059314517928e-01
6.740990689999999631e+03 9.981419378131709541e-01
6.741025749999999789e+03 1.009014995722196995e+00
6.741060809999999947e+03 9.936300165306544141e-01
6.741095870000000104e+03 1.001969321752217423e+00
6.741130919999999605e+03 1.009029903431385433e+00
6.741165979999999763e+03 1.012002627159509727e+00
6.741201039999999921e+03 9.993344506250443349e-01
6.741236090000000331e+03 9.993282939374090734e-01
6.741271149999999579e+03 1.006693782580100782e+00
6.741306209999999737e+03 9.931763749474460390e-01
6.741341269999999895e+03 9.838289869371726892e-01
6.741376330000000053e+03 1.000600668316751873e+00
6.741411390000000210e+03 1.005256880420852594e+00
6.741446450000000368e+03 9.912307076798489991e-01
6.741481499999999869e+03 9.932425710300072375e-01
6.741516560000000027e+03 9.866113984736023523e-01
6.741551620000000185e+03 9.783739340655769334e-01
6.741586680000000342e+03 9.926407764372829901e-01
6.741621739999999591e+03 9.946876673343451047e-01
6.741656799999999748e+03 9.930111279545623670e-01
6.741691859999999906e+03 9.896986441843366178e-01
6.741726920000000064e+03 1.000322630123697376e+00
6.741761980000000221e+03 9.889071569065913669e-01
6.741797040000000379e+03 9.825339813727325122e-01
6.741832099999999627e+03 9.980582622121993985e-01
6.741867170000000442e+03 9.965566578445339552e-01
6.741902229999999690e+03 1.005314384202449451e+00
6.741937289999999848e+03 9.835576518939647128e-01
6.741972350000000006e+03 9.798633730359811445e-01
6.742007410000000164e+03 9.974488769998250959e-01
6.742042470000000321e+03 9.930096374802760417e-01
6.742077540000000226e+03 1.001513643050560898e+00
6.742112600000000384e+03 9.999581818700673530e-01
6.742147659999999632e+03 9.988012038254984182e-01
6.742182719999999790e+03 1.007216141690750133e+00
6.742217789999999695e+03 9.973016002760211052e-01
6.742252849999999853e+03 9.928208031713102732e-01
6.742287910000000011e+03 1.006375158127105651e+00
6.742322979999999916e+03 9.937118271179650186e-01
6.742358040000000074e+03 9.896762912229207787e-01
6.742393100000000231e+03 9.998241482674296021e-01
6.742428170000000136e+03 1.001344318648022425e+00
6.742463230000000294e+03 1.006456836867513527e+00
6.742498300000000199e+03 1.001957677441173367e+00
6.742533360000000357e+03 9.898165731857505589e-01
6.742568419999999605e+03 9.874097433154341852e-01
6.742603490000000420e+03 9.902183692157449091e-01
6.742638549999999668e+03 9.940697842382827387e-01
6.742673619999999573e+03 9.938189249622209065e-01
6.742708679999999731e+03 9.869874052749214588e-01
6.742743749999999636e+03 9.927776335966788102e-01
6.742778820000000451e+03 1.025632377843664012e+00
6.742813879999999699e+03 1.013509072675254030e+00
6.742848949999999604e+03 9.864803104714622295e-01
6.742884009999999762e+03 9.740593176126721708e-01
6.742919079999999667e+03 9.972024678505546635e-01
6.742954149999999572e+03 9.993229833450845145e-01
6.742989209999999730e+03 9.932996974495409415e-01
6.743024279999999635e+03 9.945645089482463286e-01
6.743059350000000450e+03 9.891446830974158777e-01
6.743094420000000355e+03 9.917097088114456005e-01
6.743129479999999603e+03 9.857274997735441247e-01
6.743164550000000418e+03 9.861539866755927308e-01
6.743199620000000323e+03 9.985828839859383077e-01
6.743234690000000228e+03 9.930573134958846637e-01
6.743269760000000133e+03 9.872389729261944469e-01
6.743304820000000291e+03 9.985534817034451560e-01
6.743339890000000196e+03 1.003939749104070911e+00
6.743374960000000101e+03 9.941148353777992108e-01
6.743410030000000006e+03 9.847705223828040477e-01
6.743445099999999911e+03 9.879130721071938126e-01
6.743480169999999816e+03 9.988386673349052280e-01
6.743515239999999721e+03 9.906481575471820511e-01
6.743550309999999627e+03 9.923139967932839145e-01
6.743585380000000441e+03 9.845629588709988722e-01
6.743620450000000346e+03 9.979462629693247600e-01
6.743655520000000251e+03 1.002872910277343710e+00
6.743690590000000157e+03 1.001053434450981605e+00
6.743725660000000062e+03 9.997550177414376016e-01
6.743760729999999967e+03 9.899077665711768503e-01
6.743795799999999872e+03 9.886562223295773943e-01
6.743830869999999777e+03 9.910405063027407646e-01
6.743865950000000339e+03 9.883015236056408304e-01
6.743901020000000244e+03 1.002259934545484121e+00
6.743936090000000149e+03 1.001832955119613233e+00
6.743971160000000054e+03 1.002161026563796353e+00
6.744006229999999960e+03 9.813379633377212752e-01
6.744041309999999612e+03 9.833053595727595519e-01
6.744076380000000427e+03 9.890949899010774704e-01
6.744111450000000332e+03 9.941875236390045334e-01
6.744146520000000237e+03 9.806773855321252453e-01
6.744181599999999889e+03 9.791846003579360858e-01
6.744216669999999795e+03 9.873844318207792847e-01
6.744251739999999700e+03 1.002191511875185848e+00
6.744286820000000262e+03 9.850650747123770312e-01
6.744321890000000167e+03 9.875864914885783552e-01
6.744356960000000072e+03 9.858763239618876240e-01
6.744392039999999724e+03 9.968828549634912717e-01
6.744427109999999630e+03 9.970038270920887902e-01
6.744462190000000192e+03 9.985348918189734801e-01
6.744497260000000097e+03 1.000750331973352170e+00
6.744532339999999749e+03 1.003082474073850650e+00
6.744567409999999654e+03 1.000774258318133381e+00
6.744602490000000216e+03 9.986766425011052162e-01
6.744637560000000121e+03 9.888324400982895224e-01
6.744672639999999774e+03 9.890518641654498788e-01
6.744707709999999679e+03 9.872409879024880430e-01
6.744742790000000241e+03 9.937257689455352150e-01
6.744777869999999893e+03 9.974662475048509114e-01
6.744812939999999799e+03 9.975033178309954396e-01
6.744848020000000361e+03 1.003495209537084376e+00
6.744883100000000013e+03 1.007842807577393529e+00
6.744918169999999918e+03 1.003608990013928226e+00
6.744953249999999571e+03 1.000831703214080992e+00
6.744988330000000133e+03 9.852335882367020403e-01
6.745023400000000038e+03 1.001313058160568481e+00
6.745058479999999690e+03 9.878854456781269722e-01
6.745093560000000252e+03 9.946177410621347414e-01
6.745128639999999905e+03 9.946942377346058572e-01
6.745163719999999557e+03 1.006805553332306591e+00
6.745198790000000372e+03 9.915427434474605173e-01
6.745233870000000024e+03 9.868881863128409204e-01
6.745268949999999677e+03 9.868239076623117612e-01
6.745304030000000239e+03 1.000424090332342253e+00
6.745339109999999891e+03 1.001095687575576765e+00
6.745374190000000453e+03 1.002152939081051075e+00
6.745409270000000106e+03 9.938790022910259925e-01
6.745444349999999758e+03 9.888033822158276420e-01
6.745479430000000320e+03 9.937129660340691117e-01
6.745514509999999973e+03 9.839022671159567413e-01
6.745549589999999625e+03 1.007511373086935391e+00
6.745584670000000187e+03 1.014535220867907483e+00
6.745619749999999840e+03 9.933963928528627418e-01
6.745654830000000402e+03 1.006054409863030408e+00
6.745689910000000054e+03 1.004906070498317483e+00
6.745724989999999707e+03 1.002951099105341637e+00
6.745760070000000269e+03 9.971739411671337594e-01
6.745795149999999921e+03 9.917827541098221955e-01
6.745830240000000231e+03 9.966827780767774092e-01
6.745865319999999883e+03 1.002184151568704662e+00
6.745900400000000445e+03 1.007492091831132752e+00
6.745935480000000098e+03 1.006851113406667775e+00
6.745970559999999750e+03 1.000676757455529753e+00
6.746005650000000060e+03 9.996501108795812218e-01
6.746040729999999712e+03 1.003449255678738883e+00
6.746075810000000274e+03 9.894583199542066332e-01
6.746110899999999674e+03 9.893839562532571463e-01
6.746145980000000236e+03 9.864060754947000520e-01
6.746181059999999889e+03 1.006893704550649860e+00
6.746216150000000198e+03 9.949369190599929302e-01
6.746251229999999850e+03 1.005124406298336659e+00
6.746286310000000412e+03 1.009125455147724448e+00
6.746321399999999812e+03 9.869426304117373538e-01
6.746356480000000374e+03 9.945764385987269085e-01
6.746391569999999774e+03 9.938347163888999747e-01
6.746426650000000336e+03 9.995284256818500745e-01
6.746461739999999736e+03 9.886252591603847950e-01
6.746496820000000298e+03 9.948672627250806366e-01
6.746531909999999698e+03 1.000676461305754383e+00
6.746566990000000260e+03 1.006543396920818623e+00
6.746602079999999660e+03 9.965635617299120064e-01
6.746637160000000222e+03 1.000368866922721534e+00
6.746672249999999622e+03 9.953989191698987549e-01
6.746707339999999931e+03 1.001842316969121516e+00
6.746742419999999584e+03 1.008629419969678809e+00
6.746777509999999893e+03 1.000040037296771489e+00
6.746812600000000202e+03 9.975802969427898237e-01
6.746847679999999855e+03 1.006077343594550921e+00
6.746882770000000164e+03 9.829457479303840284e-01
6.746917859999999564e+03 9.982906518162999454e-01
6.746952940000000126e+03 9.954555307699918254e-01
6.746988030000000435e+03 9.990060882964265643e-01
6.747023119999999835e+03 9.893160000127039222e-01
6.747058210000000145e+03 9.873012721864610208e-01
6.747093300000000454e+03 1.004713380515129595e+00
6.747128380000000107e+03 9.860350169951709320e-01
6.747163470000000416e+03 9.906634983690613128e-01
6.747198559999999816e+03 9.961444566403131473e-01
6.747233650000000125e+03 1.006031052958351824e+00
6.747268740000000435e+03 1.007609839008686059e+00
6.747303829999999834e+03 1.010350462666226967e+00
6.747338920000000144e+03 1.008372152184064952e+00
6.747374010000000453e+03 1.005969021579382172e+00
6.747409099999999853e+03 9.964557099736296442e-01
6.747444190000000162e+03 9.836304000403585102e-01
6.747479279999999562e+03 9.924776380213216065e-01
6.747514369999999872e+03 1.002631991252555421e+00
6.747549460000000181e+03 1.001470596038836147e+00
6.747584549999999581e+03 9.866260819097448787e-01
6.747619639999999890e+03 9.943270075075699710e-01
6.747654730000000200e+03 9.913255203280479932e-01
6.747689819999999600e+03 9.931719512601198119e-01
6.747724919999999656e+03 1.003482137575217648e+00
6.747760009999999966e+03 9.998943533761300850e-01
6.747795100000000275e+03 9.879324977309659195e-01
6.747830189999999675e+03 9.929435626170617368e-01
6.747865279999999984e+03 9.928873152246109335e-01
6.747900380000000041e+03 9.937884322383977453e-01
6.747935470000000350e+03 9.871206310940657813e-01
6.747970559999999750e+03 9.880994569016547935e-01
6.748005650000000060e+03 9.953774819527911877e-01
6.748040750000000116e+03 9.915643634296313902e-01
6.748075840000000426e+03 9.877114254010754824e-01
6.748110929999999826e+03 9.976103691735990209e-01
6.748146029999999882e+03 9.968325082487943245e-01
6.748181120000000192e+03 1.006499806411215836e+00
6.748216220000000249e+03 1.011228654403358851e+00
6.748251309999999648e+03 1.004173057374839528e+00
6.748286399999999958e+03 9.899283326078817113e-01
6.748321500000000015e+03 9.989285524604977207e-01
6.748356590000000324e+03 9.877530916324921417e-01
6.748391690000000381e+03 9.842759937748137844e-01
6.748426779999999781e+03 9.894418929874795321e-01
6.748461879999999837e+03 9.829634779654352617e-01
6.748496970000000147e+03 9.890875523561899474e-01
6.748532070000000203e+03 9.967403859168781910e-01
6.748567170000000260e+03 9.911452464418860631e-01
6.748602259999999660e+03 9.950037197604781891e-01
6.748637359999999717e+03 9.977201868526057726e-01
6.748672450000000026e+03 1.004892859775549097e+00
6.748707550000000083e+03 9.985840761381774566e-01
6.748742650000000140e+03 1.003367768663697257e+00
6.748777740000000449e+03 1.012555337812899081e+00
6.748812839999999596e+03 9.946384007893377399e-01
6.748847939999999653e+03 1.003192266854577186e+00
6.748883039999999710e+03 9.966312253182980641e-01
6.748918130000000019e+03 9.912081644035937167e-01
6.748953230000000076e+03 9.970415482580380351e-01
6.748988330000000133e+03 9.886866856607490206e-01
6.749023430000000189e+03 9.896055648602198884e-01
6.749058530000000246e+03 1.007561281903950334e+00
6.749093630000000303e+03 9.979200304900903706e-01
6.749128719999999703e+03 1.001332308740519705e+00
6.749163819999999760e+03 9.993272307502099050e-01
6.749198919999999816e+03 9.948149677625478526e-01
6.749234019999999873e+03 9.857363947724294695e-01
6.749269119999999930e+03 9.902839737381963214e-01
6.749304219999999987e+03 9.985541365475615327e-01
6.749339320000000043e+03 9.893319786177791064e-01
6.749374420000000100e+03 9.948802020454499129e-01
6.749409520000000157e+03 9.848484979762394120e-01
6.749444620000000214e+03 9.974048740951074743e-01
6.749479720000000270e+03 1.011567127955033119e+00
6.749514820000000327e+03 9.893682924286473224e-01
6.749549920000000384e+03 9.870983494443933415e-01
6.749585030000000188e+03 9.874021066354620180e-01
6.749620130000000245e+03 9.951223656520005179e-01
6.749655230000000302e+03 9.974586709791956052e-01
6.749690330000000358e+03 9.871928459736876160e-01
6.749725430000000415e+03 1.014189656832127806e+00
6.749760529999999562e+03 9.988314180158711642e-01
6.749795640000000276e+03 1.015900486627917099e+00
6.749830740000000333e+03 1.004569676934395694e+00
6.749865840000000389e+03 9.983161563831661756e-01
6.749900940000000446e+03 9.950103084547400334e-01
6.749936050000000250e+03 1.008134340971079457e+00
6.749971150000000307e+03 1.016643636545373264e+00
6.750006250000000364e+03 1.005204452380469293e+00
6.750041360000000168e+03 9.916639338511387125e-01
6.750076460000000225e+03 9.808433445528952355e-01
6.750111560000000281e+03 9.946746251331273214e-01
6.750146670000000086e+03 9.944506612952395130e-01
6.750181770000000142e+03 1.012740078775371977e+00
6.750216879999999946e+03 9.975492991267812526e-01
6.750251980000000003e+03 1.006097793578881960e+00
6.750287089999999807e+03 1.007337762309908014e+00
6.750322189999999864e+03 1.018137517407004200e+00
6.750357299999999668e+03 9.857388560825058876e-01
6.750392399999999725e+03 9.982632072623884856e-01
6.750427510000000439e+03 1.003507215224106908e+00
6.750462609999999586e+03 1.008781895551912777e+00
6.750497720000000299e+03 1.011680926138603054e+00
6.750532830000000104e+03 1.012776335214636170e+00
6.750567930000000160e+03 1.011442786323297982e+00
6.750603039999999964e+03 9.921410037171439766e-01
6.750638140000000021e+03 9.994541924011296485e-01
6.750673249999999825e+03 1.014393474843228837e+00
6.750708359999999630e+03 1.009563704458967370e+00
6.750743470000000343e+03 1.010495563468286839e+00
6.750778570000000400e+03 1.007589321544623662e+00
6.750813680000000204e+03 1.007938670320365215e+00
6.750848790000000008e+03 1.001346125291352473e+00
6.750883899999999812e+03 9.932749982208792794e-01
6.750918999999999869e+03 9.970981604739317383e-01
6.750954109999999673e+03 1.004318900675060799e+00
6.750989220000000387e+03 1.003737517054434480e+00
6.751024330000000191e+03 1.002858837143445037e+00
6.751059439999999995e+03 1.000981216348728386e+00
6.751094549999999799e+03 1.002372694523485208e+00
6.751129659999999603e+03 1.004735959324850159e+00
6.751164770000000317e+03 1.009305100649441789e+00
6.751199880000000121e+03 1.010723672644223248e+00
6.751234989999999925e+03 9.989840144352217788e-01
6.751270099999999729e+03 1.006405030180360427e+00
6.751305210000000443e+03 9.911203704868560838e-01
6.751340320000000247e+03 1.000363104992128660e+00
6.751375430000000051e+03 9.965501173675666013e-01
6.751410539999999855e+03 9.981319486616643255e-01
6.751445649999999659e+03 9.989250313648353474e-01
6.751480760000000373e+03 1.001047526507601315e+00
6.751515870000000177e+03 1.002328507285412895e+00
6.751550979999999981e+03 9.952920709867141280e-01
6.751586089999999786e+03 9.921217988867762072e-01
6.751621199999999590e+03 1.003952245586112069e+00
6.751656320000000051e+03 9.976117506737178786e-01
6.751691429999999855e+03 1.001437898279106564e+00
6.751726539999999659e+03 9.820832304010622682e-01
6.751761650000000373e+03 1.010082188749770182e+00
6.751796769999999924e+03 1.004881265883360131e+00
6.751831879999999728e+03 1.009803187686740600e+00
6.751866990000000442e+03 1.000656696168768400e+00
6.751902109999999993e+03 9.998709997688250972e-01
6.751937219999999797e+03 1.005128186573198024e+00
6.751972329999999602e+03 9.972281364110704427e-01
6.752007450000000063e+03 1.002347703446837990e+00
6.752042559999999867e+03 1.012088336717876125e+00
6.752077669999999671e+03 1.005728909675301486e+00
6.752112790000000132e+03 1.007903552824044313e+00
6.752147899999999936e+03 1.011641120537791094e+00
6.752183020000000397e+03 1.016461386113397980e+00
6.752218130000000201e+03 1.009355711762250474e+00
6.752253249999999753e+03 1.017495573313838442e+00
6.752288359999999557e+03 9.917851673553841341e-01
6.752323480000000018e+03 9.826387092160285830e-01
6.752358589999999822e+03 9.952920936902798221e-01
6.752393710000000283e+03 1.002974658814180797e+00
6.752428829999999834e+03 1.002643749613087332e+00
6.752463939999999639e+03 1.009684883135501865e+00
6.752499060000000100e+03 1.011355501690426317e+00
6.752534169999999904e+03 1.004577516804808557e+00
6.752569290000000365e+03 9.914311815771496006e-01
6.752604409999999916e+03 1.001215530902058948e+00
6.752639530000000377e+03 1.012505399637210646e+00
6.752674640000000181e+03 1.008182114894027315e+00
6.752709759999999733e+03 1.000749669709647627e+00
6.752744880000000194e+03 9.900554287359549788e-01
6.752779999999999745e+03 1.008093535067687174e+00
6.752815109999999549e+03 1.015448103085816012e+00
6.752850230000000010e+03 1.010875476499919712e+00
6.752885349999999562e+03 1.008599400402599766e+00
6.752920470000000023e+03 9.956560478124328872e-01
6.752955589999999575e+03 1.002329806937302781e+00
6.752990710000000036e+03 1.005806410745107460e+00
6.753025819999999840e+03 1.003922068340940665e+00
6.753060940000000301e+03 9.967763230032684607e-01
6.753096059999999852e+03 1.008193165978875649e+00
6.753131180000000313e+03 1.002515759671163131e+00
6.753166299999999865e+03 1.002835194538478580e+00
6.753201420000000326e+03 9.965210731973036529e-01
6.753236539999999877e+03 1.009168514349215062e+00
6.753271660000000338e+03 1.001437857442252444e+00
6.753306779999999890e+03 9.994050511404422021e-01
6.753341900000000351e+03 1.005802495777141647e+00
6.753377029999999650e+03 1.003596254304374380e+00
6.753412150000000111e+03 9.977470928642332426e-01
6.753447269999999662e+03 9.894454253404291189e-01
6.753482390000000123e+03 1.005012228058209223e+00
6.753517509999999675e+03 1.016208740512143383e+00
6.753552630000000136e+03 1.016479992475852745e+00
6.753587749999999687e+03 9.917080734558221256e-01
6.753622879999999896e+03 1.002353895299580078e+00
6.753658000000000357e+03 1.006143874208318412e+00
6.753693119999999908e+03 9.941787342779391246e-01
6.753728240000000369e+03 1.008037338522522530e+00
6.753763369999999668e+03 1.011728009464271993e+00
6.753798490000000129e+03 1.020012833608251457e+00
6.753833609999999680e+03 1.018587761065283592e+00
6.753868739999999889e+03 1.015695555895240965e+00
6.753903860000000350e+03 1.020299027627245447e+00
6.753938979999999901e+03 1.013904172552769545e+00
6.753974110000000110e+03 1.009829141302587274e+00
6.754009229999999661e+03 9.934912272911944342e-01
6.754044359999999870e+03 1.005976797324044991e+00
6.754079480000000331e+03 1.002612449356613533e+00
6.754114609999999630e+03 1.018937654229061129e+00
6.754149730000000091e+03 1.015018772832091187e+00
6.754184860000000299e+03 1.014966039405678977e+00
6.754219979999999850e+03 1.008723875844665274e+00
6.754255110000000059e+03 1.009564505881010543e+00
6.754290229999999610e+03 1.000900051806981939e+00
6.754325359999999819e+03 9.955566769413609629e-01
6.754360480000000280e+03 1.009521422711807892e+00
6.754395609999999579e+03 1.025814403036833911e+00
6.754430739999999787e+03 1.012422784361080907e+00
6.754465860000000248e+03 1.002311169878876251e+00
6.754500989999999547e+03 1.009348363368711254e+00
6.754536119999999755e+03 1.004997689397863603e+00
6.754571240000000216e+03 1.004341187997066953e+00
6.754606370000000425e+03 1.000315938642991842e+00
6.754641499999999724e+03 1.008152711452872108e+00
6.754676629999999932e+03 1.023270391191883677e+00
6.754711750000000393e+03 1.002665092096035160e+00
6.754746879999999692e+03 9.938221647293556948e-01
6.754782009999999900e+03 1.006994900351543043e+00
6.754817140000000109e+03 9.938415510937463893e-01
6.754852270000000317e+03 9.817011053475301896e-01
6.754887399999999616e+03 9.787843013988952734e-01
6.754922520000000077e+03 1.008309390095174951e+00
6.754957650000000285e+03 1.010595318097781359e+00
6.754992779999999584e+03 1.015787073535369123e+00
6.755027909999999792e+03 1.007239414619277795e+00
6.755063040000000001e+03 9.964802840484470181e-01
6.755098170000000209e+03 1.021203780715390863e+00
6.755133300000000418e+03 1.004721750353432475e+00
6.755168429999999717e+03 9.988440542648808762e-01
6.755203559999999925e+03 1.004018031813530332e+00
6.755238690000000133e+03 1.002283798775182921e+00
6.755273820000000342e+03 1.001951401742013248e+00
6.755308949999999641e+03 1.003786258566632839e+00
6.755344089999999596e+03 1.000533498514612152e+00
6.755379219999999805e+03 1.010939113365230790e+00
6.755414350000000013e+03 1.022306076775958195e+00
6.755449480000000221e+03 1.021598988926765150e+00
6.755484610000000430e+03 1.003411002762908177e+00
6.755519739999999729e+03 9.996587784914301444e-01
6.755554879999999685e+03 9.972171112339668353e-01
6.755590009999999893e+03 1.006845311234909612e+00
6.755625140000000101e+03 1.022605669197845124e+00
6.755660270000000310e+03 1.008853925402704244e+00
6.755695410000000265e+03 9.927818610582808123e-01
6.755730539999999564e+03 1.003807392926945763e+00
6.755765669999999773e+03 9.879106374920578748e-01
6.755800809999999728e+03 1.002037067947675553e+00
6.755835939999999937e+03 1.007411847865998133e+00
6.755871070000000145e+03 1.006815711695484783e+00
6.755906210000000101e+03 9.880402856684542545e-01
6.755941340000000309e+03 1.003689981007585663e+00
6.755976480000000265e+03 1.002613745167350245e+00
6.756011609999999564e+03 9.972794161186783191e-01
6.756046750000000429e+03 9.894791849443179688e-01
6.756081879999999728e+03 1.007625591511109198e+00
6.756117019999999684e+03 1.021680999834845505e+00
6.756152149999999892e+03 1.002019866661880476e+00
6.756187289999999848e+03 1.011695710456094410e+00
6.756222420000000056e+03 1.001162551507140286e+00
6.756257560000000012e+03 9.986626492776570219e-01
6.756292699999999968e+03 9.987593528775212670e-01
6.756327830000000176e+03 9.979068658180224594e-01
6.756362970000000132e+03 1.004093267731194672e+00
6.756398100000000341e+03 1.011463625361261887e+00
6.756433240000000296e+03 1.007355346373716820e+00
6.756468380000000252e+03 1.014808622563117879e+00
6.756503520000000208e+03 1.005480390217569742e+00
6.756538650000000416e+03 9.961721264618625948e-01
6.756573790000000372e+03 1.000300516696026598e+00
6.756608930000000328e+03 1.011370743659749438e+00
6.756644070000000283e+03 9.808318337856323232e-01
6.756679199999999582e+03 1.009578500902335918e+00
6.756714340000000448e+03 1.011280328558744168e+00
6.756749480000000403e+03 9.990285324923915411e-01
6.756784620000000359e+03 9.974064844743557590e-01
6.756819760000000315e+03 1.012902556732910408e+00
6.756854900000000271e+03 1.004850936973954001e+00
6.756890040000000226e+03 1.007141435074741409e+00
6.756925180000000182e+03 9.912470864737932263e-01
6.756960310000000391e+03 9.918047724120977460e-01
6.756995450000000346e+03 1.005876516364275775e+00
6.757030590000000302e+03 1.011642834197726382e+00
6.757065730000000258e+03 9.826290455165366255e-01
6.757100870000000214e+03 9.805014109995642269e-01
6.757136019999999917e+03 9.959213507690716227e-01
6.757171159999999873e+03 9.995957765655568705e-01
6.757206299999999828e+03 1.006101149533777717e+00
6.757241439999999784e+03 1.000676372511518641e+00
6.757276579999999740e+03 9.992766652160710583e-01
6.757311719999999696e+03 9.883529210733502657e-01
6.757346859999999651e+03 1.007159174565334325e+00
6.757381999999999607e+03 1.020032823452180493e+00
6.757417150000000220e+03 1.002866490600679894e+00
6.757452290000000175e+03 9.948773598717605138e-01
6.757487430000000131e+03 9.883453213926698400e-01
6.757522570000000087e+03 9.978524949416276435e-01
6.757557710000000043e+03 9.952874143174426091e-01
6.757592859999999746e+03 9.883056058652305298e-01
6.757627999999999702e+03 9.974956238384437013e-01
6.757663139999999657e+03 9.824666085039905905e-01
6.757698290000000270e+03 9.904539615203168390e-01
6.757733430000000226e+03 9.905671818640120474e-01
6.757768570000000182e+03 1.012781378516472097e+00
6.757803719999999885e+03 1.005312937765204584e+00
6.757838859999999841e+03 9.888772423238030296e-01
6.757874010000000453e+03 9.953625520251911940e-01
6.757909150000000409e+03 1.000946830486539874e+00
6.757944300000000112e+03 1.010867998975024884e+00
6.757979440000000068e+03 1.002318194162600484e+00
6.758014589999999771e+03 1.018003161874489360e+00
6.758049729999999727e+03 1.000848717194211090e+00
6.758084880000000339e+03 9.976512772058859779e-01
6.758120020000000295e+03 9.822573086788759511e-01
6.758155169999999998e+03 9.808025763097846239e-01
6.758190309999999954e+03 9.861346500093336465e-01
6.758225459999999657e+03 9.822381962694975988e-01
6.758260610000000270e+03 9.912564386270498185e-01
6.758295750000000226e+03 9.909007163762755255e-01
6.758330899999999929e+03 9.899701104218789904e-01
6.758366049999999632e+03 9.819409621088551754e-01
6.758401189999999588e+03 9.918429290683250521e-01
6.758436340000000200e+03 9.970265704873600976e-01
6.758471489999999903e+03 9.979574101974729716e-01
6.758506629999999859e+03 9.934481784105618773e-01
6.758541779999999562e+03 1.004263287089186996e+00
6.758576930000000175e+03 1.008235865806458076e+00
6.758612079999999878e+03 1.006488954450336371e+00
6.758647229999999581e+03 1.000168873805094449e+00
6.758682370000000446e+03 9.964164729087405803e-01
6.758717520000000150e+03 9.916816451148894318e-01
6.758752669999999853e+03 9.939553130685099269e-01
6.758787819999999556e+03 9.964456515074796572e-01
6.758822970000000169e+03 9.941937889525023220e-01
6.758858119999999872e+03 9.851855978729670005e-01
6.758893269999999575e+03 1.010117786379363780e+00
6.758928420000000187e+03 9.984869451225586445e-01
6.758963569999999891e+03 1.014255296770806503e+00
6.758998719999999594e+03 1.052802983052448571e+00
6.759033870000000206e+03 1.049698260236741731e+00
6.759069019999999909e+03 1.021825323222668169e+00
6.759104169999999613e+03 1.050186886292609145e+00
6.759139320000000225e+03 1.055917123829086757e+00
6.759174469999999928e+03 1.059949082025589684e+00
6.759209619999999632e+03 9.882333785343776489e-01
6.759244779999999992e+03 9.921204636198396321e-01
6.759279929999999695e+03 1.017033495155004408e+00
6.759315080000000307e+03 9.832117602012679924e-01
6.759350230000000010e+03 1.009008006023662585e+00
6.759385379999999714e+03 1.004178591303377610e+00
6.759420540000000074e+03 1.010676217813268885e+00
6.759455689999999777e+03 1.006803986295669251e+00
6.759490840000000389e+03 1.007217623911873527e+00
6.759525990000000093e+03 9.944047168403085113e-01
6.759561150000000453e+03 9.645780023878850473e-01
6.759596300000000156e+03 9.879133925970838837e-01
6.759631449999999859e+03 1.008168936197023191e+00
6.759666610000000219e+03 9.981889153186979113e-01
6.759701759999999922e+03 1.007890499493524050e+00
6.759736909999999625e+03 9.964466374484201028e-01
6.759772069999999985e+03 9.925163469608974109e-01
6.759807219999999688e+03 1.008194586796682612e+00
6.759842380000000048e+03 9.995969698087476818e-01
6.759877529999999751e+03 1.002213531680214764e+00
6.759912690000000111e+03 1.007923602289113374e+00
6.759947839999999815e+03 1.002452509572492545e+00
6.759983000000000175e+03 1.007008370588674095e+00
6.760018149999999878e+03 1.014611545438640849e+00
6.760053310000000238e+03 1.003964268417391947e+00
6.760088459999999941e+03 9.933158158278471150e-01
6.760123620000000301e+03 1.005987833330737713e+00
6.760158779999999751e+03 1.006381291535033862e+00
6.760193930000000364e+03 9.972632371206049395e-01
6.760229089999999815e+03 9.906152520593667354e-01
6.760264250000000175e+03 1.001765779962700886e+00
6.760299399999999878e+03 1.005322118586851721e+00
6.760334560000000238e+03 1.000659937539951416e+00
6.760369719999999688e+03 9.932400295569199233e-01
6.760404870000000301e+03 9.908728867661467099e-01
6.760440029999999751e+03 9.884643580437650900e-01
6.760475190000000111e+03 9.894245351916212128e-01
6.760510349999999562e+03 1.002771765262626680e+00
6.760545509999999922e+03 1.004903209275442633e+00
6.760580659999999625e+03 9.897900402757556781e-01
6.760615819999999985e+03 9.925441307148095138e-01
6.760650980000000345e+03 1.000049357982065290e+00
6.760686139999999796e+03 9.919530291289218038e-01
6.760721300000000156e+03 9.976794627413861916e-01
6.760756459999999606e+03 1.002455356203221459e+00
6.760791619999999966e+03 9.966951765123186480e-01
6.760826780000000326e+03 1.004589780907938490e+00
6.760861939999999777e+03 1.006484353536200915e+00
6.760897100000000137e+03 1.000267671309672313e+00
6.760932259999999587e+03 9.990824902390373907e-01
6.760967419999999947e+03 1.008830337129049681e+00
6.761002580000000307e+03 9.974745030486966701e-01
6.761037739999999758e+03 1.001267878531086453e+00
6.761072900000000118e+03 9.989086312867285766e-01
6.761108059999999568e+03 1.003004515116509454e+00
6.761143219999999928e+03 9.932553926510065967e-01
6.761178380000000288e+03 9.962715026336927959e-01
6.761213550000000396e+03 9.897402554905830874e-01
6.761248709999999846e+03 1.000512219810763659e+00
6.761283870000000206e+03 1.003381438583551555e+00
6.761319029999999657e+03 9.936058220601751145e-01
6.761354190000000017e+03 9.896968349994446079e-01
6.761389360000000124e+03 9.930837392820507370e-01
6.761424519999999575e+03 1.000722252341679885e+00
6.761459679999999935e+03 1.009941194714081281e+00
6.761494840000000295e+03 1.006946122958145784e+00
6.761530010000000402e+03 9.893275460949766398e-01
6.761565169999999853e+03 9.992744567707809722e-01
6.761600339999999960e+03 1.005814700212752655e+00
6.761635500000000320e+03 9.986877353279877134e-01
6.761670659999999771e+03 1.004533065466429953e+00
6.761705829999999878e+03 1.015353814182219594e+00
6.761740990000000238e+03 9.965470767325612655e-01
6.761776160000000345e+03 1.012051233231071823e+00
6.761811319999999796e+03 1.002652419847992693e+00
6.761846489999999903e+03 1.000678962459101262e+00
6.761881650000000263e+03 9.997842053167775855e-01
6.761916820000000371e+03 1.005294240026631813e+00
6.761951979999999821e+03 1.006358683405827792e+00
6.761987149999999929e+03 9.875765307355595102e-01
6.762022310000000289e+03 1.000190689431103230e+00
6.762057480000000396e+03 1.009730185011154413e+00
6.762092649999999594e+03 9.918971717218582063e-01
6.762127809999999954e+03 1.001552492500903613e+00
6.762162980000000061e+03 1.006487871164855719e+00
6.762198150000000169e+03 9.986991100091832108e-01
6.762233309999999619e+03 1.016345725551178747e+00
6.762268479999999727e+03 1.013789063339811447e+00
6.762303649999999834e+03 1.013962213014002245e+00
6.762338810000000194e+03 1.013265630949163443e+00
6.762373980000000302e+03 1.009266528201375968e+00
6.762409150000000409e+03 9.977643805411163802e-01
6.762444319999999607e+03 9.965996368434468788e-01
6.762479489999999714e+03 9.950202125155498400e-01
6.762514650000000074e+03 9.872387252822124593e-01
6.762549820000000182e+03 9.985224731746868976e-01
6.762584990000000289e+03 1.002968253268717413e+00
6.762620160000000396e+03 9.995667626327877642e-01
6.762655329999999594e+03 9.949980039323174097e-01
6.762690499999999702e+03 1.003922948070481436e+00
6.762725669999999809e+03 9.978597605419800010e-01
6.762760839999999916e+03 1.002740769174525592e+00
6.762796010000000024e+03 1.001419739318320845e+00
6.762831180000000131e+03 9.942234236531672931e-01
6.762866350000000239e+03 1.006290478180221326e+00
6.762901520000000346e+03 9.979906574597522395e-01
6.762936690000000453e+03 9.850058038980610275e-01
6.762971859999999651e+03 9.898198367919051055e-01
6.763007029999999759e+03 9.948025471961522426e-01
6.763042199999999866e+03 9.953160285595781254e-01
6.763077369999999974e+03 1.003617163632239961e+00
6.763112549999999828e+03 1.016893922548814722e+00
6.763147719999999936e+03 1.007727727023126407e+00
6.763182890000000043e+03 1.002259750266980998e+00
6.763218060000000150e+03 1.003400894062962401e+00
6.763253230000000258e+03 9.997346913734138640e-01
6.763288410000000113e+03 1.006597597558881896e+00
6.763323580000000220e+03 1.008513136123740939e+00
6.763358750000000327e+03 9.940071258302066726e-01
6.763393920000000435e+03 1.004986853308093897e+00
6.763429100000000290e+03 9.909352529787341934e-01
6.763464270000000397e+03 1.017436055095608305e+00
6.763499439999999595e+03 1.005372814348003851e+00
6.763534620000000359e+03 9.934668892656450812e-01
6.763569789999999557e+03 1.003306253901942835e+00
6.763604970000000321e+03 9.960777465416847942e-01
6.763640140000000429e+03 9.913279388024109906e-01
6.763675309999999627e+03 1.010678805602078789e+00
6.763710490000000391e+03 1.005583871910854299e+00
6.763745659999999589e+03 1.013174527183839047e+00
6.763780840000000353e+03 1.012295681137309833e+00
6.763816009999999551e+03 1.016904702478429456e+00
6.763851190000000315e+03 1.007130604659350670e+00
6.763886360000000423e+03 1.011954419954980589e+00
6.763921540000000277e+03 1.008443500746667221e+00
6.763956720000000132e+03 1.015692310177469526e+00
6.763991890000000240e+03 1.026591172566958532e+00
6.764027070000000094e+03 1.005659192736104712e+00
6.764062249999999949e+03 1.006596630346884735e+00
6.764097420000000056e+03 9.918819658868073263e-01
6.764132599999999911e+03 1.001234225061193417e+00
6.764167779999999766e+03 1.000398636189680168e+00
6.764202949999999873e+03 1.007172752824319284e+00
6.764238129999999728e+03 9.921730444118460612e-01
6.764273309999999583e+03 1.015046280322365879e+00
6.764308490000000347e+03 9.986532009558611866e-01
6.764343660000000455e+03 1.013064726077015365e+00
6.764378840000000309e+03 1.012910542841549688e+00
6.764414020000000164e+03 9.959700803036627414e-01
6.764449200000000019e+03 9.925801326997567564e-01
6.764484379999999874e+03 9.962274151520704724e-01
6.764519559999999728e+03 1.009599226104923808e+00
6.764554729999999836e+03 1.006377963667117292e+00
6.764589909999999691e+03 1.008415349437504771e+00
6.764625089999999545e+03 9.939890528114900814e-01
6.764660270000000310e+03 9.953384862077422346e-01
6.764695450000000164e+03 9.928751941087320398e-01
6.764730630000000019e+03 1.010442005911602603e+00
6.764765809999999874e+03 1.006077913569883187e+00
6.764800989999999729e+03 1.003631716262542772e+00
6.764836169999999584e+03 1.014149466696574464e+00
6.764871350000000348e+03 9.944841454952922932e-01
6.764906530000000203e+03 1.003841481930874968e+00
6.764941719999999805e+03 1.010313075552680129e+00
6.764976899999999659e+03 9.972992293787376061e-01
6.765012080000000424e+03 9.966830336204123286e-01
6.765047260000000279e+03 1.002279789425942536e+00
6.765082440000000133e+03 1.001966364678696264e+00
6.765117619999999988e+03 1.015768512709550153e+00
6.765152809999999590e+03 1.006899114306242238e+00
6.765187990000000354e+03 1.010192719524393823e+00
6.765223170000000209e+03 9.925062988439199430e-01
6.765258350000000064e+03 9.954910014278531838e-01
6.765293539999999666e+03 9.998856989738944545e-01
6.765328720000000430e+03 1.001797658397118651e+00
6.765363900000000285e+03 9.945782230164057491e-01
6.765399089999999887e+03 9.948001498722570668e-01
6.765434269999999742e+03 1.006186340473671503e+00
6.765469449999999597e+03 9.988446165936304411e-01
6.765504640000000109e+03 1.002830121920639694e+00
6.765539819999999963e+03 1.002754261761442889e+00
6.765575009999999565e+03 9.871743076496367619e-01
6.765610190000000330e+03 1.013409891941575713e+00
6.765645370000000185e+03 1.003609703099197947e+00
6.765680559999999787e+03 9.915552178471084277e-01
6.765715739999999641e+03 9.985050373524310130e-01
6.765750930000000153e+03 9.927835519896773819e-01
6.765786119999999755e+03 1.006968109553467938e+00
6.765821299999999610e+03 9.926540223776643135e-01
6.765856490000000122e+03 9.956764856284866516e-01
6.765891669999999976e+03 9.805884149525805338e-01
6.765926859999999579e+03 9.852185052731641246e-01
6.765962050000000090e+03 9.936577004546873759e-01
6.765997229999999945e+03 1.005882424482664517e+00
6.766032419999999547e+03 1.007074746567129919e+00
6.766067610000000059e+03 9.851673489618145707e-01
6.766102789999999914e+03 9.872335587497848008e-01
6.766137980000000425e+03 1.005391547126238017e+00
6.766173170000000027e+03 9.974513668085024376e-01
6.766208349999999882e+03 9.923360353989416627e-01
6.766243540000000394e+03 1.004587001527684320e+00
6.766278729999999996e+03 9.843129308218018236e-01
6.766313919999999598e+03 9.975241153601318578e-01
6.766349110000000110e+03 9.991113850686893505e-01
6.766384299999999712e+03 1.003342133794876245e+00
6.766419479999999567e+03 9.994612525181622020e-01
6.766454670000000078e+03 9.956270408486244117e-01
6.766489859999999680e+03 1.012067223349657485e+00
6.766525050000000192e+03 1.008407339533298641e+00
6.766560239999999794e+03 1.002977563024850305e+00
6.766595430000000306e+03 9.877085503318239201e-01
6.766630619999999908e+03 9.939582990618883729e-01
6.766665810000000420e+03 1.004207202939542798e+00
6.766701000000000022e+03 1.001321756710416011e+00
6.766736189999999624e+03 9.964221141550627658e-01
6.766771380000000136e+03 9.910627423105501377e-01
6.766806569999999738e+03 1.001205406786291663e+00
6.766841760000000249e+03 9.914743814772770669e-01
6.766876949999999852e+03 9.788740884679830723e-01
6.766912150000000111e+03 9.971358303283718305e-01
6.766947339999999713e+03 1.015460491198051152e+00
6.766982530000000224e+03 9.972901375033655924e-01
6.767017719999999827e+03 1.001837064334962335e+00
6.767052910000000338e+03 9.973974379524683798e-01
6.767088099999999940e+03 9.773373173111106205e-01
6.767123300000000199e+03 9.868308770751745840e-01
6.767158489999999802e+03 9.891715382880840179e-01
6.767193680000000313e+03 1.014289151564598424e+00
6.767228869999999915e+03 1.010634858176602258e+00
6.767264070000000174e+03 9.891102529960263956e-01
6.767299259999999776e+03 9.908915411324745737e-01
6.767334450000000288e+03 1.000999248915011686e+00
6.767369649999999638e+03 9.881170482211643069e-01
6.767404840000000149e+03 9.967577980964964501e-01
6.767440040000000408e+03 1.004798651062807302e+00
6.767475230000000010e+03 1.004780906180563926e+00
6.767510419999999613e+03 1.003843826044511500e+00
6.767545619999999872e+03 1.002412177717243669e+00
6.767580810000000383e+03 9.950000657847681840e-01
6.767616009999999733e+03 1.001544182942895933e+00
6.767651200000000244e+03 1.001869212978140133e+00
6.767686399999999594e+03 9.958070003382034630e-01
6.767721590000000106e+03 9.880465280969384922e-01
6.767756790000000365e+03 9.856377603587229697e-01
6.767791989999999714e+03 1.006867337319178768e+00
6.767827180000000226e+03 1.010198664494366350e+00
6.767862379999999575e+03 9.858680201646480290e-01
6.767897579999999834e+03 1.001459648934513336e+00
6.767932770000000346e+03 9.875989975971241064e-01
6.767967969999999696e+03 9.873418277073930938e-01
6.768003169999999955e+03 9.855667363422221383e-01
6.768038359999999557e+03 1.005686130476340479e+00
6.768073559999999816e+03 1.007033067473615207e+00
6.768108760000000075e+03 9.954300229180836901e-01
6.768143949999999677e+03 9.929974202920528459e-01
6.768179149999999936e+03 1.000251876386641925e+00
6.768214350000000195e+03 1.003435719789862235e+00
6.768249550000000454e+03 9.952467337489655508e-01
6.768284749999999804e+03 9.997036012516372638e-01
6.768319950000000063e+03 1.006521276582076574e+00
6.768355139999999665e+03 9.984276670538971832e-01
6.768390339999999924e+03 1.007717872424225058e+00
6.768425540000000183e+03 9.939588919634315678e-01
6.768460740000000442e+03 1.002867211128343872e+00
6.768495939999999791e+03 1.003969292904357768e+00
6.768531140000000050e+03 9.960159749020547348e-01
6.768566340000000309e+03 9.908600387581526503e-01
6.768601539999999659e+03 1.012524720180682403e+00
6.768636739999999918e+03 9.956412558480819408e-01
6.768671940000000177e+03 9.879082143144661821e-01
6.768707140000000436e+03 9.902607886444376728e-01
6.768742339999999786e+03 1.004901210361591080e+00
6.768777540000000045e+03 9.939111171264020106e-01
6.768812750000000051e+03 1.004554527989233836e+00
6.768847950000000310e+03 1.005045385377517198e+00
6.768883149999999659e+03 1.004177362439431453e+00
6.768918349999999919e+03 1.023093514642340107e+00
6.768953550000000178e+03 9.821503909596078774e-01
6.768988750000000437e+03 1.003672128106130490e+00
6.769023960000000443e+03 1.000902334879464783e+00
6.769059159999999792e+03 9.921187951757064472e-01
6.769094360000000052e+03 1.002688564604142796e+00
6.769129560000000311e+03 1.004675837093897739e+00
6.769164770000000317e+03 9.939895634740151253e-01
6.769199969999999666e+03 9.960138969317487989e-01
6.769235169999999925e+03 9.929485653382685850e-01
6.769270379999999932e+03 1.005336648180719328e+00
6.769305580000000191e+03 9.981706845782181148e-01
6.769340780000000450e+03 1.000931553716564837e+00
6.769375989999999547e+03 9.963479850232317414e-01
6.769411189999999806e+03 9.902719603052265729e-01
6.769446399999999812e+03 9.929198459530509391e-01
6.769481600000000071e+03 9.950109364022871050e-01
6.769516810000000078e+03 9.878687575380662445e-01
6.769552010000000337e+03 9.925481028891410817e-01
6.769587220000000343e+03 9.910451361757245392e-01
6.769622419999999693e+03 9.884390171991787044e-01
6.769657629999999699e+03 9.948768317781766513e-01
6.769692829999999958e+03 1.008225978219807750e+00
6.769728039999999964e+03 1.008343126310345728e+00
6.769763249999999971e+03 9.923509118107654015e-01
6.769798450000000230e+03 1.008313363785098282e+00
6.769833660000000236e+03 1.003168103368403008e+00
6.769868870000000243e+03 9.785821968968979601e-01
6.769904069999999592e+03 9.978032884236094358e-01
6.769939279999999599e+03 9.931374503004742893e-01
6.769974489999999605e+03 1.019121602749634814e+00
6.770009689999999864e+03 1.011505392948698789e+00
6.770044899999999870e+03 1.009679417280962666e+00
6.770080109999999877e+03 9.935141646764297230e-01
6.770115319999999883e+03 1.009064880478758530e+00
6.770150529999999890e+03 1.002684507082583609e+00
6.770185730000000149e+03 1.000112588180179340e+00
6.770220940000000155e+03 1.002692341011818700e+00
6.770256150000000162e+03 9.901521089865812364e-01
6.770291360000000168e+03 9.823969684284400428e-01
6.770326570000000174e+03 1.019799534846131728e+00
6.770361780000000181e+03 9.992907466738696343e-01
6.770396990000000187e+03 9.865264225599693626e-01
6.770432200000000194e+03 1.011824341498835267e+00
6.770467410000000200e+03 9.966718813192733117e-01
6.770502620000000206e+03 9.918991300790235277e-01
6.770537830000000213e+03 9.915001212507731365e-01
6.770573040000000219e+03 9.965511947880152377e-01
6.770608250000000226e+03 9.985854308272076318e-01
6.770643460000000232e+03 9.943862998410465392e-01
6.770678670000000238e+03 9.928633164974894898e-01
6.770713880000000245e+03 9.902419903150134761e-01
6.770749090000000251e+03 9.983415451381760786e-01
6.770784300000000258e+03 9.840130054637524770e-01
6.770819510000000264e+03 1.007600421281327874e+00
6.770854730000000018e+03 9.996490641141259070e-01
6.770889940000000024e+03 1.008813715400623368e+00
6.770925150000000031e+03 9.925906300669904425e-01
6.770960360000000037e+03 9.795728800121348279e-01
6.770995570000000043e+03 1.008192686936496107e+00
6.771030789999999797e+03 1.020360754055134711e+00
6.771065999999999804e+03 1.013077598045164507e+00
6.771101209999999810e+03 1.011288386456383526e+00
6.771136429999999564e+03 1.003412526175664787e+00
6.771171639999999570e+03 9.983887420555697112e-01
6.771206849999999577e+03 1.005152025306177865e+00
6.771242070000000240e+03 9.945186373800986024e-01
6.771277280000000246e+03 9.983624160581279217e-01
6.771312500000000000e+03 9.929631020689178023e-01
6.771347710000000006e+03 1.004075206286395128e+00
6.771382920000000013e+03 9.817639162294299338e-01
6.771418139999999767e+03 1.004873637571538136e+00
6.771453349999999773e+03 9.884604449220937283e-01
6.771488570000000436e+03 1.001437173419542193e+00
6.771523780000000443e+03 1.011656215108731383e+00
6.771559000000000196e+03 9.991456978967763192e-01
6.771594219999999950e+03 1.008261515464673019e+00
6.771629429999999957e+03 9.934386126491558944e-01
6.771664649999999710e+03 1.011196724296479221e+00
6.771699859999999717e+03 1.005287746416474004e+00
6.771735080000000380e+03 1.000515151332337149e+00
6.771770300000000134e+03 1.003364392088021528e+00
6.771805510000000140e+03 9.918334769748384794e-01
6.771840729999999894e+03 9.993526556189475940e-01
6.771875949999999648e+03 9.892788663540570404e-01
6.771911159999999654e+03 9.949418408322198148e-01
6.771946380000000318e+03 9.882782755825256782e-01
6.771981600000000071e+03 1.003539768897747431e+00
6.772016819999999825e+03 1.009552560040466673e+00
6.772052039999999579e+03 1.002652763283369053e+00
6.772087249999999585e+03 1.006802724231260937e+00
6.772122470000000249e+03 1.018757157283650461e+00
6.772157690000000002e+03 1.017114379519560963e+00
6.772192909999999756e+03 1.006881007410707740e+00
6.772228130000000419e+03 1.013498788654211058e+00
6.772263350000000173e+03 9.959792249804710895e-01
6.772298569999999927e+03 1.010749771552857723e+00
6.772333789999999681e+03 1.017116309118962114e+00
6.772369010000000344e+03 1.004946458729701231e+00
6.772404230000000098e+03 9.973040071175163224e-01
6.772439449999999852e+03 1.008180080696548409e+00
6.772474669999999605e+03 1.005359238025869129e+00
6.772509890000000269e+03 1.012611831587382660e+00
6.772545110000000022e+03 1.021551301821176150e+00
6.772580329999999776e+03 9.956634315818114755e-01
6.772615550000000439e+03 9.974700267512216501e-01
6.772650770000000193e+03 1.000262175536751563e+00
6.772685989999999947e+03 1.003718917191331661e+00
6.772721209999999701e+03 1.005638480025671244e+00
6.772756430000000364e+03 1.000109222011001275e+00
6.772791659999999865e+03 1.006120445079697889e+00
6.772826879999999619e+03 1.015420032332842393e+00
6.772862100000000282e+03 9.925444603712242353e-01
6.772897320000000036e+03 1.004651561298232965e+00
6.772932539999999790e+03 1.003313062309442394e+00
6.772967770000000201e+03 1.012018318503944414e+00
6.773002989999999954e+03 1.004347417847626378e+00
6.773038209999999708e+03 1.002027490458249792e+00
6.773073440000000119e+03 1.008999294871085084e+00
6.773108659999999873e+03 1.005957000352164288e+00
6.773143879999999626e+03 1.002152653292238682e+00
6.773179110000000037e+03 1.009342945251785029e+00
6.773214329999999791e+03 1.010913836797762144e+00
6.773249560000000201e+03 9.994094360248124698e-01
6.773284779999999955e+03 9.927376956271996011e-01
6.773320010000000366e+03 1.013295978655216034e+00
6.773355230000000120e+03 1.020509806881433779e+00
6.773390449999999873e+03 9.984813469999398450e-01
6.773425680000000284e+03 1.010259519724935551e+00
6.773460909999999785e+03 1.018089212123354459e+00
6.773496130000000448e+03 1.008902769766641505e+00
6.773531359999999950e+03 1.015091914350543467e+00
6.773566579999999703e+03 1.007071013180717012e+00
6.773601810000000114e+03 1.006798900556968634e+00
6.773637029999999868e+03 1.011240315300073078e+00
6.773672260000000279e+03 1.006337281182854593e+00
6.773707489999999780e+03 9.981324062149308229e-01
6.773742710000000443e+03 1.006453918827607374e+00
6.773777939999999944e+03 1.014856265107892064e+00
6.773813170000000355e+03 1.005768052437069571e+00
6.773848399999999856e+03 9.998783021869388499e-01
6.773883619999999610e+03 9.969649784745883148e-01
6.773918850000000020e+03 1.000404865565428514e+00
6.773954080000000431e+03 1.006488342844152672e+00
6.773989309999999932e+03 1.009919445425006224e+00
6.774024540000000343e+03 9.952012476002509711e-01
6.774059760000000097e+03 1.007278659086642270e+00
6.774094989999999598e+03 9.946223275122966223e-01
6.774130220000000008e+03 9.892151904654821193e-01
6.774165450000000419e+03 1.005929332546736221e+00
6.774200679999999920e+03 1.015349764817844669e+00
6.774235910000000331e+03 9.995547017279164947e-01
6.774271139999999832e+03 1.021397648751658949e+00
6.774306370000000243e+03 1.000372192346194344e+00
6.774341599999999744e+03 1.012068902740252963e+00
6.774376830000000155e+03 1.013772917411598362e+00
6.774412059999999656e+03 9.999118938677709068e-01
6.774447290000000066e+03 9.997687556899850225e-01
6.774482519999999568e+03 9.975226698936719982e-01
6.774517749999999978e+03 1.002409849329964242e+00
6.774552980000000389e+03 1.015436999178401356e+00
6.774588209999999890e+03 1.023487254729533502e+00
6.774623440000000301e+03 1.012150418423889642e+00
6.774658679999999549e+03 9.933435763482474368e-01
6.774693909999999960e+03 9.955708956019621025e-01
6.774729140000000370e+03 1.002379321274081914e+00
6.774764369999999872e+03 1.003420874840843302e+00
6.774799600000000282e+03 1.017687932211839286e+00
6.774834840000000440e+03 1.007781374128412288e+00
6.774870069999999942e+03 1.005007719635082175e+00
6.774905300000000352e+03 9.978372842336117321e-01
6.774940529999999853e+03 1.009328543845839254e+00
6.774975770000000011e+03 1.022988783274002556e+00
6.775011000000000422e+03 1.013261830691931209e+00
6.775046229999999923e+03 1.014260218575951944e+00
6.775081470000000081e+03 1.026024080086728851e+00
6.775116699999999582e+03 1.024432238875776502e+00
6.775151939999999740e+03 1.012955725256129647e+00
6.775187170000000151e+03 1.021430915911287984e+00
6.775222410000000309e+03 1.001239636622928364e+00
6.775257639999999810e+03 1.001625419526774419e+00
6.775292870000000221e+03 1.008474409825570905e+00
6.775328110000000379e+03 9.951256753821841050e-01
6.775363349999999627e+03 1.000994037096986977e+00
6.775398580000000038e+03 1.023152197793303353e+00
6.775433820000000196e+03 1.021516249508126029e+00
6.775469049999999697e+03 1.002108356580011517e+00
6.775504289999999855e+03 1.009781875539506268e+00
6.775539520000000266e+03 1.008176764804627812e+00
6.775574760000000424e+03 1.020115263981867582e+00
6.775609999999999673e+03 1.004640272165306714e+00
6.775645230000000083e+03 1.010662105393604016e+00
6.775680470000000241e+03 1.029119344591155505e+00
6.775715710000000399e+03 1.012857749758454107e+00
6.775750939999999900e+03 1.033613013752493037e+00
6.775786180000000058e+03 1.002996392608565435e+00
6.775821420000000217e+03 1.020969372497708028e+00
6.775856660000000375e+03 1.020465652746408658e+00
6.775891899999999623e+03 1.000845784647605319e+00
6.775927130000000034e+03 1.001614292636112236e+00
6.775962370000000192e+03 1.005139655229409623e+00
6.775997610000000350e+03 1.008230367880429412e+00
6.776032849999999598e+03 1.003225309856965897e+00
6.776068089999999756e+03 9.960689483532525479e-01
6.776103329999999914e+03 1.008047506540027838e+00
6.776138570000000072e+03 1.000759966901189513e+00
6.776173810000000231e+03 9.903581051925206546e-01
6.776209050000000389e+03 9.921241339113741065e-01
6.776244289999999637e+03 9.981463298394962491e-01
6.776279529999999795e+03 9.923036919780749976e-01
6.776314769999999953e+03 9.979594401612866816e-01
6.776350010000000111e+03 9.996533283428011840e-01
6.776385250000000269e+03 9.893869285215679543e-01
6.776420490000000427e+03 1.011419244978294385e+00
6.776455729999999676e+03 1.005855675012787165e+00
6.776490969999999834e+03 1.009858958674782592e+00
6.776526209999999992e+03 1.019218013128029510e+00
6.776561450000000150e+03 1.013364218510935499e+00
6.776596690000000308e+03 9.922553614060573013e-01
6.776631940000000213e+03 9.928206278181244127e-01
6.776667180000000371e+03 1.005549103420979140e+00
6.776702419999999620e+03 1.015152128306429757e+00
6.776737659999999778e+03 1.020014808271473061e+00
6.776772899999999936e+03 1.019975307051106617e+00
6.776808149999999841e+03 9.986413432801907186e-01
6.776843389999999999e+03 1.007919347860366743e+00
6.776878630000000157e+03 1.004529257659587671e+00
6.776913880000000063e+03 1.008408307567937090e+00
6.776949120000000221e+03 1.005406133712551719e+00
6.776984360000000379e+03 9.966850182099491473e-01
6.777019610000000284e+03 9.978893628994282006e-01
6.777054850000000442e+03 1.012278978444939970e+00
6.777090100000000348e+03 1.010080882199189123e+00
6.777125339999999596e+03 1.014325086747945637e+00
6.777160579999999754e+03 1.005937631714648450e+00
6.777195829999999660e+03 1.001831788530606504e+00
6.777231069999999818e+03 9.948331685585815043e-01
6.777266319999999723e+03 9.906437944707715548e-01
6.777301559999999881e+03 1.005250445475240895e+00
6.777336809999999787e+03 9.990599595398481636e-01
6.777372059999999692e+03 9.902990891213468982e-01
6.777407299999999850e+03 9.930300550773615287e-01
6.777442549999999756e+03 1.016512998407596902e+00
6.777477789999999914e+03 9.984285475804630661e-01
6.777513039999999819e+03 9.965115525762506810e-01
6.777548289999999724e+03 9.993951253537355361e-01
6.777583529999999882e+03 9.951710515846496907e-01
6.777618779999999788e+03 1.003092407957504317e+00
6.777654029999999693e+03 9.995974931598901048e-01
6.777689269999999851e+03 9.968078470238833644e-01
6.777724519999999757e+03 1.011496251067319108e+00
6.777759769999999662e+03 1.013224480336608169e+00
6.777795019999999568e+03 1.003130397065473911e+00
6.777830270000000382e+03 1.000879748621045451e+00
6.777865509999999631e+03 9.959340578993521875e-01
6.777900760000000446e+03 9.978236227377219603e-01
6.777936010000000351e+03 9.929623899894084449e-01
6.777971260000000257e+03 1.003253981968296404e+00
6.778006510000000162e+03 1.000701026732887744e+00
6.778041760000000068e+03 9.887228418962291654e-01
6.778077009999999973e+03 9.939558089826430187e-01
6.778112259999999878e+03 9.885618391779845693e-01
6.778147509999999784e+03 9.828156614761576204e-01
6.778182759999999689e+03 1.002076850847708700e+00
6.778218009999999595e+03 1.004546472636475452e+00
6.778253260000000409e+03 1.000393455582286428e+00
6.778288510000000315e+03 1.010543154897281193e+00
6.778323760000000220e+03 1.002300707927794576e+00
6.778359010000000126e+03 9.988074775740912736e-01
6.778394260000000031e+03 9.867806549908334501e-01
6.778429509999999937e+03 9.999944620587961630e-01
6.778464759999999842e+03 9.917829267921791647e-01
6.778500009999999747e+03 1.000076536336814481e+00
6.778535270000000310e+03 1.002928962479291419e+00
6.778570520000000215e+03 9.954470051014033816e-01
6.778605770000000120e+03 9.968977325762469199e-01
6.778641020000000026e+03 1.009221160067060863e+00
6.778676269999999931e+03 1.008579046809698010e+00
6.778711529999999584e+03 9.750201957956420307e-01
6.778746780000000399e+03 1.004480465451224269e+00
6.778782030000000304e+03 1.020587321560552985e+00
6.778817289999999957e+03 1.013433339971002489e+00
6.778852539999999863e+03 9.970784284985121371e-01
6.778887789999999768e+03 1.007430034501400451e+00
6.778923050000000330e+03 1.016262598548496321e+00
6.778958300000000236e+03 1.007370990238789066e+00
6.778993550000000141e+03 1.002009933719397283e+00
6.779028809999999794e+03 1.000856293812892872e+00
6.779064059999999699e+03 9.967263868940906546e-01
6.779099320000000262e+03 1.007987413701591839e+00
6.779134570000000167e+03 1.009436615598136688e+00
6.779169829999999820e+03 9.891871101734958094e-01
6.779205079999999725e+03 9.986246208960692927e-01
6.779240340000000288e+03 9.999725698228074666e-01
6.779275590000000193e+03 9.897068784414077003e-01
6.779310849999999846e+03 9.948953619215901156e-01
6.779346110000000408e+03 9.953891113558509529e-01
6.779381360000000313e+03 9.980717244975488844e-01
6.779416619999999966e+03 9.956786356051794407e-01
6.779451869999999872e+03 1.011645279258515107e+00
6.779487130000000434e+03 9.895244998171680573e-01
6.779522390000000087e+03 9.958153964093782173e-01
6.779557639999999992e+03 9.950120927970815821e-01
6.779592899999999645e+03 1.002587975825640187e+00
6.779628160000000207e+03 9.899600820185584515e-01
6.779663419999999860e+03 9.993940923241116936e-01
6.779698669999999765e+03 1.009122776174387948e+00
6.779733930000000328e+03 9.927048623466175892e-01
6.779769189999999981e+03 9.966791673393685658e-01
6.779804449999999633e+03 9.846326353938971154e-01
6.779839710000000196e+03 1.002674052825281548e+00
6.779874969999999848e+03 9.877387969751487695e-01
6.779910230000000411e+03 9.873093834802295632e-01
6.779945480000000316e+03 9.865397267799198566e-01
6.779980739999999969e+03 9.957913555172449582e-01
6.780015999999999622e+03 1.002279092999485144e+00
6.780051260000000184e+03 1.008743829991793461e+00
6.780086519999999837e+03 9.884074975737200397e-01
6.780121780000000399e+03 9.928449532112726406e-01
6.780157040000000052e+03 9.893635275195370449e-01
6.780192299999999705e+03 1.003668915016437735e+00
6.780227560000000267e+03 1.009615970404851737e+00
6.780262819999999920e+03 9.994151562454183235e-01
6.780298090000000229e+03 1.000144848284328258e+00
6.780333349999999882e+03 1.005799046503600191e+00
6.780368610000000444e+03 1.004513323894578702e+00
6.780403870000000097e+03 1.000287369299339479e+00
6.780439129999999750e+03 9.929886968162603411e-01
6.780474390000000312e+03 9.948090799487533387e-01
6.780509649999999965e+03 9.916209466090738500e-01
6.780544920000000275e+03 1.003657328491677436e+00
6.780580179999999928e+03 9.906381410412208322e-01
6.780615439999999580e+03 1.012859883166360442e+00
6.780650700000000143e+03 9.995716412201821610e-01
6.780685970000000452e+03 9.998887693803572008e-01
6.780721230000000105e+03 9.959092779837608322e-01
6.780756489999999758e+03 1.000352281169314184e+00
6.780791760000000068e+03 9.963401404604786959e-01
6.780827019999999720e+03 9.905214430085252930e-01
6.780862280000000283e+03 9.975367228830175348e-01
6.780897549999999683e+03 9.976453463169369096e-01
6.780932810000000245e+03 9.792290184764433914e-01
6.780968079999999645e+03 1.005216332577630878e+00
6.781003340000000208e+03 1.001036833353190936e+00
6.781038609999999608e+03 1.007356146347093251e+00
6.781073870000000170e+03 1.005499776936105594e+00
6.781109139999999570e+03 9.874888839154635223e-01
6.781144400000000132e+03 9.890241599317037835e-01
6.781179670000000442e+03 9.879620677545368768e-01
6.781214930000000095e+03 9.877149514120469043e-01
6.781250200000000405e+03 9.979818472006558583e-01
6.781285460000000057e+03 9.932620042254386439e-01
6.781320730000000367e+03 9.968736754935791922e-01
6.781355999999999767e+03 9.980210205302422199e-01
6.781391260000000329e+03 9.956478253244118726e-01
6.781426529999999730e+03 9.946379204138273700e-01
6.781461800000000039e+03 9.919606808113722307e-01
6.781497059999999692e+03 1.006307009051675694e+00
6.781532330000000002e+03 1.000635581788683615e+00
6.781567600000000311e+03 9.960273085760010803e-01
6.781602869999999712e+03 9.967476160001549346e-01
6.781638130000000274e+03 1.011171222769476019e+00
6.781673399999999674e+03 9.967131586271417154e-01
6.781708669999999984e+03 9.769002929659458268e-01
6.781743940000000293e+03 9.875225893728218907e-01
6.781779209999999694e+03 1.008874696003509541e+00
6.781814480000000003e+03 9.978434701251689409e-01
6.781849750000000313e+03 1.000664699283453363e+00
6.781885009999999966e+03 1.003792605433380558e+00
6.781920280000000275e+03 9.992570848225463820e-01
6.781955549999999675e+03 9.990624556760475672e-01
6.781990819999999985e+03 9.962543656360953737e-01
6.782026090000000295e+03 9.895747808745714025e-01
6.782061359999999695e+03 9.907390085424603310e-01
6.782096630000000005e+03 9.988754555009213831e-01
6.782131900000000314e+03 1.000606878458634386e+00
6.782167169999999714e+03 1.002090995009332630e+00
6.782202449999999772e+03 9.956582479273804465e-01
6.782237720000000081e+03 9.939181555794546208e-01
6.782272990000000391e+03 1.002301084024470157e+00
6.782308259999999791e+03 1.002207409182456432e+00
6.782343530000000101e+03 9.954434525828287361e-01
6.782378800000000410e+03 1.009495953597875362e+00
6.782414069999999811e+03 1.011078439710503929e+00
6.782449349999999868e+03 1.007260232585330595e+00
6.782484620000000177e+03 1.018106797278283349e+00
6.782519889999999577e+03 1.005749330271484165e+00
6.782555159999999887e+03 1.001639348691129916e+00
6.782590439999999944e+03 9.945638922381179192e-01
6.782625710000000254e+03 9.968094438880183983e-01
6.782660979999999654e+03 9.940812089565098653e-01
6.782696259999999711e+03 9.951915951486330902e-01
6.782731530000000021e+03 1.025424258700840863e+00
6.782766800000000330e+03 9.983095395603230893e-01
6.782802080000000387e+03 9.967620045335752188e-01
6.782837349999999788e+03 1.003445267008647113e+00
6.782872620000000097e+03 1.013534706861333845e+00
6.782907900000000154e+03 1.004538867155389426e+00
6.782943169999999554e+03 1.000772713864413799e+00
6.782978449999999611e+03 1.000372212324908361e+00
6.783013719999999921e+03 1.008376269467796238e+00
6.783048999999999978e+03 9.999720146013741928e-01
6.783084270000000288e+03 1.013553797343302643e+00
6.783119550000000345e+03 9.969835723297268970e-01
6.783154830000000402e+03 9.970779152604282158e-01
6.783190099999999802e+03 1.012429343721370278e+00
6.783225379999999859e+03 1.006770617297471526e+00
6.783260650000000169e+03 1.007843318007006994e+00
6.783295930000000226e+03 1.017500939429084816e+00
6.783331210000000283e+03 1.059533926153857664e+00
6.783366479999999683e+03 9.901399209600308948e-01
6.783401759999999740e+03 1.046643505256803053e+00
6.783437039999999797e+03 1.050210014338897047e+00
6.783472319999999854e+03 1.050717703260207969e+00
6.783507590000000164e+03 1.053223980356618128e+00
6.783542870000000221e+03 1.063727969323731593e+00
6.783578150000000278e+03 1.053788013291176551e+00
6.783613430000000335e+03 1.045124444243837658e+00
6.783648710000000392e+03 1.057289089270081472e+00
6.783683979999999792e+03 1.054805575715509924e+00
6.783719259999999849e+03 1.052461411366185873e+00
6.783754539999999906e+03 1.049199794955945730e+00
6.783789819999999963e+03 1.000044228803109947e+00
6.783825100000000020e+03 1.000349914232356197e+00
6.783860380000000077e+03 1.014446790559776268e+00
6.783895660000000134e+03 1.015791364416223752e+00
6.783930940000000192e+03 9.912885607778659791e-01
6.783966220000000249e+03 9.864624594745292629e-01
6.784001500000000306e+03 9.993452643489993958e-01
6.784036780000000363e+03 9.978566411435858541e-01
6.784072060000000420e+03 1.011397886668307988e+00
6.784107339999999567e+03 1.007095046261863525e+00
6.784142619999999624e+03 9.936349841687321938e-01
6.784177899999999681e+03 9.906531043030361028e-01
6.784213179999999738e+03 9.906803745140605466e-01
6.784248459999999795e+03 9.959355485383952766e-01
6.784283749999999600e+03 9.984171956357782429e-01
6.784319029999999657e+03 1.003359635585950205e+00
6.784354309999999714e+03 1.006111925201769841e+00
6.784389589999999771e+03 9.977643045744025718e-01
6.784424869999999828e+03 9.881560479812874220e-01
6.784460159999999632e+03 9.940034694794847026e-01
6.784495439999999689e+03 9.925524917282418924e-01
6.784530719999999747e+03 1.005489243350071282e+00
6.784566009999999551e+03 9.972993921478993107e-01
6.784601289999999608e+03 1.015840930546239473e+00
6.784636569999999665e+03 1.013619252359879264e+00
6.784671860000000379e+03 1.005080480362417816e+00
6.784707140000000436e+03 9.807870462732518613e-01
6.784742419999999584e+03 9.935192092776818917e-01
6.784777710000000297e+03 9.925254704933348382e-01
6.784812990000000354e+03 1.000015193169496053e+00
6.784848280000000159e+03 1.007874445883446990e+00
6.784883560000000216e+03 1.010872727596151988e+00
6.784918850000000020e+03 1.003478692984487664e+00
6.784954130000000077e+03 1.002198768430280662e+00
6.784989419999999882e+03 1.003553789776970406e+00
6.785024699999999939e+03 1.002885270076515400e+00
6.785059989999999743e+03 1.011123040395127015e+00
6.785095269999999800e+03 1.000257393874526057e+00
6.785130559999999605e+03 1.000581148043350854e+00
6.785165850000000319e+03 9.944073953001928423e-01
6.785201130000000376e+03 1.002908880617686904e+00
6.785236420000000180e+03 9.947569452895059783e-01
6.785271709999999985e+03 1.008714012302082352e+00
6.785306990000000042e+03 1.003982736307050816e+00
6.785342279999999846e+03 1.003984939002823262e+00
6.785377569999999650e+03 1.007304515876803919e+00
6.785412849999999708e+03 9.988255041200515549e-01
6.785448140000000421e+03 1.007675841971937380e+00
6.785483430000000226e+03 1.016566129355684689e+00
6.785518720000000030e+03 1.003379762725226554e+00
6.785554009999999835e+03 1.025645251640352917e+00
6.785589289999999892e+03 9.995956228676486921e-01
6.785624579999999696e+03 9.956100129032985357e-01
6.785659870000000410e+03 1.025325140412954417e+00
6.785695160000000214e+03 1.006094652523751964e+00
6.785730450000000019e+03 9.979971149727956403e-01
6.785765739999999823e+03 1.006298802584845831e+00
6.785801029999999628e+03 1.012900352291588257e+00
6.785836320000000342e+03 1.002297919438002172e+00
6.785871610000000146e+03 9.924637242157997585e-01
6.785906899999999951e+03 9.904906766520191752e-01
6.785942189999999755e+03 9.967602607198494669e-01
6.785977479999999559e+03 1.001971340810293709e+00
6.786012770000000273e+03 9.981813355558302181e-01
6.786048060000000078e+03 1.004853639047001090e+00
6.786083349999999882e+03 1.009218816564600107e+00
6.786118639999999687e+03 9.966521232044991407e-01
6.786153930000000400e+03 9.966806892552394492e-01
6.786189229999999952e+03 1.014050044424050556e+00
6.786224519999999757e+03 1.009291069031998500e+00
6.786259809999999561e+03 9.948898767302124524e-01
6.786295100000000275e+03 9.973553136604809133e-01
6.786330390000000079e+03 9.931323166253590573e-01
6.786365689999999631e+03 9.924405025830210780e-01
6.786400980000000345e+03 9.996553546236143228e-01
6.786436270000000150e+03 9.997657026502477784e-01
6.786471559999999954e+03 1.007510852405319124e+00
6.786506860000000415e+03 1.005735607320585423e+00
6.786542150000000220e+03 9.962667707592341992e-01
6.786577440000000024e+03 1.001304882768140558e+00
6.786612739999999576e+03 1.010214652747594810e+00
6.786648030000000290e+03 1.003599443780607281e+00
6.786683329999999842e+03 1.000133668779119356e+00
6.786718619999999646e+03 9.935985020654775068e-01
6.786753920000000107e+03 1.000153188250481273e+00
6.786789209999999912e+03 1.008261667071782108e+00
6.786824499999999716e+03 1.001956021017076148e+00
6.786859800000000178e+03 1.003133858142950752e+00
6.786895089999999982e+03 1.009633449043627618e+00
6.786930390000000443e+03 9.980675417814561801e-01
6.786965689999999995e+03 9.911649054171278728e-01
6.787000979999999799e+03 9.948541119060315685e-01
6.787036280000000261e+03 1.013150516528318557e+00
6.787071570000000065e+03 1.008199242963070619e+00
6.787106869999999617e+03 1.007511886272705270e+00
6.787142170000000078e+03 1.006847056203573398e+00
6.787177459999999883e+03 1.006718995769707803e+00
6.787212760000000344e+03 1.007988544722108415e+00
6.787248059999999896e+03 1.000313609356072053e+00
6.787283349999999700e+03 1.009537653278819613e+00
6.787318650000000162e+03 1.013919171713345335e+00
6.787353949999999713e+03 9.960923002812732685e-01
6.787389250000000175e+03 1.001402816338013313e+00
6.787424539999999979e+03 1.008665013867869886e+00
6.787459840000000440e+03 1.003679555212024122e+00
6.787495139999999992e+03 9.972380848582450552e-01
6.787530440000000453e+03 1.007755787340477438e+00
6.787565740000000005e+03 9.961263385287618677e-01
6.787601039999999557e+03 1.009085453718064906e+00
6.787636340000000018e+03 9.973226180398103713e-01
6.787671639999999570e+03 1.002788643773651955e+00
6.787706930000000284e+03 1.011851807579843499e+00
6.787742229999999836e+03 1.009854136940403713e+00
6.787777530000000297e+03 1.004564205116055264e+00
6.787812829999999849e+03 1.007381911674556374e+00
6.787848130000000310e+03 1.007149791209314582e+00
6.787883429999999862e+03 1.004012529998353997e+00
6.787918740000000071e+03 9.956953945194234601e-01
6.787954039999999623e+03 1.005606815835670131e+00
6.787989340000000084e+03 1.004818046410665522e+00
6.788024639999999636e+03 1.006211129770239188e+00
6.788059940000000097e+03 1.006899141505758877e+00
6.788095239999999649e+03 1.006079701088772094e+00
6.788130540000000110e+03 1.003481664831114673e+00
6.788165839999999662e+03 1.002863241030638619e+00
6.788201149999999870e+03 1.001176348876682054e+00
6.788236450000000332e+03 1.011904901995965611e+00
6.788271749999999884e+03 1.021229349478262938e+00
6.788307050000000345e+03 1.021900654034005873e+00
6.788342359999999644e+03 1.016701745623726172e+00
6.788377660000000105e+03 1.008749853271363905e+00
6.788412959999999657e+03 1.005241638897911516e+00
6.788448260000000118e+03 1.002725675633762359e+00
6.788483570000000327e+03 1.008264726107334974e+00
6.788518869999999879e+03 1.001708571349050558e+00
6.788554180000000088e+03 1.003374380209784089e+00
6.788589479999999639e+03 1.009274258813734226e+00
6.788624780000000101e+03 1.010072937058742015e+00
6.788660090000000309e+03 1.002234778889292910e+00
6.788695389999999861e+03 9.987521458843847677e-01
6.788730700000000070e+03 9.964805973647269388e-01
6.788765999999999622e+03 1.007959779366426778e+00
6.788801309999999830e+03 1.004625493854978568e+00
6.788836610000000292e+03 1.003447992294776769e+00
6.788871919999999591e+03 1.010534335171232589e+00
6.788907220000000052e+03 1.006293212590507746e+00
6.788942530000000261e+03 9.950513368509728007e-01
6.788977839999999560e+03 1.012698865770987888e+00
6.789013140000000021e+03 1.007239863682755754e+00
6.789048450000000230e+03 1.004467600297134444e+00
6.789083760000000439e+03 1.004514243834389253e+00
6.789119059999999990e+03 1.002473383230237047e+00
6.789154370000000199e+03 1.005839309490328626e+00
6.789189680000000408e+03 1.014611090464954346e+00
6.789224979999999960e+03 1.013496137016663079e+00
6.789260290000000168e+03 9.957124669452650512e-01
6.789295600000000377e+03 1.021171696337871415e+00
6.789330909999999676e+03 1.006581104466610421e+00
6.789366210000000137e+03 9.993619477114810135e-01
6.789401520000000346e+03 1.001235719848840855e+00
6.789436829999999645e+03 9.969723492582414082e-01
6.789472139999999854e+03 1.003125545068073832e+00
6.789507450000000063e+03 1.019462868050615478e+00
6.789542760000000271e+03 1.014966874818479914e+00
6.789578069999999570e+03 1.009675925853858569e+00
6.789613379999999779e+03 9.978360323975380419e-01
6.789648689999999988e+03 1.007831479863319890e+00
6.789684000000000196e+03 1.018550626283031058e+00
6.789719299999999748e+03 1.008104304966427778e+00
6.789754609999999957e+03 1.001505355274863396e+00
6.789789929999999913e+03 1.011391725420090371e+00
6.789825240000000122e+03 1.018500982265601928e+00
6.789860550000000330e+03 1.008722883073248422e+00
6.789895859999999630e+03 1.009227100075043015e+00
6.789931169999999838e+03 1.006956074434003590e+00
6.789966480000000047e+03 1.000367817875463583e+00
6.790001790000000256e+03 9.984015737471886309e-01
6.790037099999999555e+03 1.000521115582233778e+00
6.790072409999999763e+03 1.000378154322399737e+00
6.790107729999999719e+03 1.006115404238650202e+00
6.790143039999999928e+03 1.013473773725870331e+00
6.790178350000000137e+03 1.018022774944078668e+00
6.790213660000000345e+03 1.006203399101416762e+00
6.790248980000000302e+03 1.003819265013038198e+00
6.790284289999999601e+03 9.983863300883436542e-01
6.790319599999999809e+03 1.003778114174251002e+00
6.790354910000000018e+03 1.014166174360012107e+00
6.790390229999999974e+03 1.001992062802264272e+00
6.790425540000000183e+03 9.980313981072166385e-01
6.790460850000000391e+03 1.015213888766067996e+00
6.790496170000000347e+03 1.009989199709525165e+00
6.790531479999999647e+03 1.002627394764786350e+00
6.790566799999999603e+03 1.014507352447574506e+00
6.790602109999999811e+03 1.010130808867741647e+00
6.790637429999999767e+03 1.002146067051220557e+00
6.790672739999999976e+03 1.017829893916580186e+00
6.790708059999999932e+03 1.011726213891110282e+00
6.790743370000000141e+03 1.003003781215695556e+00
6.790778690000000097e+03 1.000414080045649134e+00
6.790814000000000306e+03 9.968371838966584297e-01
6.790849320000000262e+03 1.001815784182683133e+00
6.790884629999999561e+03 1.007334321018622747e+00
6.790919950000000426e+03 1.010692858004050176e+00
6.790955270000000382e+03 1.002500702356488693e+00
6.790990579999999682e+03 9.883371518985445414e-01
6.791025899999999638e+03 1.019023616099223650e+00
6.791061219999999594e+03 1.016129211775237629e+00
6.791096529999999802e+03 1.012064430670545079e+00
6.791131849999999758e+03 1.006817978361385313e+00
6.791167169999999714e+03 1.004816808062076960e+00
6.791202489999999671e+03 1.003838453671030750e+00
6.791237799999999879e+03 1.003515322273745403e+00
6.791273119999999835e+03 1.005971198813508050e+00
6.791308439999999791e+03 1.006194518696140072e+00
6.791343759999999747e+03 1.007319571560165716e+00
6.791379079999999703e+03 1.013817123275857046e+00
6.791414399999999659e+03 9.999009876664073371e-01
6.791449709999999868e+03 9.957715482729443401e-01
6.791485029999999824e+03 1.002861548161695593e+00
6.791520349999999780e+03 1.011190722900396244e+00
6.791555669999999736e+03 1.008778762064859169e+00
6.791590989999999692e+03 1.014353987774032406e+00
6.791626309999999648e+03 1.008598760448264242e+00
6.791661629999999604e+03 1.018190247076617538e+00
6.791696949999999561e+03 1.048363068106310303e+00
6.791732270000000426e+03 9.886334127268250338e-01
6.791767590000000382e+03 9.907068597613988281e-01
6.791802910000000338e+03 1.015641744871957020e+00
6.791838230000000294e+03 1.016785678553551397e+00
6.791873550000000250e+03 9.952206332795708876e-01
6.791908879999999954e+03 9.970147677970024880e-01
6.791944199999999910e+03 9.891989676711142598e-01
6.791979519999999866e+03 1.012404597837495146e+00
6.792014839999999822e+03 1.017651060018122555e+00
6.792050159999999778e+03 1.002074470801932016e+00
6.792085490000000391e+03 1.009569499157540129e+00
6.792120810000000347e+03 1.022510489433944070e+00
6.792156130000000303e+03 1.010084953246037864e+00
6.792191450000000259e+03 1.003611197648099473e+00
6.792226779999999962e+03 9.975570957078623291e-01
6.792262099999999919e+03 1.019571854337832928e+00
6.792297419999999875e+03 1.010584404832913785e+00
6.792332749999999578e+03 1.010303905500483213e+00
6.792368070000000444e+03 1.006155768188355726e+00
6.792403390000000400e+03 1.004965604877817054e+00
6.792438720000000103e+03 1.001312120545374773e+00
6.792474040000000059e+03 9.876433980344792030e-01
6.792509369999999763e+03 1.008177888151072343e+00
6.792544689999999719e+03 1.010204674661614899e+00
6.792580020000000331e+03 1.017697741825178692e+00
6.792615340000000288e+03 1.017685670516419671e+00
6.792650669999999991e+03 1.007923601230935606e+00
6.792685989999999947e+03 9.963011098942544663e-01
6.792721319999999650e+03 9.944987425781510737e-01
6.792756639999999607e+03 1.005614386365153656e+00
6.792791970000000219e+03 1.010222751854545020e+00
6.792827290000000175e+03 9.830991471031872431e-01
6.792862619999999879e+03 1.000304331861924245e+00
6.792897949999999582e+03 1.004685182852805392e+00
6.792933270000000448e+03 1.009117914313881315e+00
6.792968600000000151e+03 9.938327220085184655e-01
6.793003929999999855e+03 9.971156657809259194e-01
6.793039249999999811e+03 1.006560932945628206e+00
6.793074580000000424e+03 9.944058740705001842e-01
6.793109910000000127e+03 1.016867786652753347e+00
6.793145239999999831e+03 9.885495288522992974e-01
6.793180559999999787e+03 9.962385093372223555e-01
6.793215890000000400e+03 9.978983803382661666e-01
6.793251220000000103e+03 1.001614283553252660e+00
6.793286549999999806e+03 9.958034108785797089e-01
6.793321880000000419e+03 1.004152197886859721e+00
6.793357210000000123e+03 1.020144255614910511e+00
6.793392539999999826e+03 1.009772409891319001e+00
6.793427859999999782e+03 1.019484579587608408e+00
6.793463190000000395e+03 9.853569408375708605e-01
6.793498520000000099e+03 9.830202290155393152e-01
6.793533849999999802e+03 1.000857208706196433e+00
6.793569180000000415e+03 1.006753052282166383e+00
6.793604510000000118e+03 9.984761636209695812e-01
6.793639839999999822e+03 9.947623463975083791e-01
6.793675170000000435e+03 1.006063215765179653e+00
6.793710500000000138e+03 1.017347071429067995e+00
6.793745839999999589e+03 9.951130460984354276e-01
6.793781170000000202e+03 1.004904070211707356e+00
6.793816499999999905e+03 1.009715911468815674e+00
6.793851829999999609e+03 1.013354912886107018e+00
6.793887160000000222e+03 9.994010238273169922e-01
6.793922489999999925e+03 9.937068080866441333e-01
6.793957819999999629e+03 1.002670266082930528e+00
6.793993159999999989e+03 9.974180992134377144e-01
6.794028489999999692e+03 9.906501457211979167e-01
6.794063820000000305e+03 1.004862961206971050e+00
6.794099150000000009e+03 1.021960282357722960e+00
6.794134490000000369e+03 1.019921099406561282e+00
6.794169820000000072e+03 1.015175810971166825e+00
6.794205149999999776e+03 1.021218286380682239e+00
6.794240490000000136e+03 1.017796261312006401e+00
6.794275819999999840e+03 1.006369272703795170e+00
6.794311150000000453e+03 1.014633831138101350e+00
6.794346489999999903e+03 1.024546891007152905e+00
6.794381819999999607e+03 1.013413909866698326e+00
6.794417159999999967e+03 1.014189693786606616e+00
6.794452489999999671e+03 9.991843281626312523e-01
6.794487820000000283e+03 9.965968493440694465e-01
6.794523159999999734e+03 9.969683553285740851e-01
6.794558490000000347e+03 1.001277270302392441e+00
6.794593829999999798e+03 1.016149663779066570e+00
6.794629170000000158e+03 1.017535750394383820e+00
6.794664499999999862e+03 1.003438729097323456e+00
6.794699840000000222e+03 1.005289598315191935e+00
6.794735169999999925e+03 1.016153190174998500e+00
6.794770510000000286e+03 1.003460064025090581e+00
6.794805849999999737e+03 1.001221611906525144e+00
6.794841180000000350e+03 1.000379946450110857e+00
6.794876519999999800e+03 1.001896351183508393e+00
6.794911860000000161e+03 1.009169670789696438e+00
6.794947189999999864e+03 9.977042107638227630e-01
6.794982530000000224e+03 1.011873778831468007e+00
6.795017869999999675e+03 1.017752884208163788e+00
6.795053200000000288e+03 1.012148592722964535e+00
6.795088539999999739e+03 1.009297192136048960e+00
6.795123880000000099e+03 9.924960316535775817e-01
6.795159219999999550e+03 9.967812093585268762e-01
6.795194559999999910e+03 1.015194962506971610e+00
6.795229900000000271e+03 1.011441954954986899e+00
6.795265229999999974e+03 1.011420398200874482e+00
6.795300570000000334e+03 9.939008790268347715e-01
6.795335909999999785e+03 9.987043309619946241e-01
6.795371250000000146e+03 1.004549752332958956e+00
6.795406589999999596e+03 1.003139412041530010e+00
6.795441929999999957e+03 1.011468743132611259e+00
6.795477270000000317e+03 1.004736757850562379e+00
6.795512609999999768e+03 9.857985933460343686e-01
6.795547950000000128e+03 9.921425965412562498e-01
6.795583289999999579e+03 1.007574388468186699e+00
6.795618629999999939e+03 1.015074926513283682e+00
6.795653970000000299e+03 1.012177482008013385e+00
6.795689309999999750e+03 1.004261194732868567e+00
6.795724650000000111e+03 9.866503364393139908e-01
6.795760000000000218e+03 9.898248937424500848e-01
6.795795339999999669e+03 1.001441016905761039e+00
6.795830680000000029e+03 9.920310543707040463e-01
6.795866020000000390e+03 9.801314668701236466e-01
6.795901359999999841e+03 9.908897123777099525e-01
6.795936700000000201e+03 9.856404656843389400e-01
6.795972050000000309e+03 9.992780300231198787e-01
6.796007389999999759e+03 9.969364419889683582e-01
6.796042730000000120e+03 1.003855375015302087e+00
6.796078080000000227e+03 1.002847583412561416e+00
6.796113419999999678e+03 1.016034219917049120e+00
6.796148760000000038e+03 1.012548454309509127e+00
6.796184110000000146e+03 1.009062729155579152e+00
6.796219449999999597e+03 1.005571313092741725e+00
6.796254789999999957e+03 1.002085655514858953e+00
6.796290140000000065e+03 1.002148821851786220e+00
6.796325480000000425e+03 1.011078448329228996e+00
6.796360829999999623e+03 1.005852989288964494e+00
6.796396169999999984e+03 1.012527824354628514e+00
6.796431510000000344e+03 1.024789679123580877e+00
6.796466860000000452e+03 1.016753965492315004e+00
6.796502209999999650e+03 1.006897855296415845e+00
6.796537550000000010e+03 1.016532970181420747e+00
6.796572900000000118e+03 9.991664226778511626e-01
6.796608239999999569e+03 9.997057161889038035e-01
6.796643589999999676e+03 1.013537549403294324e+00
6.796678930000000037e+03 1.012674736653674801e+00
6.796714280000000144e+03 1.004833612075714422e+00
6.796749630000000252e+03 1.010508590285678521e+00
6.796784969999999703e+03 1.010189911205949809e+00
6.796820319999999811e+03 9.941277943245039328e-01
6.796855669999999918e+03 1.006501453959530723e+00
6.796891010000000279e+03 1.017043532903313174e+00
6.796926360000000386e+03 1.005830412119357087e+00
6.796961709999999584e+03 1.007767971322414802e+00
6.796997059999999692e+03 1.007409846568963596e+00
6.797032400000000052e+03 1.007687342032016931e+00
6.797067750000000160e+03 1.004810225029962867e+00
6.797103100000000268e+03 1.001234622540659647e+00
6.797138450000000375e+03 1.006236045992247918e+00
6.797173799999999574e+03 1.007201091455207198e+00
6.797209149999999681e+03 1.004232648443194265e+00
6.797244499999999789e+03 1.017571580021636501e+00
6.797279840000000149e+03 1.007589104262092139e+00
6.797315190000000257e+03 1.004220055365839803e+00
6.797350540000000365e+03 1.013889465750973162e+00
6.797385889999999563e+03 1.003345664649447411e+00
6.797421239999999671e+03 9.938724798022489093e-01
6.797456589999999778e+03 1.012321110097518684e+00
6.797491939999999886e+03 1.006243816629772247e+00
6.797527289999999994e+03 9.927447857182850610e-01
6.797562649999999849e+03 1.014785237785072791e+00
6.797597999999999956e+03 1.008215540620448936e+00
6.797633350000000064e+03 1.006599487086291989e+00
6.797668700000000172e+03 1.006249154039192018e+00
6.797704050000000279e+03 1.009329427045527749e+00
6.797739400000000387e+03 1.004706908576422864e+00
6.797774749999999585e+03 9.958862889211326230e-01
6.797810110000000350e+03 1.012265755465201700e+00
6.797845459999999548e+03 1.005289429754556707e+00
6.797880809999999656e+03 1.015226361004984978e+00
6.797916159999999763e+03 1.004395393560216565e+00
6.797951509999999871e+03 1.008719713184352829e+00
6.797986869999999726e+03 1.006663514359779743e+00
6.798022219999999834e+03 1.000855571416542134e+00
6.798057569999999942e+03 1.002528327190209900e+00
6.798092929999999797e+03 1.010479272753620705e+00
6.798128279999999904e+03 1.019232557272678363e+00
6.798163630000000012e+03 1.005600010918632936e+00
6.798198989999999867e+03 9.934278469622750407e-01
6.798234339999999975e+03 9.919848743455204065e-01
6.798269699999999830e+03 9.947295917761074246e-01
6.798305049999999937e+03 9.954751912843080586e-01
6.798340409999999792e+03 9.965818531938002156e-01
6.798375759999999900e+03 1.008802802283320199e+00
6.798411119999999755e+03 1.018704060057730842e+00
6.798446469999999863e+03 1.008851688275896885e+00
6.798481829999999718e+03 1.006470020298987578e+00
6.798517179999999826e+03 1.004672767720631299e+00
6.798552539999999681e+03 1.014890273128258968e+00
6.798587889999999788e+03 1.007965366231812876e+00
6.798623249999999643e+03 1.005326125121432490e+00
6.798658610000000408e+03 1.009757474398730759e+00
6.798693959999999606e+03 1.010092216301296864e+00
6.798729320000000371e+03 1.011498607115166370e+00
6.798764680000000226e+03 1.023786702135871085e+00
6.798800030000000334e+03 1.030385252334415913e+00
6.798835390000000189e+03 1.004080427038456902e+00
6.798870750000000044e+03 9.902957675866704834e-01
6.798906109999999899e+03 1.014888466951269219e+00
6.798941460000000006e+03 1.022725667916726700e+00
6.798976819999999861e+03 1.017124518052199722e+00
6.799012179999999717e+03 1.008130536621395734e+00
6.799047539999999572e+03 1.000276783139960379e+00
6.799082900000000336e+03 9.975694209885168640e-01
6.799118260000000191e+03 9.952345951506781363e-01
6.799153620000000046e+03 1.001347899228976157e+00
6.799188970000000154e+03 1.007467299609776212e+00
6.799224330000000009e+03 1.011844653857097986e+00
6.799259689999999864e+03 1.016560484542722742e+00
6.799295049999999719e+03 1.004470683800502195e+00
6.799330409999999574e+03 1.009330090247049672e+00
6.799365770000000339e+03 1.015920931586178133e+00
6.799401130000000194e+03 1.004277800125442877e+00
6.799436490000000049e+03 1.005864661571199026e+00
6.799471849999999904e+03 1.004126841102592094e+00
6.799507220000000416e+03 1.015585636328128594e+00
6.799542580000000271e+03 1.006384102724088514e+00
6.799577940000000126e+03 9.885427806154537533e-01
6.799613299999999981e+03 1.012723942073830763e+00
6.799648659999999836e+03 1.021340757045000602e+00
6.799684019999999691e+03 1.009937405838655433e+00
6.799719379999999546e+03 1.014959921247583052e+00
6.799754750000000058e+03 1.020963226793187628e+00
6.799790109999999913e+03 1.010688972270315400e+00
6.799825469999999768e+03 9.977309313525033474e-01
6.799860829999999623e+03 1.014244934573606427e+00
6.799896200000000135e+03 1.021774504851194587e+00
6.799931559999999990e+03 1.026029879419066093e+00
6.799966919999999845e+03 1.007009179495089279e+00
6.800002290000000357e+03 1.011802386238302986e+00
6.800037650000000212e+03 1.026074551848768834e+00
6.800073010000000068e+03 1.018250908699685375e+00
6.800108379999999670e+03 1.022045187121412679e+00
6.800143740000000435e+03 1.006357449154948736e+00
6.800179100000000290e+03 1.013258967059112781e+00
6.800214469999999892e+03 1.034389169866322566e+00
6.800249829999999747e+03 1.022444285606298076e+00
6.800285200000000259e+03 1.017082645985009748e+00
6.800320560000000114e+03 1.014966554203969640e+00
6.800355929999999717e+03 1.012241888769890075e+00
6.800391289999999572e+03 1.015068714554449469e+00
6.800426660000000084e+03 1.015096051583201264e+00
6.800462029999999686e+03 1.012134481192488167e+00
6.800497390000000451e+03 1.018126057051845113e+00
6.800532760000000053e+03 1.024186102307503177e+00
6.800568119999999908e+03 1.009096844006697857e+00
6.800603490000000420e+03 9.986586770953138625e-01
6.800638860000000022e+03 1.005875818518757292e+00
6.800674219999999877e+03 1.012180530003804257e+00
6.800709590000000389e+03 1.008951027679660051e+00
6.800744959999999992e+03 1.006340453430853543e+00
6.800780329999999594e+03 1.008266848117407744e+00
6.800815690000000359e+03 1.014128010324993889e+00
6.800851059999999961e+03 1.020556673558981720e+00
6.800886429999999564e+03 1.010555173805064211e+00
6.800921800000000076e+03 1.005658622091602172e+00
6.800957169999999678e+03 1.018941164930607934e+00
6.800992530000000443e+03 1.020021247561870847e+00
6.801027900000000045e+03 1.015128787114113917e+00
6.801063269999999648e+03 1.015324310289241749e+00
6.801098640000000159e+03 1.018009104115549235e+00
6.801134009999999762e+03 1.028748006413265248e+00
6.801169380000000274e+03 1.011025540157483249e+00
6.801204749999999876e+03 1.019342433718766427e+00
6.801240120000000388e+03 1.016798753957974810e+00
6.801275489999999991e+03 1.016233782844714328e+00
6.801310859999999593e+03 1.017073838023615062e+00
6.801346230000000105e+03 1.013897446364224297e+00
6.801381599999999708e+03 1.007152078210665325e+00
6.801416970000000219e+03 1.006045663662407774e+00
6.801452339999999822e+03 1.013481156738243127e+00
6.801487710000000334e+03 1.015706890312581878e+00
6.801523079999999936e+03 1.007622647917538972e+00
6.801558460000000196e+03 1.006892747247511544e+00
6.801593829999999798e+03 1.000849846619950689e+00
6.801629200000000310e+03 9.912036088768044761e-01
6.801664569999999912e+03 1.000638088484835375e+00
6.801699940000000424e+03 1.015481932160932521e+00
6.801735319999999774e+03 1.007388856137341859e+00
6.801770690000000286e+03 9.927208163614102965e-01
6.801806059999999889e+03 9.976438435423082840e-01
6.801841430000000400e+03 9.971736517319458315e-01
6.801876809999999750e+03 1.007585676176551148e+00
6.801912180000000262e+03 1.001974216282807362e+00
6.801947549999999865e+03 9.914860764457842368e-01
6.801982930000000124e+03 9.992976175262731076e-01
6.802018299999999726e+03 1.005347358232849375e+00
6.802053670000000238e+03 1.004432236600543815e+00
6.802089049999999588e+03 1.005598963012755531e+00
6.802124420000000100e+03 1.008537712901367067e+00
6.802159800000000359e+03 1.007437421491091722e+00
6.802195169999999962e+03 9.921735329520311453e-01
6.802230550000000221e+03 1.002854748919934202e+00
6.802265919999999824e+03 1.006628764115433894e+00
6.802301300000000083e+03 1.004057955686489034e+00
6.802336669999999685e+03 1.005106156906525605e+00
6.802372049999999945e+03 1.003004724753678190e+00
6.802407430000000204e+03 1.008474249058224581e+00
6.802442799999999806e+03 1.012170711126143541e+00
6.802478180000000066e+03 1.008312526004269349e+00
6.802513549999999668e+03 1.022515563109092085e+00
6.802548929999999928e+03 1.004592620032026540e+00
6.802584310000000187e+03 9.995344247063273624e-01
6.802619679999999789e+03 1.013660744350529219e+00
6.802655060000000049e+03 1.018695603951456086e+00
6.802690440000000308e+03 1.013733324088377685e+00
6.802725819999999658e+03 1.010766496831133177e+00
6.802761190000000170e+03 1.007162672406708870e+00
6.802796570000000429e+03 1.002703958097831194e+00
6.802831949999999779e+03 1.002201857783603600e+00
6.802867330000000038e+03 1.002502093866647126e+00
6.802902710000000297e+03 1.020601644907406680e+00
6.802938089999999647e+03 1.014867853060070324e+00
6.802973460000000159e+03 1.014076696669883537e+00
6.803008840000000419e+03 1.015068339948437481e+00
6.803044219999999768e+03 1.015950454890432120e+00
6.803079600000000028e+03 1.003569637758120692e+00
6.803114980000000287e+03 1.000718285752816072e+00
6.803150359999999637e+03 1.019728561356806118e+00
6.803185739999999896e+03 1.028606415674012231e+00
6.803221120000000155e+03 1.020478445828013392e+00
6.803256500000000415e+03 1.015681295247915505e+00
6.803291879999999765e+03 1.013836330930703911e+00
6.803327260000000024e+03 1.010064716873809498e+00
6.803362640000000283e+03 1.006716993799329884e+00
6.803398019999999633e+03 1.004245995097144739e+00
6.803433409999999640e+03 1.004680870464146780e+00
6.803468789999999899e+03 1.002432566573864481e+00
6.803504170000000158e+03 1.007996505884398930e+00
6.803539550000000418e+03 1.020815986725909008e+00
6.803574929999999767e+03 1.007205788418477965e+00
6.803610310000000027e+03 1.008262578797674447e+00
6.803645700000000033e+03 1.010493658106632830e+00
6.803681080000000293e+03 9.920579826813881175e-01
6.803716459999999643e+03 9.950104853667501859e-01
6.803751839999999902e+03 9.962946464160371551e-01
6.803787229999999909e+03 1.010924381231767866e+00
6.803822610000000168e+03 1.014945896976373163e+00
6.803857990000000427e+03 1.011391484064237956e+00
6.803893380000000434e+03 1.024842913435550340e+00
6.803928759999999784e+03 1.003496857795922681e+00
6.803964149999999790e+03 1.020252384190762029e+00
6.803999530000000050e+03 9.968846152859487386e-01
6.804034910000000309e+03 1.011277735462599914e+00
6.804070300000000316e+03 1.018760331318705470e+00
6.804105679999999666e+03 1.015329120030585841e+00
6.804141069999999672e+03 1.007584895822878357e+00
6.804176449999999932e+03 1.006085080136593479e+00
6.804211839999999938e+03 1.007586956019059565e+00
6.804247220000000198e+03 1.005406048623617155e+00
6.804282610000000204e+03 1.009348094717755995e+00
6.804317989999999554e+03 1.002213642629855572e+00
6.804353379999999561e+03 1.005846633598350026e+00
6.804388769999999568e+03 1.000150642015747549e+00
6.804424149999999827e+03 9.951596443738691677e-01
6.804459539999999834e+03 9.905356835369730772e-01
6.804494929999999840e+03 1.003376927047132217e+00
6.804530310000000100e+03 1.011321765648026449e+00
6.804565700000000106e+03 1.007614399818285600e+00
6.804601090000000113e+03 1.009312359539822790e+00
6.804636480000000120e+03 1.004065619089603789e+00
6.804671860000000379e+03 1.016166436450391730e+00
6.804707250000000386e+03 1.011475521995052862e+00
6.804742640000000392e+03 1.003281641694168558e+00
6.804778030000000399e+03 1.003961449005995821e+00
6.804813420000000406e+03 9.966503354932587655e-01
6.804848799999999756e+03 1.023758679670107252e+00
6.804884189999999762e+03 1.025663171033936782e+00
6.804919579999999769e+03 1.004472776553247293e+00
6.804954969999999776e+03 1.017979637117977676e+00
6.804990359999999782e+03 1.008936116364936186e+00
6.805025749999999789e+03 9.893572505288413810e-01
6.805061139999999796e+03 1.017216757566245855e+00
6.805096529999999802e+03 1.019728842461064433e+00
6.805131919999999809e+03 1.005863212225999170e+00
6.805167309999999816e+03 9.985049464914121931e-01
6.805202699999999822e+03 1.005383939782159564e+00
6.805238089999999829e+03 1.005499370876215215e+00
6.805273479999999836e+03 1.002273500560526776e+00
6.805308869999999843e+03 1.003779738214117589e+00
6.805344259999999849e+03 1.002471165450316448e+00
6.805379649999999856e+03 1.014842159604408600e+00
6.805415049999999610e+03 1.010827664036399787e+00
6.805450439999999617e+03 1.011018408738690200e+00
6.805485829999999623e+03 9.928747775531634456e-01
6.805521219999999630e+03 1.000897727414924221e+00
6.805556609999999637e+03 1.011643198800688870e+00
6.805592010000000300e+03 1.014431560945535216e+00
6.805627400000000307e+03 1.016830997265355307e+00
6.805662790000000314e+03 1.014082732860922542e+00
6.805698180000000320e+03 1.014492015502943323e+00
6.805733580000000075e+03 1.026912124186040831e+00
6.805768970000000081e+03 1.000092301237344161e+00
6.805804360000000088e+03 1.011128482343724988e+00
6.805839759999999842e+03 1.019087442421038103e+00
6.805875149999999849e+03 1.021253107018807782e+00
6.805910549999999603e+03 1.019067041659803774e+00
6.805945939999999609e+03 1.010333804659065082e+00
6.805981340000000273e+03 9.953055507136724378e-01
6.806016730000000280e+03 9.975924993295998133e-01
6.806052120000000286e+03 1.010040114313875970e+00
6.806087520000000040e+03 9.969749042820066354e-01
6.806122910000000047e+03 9.990849301944708660e-01
6.806158309999999801e+03 1.021777503510653551e+00
6.806193709999999555e+03 1.014985408358384245e+00
6.806229099999999562e+03 1.015254434170853370e+00
6.806264500000000226e+03 1.008228890490947549e+00
6.806299890000000232e+03 1.014472445600969053e+00
6.806335289999999986e+03 1.007030382132110713e+00
6.806370689999999740e+03 9.990458544750124847e-01
6.806406079999999747e+03 1.013721201083315870e+00
6.806441480000000411e+03 1.017266687695744132e+00
6.806476880000000165e+03 1.006950989956642895e+00
6.806512270000000171e+03 9.977391851267136680e-01
6.806547669999999925e+03 1.010721928490209365e+00
6.806583069999999680e+03 1.006031843495234890e+00
6.806618470000000343e+03 1.004554222444244749e+00
6.806653860000000350e+03 1.003231184976103307e+00
6.806689260000000104e+03 1.012555567003596613e+00
6.806724659999999858e+03 1.012598633703561291e+00
6.806760059999999612e+03 1.000435119228026526e+00
6.806795460000000276e+03 1.003696208463195960e+00
6.806830860000000030e+03 1.012660394593478674e+00
6.806866259999999784e+03 1.004806976908281246e+00
6.806901660000000447e+03 1.002845491488925544e+00
6.806937050000000454e+03 9.917417659993623680e-01
6.806972450000000208e+03 1.007917128940396756e+00
6.807007849999999962e+03 1.012984266121458088e+00
6.807043249999999716e+03 1.004864191480253854e+00
6.807078650000000380e+03 1.000058541409176494e+00
6.807114050000000134e+03 9.979614599567281363e-01
6.807149459999999635e+03 9.994640233427651843e-01
6.807184860000000299e+03 1.000481095623706462e+00
6.807220260000000053e+03 9.933629687520599827e-01
6.807255659999999807e+03 1.021311088635569186e+00
6.807291059999999561e+03 9.947412240080411028e-01
6.807326460000000225e+03 9.962503515844999269e-01
6.807361859999999979e+03 1.013057721104253073e+00
6.807397259999999733e+03 1.013327173920989477e+00
6.807432670000000144e+03 1.013842428038119747e+00
6.807468069999999898e+03 1.004304474043922424e+00
6.807503469999999652e+03 1.000227813045484915e+00
6.807538870000000315e+03 1.013492872423323865e+00
6.807574279999999817e+03 1.008274205650351751e+00
6.807609679999999571e+03 1.004266825002671615e+00
6.807645080000000235e+03 1.020107468309244592e+00
6.807680489999999736e+03 1.001416260846406114e+00
6.807715890000000400e+03 1.016274357707630305e+00
6.807751290000000154e+03 1.004089435482098613e+00
6.807786699999999655e+03 9.996722816535216216e-01
6.807822100000000319e+03 1.008025283559871088e+00
6.807857500000000073e+03 1.013813965770003378e+00
6.807892909999999574e+03 1.014737029132691815e+00
6.807928310000000238e+03 1.016442616837967439e+00
6.807963719999999739e+03 1.019284730167997477e+00
6.807999120000000403e+03 1.010683171265815306e+00
6.808034529999999904e+03 1.008877438195217469e+00
6.808069929999999658e+03 1.011954234027512278e+00
6.808105340000000069e+03 1.006243179960531364e+00
6.808140739999999823e+03 1.008189703678711746e+00
6.808176150000000234e+03 1.020459939304295682e+00
6.808211559999999736e+03 1.006561679351716920e+00
6.808246960000000399e+03 9.992360214138137353e-01
6.808282369999999901e+03 1.010809772627514702e+00
6.808317780000000312e+03 1.006362285866818640e+00
6.808353180000000066e+03 1.005289184273294945e+00
6.808388589999999567e+03 9.988031967845276693e-01
6.808423999999999978e+03 1.007640685335005504e+00
6.808459399999999732e+03 1.010665493591485609e+00
6.808494810000000143e+03 9.991658923575673645e-01
6.808530219999999645e+03 1.011352740570462538e+00
6.808565630000000056e+03 1.013405485194755151e+00
6.808601039999999557e+03 1.004171547989421764e+00
6.808636440000000221e+03 1.011863596459785741e+00
6.808671849999999722e+03 1.011363191189843524e+00
6.808707260000000133e+03 9.936630258146441630e-01
6.808742669999999634e+03 1.008825607040436889e+00
6.808778080000000045e+03 1.013432759866560895e+00
6.808813489999999547e+03 9.862856540697731988e-01
6.808848899999999958e+03 1.012359543133878992e+00
6.808884310000000369e+03 1.025389608412097253e+00
6.808919719999999870e+03 1.024691830133682036e+00
6.808955130000000281e+03 1.013788691071727088e+00
6.808990539999999783e+03 1.016840055212235638e+00
6.809025950000000194e+03 1.018332766051967209e+00
6.809061359999999695e+03 1.020892176178998856e+00
6.809096770000000106e+03 1.031372177086932629e+00
6.809132179999999607e+03 1.006606351526442955e+00
6.809167590000000018e+03 1.004005791987821139e+00
6.809203000000000429e+03 1.014175935764224379e+00
6.809238409999999931e+03 1.003574237201577901e+00
6.809273820000000342e+03 1.015911281185237547e+00
6.809309239999999591e+03 1.007483212538673234e+00
6.809344650000000001e+03 9.938572240175608252e-01
6.809380060000000412e+03 9.961959282180755659e-01
6.809415469999999914e+03 1.014583500197210775e+00
6.809450880000000325e+03 1.019699048485018578e+00
6.809486299999999574e+03 1.000607071466000031e+00
6.809521709999999985e+03 9.955442656586748207e-01
6.809557120000000396e+03 1.001280434595624325e+00
6.809592539999999644e+03 1.016970266090793551e+00
6.809627950000000055e+03 1.001866401017041941e+00
6.809663359999999557e+03 1.000835335402601833e+00
6.809698779999999715e+03 1.005821620935431371e+00
6.809734190000000126e+03 1.001595486478370711e+00
6.809769599999999627e+03 1.002331353301263883e+00
6.809805019999999786e+03 1.008131365068554830e+00
6.809840430000000197e+03 1.006077207580313049e+00
6.809875850000000355e+03 1.006446532726251508e+00
6.809911259999999857e+03 1.017565217240407272e+00
6.809946680000000015e+03 1.016096986161352911e+00
6.809982090000000426e+03 1.002721816179525272e+00
6.810017509999999675e+03 1.014225845556380623e+00
6.810052920000000086e+03 1.014706666501954402e+00
6.810088340000000244e+03 1.013670332275348196e+00
6.810123760000000402e+03 1.012017871230576960e+00
6.810159169999999904e+03 1.010290993015838801e+00
6.810194590000000062e+03 1.008757637889508674e+00
6.810230010000000220e+03 1.009378895277459609e+00
6.810265419999999722e+03 1.008494707768162080e+00
6.810300839999999880e+03 1.003528649611355350e+00
6.810336260000000038e+03 1.005191866314624205e+00
6.810371670000000449e+03 9.933741637025241822e-01
6.810407089999999698e+03 1.005746536331097785e+00
6.810442509999999857e+03 1.009682230466943276e+00
6.810477930000000015e+03 1.009946856676972260e+00
6.810513340000000426e+03 1.011134268177545037e+00
6.810548759999999675e+03 1.002735874441552877e+00
6.810584179999999833e+03 9.988338762348039079e-01
6.810619599999999991e+03 1.000350796407961651e+00
6.810655020000000150e+03 1.003912716378826397e+00
6.810690440000000308e+03 1.007696090650682219e+00
6.810725859999999557e+03 9.900847804818254660e-01
6.810761279999999715e+03 1.003228044410776398e+00
6.810796699999999873e+03 1.023074924348984505e+00
6.810832120000000032e+03 1.008278187252610314e+00
6.810867530000000443e+03 1.006572700536274123e+00
6.810902949999999691e+03 1.014151577722079534e+00
6.810938379999999597e+03 1.010326221954592318e+00
6.810973799999999756e+03 1.003971988748174393e+00
6.811009219999999914e+03 1.006793025560683175e+00
6.811044640000000072e+03 1.011145299686518229e+00
6.811080060000000231e+03 1.013070758281044315e+00
6.811115480000000389e+03 1.012569763181133231e+00
6.811150899999999638e+03 9.994445015868657078e-01
6.811186319999999796e+03 1.005223679232653877e+00
6.811221739999999954e+03 1.004955286753742794e+00
6.811257169999999860e+03 1.004390423618929384e+00
6.811292590000000018e+03 1.008117678411708074e+00
6.811328010000000177e+03 1.014087003292811984e+00
6.811363430000000335e+03 9.989423784299138465e-01
6.811398849999999584e+03 9.971410642695820448e-01
6.811434280000000399e+03 1.009773699586568263e+00
6.811469699999999648e+03 1.005324619158201482e+00
6.811505119999999806e+03 1.001296733907064196e+00
6.811540549999999712e+03 1.000620713764948544e+00
6.811575969999999870e+03 1.012878762842097435e+00
6.811611390000000029e+03 9.934124828107504523e-01
6.811646819999999934e+03 1.014539087478659729e+00
6.811682240000000093e+03 9.885140829870440182e-01
6.811717669999999998e+03 9.775622092037998812e-01
6.811753090000000157e+03 9.812314820524197234e-01
6.811788520000000062e+03 9.876246731560225367e-01
6.811823940000000221e+03 9.939143138620905038e-01
6.811859370000000126e+03 9.889238193150889922e-01
6.811894790000000285e+03 9.856966275478927786e-01
6.811930220000000190e+03 9.988198898076467991e-01
6.811965640000000349e+03 9.950172664633026853e-01
6.812001070000000254e+03 1.009064393487528521e+00
6.812036490000000413e+03 1.000700498539637495e+00
6.812071920000000318e+03 1.014215900311566720e+00
6.812107350000000224e+03 1.024533995347912674e+00
6.812142770000000382e+03 1.001251886793823820e+00
6.812178200000000288e+03 9.909105597596202797e-01
6.812213630000000194e+03 1.005956201812674200e+00
6.812249050000000352e+03 1.009370170641375353e+00
6.812284480000000258e+03 9.975285505724724722e-01
6.812319910000000164e+03 9.968612012534177058e-01
6.812355340000000069e+03 1.003916466984326350e+00
6.812390760000000228e+03 9.973950166020871810e-01
6.812426190000000133e+03 9.925615549654006609e-01
6.812461620000000039e+03 1.011438014495114501e+00
6.812497049999999945e+03 9.909461981453139279e-01
6.812532479999999850e+03 1.002652117045878422e+00
6.812567900000000009e+03 1.008898675007414480e+00
6.812603329999999914e+03 1.008238456921576542e+00
6.812638759999999820e+03 1.002388107955212826e+00
6.812674189999999726e+03 9.988171403749670496e-01
6.812709619999999632e+03 1.007594310219091183e+00
6.812745050000000447e+03 1.004406293225250435e+00
6.812780480000000352e+03 9.940421723267077736e-01
6.812815910000000258e+03 1.002804578307679106e+00
6.812851340000000164e+03 1.001699012963581437e+00
6.812886770000000070e+03 1.015345105988031182e+00
6.812922199999999975e+03 1.013633879243538205e+00
6.812957629999999881e+03 1.016323688305889039e+00
6.812993059999999787e+03 1.007138742534115394e+00
6.813028489999999692e+03 1.003848023178750104e+00
6.813063930000000255e+03 1.021736525622778391e+00
6.813099360000000161e+03 1.017085581975311515e+00
6.813134790000000066e+03 9.923445225183787910e-01
6.813170219999999972e+03 1.002323151579899152e+00
6.813205649999999878e+03 1.009118329631128130e+00
6.813241090000000440e+03 1.007010187252659339e+00
6.813276520000000346e+03 9.953018815460301649e-01
6.813311950000000252e+03 1.006259390324145908e+00
6.813347380000000157e+03 9.907072692268394931e-01
6.813382819999999811e+03 9.954023355229060233e-01
6.813418249999999716e+03 9.977833219207514759e-01
6.813453679999999622e+03 9.856976214828097049e-01
6.813489120000000185e+03 9.869747800290280537e-01
6.813524550000000090e+03 1.000172463825263369e+00
6.813559979999999996e+03 1.002614376766042481e+00
6.813595419999999649e+03 9.968032735797651700e-01
6.813630849999999555e+03 9.946582617722953268e-01
6.813666290000000117e+03 1.019527207491497833e+00
6.813701720000000023e+03 1.008086980330521909e+00
6.813737159999999676e+03 9.858655782501704046e-01
6.813772589999999582e+03 9.818028833636063268e-01
6.813808030000000144e+03 1.006220536030351997e+00
6.813843460000000050e+03 1.005262388235423243e+00
6.813878899999999703e+03 9.941076736047299578e-01
6.813914329999999609e+03 9.987387098098245986e-01
6.813949770000000171e+03 1.006762299305193453e+00
6.813985200000000077e+03 1.009557736081402313e+00
6.814020639999999730e+03 1.003212079573690740e+00
6.814056080000000293e+03 9.861151276248233399e-01
6.814091510000000198e+03 9.898329904335328999e-01
6.814126949999999852e+03 1.007412048028600848e+00
6.814162390000000414e+03 1.013644141761376627e+00
6.814197820000000320e+03 1.012987068477315233e+00
6.814233259999999973e+03 1.006830408722425352e+00
6.814268699999999626e+03 9.988206627172301344e-01
6.814304140000000189e+03 1.001875986600029744e+00
6.814339570000000094e+03 1.009809328147175611e+00
6.814375009999999747e+03 1.004009172719038778e+00
6.814410450000000310e+03 9.984767648827613806e-01
6.814445889999999963e+03 1.008131784126180319e+00
6.814481329999999616e+03 1.003333266272703916e+00
6.814516770000000179e+03 9.922073951744019293e-01
6.814552209999999832e+03 1.000278112012428888e+00
6.814587650000000394e+03 9.993392092045738639e-01
6.814623080000000300e+03 1.000709473598694776e+00
6.814658519999999953e+03 9.826074045860005990e-01
6.814693959999999606e+03 9.956221423533818671e-01
6.814729400000000169e+03 1.018755051382933541e+00
6.814764839999999822e+03 1.014595379610973902e+00
6.814800280000000384e+03 1.006200606178210055e+00
6.814835729999999785e+03 1.009869132142650505e+00
6.814871170000000347e+03 1.007794096734018208e+00
6.814906610000000001e+03 1.004591626985775310e+00
6.814942049999999654e+03 1.003908283736836493e+00
6.814977490000000216e+03 1.003061627539242773e+00
6.815012929999999869e+03 1.019701150569406023e+00
6.815048370000000432e+03 1.003572311971334230e+00
6.815083810000000085e+03 1.000222267590372693e+00
6.815119260000000395e+03 9.998169113335451108e-01
6.815154700000000048e+03 1.006196266575864806e+00
6.815190139999999701e+03 1.004381036128548121e+00
6.815225580000000264e+03 9.950059430502710134e-01
6.815261029999999664e+03 1.008320671766817167e+00
6.815296470000000227e+03 1.022130749378512560e+00
6.815331909999999880e+03 9.999502640400584896e-01
6.815367350000000442e+03 9.960813149586992266e-01
6.815402799999999843e+03 1.009232025730410598e+00
6.815438240000000405e+03 1.000668165506738871e+00
6.815473689999999806e+03 1.000183669812940934e+00
6.815509130000000368e+03 9.925914825198580704e-01
6.815544570000000022e+03 1.011773838214029997e+00
6.815580020000000331e+03 1.017046474202322859e+00
6.815615459999999985e+03 1.017361556893507490e+00
6.815650910000000295e+03 1.010000597560556823e+00
6.815686349999999948e+03 1.001925265141556665e+00
6.815721800000000258e+03 1.011833616937922731e+00
6.815757239999999911e+03 1.015887412638858622e+00
6.815792690000000221e+03 1.007139551264702781e+00
6.815828129999999874e+03 1.011326398164414497e+00
6.815863580000000184e+03 1.006307923644909952e+00
6.815899029999999584e+03 1.012134500230179368e+00
6.815934470000000147e+03 1.010995713250146144e+00
6.815969919999999547e+03 1.012852765689702395e+00
6.816005360000000110e+03 1.020039070321662189e+00
6.816040810000000420e+03 1.002581682122042350e+00
6.816076259999999820e+03 1.007233789157004233e+00
6.816111710000000130e+03 1.017176198595281855e+00
6.816147149999999783e+03 1.003170742655669523e+00
6.816182600000000093e+03 1.004021442172671641e+00
6.816218050000000403e+03 1.014773051602516185e+00
6.816253499999999804e+03 1.007383050474563779e+00
6.816288940000000366e+03 1.004130747181989358e+00
6.816324389999999767e+03 9.825816351009284411e-01
6.816359840000000077e+03 9.888545033618977298e-01
6.816395290000000386e+03 9.956943818842991512e-01
6.816430739999999787e+03 1.006627778221077740e+00
6.816466190000000097e+03 1.014499595087445138e+00
6.816501640000000407e+03 1.007923224507990101e+00
6.816537089999999807e+03 1.002725387959157111e+00
6.816572540000000117e+03 1.008566540098105646e+00
6.816607979999999770e+03 1.017166859976458060e+00
6.816643430000000080e+03 1.020563931161553750e+00
6.816678880000000390e+03 1.011817094328888889e+00
6.816714340000000448e+03 9.991555331546327912e-01
6.816749789999999848e+03 1.005615892249184684e+00
6.816785240000000158e+03 1.010655284922896913e+00
6.816820689999999558e+03 1.002300580830090437e+00
6.816856139999999868e+03 1.000209402249134127e+00
6.816891590000000178e+03 1.006506244867249489e+00
6.816927039999999579e+03 1.010058565916420958e+00
6.816962489999999889e+03 1.013638133585012202e+00
6.816997940000000199e+03 1.004652275884889923e+00
6.817033400000000256e+03 9.983404433026316083e-01
6.817068849999999657e+03 1.010777340185974982e+00
6.817104299999999967e+03 1.012023299189730441e+00
6.817139750000000276e+03 9.973296819936859903e-01
6.817175210000000334e+03 1.003009392557904667e+00
6.817210659999999734e+03 1.007637077290889582e+00
6.817246110000000044e+03 1.000182015404299962e+00
6.817281560000000354e+03 1.023045939693690842e+00
6.817317020000000412e+03 1.008164666272269416e+00
6.817352469999999812e+03 1.007141534892209922e+00
6.817387929999999869e+03 1.020902112259804317e+00
6.817423380000000179e+03 1.012077981304028151e+00
6.817458829999999580e+03 1.006501675433632670e+00
6.817494289999999637e+03 1.007876328654452092e+00
6.817529739999999947e+03 9.996964833150151497e-01
6.817565200000000004e+03 9.963319780389011671e-01
6.817600650000000314e+03 9.970556552208370560e-01
6.817636110000000372e+03 9.999533469235286631e-01
6.817671559999999772e+03 1.005218046136310273e+00
6.817707019999999829e+03 1.011390034438989227e+00
6.817742470000000139e+03 1.003777305360520344e+00
6.817777930000000197e+03 1.016608172658892473e+00
6.817813379999999597e+03 1.014126966278370734e+00
6.817848839999999655e+03 9.974761207177191835e-01
6.817884299999999712e+03 1.004385521285717786e+00
6.817919750000000022e+03 1.007233266933972970e+00
6.817955210000000079e+03 9.952194459352430300e-01
6.817990670000000136e+03 9.992289126822728740e-01
6.818026120000000446e+03 1.006183855925314674e+00
6.818061579999999594e+03 1.001582768031939352e+00
6.818097039999999652e+03 1.012282072539971489e+00
6.818132499999999709e+03 1.006406922545737048e+00
6.818167950000000019e+03 1.010494609489086537e+00
6.818203410000000076e+03 1.004010061263729936e+00
6.818238870000000134e+03 1.001878945144006217e+00
6.818274330000000191e+03 1.008653485560767393e+00
6.818309790000000248e+03 1.009568209518521442e+00
6.818345250000000306e+03 1.003636128804084260e+00
6.818380710000000363e+03 1.003918541361885630e+00
6.818416159999999763e+03 1.000527531688995220e+00
6.818451619999999821e+03 1.003696492869561752e+00
6.818487079999999878e+03 1.003362345435360181e+00
6.818522539999999935e+03 9.914727404749894557e-01
6.818557999999999993e+03 1.013228521760662471e+00
6.818593460000000050e+03 1.010240398708915688e+00
6.818628920000000107e+03 9.994380209042909025e-01
6.818664380000000165e+03 9.971633846706324800e-01
6.818699840000000222e+03 9.995741816260410584e-01
6.818735310000000027e+03 1.009398516850550598e+00
6.818770770000000084e+03 1.003041246294643418e+00
6.818806230000000141e+03 1.006911308787676873e+00
6.818841690000000199e+03 1.004596870237090211e+00
6.818877150000000256e+03 1.004170283017499887e+00
6.818912610000000313e+03 1.001411481158206884e+00
6.818948070000000371e+03 9.923849660415640095e-01
6.818983540000000175e+03 9.984091980124023546e-01
6.819019000000000233e+03 1.004641325928166129e+00
6.819054460000000290e+03 1.000676284107696379e+00
6.819089920000000347e+03 1.007494756636921895e+00
6.819125390000000152e+03 1.002722554209617867e+00
6.819160850000000210e+03 1.028053107239077946e+00
6.819196310000000267e+03 9.984654979593718949e-01
6.819231780000000072e+03 1.008015317108091002e+00
6.819267240000000129e+03 1.008590189415341953e+00
6.819302700000000186e+03 1.005213473809864144e+00
6.819338169999999991e+03 9.994048145307963260e-01
6.819373630000000048e+03 9.982029049272387322e-01
6.819409099999999853e+03 1.003255579399791708e+00
6.819444559999999910e+03 1.005065425669264378e+00
6.819480019999999968e+03 1.009955795737286444e+00
6.819515489999999772e+03 1.015036782693947037e+00
6.819550949999999830e+03 1.007976663591421351e+00
6.819586419999999634e+03 9.977275847901873052e-01
6.819621879999999692e+03 1.019036665428972199e+00
6.819657350000000406e+03 1.010230063029841086e+00
6.819692820000000211e+03 9.943737360534701253e-01
6.819728280000000268e+03 1.009474036113264139e+00
6.819763750000000073e+03 1.019656157259681395e+00
6.819799210000000130e+03 1.009013505127455579e+00
6.819834679999999935e+03 1.009828708797263275e+00
6.819870149999999740e+03 1.021113841556129831e+00
6.819905609999999797e+03 1.026888901072227522e+00
6.819941079999999602e+03 1.028705929035163003e+00
6.819976550000000316e+03 1.018898692970297670e+00
